10
1000 6
0 2 2 1 0 0 0 0 2 0 2 2 2 2 0 0 2 0 2 2 2 0 1 0 2 0 0 2 0 0 2 0 1 0 2 2 0 2 0 2 2 1 0 0 0 2 2 0 0 2 2 2 2 0 0 0 0 2 2 2 2 0 2 2 2 2 2 2 2 0 2 0 2 0 2 0 0 2 0 2 1 0 1 0 2 0 2 0 0 2 0 2 0 0 2 0 0 1 0 0 2 2 0 2 1 1 0 0 0 0 2 0 2 2 0 0 2 1 0 2 1 0 2 0 0 0 1 2 2 2 0 0 0 1 2 0 2 1 0 1 0 0 0 2 2 2 2 2 1 2 2 2 0 0 2 0 0 2 0 2 2 0 0 2 2 0 2 0 2 0 0 0 2 2 0 2 2 2 0 0 2 0 0 0 2 0 0 0 0 2 1 0 0 2 0 0 0 0 2 2 1 0 0 1 2 1 2 2 1 2 2 2 0 2 2 0 1 0 0 2 0 0 0 2 0 0 0 2 2 2 2 0 2 2 0 2 0 2 2 2 2 0 0 2 2 0 0 2 0 2 2 0 1 0 0 0 2 2 2 0 0 0 2 0 0 2 2 2 2 0 2 1 2 0 2 0 0 2 2 0 2 0 0 0 2 0 1 1 1 0 2 0 0 1 2 2 0 2 2 2 0 2 0 0 2 2 1 0 0 2 0 0 0 0 2 2 2 2 0 1 0 2 0 2 0 2 2 2 2 0 2 1 0 2 2 0 0 0 0 0 1 2 0 1 2 0 0 0 2 2 0 2 0 2 2 0 0 2 0 0 1 2 0 2 0 2 1 0 1 2 2 0 0 2 0 2 0 1 0 2 0 2 2 0 0 2 0 2 2 2 2 0 0 2 2 0 2 0 0 1 2 0 0 2 2 1 0 0 0 1 0 2 0 2 0 0 2 2 0 0 0 2 2 0 2 2 2 0 2 2 2 2 2 0 2 0 0 0 0 2 2 0 2 0 1 2 2 2 0 0 0 1 2 2 0 0 0 0 2 0 2 1 1 0 0 0 2 2 2 2 0 0 0 0 2 1 2 2 1 2 2 0 2 0 2 2 2 2 2 1 2 2 1 2 0 0 2 0 0 0 2 0 2 0 0 2 0 1 0 2 0 1 0 0 2 0 0 1 0 2 2 2 2 0 2 2 0 2 1 1 2 2 0 2 0 2 2 2 0 2 2 2 2 2 0 2 0 1 2 2 2 0 0 2 2 2 0 2 2 2 2 2 0 2 0 1 0 1 0 0 0 2 2 1 2 0 2 0 2 0 2 2 2 2 0 0 2 0 0 0 2 0 1 0 0 2 0 2 1 2 2 2 0 1 2 2 2 2 0 2 2 0 0 2 2 2 2 2 2 0 2 0 2 0 2 2 0 2 0 2 2 2 0 2 2 2 0 2 2 2 2 0 0 0 2 2 0 0 0 2 2 2 0 0 0 2 2 2 2 2 0 1 2 0 2 0 0 2 2 2 0 0 2 0 2 2 0 2 0 0 0 0 0 2 2 2 2 0 2 2 1 0 2 2 1 0 1 2 0 1 0 0 0 2 2 2 2 2 0 2 0 2 0 2 0 2 2 2 1 0 1 0 1 2 0 2 2 2 0 1 0 0 2 0 1 2 1 2 2 0 2 0 2 0 0 0 0 0 0 2 0 0 1 0 0 0 0 0 2 0 0 2 2 1 0 0 0 0 0 2 2 2 2 1 1 2 0 0 2 2 1 2 2 2 1 0 1 2 2 2 1 0 0 0 0 0 1 0 0 2 2 2 0 0 2 2 0 0 0 1 0 2 2 2 0 2 0 0 2 0 2 2 2 2 2 2 2 1 2 0 2 2 1 2 0 0 1 2 0 0 0 2 1 1 1 0 2 2 2 2 0 2 2 2 0 0 2 0 2 2 1 2 2 2 2 0 0 0 2 2 2 0 2 0 2 2 2 2 2 0 0 2 2 2 0 2 2 2 2 2 0 2 2 2 2 0 2 2 2 2 2 0 0 1 2 0 2 0 0 2 2 0 2 2 2 2 2 0 2 0 0 0 2 2 2 2 2 1 2 0 2 2 0 2 0 2 0 0 0 1 2 0 0 0 0 2 2 2 2 0 2 2 2 2 0 2 0 0 2 2 0 2 2 0 2 0 0 0 2 0 0 2 2 2 1 2 0 0 1 0 2 0 0 0 1 2 2 0 0 2 2 1 2 0 0 2 0 0 2 2 
194 330
330 921
921 663
663 308
308 953
953 434
434 883
883 55
55 576
576 946
946 869
869 586
586 373
373 461
461 635
635 286
286 962
962 374
374 447
447 181
181 67
67 779
779 110
110 803
803 486
486 324
883 409
409 167
167 798
798 68
68 482
482 298
298 980
980 923
923 444
444 417
417 819
819 903
903 160
409 979
979 907
907 750
750 982
982 615
615 681
979 217
217 5
5 289
289 705
705 909
909 978
978 522
522 815
815 463
463 808
808 922
922 873
873 394
463 840
840 571
571 396
396 72
72 209
209 365
365 919
919 974
974 876
876 734
734 905
779 583
583 410
410 621
621 778
778 847
847 31
31 617
617 226
226 735
735 786
786 699
699 28
28 379
379 676
676 36
36 647
779 830
830 20
20 833
833 810
461 38
38 186
186 333
333 945
945 751
751 562
562 426
426 802
802 987
987 503
503 566
566 98
98 525
735 599
980 537
537 41
463 666
666 176
176 195
195 161
161 10
10 902
522 440
440 725
725 384
384 91
91 998
647 94
94 984
984 968
968 163
163 616
616 112
112 692
692 789
789 12
12 740
740 862
862 898
898 233
72 147
147 884
884 958
958 536
536 631
631 963
963 435
435 870
870 412
412 90
67 933
933 300
300 1
1 900
998 158
158 432
432 895
503 727
727 997
583 549
549 25
25 400
400 988
988 892
892 7
7 934
934 592
592 477
477 14
14 715
953 413
413 79
79 254
254 645
645 606
606 682
682 331
331 912
912 995
995 415
415 885
885 3
3 501
779 656
656 33
33 506
727 243
243 654
654 519
519 511
511 455
571 27
27 73
384 493
493 175
175 593
593 70
70 352
352 669
669 853
853 370
370 805
805 484
484 173
631 74
74 100
100 446
446 598
598 157
157 844
844 174
174 1000
1000 411
411 972
740 23
23 364
364 438
438 383
383 358
358 108
108 607
607 99
99 66
66 730
730 116
116 994
994 431
431 944
944 655
655 450
450 821
821 471
471 578
578 989
989 714
714 138
138 851
851 637
637 866
866 659
659 302
302 910
910 329
329 524
524 451
451 746
746 859
859 495
495 356
356 392
392 369
369 564
564 465
465 629
629 454
907 107
107 897
897 938
938 230
230 204
204 162
162 126
126 649
649 301
162 687
687 145
145 224
224 2
2 349
349 814
814 756
756 263
263 603
603 93
93 363
363 282
282 947
947 704
704 64
64 954
954 563
563 804
847 824
824 427
427 218
218 546
546 46
46 310
310 747
747 430
430 956
956 842
546 874
874 398
398 220
220 653
653 977
977 781
781 553
751 381
381 202
202 316
316 456
456 82
82 597
597 407
407 150
150 648
648 612
612 15
15 339
339 488
488 877
877 448
435 709
709 260
260 604
604 372
372 685
685 770
770 758
758 391
391 581
581 695
695 849
849 975
649 864
864 134
134 729
729 295
295 258
258 452
452 771
771 252
252 932
932 860
860 237
237 609
609 496
116 326
326 579
579 354
354 314
314 591
591 236
236 123
123 275
275 58
58 948
948 274
274 917
917 749
749 816
816 345
345 436
436 915
915 77
77 276
276 40
40 527
527 509
509 8
8 481
919 826
826 264
264 667
667 769
769 813
813 642
642 831
831 467
467 605
605 696
696 738
738 406
406 399
399 837
116 205
205 707
707 225
225 285
285 520
520 287
287 584
584 957
957 901
901 993
993 313
313 476
476 673
673 889
889 269
269 570
570 210
210 515
515 780
780 235
235 458
458 908
100 624
624 523
523 248
248 259
259 836
836 652
652 688
688 19
19 504
504 683
683 787
787 208
808 890
890 420
420 343
343 189
189 580
580 141
141 402
402 423
423 442
442 835
835 880
880 470
816 290
290 155
155 408
408 713
713 159
159 404
100 127
127 850
850 827
827 346
346 271
271 142
142 92
92 544
544 742
742 29
29 322
322 48
48 952
952 386
386 540
912 867
867 296
897 854
854 124
124 96
96 512
512 211
211 930
930 668
668 610
610 768
768 783
783 457
457 117
117 996
996 557
557 109
109 273
273 800
800 834
578 552
552 199
199 743
743 641
641 86
86 950
950 960
960 822
822 121
121 342
342 665
665 335
335 517
517 371
371 294
294 573
573 76
76 190
870 149
46 293
293 888
398 708
708 421
421 131
131 927
927 443
443 215
215 54
54 658
396 690
690 914
914 502
502 801
801 178
178 341
341 572
572 268
268 872
872 192
192 600
600 375
375 674
674 255
255 497
497 899
899 439
439 839
839 657
657 184
184 832
832 514
514 490
490 214
214 401
401 97
97 306
306 691
691 613
613 177
177 494
494 911
911 518
518 548
548 228
228 304
304 796
15 530
530 328
328 794
794 318
318 675
675 718
718 846
846 567
567 858
858 967
967 845
845 782
782 198
198 913
913 871
871 841
841 139
139 419
419 245
245 376
376 78
78 135
135 807
807 460
460 723
723 168
168 534
534 809
809 459
459 640
640 11
944 828
828 165
165 397
397 601
601 852
663 39
39 939
939 733
733 712
712 698
698 627
627 267
267 84
84 6
6 861
860 428
428 664
664 585
585 633
633 13
13 891
891 589
589 261
261 43
43 878
878 425
399 388
388 538
538 305
305 643
643 200
200 480
480 773
773 216
216 297
297 85
85 547
547 825
825 60
60 101
101 529
529 22
22 986
986 970
970 229
229 347
347 148
148 323
323 291
291 951
951 187
187 206
908 317
317 728
448 136
136 697
697 203
862 472
472 437
437 754
754 792
792 336
336 577
577 223
330 201
201 720
720 628
628 169
169 188
188 650
650 320
320 357
357 479
479 37
37 279
279 449
449 378
64 764
764 244
244 736
369 262
915 17
17 146
146 508
508 367
367 307
307 894
894 499
499 636
636 366
366 528
528 156
156 702
702 34
431 441
441 556
556 551
551 118
118 227
704 360
360 125
125 745
745 575
575 319
319 703
703 246
246 81
81 662
486 625
625 569
569 766
766 390
390 387
387 414
414 855
855 265
265 418
418 466
466 784
727 543
543 838
838 920
920 9
9 942
942 526
526 863
863 672
672 380
380 513
513 478
478 327
327 774
774 661
661 671
671 817
476 299
299 44
44 776
776 941
941 724
64 453
453 104
104 183
183 464
464 677
677 763
763 949
949 706
706 539
539 212
212 744
606 312
312 350
350 102
102 433
433 550
550 790
790 686
34 180
180 651
807 182
182 882
882 755
755 143
143 240
240 955
955 893
893 171
171 422
422 630
630 283
283 18
18 943
943 935
935 879
879 26
26 916
916 918
918 710
710 272
272 505
505 166
166 95
95 129
129 32
32 395
583 130
130 489
489 622
622 731
727 971
971 338
338 53
53 760
760 694
694 820
820 103
103 61
61 69
671 473
473 623
623 602
602 772
772 701
701 57
57 385
385 213
213 241
241 30
30 904
904 231
231 193
193 351
351 896
896 848
848 531
531 170
170 196
196 753
753 88
88 500
500 532
532 791
791 620
620 24
24 474
474 765
765 122
122 114
114 929
929 303
303 140
140 393
393 83
83 767
767 87
87 722
722 266
916 154
154 925
925 111
111 115
282 748
748 242
242 89
89 823
823 185
395 887
887 966
966 475
475 646
646 875
875 990
990 250
250 931
931 558
558 587
562 325
325 270
270 611
611 992
992 197
197 759
759 288
168 881
881 906
906 468
468 684
684 332
332 151
151 983
983 179
179 660
660 926
926 985
985 554
554 644
154 596
596 626
626 50
50 222
222 4
4 535
535 797
797 829
829 679
679 309
309 806
806 445
445 732
732 106
106 405
405 976
976 62
62 362
362 969
969 311
311 510
510 483
483 253
253 256
256 793
793 739
739 560
560 207
207 777
777 559
559 568
568 865
865 619
986 247
247 377
377 670
670 277
277 936
936 965
965 689
689 416
598 507
507 937
937 238
238 594
594 761
761 981
981 886
886 280
280 45
45 856
856 469
469 334
831 582
582 588
588 128
128 565
565 857
857 999
999 234
234 63
63 711
589 590
590 574
574 614
614 788
788 924
924 959
959 775
775 284
284 219
219 75
75 35
35 762
577 818
818 608
608 812
812 811
811 555
555 382
382 991
991 278
278 618
618 429
429 113
113 716
716 403
403 281
281 462
462 595
595 239
239 65
65 49
677 21
21 757
757 741
741 680
680 42
42 726
926 251
251 843
843 80
80 361
361 368
368 700
700 191
191 232
232 785
785 545
545 961
961 533
533 359
359 638
26 105
105 492
492 257
257 16
16 56
56 868
868 516
516 47
47 752
752 485
485 973
973 964
723 634
634 221
221 353
353 133
133 348
348 928
928 795
795 693
693 164
164 59
59 292
292 561
561 542
542 120
120 424
424 152
152 119
119 355
355 940
940 487
487 717
717 491
491 172
172 632
865 678
678 639
639 344
344 315
315 737
983 52
52 799
799 249
249 521
521 337
337 498
498 132
132 719
719 71
71 541
541 153
153 721
721 321
321 389
389 340
340 51
51 144
144 137
1000 2
0 0 2 2 0 0 2 0 0 1 0 2 0 2 0 0 1 2 2 0 2 0 0 0 0 0 0 0 0 0 2 0 2 2 2 0 0 2 0 2 0 2 2 2 0 2 0 2 0 0 0 0 0 0 2 0 2 0 0 0 0 0 0 0 0 0 0 0 2 2 0 0 2 2 0 2 0 2 0 2 2 2 2 1 0 0 2 1 0 0 2 2 1 0 2 0 0 0 2 1 0 0 2 2 0 2 2 0 2 2 0 0 0 1 0 2 0 2 2 2 2 2 0 2 1 0 0 2 0 0 0 0 1 2 1 0 0 0 2 2 0 2 2 2 2 2 0 0 0 0 2 2 0 2 2 2 2 0 2 0 0 0 2 0 0 2 0 1 1 0 0 0 0 2 2 0 1 2 0 0 0 0 0 2 0 0 2 2 2 0 0 2 2 2 0 0 0 0 2 0 0 1 2 0 2 0 1 1 0 2 2 1 2 0 0 0 0 2 0 0 1 0 0 1 2 0 0 0 2 0 2 2 2 0 0 0 0 2 0 2 2 0 0 2 2 0 0 0 2 0 0 2 2 2 0 0 0 2 0 0 2 0 2 0 2 2 2 2 0 0 2 0 0 0 1 0 1 2 2 0 0 0 0 2 0 2 2 0 2 2 2 0 0 0 2 2 2 2 0 0 0 0 0 2 1 1 2 0 0 0 0 2 0 1 0 2 2 0 0 0 0 2 1 0 2 1 1 2 2 0 0 2 0 0 0 2 2 2 1 0 2 2 2 2 2 0 2 0 0 0 0 0 2 0 2 0 0 2 0 2 2 2 0 2 1 2 0 2 0 0 2 0 0 0 2 2 2 0 0 2 1 1 0 2 1 0 2 2 0 2 2 2 0 0 0 0 2 2 1 2 0 2 2 0 2 0 1 2 0 2 0 2 0 0 0 2 2 0 0 0 0 2 0 2 0 2 2 2 1 0 2 0 2 2 0 1 2 2 0 2 0 2 2 2 0 0 2 2 0 2 2 0 0 0 0 0 2 0 0 0 1 1 0 0 2 2 0 0 0 0 0 2 2 0 2 2 0 2 0 2 1 2 2 0 2 2 2 2 2 0 1 1 0 0 0 0 0 0 2 1 0 0 2 2 2 0 0 0 0 2 0 0 0 0 2 0 0 2 0 2 2 0 2 0 0 2 0 0 2 0 0 0 0 0 2 0 2 0 0 1 0 1 2 1 2 0 2 2 0 0 0 2 0 1 2 1 2 0 2 0 1 0 2 2 2 2 2 0 0 0 2 0 2 2 2 0 0 2 2 2 1 2 0 1 0 0 2 2 0 0 0 0 0 0 0 0 2 2 2 2 2 0 2 2 2 0 0 0 2 0 0 2 2 2 0 0 0 0 2 2 0 2 0 2 0 2 2 0 2 2 0 0 0 2 2 2 2 2 2 1 0 0 0 0 0 2 2 1 2 0 0 2 2 2 0 0 0 0 2 0 2 0 2 0 1 2 2 1 0 2 0 1 2 0 0 2 2 2 1 0 0 0 0 0 2 0 0 0 2 0 2 2 2 2 0 1 2 2 1 0 0 2 0 2 0 2 1 0 0 0 2 1 0 0 2 2 2 0 2 0 2 0 1 2 2 0 0 2 0 2 1 1 0 1 2 0 0 0 0 2 0 0 2 2 2 2 2 1 0 2 2 1 0 2 2 0 2 0 1 0 1 2 2 0 2 2 2 0 1 1 2 0 2 0 0 2 2 2 1 0 0 1 0 1 2 0 2 0 2 2 2 0 2 0 1 2 0 0 0 2 0 0 1 2 0 0 0 2 2 0 2 0 0 0 0 0 0 0 0 2 2 0 0 0 0 2 2 0 0 0 0 0 0 0 1 1 2 2 0 2 2 0 0 0 2 2 0 0 0 0 0 2 0 0 0 0 0 2 2 0 1 2 2 0 0 2 0 0 0 2 2 0 2 2 0 2 2 0 2 0 2 0 2 0 0 2 2 2 2 0 0 2 2 2 0 2 2 2 0 2 2 0 2 2 2 0 0 0 2 2 0 1 2 0 0 2 0 0 2 0 2 0 2 2 0 2 2 1 2 2 0 2 0 1 0 0 0 0 2 2 2 2 0 0 0 0 2 1 2 0 0 0 0 0 2 1 2 0 0 0 2 0 1 2 2 2 0 2 0 0 2 2 0 2 0 0 0 0 0 2 0 2 0 0 0 2 1 2 1 2 0 0 2 0 2 0 0 2 2 2 
217 408
408 483
483 964
217 835
835 860
860 312
312 204
312 696
696 200
200 624
624 22
22 659
659 788
788 41
41 611
41 35
659 416
416 479
479 51
51 1
1 628
628 642
51 875
875 630
630 591
591 310
310 5
5 541
541 779
779 335
335 896
896 492
492 171
171 879
879 806
806 192
192 954
954 550
550 434
434 189
189 746
746 855
855 418
418 285
285 973
973 386
386 774
774 948
948 809
809 678
678 762
762 950
950 14
14 163
163 384
384 110
110 605
605 738
591 870
870 665
665 173
173 867
867 190
190 853
853 856
856 949
949 935
935 873
873 701
701 833
833 313
313 451
451 957
957 183
183 980
980 891
891 652
652 689
689 936
936 602
602 243
243 83
83 590
590 821
821 224
224 164
164 892
892 44
44 520
520 42
42 219
219 966
591 697
697 994
994 667
667 306
306 13
520 277
277 370
370 208
208 212
212 775
775 802
802 478
478 52
52 181
181 215
312 242
242 766
766 359
359 165
165 150
150 130
130 33
980 555
555 580
580 900
900 782
782 717
717 300
300 355
355 607
607 464
464 178
178 557
557 393
393 657
657 683
683 523
523 959
959 68
68 721
721 996
996 905
905 238
591 840
840 777
777 713
713 387
387 385
385 271
271 573
573 718
718 760
760 341
341 53
53 121
121 671
671 126
126 983
983 475
983 644
644 62
62 619
619 526
526 907
907 534
534 803
803 371
371 162
162 340
340 283
283 768
768 546
546 513
513 772
840 755
755 648
648 993
993 990
990 876
876 749
749 956
956 887
887 673
673 404
404 89
89 687
687 257
257 986
986 186
186 945
42 435
435 270
270 327
327 639
639 530
530 392
392 850
850 742
742 668
668 955
955 272
272 735
735 938
938 442
442 436
436 501
501 720
408 944
944 322
322 201
201 575
575 576
576 206
206 804
804 579
579 303
303 878
878 317
317 142
142 977
977 377
377 784
784 682
682 982
982 91
91 539
539 8
8 280
280 160
160 446
446 781
781 145
145 759
759 527
527 538
538 111
111 218
218 918
918 195
195 637
637 553
553 551
551 522
522 946
946 695
695 929
929 625
840 953
953 311
311 412
412 783
783 834
834 664
664 971
971 898
898 663
663 429
429 85
85 984
984 987
987 814
814 942
942 205
205 258
258 427
427 916
916 138
138 43
43 56
56 734
734 722
821 975
975 823
823 424
953 282
282 266
266 400
400 635
635 119
119 211
211 913
913 508
508 516
516 763
763 622
622 613
613 626
626 339
339 810
810 606
606 320
320 125
125 296
296 279
777 866
866 3
3 981
981 19
19 100
100 365
365 889
889 572
572 117
117 874
874 758
758 463
463 493
493 827
827 609
609 132
132 438
438 99
99 169
169 447
447 58
58 826
826 598
598 72
72 730
730 989
989 529
529 849
557 250
827 80
80 792
792 469
469 402
402 394
394 832
832 502
502 620
620 940
940 535
535 46
46 346
346 991
991 952
721 798
798 26
26 847
847 27
27 531
531 93
93 207
207 410
410 743
840 511
511 645
645 487
487 692
692 54
54 374
374 210
210 684
684 358
358 141
141 352
352 161
210 74
849 209
644 778
447 281
281 844
844 658
658 660
660 64
64 256
256 633
633 761
761 634
634 706
706 627
627 939
939 767
767 170
170 917
917 31
31 820
820 468
164 437
437 790
790 651
651 679
679 963
963 249
900 930
930 872
872 999
999 951
951 17
17 382
382 910
910 109
109 252
252 345
345 723
723 4
4 6
6 776
776 816
816 688
4 39
39 333
333 1000
1000 852
852 646
646 167
167 368
368 2
2 532
532 919
919 413
413 364
364 976
976 194
194 113
557 736
736 958
958 491
491 10
270 337
337 869
869 711
711 851
851 232
232 675
675 812
812 422
422 828
828 859
859 36
36 677
677 106
106 789
775 115
115 216
216 338
438 481
481 50
50 992
992 391
391 159
159 506
506 363
363 566
566 86
990 731
731 507
507 754
754 915
915 570
570 409
409 309
309 380
384 725
725 552
552 139
139 15
15 353
353 399
399 350
350 79
731 536
536 276
276 770
770 20
20 462
462 328
328 168
168 614
614 226
226 78
78 466
466 732
732 831
831 299
299 841
841 912
511 486
486 933
266 265
265 166
166 65
65 543
543 423
423 304
304 485
485 325
325 612
612 390
390 681
681 649
649 21
758 877
877 108
108 69
69 235
235 82
82 474
474 37
37 457
457 925
925 133
78 348
348 583
583 525
525 213
213 756
756 895
895 927
927 323
323 259
259 861
776 995
971 180
180 934
934 127
127 7
551 29
29 90
607 899
899 157
157 105
249 498
498 275
275 241
241 124
628 753
753 638
638 719
719 585
585 467
467 439
439 294
294 703
703 791
791 997
997 748
841 741
692 354
354 488
488 140
140 819
819 584
648 751
751 298
298 459
628 227
227 937
937 362
959 301
301 897
897 454
454 191
191 923
923 864
864 198
198 153
153 597
404 563
563 542
542 908
908 793
793 147
147 931
931 808
808 470
470 334
334 129
129 829
829 87
87 57
57 510
510 489
29 172
172 84
84 136
136 617
617 881
881 23
23 176
812 262
262 214
214 231
231 868
868 906
906 286
286 750
750 135
135 291
291 388
388 985
985 780
780 357
357 45
45 562
562 448
448 544
544 25
25 769
769 807
807 137
137 978
978 278
278 471
471 817
817 941
941 904
904 796
796 686
686 419
419 428
322 184
184 12
12 558
558 307
307 581
581 379
379 440
440 331
331 128
128 595
595 144
144 691
691 221
221 641
641 49
49 825
825 845
226 839
839 343
343 745
745 407
407 131
131 714
714 450
450 708
708 261
261 98
98 962
962 709
709 705
705 236
236 969
969 494
494 156
156 430
430 193
193 965
965 559
559 247
247 34
34 154
154 704
704 593
593 254
254 890
890 577
577 496
496 426
426 587
587 476
476 998
998 230
230 794
794 77
77 240
240 71
807 342
342 225
225 94
94 107
91 901
901 326
326 360
794 842
842 643
643 405
860 101
930 824
824 76
76 843
843 521
521 95
95 182
182 698
698 836
836 672
672 594
594 248
248 540
540 403
403 547
547 765
765 618
618 608
608 305
305 569
569 155
207 88
88 961
961 574
574 865
865 197
64 414
916 837
837 549
549 715
715 960
960 316
316 255
840 260
260 560
560 92
92 433
433 103
103 40
40 757
138 556
556 293
293 484
484 787
787 123
123 863
863 537
537 702
702 361
361 894
894 518
518 336
581 102
102 373
373 500
500 848
848 375
375 233
233 397
397 321
321 685
685 398
398 517
517 600
600 455
455 290
290 63
63 710
710 389
389 239
239 524
524 411
411 48
48 73
73 640
88 740
740 16
16 11
11 972
972 632
632 858
858 347
347 647
647 694
694 947
947 381
522 846
846 815
815 289
289 631
631 228
228 222
166 356
356 504
504 443
443 477
477 514
514 421
421 582
582 268
268 295
295 185
185 610
610 811
811 199
199 893
71 187
187 134
134 395
395 680
680 465
465 97
97 444
444 670
670 676
676 515
515 621
621 151
151 884
884 589
589 314
314 616
616 932
932 545
545 728
728 432
432 662
662 38
38 482
482 24
24 712
712 378
378 650
650 533
533 629
247 329
329 661
661 882
882 18
18 441
441 739
739 988
988 603
603 554
554 445
167 332
332 251
251 288
288 158
158 495
495 773
773 813
813 921
702 461
461 383
383 599
599 75
75 367
367 564
564 654
966 417
316 234
234 146
146 854
854 707
707 902
902 30
30 970
970 655
655 196
196 968
968 456
456 420
420 586
586 724
724 118
118 70
70 871
871 376
402 764
764 909
909 401
139 509
509 458
458 263
263 253
311 203
203 202
202 818
818 857
857 366
366 174
174 96
96 114
114 795
795 883
883 143
143 431
170 244
244 862
862 548
548 59
59 674
674 60
60 911
911 223
223 237
237 246
246 245
245 351
351 415
415 47
47 596
668 308
278 974
974 406
406 604
604 480
480 505
371 928
928 656
656 67
67 473
473 503
503 822
365 319
319 914
914 149
149 561
561 924
924 179
179 699
699 653
653 349
504 615
615 885
885 148
148 669
669 571
571 830
830 315
315 690
690 567
567 425
425 636
636 922
922 943
971 588
588 800
800 512
512 229
229 623
999 302
302 122
122 700
337 274
274 287
137 601
601 453
453 797
797 733
733 666
666 28
28 519
519 926
926 297
297 565
565 112
112 396
134 716
716 120
314 726
726 61
61 81
377 967
967 116
116 838
838 744
744 727
727 490
857 177
177 267
527 497
497 903
903 799
799 888
888 578
578 220
220 104
104 284
284 372
372 592
592 9
9 801
801 786
786 292
292 269
269 785
785 920
822 188
188 264
264 55
55 452
965 880
880 979
979 324
324 747
747 330
330 886
886 693
693 752
752 344
344 771
771 175
482 472
472 729
729 460
460 369
369 528
528 449
449 499
499 152
152 32
32 273
273 805
52 568
568 737
619 66
66 318
1000 4
2 2 2 0 2 1 0 0 0 0 2 2 2 2 0 2 0 0 2 2 0 2 2 0 1 1 2 0 2 0 2 0 2 0 0 2 2 0 0 2 2 2 2 2 1 2 0 2 2 1 2 0 2 0 2 2 0 2 1 2 0 0 2 0 2 1 2 2 0 2 0 2 0 0 0 0 2 1 0 0 0 0 1 2 2 1 0 1 0 2 0 2 2 0 0 2 2 2 0 2 0 0 2 0 2 0 1 2 0 2 0 2 0 1 0 2 0 2 0 2 0 0 0 0 0 2 2 2 2 0 0 0 0 0 0 0 2 0 0 1 2 2 1 2 0 0 2 2 2 0 2 0 2 2 1 0 2 0 0 0 2 2 2 0 2 0 2 2 1 0 2 2 2 2 2 2 2 0 0 0 0 0 2 0 1 2 0 0 2 2 2 0 2 1 0 0 0 2 1 0 2 0 1 2 2 0 0 0 2 0 2 2 0 2 1 2 0 0 2 2 2 2 2 0 2 2 2 2 0 2 2 0 1 2 0 2 2 2 2 2 0 0 2 1 2 0 0 2 2 0 0 2 1 2 2 0 0 0 1 0 0 0 0 0 0 0 2 0 2 0 0 2 1 0 0 0 1 0 0 2 2 2 2 2 2 0 0 1 1 0 0 0 0 0 1 0 2 2 0 0 2 0 0 2 2 0 2 2 2 0 0 0 2 0 2 0 1 0 0 2 2 0 1 2 2 0 2 2 0 0 1 0 2 0 2 0 0 0 2 2 0 2 2 0 0 0 0 2 0 0 2 2 0 0 0 0 0 2 2 0 2 0 2 2 2 2 2 2 0 1 2 0 2 2 2 2 2 0 0 2 2 1 2 1 2 2 2 2 0 0 0 0 0 2 0 0 0 1 2 0 0 2 2 2 1 2 0 2 2 2 0 2 0 0 1 1 2 0 2 2 2 1 0 0 0 2 2 0 1 0 0 0 2 0 2 0 0 0 2 2 2 0 0 2 0 0 2 0 2 2 2 1 0 0 2 2 2 2 2 0 2 2 0 0 0 0 2 0 2 0 0 2 0 0 0 0 2 2 2 0 0 0 2 2 0 0 1 2 0 0 0 0 0 0 2 2 2 2 0 0 2 2 0 0 0 2 0 0 0 0 1 2 2 0 0 0 2 2 0 0 1 2 2 0 0 2 1 0 0 2 1 2 0 2 2 0 1 2 0 2 2 2 0 0 0 2 0 2 0 2 0 0 2 0 2 1 2 0 0 0 0 1 1 0 2 2 0 2 0 0 2 0 2 2 0 2 0 2 0 0 0 0 1 2 2 2 0 2 2 2 2 2 2 2 0 0 1 1 2 2 2 2 0 0 2 0 2 2 0 2 0 1 0 0 2 1 2 2 0 0 2 0 1 0 0 2 2 0 2 1 2 0 1 1 2 0 2 1 2 2 0 2 2 0 2 0 0 0 2 2 0 2 2 0 2 1 1 2 0 2 0 2 2 2 2 2 2 0 1 2 0 2 2 2 0 0 0 1 2 2 2 2 1 2 0 1 0 2 0 2 0 2 0 0 2 2 2 2 2 0 2 0 2 2 0 1 0 2 1 0 2 2 0 0 2 0 2 0 1 2 2 0 2 2 2 0 0 0 2 0 0 0 0 0 0 0 2 0 2 0 2 0 0 0 2 2 2 2 0 2 0 2 0 0 2 2 2 2 2 2 2 1 2 2 0 0 0 2 0 0 2 1 0 2 0 2 0 2 2 2 1 1 0 0 2 2 0 0 0 0 0 2 0 2 2 2 2 1 1 2 2 2 0 2 2 2 2 0 0 2 1 0 2 2 2 2 2 2 0 0 0 2 0 0 0 0 2 1 2 2 2 0 2 2 0 2 2 0 0 2 2 2 2 0 2 2 0 0 0 0 1 1 2 2 0 1 0 2 2 0 0 2 2 0 1 0 1 1 1 0 0 1 0 0 2 2 0 0 2 1 0 2 0 1 2 2 0 0 0 2 1 2 0 2 2 0 2 2 2 0 1 2 2 1 2 0 2 0 2 0 2 2 0 2 2 0 0 2 1 0 2 2 2 1 0 2 0 0 2 2 0 0 2 2 2 1 2 2 2 2 1 0 0 1 2 0 0 0 0 1 0 0 0 1 0 2 2 0 2 2 0 2 2 1 0 2 2 0 2 0 0 2 0 2 2 2 0 2 0 1 0 2 0 0 2 0 2 2 2 2 0 0 1 0 2 0 1 0 2 2 
154 857
857 192
192 267
267 667
667 910
910 78
78 535
535 458
458 913
154 772
772 55
55 222
222 141
141 128
128 11
11 76
76 513
11 756
756 353
353 946
946 660
660 825
825 820
820 96
96 811
811 995
995 416
416 587
587 121
121 460
535 866
353 14
14 331
331 770
770 791
791 262
262 950
950 394
394 720
720 785
785 266
266 268
268 652
825 906
906 558
558 445
154 281
281 166
166 151
151 54
54 365
365 682
682 119
119 940
940 304
304 435
435 88
88 807
807 195
195 511
587 704
704 555
555 360
360 800
800 206
206 534
534 509
509 895
895 614
614 647
647 212
212 193
193 107
107 87
87 671
671 191
191 713
713 925
925 572
572 235
950 620
620 933
933 202
202 761
761 810
810 700
700 792
792 41
41 497
497 751
96 298
298 602
602 249
249 494
494 748
748 321
121 863
863 339
339 605
605 764
764 493
493 806
806 67
67 364
364 79
79 586
586 272
272 259
535 398
398 983
983 737
737 740
740 542
542 697
202 326
326 465
465 565
565 533
533 878
878 114
465 594
594 323
323 473
473 273
273 189
189 176
176 406
406 363
363 935
935 167
167 574
574 188
188 485
485 248
248 199
737 45
45 211
211 553
553 405
405 909
909 596
596 28
28 390
390 316
316 69
69 613
613 17
17 634
634 680
680 642
642 32
32 218
218 5
212 354
354 709
709 20
267 145
145 818
818 437
437 469
469 774
857 254
254 681
681 692
692 570
570 376
376 110
110 282
282 537
537 428
428 994
994 821
821 957
957 325
325 848
848 918
918 112
112 988
988 146
146 8
8 468
468 571
571 526
526 216
216 426
437 144
144 309
309 676
676 685
542 478
478 762
762 665
665 916
916 965
965 979
979 588
588 784
825 237
237 831
831 773
773 944
944 457
457 625
625 495
495 731
731 213
213 135
135 489
800 224
224 82
82 24
24 677
677 446
446 165
165 790
790 932
932 836
836 217
217 346
346 598
598 518
518 525
525 689
689 506
506 444
444 37
37 641
641 384
384 912
912 732
732 260
260 62
62 338
338 726
916 221
221 541
652 968
968 450
450 816
816 319
319 686
686 265
265 786
786 399
399 401
983 449
449 155
155 139
139 923
923 992
992 789
789 427
427 205
205 239
239 287
287 750
750 418
572 490
304 882
882 104
104 243
243 400
400 429
429 198
198 274
274 515
515 908
449 985
985 385
385 516
516 56
56 561
561 486
486 919
385 456
456 324
324 117
117 568
568 43
43 126
126 643
643 137
137 804
804 251
251 244
244 528
821 891
891 85
85 378
378 947
364 197
197 80
80 654
427 733
733 612
612 728
728 233
233 26
26 938
217 896
896 320
320 844
844 610
610 236
236 481
481 688
731 484
484 967
967 980
980 59
59 636
636 253
253 826
826 283
965 941
941 668
668 658
658 858
858 40
40 47
47 318
318 68
68 656
656 7
7 124
124 246
246 739
739 228
228 171
171 341
341 392
392 964
964 315
315 395
395 179
179 482
482 928
928 423
423 386
386 843
843 673
673 148
148 717
717 583
583 152
152 113
113 190
190 759
759 359
359 362
362 120
120 805
805 415
415 698
698 566
566 824
824 664
664 622
622 238
238 48
48 156
156 766
766 231
231 694
694 459
459 775
775 476
476 138
138 108
108 336
336 693
693 225
225 860
860 797
797 718
718 604
604 929
929 300
300 623
623 530
530 600
600 335
335 1
1 4
4 374
374 90
90 638
638 294
294 220
220 448
448 2
671 813
813 890
890 799
799 783
783 684
684 876
876 696
696 880
880 408
408 168
168 545
545 633
633 557
557 502
502 186
186 15
15 397
397 674
674 743
743 269
821 464
553 996
996 275
275 581
581 178
178 699
699 508
508 84
891 584
584 644
644 256
256 715
715 439
439 13
13 971
971 480
480 603
603 203
203 997
997 101
101 645
645 856
468 708
708 209
209 630
630 143
143 945
945 10
10 736
736 46
139 97
97 517
517 136
136 867
867 488
664 591
591 422
422 651
651 977
977 297
297 288
288 505
505 599
599 440
440 234
234 388
388 716
786 608
608 94
94 503
957 467
467 70
70 917
917 556
556 344
344 434
434 170
170 207
207 242
242 81
81 441
441 559
559 659
659 702
702 381
381 204
13 815
815 375
941 536
536 963
963 834
834 322
322 624
429 907
716 729
729 313
313 960
960 852
852 827
827 370
370 777
740 618
618 430
430 829
829 431
431 277
277 52
52 734
734 838
838 357
357 801
801 888
888 317
317 66
66 875
875 904
904 9
9 285
285 961
961 115
115 691
691 507
507 311
311 573
573 286
286 411
411 371
371 939
939 903
903 781
781 34
34 131
131 307
307 648
648 868
144 453
453 889
667 819
819 873
873 851
851 547
399 491
491 149
149 451
451 626
626 936
936 881
881 194
194 954
954 666
666 952
952 500
500 466
466 241
241 223
223 663
663 845
319 111
111 184
184 653
653 130
130 899
899 65
65 201
201 601
601 837
837 383
383 303
137 425
425 290
290 22
904 758
758 865
865 483
483 172
172 966
966 261
261 334
334 208
663 962
962 657
657 314
314 828
828 975
971 631
631 897
897 927
927 846
846 105
105 835
835 382
248 71
71 639
639 74
74 210
210 95
95 31
31 356
356 330
330 576
576 214
214 125
912 776
776 368
368 215
215 763
763 50
50 803
803 501
501 590
590 487
487 471
471 229
229 240
240 60
60 687
687 523
523 593
593 227
227 701
701 679
679 280
280 61
61 931
931 788
788 432
432 854
854 98
223 185
185 943
943 25
25 83
83 77
77 379
379 778
778 981
981 343
4 328
328 442
442 153
153 861
861 419
419 499
242 999
999 63
63 308
308 814
814 23
23 276
212 332
332 12
12 301
301 859
859 705
705 264
264 953
953 29
29 640
640 160
160 782
782 302
302 842
842 914
914 669
203 969
87 99
99 853
853 252
252 898
898 337
337 463
463 993
993 389
389 678
678 498
498 744
359 529
529 871
871 42
42 122
122 424
424 921
921 730
730 841
841 454
280 976
976 150
150 926
61 902
902 627
627 552
552 597
597 278
278 230
230 293
293 39
39 452
452 522
522 369
369 767
767 109
109 345
345 106
106 723
723 670
670 161
161 563
563 959
959 585
585 89
346 64
64 548
548 721
721 672
672 270
270 884
884 839
839 840
840 937
937 455
455 974
974 158
158 333
333 162
162 232
232 329
329 295
295 635
635 472
472 802
802 3
3 760
760 883
370 661
661 340
340 147
147 306
306 366
366 387
387 956
956 749
749 877
221 589
589 540
540 809
809 579
579 510
510 675
675 798
798 520
520 617
617 312
312 421
421 358
358 616
616 905
905 611
611 413
413 765
765 391
391 539
539 103
103 738
738 727
727 745
745 349
349 569
569 255
255 393
579 373
373 632
632 296
296 532
532 27
27 462
462 475
475 724
101 550
550 200
200 712
712 404
404 862
862 920
920 662
662 595
595 342
342 414
414 551
374 157
157 752
752 592
592 874
874 894
894 779
779 695
695 987
987 372
598 250
250 380
380 955
955 479
479 123
123 795
795 879
879 832
357 352
352 163
163 990
990 92
92 258
495 53
53 292
292 725
832 869
869 519
519 527
527 822
822 118
386 159
159 753
753 183
183 299
299 554
554 196
196 942
942 49
49 355
355 474
474 396
396 769
769 436
436 134
651 38
38 714
714 924
924 746
746 649
649 951
951 607
607 279
279 521
521 991
991 181
181 116
116 582
582 247
247 504
504 177
177 57
57 447
447 409
725 998
985 796
589 703
703 132
132 6
6 30
30 780
780 44
149 948
948 549
549 606
606 187
187 412
412 886
886 787
787 514
514 958
958 817
817 562
562 754
754 35
35 812
802 86
86 893
893 133
133 361
361 174
174 794
794 690
690 410
899 33
33 175
175 219
219 567
567 934
934 284
284 470
470 347
347 403
403 310
310 892
892 407
407 51
51 989
989 142
142 580
580 847
847 849
849 564
564 808
808 1000
1000 575
575 91
91 830
830 16
16 543
543 263
844 75
75 348
348 180
180 164
164 461
461 169
169 719
720 417
417 915
915 544
544 747
747 637
637 793
793 21
21 140
140 560
560 492
116 443
443 512
512 58
58 823
447 755
755 986
986 73
73 646
646 900
900 19
19 438
438 872
872 949
949 402
402 972
669 72
72 768
768 305
305 885
885 978
978 970
970 621
621 477
477 524
524 887
887 291
291 850
850 420
420 377
377 578
578 102
102 433
433 100
100 538
538 226
226 741
741 706
706 271
271 350
352 245
245 757
757 735
735 289
289 742
742 327
327 615
615 973
973 129
129 351
351 127
127 922
922 182
182 546
546 911
911 36
36 722
722 619
619 531
531 833
833 683
683 628
628 930
930 173
173 864
864 655
655 650
650 984
984 367
367 771
64 855
855 707
707 982
982 901
901 609
609 629
629 711
711 93
276 496
496 710
710 577
577 257
257 18
18 870
1000 8
2 2 1 2 2 0 0 2 0 0 2 2 2 2 0 0 0 0 2 0 2 0 0 0 0 2 0 2 0 2 2 2 0 2 2 0 0 0 1 2 2 0 0 2 2 2 0 2 0 0 2 0 0 1 0 2 2 0 2 1 0 2 0 0 0 2 0 2 0 0 0 0 0 0 2 2 0 0 2 0 2 1 0 1 2 2 0 2 2 2 0 1 0 2 0 1 0 1 2 2 2 0 2 2 2 2 1 2 0 2 1 0 2 0 0 2 2 0 2 2 2 2 0 2 0 1 2 2 2 0 0 0 0 2 0 0 1 1 0 2 2 0 0 0 0 2 2 1 0 0 1 2 0 0 0 2 0 2 2 0 1 0 2 0 2 1 1 2 0 0 0 1 0 0 0 1 0 2 1 1 2 1 2 0 0 2 2 0 2 0 2 2 2 0 2 2 0 0 2 0 2 0 2 2 0 2 2 0 0 0 2 2 2 2 1 1 0 2 0 1 2 0 0 2 2 2 0 0 0 0 0 2 2 2 0 2 0 2 2 2 0 1 0 0 2 0 0 1 0 1 0 0 0 0 0 2 2 2 2 2 2 1 2 2 0 2 0 2 2 2 2 2 0 2 0 0 0 2 2 0 2 2 2 2 1 2 2 1 2 2 2 0 2 2 0 2 0 0 2 0 0 0 0 2 2 2 0 2 2 2 2 1 0 2 1 1 0 0 2 2 2 2 0 2 2 0 0 0 2 0 2 2 0 1 2 0 0 1 2 2 0 0 2 1 0 0 0 0 2 2 2 2 2 0 2 1 2 0 2 0 2 2 0 0 2 0 0 0 0 0 0 0 0 2 0 0 0 2 2 2 0 2 0 2 0 0 2 0 0 1 0 1 1 2 0 0 2 2 1 2 0 2 0 2 2 0 1 0 2 2 1 2 0 0 2 2 1 0 0 2 0 2 1 0 2 0 0 2 2 2 0 0 2 2 2 0 0 1 0 0 2 2 2 0 0 0 1 2 0 2 0 0 2 2 2 2 2 2 0 2 2 2 1 2 2 2 2 0 2 2 2 2 0 0 0 0 0 2 1 2 2 0 0 0 1 2 0 0 2 0 0 0 0 2 2 2 0 2 1 2 0 2 0 0 2 0 0 0 2 0 2 0 2 2 2 2 0 0 1 0 0 1 1 2 2 0 2 0 0 0 0 1 2 0 0 1 0 0 0 2 0 1 0 2 0 2 2 2 2 0 0 2 1 0 0 2 2 2 0 2 2 0 2 0 0 0 2 0 0 0 2 2 0 0 2 0 0 0 0 2 0 2 0 0 0 0 0 0 0 1 2 2 2 0 0 0 0 0 0 2 2 2 0 0 2 2 0 2 2 0 0 0 0 0 2 2 0 0 2 0 2 0 2 0 0 0 0 2 1 2 2 0 0 2 2 2 2 2 0 2 2 2 2 2 0 0 2 0 2 0 0 2 0 2 0 0 0 0 2 2 2 0 2 0 0 2 2 1 0 0 2 2 0 0 2 0 0 0 0 2 1 2 0 2 1 1 2 0 0 2 2 0 0 2 0 1 2 0 2 2 0 0 2 2 0 1 2 1 2 0 0 0 2 2 2 0 2 0 0 2 2 0 2 0 0 0 2 2 0 2 0 0 2 2 2 2 2 2 0 2 0 2 2 1 0 2 2 0 2 0 2 0 2 2 2 2 2 0 2 2 0 0 0 0 0 2 0 0 0 2 2 2 0 0 0 2 2 2 2 2 2 0 0 2 0 0 0 0 0 2 0 0 0 0 2 0 2 2 2 0 0 2 0 0 0 1 0 1 0 1 0 2 2 2 0 1 0 0 0 0 0 2 0 0 0 2 0 2 0 0 0 2 2 2 0 0 0 1 2 0 2 0 0 0 2 2 2 0 0 2 2 0 0 2 2 2 0 0 0 1 0 2 0 0 0 0 0 0 0 0 2 2 2 0 0 2 0 2 0 2 2 0 2 0 0 2 2 0 0 2 2 1 2 0 2 2 1 0 0 0 1 2 2 0 2 0 0 0 0 1 0 2 0 0 0 0 2 2 0 2 2 0 2 2 2 0 0 0 2 0 0 2 2 0 0 0 2 2 0 2 2 2 0 2 2 1 0 2 1 2 2 2 2 0 2 0 0 2 2 0 2 1 2 2 2 2 2 0 1 2 2 2 0 0 0 2 0 2 2 2 0 2 2 0 0 2 0 2 2 0 0 2 0 0 0 2 0 0 0 2 
370 232
232 750
750 522
522 278
278 556
556 850
850 583
583 16
16 501
501 259
583 176
176 55
55 683
176 396
396 552
552 263
263 131
131 328
328 665
665 398
398 658
658 703
703 761
232 411
411 157
157 620
620 720
720 306
306 404
404 442
442 580
683 699
699 95
95 704
704 651
651 174
174 815
815 637
637 169
169 199
199 346
346 337
337 344
344 896
896 744
744 615
615 443
443 279
279 235
235 730
730 91
91 937
937 107
107 9
9 28
28 142
142 236
176 976
976 821
411 662
662 589
589 57
57 863
863 332
332 281
863 266
266 780
780 719
719 395
395 189
189 301
301 519
519 415
415 701
701 502
502 469
469 718
718 318
318 804
804 221
221 636
636 287
287 982
982 149
149 363
363 386
386 977
977 833
833 796
796 769
769 560
560 590
590 659
659 54
54 422
422 979
979 22
22 816
720 484
157 311
311 514
514 648
278 353
353 564
564 454
454 216
216 102
102 511
511 953
953 731
731 248
248 685
685 742
28 998
396 779
779 439
439 147
147 799
799 112
112 668
668 765
765 155
155 915
915 342
342 991
991 920
920 361
361 24
24 288
288 802
802 521
521 156
156 515
515 209
209 874
874 211
211 806
806 549
549 161
161 657
657 302
302 192
192 451
451 105
105 11
982 129
129 44
44 535
535 225
225 481
481 182
804 416
416 934
934 629
629 251
251 978
978 875
875 672
672 930
930 358
358 586
102 359
359 204
204 453
453 947
221 345
345 362
362 403
403 239
239 610
610 607
607 952
952 322
322 794
794 433
433 494
494 228
228 397
397 582
582 893
893 93
93 69
69 628
628 195
195 989
989 373
373 173
173 379
769 846
846 78
78 252
765 123
123 434
434 175
175 735
735 727
727 491
522 309
309 194
194 151
151 752
752 527
527 360
332 613
613 108
108 136
136 230
230 892
892 473
473 298
298 97
97 810
810 284
284 444
444 786
786 691
691 747
747 388
388 992
992 143
143 294
294 716
716 135
135 966
966 886
886 599
599 34
34 801
801 819
819 420
420 645
645 808
808 315
315 8
8 258
258 868
294 584
584 183
183 244
244 681
681 12
12 958
958 400
400 289
289 210
210 606
606 368
368 559
559 517
517 291
44 495
495 962
962 859
859 860
860 938
938 889
889 737
737 715
715 673
151 993
993 218
218 948
948 693
693 814
814 975
975 738
738 426
426 137
137 497
497 460
460 382
382 249
249 842
658 611
665 391
391 172
288 457
457 336
102 505
505 900
24 190
586 809
809 224
239 603
603 471
471 486
486 401
401 260
260 741
741 90
90 152
152 37
37 616
616 425
425 227
227 126
126 116
116 625
625 50
50 847
847 695
695 459
459 724
724 986
986 773
773 870
870 372
372 103
103 789
789 879
879 406
406 468
468 47
47 909
735 654
654 46
46 745
745 264
264 478
780 921
921 299
299 472
472 329
329 595
595 698
698 59
59 908
908 389
389 132
132 533
533 518
518 122
122 644
411 513
513 999
999 574
574 768
768 144
144 441
441 51
51 679
679 916
916 928
691 675
675 53
53 911
53 732
169 543
543 943
943 851
993 935
935 130
130 488
488 760
760 493
493 160
160 355
355 777
777 817
817 241
241 540
388 918
918 726
726 45
45 357
357 926
926 985
985 951
951 292
292 539
539 148
148 669
669 602
602 903
903 774
774 798
773 687
687 783
783 733
733 265
265 407
407 959
959 168
168 862
862 570
570 80
80 41
41 432
432 312
312 74
74 297
22 319
319 62
62 188
188 596
596 349
349 350
350 164
164 423
423 996
996 343
343 981
981 467
467 622
622 253
253 526
526 503
693 770
770 542
542 788
788 492
492 635
635 706
706 805
805 844
844 226
226 429
429 700
981 25
25 661
661 887
887 23
730 940
940 753
753 410
410 830
952 759
103 431
431 885
885 437
437 178
178 17
17 674
674 352
742 30
30 39
39 118
118 743
743 888
888 965
965 380
380 708
708 159
159 905
905 973
973 374
374 42
42 499
973 709
709 631
631 667
667 702
702 20
20 532
532 854
854 751
22 293
293 684
684 855
855 917
917 843
843 435
435 561
561 968
107 340
340 827
827 969
969 729
729 285
285 49
49 510
510 653
653 910
910 740
740 153
153 254
254 763
763 775
775 7
7 29
29 72
72 465
465 664
664 942
942 994
994 624
624 601
396 612
612 692
692 205
205 268
268 831
51 544
544 504
504 215
215 316
316 10
10 864
864 134
134 303
303 899
899 83
83 984
176 568
568 933
657 274
274 562
562 848
848 594
594 671
671 170
170 14
14 944
944 300
300 185
740 305
305 186
186 712
712 286
286 597
597 480
480 904
904 369
369 800
800 748
748 201
201 825
825 179
179 393
393 19
19 376
376 333
333 27
27 381
381 496
393 811
811 341
341 797
797 273
273 198
198 383
383 158
158 550
550 76
76 427
427 92
92 98
98 418
418 487
487 929
929 834
561 845
845 663
663 212
212 364
364 901
901 213
213 925
925 250
250 26
26 31
31 283
283 710
710 2
2 217
217 782
782 450
450 895
895 456
456 60
60 87
87 180
180 275
275 320
320 449
449 621
621 705
743 276
276 650
650 758
758 849
849 600
600 767
767 575
575 931
931 880
880 18
18 791
791 335
335 35
35 682
682 626
626 52
52 647
647 581
581 995
80 417
417 587
587 686
686 307
307 162
162 479
522 246
246 967
967 787
787 384
384 127
127 824
824 941
941 321
321 547
547 694
694 736
736 124
846 883
883 881
881 548
548 689
689 778
778 563
563 48
48 138
138 464
464 73
73 114
114 970
970 477
134 784
784 509
509 835
835 325
325 755
755 530
530 245
245 324
324 865
865 308
308 402
402 219
219 614
614 377
377 99
99 534
534 71
71 711
711 86
86 43
43 463
463 145
145 766
766 980
980 208
208 231
231 413
413 945
945 997
997 680
680 972
972 421
421 405
405 476
476 277
277 408
408 803
803 793
793 33
33 598
598 240
240 642
642 771
771 728
673 356
356 334
334 68
68 890
890 327
327 923
923 6
6 243
243 813
813 375
375 365
365 207
207 541
164 639
639 630
630 878
878 623
623 950
950 964
964 829
829 483
483 440
440 649
649 330
330 812
812 619
619 924
924 462
462 171
171 165
165 971
971 64
64 523
523 869
869 792
792 200
200 852
687 351
351 839
839 525
525 89
89 585
585 963
963 579
579 146
146 516
516 828
828 955
955 922
922 722
722 399
399 485
485 957
957 577
577 573
573 448
448 58
58 960
960 861
861 140
140 414
414 785
785 256
256 474
474 63
63 81
81 77
77 507
507 56
56 447
817 723
723 331
331 347
347 100
100 489
489 822
822 919
919 482
482 65
65 490
490 338
338 262
262 32
32 452
452 592
592 117
117 94
94 110
110 867
903 902
902 261
261 987
987 841
841 313
313 247
159 120
120 163
163 446
563 974
974 280
280 632
632 348
348 121
121 677
677 234
234 605
605 655
655 269
269 290
875 5
5 141
141 296
296 4
4 119
119 392
392 838
838 385
385 238
95 113
113 757
757 424
424 317
317 566
566 96
96 565
565 500
500 734
734 670
670 267
267 557
557 271
271 912
912 304
312 21
21 721
708 197
197 222
222 106
106 436
436 242
242 554
554 1000
1000 634
81 697
697 255
255 553
553 877
877 882
882 820
820 939
939 609
958 576
576 643
903 983
983 690
690 652
686 936
936 524
610 323
323 884
884 128
128 898
898 588
588 739
739 913
913 272
272 555
555 871
68 894
894 84
84 558
558 270
270 15
15 223
110 390
390 567
567 1
1 196
196 310
310 826
826 430
430 932
932 520
520 85
85 378
378 604
604 551
551 177
622 387
387 506
506 832
832 66
66 154
154 676
676 866
866 394
394 101
101 666
666 150
150 133
133 807
807 713
713 638
638 776
776 795
795 202
202 314
314 466
466 184
184 569
569 445
445 167
167 725
725 3
3 578
578 749
749 409
409 818
818 366
366 206
206 954
954 858
858 354
101 591
591 412
412 593
593 546
546 237
205 36
36 529
478 956
956 458
458 961
961 282
289 528
528 61
61 990
990 781
781 545
545 233
233 627
627 125
125 67
67 891
891 220
220 927
927 837
107 897
604 660
660 641
641 191
191 790
790 455
455 109
109 475
475 70
70 295
295 538
130 498
498 531
531 537
129 646
646 470
470 571
571 115
115 949
949 946
946 38
38 873
873 339
339 906
906 166
166 823
366 717
717 461
461 876
876 572
572 214
214 688
688 367
367 856
856 203
203 754
806 836
879 326
326 88
88 772
772 79
79 907
907 762
762 633
633 104
104 617
617 536
536 840
840 371
371 853
853 764
764 608
608 428
428 914
914 872
872 139
139 756
756 181
181 111
111 187
187 257
257 696
696 75
604 988
988 678
678 714
714 193
193 707
707 656
656 508
508 229
205 857
857 82
82 618
618 419
419 746
746 512
512 438
438 640
640 13
13 40
1000 8
2 2 0 0 2 2 1 0 2 0 2 0 0 2 0 0 0 1 2 1 0 0 2 0 2 2 2 2 2 0 0 0 0 2 0 0 2 2 0 2 1 2 2 2 1 0 2 2 0 1 2 1 2 0 1 2 0 2 1 2 0 0 2 2 0 0 2 0 2 0 2 2 2 1 0 0 2 0 0 2 2 0 0 0 0 2 1 0 2 2 0 0 1 2 2 2 1 1 0 0 0 0 2 0 2 2 2 1 2 0 0 2 1 0 2 0 0 2 2 2 2 0 2 1 0 0 1 2 2 0 1 0 2 0 0 2 0 0 0 1 2 0 1 2 2 0 2 0 0 0 0 0 0 0 2 0 2 0 0 0 0 2 2 2 2 1 2 2 0 2 2 0 2 0 0 0 0 0 0 2 0 2 2 0 2 2 0 2 2 0 0 2 0 0 0 1 1 1 2 2 2 0 2 2 2 1 0 2 2 0 0 2 0 0 1 1 2 0 0 2 2 2 2 0 2 2 2 0 2 0 2 1 0 0 1 0 1 2 0 2 0 0 0 2 0 2 1 0 2 2 0 0 2 2 1 2 2 0 2 0 2 2 1 0 0 2 2 1 0 2 1 2 2 2 2 1 2 1 1 2 2 2 0 0 0 2 0 2 0 2 0 2 0 2 1 0 2 0 0 2 2 2 2 0 2 0 0 0 2 0 0 2 1 0 2 2 2 2 0 1 1 2 1 2 2 0 0 2 0 2 2 0 2 2 1 2 0 0 2 0 2 1 0 0 0 0 2 0 2 0 0 2 2 2 2 0 0 0 2 0 1 2 0 0 2 0 2 0 2 0 0 2 1 2 0 2 0 2 0 2 1 2 0 2 2 0 1 2 0 0 2 0 0 0 2 0 0 0 0 2 2 0 0 2 2 0 0 2 2 2 0 2 2 2 2 0 2 2 0 2 2 2 0 0 0 0 2 2 0 1 2 1 0 2 0 1 0 0 0 1 0 2 2 0 0 0 2 2 0 2 0 0 2 2 2 1 1 2 0 2 0 2 2 0 2 2 0 0 0 2 2 2 2 2 2 0 0 0 0 2 2 1 2 0 2 1 2 2 0 0 0 0 0 0 2 0 2 2 2 2 1 2 0 0 2 2 2 2 2 2 1 2 0 1 2 0 2 0 2 1 0 0 0 2 0 1 0 0 2 1 0 2 0 2 0 0 2 2 2 0 2 2 2 2 2 0 2 2 0 2 2 0 0 0 1 2 0 0 0 0 0 1 0 0 2 2 2 0 0 0 2 0 2 1 2 0 2 2 2 0 2 2 1 0 0 0 0 0 0 0 2 2 1 1 2 1 2 1 2 2 2 2 2 0 2 2 0 0 0 0 2 0 0 2 2 0 0 1 1 2 0 2 0 2 2 0 2 2 0 2 0 2 2 0 2 2 0 2 2 0 2 0 2 2 2 0 0 0 0 2 2 0 2 0 0 2 0 0 0 2 2 2 2 2 0 2 2 2 0 0 2 2 0 0 2 0 2 2 0 0 2 0 2 2 2 0 0 2 0 2 0 1 2 2 2 2 0 0 1 1 1 0 0 0 2 2 0 0 2 0 2 0 0 0 2 2 2 0 2 2 0 0 0 0 2 0 0 2 0 2 0 2 0 0 2 0 0 0 0 0 0 1 0 2 0 0 2 0 0 0 0 0 2 0 2 0 2 0 2 0 0 0 0 2 2 0 2 0 2 1 1 2 2 2 2 2 2 2 2 0 0 0 2 2 2 0 0 2 0 2 2 1 2 2 2 2 2 2 1 2 0 2 0 0 2 0 0 2 1 1 0 2 2 0 2 2 2 0 2 2 0 2 0 2 2 2 2 0 2 0 0 0 0 0 2 2 0 2 2 0 0 0 2 2 0 0 2 0 0 2 0 0 2 2 2 2 0 2 0 0 2 0 2 0 2 2 0 0 2 2 1 2 2 2 0 0 2 2 0 2 2 0 2 0 2 0 1 0 0 1 2 2 0 0 0 2 2 0 1 2 2 0 2 2 2 2 0 0 1 0 2 0 2 1 2 2 2 0 2 0 2 2 0 1 2 0 2 0 2 2 2 0 2 0 2 1 2 0 2 0 2 1 1 0 1 2 0 0 0 2 1 0 2 2 0 0 0 1 0 0 0 1 0 0 0 0 2 0 1 0 0 0 0 2 2 2 0 1 0 0 0 0 1 0 2 2 2 2 2 0 0 1 0 0 0 2 2 2 2 0 
302 491
491 77
77 852
852 513
513 379
379 440
440 835
835 137
137 972
972 207
207 433
433 316
316 697
77 373
373 966
966 282
282 551
551 453
453 125
125 540
540 786
786 942
942 912
912 591
591 462
462 122
122 471
471 607
607 807
807 428
428 37
37 366
366 934
513 69
69 178
453 682
682 772
772 334
334 619
619 957
957 461
551 819
819 641
641 163
163 812
812 174
174 509
509 784
784 726
726 752
752 654
654 141
141 661
661 213
213 658
658 715
715 544
544 860
860 79
79 62
62 770
770 962
962 885
885 922
922 435
435 628
453 813
813 255
255 825
513 239
239 417
417 997
997 887
887 22
22 171
171 566
566 172
172 525
525 413
413 320
320 356
356 955
428 89
89 1
1 201
201 292
292 709
709 764
764 886
886 550
550 147
860 65
65 458
458 72
72 845
163 349
349 361
361 230
79 926
926 705
705 529
529 128
128 692
692 419
419 285
285 142
142 448
448 114
114 211
211 858
858 113
113 279
279 906
906 958
958 305
305 367
367 41
41 112
112 252
252 625
625 850
850 40
40 982
982 665
665 555
555 838
838 981
981 48
48 190
190 236
236 637
637 323
323 512
512 321
321 254
254 793
793 494
494 650
650 854
163 76
550 24
24 278
278 849
849 352
982 720
720 978
978 500
500 90
90 694
694 106
106 274
274 707
707 811
934 490
490 989
989 579
579 938
938 526
526 107
107 15
15 459
459 884
884 800
800 833
833 927
927 691
691 475
475 918
918 603
603 742
742 501
501 411
411 870
278 556
556 387
387 510
510 967
967 929
929 240
240 577
577 259
259 148
148 608
608 741
741 883
883 355
355 964
964 446
446 189
189 224
224 596
596 338
338 138
138 748
748 792
792 548
540 629
629 777
777 1000
1000 210
210 166
166 581
113 222
222 669
669 30
30 460
460 557
557 988
988 187
187 623
623 218
218 532
532 518
518 481
481 917
917 817
817 362
362 950
950 690
690 258
258 841
841 531
531 202
202 919
919 866
866 932
932 146
146 861
861 347
347 761
761 120
120 961
961 227
227 342
342 32
32 251
285 797
797 297
297 235
235 801
801 987
987 55
55 573
573 810
810 879
879 208
208 209
209 183
183 343
343 33
33 790
790 182
182 718
718 47
47 52
302 716
716 745
745 634
634 480
480 534
534 198
198 286
286 848
848 601
601 781
781 771
771 35
35 152
152 253
253 899
899 88
88 242
242 457
457 524
41 683
683 621
621 775
460 164
164 294
294 477
726 994
994 750
750 381
381 901
901 627
627 976
976 530
530 620
620 552
552 173
173 921
921 543
543 328
148 226
226 693
693 486
486 103
103 317
317 943
943 380
380 365
365 346
346 952
952 177
177 231
231 133
133 339
339 300
24 336
336 130
130 124
124 565
565 612
612 834
834 939
939 677
677 234
234 754
658 788
788 698
698 96
96 706
706 206
207 312
312 50
50 567
567 153
153 971
971 445
445 38
858 237
237 839
839 467
467 337
337 131
239 503
503 101
101 28
28 893
893 58
58 157
157 39
39 23
23 908
908 68
68 974
974 287
287 541
541 611
611 575
575 871
871 892
861 646
646 862
862 400
400 393
393 452
452 599
599 830
830 331
331 64
64 205
205 180
180 736
736 423
423 763
763 43
43 397
397 98
98 11
11 991
932 758
758 613
613 350
350 689
689 836
836 968
968 185
185 329
11 401
401 482
482 986
986 330
330 553
553 87
87 832
832 821
821 273
273 676
676 479
479 719
719 108
108 999
999 814
814 91
91 564
564 363
363 134
134 827
361 57
57 587
587 359
359 734
734 269
269 3
3 299
299 167
850 276
276 18
797 318
318 378
378 488
488 181
181 154
154 657
657 270
270 487
487 322
322 375
375 256
256 74
74 795
795 762
762 151
151 439
439 25
25 67
67 615
871 303
303 789
789 54
54 570
570 123
123 700
700 450
450 169
169 20
20 149
149 9
9 179
179 221
221 560
560 660
660 826
826 589
589 288
288 414
414 631
631 265
265 930
501 434
434 409
683 246
246 143
143 799
799 746
746 759
759 749
749 915
915 702
702 842
842 990
990 243
243 648
648 640
640 116
116 109
109 7
7 385
385 712
712 890
890 723
723 992
992 388
388 846
477 853
853 135
135 188
188 386
386 872
872 806
201 605
605 829
829 119
119 394
394 519
519 728
728 424
424 176
176 783
783 160
160 165
165 161
736 508
508 765
765 158
158 402
282 354
354 21
21 674
674 831
831 492
492 194
194 907
907 767
767 584
584 284
284 505
505 593
593 727
727 724
724 214
214 659
122 794
794 664
664 979
700 283
283 561
561 42
42 257
257 946
946 699
699 820
820 16
16 937
937 977
977 369
369 6
6 184
184 104
104 614
614 776
841 671
671 828
828 735
661 910
910 344
344 785
785 117
117 272
272 747
138 408
408 263
263 506
506 995
995 473
473 606
715 219
219 523
523 796
796 731
731 261
261 59
59 878
608 673
510 511
511 580
580 13
720 936
936 903
125 632
114 4
4 478
478 954
954 847
847 678
678 495
273 815
815 313
313 277
277 840
840 405
405 93
93 679
103 779
779 225
225 110
110 126
126 713
713 940
940 824
824 753
753 583
583 863
863 466
466 8
8 115
115 959
959 438
438 311
311 216
216 880
880 546
546 310
310 78
78 415
415 5
5 757
757 429
429 791
791 969
969 911
817 588
573 507
507 877
877 782
782 639
639 528
528 873
873 520
520 85
85 70
565 395
395 610
610 370
370 909
909 260
260 703
703 744
744 574
574 368
368 590
590 695
695 374
374 228
228 296
135 326
326 636
636 649
649 562
562 53
53 483
483 667
667 635
635 66
66 497
497 725
725 882
882 859
859 536
536 444
444 307
286 895
895 704
704 398
398 111
111 195
195 730
373 643
643 653
653 869
735 604
604 756
756 652
33 95
95 84
84 514
514 708
708 656
656 26
26 61
61 733
733 247
247 900
900 99
99 563
563 271
801 602
602 248
248 281
281 383
383 738
738 291
291 626
626 538
538 592
592 121
121 729
729 672
672 159
159 722
722 241
241 539
539 170
170 335
335 377
741 63
63 489
489 425
425 904
248 717
717 998
307 83
83 301
301 924
328 442
442 345
345 384
384 232
232 404
994 204
204 14
14 2
2 145
145 304
304 212
212 647
792 290
290 136
136 196
196 925
525 484
484 36
36 740
740 963
963 951
951 751
751 582
582 916
916 80
80 454
454 118
118 798
798 662
662 816
460 280
280 576
576 843
843 993
993 229
229 522
522 655
655 780
780 970
970 902
902 685
685 498
508 558
558 933
933 17
904 392
392 645
645 644
644 319
319 472
472 396
396 431
431 29
29 410
410 463
463 353
353 351
351 238
926 46
46 804
804 515
515 945
945 407
28 687
981 755
755 266
266 92
92 598
598 941
941 618
618 314
314 875
875 802
802 622
622 864
864 422
422 73
73 333
333 416
416 874
874 412
661 60
60 421
421 638
638 898
898 150
150 476
476 325
325 889
889 71
71 267
267 956
956 390
390 663
587 743
743 684
684 502
502 372
372 711
711 953
953 568
568 451
451 616
616 309
635 949
949 960
960 389
389 696
696 27
27 547
547 642
642 436
445 140
140 617
617 571
571 357
357 894
894 668
668 517
517 545
545 464
464 701
701 844
707 923
923 980
980 191
191 857
857 327
327 45
87 809
809 493
493 56
56 94
94 324
963 521
521 803
803 867
867 186
186 851
851 975
975 572
572 441
607 420
420 533
533 680
680 427
427 193
193 983
640 102
102 920
920 823
823 600
600 456
456 504
504 888
888 470
470 34
34 332
744 364
364 787
787 868
868 31
31 12
12 249
249 155
155 586
586 686
686 203
203 432
432 244
244 549
549 569
569 220
220 737
737 651
651 75
75 430
430 913
913 928
928 739
739 293
293 223
223 527
527 86
32 865
865 465
465 973
973 250
250 768
491 437
437 485
485 837
837 97
97 308
308 371
371 935
935 132
132 516
516 340
340 100
100 262
262 666
666 881
881 443
443 49
49 681
681 594
594 341
341 732
732 129
129 947
947 275
275 578
578 468
468 905
905 891
891 624
624 127
127 199
199 264
264 245
245 156
156 200
200 896
896 192
192 268
268 633
633 447
447 714
714 474
474 399
399 542
542 360
360 773
773 105
529 931
931 496
496 559
559 985
985 822
822 535
535 426
426 168
168 382
382 418
418 609
609 358
358 766
766 996
996 914
914 391
391 855
855 406
931 585
585 44
44 82
82 537
537 876
876 808
808 944
944 469
469 298
298 948
948 289
289 306
306 675
675 19
19 630
630 769
769 139
139 449
449 670
670 233
233 688
688 984
984 51
51 597
597 595
595 215
923 144
144 162
162 778
778 315
315 217
217 348
348 403
403 818
818 805
805 721
721 81
81 455
455 295
295 10
10 774
774 376
376 760
760 965
965 499
499 710
710 197
197 856
856 554
554 175
175 897
1000 3
0 0 2 0 2 0 2 2 0 2 1 0 2 0 1 0 0 0 0 0 2 0 0 2 0 2 2 0 0 0 0 2 1 2 0 0 0 2 0 0 0 2 2 2 1 2 0 2 0 0 0 0 0 2 0 2 0 0 1 0 0 2 2 0 2 0 2 0 0 0 2 0 0 0 0 2 0 2 0 0 2 2 0 2 1 2 0 2 0 2 2 0 1 1 2 0 2 0 1 2 0 0 0 0 2 2 0 0 0 2 2 2 0 0 2 0 2 2 0 0 0 2 0 0 0 2 2 0 0 2 2 2 0 0 2 0 2 1 2 2 0 2 2 0 0 2 2 0 0 1 2 1 2 2 2 2 0 0 0 1 2 0 0 2 2 0 2 1 0 2 1 2 2 0 2 2 0 0 0 2 1 2 2 2 0 2 2 0 0 2 0 0 0 0 0 0 0 0 2 0 1 2 2 0 2 2 2 0 0 2 0 0 2 1 1 2 0 0 2 0 2 0 0 0 2 2 1 0 2 2 0 0 0 2 2 2 2 0 1 1 2 2 0 2 0 2 2 1 2 2 0 1 2 0 2 2 0 0 0 2 0 1 0 0 0 2 1 1 2 0 0 2 0 2 2 2 2 0 0 0 2 0 0 2 2 2 2 2 0 0 2 2 0 2 0 2 2 0 0 1 0 0 0 0 1 0 0 0 2 0 0 2 2 0 2 2 2 2 0 2 0 0 0 2 0 1 2 2 0 2 0 0 0 0 0 0 0 0 2 0 0 0 0 2 0 2 2 2 2 2 0 0 0 0 2 0 0 2 2 0 2 0 0 0 0 0 1 0 2 2 0 2 2 2 2 2 2 0 0 2 1 2 0 2 2 2 0 1 0 0 0 0 0 0 2 0 0 0 2 2 2 2 0 2 2 2 0 2 0 0 0 2 2 0 0 2 1 0 2 2 2 0 2 0 0 1 0 2 0 2 0 2 2 0 0 2 2 0 2 2 0 0 0 2 2 1 0 2 2 1 2 0 1 1 2 0 0 0 0 2 2 0 1 0 1 2 0 2 1 0 2 0 2 2 0 2 0 0 2 2 0 1 2 2 2 2 2 0 0 1 2 2 0 1 2 1 2 0 2 2 0 2 0 2 2 1 0 2 0 1 0 0 0 0 2 0 2 0 0 2 0 2 2 0 0 0 1 0 2 2 0 0 0 1 2 1 1 0 2 0 0 2 0 1 0 2 2 0 2 0 1 2 0 2 0 2 0 0 0 2 0 2 0 0 1 2 2 0 2 0 0 0 2 2 2 1 2 0 2 0 0 2 2 0 2 0 2 2 0 0 0 0 2 2 0 2 2 2 0 0 1 0 0 2 2 0 1 0 0 1 2 0 2 1 2 2 0 0 2 0 2 0 2 2 2 2 0 1 2 1 0 2 0 0 0 2 2 2 2 0 0 1 2 0 2 0 2 2 2 0 2 0 1 0 1 2 2 0 2 0 0 0 0 0 0 0 2 0 0 2 0 2 0 2 2 2 0 0 2 0 1 1 1 2 2 0 2 0 2 0 2 2 0 0 0 2 2 1 2 2 1 0 2 0 2 0 2 2 0 0 2 2 2 0 0 0 1 0 0 0 2 2 0 0 2 2 2 0 2 1 0 0 0 1 0 0 0 0 0 2 0 0 2 2 2 1 1 2 2 0 2 0 0 0 1 0 0 0 0 2 2 0 2 2 2 2 2 2 2 0 0 2 2 2 2 0 0 0 1 2 0 2 2 0 0 0 0 1 2 1 2 1 2 0 0 2 2 0 1 0 2 0 1 2 0 0 2 2 2 2 2 0 2 2 2 0 0 0 2 0 0 1 0 0 1 0 0 2 1 2 0 2 2 0 2 2 2 2 0 0 2 0 2 0 0 2 1 2 2 0 0 0 0 1 0 1 1 0 0 0 2 0 0 2 0 0 0 2 0 2 2 0 0 1 2 2 0 2 2 0 0 2 0 2 2 0 2 0 2 2 0 0 2 2 0 2 0 2 0 0 1 1 2 2 2 2 1 2 0 0 0 0 1 1 2 2 0 2 0 0 2 2 0 0 2 0 0 0 0 2 2 2 2 0 0 0 2 2 0 2 2 0 0 0 0 2 0 2 0 0 2 0 0 0 2 2 2 2 0 0 0 2 0 0 2 0 0 2 0 1 2 0 2 0 2 2 1 2 0 2 2 0 2 2 0 0 0 2 2 2 0 0 0 2 2 1 0 0 2 0 
840 689
689 386
386 707
707 906
906 566
566 293
293 550
550 33
33 976
976 746
746 984
984 941
941 241
241 347
347 346
293 133
133 194
194 741
741 121
121 318
318 99
99 420
420 125
125 924
924 172
172 348
348 143
143 526
526 901
901 169
169 577
577 753
753 26
26 134
134 395
395 182
182 163
163 801
801 354
354 846
846 986
986 453
453 922
922 853
853 262
262 594
594 747
747 791
791 862
862 637
637 981
981 157
157 751
751 676
676 380
380 669
669 145
145 364
364 660
660 109
109 242
242 88
88 534
534 601
601 590
590 456
456 694
694 532
924 355
355 12
12 433
550 620
318 576
576 963
963 450
450 525
525 475
475 34
34 547
547 997
997 580
580 617
617 74
74 706
706 332
332 300
300 985
985 859
859 19
19 702
702 261
261 778
778 663
663 829
829 226
226 107
107 162
162 903
903 52
52 651
651 979
979 390
390 165
165 120
120 828
828 440
440 446
979 625
625 923
923 556
556 468
468 800
800 40
40 3
475 865
865 489
489 975
975 718
718 283
283 856
856 638
638 25
25 775
775 685
685 161
161 340
340 356
356 575
575 199
199 571
571 698
698 71
71 603
603 911
911 987
987 111
161 615
615 495
495 665
665 789
853 430
430 825
825 812
812 809
809 951
951 919
495 216
216 366
366 265
265 488
488 677
677 30
30 50
50 438
438 916
916 397
397 636
636 982
982 138
525 119
119 748
748 764
764 768
768 297
297 723
723 715
715 896
896 517
517 164
164 954
954 584
584 802
802 656
656 824
824 783
783 142
142 837
837 322
322 777
777 521
521 792
792 972
972 763
199 153
153 993
993 486
486 971
971 449
449 435
435 384
384 719
719 555
555 611
611 897
897 735
735 692
692 595
595 423
423 79
79 152
152 477
477 424
424 385
385 686
686 408
408 876
876 630
630 259
259 314
314 749
749 609
609 35
35 8
8 36
36 16
265 553
553 940
940 41
41 66
66 93
93 70
70 296
525 623
623 994
994 786
786 103
103 803
803 429
429 224
224 276
276 139
139 47
47 592
592 508
508 452
452 414
414 118
355 898
71 94
94 269
269 271
271 407
407 77
77 754
440 543
543 333
333 883
883 761
761 274
274 170
170 359
359 565
565 944
944 649
649 252
252 598
598 234
234 215
215 989
989 652
652 830
830 287
768 912
912 930
930 425
425 742
742 960
960 536
536 776
477 358
358 539
539 523
523 564
564 396
396 6
6 421
421 545
545 416
416 160
160 363
363 727
727 530
530 179
179 851
851 326
326 893
893 210
210 644
644 560
560 518
518 990
990 313
313 680
680 270
270 72
72 344
344 513
513 743
743 275
275 627
627 175
175 308
308 570
570 700
700 263
263 419
419 857
857 519
519 100
8 292
430 878
878 102
102 481
481 126
126 529
529 18
18 563
963 254
254 681
681 953
953 502
502 744
744 485
485 251
251 232
232 863
863 647
647 643
643 289
289 684
684 24
24 645
645 720
720 823
823 409
409 640
640 352
352 910
910 256
663 342
342 417
417 89
89 51
51 805
805 176
176 445
445 2
2 708
708 531
531 214
214 970
970 329
812 357
357 788
788 85
85 533
533 235
235 394
394 887
887 219
219 220
220 116
116 231
684 304
304 668
668 745
745 907
907 666
666 389
389 635
635 813
813 229
229 150
150 891
891 728
728 767
767 63
63 238
238 622
622 762
762 860
860 399
399 661
661 631
631 691
691 248
248 436
262 704
704 61
61 849
849 604
604 180
180 807
807 331
331 939
939 91
91 756
756 908
908 482
482 378
378 917
162 818
818 298
298 56
644 760
760 339
339 92
92 277
277 5
5 781
781 478
478 905
905 875
875 212
212 479
479 606
606 528
528 787
787 544
544 808
808 447
447 321
891 988
180 520
520 264
264 797
797 817
817 900
900 866
866 387
387 920
920 734
36 759
759 815
815 888
888 509
509 206
623 790
790 415
415 64
64 188
188 441
441 73
73 7
7 343
343 267
267 294
294 915
915 672
672 816
816 974
974 171
171 551
551 573
573 548
548 678
678 696
696 223
223 821
821 129
129 59
59 710
668 774
774 455
455 250
250 848
88 128
128 209
116 567
567 713
713 659
749 579
579 246
340 899
899 675
502 966
966 596
596 426
426 894
894 459
459 729
729 879
879 490
490 412
412 674
674 39
39 538
538 108
108 864
864 82
82 881
881 732
732 503
503 122
122 185
185 57
57 141
141 197
197 793
793 101
101 558
558 522
522 873
873 272
272 867
274 260
252 69
69 476
476 466
466 714
714 178
178 309
309 21
125 650
788 22
22 874
874 968
968 249
249 484
484 470
470 382
382 78
78 701
701 785
785 23
23 196
196 198
198 752
752 738
738 537
537 365
365 361
361 589
589 190
190 587
587 838
838 112
112 268
268 205
74 693
615 221
221 607
607 469
469 155
7 295
295 667
667 130
130 328
328 381
381 962
962 83
851 511
511 634
634 448
448 843
843 434
434 494
494 554
554 933
933 542
542 938
938 307
307 217
217 827
827 683
683 388
388 983
983 413
413 392
392 998
849 500
786 942
942 798
798 159
159 892
892 84
84 370
130 187
187 257
257 195
195 186
329 839
839 38
477 885
885 302
302 55
55 956
482 90
90 462
462 770
770 833
833 654
654 353
353 58
58 958
958 895
895 37
37 737
737 184
184 507
507 312
312 371
371 189
189 585
585 350
350 464
464 237
237 106
106 31
31 992
992 96
96 65
65 431
431 945
945 218
218 926
5 855
855 137
137 682
682 695
695 458
777 173
173 316
316 795
654 557
557 45
45 925
528 501
501 624
252 641
641 53
318 653
653 780
780 327
327 405
405 664
664 642
642 861
861 28
970 730
730 236
236 717
717 303
303 46
46 662
521 374
374 996
996 540
540 890
890 335
335 87
87 299
299 515
515 15
15 444
444 42
42 880
880 552
552 612
612 472
472 463
463 146
146 351
351 599
45 964
964 496
275 935
935 401
401 771
343 113
113 123
123 362
362 334
334 367
367 323
323 978
978 319
396 181
181 733
733 498
498 315
315 673
673 473
473 722
722 183
183 610
220 393
393 869
869 755
755 281
281 48
48 886
886 629
629 497
497 9
9 471
471 258
258 451
451 578
578 834
834 288
288 222
222 725
725 240
240 86
86 168
168 406
406 882
882 639
639 841
841 32
32 67
67 151
151 400
400 934
934 697
697 950
950 403
403 244
244 11
11 510
510 712
712 619
619 726
726 574
574 158
158 49
49 703
703 402
402 68
68 410
410 658
658 602
602 193
198 285
285 422
422 432
432 796
558 721
721 247
247 207
207 439
439 597
597 27
27 921
921 784
784 947
947 583
583 516
516 474
474 192
192 928
928 946
946 13
13 844
844 705
705 14
14 902
902 167
167 758
758 591
591 799
799 1000
1000 779
779 632
632 17
53 127
127 616
616 493
493 136
136 581
581 465
465 810
810 535
535 822
822 338
338 43
302 854
941 273
273 628
628 305
305 243
243 280
280 349
349 657
657 588
588 233
233 952
952 740
740 202
202 820
820 850
850 549
88 835
835 614
614 948
948 995
995 561
561 931
931 148
148 310
310 336
336 200
200 626
626 166
166 977
977 398
398 913
913 131
131 177
177 4
4 546
513 81
81 135
135 379
379 618
618 765
765 872
822 514
514 605
605 20
20 372
372 324
324 230
230 147
147 782
782 110
110 541
541 929
929 914
914 512
512 144
144 608
608 104
104 699
699 687
687 373
373 253
253 572
572 648
648 97
97 980
980 773
773 154
154 454
454 443
443 320
320 286
286 904
904 284
284 291
291 225
225 114
114 290
290 967
967 75
75 877
877 506
506 29
29 325
325 492
492 750
750 132
132 757
757 568
568 1
1 927
423 208
208 174
174 724
724 961
961 98
626 959
959 852
605 411
411 794
794 228
228 937
799 204
204 80
80 505
505 211
511 845
845 842
842 769
769 847
847 437
437 487
487 527
527 491
491 301
301 670
670 655
655 772
772 999
999 804
804 826
826 868
868 105
105 369
369 524
524 811
811 245
245 499
486 457
457 858
858 932
490 969
969 949
949 716
716 279
279 117
117 10
10 806
806 965
965 124
124 593
593 376
376 832
832 360
360 559
559 337
337 383
383 870
870 918
918 95
95 428
428 156
156 483
483 690
690 884
884 317
317 227
227 504
504 739
739 711
70 957
214 442
442 62
62 266
266 480
480 600
600 377
377 731
731 461
461 311
311 306
306 831
831 943
943 368
368 819
819 836
836 418
418 621
918 582
582 375
375 213
213 60
60 140
140 709
709 467
467 671
671 991
991 341
341 936
936 889
889 562
562 646
646 613
613 460
460 404
404 255
255 239
239 909
909 427
427 688
688 203
203 149
149 115
115 586
586 391
391 955
955 569
569 44
44 766
766 633
633 191
191 282
282 54
54 679
679 736
456 76
76 330
330 814
814 973
430 871
871 345
803 201
201 278
1000 8
0 2 2 0 0 2 2 0 0 0 2 0 0 0 2 2 0 0 2 0 2 0 0 1 2 1 2 0 0 2 2 2 0 0 0 2 0 2 2 2 2 0 2 2 2 0 2 2 0 2 0 0 2 0 2 0 0 0 0 2 2 0 0 0 2 1 0 2 2 2 2 2 0 2 2 2 0 0 0 0 0 2 0 2 2 0 0 0 2 1 1 2 1 0 0 0 0 2 2 2 2 0 0 0 0 2 0 0 0 2 2 0 0 2 0 0 0 0 2 2 0 0 2 0 1 0 2 2 0 2 0 0 0 0 2 2 1 2 1 2 0 0 2 2 0 0 0 2 0 2 2 2 1 1 0 2 2 2 0 0 0 2 0 2 2 2 0 2 0 0 2 0 1 1 0 0 2 2 1 0 2 2 0 0 0 2 0 0 2 2 2 2 1 1 1 2 2 0 2 2 2 2 2 0 2 2 1 0 2 2 1 0 2 2 2 2 0 2 0 0 0 0 0 1 0 0 0 2 0 0 2 2 0 0 0 1 2 0 2 0 0 2 2 0 2 1 2 1 0 2 0 0 2 2 0 0 0 2 0 2 2 2 2 2 0 0 1 2 0 0 0 0 2 0 0 0 0 2 2 2 0 2 2 0 0 0 2 2 0 1 0 0 2 2 2 0 2 0 2 2 0 0 0 2 0 2 2 2 2 2 0 2 0 2 0 0 0 2 0 0 2 2 0 0 1 0 2 0 0 2 2 2 2 0 2 2 2 1 0 2 2 2 0 0 0 1 2 0 0 2 1 2 1 0 2 0 0 2 2 0 2 1 2 2 0 1 2 2 0 0 0 2 1 0 2 2 2 2 2 0 2 0 0 2 1 2 0 0 1 0 2 1 2 0 2 0 2 2 2 2 0 2 2 2 1 2 2 0 2 0 0 0 0 2 0 0 0 2 2 2 2 0 1 2 0 2 0 2 2 0 0 2 2 0 2 0 0 0 0 2 0 0 2 2 0 1 0 0 2 0 2 2 2 0 0 0 1 1 2 0 2 2 2 2 0 1 2 2 2 1 2 1 2 0 0 0 0 2 2 2 0 2 1 2 2 0 2 2 0 2 2 0 2 0 0 2 2 2 0 0 2 2 0 2 0 1 0 2 2 0 0 2 0 2 2 0 0 1 0 2 0 2 2 2 1 2 0 0 0 2 1 2 0 0 2 0 2 1 1 2 2 2 2 2 0 0 2 0 0 2 2 0 2 0 0 0 1 0 0 2 0 2 2 1 1 0 2 2 0 2 0 2 0 0 2 0 0 2 0 0 0 1 0 0 2 2 0 2 0 0 1 2 2 2 2 0 2 2 2 0 0 0 0 2 2 0 0 0 0 1 2 0 0 0 2 1 2 2 0 0 0 2 2 1 2 1 0 0 2 0 2 2 0 2 0 2 0 2 0 2 2 2 2 2 0 2 0 2 2 2 0 0 2 0 2 0 2 2 0 2 2 0 2 2 2 0 0 2 1 2 2 0 2 2 0 2 2 2 2 2 0 0 0 0 2 1 0 2 2 2 2 2 0 0 1 2 0 2 2 2 0 2 0 2 0 2 0 2 0 2 2 1 2 0 0 0 0 0 2 0 2 0 2 2 2 0 2 0 0 0 2 0 2 1 0 0 2 2 2 1 0 2 2 1 2 2 2 2 0 2 2 0 1 0 2 0 0 2 0 2 2 2 2 0 2 0 2 2 0 0 0 0 2 0 0 2 2 0 2 2 2 0 0 1 2 2 2 2 2 0 2 2 0 0 1 2 2 0 0 0 0 2 0 0 0 2 0 0 2 0 2 2 0 1 2 2 1 2 0 0 2 1 0 2 1 2 2 0 2 0 0 2 2 0 2 0 0 0 2 1 2 2 2 0 2 0 2 1 0 2 0 0 0 2 0 0 2 0 0 0 0 0 0 0 0 0 2 0 2 2 0 2 2 0 0 0 1 2 2 2 2 2 1 1 0 2 2 2 0 2 0 2 2 2 0 1 0 0 2 2 2 1 2 0 0 0 0 2 2 0 0 2 2 2 0 2 2 0 2 0 0 0 2 2 2 0 2 0 2 0 2 1 0 2 0 0 0 0 2 2 1 0 2 1 2 1 0 0 2 1 2 2 0 0 1 2 2 0 1 0 0 0 0 2 0 0 0 0 2 0 0 2 2 0 1 0 0 2 2 2 0 0 2 2 1 0 0 2 2 2 1 2 2 2 2 0 2 0 2 2 
730 206
206 369
369 783
783 543
543 680
680 449
449 663
663 233
543 900
900 328
328 276
730 738
738 615
615 703
703 973
973 297
297 119
119 873
873 499
499 917
917 546
738 914
914 68
68 32
32 685
685 515
515 646
646 28
28 363
363 377
377 880
880 647
647 102
102 573
573 417
417 133
133 860
860 957
957 961
961 798
798 847
847 6
6 538
538 644
369 430
430 834
834 616
616 313
313 664
664 696
696 795
795 1000
1000 171
171 549
549 512
512 731
731 299
299 741
741 3
3 498
498 805
805 460
460 247
1000 904
904 712
712 263
263 945
945 215
215 828
828 905
905 249
783 289
289 266
549 11
11 607
607 409
409 218
218 239
239 740
740 452
452 164
164 474
474 890
890 969
969 692
692 503
503 652
652 817
817 220
220 259
259 272
272 994
994 796
796 484
484 632
632 925
925 975
975 892
892 659
659 304
304 117
117 948
948 519
519 785
785 399
399 540
540 842
842 282
282 49
49 612
612 719
719 601
601 332
332 412
412 147
147 689
289 764
764 100
100 354
354 835
49 660
660 772
772 48
48 629
835 50
50 432
785 352
352 829
829 280
280 808
808 926
926 602
602 714
714 256
256 189
189 370
430 984
984 390
390 972
972 837
837 179
179 751
751 193
193 38
38 686
686 77
77 479
479 275
275 393
393 170
170 137
137 454
454 426
426 4
4 955
955 146
146 786
786 896
896 911
911 62
62 759
759 548
548 395
395 711
711 681
681 542
542 350
350 941
941 787
787 901
901 970
970 830
830 868
868 743
743 898
898 866
866 481
481 241
241 674
674 977
977 128
128 634
634 653
653 91
91 684
684 910
910 654
654 510
510 90
117 739
739 23
23 511
511 182
182 277
277 988
988 710
710 151
151 487
487 960
960 563
563 180
180 581
581 840
840 174
174 833
833 230
230 996
996 115
432 187
187 142
948 521
521 473
473 79
79 235
235 372
372 237
237 186
186 161
161 166
166 333
333 617
617 921
921 157
157 67
67 545
545 827
827 217
217 950
988 850
850 401
401 779
779 872
872 566
566 106
106 760
760 427
519 8
8 952
827 278
896 335
335 867
867 930
930 916
916 938
938 535
535 822
822 466
466 341
341 86
86 825
825 769
769 951
951 255
255 342
342 469
469 906
906 576
576 594
594 668
668 149
149 219
219 723
723 5
5 963
963 197
197 954
954 470
470 895
895 327
327 89
89 153
153 10
10 199
952 385
385 974
974 362
362 31
31 934
934 995
995 343
343 59
59 790
790 300
300 614
614 584
584 284
284 396
396 985
985 585
585 348
348 641
641 721
721 456
456 539
539 605
605 308
308 570
570 316
316 349
349 508
508 637
637 698
698 126
126 176
176 603
603 993
993 966
966 923
923 956
956 819
819 940
940 613
613 551
551 507
507 574
574 776
681 870
870 61
61 58
58 190
190 455
455 677
759 753
753 536
536 227
227 849
849 123
696 924
924 462
449 816
816 226
226 223
223 565
565 650
650 428
428 14
14 463
463 444
444 728
728 577
577 415
415 15
15 655
655 439
439 251
251 699
699 836
836 998
998 831
831 746
746 720
720 534
534 495
495 877
877 894
190 150
150 357
357 104
104 718
718 43
43 383
515 433
433 386
655 907
907 758
758 138
138 640
640 791
791 195
195 843
843 532
532 9
9 782
782 88
88 558
282 178
178 491
491 380
380 210
210 946
946 107
107 295
295 394
394 221
221 639
639 767
767 94
94 853
853 228
228 140
140 1
1 122
122 672
672 997
997 245
245 480
480 93
93 351
351 298
833 621
621 777
777 619
619 314
314 279
279 257
257 366
366 465
465 944
944 80
80 678
678 826
826 575
827 775
775 310
310 404
404 814
814 442
442 520
520 725
725 754
754 407
407 209
209 95
95 789
789 154
255 824
641 980
980 414
414 382
382 524
524 755
755 909
909 36
36 172
172 374
90 155
155 234
234 39
39 500
500 103
103 528
528 437
437 309
309 623
623 886
886 765
765 838
838 568
568 962
962 365
520 704
704 118
118 722
722 552
552 214
214 261
261 136
136 531
531 611
611 158
158 125
125 285
285 326
326 815
815 852
852 920
920 113
113 846
846 7
7 301
301 290
290 569
569 92
860 793
793 20
20 451
67 124
124 697
697 87
87 671
671 63
63 747
499 959
546 600
600 989
989 224
10 562
562 445
445 485
629 978
350 238
238 878
878 436
436 472
472 108
108 131
131 726
377 701
701 893
893 188
188 630
630 579
579 109
109 780
780 258
258 564
564 812
812 757
647 935
935 811
811 42
42 322
322 682
682 488
488 120
120 618
618 371
371 201
201 446
446 229
960 750
750 185
185 52
119 303
303 325
325 196
196 246
246 175
175 431
431 590
590 716
716 636
636 874
874 306
306 324
324 356
356 707
707 968
968 645
645 642
642 203
203 344
344 804
804 267
267 774
774 207
207 33
33 627
627 609
609 771
771 553
553 493
493 307
307 317
317 516
516 281
281 293
293 330
330 583
583 296
296 213
213 875
875 715
715 132
132 554
554 987
987 468
468 589
589 360
360 173
173 47
47 204
204 544
544 273
923 869
869 408
408 12
12 37
37 45
45 547
547 620
985 194
194 450
621 939
939 756
756 580
580 986
986 527
527 208
208 211
211 265
265 162
162 781
781 876
303 533
533 864
864 851
851 346
346 810
698 135
135 376
376 270
270 152
152 478
783 114
114 144
144 418
418 375
375 55
55 2
2 891
891 537
537 748
748 560
560 713
713 561
561 879
879 942
942 586
586 373
373 675
675 967
967 683
683 556
556 492
492 405
405 112
112 181
181 321
321 693
693 70
70 165
165 687
687 467
335 389
389 423
423 73
73 813
952 953
953 606
606 979
979 818
795 250
250 667
667 517
517 98
98 922
922 99
99 291
291 734
734 752
752 784
784 424
424 66
66 441
441 368
368 435
435 496
496 717
717 21
21 253
424 345
345 97
97 913
913 610
610 82
566 990
990 695
695 727
727 631
631 658
658 599
599 64
64 669
669 400
400 889
889 225
225 78
78 169
169 143
953 947
947 557
375 971
971 638
638 749
749 413
413 264
264 54
54 416
416 708
708 661
55 788
788 200
200 65
65 25
25 130
954 337
337 453
453 13
13 110
110 191
191 248
248 884
884 75
75 809
809 477
477 865
370 676
676 111
111 425
425 145
145 902
902 820
820 773
773 41
41 459
459 319
319 635
635 625
625 572
572 323
323 471
471 358
358 240
240 694
145 421
421 30
30 929
929 29
29 254
254 981
981 18
18 624
624 931
279 40
40 448
448 744
744 928
928 608
608 271
271 141
492 85
85 46
945 315
315 212
212 294
294 419
419 745
745 286
286 649
649 999
999 541
541 410
410 127
127 763
763 806
806 83
83 71
421 854
854 252
252 883
883 331
331 855
182 355
355 882
882 604
604 44
44 593
593 35
35 505
505 320
320 156
156 591
723 338
338 768
768 670
843 353
353 729
729 159
159 506
506 888
888 269
269 222
222 899
899 163
163 982
982 778
778 595
712 518
518 96
96 402
402 497
497 489
489 440
440 268
268 494
494 588
588 770
770 887
887 305
305 340
340 148
148 60
60 841
841 329
329 22
22 403
403 116
116 965
965 26
26 797
797 74
74 596
850 57
57 490
490 529
529 359
359 458
458 392
744 571
571 76
723 523
523 522
522 438
438 679
679 242
242 447
447 101
101 958
958 908
908 628
628 859
859 422
422 379
379 832
832 643
643 504
504 919
919 216
216 651
651 800
800 802
802 502
116 690
690 705
705 848
848 16
16 801
801 283
283 312
669 129
129 336
336 598
598 559
974 184
184 56
56 177
177 702
702 932
932 648
648 17
17 388
388 205
205 700
700 799
799 167
167 461
461 231
231 202
202 387
387 318
318 862
862 361
361 622
622 34
34 27
27 550
550 665
665 288
288 933
933 24
24 733
733 483
483 443
443 881
881 992
992 839
839 397
397 844
844 762
762 334
334 964
964 486
486 724
724 232
232 858
858 72
72 378
378 666
666 398
398 856
973 949
949 915
915 597
597 105
105 381
381 509
509 19
19 434
434 657
657 367
367 236
236 976
976 761
761 302
302 735
735 274
274 673
673 501
501 475
475 736
736 406
406 339
339 84
84 139
139 823
823 857
857 706
706 311
311 384
384 897
897 457
457 626
626 69
69 821
934 514
99 420
248 567
567 391
391 656
656 464
464 292
292 943
874 871
871 936
936 863
863 885
885 121
121 262
262 803
803 347
347 794
794 243
243 991
991 912
912 903
323 927
927 983
983 183
183 525
525 688
688 192
192 792
792 526
526 51
51 633
633 555
555 578
578 134
134 168
168 81
81 476
476 737
737 691
691 429
429 662
662 260
260 937
937 411
411 742
377 766
766 530
530 732
732 709
429 364
364 592
592 53
53 513
513 845
845 918
918 587
587 244
244 861
861 582
582 482
482 287
287 160
160 807
807 198
1000 10
2 2 0 0 2 2 0 0 0 1 0 0 2 2 0 0 0 2 0 2 0 0 2 2 0 2 1 0 0 1 2 0 2 0 2 0 0 2 1 0 2 0 0 2 2 2 0 0 2 0 0 2 0 0 2 0 2 0 2 0 0 0 0 0 2 2 2 2 1 2 0 0 0 2 2 1 0 0 2 0 2 0 0 1 2 2 2 0 0 0 0 2 2 0 0 0 2 0 0 0 1 1 0 0 2 2 2 0 0 1 0 0 0 0 0 0 0 0 2 2 2 0 1 0 2 2 0 2 0 2 2 0 2 2 2 2 2 0 2 2 2 2 0 2 0 2 0 2 2 0 0 1 0 2 0 1 2 0 1 2 0 2 2 2 2 2 2 1 2 2 2 0 0 2 0 2 2 2 0 0 0 1 0 2 0 0 2 0 0 2 2 0 2 0 0 0 0 0 0 0 0 2 2 0 0 0 0 0 2 1 2 0 0 0 0 1 2 2 0 0 2 0 0 0 0 2 2 2 0 1 2 2 0 0 2 2 2 0 2 2 0 0 2 0 2 2 2 0 0 2 2 0 0 0 2 2 2 0 2 2 1 0 0 2 0 1 0 0 2 0 2 0 1 2 0 0 2 0 2 0 0 2 2 2 2 0 0 0 1 2 2 2 0 2 1 2 2 0 2 2 2 0 0 1 2 0 2 0 2 2 0 0 2 0 2 0 0 2 0 0 2 2 2 2 2 0 2 2 2 0 2 0 0 0 0 2 0 0 0 0 0 2 0 2 0 0 0 2 0 0 2 1 0 0 2 2 0 0 0 0 2 0 2 2 0 2 2 2 0 2 2 0 2 2 2 0 0 0 0 0 2 1 2 1 0 2 0 1 0 2 2 1 0 2 2 0 2 0 0 2 2 2 0 0 0 0 2 2 0 2 0 2 0 2 2 1 2 2 0 0 0 0 0 2 1 2 0 2 0 2 0 2 1 0 2 0 0 0 2 0 1 2 0 1 0 0 2 2 0 1 0 0 0 2 2 0 1 2 0 2 2 1 2 2 2 2 0 2 2 2 2 2 0 2 0 2 0 2 2 2 0 2 0 0 1 1 1 0 0 0 1 0 2 2 0 0 2 2 2 2 0 2 2 0 2 0 2 2 0 2 0 0 2 0 0 0 0 2 0 2 2 0 2 1 2 2 0 0 0 2 2 0 0 0 2 2 2 1 0 1 1 1 2 2 2 0 2 0 0 2 1 0 0 0 1 2 2 0 0 2 2 1 0 0 0 2 2 0 2 2 2 2 0 2 0 0 2 1 2 1 2 2 1 2 0 0 2 2 2 0 2 0 0 1 2 0 0 0 0 2 2 0 2 0 2 2 0 2 2 0 0 0 0 0 2 0 0 2 0 2 1 0 2 2 0 0 0 0 0 2 2 0 0 1 2 0 2 1 2 0 2 1 1 0 0 2 0 0 0 2 1 2 2 0 1 0 2 0 2 0 2 2 0 2 0 0 2 0 2 2 2 0 2 2 1 1 2 0 2 0 0 0 2 2 2 2 0 0 0 0 0 2 2 0 0 2 2 2 0 0 0 0 0 2 0 0 2 2 1 0 0 0 0 1 1 2 0 2 0 2 2 2 2 2 2 2 0 0 1 2 0 2 0 2 0 0 2 2 0 1 0 0 2 1 1 0 2 0 2 2 2 2 0 2 2 2 1 1 0 2 2 1 1 0 2 0 0 2 0 0 2 0 0 2 0 0 0 2 2 0 0 2 2 0 2 0 0 0 2 0 1 0 0 2 1 0 0 0 0 0 0 2 2 1 0 2 0 2 2 0 2 0 2 0 1 0 0 1 0 2 2 0 2 2 2 2 2 0 2 2 2 0 1 0 2 0 0 2 0 0 2 0 2 2 0 0 2 1 0 2 2 2 1 2 2 0 2 2 0 0 1 0 2 2 0 1 0 2 2 2 0 0 0 2 1 2 0 2 2 0 1 2 2 0 2 0 0 0 2 2 1 2 2 2 2 0 2 0 1 2 1 2 2 1 0 2 2 0 0 0 0 2 1 0 2 0 0 2 0 2 2 0 0 0 2 2 2 0 0 0 2 0 2 0 0 0 2 0 0 2 2 2 1 2 2 2 1 2 0 2 2 2 2 2 0 0 0 0 1 2 1 0 0 2 0 2 0 0 1 2 2 2 0 2 2 0 2 0 0 0 2 0 2 2 2 0 0 0 2 0 0 0 1 2 2 0 2 2 0 0 
915 576
576 741
741 518
518 366
518 50
50 318
318 396
396 305
50 635
635 647
647 925
925 492
492 545
545 678
678 807
807 885
885 186
186 873
873 27
27 491
491 690
690 875
875 504
504 957
957 717
717 312
312 468
468 830
830 580
580 495
495 262
468 565
492 584
584 83
83 582
582 350
350 79
79 790
790 696
696 65
65 397
397 624
495 86
86 606
606 988
988 937
937 7
7 531
531 528
528 959
959 942
942 662
662 748
748 250
250 88
88 964
964 698
698 912
912 427
427 340
340 460
460 550
495 60
60 253
253 913
913 900
748 505
505 789
789 72
72 509
509 992
992 822
822 351
789 877
877 525
525 931
931 123
123 799
799 76
76 946
946 720
720 200
200 386
885 170
170 404
404 169
170 587
587 589
589 193
193 686
686 965
965 534
534 271
271 541
541 950
950 861
495 158
158 473
473 621
621 279
279 795
468 743
743 744
744 537
537 8
875 194
194 701
701 945
945 339
339 591
591 590
590 125
125 967
967 309
309 930
930 669
492 809
809 839
839 548
548 569
569 906
906 837
837 224
224 520
520 178
178 664
664 631
631 941
941 357
357 904
904 920
920 163
491 10
10 508
508 714
714 298
298 355
355 149
149 324
324 838
838 740
740 598
598 655
655 802
802 12
12 20
20 338
338 626
626 175
175 323
323 142
142 544
544 248
248 772
772 845
845 610
967 727
727 472
472 337
337 914
914 399
399 680
680 870
870 848
848 335
335 115
115 856
856 728
728 53
86 649
649 436
436 578
578 332
332 249
249 625
625 794
794 928
928 673
673 683
683 916
916 732
732 646
646 832
832 820
820 976
76 521
521 372
175 557
557 208
208 637
473 486
486 871
871 348
348 798
798 220
220 586
586 549
549 387
387 860
860 699
699 502
502 434
434 858
858 614
614 990
990 785
913 639
639 735
735 703
703 18
18 268
268 71
71 975
975 145
145 886
886 781
781 911
911 177
177 994
994 829
829 116
116 793
793 409
396 84
84 723
723 385
385 599
599 833
833 111
111 602
602 487
495 101
101 343
343 645
645 905
905 135
135 834
340 984
984 665
665 211
686 406
406 730
730 641
641 176
176 922
922 264
264 412
412 773
773 82
82 313
313 679
679 895
895 981
981 437
437 483
483 467
467 198
198 36
193 97
97 365
365 234
234 301
301 78
78 968
582 254
254 529
529 517
517 867
867 172
172 892
892 26
26 918
918 1
1 891
891 940
301 903
903 494
848 333
333 927
927 306
306 923
271 482
482 344
344 711
858 874
60 2
2 433
433 155
155 33
33 831
831 894
587 257
257 648
648 718
718 229
229 43
43 14
14 167
167 132
132 938
938 449
449 805
805 695
695 310
310 192
192 341
257 202
487 258
258 308
308 784
784 388
388 733
733 228
228 972
972 756
756 59
59 573
573 816
816 444
444 227
227 762
762 275
795 390
390 265
265 296
296 30
30 765
765 153
153 552
552 278
278 778
778 371
371 852
852 9
9 974
974 240
240 475
475 500
500 710
710 334
334 461
461 19
19 368
368 128
128 579
579 497
497 681
681 374
928 616
616 171
892 138
138 120
120 375
375 558
558 638
427 321
321 840
840 398
398 45
45 477
477 943
943 612
612 320
320 828
828 768
768 617
617 689
689 715
715 91
91 908
908 66
66 811
811 440
440 788
582 174
174 243
243 302
302 293
293 207
207 524
524 782
782 139
139 269
83 347
347 233
233 676
676 277
277 535
535 747
747 3
3 416
416 261
261 114
114 949
949 533
533 513
513 272
272 879
879 87
87 70
70 124
124 761
761 751
751 786
786 933
933 187
187 326
326 702
702 563
145 546
546 480
480 403
403 952
952 294
294 956
956 595
595 634
634 303
303 734
734 363
363 182
182 763
33 907
167 597
597 230
230 652
652 92
92 73
73 842
842 395
395 364
364 384
384 755
755 426
426 38
38 887
887 571
571 99
99 738
738 777
777 31
31 213
213 939
939 373
53 327
327 236
236 379
379 787
787 287
287 515
515 769
769 74
74 67
67 932
932 523
523 370
370 658
658 987
517 721
721 493
493 392
392 165
165 796
796 604
604 642
642 456
456 317
317 80
80 130
130 716
840 361
732 753
753 553
553 291
291 600
600 766
766 780
780 122
122 736
736 68
271 902
250 127
127 109
109 869
869 868
868 463
463 851
851 739
739 422
422 823
823 704
704 183
183 237
237 618
525 854
854 414
414 448
448 538
538 630
630 391
391 898
375 893
893 428
428 263
263 112
112 682
682 706
706 749
749 402
402 39
39 687
687 801
801 539
539 446
446 210
210 752
752 179
179 16
16 948
948 189
189 424
424 507
507 462
462 276
276 947
414 108
108 817
817 880
880 581
581 359
359 691
691 160
160 376
440 51
51 989
989 377
377 995
995 620
620 342
342 443
443 608
608 331
331 771
771 484
484 876
876 223
223 960
960 458
377 35
35 985
985 684
597 360
360 407
407 924
924 203
203 330
330 421
421 102
102 13
13 63
63 159
762 712
712 336
336 311
311 356
356 164
164 29
29 195
195 479
786 760
760 661
778 225
225 393
393 241
241 551
551 474
474 566
566 742
742 724
724 148
148 804
279 113
113 561
561 199
199 168
168 666
666 156
156 707
707 423
423 52
52 746
746 239
239 562
562 510
510 353
353 255
255 821
821 219
219 154
154 345
345 653
653 929
929 496
496 358
358 25
25 958
958 466
466 542
542 872
872 882
882 745
745 757
757 267
267 564
564 585
585 890
828 285
285 853
853 619
619 151
151 100
100 969
969 435
435 62
62 382
382 536
536 266
266 292
292 770
770 191
191 445
445 394
311 844
844 651
651 499
499 453
453 465
465 432
432 776
923 6
6 713
713 362
362 526
526 675
675 288
868 106
106 978
115 677
677 554
554 299
299 725
725 23
842 295
295 862
862 98
98 806
806 146
146 470
470 783
783 792
116 242
242 613
665 217
217 411
411 17
17 150
150 636
636 883
883 846
846 383
383 212
45 962
962 574
574 103
103 986
986 633
790 349
349 934
194 231
231 328
328 319
319 259
154 841
841 849
849 415
415 81
81 594
594 451
451 105
105 22
22 206
206 667
667 281
281 450
450 304
304 459
459 244
295 944
944 997
997 863
863 418
418 104
104 314
314 836
836 235
235 897
897 180
551 623
623 1000
1000 232
232 705
705 982
982 896
896 173
173 605
605 32
32 369
428 95
95 5
5 774
774 300
300 693
693 899
361 568
568 438
438 442
442 157
157 865
865 420
420 280
280 405
63 452
452 901
258 24
24 530
530 96
96 998
998 719
719 289
289 559
559 144
144 650
650 588
588 575
575 218
218 447
447 921
921 85
85 57
57 951
130 126
126 818
818 118
118 117
117 814
145 826
826 316
974 555
555 936
936 866
866 847
847 622
622 284
284 803
803 514
514 593
593 69
69 522
522 750
750 166
166 864
864 498
498 824
824 737
737 955
955 42
42 966
966 75
561 556
556 808
472 963
963 722
722 835
835 629
629 850
850 329
329 668
668 478
478 729
729 660
660 663
663 570
570 431
431 378
378 692
692 245
245 800
800 215
215 221
805 697
697 400
400 644
644 471
471 592
592 260
260 657
657 708
708 204
204 354
354 659
659 64
64 674
153 246
246 367
367 209
209 4
4 511
511 413
413 476
476 119
119 627
627 488
466 89
89 709
709 439
439 754
754 44
44 214
214 775
775 825
825 282
282 410
410 881
881 216
216 572
572 979
979 238
238 583
583 577
175 973
973 971
971 819
819 999
999 596
596 134
134 547
547 143
143 252
252 49
49 61
61 464
464 15
15 935
935 297
297 56
56 656
656 815
397 726
726 812
812 11
11 506
506 953
953 352
352 147
147 41
41 485
673 791
791 917
917 611
611 226
226 481
481 425
425 532
532 501
501 140
140 609
609 185
185 540
449 810
810 121
121 37
37 273
273 758
758 797
797 136
136 107
107 926
926 430
430 489
489 77
77 141
404 980
980 441
405 527
527 34
34 632
632 694
694 688
688 322
322 184
184 759
759 205
205 429
429 859
859 40
40 270
270 983
983 884
884 601
601 731
731 843
843 607
922 419
419 516
516 543
543 47
47 417
417 381
381 503
503 162
162 977
977 560
668 672
672 188
188 910
910 813
813 670
670 315
273 181
181 996
996 654
654 137
137 919
846 909
909 286
286 878
878 457
457 55
55 889
889 954
954 603
603 58
58 222
222 133
133 764
764 380
380 454
454 767
767 129
129 827
827 21
21 855
855 94
94 628
714 519
519 970
527 274
274 640
640 700
700 643
643 991
24 247
247 90
57 28
28 93
93 307
307 389
389 469
469 512
512 197
197 325
325 779
779 110
110 131
131 888
888 993
993 961
961 567
567 54
54 48
308 283
283 615
615 190
190 290
290 401
401 408
408 685
685 256
256 455
931 490
490 152
152 196
196 346
772 46
46 161
161 857
857 671
671 201
201 251
1000 7
2 2 2 2 0 2 0 0 0 2 0 0 0 0 0 0 0 0 2 1 2 2 1 2 0 0 0 2 0 2 2 0 0 1 2 0 2 0 2 1 0 0 2 1 0 2 0 2 1 0 2 1 0 0 1 2 0 0 2 2 1 2 1 2 0 2 0 2 0 1 0 0 0 2 0 2 0 2 0 0 0 2 0 2 2 2 2 2 2 0 0 0 0 2 2 0 2 2 0 2 0 2 0 0 2 0 0 2 2 2 0 0 2 2 2 0 2 2 2 2 0 0 1 1 2 1 0 1 2 2 0 0 0 0 1 0 0 0 0 2 2 2 0 2 0 0 0 0 0 0 2 2 2 2 1 0 0 0 2 2 2 0 2 2 0 1 0 2 0 1 2 2 1 2 0 2 0 0 2 2 2 0 2 0 2 0 2 0 0 0 0 2 0 0 0 1 0 2 2 0 0 0 2 2 0 0 0 2 0 1 1 2 2 0 0 2 0 2 2 1 0 0 0 0 1 2 2 0 2 0 0 0 0 2 2 2 2 0 2 0 0 0 2 2 0 0 2 2 0 0 2 0 2 0 2 2 0 0 2 0 0 2 1 2 2 2 0 2 2 2 2 0 1 2 0 0 0 0 0 2 2 0 1 1 0 0 0 0 2 1 0 2 0 0 2 1 2 0 0 2 2 2 2 0 2 0 2 0 2 0 2 0 0 0 0 0 2 0 2 2 0 2 1 2 2 0 2 1 2 2 2 2 2 2 0 0 2 0 0 2 2 0 1 2 0 0 2 2 2 2 2 2 2 0 2 0 0 1 1 2 2 2 2 2 2 0 2 1 0 0 1 2 2 2 0 2 1 1 2 0 2 2 0 0 0 2 0 2 2 0 2 2 0 2 1 0 1 0 0 0 0 0 1 2 2 0 0 2 0 0 0 2 0 0 2 0 0 2 0 0 0 2 0 0 0 2 2 0 0 2 0 0 2 2 2 2 0 2 2 2 0 0 2 2 2 0 2 2 0 2 0 2 1 0 0 1 2 2 2 2 2 2 0 0 2 2 2 2 2 0 0 1 0 0 2 1 0 0 1 0 2 0 2 2 2 1 2 0 0 0 1 0 1 0 0 0 2 2 0 0 2 2 0 0 2 2 2 2 2 0 2 2 2 2 2 2 0 0 0 2 0 0 2 0 2 1 0 2 2 2 2 2 2 0 2 2 2 0 2 0 2 0 0 0 2 2 2 2 2 0 0 0 2 0 2 0 2 2 0 0 0 0 2 2 0 0 2 2 0 0 0 2 0 2 1 0 2 2 2 2 2 0 0 2 0 0 2 1 2 1 0 1 0 2 0 0 0 0 1 0 0 0 2 2 0 0 2 0 2 2 0 2 0 0 0 0 2 0 0 1 2 2 2 0 0 0 2 2 0 2 0 2 2 2 2 0 2 2 0 0 2 2 0 0 0 2 2 2 1 0 2 0 0 0 0 0 0 2 0 0 2 1 0 2 2 2 0 0 2 1 2 0 2 2 0 0 0 0 2 2 2 2 2 0 0 2 2 2 1 2 2 0 2 0 2 2 2 0 0 0 0 0 0 0 2 2 0 1 0 2 2 2 1 0 0 0 0 0 2 0 0 2 0 0 2 1 0 0 2 0 2 0 0 0 0 2 0 2 2 0 0 0 2 0 2 0 2 2 0 0 0 0 0 2 0 2 1 0 2 0 2 0 2 0 2 2 0 0 2 2 0 2 0 2 1 1 2 2 2 2 0 2 2 0 1 1 2 1 0 2 2 0 2 2 0 2 2 2 2 0 2 1 0 2 2 2 0 2 0 0 0 2 0 0 0 0 0 1 0 2 0 2 0 0 0 0 0 2 0 2 0 2 2 2 2 0 2 2 0 2 1 0 2 0 2 1 0 0 2 2 2 0 0 0 0 0 0 2 2 0 2 0 0 0 0 0 2 0 2 2 2 1 2 1 1 0 0 2 2 2 1 2 0 0 0 0 2 2 2 1 0 0 0 0 0 0 0 0 0 2 2 0 0 2 2 0 2 0 2 0 1 0 2 2 2 2 0 2 0 1 2 2 0 2 0 0 0 0 0 2 0 2 1 0 2 2 0 2 2 2 0 0 1 2 0 0 2 2 0 0 0 0 2 2 0 0 2 2 2 2 0 2 0 2 2 2 0 2 2 2 1 0 0 0 2 0 2 2 2 2 0 1 0 2 0 0 0 2 2 0 2 0 0 2 2 0 2 0 0 2 
16 616
616 543
16 733
733 430
430 337
337 206
206 106
106 109
109 954
954 85
85 269
269 931
931 804
804 197
197 758
758 240
109 190
190 382
382 832
832 744
744 491
491 79
79 976
976 997
997 675
675 138
832 435
435 872
872 580
580 477
477 486
486 802
802 163
163 818
758 639
639 15
15 510
510 846
846 529
529 698
698 547
547 582
582 6
6 377
377 361
361 849
849 92
92 967
967 275
275 622
622 482
482 506
506 122
122 146
146 475
475 119
119 174
174 41
41 420
420 607
607 127
127 913
698 141
141 942
942 319
319 877
877 281
281 317
317 664
664 748
748 279
279 998
998 803
803 253
253 44
44 453
453 105
105 194
194 380
380 299
299 611
611 373
373 980
980 414
414 856
856 526
526 614
614 618
618 394
394 890
890 859
859 711
711 31
31 647
647 839
839 829
829 387
387 513
513 97
97 490
998 371
371 587
587 757
757 688
688 383
383 306
306 649
649 660
660 81
81 410
410 891
891 811
811 790
790 937
937 685
685 669
669 933
933 706
706 667
667 690
690 143
143 651
651 110
110 717
717 809
109 164
164 505
505 434
434 418
418 217
217 456
456 379
379 34
34 650
44 776
776 934
934 459
459 895
895 548
548 771
771 686
686 91
91 159
159 801
801 768
768 610
610 888
888 245
245 50
50 70
70 239
239 911
911 673
673 985
985 851
851 283
283 399
399 791
791 962
962 750
750 136
136 191
890 87
87 451
451 966
966 546
546 752
752 386
386 637
637 358
358 427
427 408
408 589
589 640
640 180
180 619
619 233
233 825
825 73
73 991
991 484
484 60
60 192
192 854
420 89
89 845
845 606
606 963
963 218
218 799
799 793
793 865
865 201
934 923
923 903
903 307
307 313
313 549
549 286
286 609
609 924
924 862
862 545
545 343
343 522
105 321
321 179
179 369
369 719
719 492
492 339
339 562
562 447
447 11
11 848
848 665
665 295
295 940
940 298
298 287
287 296
296 826
41 658
658 977
977 416
416 13
13 835
835 632
632 819
819 625
625 154
154 131
131 98
98 288
288 653
653 261
34 570
570 926
926 914
914 921
921 745
745 879
879 54
453 590
590 785
785 289
289 248
248 494
494 176
176 620
620 152
152 401
401 62
62 560
560 897
897 716
716 498
498 315
315 214
214 732
732 558
558 493
493 312
312 411
411 596
596 465
306 9
9 984
984 58
319 357
357 290
290 813
813 139
139 663
663 310
963 540
540 880
880 874
874 268
268 378
373 437
437 965
965 588
588 203
203 112
112 525
716 35
35 168
168 335
706 392
998 794
794 215
215 345
138 94
540 237
237 535
535 657
657 873
873 988
988 932
932 23
23 927
44 42
42 242
242 751
751 330
879 147
147 293
293 83
83 184
184 502
502 577
577 503
503 597
597 987
987 827
827 398
398 155
155 876
876 466
466 983
997 836
15 320
320 919
919 626
626 778
778 178
178 909
909 74
74 255
255 115
115 810
810 68
68 350
350 740
740 641
641 514
514 842
811 534
534 822
822 654
654 220
139 982
982 439
439 481
481 311
311 725
725 559
559 760
139 712
712 436
436 767
767 780
780 623
623 170
818 720
720 211
965 349
349 316
316 431
431 508
508 479
479 230
230 32
32 257
257 668
668 458
458 995
995 782
782 495
495 76
76 601
601 209
298 48
48 777
777 643
643 200
200 328
328 761
761 958
958 817
817 747
747 202
202 642
642 860
860 95
95 483
483 723
760 259
259 986
986 271
271 779
779 857
857 519
519 500
500 670
670 708
708 576
106 604
604 922
922 264
264 362
286 737
141 381
381 727
727 43
392 18
18 280
280 628
628 728
728 920
920 40
40 763
98 592
54 460
460 521
521 413
413 121
382 124
124 101
101 442
442 150
150 262
262 957
957 38
826 1000
1000 57
57 709
709 37
37 3
3 979
979 66
66 755
755 769
769 935
439 572
572 254
254 424
424 893
893 828
828 61
61 886
886 715
715 59
242 236
236 591
591 884
884 648
648 787
787 346
346 64
64 277
277 815
815 84
84 969
969 467
467 195
195 955
955 14
14 523
523 256
256 531
11 563
563 263
893 724
724 333
333 173
173 516
516 749
749 847
847 329
329 774
774 762
762 710
710 713
713 452
452 936
936 938
938 883
883 45
45 426
426 946
946 103
103 219
219 114
114 4
4 520
520 795
795 22
22 415
415 538
538 600
600 970
970 128
128 360
360 25
25 422
422 700
700 17
17 573
573 916
916 863
863 672
672 731
731 278
278 960
960 868
868 515
515 551
551 56
56 621
621 53
53 117
117 137
137 956
956 235
235 550
550 396
396 971
971 659
659 77
77 489
489 166
166 853
853 270
270 397
397 830
830 973
973 912
912 7
7 400
400 468
468 99
99 27
27 88
88 694
694 185
185 485
485 850
850 981
981 902
902 402
402 208
208 273
610 499
499 443
443 887
912 994
994 746
746 21
21 627
89 961
961 332
332 169
169 687
79 55
55 734
734 948
948 409
776 80
80 205
205 789
275 978
978 781
781 838
838 474
474 824
824 359
359 334
690 579
579 871
871 352
352 975
975 666
666 812
812 39
39 742
742 930
930 193
193 882
882 939
939 843
87 765
765 629
650 528
528 536
536 472
472 90
90 96
882 445
445 722
722 820
820 102
102 213
213 678
678 221
221 391
391 652
652 441
441 739
739 384
384 226
226 574
811 52
827 968
968 805
805 646
646 951
951 389
389 376
376 309
309 964
184 412
412 446
446 831
831 444
444 449
449 759
759 693
693 578
578 63
63 323
323 82
82 544
544 135
135 504
514 741
627 231
231 249
846 421
421 272
668 527
527 425
425 703
703 542
542 314
314 972
190 407
407 227
227 30
68 702
702 167
167 12
12 910
910 266
266 111
111 238
238 892
68 302
302 368
368 51
51 662
662 949
949 697
173 797
797 189
744 26
26 476
476 325
325 463
463 944
944 898
898 125
125 69
69 918
918 454
454 448
448 93
240 881
886 844
844 224
224 374
374 867
867 351
351 450
450 187
187 113
113 225
225 348
348 241
241 419
419 204
204 324
324 347
347 908
908 198
198 473
473 331
331 354
354 692
692 885
885 108
108 171
171 533
533 153
153 438
438 530
530 162
162 953
953 866
866 941
941 661
661 181
181 928
928 567
627 390
390 726
726 701
701 2
2 524
524 569
569 917
917 19
19 116
116 870
870 104
104 100
100 340
340 945
945 247
247 584
584 28
28 274
274 682
682 680
680 464
464 497
497 681
109 833
833 512
512 575
575 186
186 134
134 634
634 901
901 605
768 511
511 608
608 429
429 132
132 385
385 561
982 989
989 594
594 199
62 603
603 775
775 907
907 182
182 852
510 695
695 364
364 691
691 875
875 840
840 175
175 861
861 301
301 568
568 615
615 158
158 338
338 393
393 375
375 841
903 297
297 29
141 33
33 684
684 999
999 631
631 517
517 772
772 267
267 947
947 327
327 404
404 336
447 730
730 996
996 260
260 344
344 735
261 816
816 433
433 645
645 821
821 251
251 258
258 992
992 488
678 638
638 365
365 990
990 322
175 571
571 925
925 556
556 537
537 959
959 896
896 858
858 599
599 172
172 403
403 480
480 696
696 581
581 469
469 207
207 743
743 617
617 929
929 899
899 244
244 120
120 49
49 228
228 388
388 705
705 149
149 156
156 974
974 699
699 303
303 655
655 47
47 107
107 183
183 496
558 636
636 142
142 133
133 355
355 598
598 417
417 353
353 683
683 144
144 10
10 129
129 501
530 721
721 367
367 5
5 564
564 284
284 674
198 123
123 276
276 677
677 905
905 869
869 455
455 282
282 65
446 565
565 71
71 595
595 395
395 906
906 487
487 800
800 557
557 222
222 993
993 943
943 753
753 806
806 764
764 232
232 130
130 72
72 593
593 292
883 950
950 633
633 75
75 36
36 356
356 126
126 554
554 305
305 250
250 689
689 291
291 8
8 223
223 792
441 602
602 423
423 786
786 756
756 585
585 370
370 729
729 518
518 151
151 118
118 342
342 86
86 566
609 704
704 586
586 478
478 613
613 707
707 243
243 878
878 784
784 405
405 285
285 366
366 904
904 624
624 583
583 363
363 754
754 635
635 432
748 770
770 461
461 216
216 894
515 671
671 252
252 265
265 78
78 406
406 212
212 656
656 864
864 294
294 798
798 300
300 644
644 807
807 372
372 507
507 471
471 718
718 676
676 177
177 229
229 160
229 783
783 814
814 796
924 788
788 736
736 612
612 428
428 145
145 148
148 823
823 553
553 234
256 552
552 773
773 834
834 304
304 308
308 555
555 915
915 67
67 900
900 326
326 509
509 470
470 855
855 679
679 140
140 161
161 440
440 188
188 738
922 714
714 157
157 952
952 24
24 808
808 165
165 196
196 532
532 539
539 46
46 889
889 462
835 210
210 457
457 341
341 766
766 246
331 837
837 630
630 1
1 20
20 318
318 541
1000 8
0 1 2 2 0 2 2 0 0 2 2 0 0 0 0 0 2 2 2 2 0 0 0 0 0 0 2 2 0 0 2 2 0 0 0 2 0 2 1 0 1 0 2 2 2 2 0 2 2 0 2 0 2 0 2 0 0 1 0 0 2 0 2 0 2 2 0 2 0 1 2 1 2 0 0 0 2 2 0 1 2 2 0 0 2 0 2 2 0 1 1 2 0 0 2 0 2 2 2 0 2 1 2 2 2 1 2 2 0 1 2 0 0 2 1 2 2 1 0 2 2 0 2 2 0 1 2 2 0 0 2 2 0 2 0 2 1 0 2 2 0 2 2 2 2 2 0 0 0 0 0 0 0 2 2 1 2 2 0 2 0 0 2 0 2 2 0 2 2 2 0 2 0 0 0 0 0 2 0 0 0 2 0 2 0 0 2 0 0 2 2 0 0 0 0 2 1 1 1 1 2 0 0 0 0 2 2 2 0 0 2 0 2 1 2 0 2 2 0 0 2 1 2 0 2 0 0 2 0 0 0 0 0 0 2 0 0 2 1 0 0 2 0 2 2 2 2 2 2 0 2 0 1 0 0 0 2 0 2 2 2 2 0 0 2 0 2 1 1 2 1 0 0 2 2 2 2 1 2 0 2 1 2 2 0 1 0 0 2 0 2 2 0 2 0 2 0 0 0 1 1 2 2 0 2 2 1 2 0 0 2 2 0 0 2 2 2 0 2 0 0 0 0 0 2 0 0 1 0 0 2 0 0 2 2 0 0 0 0 1 1 0 2 1 0 2 2 0 0 2 0 2 2 2 0 1 0 0 2 0 0 0 2 1 0 2 0 2 2 0 0 0 2 2 2 2 0 0 1 2 0 0 0 2 2 0 2 2 2 2 2 2 2 1 2 0 0 2 2 0 2 0 2 2 2 2 0 2 0 0 0 1 0 2 2 2 2 2 1 0 2 0 0 0 2 0 0 1 2 2 0 0 0 0 2 0 2 2 0 2 0 0 1 0 1 2 2 0 0 0 2 0 2 0 0 2 2 2 0 2 2 0 0 0 0 2 2 2 2 0 0 0 2 2 0 0 0 0 2 0 2 1 2 0 2 2 2 0 0 0 2 2 2 2 0 0 2 0 0 2 0 2 2 0 0 0 2 0 0 0 2 0 2 2 2 2 0 0 0 0 2 0 2 2 2 1 0 2 2 2 2 0 2 2 1 0 2 0 1 0 0 1 1 2 2 0 0 2 2 2 1 0 0 2 2 1 2 0 2 2 0 2 0 1 0 0 2 0 0 2 1 0 2 0 0 0 0 2 0 2 0 2 2 0 2 0 0 1 0 0 2 2 0 2 0 0 2 2 2 2 1 2 2 2 0 0 0 2 2 0 2 0 2 0 2 2 2 1 2 2 2 0 0 0 1 0 0 1 0 2 2 2 0 2 2 2 1 2 1 0 0 2 0 2 2 1 0 0 2 0 0 0 0 0 0 1 2 0 2 1 0 2 2 2 2 2 0 1 0 0 0 0 2 0 0 0 2 0 2 2 2 2 2 1 0 0 0 0 0 0 1 2 2 0 0 2 2 2 2 2 0 0 0 1 0 0 0 0 0 2 2 2 0 1 0 0 1 2 1 0 0 1 0 2 1 2 2 0 2 0 0 2 0 2 0 0 2 0 2 0 2 2 0 2 0 2 1 2 0 0 2 2 2 2 2 2 0 1 0 0 2 0 1 2 2 2 0 2 2 0 1 0 0 1 0 0 2 1 0 0 0 2 0 0 2 0 0 0 2 2 0 0 1 1 2 2 0 0 0 2 0 0 2 2 2 1 2 2 2 2 0 0 1 0 0 0 0 2 0 1 0 0 0 2 0 0 1 2 1 0 2 2 0 0 0 0 2 0 2 0 0 2 2 2 2 0 0 2 0 0 0 1 0 0 2 0 0 0 2 2 0 0 0 0 2 2 2 0 2 1 2 0 1 0 2 2 0 0 0 2 2 2 1 0 0 0 2 1 2 2 2 0 1 0 2 0 0 2 0 2 0 0 2 0 2 0 2 2 0 2 2 1 1 0 2 2 2 1 2 0 0 0 0 2 2 0 2 2 0 0 0 2 2 2 2 0 0 0 0 2 2 1 2 2 2 0 2 2 0 0 0 0 0 2 2 0 2 2 2 0 2 0 0 2 2 2 2 0 2 0 0 0 0 2 0 2 0 0 2 0 0 2 2 2 2 0 0 0 2 0 2 2 2 0 1 0 0 0 0 1 
611 327
327 180
180 650
650 5
5 839
839 222
222 419
419 645
645 247
247 805
805 748
748 657
657 883
883 615
615 640
640 857
857 989
989 499
857 339
339 258
258 915
915 36
36 133
133 898
898 817
817 571
571 949
949 351
351 393
393 599
599 124
124 925
925 172
172 197
197 153
153 171
645 458
458 261
261 596
180 212
212 853
853 677
898 744
744 808
808 75
75 675
675 872
419 951
951 231
231 714
714 958
958 991
991 985
985 542
542 588
588 449
449 881
881 12
12 378
378 942
942 163
163 672
672 545
545 379
379 354
354 551
551 537
537 358
358 720
720 336
336 301
301 430
430 997
997 517
517 544
544 269
269 147
517 576
576 773
773 856
856 385
385 395
395 534
534 635
635 504
504 25
25 884
884 776
776 543
543 751
751 250
250 57
57 525
751 929
929 255
255 565
565 292
292 556
556 792
792 496
496 462
462 71
71 131
131 709
709 887
887 733
733 283
283 976
976 47
47 101
101 271
271 418
418 642
642 626
626 168
168 731
731 715
430 296
296 19
19 238
238 585
542 946
946 148
148 276
276 695
695 979
979 734
734 260
260 939
939 614
614 648
648 189
189 213
213 158
385 391
391 803
803 347
347 417
417 152
152 628
628 329
329 186
186 770
770 456
456 227
417 465
465 610
610 223
223 350
350 407
407 405
405 95
95 483
483 43
43 16
16 777
777 436
436 371
371 8
8 668
668 375
375 996
996 749
749 827
827 707
707 348
348 621
621 384
384 397
397 923
923 286
430 936
936 69
942 474
474 383
383 999
999 298
298 264
264 369
369 885
925 162
991 370
370 92
92 932
932 317
317 196
196 964
964 99
99 266
266 725
725 91
91 761
761 859
859 206
206 561
561 878
878 433
433 194
194 721
721 700
525 604
604 304
304 573
942 968
968 994
994 72
72 797
797 813
813 48
48 128
128 45
887 1
1 670
670 663
663 753
753 245
245 453
453 257
257 638
638 831
831 324
324 505
505 488
488 179
179 201
201 56
56 624
624 277
277 230
230 337
337 516
516 27
27 107
107 910
910 207
207 589
589 904
133 864
864 262
262 740
740 6
6 100
831 161
161 851
851 81
186 166
166 445
445 846
846 763
158 471
471 35
35 129
129 200
958 425
425 126
126 876
876 656
656 18
18 909
909 717
717 934
934 500
500 905
905 141
141 926
926 785
785 140
140 392
392 758
758 455
455 472
472 643
643 285
285 274
274 711
711 890
890 990
990 13
13 178
610 381
381 151
151 693
693 896
896 550
550 902
902 305
305 403
403 489
489 110
110 431
431 366
366 144
100 607
607 143
143 623
623 408
408 908
908 513
513 508
508 869
869 331
331 326
326 65
65 466
466 738
738 267
267 737
737 241
241 855
855 812
812 592
876 376
376 509
509 780
780 203
203 880
880 680
680 420
133 159
159 150
150 357
357 229
229 769
769 689
780 666
666 136
136 10
458 838
838 3
3 263
263 845
845 811
811 774
397 113
113 398
398 540
540 877
385 732
207 388
388 874
874 333
333 653
653 529
529 591
591 387
283 221
221 121
121 530
530 956
956 368
368 211
211 546
546 651
651 507
507 582
582 204
204 312
312 74
74 816
816 342
107 897
897 659
659 849
849 718
718 694
694 978
978 439
439 411
411 833
833 697
697 804
804 243
243 957
957 560
560 469
469 28
28 154
154 562
562 906
906 729
729 39
39 42
42 520
520 364
364 117
172 344
344 771
771 784
784 120
120 38
257 246
877 226
226 618
18 553
250 541
541 632
632 89
89 783
783 259
259 254
8 625
625 633
529 495
495 409
409 818
818 484
484 608
608 948
948 481
481 683
683 756
756 605
605 109
109 736
736 726
726 563
563 272
272 966
966 7
433 924
924 527
527 302
302 652
652 867
867 4
4 688
688 235
883 1000
1000 108
108 242
242 786
786 639
639 871
871 825
825 794
794 287
287 432
432 112
112 745
745 501
501 67
387 567
567 402
402 757
757 486
486 22
22 984
984 950
950 219
219 830
830 62
62 983
140 29
680 209
209 514
514 584
584 706
706 755
109 374
374 170
170 503
503 636
636 658
658 68
68 232
232 754
754 993
993 325
325 945
945 708
544 123
123 654
654 97
571 23
23 289
289 583
583 631
631 899
899 253
253 173
230 768
768 11
11 696
696 865
865 217
545 332
324 265
265 30
30 446
880 893
893 182
182 406
406 963
963 252
252 352
352 367
367 795
795 311
311 962
962 548
548 58
58 442
442 801
801 102
102 690
690 127
127 115
115 96
96 428
428 78
78 986
986 536
536 310
905 815
68 198
198 778
778 526
526 190
190 586
586 297
297 237
237 160
160 116
116 821
821 662
662 473
298 377
377 359
359 679
679 175
175 145
145 293
293 323
197 554
554 53
53 386
386 315
315 981
981 318
318 535
535 284
284 480
480 463
463 155
155 842
842 279
279 216
216 580
580 603
603 416
416 338
338 404
404 840
840 767
428 752
611 134
134 184
184 427
427 288
288 781
781 719
719 975
975 494
494 836
836 349
349 394
394 824
824 762
762 382
382 215
215 649
649 914
914 788
788 205
205 146
146 380
380 475
475 796
796 971
971 422
422 322
322 362
362 138
138 858
858 764
764 464
464 782
782 634
230 76
76 191
191 873
873 454
454 309
309 341
341 570
570 299
299 73
73 300
300 122
122 692
692 372
372 450
450 735
317 597
597 410
410 321
321 901
901 491
562 557
557 538
538 195
195 617
964 587
587 850
850 399
399 130
130 665
665 598
598 704
704 512
512 174
174 647
647 234
234 90
90 578
578 954
954 220
220 921
921 806
806 85
85 470
470 750
267 701
701 105
105 44
44 974
794 684
684 139
139 935
935 169
169 493
493 461
461 314
314 972
972 710
710 681
681 37
37 9
9 490
490 340
340 61
61 188
188 83
83 437
437 15
15 879
879 334
334 558
558 441
441 569
569 629
629 637
637 882
882 790
790 103
103 46
46 895
895 903
903 667
667 290
290 20
20 967
754 202
202 192
192 552
552 498
498 319
319 630
630 187
187 712
712 863
863 343
343 705
474 50
50 716
740 34
34 918
918 24
24 894
894 114
114 746
746 702
702 278
278 575
575 77
77 844
844 866
866 142
142 412
412 373
373 888
888 742
742 60
60 594
594 664
664 917
917 424
424 485
146 31
45 798
798 423
423 451
451 93
93 353
353 167
167 612
612 532
873 240
240 521
521 913
913 875
875 401
401 911
911 809
809 892
892 829
829 826
997 644
644 132
132 685
685 316
316 870
870 492
492 477
477 355
355 559
559 506
506 515
515 969
675 854
854 390
390 413
413 487
487 669
669 41
41 224
454 214
214 281
281 33
33 448
448 566
566 531
531 832
910 703
703 916
916 360
360 834
834 49
49 429
429 176
176 414
414 616
616 619
619 87
87 14
14 59
59 581
581 980
980 106
106 482
864 814
814 655
655 63
63 861
559 356
356 600
600 743
743 52
52 236
236 940
940 765
430 82
82 479
479 549
549 886
886 280
280 698
698 933
933 88
88 164
465 248
248 747
747 518
518 937
937 239
239 823
823 955
955 928
696 960
690 118
118 931
931 335
335 17
17 930
930 574
574 547
547 907
907 361
361 330
330 673
673 730
730 868
868 810
810 787
787 912
912 800
800 687
237 273
273 789
789 421
421 835
835 595
717 539
539 185
698 852
852 208
208 66
66 739
739 165
4 426
426 396
396 579
579 55
55 998
998 820
820 841
841 478
478 891
891 627
662 922
922 791
791 590
590 724
724 952
952 593
593 920
920 660
660 727
727 564
564 847
847 699
699 497
95 70
70 713
713 606
606 435
435 306
306 555
555 218
218 268
268 86
86 256
256 303
303 862
862 307
307 452
452 988
988 2
2 622
622 802
802 674
674 973
973 320
320 468
468 995
995 944
944 210
210 970
970 943
100 779
779 723
723 799
799 766
290 938
938 759
759 457
457 328
136 775
775 346
346 953
89 843
843 613
613 961
961 275
275 54
54 459
459 793
793 228
228 79
79 641
641 21
21 447
447 919
919 510
510 941
941 760
760 728
728 620
582 434
434 889
889 51
51 646
274 183
183 291
291 98
98 149
149 282
870 365
365 389
389 181
181 80
80 807
721 722
722 233
233 225
225 686
186 157
157 577
577 678
678 977
977 443
443 828
47 111
111 94
94 992
992 294
294 363
363 193
193 533
533 137
137 444
444 848
848 476
476 467
467 741
741 270
270 528
528 671
671 661
661 104
104 947
947 440
440 822
822 460
460 837
837 900
900 295
295 519
519 511
511 125
125 244
244 313
313 982
982 251
251 524
524 502
502 819
819 119
119 177
177 987
987 860
860 676
676 602
602 523
523 522
522 84
84 40
40 64
64 691
691 249
249 26
26 609
609 32
32 415
415 400
400 345
345 568
568 682
682 308
308 959
959 438
438 135
135 927
927 601
601 199
199 572
572 772
772 156
156 965
