9641
39462
185
35236
62
23130
13026
51837
5483
12476
18216
69276
8722
19872
2209
28730
14281
15050
1829
27423
30588
9678
2806
6658
1515
43555
2014
1210
18676
51059
41422
48269
30692
2668
6141
17051
2519
5983
56075
9866
3647
43877
19670
13062
34054
6476
17207
14
1263
35926
8714
3474
40779
4920
17099
27492
53325
34732
7646
13409
18675
50355
1240
7539
1094
82463
81493
26113
786
11973
22046
20953
61883
18269
6437
4328
49396
61118
26006
1126
8012
32025
21541
28918
36476
8397
10470
32577
1929
1679
49924
14207
9414
11868
5408
1000
31581
42682
718
23450
19517
25989
66184
11738
2280
38827
1690
1118
7559
6176
57510
9064
5939
31330
44000
13881
40685
60247
31340
542
2649
46119
5226
57747
40919
6616
40734
1508
14813
31035
46513
13490
23122
2585
13673
75307
26425
30935
42237
8530
28197
20005
36400
32851
19829
32759
1698
1866
21727
55157
8434
1106
6617
82675
6401
21546
33173
73260
35407
51781
2079
28803
3694
35720
14763
1755
10599
2584
83891
47957
12553
6664
1447
64508
25091
3615
315
19304
39562
1863
29673
2557
7427
1489
23459
6113
28972
17289
54465
23842
33923
39058
14986
37112
601
13811
7801
10719
36726
25878
2435
5835
3899
17636
8695
11747
64565
433
16712
43659
4385
7535
2355
48062
10986
16951
40353
4440
27083
10915
4556
23385
15154
36361
1233
19353
56860
6094
1646
26814
4050
26360
24320
32242
13908
42497
1626
62175
34273
22372
3051
35605
7680
2205
10296
46202
3113
52513
425
4023
37385
45255
11366
35200
6011
7621
6949
750
8495
1072
10789
2313
3109
2971
11684
52589
5518
1
333
22257
14102
3146
24759
9794
1392
67879
12121
5927
4638
66514
24944
11355
31227
51300
191
21114
11524
50659
24029
10912
8514
2695
35914
66069
18981
19565
15700
48537
1863
6378
38333
5772
29114
19618
83522
5078
6193
59079
1937
29781
11611
2638
14464
7103
8950
46106
24716
15550
26162
45055
7761
54836
23369
29760
16417
21428
91117
2154
1724
12480
24046
9220
394
19455
1108
41268
9399
3
1182
33319
7808
17102
68315
39593
10074
66921
1873
939
18087
1527
5916
9469
58207
8865
9829
28594
3463
12762
1876
4012
5294
14309
22693
2523
14352
38938
15228
14369
59126
684
35431
34847
19367
5364
16187
4911
12190
61005
5292
284
3630
11448
21244
42694
15803
3526
26303
13074
56823
14791
15500
47558
958
4032
58103
26543
665
9571
12460
33646
45345
1246
8247
14948
10890
1588
88369
16923
12447
8482
1575
36919
22829
29566
41878
1502
12418
8511
8866
332
6593
34046
15779
2335
16439
54872
3234
6511
4267
18843
35489
80959
35621
1672
823
36925
10823
24666
24425
2573
52253
19055
12418
39312
82881
16114
23400
7497
29741
53725
56329
60453
71471
35447
9994
10836
35762
47110
6283
42181
1765
6880
32891
16854
6045
69323
16074
3109
4888
40093
8890
13953
58249
22733
19755
17441
32122
19655
637
8680
2352
5805
5369
72476
3949
306
33800
4018
1357
12684
5404
3
32994
37276
22992
19922
8134
2107
6603
41532
47998
36165
1350
51864
38365
36577
1799
17273
33831
11057
15603
16868
7321
31408
638
74290
21860
3971
16278
42902
1149
1446
1893
4567
32016
83087
9992
17319
64591
16993
9480
21057
37297
1774
30543
15181
34370
388
69777
9101
57583
12786
17973
5632
24876
56316
56460
2989
43130
4741
46562
25327
35342
7279
9869
67209
7628
46733
15328
52692
54516
51087
29592
65792
18197
47503
18602
30268
17900
9172
5750
4835
528
3138
12165
2867
746
2320
9655
15697
37968
10440
1
73789
38998
23882
21931
43431
10988
69907
28823
224
25908
9483
77075
42102
24371
449
4281
24682
19575
23605
1658
77850
5130
73810
2081
11025
36570
40317
3142
1901
27758
42539
344
1852
4818
5365
449
64079
7054
12036
342
35233
24180
4687
35918
50570
7090
34397
86099
24235
32322
17074
47718
8764
60577
26890
10857
25089
9914
1942
49145
59842
23320
11911
30231
42334
21065
49447
47609
809
6181
9502
44516
71472
15076
42372
54619
49925
31424
1528
11706
27214
22497
18016
16268
17233
705
5541
37420
15653
52587
5328
61050
18706
90568
31688
3323
8903
3701
20959
20113
5440
37242
9620
28673
6124
5667
8659
4690
52850
7432
14973
68178
34182
31196
40287
15229
9398
35441
26870
6620
21240
17016
9758
31884
9348
757
1441
50642
6451
9196
59788
19527
2444
2202
2495
14344
2809
9085
9708
13391
4862
9733
45027
5991
46446
4
11266
5748
63193
9468
14859
535
2668
59802
20858
10010
2942
55384
8550
56016
80073
1720
38814
27320
10140
4797
11229
37539
44973
25679
30037
2582
6600
4790
11065
23360
10647
66400
15325
1504
40192
38449
13388
28069
17266
9924
22346
10815
1496
4775
16320
6261
23185
20936
36447
50021
72840
10364
1124
42309
67229
9887
6072
13776
46603
8382
15173
10896
6816
32333
884
11179
48967
22701
1141
19710
76169
8235
51633
26524
37414
48095
28469
6934
8041
39540
4052
29501
72766
4796
2
855
31105
58274
2757
3028
29644
3440
78319
1302
15108
36627
9690
18630
1844
8775
73460
14347
11585
70744
33542
17503
16358
44836
195
16866
8178
8788
16229
35467
6981
25788
2792
28717
11299
3362
4364
38008
18833
12800
3885
59537
10583
27067
43784
15021
5774
24979
86612
27566
7079
1
27779
37216
25725
22160
8028
3527
3369
45435
1486
31112
81592
7057
45697
35995
38378
26208
58303
136
25797
70116
46234
40697
25308
1516
1276
9266
7847
3
22868
18649
3271
63979
13618
10685
41291
8722
16295
33944
20552
22583
4367
43531
6766
31701
23005
62187
3344
31832
2215
22794
1714
13933
36099
509
46148
9072
23230
45
54713
9511
9563
17958
31772
34701
17733
7929
396
13054
35644
27564
1563
535
46116
18485
6902
2356
16522
2171
26079
5390
34231
17136
10294
9246
59303
950
9588
24742
4909
19450
9753
16037
32064
13523
7719
69830
8648
9
3392
10299
21063
25619
1040
295
15007
31264
10778
21830
14731
34491
1672
23
46194
28837
2594
14195
17659
8736
1219
24246
38440
32465
12292
32860
1579
1586
11382
1362
17365
44159
3547
33475
51367
28651
18400
18047
19653
19065
14759
78852
16784
37715
6344
15517
53467
3119
23798
12589
322
5283
29225
30531
52866
4248
62154
7944
28427
75824
20306
33870
40634
3429
1844
24048
49581
2681
8499
12545
11881
6294
2341
14070
55529
2726
58955
813
23867
15325
2146
61141
13492
2084
14892
14864
48429
11159
22568
21083
62159
66706
6849
36744
7378
1627
1050
14377
37843
327
51325
3228
24150
16970
21143
15730
286
21470
19605
15118
28144
10589
3256
51810
62972
23888
2584
87228
54311
2445
25238
3003
64219
7006
12768
21528
2569
4934
26378
3338
24608
738
2544
61734
15937
18683
4795
15596
560
57674
382
25128
2749
10703
1853
19568
51836
5940
27876
11707
10
6294
1
8581
29246
33682
1180
6184
74789
11715
5466
7561
17498
16485
10513
6173
12186
72847
438
7315
35294
13384
35475
5243
1159
12157
43286
28947
41006
16426
73866
11066
32131
9432
19590
14748
51531
32642
60414
3649
3167
4513
31912
22279
4756
35055
3122
49291
39656
5572
2209
17212
18870
10453
29423
1
5262
30309
27757
23588
17857
21596
47556
13036
63436
65923
22456
11282
35947
6304
6232
10594
39209
72818
5497
50557
13
5381
34132
21854
42786
76054
29781
60741
1390
1618
2828
6024
50221
17716
19228
37680
39776
4866
41904
46639
18919
4138
24482
762
18385
2731
32207
46566
15972
3401
8088
30566
1801
521
5711
26252
20366
932
15530
14339
29051
39204
3466
3860
14453
7158
758
835
57715
64739
6744
40860
39678
13093
35248
3161
19285
41778
58937
12514
16001
42845
32915
16968
82547
76321
3277
1748
3212
83398
30826
2040
20969
35564
18609
49401
3009
26309
26578
21480
33764
36499
11729
376
33563
9173
12345
20061
1648
23215
1072
6639
25327
4698
362
10584
36110
45549
14836
46123
68926
45838
25517
11876
20150
37122
6419
5783
5532
7109
43359
3778
17575
2314
42256
25268
52115
14517
16099
21452
5899
53779
20750
8852
42102
18646
35099
11417
647
12259
72801
13250
73041
4846
81266
21211
11218
4909
2522
28816
30740
15652
9165
21955
17888
1083
21359
22962
37597
11581
21034
5939
55702
64251
26982
2743
8896
68417
57346
3147
27712
20077
11775
8568
23903
71976
19290
63253
555
1978
25125
52464
12844
14970
65994
9276
18469
22451
19667
35838
5559
52983
19746
11000
35284
41919
20730
1906
12183
23500
10836
15903
4744
21314
7099
2455
50940
6990
31945
9812
2882
12475
436
9613
36911
15204
13012
11219
8928
42050
1191
43171
11682
66110
1905
32392
4578
28100
19653
7302
49235
53488
45452
18470
30684
19850
23806
40858
32476
578
11278
47836
68980
1988
23175
22650
2274
22812
7330
16495
15967
26907
55211
8420
56510
44582
10015
52989
15647
31858
37450
49645
10108
1164
1478
57943
7657
25430
25430
4886
36918
7090
30190
297
7824
31168
49607
11908
8439
19886
26905
70291
8113
81031
21453
21275
50543
2999
55194
8522
11738
29917
29
20950
7355
50369
76950
85941
9619
5912
69928
3061
6174
11243
14949
1914
772
20794
14
1745
5162
7850
47325
9894
11786
7179
65456
32962
29523
34072
41343
6702
10757
20420
2607
5112
4952
5427
64648
19711
72587
3486
12331
6340
24115
40917
62018
41398
1555
38463
36458
49694
7342
15529
11702
19187
2638
2661
15245
1844
59595
8845
21898
29480
55477
3776
47822
38804
35206
2673
890
13625
34792
28053
77116
3868
29629
9957
12022
11873
10985
69268
20175
54294
78997
69116
30985
8963
35959
2497
18054
74886
985
46161
26310
37655
21355
44931
416
871
56673
4139
70345
20455
39166
40807
2376
19408
28687
20294
38028
15006
29511
9098
70237
21858
15190
1
54708
39786
3090
3860
37531
55843
15954
34065
17869
17856
11051
19888
639
2716
4639
312
8931
21872
8806
9012
3732
28220
65449
16001
3959
7366
10550
36597
41384
15503
25750
14723
21405
14245
1549
9232
10505
20192
1394
1792
9185
25201
63824
18947
56982
76509
29521
16579
8144
46992
38786
17972
14911
31286
19168
8888
4784
1810
68036
42621
28287
7186
15032
22736
36218
31119
10064
15700
15606
11729
40212
37876
22047
27760
507
14614
8729
8145
15799
17943
62332
40551
54627
43845
29743
43893
5976
32051
56920
14128
53078
13035
27688
30330
4960
7815
574
71252
55188
5987
35211
32939
51536
30878
42555
17503
55481
84282
33393
10049
39015
3038
298
12946
6529
4371
24742
1522
26788
15540
6469
56444
70628
12741
21264
26129
36164
57159
7640
1283
635
13425
18108
13469
36740
79595
33498
25237
16460
41208
61138
3715
28480
4198
1197
55806
48
4779
20683
2348
4917
1589
49446
2604
25613
8520
6673
67976
28661
12099
21811
7346
3560
58397
44611
4870
70529
39016
11081
5618
12379
77341
3175
2995
61179
4231
14185
15161
1810
3075
25552
29600
13119
88070
47604
31783
49261
13685
36294
28156
85201
349
21881
38284
29693
47124
15679
57503
20305
11163
46069
67536
31792
1683
58142
29960
43725
2126
14562
57560
58564
36072
6420
7064
54336
81043
29775
12235
48126
40255
48723
62915
10999
43566
81462
5
14406
10239
37344
3153
3865
53675
25872
40654
42115
24972
4
12099
130
6464
15766
468
63373
6199
9291
17605
6163
13717
329
28563
7392
9535
16960
8429
14034
33104
51983
15562
55844
56163
23429
7511
30506
62079
17091
23252
5909
241
27407
69569
29421
59058
68408
42279
62590
55889
57099
25625
39707
36451
37067
38056
54390
12405
13850
5371
53169
30397
66458
72140
3936
28400
74032
21198
443
49527
46898
34263
5741
4436
5526
14305
7013
2803
1409
18921
11358
27932
3788
44092
2731
30857
2921
24166
43384
17698
17836
48187
18181
4875
33048
74110
18263
4895
39398
17694
2097
20452
34274
5719
1385
32153
21968
2313
30528
7354
57168
11168
23246
39755
7836
7066
30254
32278
56370
90531
65800
19121
1
24499
1031
163
48344
47674
25459
43940
16660
1255
4859
90096
27171
2372
3103
10657
28187
19091
3416
42643
9832
46905
33046
18868
17106
3626
6411
1569
39534
23861
11816
5366
13067
48326
38119
10158
724
20702
20154
41894
25465
13917
10714
13548
2816
47524
62200
5530
6903
12501
37373
10988
1044
55598
15184
4499
10904
11727
37400
66934
9651
29800
13593
30492
48084
54511
15556
41591
10840
24033
44533
19472
11821
15604
51508
6332
66283
37825
19912
12826
5325
2614
54211
7204
653
46523
7787
49201
7856
7744
30398
20257
52229
9326
20549
7
16012
2330
37568
7826
21872
4031
11450
23885
23128
15260
4203
4259
16958
17421
756
9229
4277
17629
96
67149
12377
47399
22671
689
26332
639
1812
11396
24038
19637
72840
47273
17310
46909
2805
28742
263
6498
78656
32765
16988
29032
10597
9222
6086
2682
2230
272
58369
890
43948
23175
43704
5156
7169
23658
38732
30454
33438
7105
34804
12639
4471
821
6053
17767
18226
11870
9772
23330
6182
18121
32825
13208
20252
23432
65216
27205
13664
5423
48878
47412
19362
51454
33345
18833
65124
12825
5938
11429
14011
11832
10022
6793
9191
2299
866
52900
39747
3435
16523
53954
49020
54323
20738
2214
22169
11118
4787
3068
2971
2103
7568
38152
16753
796
45313
47335
11854
16926
25468
18451
82529
26413
14481
32827
55872
17155
14028
14564
35859
5532
58000
12737
3975
10454
35214
20406
3746
6937
18339
3488
5588
38764
36060
21224
2667
20519
46706
16900
8279
35954
1494
21946
11389
2987
10261
1012
90016
310
63877
2000
76596
33980
1
18958
16399
2256
30584
15607
4348
23182
49654
16035
801
35875
16618
62609
19935
14783
12524
9675
15281
6195
7237
1184
63861
1629
2567
921
21136
6632
14508
112
23336
25875
18448
10730
2600
37
504
44462
8368
513
5321
63192
15025
15905
20899
21648
11106
15171
3131
52086
3633
528
33226
32739
26339
53770
12376
75190
11500
19340
51551
25941
21786
18527
20596
5722
46728
11872
9386
54097
35531
1460
24181
39777
1
7255
41462
4018
45600
56143
35946
461
69052
12128
62448
64804
2426
43362
58049
39957
62475
12884
10344
14382
5725
28539
9375
43
21758
2225
21195
3
3568
4140
61269
38954
21123
941
33535
5480
29924
31913
62711
783
34104
30140
58382
28781
45975
2262
6614
22897
262
34209
57675
32618
13577
3116
3
3574
8845
1781
6912
4
726
54427
8465
84796
62310
8684
69925
24242
587
2729
13317
5457
60541
4455
27809
4245
80511
16431
54168
24221
60887
52
43292
6140
11931
22210
5589
21196
3316
43159
46566
61386
25550
20898
35358
7212
1
53572
37152
52837
17220
5758
16617
68761
9687
5335
20383
16
47691
6389
25668
9738
11478
20593
30982
78984
64394
4927
6944
21073
2459
43299
57364
32897
20726
9075
1
8589
25558
42213
8313
5259
15350
6937
41837
10998
41
33758
16132
18562
7022
24189
626
50527
2017
3664
7635
9201
10139
5760
3137
62721
9386
9495
19445
10480
46388
665
3420
48454
15628
27762
27992
1832
18202
54554
1333
758
7463
35984
63186
3143
54040
24860
66745
4255
1428
65343
27305
43709
12146
6020
16583
22964
4838
25979
18715
47920
44276
6009
1636
6415
17483
31837
6142
15075
15660
37899
14769
34555
43813
7798
29159
82996
18988
51296
54422
33169
3868
28319
79456
65307
16247
19548
5196
53786
9865
8102
16980
31128
23140
19455
3332
52985
1711
52999
4626
49497
230
35134
20923
56214
44072
29028
48349
2877
31751
42107
57553
9175
23120
584
7649
82067
2003
19348
2
3553
68685
4578
20482
77832
2293
45192
48986
20441
50106
9218
5085
22723
18522
25987
18046
71707
611
797
46295
15100
545
21101
65165
9411
26574
45696
18813
26986
7091
54205
9909
13179
6457
19344
40320
34533
6549
16277
2541
55431
4887
21915
521
69055
38589
36068
25094
4
12467
6814
76390
5187
10639
16585
3333
35919
27670
21751
38440
27230
1770
13123
25493
16221
3777
74618
22884
84278
18596
20193
20916
31459
18530
19227
7383
25992
53392
17863
29321
13315
75927
4692
38143
14527
38226
1097
33613
20847
23324
28573
53887
56639
60489
19195
19467
59190
25433
68079
35383
39430
1120
10248
69588
8510
5221
56464
10
66134
58904
19690
12040
20405
12525
24893
31885
8636
4695
57983
24555
42370
2076
51871
11700
18685
20356
54836
24760
11074
1022
46368
11732
13591
42994
5780
17970
42768
3765
3335
16309
26508
13771
78216
14716
54885
35334
25004
3647
1656
17082
22821
64038
23180
34786
4936
37842
21040
18942
73905
58049
31722
5986
36878
21375
26833
7921
68991
17177
47287
6185
4051
19209
991
1963
21098
24244
34870
13123
7367
82497
322
41887
79492
65512
16091
9893
79183
4525
36628
18669
26098
31293
20875
40172
26094
76286
15578
4659
51775
10294
17607
62611
29947
18229
60317
59992
50603
21656
16648
3879
13376
27494
27638
321
28693
9846
38772
26136
11165
10689
23083
62726
9291
13301
8953
15651
21330
36841
23020
7379
11244
29614
5663
49148
21630
17935
26110
21146
47703
44355
764
3528
12053
19726
14813
3235
38172
4693
19378
52197
7067
26254
27582
15353
8367
20155
14496
24917
3854
20271
20885
45892
51049
5033
26794
44811
12166
27309
22038
6465
48818
3793
54139
32913
14492
44329
2210
51122
24509
58965
5669
29387
13653
49972
7043
1831
18425
10790
6138
33387
34098
33188
30336
40684
16857
47424
1403
3678
7848
1281
15142
76217
18502
1844
1039
7225
32877
26161
14082
78974
6219
4858
20244
21666
56796
3609
8312
20477
12776
10360
23070
17802
17044
2061
43012
25913
14079
42049
13107
1019
6411
25430
24657
18358
47904
2705
39854
27313
16169
49410
12710
37153
6045
21209
61720
5696
6327
30284
58887
7705
37095
3773
21545
52315
52669
32885
11223
13974
19233
21325
1043
76040
27151
2
4359
1398
34427
33576
6891
2475
2963
8112
62382
17026
52139
48337
11333
2035
50327
31914
5327
10459
16296
25962
2214
5058
42952
39896
12508
3739
1831
6445
62289
6859
6047
49662
756
52439
6482
13217
11495
60692
11512
66981
60970
13301
8431
11854
30201
10767
7845
11785
42086
56374
661
22515
10229
5960
28387
14880
60310
40883
3009
30843
19515
13858
20169
16851
64223
5543
18723
49876
29788
11686
36291
2681
17205
60247
688
23421
43006
15195
19602
24546
339
24577
7543
21989
15215
320
65616
2629
29058
23758
12952
33968
14278
1938
65431
63226
20617
25214
1571
68911
40172
41906
53636
5642
626
4434
38359
79838
23796
8603
28009
21343
55892
3812
36958
63584
12695
19078
28435
78972
4962
31370
8226
16998
7453
10370
54797
1702
66312
38845
10130
50370
23742
78352
19178
5929
27650
72337
13550
5388
13416
4401
5991
23205
12051
16806
6519
45568
65417
739
46144
7719
3397
45625
9354
13827
21613
4750
11061
82505
31280
16816
15506
2337
27000
2501
56
20539
5679
23556
37995
5244
16911
15166
425
29179
23242
18087
7464
2208
1864
16781
11455
35455
13042
1490
3045
32159
75948
1085
36595
65437
34342
4603
13939
7708
58805
26138
20131
3053
53380
12392
75118
57251
585
4490
43466
272
16412
73831
2380
2421
20863
24545
25655
861
3213
29862
57537
5123
36864
1977
30887
6205
11075
24962
710
39272
1883
6102
12100
15376
26771
30137
6667
28808
57814
8123
18851
23128
48459
8089
15994
40823
58426
23642
6798
8772
20179
6134
37939
494
34407
3734
8249
37946
6224
6694
17487
12705
15307
14947
59373
13475
3058
75047
29046
73647
5767
79953
3905
985
36297
13517
48604
74763
210
23660
84156
1020
21101
25208
23938
9057
70012
15220
17749
5297
39405
1877
66233
36095
1801
29416
25037
13623
37977
14102
49185
320
19349
5912
31095
10574
23978
23448
10978
1230
37445
19886
7892
28905
71355
21235
2772
12010
19937
11799
18157
16736
8987
41326
32896
28303
1478
20815
26683
17671
58178
953
4556
3950
16559
55482
20181
44302
10674
27367
20819
22668
1670
72997
29563
30793
59213
36439
43532
5681
9030
39473
77381
13302
87023
21005
2710
10818
17072
21036
32048
36780
26974
61746
4022
15503
66794
5137
19643
45747
78688
37953
13265
25356
73450
5025
32954
5715
42783
3084
13534
3056
24242
62723
12498
20105
6810
32655
26037
25970
17567
79
17815
38583
6930
26612
41630
30600
7606
13203
67644
51933
2539
23351
20325
2737
35648
28340
13956
38776
51725
14601
9509
72900
22721
13473
1103
7147
843
49680
20740
1289
26552
7351
8167
35320
6407
29996
8885
21573
2939
23213
29321
41044
50175
10919
6389
4298
12875
91584
9240
5709
47704
102
7763
12849
76434
51247
17189
38181
49128
3410
3392
1617
74779
27285
2414
1955
10264
6735
58361
49885
23786
29820
17237
868
20180
24861
2
22633
27338
58621
22082
28645
76292
19957
3079
972
31139
10910
8607
62816
32873
14921
12737
39323
18564
8269
29686
40118
32649
5181
51672
32964
63172
12549
2163
20870
14626
14468
14114
24886
1662
23009
22231
4400
14750
42041
479
2
4906
16651
11369
3744
10848
5480
15763
36626
17370
4398
40596
61769
55972
11683
7884
42889
59220
48190
24251
20037
7854
57643
32275
7018
4076
26132
32483
7767
10910
5157
2583
6491
62399
76604
147
3570
9070
5468
6490
12036
7704
502
42713
39716
14352
62586
43393
65159
41581
13362
5533
13769
56854
8683
10808
4562
9794
10853
33534
22368
48262
8706
26108
7488
5356
11616
13176
65206
6454
2234
15811
62844
3973
72655
23286
18609
4077
32504
12814
311
31517
38323
27143
7511
18337
14548
21082
40538
9448
33198
59529
71062
13469
8150
19087
20894
16819
11120
19246
45228
1067
15154
15933
11441
46277
39842
3352
33829
75556
12936
28858
83875
465
71904
5431
16190
686
20076
66930
67916
11917
40042
25685
5637
22479
10209
29638
15922
14931
27866
75064
9691
345
26967
43382
5718
39123
5626
8712
14995
1081
77511
33945
25253
4534
19496
83257
10833
9413
14740
14415
8190
22941
44520
14505
21334
31884
69896
66581
849
7315
77123
19301
16995
39084
12683
30561
7828
21076
22063
25445
3608
24528
14337
17801
21765
69837
71244
2073
12059
28093
16193
3736
76425
30095
14229
71699
11547
14283
1141
7840
12511
5874
3363
5951
7178
42306
3192
12070
27543
23877
39608
2203
4568
81769
4930
13999
3071
12730
2809
5538
15634
9052
7320
28396
30634
4262
47271
1496
28066
57430
17355
76615
35302
7892
43053
8246
4625
55412
77177
32935
29878
18709
37600
307
47842
13788
854
19666
98
6517
23244
27679
9510
17664
3531
4219
27
4973
14719
32358
42201
10250
56179
647
9134
64034
22995
55973
22036
11124
10510
1867
1599
37732
14057
19059
32528
45345
19199
1230
46962
58648
32815
37696
56488
19264
13424
2338
43259
60917
16925
2948
18417
53537
52828
38805
13139
39203
8080
10421
4779
23654
57720
16532
1865
66607
8000
5795
13525
11784
1768
10939
2810
1922
2
8208
1982
6506
16379
22154
13348
4206
18393
41105
12541
14944
31757
25877
91
58102
21938
57083
12312
62099
53734
8502
28536
18503
27432
3776
8925
1088
21252
6246
6207
4828
4797
14455
12027
2852
15361
1
13763
13046
60581
1
234
2860
544
26282
27330
16475
18795
34496
26754
17690
91963
764
51080
13442
68593
23227
5069
11351
27827
46940
7056
11372
12181
3968
766
9240
9977
24058
49434
41161
542
3248
5984
16171
17483
29487
17147
41165
1700
24749
4524
354
33927
59858
52048
5350
11455
16606
39368
4693
48493
41900
55388
4828
5125
19831
3348
55072
6783
12856
2444
13343
57440
72316
28062
86559
32308
23344
2626
6921
20750
37829
10880
14813
4704
27554
68667
8661
17216
44116
4035
4905
8024
77677
40161
3038
8503
23727
76737
22589
48220
6407
2365
19012
66459
15174
1592
10731
15982
6296
12416
1072
10227
51975
15174
35045
3475
31146
14839
60246
69130
4419
1481
1249
20323
33143
16152
10179
929
2226
22123
6665
62240
90208
1135
4030
5058
2711
5480
77384
62967
23272
1600
1909
27041
17610
26627
7373
26343
33771
60658
29818
5662
3428
7542
18925
2697
3244
42256
14778
5506
9687
2618
36281
468
28854
31799
307
7763
998
17034
39092
40886
8577
4603
33157
3263
26302
10493
20971
11518
39238
58317
75860
22667
6133
14915
13709
71038
36004
3040
38857
7548
22666
23687
56616
6751
16815
14819
2077
6047
56099
62283
16649
5861
7906
39060
12929
20799
14801
42938
59055
31587
10611
23957
8566
1215
64285
500
15133
35661
30692
27847
31810
69554
57675
51397
14831
76077
48476
39227
13326
6678
29483
7489
13686
5909
4464
41057
8512
24244
25288
17446
5448
26181
13802
56555
1
2337
58979
19088
41090
13393
67614
11445
70026
34754
4044
23753
17828
36878
30525
29126
4183
28642
13920
56416
18458
11413
47185
5502
49438
38755
51568
46331
2921
20110
19
36581
542
3436
20101
71721
38104
8391
3055
30591
44890
36085
61575
816
49369
1878
10048
14948
2624
81615
36372
1093
19692
45153
7610
64346
54518
7683
63399
17166
61101
24190
11485
8048
49069
23068
4738
7575
1072
43000
33595
20497
17009
23378
24129
56065
39810
52501
64443
2895
11117
9618
10678
12425
46552
14959
6423
10380
3987
1378
48704
15161
19147
21835
30088
258
394
44303
40960
9549
61731
10105
47727
47275
1742
846
3957
2135
9118
21748
53
78766
34719
46949
9836
15026
22730
8806
5492
15846
14564
23658
34544
15534
17611
1767
32672
183
68924
44378
966
39016
4576
55587
1883
28493
58405
61799
1427
5986
24125
3332
42509
5531
32212
4391
1181
30359
64276
1327
7018
12445
36070
41579
48429
57282
11951
40863
12690
12403
4912
14321
7304
3581
5482
15076
15722
511
10194
15322
2068
26765
9199
29970
492
5582
14058
4407
15653
20299
1952
32678
1309
20717
65651
35544
18522
42528
1003
87443
26081
2551
888
66345
6129
10914
5612
23546
19751
22488
6029
4961
682
15287
41568
19497
42381
26721
4069
42899
1479
21501
8764
647
7874
5437
36402
22929
15463
10569
11672
18653
33819
62229
18304
274
21981
6784
23009
3502
30863
50559
33783
10679
17654
11034
85824
17098
31239
3010
2710
726
11880
23072
46714
23332
33481
26416
81676
14048
840
7381
3600
37203
40676
39305
4403
4055
11346
7647
13538
33713
42061
12075
13762
43064
52860
57420
16370
1444
46965
12835
30396
16213
42176
7923
88274
1389
2832
25418
35637
76530
37996
4603
2252
4710
16239
1557
57676
12774
12757
2973
9481
13901
5755
990
182
30891
51057
77023
48478
35488
26870
10974
12415
66040
52710
1870
11603
20510
17218
75660
37732
2327
21184
10623
3414
12004
7164
7999
1621
39191
9625
21966
27039
37392
12622
13739
4859
50115
1196
5153
43155
6968
38986
61192
19556
11375
54982
46983
13151
17754
516
43188
18205
16093
31341
746
2700
56283
1479
19452
83847
19389
3597
26850
24571
1529
4624
58294
12174
39564
60455
69927
18639
47467
42500
2
547
14942
20516
46595
12557
17501
501
15806
31587
23733
17946
17766
11815
38151
3624
2055
907
4
29067
50151
14643
47010
45002
949
11560
10051
11036
254
15857
11696
57672
9435
5005
3712
16943
32398
61069
66102
39011
52025
23216
4741
42413
671
16532
5691
80972
10287
4266
1976
3154
14401
963
9800
31071
17561
9210
970
6878
81636
5449
8599
193
2887
40525
8245
62149
30106
10348
34000
42407
50232
11783
1699
36112
11656
2776
4
38815
53549
712
87802
3754
62274
8084
49506
29765
4186
32249
32336
35939
31171
70691
26002
17786
327
18398
10857
2612
23791
33279
7504
13570
33397
1528
21179
9287
64740
9173
15509
7391
51651
34872
2502
47747
16996
11592
21672
66261
79995
20906
32402
19292
6767
27853
7478
34204
7877
3001
74911
15380
1768
10175
52674
75239
48657
70592
2107
7259
1383
27996
56763
53787
51525
765
49481
13758
18765
25344
9660
4150
48061
6226
6533
8630
8949
3234
4285
62538
2111
3685
1185
23160
2137
41705
2985
64871
2901
16109
8146
1450
8793
5467
11014
42388
28037
42010
12688
9851
12272
1818
13311
22802
42560
74956
3621
3499
2996
34578
16608
10754
18535
83841
475
54090
60996
45814
2445
312
5646
66967
4953
20491
2335
67729
9382
25374
28068
76400
12311
14460
40833
2411
3554
24551
59192
10490
9116
36496
1226
18940
35228
21163
2220
56767
46301
36192
32692
2
33607
24567
51214
51154
58549
7454
21142
12240
14175
70423
36453
6639
735
84186
41316
21596
65390
3866
5262
15556
40198
69108
82746
25861
329
26800
6771
166
16327
6557
16197
56729
53647
46668
87963
17683
1227
30706
598
63901
4477
74891
12790
44234
14320
44911
25650
48918
249
20357
75854
11921
15145
6178
75173
7135
3891
442
12426
75741
70
1551
6510
36996
17248
16021
45383
50876
3778
13872
9735
45304
1033
1293
19383
31104
42844
226
10077
4555
504
35424
9748
16306
2911
3899
9305
17903
42223
39796
20959
23936
59263
4829
8068
71327
48844
2580
1548
2762
2430
27822
59319
24346
37127
19932
11150
1381
1212
13546
41036
37238
7947
5002
16037
1707
13613
53955
26046
7977
55706
30881
9460
36304
3459
56912
10954
17895
5725
20900
46006
13359
60424
1858
10007
23094
7652
18400
9087
34887
60549
52199
45951
32802
55828
3857
27447
4866
31462
52487
26059
18213
18910
23632
30142
43149
9310
15298
4662
45206
27392
13805
69664
23378
2209
25805
5532
49727
5668
18622
4606
19964
31145
15965
10814
2709
12194
27467
11404
40278
84257
6637
44300
37347
6691
3465
12157
11864
24940
55346
410
6882
6736
640
4177
12086
14497
12645
16951
172
16196
27626
6205
27669
14045
7935
4573
38690
3007
5059
14145
7561
37241
6301
24160
50056
18285
86368
6771
10879
39864
25956
36060
35174
15136
56235
29642
30258
46006
4910
1458
52970
8206
3656
33509
4493
21891
40023
4202
8205
1742
16057
53822
11994
29875
1574
68786
1107
5750
4656
46652
22310
30432
676
4453
18
1469
4901
28046
4536
3381
26299
10400
24313
12878
62093
9824
1892
57971
76145
41460
4040
12971
3
30188
57745
15440
14628
1653
53944
21881
1804
40136
22577
32249
15065
75975
1696
14217
27587
5000
2312
7631
17717
75077
47385
6532
4566
2989
17787
65534
24084
302
9491
14465
71301
9609
27103
74643
26161
39663
45433
60113
25849
54336
50337
22372
2676
590
54308
4830
10513
41442
60064
8334
560
20518
15595
12794
41409
6819
48906
24392
33205
21873
54313
9394
13580
51758
26840
1873
5149
3798
49656
5983
15727
13052
17537
8116
29815
29565
21744
10179
49161
17599
9987
70601
18353
9433
13882
13874
17784
8105
20474
49261
86267
1698
38518
28400
22924
25016
5938
30143
35724
4458
22169
38882
46990
1424
23824
4341
1953
2420
31257
31265
2764
38266
26471
21668
69555
15147
47215
10930
3755
52625
5007
5774
44948
42563
1415
4142
5078
4678
61129
73205
10101
3010
18311
13
25635
62515
23544
16724
68621
41581
19261
11618
68433
38671
42393
24065
1922
722
21575
5906
12111
855
4934
13717
28550
8636
15913
1897
9837
19183
1694
23601
10474
62626
6326
12456
8398
5263
3440
44234
38693
8028
1092
37559
2094
17629
253
78783
37461
28848
11937
17222
1309
2174
8573
25190
22890
36108
42366
10347
18517
4353
6520
45145
59076
3512
17225
4897
28538
25043
17000
559
2413
39395
48725
195
470
1502
27414
54444
8965
25454
10820
12130
16342
20919
32241
50739
7745
985
49318
9101
2808
55611
4433
25120
21929
855
38188
20392
49158
1715
49784
28231
16984
19648
43307
2353
4309
18972
18285
42131
17527
15425
1013
808
28800
55567
2438
1602
10397
79107
68947
41362
44247
15244
26093
15811
358
6546
2376
5828
6381
4004
45530
22819
81283
82046
29437
10960
7869
2168
71624
70109
16806
5502
42238
7573
3502
8937
38986
29294
8437
9672
11314
19662
37159
24911
49426
44925
8035
28128
8215
64292
66831
5208
8694
1558
81544
32787
3929
12232
11673
2835
5193
4197
65559
14695
15082
23676
2780
15498
8104
13266
42180
11458
48484
11444
37181
21740
941
26357
18501
48815
6418
63342
3864
5953
38410
16962
32242
3332
3361
750
8657
4459
1414
15550
2109
3280
10577
1229
21866
1
6227
25533
5995
16169
23289
32
5170
24159
14839
2844
41243
42797
393
25429
66309
55766
2821
18090
45574
4784
52054
1260
25518
275
31666
33417
6912
23402
36365
11926
4422
4643
33965
12108
57472
17288
16842
1677
15952
43996
8250
1750
61778
19645
1261
33284
8437
9542
43685
2277
47280
19200
28112
11747
678
17130
7864
43464
40999
52284
7589
21089
21655
26613
86522
62057
8941
8638
23136
28049
13210
59941
11425
69738
16072
41578
2407
75639
41853
14985
38948
2456
43495
73878
40031
2892
32193
30510
39997
986
2
58069
15851
17105
24566
52240
14262
51997
68524
9300
20398
46550
14498
3468
8203
21614
24192
26299
431
8537
38497
29988
35366
22705
3701
2794
13259
63373
27394
2419
13085
11652
18683
673
3170
71773
20613
69210
62106
21074
20878
2414
1531
21601
38988
61925
7114
1963
5822
7244
3822
1376
52440
6271
8082
5159
44737
74759
23638
12128
4042
20092
31049
69323
129
14068
2545
34975
1663
8188
50460
10300
1337
27736
33561
12977
20102
59304
13633
5912
1855
16744
12551
13669
1784
9838
1043
11135
16637
37683
8005
2
67351
66051
12027
41654
17654
68323
42135
14531
9901
14332
10132
602
24262
18825
23643
9012
35751
33172
32613
74215
49562
51596
5912
7798
1033
3340
9872
24135
4148
18211
36305
35168
15352
8558
40131
1
1006
28630
14635
53140
5277
9121
50442
48526
863
8688
23087
12433
4860
43785
3001
10971
6138
68653
4818
33782
44644
48272
12693
3673
6373
19622
27355
5894
18560
12653
30282
19899
13708
1734
9086
65636
1716
40165
19063
53475
32465
19857
9321
7817
43128
37956
78173
7427
49606
15093
49700
33906
445
3067
45728
22641
85280
680
32387
51105
831
52919
52239
69425
20742
16945
44347
28847
7867
17280
34056
33441
3226
65772
12282
4498
10576
21891
17973
23611
31982
12
7256
12751
38832
9217
31057
587
21636
1374
6618
35391
25543
25427
19249
14941
6345
768
49881
75807
48887
6591
3651
2494
4418
370
54516
1478
5144
37038
16012
20408
23725
21615
2520
14271
14582
60525
18876
173
9102
2226
2993
19249
26769
20602
28477
26667
205
62312
24664
1387
2905
1241
12252
19817
9190
1912
7626
46715
10791
723
13925
19198
63661
864
11672
42769
40806
34101
31549
4051
13728
11744
42044
348
14336
10757
53868
29922
14130
13899
17791
41191
62415
47109
2744
79822
2336
10976
24291
1778
31283
80667
34189
37893
11583
9891
2675
31164
1293
12751
65101
23390
32623
4869
53362
5279
22496
35359
14718
49390
36458
27491
48881
36094
16497
14564
10412
46662
4418
37399
15460
39476
22250
59845
5670
13763
27674
2929
25701
739
38122
54499
12918
14261
34562
4894
23603
10777
29422
9755
67169
5131
14366
1755
17693
8192
19515
2745
2750
2650
30772
6723
12813
32276
17250
3040
38997
36410
13001
38059
65536
49593
42703
10220
39885
10475
1146
24277
27574
22589
8936
12117
4399
4964
61413
9848
39597
27255
6776
27504
12049
29699
60280
2430
10624
26187
17381
40794
47188
27158
4125
38069
21011
17055
15403
8711
1042
20782
17
38274
79951
8408
50684
16376
52313
11678
5307
8713
16991
9918
22647
14736
5815
4791
23705
40353
27248
50855
51502
3781
30346
2892
38203
3873
9542
22589
2065
21001
25158
68641
2431
50572
4458
19533
20708
14280
61517
38191
39318
78421
29014
4314
25994
57441
21023
11326
11238
24653
25016
9897
10159
22566
9093
45207
62419
83533
39458
30126
36821
44545
7781
3182
26887
43494
10643
37261
65285
2089
26717
27153
55442
7183
4882
2373
11677
462
4974
30067
22515
6533
10865
3826
24671
3882
1115
1
32890
24074
44355
6567
51804
13398
46687
4545
9924
17724
28940
3978
28725
21427
24027
3046
2904
15652
13952
34664
18022
5667
30000
5069
6376
56530
1889
22713
4117
30027
13882
18073
9565
9006
32184
13860
21923
2281
41218
3125
548
18129
7038
15070
63
9107
613
10789
16400
35255
64211
8132
8453
68624
3402
835
3923
3555
15344
6790
17335
50638
15536
6773
37564
40008
21452
57431
21519
2221
4201
9092
591
2257
14844
44916
19214
954
32841
20925
258
10980
21966
26538
53860
10746
4841
40502
30888
16762
19828
29119
26607
9279
3761
52628
32258
36910
63248
57058
23422
486
19057
40273
19194
1824
4114
16506
6082
23551
5835
4268
4322
4775
38828
6220
15093
23586
45532
944
71577
796
37006
64699
10630
23171
3691
4209
50844
22729
1994
10143
49429
33692
58848
10644
10878
1
19364
5956
30863
85193
62194
60920
16947
48592
4
3398
91916
10587
10587
1974
75974
50564
4550
57721
11669
3063
602
6805
5325
1601
2408
12912
43135
16967
11388
16438
31266
25600
23170
4339
58405
54481
20363
7849
35871
11159
22058
34800
30145
1749
14380
12827
37606
24784
46067
4951
68940
58577
66547
4168
7518
41617
53922
20457
27952
32869
8574
75093
3900
43242
34222
34186
19303
56943
12710
27956
525
1900
503
6194
35266
30754
44217
37879
75789
10145
10422
4309
8546
1614
68587
7933
38316
65424
65575
26450
15256
8221
54255
21888
199
69987
18624
13565
21421
8983
25126
28467
1346
26052
13300
6255
28295
14216
70362
35946
38037
2117
16923
43525
7256
40197
25751
19717
3507
15557
58341
3010
33366
9410
59877
2246
52539
2215
1
45866
6218
13340
62563
64554
15820
54
12155
6886
45256
17525
22903
36803
11130
5236
73723
32321
605
4201
33855
31433
1450
21005
9528
73326
341
13175
24952
4098
43302
1204
9187
20407
21322
27442
32974
41945
63822
10560
1592
1878
817
41637
19111
15360
2157
11069
46961
24127
26630
70856
18512
14037
21000
3458
30869
47807
2133
5349
11419
47410
10347
40563
1009
24114
5404
35769
54350
77452
45931
485
21664
80557
53705
17014
13403
53876
19719
54538
699
70554
26485
22384
29725
51619
22254
1478
31311
89689
13462
48912
33953
486
11528
52422
562
20044
5872
39756
26523
891
44986
15546
16559
20468
23447
43389
27794
50165
19298
3249
44298
12384
23
694
25056
2652
32185
61293
71716
13096
39164
71756
7736
5498
37246
2796
12403
37677
8857
79883
2311
7958
40837
6561
75575
47418
26486
6700
17303
7555
39734
37040
5017
3979
11868
40919
51417
27831
25702
30938
49755
6203
17577
20028
5343
16036
8357
32839
11832
1911
1914
37159
24519
15265
22357
26264
37654
21137
32611
46887
20635
2577
3261
29692
4252
14364
64640
8660
8701
7942
67519
22771
88025
36470
35082
2783
13182
27480
18054
21192
10395
2832
49023
23632
4427
16113
23074
5562
62373
228
5520
41267
4899
44554
7723
16553
1699
13127
15163
71079
10123
22712
48409
18455
16943
6234
37796
16538
12817
2415
812
10373
8675
66197
72157
375
71985
16015
3317
4016
11886
1351
17032
53519
17796
57555
50366
235
1621
22998
23170
717
2924
21820
40890
49098
3152
10070
6762
63338
19076
26535
11338
557
7049
49181
5524
24230
23835
3892
6971
27312
21894
66803
5232
6310
26497
5481
21911
5870
56449
989
7
34699
33969
6538
10736
8511
9558
76434
1424
13607
40181
17417
22771
34949
20444
25785
10455
11485
7891
6506
7489
33784
10100
2079
36719
36675
19783
1672
8915
11517
2668
234
9956
842
4518
60814
3196
26191
11316
27874
15612
14630
786
1421
67646
39204
5840
32665
19758
2240
19915
8016
54509
3680
18928
8876
10394
4152
11661
26303
62036
4069
10354
761
4880
59211
14855
2933
2909
837
40093
2177
8920
43258
2059
90751
25028
59809
51502
35031
409
14103
8706
27288
27
42182
174
306
35017
27566
13796
32414
22422
3857
19639
49110
14833
74707
8610
14597
63144
36733
2930
32144
2786
17179
36685
19619
61838
10789
26005
51200
78700
43128
9348
14463
59249
22156
5353
1932
234
83428
15264
1286
37249
21747
3786
3957
359
13141
21028
33343
67819
58094
6764
12662
33933
30518
35301
35334
3689
6860
20311
19701
17743
59748
994
21430
15978
11629
3908
13763
59933
22165
13203
56221
30772
10470
4943
9674
20872
12644
7323
39090
4508
4773
61724
23509
32626
8058
60577
1316
41349
8005
25310
14874
40616
37802
10548
22722
24917
10636
70056
30004
24288
4851
51571
1401
42550
3757
63435
1418
1730
13069
30555
7133
8553
415
66341
26511
10149
556
6597
57008
39490
2974
33403
30065
56143
23081
50991
8557
6052
71297
21033
4341
16355
34741
2302
10044
47431
43879
7724
7624
5960
44232
30669
1284
1503
18485
43448
20647
77966
36571
8888
12252
48025
6851
13958
21916
39518
5762
11652
58262
5600
17701
46325
1746
12136
8718
35718
7285
4619
13536
17868
25673
40694
5975
18325
3797
7115
31320
56039
1461
6859
4240
70733
3528
1551
748
21127
66533
4153
39606
1187
16506
48250
24803
48271
72497
46057
27470
39430
17433
15169
22627
36744
5171
61046
41717
17791
19783
44170
69652
280
58053
5187
15294
13063
12
6622
24256
2079
7
10489
14124
5897
19681
40102
19800
48015
2515
37200
33034
29928
11716
32430
942
15955
14604
20029
10712
20594
1361
6582
62113
42872
20193
17425
23711
26505
17969
56012
47333
3708
28757
83762
42127
29756
2670
33315
27238
497
4640
17
5352
3570
1212
86267
10750
27638
65692
35419
17866
50457
29491
25432
66249
50616
4531
3628
13656
28639
32298
26076
6536
19025
10141
7976
14614
1086
19116
62451
4467
14893
72044
44000
3774
26306
50035
29845
548
73155
54901
26698
10256
4361
693
3410
2491
32763
14116
9569
24622
11817
11676
17747
35840
4795
38121
4400
8325
9149
14566
9673
4423
23287
8414
19096
26029
438
38988
3185
5456
8896
24989
9916
10465
1387
42632
49843
3036
19650
28334
1990
12662
24084
24604
16960
34610
56517
779
26147
7232
11791
32860
28777
20996
35718
6824
41473
10502
9215
13192
31964
59743
13292
31625
3622
12018
1811
723
36459
10650
2986
13132
45909
25654
30249
1256
1739
12230
18167
66845
50809
20894
6219
47652
21636
75510
8110
32541
18801
9978
27223
5464
53497
1517
3881
22415
49138
7
12563
48157
38087
11479
27804
47820
11299
40184
22729
43667
10727
14604
869
14295
8201
31580
6816
8279
738
58866
24912
915
13665
10870
10441
31453
2026
6658
51200
12590
5252
10892
18302
47929
15505
8794
2805
42337
21274
14900
14648
479
10602
15810
12060
719
50599
2652
2706
32555
52685
19575
83444
27832
33549
6990
2190
74084
24910
34130
3237
20750
7671
79439
1847
58097
28719
34191
43006
17914
22745
100
17194
1686
54961
5043
22573
49928
11366
26331
32754
44307
45992
7939
1223
18892
28465
60306
1699
3747
19053
7014
25893
1658
67080
18215
8853
42030
34527
6579
33675
13323
29994
8013
63824
9706
74342
54682
21404
1640
24437
11776
72954
25182
22342
15933
31730
8764
29066
18584
44713
74287
6321
6419
15843
14730
21540
36405
41013
20669
30510
37106
48929
21798
77250
9379
20719
449
3847
18375
44454
674
2961
39931
18556
20255
18968
3007
6411
23881
2302
8971
71598
7519
2185
23138
8063
25199
7082
7143
47
4498
18481
852
37529
23833
3483
5171
34394
43987
7031
42198
42025
8581
34003
9410
1281
9731
17686
15954
62976
57134
3044
23675
442
15057
29179
22067
21064
35062
9731
36400
37243
23028
4
575
7363
3798
47591
3787
19330
11033
19213
56294
17474
10189
795
20002
6501
10318
11032
11286
6794
26925
16498
24684
10794
26749
65367
46625
17406
7348
17679
22815
59122
7342
48457
50439
55787
8588
69548
60592
21130
30728
20700
9692
1032
11754
19089
284
58916
12012
15400
65110
5024
6265
2699
4751
14664
38663
13302
4135
2820
2720
2152
30487
64395
34963
13552
66020
5463
22519
30633
70321
56932
9884
1913
67594
15496
29196
1921
11273
3815
844
9984
742
11086
10184
2436
59888
38843
2033
1763
2828
29001
1674
33334
31977
83100
1
1330
20088
8090
47987
83823
91984
33006
7843
19842
19223
12817
1685
8301
106
72354
1620
13525
30538
71742
5999
39175
18212
10168
8464
35340
6155
4026
25703
10215
31109
40512
2
53959
6929
34966
6324
6752
47382
63219
13320
48613
7241
12124
13545
19504
69097
24149
6013
10848
48408
36923
22219
60721
5790
31220
22792
29742
4194
2881
4825
52182
63813
70683
49953
2148
10927
3237
2641
55462
46502
47481
846
12425
2311
1033
4854
17333
42422
35956
14364
7966
9475
67730
9146
1973
25863
44395
10935
12084
2613
45029
28194
14167
14883
37229
6566
2508
58087
12424
13394
6731
5
18795
15367
28557
37295
46628
68283
47258
2281
3350
20780
41122
36
41976
9490
7647
23934
2739
7748
23083
9819
37776
32703
24573
2614
28907
47912
16354
56831
11328
3551
7502
6150
13276
34291
60761
15195
9832
85153
40651
52032
13018
3377
5036
4105
66618
1092
6892
3502
47947
11118
40637
37998
16976
4
12074
6213
19697
10353
30681
6579
65037
3707
24445
8782
37656
14780
25562
13874
726
18306
51465
3906
75289
17835
2404
14152
62475
43759
5099
8134
3080
39025
11346
18621
39482
245
4413
7951
1037
65213
47342
15794
60914
72470
25405
29924
8447
40908
53476
60864
3464
49158
22710
22462
1348
7962
45056
4988
26072
1404
9961
22179
4525
22817
1837
17780
1473
1108
16099
52469
90130
30099
5159
30893
52476
31602
8185
70108
2374
6121
793
4367
17810
26365
46778
35577
25700
15140
15969
49996
20117
7081
845
19953
36054
12343
13658
30876
11383
21490
32458
56867
5555
45735
21871
54216
842
1528
18587
70076
51807
21318
32931
18618
21093
23078
48640
39069
9597
26537
61631
20911
17483
32349
11725
13085
21604
9737
88695
14148
4702
27516
4443
49462
1922
12515
3488
2979
11420
30647
19252
17709
26745
71366
37728
38856
52586
8838
19195
23016
4786
15232
43294
10564
16941
7821
24334
17183
63901
7343
2377
18369
4753
76949
60273
1509
23671
9311
13983
45529
6952
14999
20704
39072
32024
726
31237
26414
45144
13344
8715
64254
69133
44439
4757
50901
11988
43657
1671
3929
17044
18014
4646
1310
5545
43499
28940
24574
42388
46967
18125
4085
45781
16998
15442
13132
27590
6660
289
14882
1606
8150
25727
4515
22309
38241
2527
28100
35592
1988
21419
33505
3539
10250
74508
2466
31464
21108
10652
31557
52257
17722
49350
4550
8197
23753
51327
10128
920
3520
6964
6286
1462
15206
24976
23230
14298
9241
17742
22653
32953
52114
41617
13574
3736
16313
23601
31762
14518
19253
8944
28479
59834
17726
62197
84607
1583
10368
64693
35215
7118
13573
19439
53197
584
7374
84940
9079
10308
1939
14899
6184
10260
29510
79605
81492
12991
21552
75440
56345
4912
27413
15770
12402
600
3094
35099
7521
25274
11348
28906
24831
44735
66633
43757
38716
49072
2512
16536
24806
53362
52552
11538
11302
3658
9108
1328
34306
74378
2658
24588
23245
8358
41200
18771
69759
8886
2754
41950
29096
6785
33153
1665
60604
2044
11138
38538
52354
81976
34701
2820
4834
22011
830
3342
19293
17461
8717
2682
57092
58368
70189
59817
13116
17423
9070
5764
24235
9258
21801
64030
38008
11949
6245
3990
78527
21722
23614
48502
12003
25640
51967
44578
61917
2065
26678
6153
26252
27235
5904
10298
43341
10443
20235
68173
65590
3597
6051
52176
2235
9250
20682
743
6263
17659
860
46203
7194
29192
21976
14502
37773
17981
5488
35060
32687
7864
41104
58442
14568
9362
33604
33674
36729
6775
12775
4106
352
20982
52
4276
8281
5560
7980
27031
51033
41353
10927
55988
23405
261
4058
10053
70151
24860
33899
2848
59788
15811
906
3863
57715
32275
37196
10108
14058
52088
1889
15113
4369
43944
18614
15859
63588
2848
63884
16511
17284
24251
36784
13319
16332
8144
10014
31313
24249
27247
60013
465
3328
3841
390
20001
7291
6856
525
6209
47965
2
3100
49801
1141
27206
2639
3566
40533
1787
39364
34917
3040
19622
16177
20016
58184
48484
23323
13807
87
7497
50261
69214
27768
46138
7503
8616
1816
17165
40056
2560
8588
53454
12789
24512
52005
21198
38980
27753
40267
31544
1745
26761
2378
79387
3507
24274
33162
21876
46521
18990
374
37909
10226
15520
18186
7276
59739
13711
1309
47426
3753
9438
45732
33597
14629
56125
75525
9035
22754
4708
9143
10803
826
3780
32200
3367
27446
6886
4746
13500
14633
9613
38081
13193
20795
12051
16896
43296
18304
33129
6337
1750
52854
20303
20771
16485
23220
13782
4000
18396
1940
23080
41926
30001
28780
39518
87243
43881
67795
8431
13351
11923
26162
6992
21305
26292
38698
3726
16045
34517
790
39278
308
35611
24262
12809
63068
21095
55415
7780
27843
47127
2836
42239
42792
11178
62381
10040
53730
574
13433
4986
42832
63446
3559
2195
31999
19
55914
33412
1507
29605
57
9611
16882
24713
18903
15782
58633
17254
51929
11428
7195
66813
15241
12466
12112
21044
3950
2730
2602
47695
9860
28567
40926
23637
10596
16449
1320
44832
26404
35597
18236
884
16154
9601
19140
13392
39718
62685
46004
1838
545
6835
2573
17584
8147
59285
6591
24928
377
4000
9775
48115
74547
18955
27657
70780
12953
3936
26949
20157
52152
35645
7084
8567
2655
69116
8427
61132
28854
9018
23047
26809
47795
77884
44591
17699
3433
15779
38343
24078
23577
28822
4520
6312
686
32381
1267
68941
20243
18650
5398
30304
17376
26885
13230
30959
14168
9267
30757
1277
2473
65553
43157
9002
15374
14496
34305
62308
31116
158
5014
7581
3387
13581
20029
32170
3245
23241
2788
65934
7598
13646
16508
70657
5627
22850
2
5375
39813
3432
5479
53180
38394
19024
2835
889
1353
14582
12621
31718
14120
8108
23608
3556
6928
20894
13531
67060
17743
3719
14238
18813
70760
21464
2677
90282
90907
2512
57329
84233
1345
52938
45341
3312
1646
13493
627
12574
6144
26967
6658
4864
3771
6143
12566
483
7486
2196
41830
13547
8278
12976
649
24237
50969
19837
32991
6127
44574
31826
64770
48952
31096
15637
21780
27757
46490
795
19066
2892
52369
33787
58809
32194
10
54719
8098
10584
977
61555
22429
2159
42621
14037
24428
2999
7923
35757
19117
31375
30700
20788
60469
73945
51525
36584
40464
6827
6455
13404
67949
1732
30670
17675
38989
10019
665
26527
3945
18829
26861
22362
29348
2920
23091
8585
6421
20582
1067
6653
26933
50927
19326
21096
54511
44344
44783
65608
20771
42573
62765
62777
46804
33400
9615
17877
47697
33011
8508
18561
20115
20264
8352
5395
7076
2233
3560
5052
1284
12670
3713
5075
3165
30841
22976
71247
11252
1617
3878
56492
15095
13400
67773
44640
15519
11866
37841
1815
11833
24049
36205
27059
6385
14390
3163
3277
2598
80107
46254
11750
38944
2290
526
42331
6975
8700
16746
311
29885
21962
2
20540
1472
56670
2204
2
20674
61437
16996
71322
55947
74622
12968
5601
4131
15038
36331
4982
11845
74638
7097
622
40840
15472
41935
31672
65541
16082
2132
41153
17751
26430
41477
5910
7702
25691
6332
3318
16495
66042
16697
24361
28413
21965
12823
330
3013
44275
17987
30186
18158
7135
42152
35741
57897
19650
2065
21594
71538
18939
26234
42269
808
66465
2531
22977
7431
43008
14453
75600
64243
15050
3372
22927
16677
13575
47379
5025
40507
62103
12360
5
18
5563
1164
35235
33108
6626
32878
9514
3196
863
91453
134
7090
57216
10142
16211
7301
68309
41120
91037
25698
696
24181
46132
4351
62568
761
29874
45439
61517
43415
22555
24624
9590
19813
81960
1416
12527
43205
2290
14675
10532
76145
49474
54090
11506
49371
27530
9984
3015
31791
3981
8608
15591
11296
1241
2777
1486
3608
41167
26120
51694
3639
2110
1852
17776
68263
22314
14024
1738
1911
13598
69632
22031
20257
54670
10007
47923
11071
4609
47596
18449
10770
11433
12428
51197
21311
21454
4085
72402
8917
12592
56931
27677
4803
57078
35348
2484
71846
10948
6711
6262
1575
11908
15121
77220
43224
7195
24825
6093
19716
12224
25810
31877
13004
12533
10787
26043
68393
14380
58713
70578
38384
8754
32544
40738
3632
20535
3884
29639
1227
20939
7134
73349
41
10316
8435
13720
14250
22893
1937
17012
25357
22109
29775
34706
26763
3
26659
65903
34182
21820
21446
7692
9130
7647
3986
2109
52345
3898
34703
10507
26325
16644
17759
61727
26848
28189
34850
15088
59292
54488
27850
27179
5534
19672
785
7364
3222
63355
22161
36800
45803
21124
307
3627
25531
41291
19990
2286
18636
6441
35272
44468
22771
30093
31561
7881
8061
27074
14765
3
11973
37589
52024
2538
18
61156
5017
51727
615
5634
6807
6614
4542
47014
38830
14824
4849
4282
52190
45318
6128
61117
55072
15792
19685
25577
5103
16913
5944
70981
11641
10544
11986
13843
57401
3266
37059
6857
6744
26587
12781
48004
36198
75336
10876
13717
35129
29664
29543
2190
56705
40756
5790
24394
149
60241
25631
41221
8779
17572
51267
9818
11893
22434
61602
13924
3783
16219
30622
51528
3455
10739
46036
37785
12861
32274
19095
4550
15385
9223
23077
28724
26647
4996
7090
15242
5640
22679
5532
44437
44664
11142
7779
13666
8882
1233
16278
1502
22224
8350
67441
38482
6190
37557
82280
5819
27661
18
4010
3729
1846
521
63217
36559
7279
3
4731
12424
11863
14383
33920
929
47769
960
10133
10973
13791
11691
10721
31024
12374
6284
2097
4176
10292
22
5692
2335
32177
17323
13977
19063
18251
38931
23309
11303
42652
10726
5980
33695
7794
1174
979
29321
13877
997
9195
8879
3284
22817
16801
54514
41990
7718
39060
7020
13175
90054
66578
43638
30249
47548
21630
7710
1717
6031
28040
42000
2
62876
7590
11766
8005
28170
75396
15624
5605
4670
28819
28598
28159
31641
24189
70606
18891
12975
78238
3471
49380
29016
52349
26256
9255
25669
36330
5607
21985
10860
1902
9055
10499
2
15475
36151
16997
49021
29688
18556
23981
10965
18851
85547
8360
8619
77103
46780
4794
10367
58910
6723
65785
7370
3601
11842
22631
6890
61236
10726
73326
15769
3340
4942
6217
54277
3505
26557
14395
4046
2
14571
24479
37815
49131
11795
19564
584
37028
58598
69421
6488
20743
59899
4030
3436
13856
31411
51431
64408
40373
24923
13206
13035
14026
78402
16927
21884
10064
13025
13191
45788
47271
3
3354
2222
55219
19451
67503
20254
8299
46057
14
2264
48467
71053
50565
52680
44181
11000
19980
10497
2929
23
15192
57153
28332
22990
41651
17641
11639
37342
30122
31104
32039
16873
960
14253
12672
286
22080
47703
9018
38741
17128
33173
2098
21455
27379
2196
55573
18292
25924
25309
32186
36191
12768
5104
3669
7037
18242
15
38321
1640
34003
1368
1366
4244
87463
19947
14223
227
47242
23455
34786
20944
50519
22095
5674
6340
20802
54846
16050
79066
58805
1178
22810
2224
39402
25048
33247
20919
33122
3328
3231
10883
74851
59749
20404
8099
20093
72747
10492
3568
36347
7837
38986
10988
37091
12978
68569
40162
59976
388
16542
13240
28810
9183
38780
27768
16391
2236
64797
32955
16618
5587
31773
5426
23681
11251
2472
18111
4527
5382
21126
31205
25917
1536
9294
55324
16304
40377
18270
8163
24217
22566
43315
5726
19455
54803
29710
2752
633
4834
2726
63041
1618
29507
22177
9781
5164
14172
2371
18021
2797
27494
31792
25273
56261
68478
82407
33397
41944
27507
28251
65340
8234
58301
16525
5685
1336
513
38268
637
5036
858
1700
26430
7183
23728
53561
42314
5726
6802
6218
680
6656
31063
57102
3427
65450
11889
16631
798
72388
12931
6804
33262
58379
1368
3666
1996
47614
21341
17944
18481
57186
10559
2930
33743
29992
10120
43551
19198
16545
3981
19473
27914
14797
617
3752
8160
6750
9807
4159
27669
43590
6099
21732
3106
38679
48633
22824
22076
7405
3100
10568
5948
20428
7523
21491
4787
11883
34287
34795
16875
50907
53726
1645
54404
18805
47195
7759
38648
10480
7869
3
14707
29462
6389
49288
625
57414
10900
56936
11463
32868
59898
71946
22679
24881
4577
44080
39033
37969
47205
8306
26514
4519
30533
21
41998
15369
25675
65280
2837
963
7946
9061
23780
15096
37288
38912
25411
1459
39746
1011
42640
12082
44829
10505
48999
6741
49420
118
12265
60509
30326
45548
54698
52369
17784
5798
2591
43386
10801
12615
30250
14502
11027
20618
5011
43575
10698
549
8371
80852
6352
13231
6416
48857
7889
64569
66649
33502
33719
3057
46713
219
37123
16567
30888
8969
17514
34493
19417
22634
60062
58997
37616
30349
5349
283
16595
5558
11364
21332
6694
14981
26601
6
21403
1240
35296
2783
17505
2782
34546
17540
24791
26357
6479
3702
75357
22525
15517
31313
6813
32317
8357
6242
33319
2
13715
9789
28821
494
374
4409
1592
17898
51565
12
4831
61356
24889
15189
15286
33287
1553
58103
19030
5850
16347
35863
35109
892
19027
38173
23310
21397
31206
27138
20900
3395
10606
8583
53441
9593
14393
30664
11246
47041
610
69248
28838
7703
11594
1093
4632
40508
82357
11890
3568
3354
71252
21737
34448
39593
16933
9667
1806
33011
14206
1426
45901
15257
25620
11854
11022
22043
43786
37110
39158
19309
41282
12025
72567
45925
64756
11326
10472
24820
6391
2327
10651
6087
8911
1173
71044
2879
20082
23
4019
15818
4
7568
39713
22071
11640
9432
31049
2628
82383
68197
24585
33789
15075
7924
1349
53969
57467
25514
51956
11817
52169
11903
12131
11074
21623
50245
10851
20187
2821
58215
10539
41990
14477
25580
42284
20707
2010
47614
9144
68
6146
4413
14309
11365
26075
1140
65287
3783
1921
79021
9745
5303
39001
5512
43676
39134
6432
49798
2259
50465
30738
20245
35250
82235
72564
1301
12528
2543
36897
67423
8733
6257
33767
19836
4346
66764
7290
2936
3872
46195
2678
10619
646
2008
2014
61847
13774
42309
11637
25478
71579
20989
6635
14383
23038
36680
11711
34269
3452
49028
40802
1223
52429
2460
60299
19283
68983
39796
41946
22746
12666
17278
74691
40060
72896
21422
15862
13294
9132
46418
1794
35744
8615
11487
7183
3408
2
5317
24596
69327
26049
34895
69085
69667
32819
4
63074
42146
3510
65053
3349
3067
13901
15189
6866
61728
497
40513
66054
50091
20235
2
11635
6
10828
12379
12516
2693
63362
18347
3723
19016
15107
64074
24277
1212
16256
13951
34591
32461
12953
4488
20961
29717
47688
32151
9260
12208
10627
4932
1938
3070
8867
3446
4523
33511
39377
2332
54128
7970
1975
4210
24574
23450
7239
4529
33349
42572
12842
13896
7059
11544
23310
1682
46561
4731
32847
32339
22875
21080
1894
20082
12548
3096
30280
73362
16542
17788
160
5346
66344
13414
29299
4550
23906
32169
54376
3527
2136
55980
15238
4014
20297
37143
25266
23779
930
2411
7383
37290
13279
4983
17419
1588
18152
93
15560
17673
15102
49895
45369
4853
13420
5664
5
37310
3306
7996
29634
17306
28156
10728
45917
10497
37138
3894
276
22188
35448
432
44147
967
1720
4
28592
50781
222
16267
12876
12109
14293
25291
15226
2157
6755
21273
15913
69609
4640
87778
3063
20261
49059
916
65891
32860
31778
43788
64091
26577
4297
10048
229
8473
11722
22530
12154
2646
5539
8887
52176
2670
19844
2026
6107
10527
3792
21292
52367
31661
33304
16265
1854
40367
8891
14392
39497
28606
25085
41314
50233
78759
4516
5960
888
3761
7840
18247
1676
41254
38092
3840
11531
74045
12818
38538
6978
1807
30076
609
19950
16858
8586
657
39299
7596
34401
10684
36407
17637
11478
7932
67932
24423
12913
19557
25972
57764
26826
624
24023
54923
20862
8892
3419
9385
2660
22463
8612
75820
1864
11013
17825
32117
29450
30241
17180
20004
52286
10725
54628
50038
50208
12188
42380
42298
4556
39665
16952
1405
34106
4629
2169
27888
1
12472
13476
21618
3310
17344
4
84907
9953
3835
11134
16761
3998
30796
18621
23874
23909
54943
47754
13911
41300
17353
8120
21492
15356
10754
615
19290
10584
883
13879
25611
7577
28350
7088
20515
8384
22136
24442
32809
15357
18179
6
18611
27251
27993
12037
42840
51387
1166
8330
535
471
38474
56354
27852
13347
53731
7599
33063
354
3415
17200
2500
5178
14666
7582
4171
34358
17641
6390
8482
49803
4315
44605
19875
43857
1704
69940
5800
41058
27095
35
10318
63366
5942
3944
31282
10282
34264
50767
1561
65
71846
6739
11685
673
4046
15069
1189
13194
19804
301
3485
7468
6840
536
523
35289
11074
18925
16659
47839
26782
34398
17959
29161
37252
1870
14177
9161
2346
71451
31981
19071
23987
60652
15361
17008
14858
30305
49556
38504
2536
3229
81281
5988
15629
3104
13990
63870
32595
12069
35299
50959
74235
12550
16545
15748
3748
31488
44685
40890
22473
5276
31977
27982
13
64966
39479
3239
41
23321
23158
1839
21671
18250
8610
18613
22026
22243
17371
12796
46400
3685
5527
1893
33876
20538
12835
31325
27755
2482
1610
2315
52413
1135
18231
43749
7943
18996
4687
2944
49565
12384
8739
3371
12995
25672
27667
3866
61043
22968
18873
47616
9669
38148
19769
17641
26279
4597
52407
12942
40592
3332
1847
36658
47632
5249
31400
22272
72543
1
16739
4733
47576
19110
30004
32929
24037
16296
10933
23075
8795
6774
6499
13220
47994
2590
26954
26468
15352
22972
2519
23965
44157
2484
19160
68049
33115
29180
2065
15577
64332
1658
62160
51081
17483
12123
5359
26447
23506
35838
16142
7712
18123
74525
23691
31185
1088
1481
4345
6767
5251
34104
6037
46376
5302
14817
63064
1155
8731
19820
12264
48969
4678
44667
12608
77643
2656
32740
80610
56500
2780
17252
70042
58541
12937
17993
54909
5907
19597
3490
44986
42801
8135
13538
10725
1220
27948
12439
1607
33515
1584
57318
5634
17761
4546
7587
6924
17553
11224
56938
20467
34272
7490
23714
9433
4528
2425
25832
1918
33070
32333
32265
1404
73509
80296
38980
36556
13745
31373
48747
43131
56208
1258
3014
11507
5083
64005
7134
4025
43650
76762
13524
52003
40703
11446
64634
2801
326
8778
4700
2217
9735
50661
17365
26707
10911
20021
6130
4714
21074
70283
6636
49451
31080
16409
26535
80966
15219
32042
4367
16243
33290
18072
30660
18184
13641
40233
8756
39098
2958
15830
6965
7156
59492
51242
13946
29692
40124
4853
9676
37592
87346
52475
17565
19741
76865
49725
41155
9097
4694
15242
10919
4149
78088
1911
2
19152
14597
10025
40053
2193
11397
22856
58882
27133
559
7487
8376
7775
41872
49726
3652
8209
81056
23239
18932
16551
50188
21655
43167
39416
1726
19852
6787
3667
7280
66024
25001
3302
22324
12883
841
11227
8036
25501
29175
56460
47
55
889
8304
10473
15410
61657
6852
19902
1890
45748
7318
25904
2945
5043
32022
9179
51152
10403
5170
29042
18648
7748
12817
36667
40493
6499
7618
53674
53008
19640
50711
35235
1259
28441
2210
10898
73339
6706
23168
31201
60349
50759
15473
19301
13403
22514
20358
5814
3476
987
130
19465
2858
3754
7355
60553
5501
19452
50308
23738
2770
3840
19449
28350
11506
13996
11025
1402
6464
26321
21739
25847
7561
22596
3012
44068
32095
6800
39184
37412
37264
14833
2108
13623
38543
11356
17659
7744
7445
49593
11298
708
70641
1769
26728
3354
24726
1846
1239
3972
33580
12367
74529
56727
1104
582
48879
70031
834
73246
35369
7755
8757
1796
15652
4612
47740
52465
25896
16624
58507
56372
70191
75672
11456
16506
34280
44731
39081
5684
9685
12461
84494
5711
23790
30772
41455
69372
19889
78639
30058
37671
5141
15450
36737
31243
10549
75924
21082
701
63633
54100
948
15909
1836
45826
15079
24603
18289
30078
13344
1444
455
3506
4153
1
7866
5251
17055
4148
7938
22214
6227
7585
66681
48517
37728
3234
42669
21335
64042
13278
10717
53808
55568
34611
22943
26392
3492
239
17012
9252
31841
4246
39941
58683
30076
13504
7659
8304
53280
34508
4237
3830
544
42926
2132
4667
44086
61426
5789
4707
58536
5288
1787
54703
37698
14750
3178
30935
7072
27131
10499
47804
49789
14939
14345
16614
48262
2916
30790
30989
74573
28811
39526
21194
3987
1499
16244
8794
32138
58595
21747
15495
18350
447
1693
29777
2555
422
31889
228
14653
39785
18983
47432
37588
34030
9658
26999
19944
19074
25056
9429
47450
14800
2531
6223
19834
16649
19813
14247
482
58843
45329
31461
47530
25222
11137
8544
56931
3415
40294
1672
46442
27170
2956
25294
9599
5241
43466
63996
25917
6798
22508
62653
1202
37867
2271
11689
3216
52821
12249
38226
8300
29309
56466
27592
5527
2916
22632
4625
1456
12302
12696
17252
15201
3463
62649
36935
16951
69173
7365
16334
39319
5258
78742
6152
60055
37926
59090
56381
20025
7183
13471
50861
38710
1857
46787
159
15309
25098
3814
18421
3075
10260
7495
17544
4459
12373
20738
52087
5856
11385
31034
60840
19974
1801
24334
30115
25397
8554
6610
29835
10733
11668
13550
49090
24652
27771
9057
56337
7473
5236
9560
24449
61165
56862
65893
32910
17293
403
8313
42501
1196
6670
40186
8620
40335
16649
46055
4188
31243
25227
26945
5910
74968
27494
3608
75301
10123
16324
25987
13612
55497
22171
17224
10732
18788
6812
20042
17962
13191
51666
8302
41747
6937
9029
25473
37884
18136
50675
25408
14496
5672
71602
30781
29518
42138
5272
7472
36332
2549
1831
67790
69945
41430
32625
26287
77375
51443
27597
8633
34478
808
42624
11539
407
10482
1429
8013
20420
63265
63979
55667
16425
48610
458
32620
72247
34088
62094
29439
31147
8117
67653
2031
22039
65729
17283
44849
70848
13832
26256
32108
23828
4263
37891
3737
26915
16023
27169
28449
1383
8623
60320
59668
19186
2055
25207
25649
9587
20727
633
50818
55867
10078
65310
45328
46471
40740
14886
75304
47420
14825
51056
10924
42109
13201
19593
86679
6055
33926
1701
14354
3425
43089
70510
12278
27422
4991
27420
86181
4450
16714
56772
7943
11756
7493
61715
73194
11103
18965
22825
26781
23387
81648
22618
2943
9124
15221
21740
8006
6204
55019
3
22714
1608
35414
74889
37378
21556
38902
13646
6037
8630
403
54983
1619
28342
28903
4135
21085
29628
6653
28527
759
35968
21505
38931
2881
2097
35656
13445
28771
8171
24021
55251
10987
16246
5818
61565
10919
41436
37595
22720
13699
40430
28609
23566
29090
33392
1371
50548
16705
14523
25719
30799
42458
8465
16643
7148
7187
5272
14917
13506
64328
20791
80557
14912
49253
59316
35009
12856
27070
22758
5675
15977
31386
34204
60304
6025
3048
1933
35724
42761
59283
77137
52809
5027
5
32086
12111
19189
29867
14797
7628
55667
5441
43674
7755
34184
51442
43427
28247
9162
5124
38228
6719
69649
15386
3913
18443
52141
3209
9126
55486
30465
63389
8510
74361
69679
8091
19146
26574
46919
2945
42421
228
76414
10664
35438
28631
38413
1908
21906
20346
49739
12038
11759
2745
54231
24932
48784
33107
36326
32663
18996
38240
14095
28278
42346
36063
18170
16507
43732
9571
21601
24795
12679
27231
10307
45633
7900
10406
20325
55046
68380
45916
28133
15054
14720
11586
8285
5612
9580
17372
23136
10006
64304
838
12223
14207
72060
9994
51125
3928
7342
12116
14521
27067
4175
2
21110
16808
16861
2295
41463
5188
11667
20706
30360
11163
1984
16046
2706
36073
46319
23904
18526
27216
35581
3329
24771
3675
2379
31663
4099
32942
48128
50331
6286
20626
27776
2551
49360
2360
45211
768
9019
30502
2663
3755
19449
14492
10546
33799
23472
2445
13385
39785
5594
72213
6615
3310
5484
15609
10762
20521
9933
517
20841
13787
56340
3503
4586
11679
23766
22709
2087
12749
2227
74625
7826
2841
25579
60068
71106
5755
661
15152
44255
16351
483
21929
583
8052
20638
33300
49096
39707
8187
15878
36241
4793
16001
17694
36611
24670
67584
18241
48731
36391
2351
18700
14877
37358
20658
2
15061
5204
13920
31210
996
14378
26497
89066
11846
38010
26253
33724
6594
54044
13607
2985
425
16738
6426
48149
17004
23975
26505
32775
11203
58480
5923
17358
19104
38342
58070
62795
639
34007
1898
4109
6095
60698
40655
28578
14863
71092
13749
4032
120
3157
21174
6766
26988
5966
26498
1101
15451
46842
55129
40012
8742
12282
2382
2562
82044
3064
4630
44707
5846
38605
30303
17912
31496
31169
16612
46659
11
7492
46337
14146
2172
71934
50221
32720
13275
34923
7711
9196
30412
35614
56391
5499
7727
61817
41145
47425
11200
61186
2276
23301
13349
25079
25753
6575
32727
241
33449
30418
17853
43450
48385
9875
54019
62042
4567
19321
4573
55864
12218
5865
54601
8928
20545
1354
18512
31448
8392
14999
31149
35124
46858
12944
29291
31415
18398
45502
216
8007
59768
10252
13507
6199
34790
3856
9065
4628
15537
77512
29461
19395
10855
39098
15381
34162
38696
12585
31698
54727
38747
2537
515
18833
55468
14991
16402
43289
19250
9712
4591
30332
45374
2880
2452
63626
37597
21061
18972
54232
1
5399
35697
77672
32284
41890
2
23152
24989
32478
72841
70831
18838
32810
7758
965
14284
45080
82931
18524
2315
10986
16060
19497
5546
62564
16602
34222
18832
37703
31800
14148
49597
2585
4730
23368
47443
690
9450
35065
7843
47072
1781
11324
35528
15212
45043
52001
2907
3969
29914
43906
5000
16934
5594
3192
57127
56168
46625
7170
1107
28729
7709
4842
3306
20878
63096
6854
3365
11844
1077
1442
37202
8535
1118
11901
1850
15024
16091
40178
2315
19445
467
31425
43187
477
6975
20571
36966
10040
3956
13996
70537
29378
10951
11598
19105
71313
50863
14411
2119
69027
80632
46304
18708
2192
6042
10293
16150
91709
3127
37821
8115
2944
4623
3521
3968
90471
21910
633
18651
70539
44613
3535
16832
2462
38198
4835
16038
4985
64010
23167
30752
11082
12526
49480
16062
19734
52498
12100
19477
2379
30714
11849
3357
34666
4930
20496
15186
37700
679
9310
17816
18340
14044
11834
869
27961
19909
1776
32384
47406
1196
1238
557
21254
20609
6725
15800
3877
36044
19873
12209
51636
3373
15799
728
85090
2606
11409
4089
5203
25691
32625
17654
44014
6289
20644
39384
17081
12503
32757
2665
44520
46051
38412
1
4312
17407
18907
56176
19292
8606
21405
55585
12771
3315
629
14437
13379
7297
51327
7750
30185
1275
825
22689
17513
38035
1268
4095
37452
3321
1232
10682
14260
1871
43344
25988
65561
22260
10688
26970
3362
11910
55378
4282
5968
47517
27651
10174
6044
39903
12196
58208
63354
1375
9673
2055
38230
6910
351
1060
32893
9275
80029
7918
1528
5769
31776
45015
27619
51650
10255
19947
16407
6748
34478
2187
1157
23741
58110
2257
11034
17606
72834
9285
4838
5809
26772
619
57002
22974
22445
21224
22042
57762
90713
19785
23798
19001
886
15482
34849
1728
5211
2785
14972
14761
18955
7502
21833
15309
28532
6453
2412
83
59578
5818
66396
9153
3502
79939
848
43235
12224
28795
1451
13789
15540
28098
4358
82086
20207
40029
47305
3800
16006
19196
73954
31388
6222
72783
26484
12
59177
24831
22118
15060
2181
16089
6613
86180
2427
533
8120
17114
15183
19642
1229
16575
52987
52240
2162
1432
35259
8897
3870
51313
9977
5854
4870
9430
11024
19749
25344
11955
59129
10092
9836
10967
58501
16914
2751
4200
40027
1568
54230
18149
33186
29723
11176
4864
1655
8217
18744
10287
1768
20598
34094
87655
11340
1045
28055
13522
27766
10197
3449
13093
24396
25602
44261
12999
12203
26406
18326
15135
40224
4686
23427
2688
10536
20862
12766
57513
23342
7359
20887
18244
55215
27997
6034
5181
25219
18854
20679
12586
17077
28962
1416
40716
12787
28732
15831
40184
7077
29681
6398
37994
25575
3210
41924
17148
802
21406
12359
40751
3086
23583
27514
9490
19700
8889
54058
56142
16316
3524
28174
74931
1993
57433
13502
3892
11671
13142
57945
3542
11178
30420
26935
20599
3065
38370
13251
64130
2400
54671
858
28627
20101
20265
49612
53158
9499
26974
17157
5653
2783
41676
22100
14140
19578
24165
2585
7309
6937
15637
46410
50044
46725
69618
335
48706
50957
45017
10851
49040
20609
19818
24
11668
3278
17033
3013
7965
3749
55268
60639
18945
5896
22291
27327
14359
58158
16602
10234
10416
74472
15340
781
20623
13028
79097
55901
39124
18238
24781
18735
7025
529
13420
12577
63516
1168
12854
568
5760
4111
4211
1812
22238
44686
19491
36372
3224
41270
27559
3655
48160
5388
50
11459
72721
32112
22870
22230
66290
26527
8011
27017
14297
30552
37821
26316
72106
28938
9692
31279
19306
11511
11530
33768
17855
28951
27618
49952
45175
41206
4124
21042
15722
54222
14549
38167
20437
3
5924
15587
1425
34876
40280
11938
2061
12895
68659
41219
16791
5210
19937
23324
35634
1012
72533
1341
1690
13132
4930
27700
4416
28531
23028
3329
9247
18188
52379
20380
12984
44988
2175
35354
46138
12962
47734
59754
1076
655
3
12350
6097
44349
23314
31554
1083
2386
9439
46907
28882
25964
40406
50436
37215
91899
659
1831
43929
41136
3681
37296
4357
32516
10353
18554
11960
17856
61
10301
9063
22683
40768
347
31895
47593
12923
3660
13070
207
20604
868
13098
83786
47355
1839
29603
65854
11778
32716
4012
71722
8214
44316
54684
23110
24456
22250
27163
32318
4810
1894
6394
59957
44252
9614
27648
33887
18911
27540
28877
4076
30999
18433
57885
1309
25483
20020
62932
5315
2859
41424
70333
19811
22876
14914
31698
2587
12029
12045
64156
14493
17286
46607
2962
54393
426
23007
72936
4691
6831
34463
8071
12281
49258
14121
39137
10995
3053
24837
24576
20712
60815
57882
23150
1245
5615
42217
27568
41748
46034
4829
29479
10868
1449
26062
3502
4069
48533
26223
460
26071
13780
10433
19156
36931
1581
5615
10035
21761
29945
7422
24059
68296
28085
32302
12958
5708
13595
20282
65231
43461
42285
1777
2343
5274
10325
65943
13777
37386
31567
14736
4649
41654
10848
5307
6339
12259
11861
4631
26833
10207
13733
9653
56564
24229
50141
52379
1884
28042
9540
9787
24752
51379
24547
14051
24426
6862
23002
12086
40151
40864
6148
4105
2018
32729
29009
587
39348
24773
24796
556
6357
33542
37418
27435
70242
12470
5806
15046
16277
27206
28103
37165
42240
44834
1278
6964
17125
40074
25314
28394
23261
32099
34367
2138
9863
43647
877
17888
22704
2670
54589
15230
10456
49667
27377
69487
34375
30510
29808
1970
20976
73413
1560
51338
10461
34760
64081
22790
639
19746
26067
1918
85126
4357
43370
48162
48227
13149
44201
9363
9405
40964
13001
12962
440
65768
58774
5668
13558
62693
4469
19574
90894
1149
1135
10974
10340
2016
959
53212
14512
14899
55284
19027
16043
32169
7196
46243
327
30024
38823
18203
42153
13310
13172
60312
65880
30869
4276
1221
80270
2749
19645
15529
12631
2825
23473
20808
8025
17532
33774
2622
2314
29532
33089
31321
16149
1915
24794
22183
14274
8860
592
28558
36434
1904
10286
3130
34752
7021
5878
22264
5305
46062
2526
62588
7221
9452
8652
835
4194
48695
44775
30504
945
5088
34731
43372
29181
16
4656
20483
4164
51425
5958
6391
55676
11581
39502
25357
6472
1709
8376
6154
1
5580
4020
8038
2651
23706
1612
6292
56184
24765
59040
29852
33743
37488
44148
26756
5948
60490
41857
12518
79964
17706
14266
39418
22636
19803
320
67818
16868
41185
30031
15844
1474
6590
2871
13507
3815
61888
46109
35668
3395
15510
10915
21992
14143
53282
50540
23037
3428
76908
2932
9368
9212
53311
66051
40549
20288
16323
75348
17854
48572
65798
20056
53885
10309
13715
45982
1533
7142
8283
17975
35180
56500
7908
5963
74276
24296
5311
6281
51518
24537
28070
45313
32971
31288
32652
54871
25718
31364
59246
22494
4217
48998
11667
54368
67947
6223
10536
10029
11034
27593
3586
11454
26189
3557
32431
3557
58614
10118
50740
40957
18272
7375
2138
22576
22203
600
1641
39085
14007
7028
15496
38418
8475
93233
7211
7837
56916
57062
3811
10211
22066
28523
749
38644
67201
73062
24925
52555
22606
1168
6795
20867
24585
55509
18531
35035
18185
7470
52529
5132
5924
65000
42405
50672
26549
42292
6684
21081
21156
21426
4615
722
12375
3940
4877
26162
4055
35209
23491
88
4402
12945
29706
45210
25958
46971
41087
9348
342
20974
24886
7542
20511
19406
21066
9882
9911
57484
9278
5190
9092
39501
56456
5934
4066
6807
43096
16301
1058
3635
34219
16820
2776
13431
232
33601
60670
11197
3176
18744
4008
2020
34727
13680
26928
69453
1958
1451
23326
7033
11003
15767
32814
62467
62893
2103
46414
37084
1455
34187
1671
26929
16
3587
28812
19194
429
2521
35019
26171
3173
24011
26378
14614
14152
11220
49390
31268
17691
3235
20707
4124
18643
14801
20567
21333
44351
2
19674
26372
10255
2041
47718
25833
1217
1613
22375
15154
75404
3949
5476
14234
18980
7630
1245
24672
7196
8942
47828
3742
1420
37851
1256
69425
10314
14509
27587
37075
30553
13317
723
2464
18957
9406
8899
11004
5787
508
14483
48867
240
25710
9623
20697
24962
13968
3606
13071
818
3120
28592
4433
93
10975
23460
7677
9731
27641
660
25525
11770
23659
5680
15880
70209
52164
44326
42700
7340
20445
22706
413
12790
11781
37850
10441
899
58242
10465
7079
75372
4222
2712
21728
3931
80425
23971
2162
11079
7014
35587
1527
4400
11100
61602
4332
10140
9134
75542
79545
29901
6153
21528
49389
15614
17424
9832
22623
42783
53720
30549
805
6045
16550
5694
58241
9484
16184
24222
27610
31263
36275
11675
5611
3914
86812
78874
6867
3710
24361
2212
1955
719
23063
19148
18131
50113
52148
51109
2933
10867
387
11855
76597
60241
6712
8974
42881
478
27377
24313
68757
20342
23101
44179
48824
17294
392
5807
6896
30239
4520
24975
11241
22170
9187
18014
5554
8766
13110
37879
430
2721
2917
59
45971
5154
35470
1657
85568
14691
9116
5998
17623
2706
16011
16102
3438
40644
4040
50297
26311
657
16257
28181
4101
5478
222
25612
19574
4088
38436
44549
2
70205
7057
6369
11576
7050
2675
37234
30372
2208
34860
374
2309
19954
2502
2059
426
7529
1660
5977
818
22338
10694
71239
6219
83354
2449
2
3358
40836
22934
22993
36841
47574
22342
2672
49365
21103
8658
74194
673
30883
35339
27909
2458
23178
6041
57072
33769
27596
24570
10571
14519
952
15531
1
1
34595
47058
23251
30985
58835
877
55908
8853
17294
4992
11268
25900
1778
20564
6644
17298
38354
21086
11029
7245
2849
20932
21496
19941
46023
48247
71980
35249
2145
9583
26436
2095
11212
22494
7683
15641
20945
63310
24604
10
25487
5200
11438
743
441
147
51597
32986
20752
31266
3236
22376
46375
15365
1070
1636
45566
11632
36542
29550
18281
52197
5222
3489
55173
6686
3
5666
265
51749
250
3936
6484
4722
32442
971
14491
12106
1236
46927
4440
21137
14050
1305
29252
12021
1875
30607
6683
16190
15752
3928
3432
9824
49671
40315
14983
19516
5395
11432
6525
5256
691
10154
46725
61936
37632
21893
10674
10643
1297
77159
3867
20734
41299
2893
13876
22068
22466
9763
65278
20633
64883
7987
19017
17765
49786
17678
12988
3921
9419
17434
13488
8447
5234
27741
9801
1545
36320
42888
19792
7141
13765
4183
21580
66938
78815
44999
35692
24518
40059
3184
16513
3510
9205
6979
9530
5100
13001
15907
49238
8811
2935
42927
9005
64847
461
71443
13388
34318
42293
13300
3772
11923
14509
76674
33726
29612
9473
1958
4213
5136
51987
13599
35494
47323
8277
56154
73259
5830
3567
12953
3721
445
20906
2197
345
51226
14413
10931
73698
5053
31953
40077
15105
14760
12976
5942
25358
9981
67303
52599
31073
3
7312
5893
4192
16078
36272
19020
12452
25527
59589
23019
41710
1514
21879
28467
10415
15272
33408
56254
6722
538
10737
18014
36364
13721
3053
32
14309
8779
27844
36268
18733
47619
304
25687
32571
44095
14794
23591
51412
794
1100
1766
79189
35232
66762
49258
27
52610
3766
756
3301
231
34769
21409
11750
7924
6168
20107
8839
51572
2076
64299
86810
21021
287
4275
14346
62257
45071
11846
1707
28188
1649
9286
8955
931
2116
32338
21371
22968
23820
67606
89242
38517
57026
23384
44390
68983
42483
39736
1615
85461
2
9724
73460
9118
30096
33040
29507
45749
34983
6277
3813
1069
18074
12323
12419
57764
299
16075
6295
51280
421
20600
44563
16048
25026
24044
8425
12448
33364
4633
4467
38405
13260
5536
32608
6998
1957
19736
25998
57531
17994
15245
57668
866
57107
30406
23600
64
4390
40034
7397
2
19015
14551
51627
20218
30469
26347
6497
15457
27948
13783
4464
7717
5107
10634
6948
11501
19339
844
1109
4465
15017
24118
68012
4661
26379
13769
75299
4133
43325
5071
34695
6180
31602
36540
3972
2050
74307
15051
35156
36467
79072
41666
73714
73733
39334
14019
61394
32588
10611
54475
7234
28520
34047
46197
19810
22788
6175
3922
10499
69649
18548
30353
29110
9778
9279
21950
15310
67796
14766
11637
25596
3728
11316
3250
896
5897
6092
15416
35970
3858
30028
62154
2226
51569
3089
72219
13175
55795
18385
14491
6127
59672
15574
30164
26607
10379
73255
39191
918
2163
6308
6176
13691
28533
54459
15773
23687
6872
13681
15950
44184
26106
15840
5132
7336
24423
1332
43290
22723
23677
7544
4643
35606
13994
2
5373
37743
27063
5215
14683
42875
5820
45005
30914
6466
40978
26559
48414
31551
562
13298
12079
44547
30831
23811
16082
14219
6652
2337
19419
15606
9136
82953
46481
20495
33640
22682
12338
9
46141
4054
5612
34898
6312
1261
14741
8231
7770
46405
3457
7652
1197
23339
21277
7268
32916
50350
4875
23178
9793
11042
25496
8094
3284
22344
14376
29104
32427
44304
3273
24984
10921
23889
39427
22028
26621
55224
16791
38857
13681
41551
10874
20963
32942
1549
13673
52641
3516
14176
26627
4201
49145
1
20361
31709
31082
54683
35358
1752
15700
75432
10879
43701
21921
31040
3964
31844
10483
10709
22509
2298
39670
9533
21614
76432
1106
12582
26133
8512
1399
1793
8116
44827
23896
3450
47314
42191
1665
3812
51724
85477
15504
7026
21988
80960
46090
39
46394
3239
25608
8235
9697
5392
470
7128
50411
16059
11365
13060
29839
3839
60312
68548
65039
33422
15913
59131
467
3173
12819
33603
41583
45347
5752
36070
18056
2239
9994
23223
18913
52257
40112
15189
52
47147
14723
41749
20930
35000
32165
42189
11738
49534
9270
13040
19728
14568
421
13176
35668
19255
6085
4534
8070
72554
15339
6023
20898
3257
17595
32751
1324
43013
32009
4525
11623
32977
2398
46673
14395
10336
4
50347
4489
75288
9554
2942
2723
2027
53841
20636
639
2184
70531
12469
56541
22227
67817
75
17155
2177
10211
3408
44634
49559
28865
4
15683
4362
574
16519
3613
10049
13899
24267
1
21856
1926
819
6245
29471
30415
21327
10196
4223
601
1804
1709
31168
202
50489
8449
81708
3163
24031
3676
87492
29513
49008
10591
18306
10416
23890
129
29156
19621
33445
15885
57652
33189
18655
16094
1576
30736
4044
1719
75333
5066
18774
10525
55421
4569
177
1627
15234
8925
64935
8870
57112
4364
24292
28485
5425
55762
25845
3678
27402
43710
6313
6332
939
21388
6653
25818
25067
8874
7051
27314
57442
32813
27906
2484
23617
11806
17579
6188
7901
71658
3259
15321
28945
6314
29431
34093
1972
4848
30101
10826
3586
72471
9912
9835
7166
7012
7628
39505
22273
6760
32664
21961
59353
18841
34211
88688
57806
11334
16971
12796
79705
23832
6164
3934
7243
15996
233
31366
39936
15831
37558
2
25886
28010
35177
19187
76567
18038
69296
47118
21047
41622
17957
15671
1182
32399
33593
22836
29757
22648
2561
7662
67510
41423
57360
61444
9675
17623
26965
19782
15244
23584
264
49755
41772
10709
31053
13591
23543
14640
904
426
41829
18139
51192
1468
11992
26981
5812
2081
51844
9270
12582
10373
39365
19141
8476
8020
16872
5269
24659
15225
4247
30291
17232
21911
21855
4415
1780
3416
17825
10195
59823
67104
8957
26848
2718
6524
15792
9257
4010
13285
1430
61318
5639
61050
14950
42597
14951
9567
2821
25630
60099
6994
3232
57298
8756
23408
2469
21667
7983
3865
32424
6243
6538
35198
52421
10833
51193
12182
1971
27099
64676
78166
22602
2981
14535
6134
21383
48269
4936
12355
4303
71887
6999
26614
20169
28167
17742
38455
2261
49228
13161
15585
6989
45557
12611
4705
1058
1165
44559
12483
73956
40596
40012
1018
332
1315
9597
40746
56866
2724
227
811
25792
48205
22963
33992
23338
65361
33333
38548
2248
5344
45101
23963
6618
2962
8585
13873
17276
6002
50543
10482
23320
11742
1550
18568
8512
22425
33277
1699
16939
9748
14615
6085
25721
32222
2623
27034
11254
24445
24018
43396
50935
38316
14722
60564
40058
25916
13997
17305
4226
69
12170
60547
22588
31344
7036
10383
15456
3645
26989
30754
24492
16171
7577
16982
3124
49196
2958
2829
6396
56450
85300
10745
36366
7062
34984
79384
4998
81259
4598
60396
32457
3764
3270
61446
35382
2168
23116
41282
21445
1940
30290
2090
29839
41222
17692
28656
13254
33135
15830
23673
208
8975
589
20465
16801
3653
3273
7042
12375
5641
17956
21284
36636
3364
34722
6629
571
441
14734
6069
47965
1849
25026
1554
4713
25822
69940
7894
1311
18753
67301
7098
64778
39975
62875
872
23947
46504
17694
18721
5905
37983
25934
18281
62791
18039
31898
37065
46504
31779
32070
10996
87647
47893
13016
7745
14628
14037
45754
22562
5985
3064
13774
26387
8321
17357
3
10374
76171
6147
22169
53265
9641
754
37169
14827
56470
68135
3899
74559
17404
17934
13788
9143
11076
54785
63665
50872
69904
32914
80138
31283
49082
52814
7002
11385
10689
7039
29389
2564
5779
25773
1935
3129
25789
18941
3454
15481
9130
5524
44903
7916
23363
16798
16279
11218
10424
15304
18873
67868
13
90637
1791
50261
47671
14609
19656
9802
39546
7171
12238
16220
915
67566
35138
293
2399
1550
19671
9756
15725
13603
65303
6762
32761
57487
652
1177
49663
12234
4
51633
5388
14375
41590
17733
1741
11602
19505
40321
17
31235
75334
10172
1748
38299
19445
14627
7499
26160
33604
39395
9570
6801
39712
5216
17339
918
44333
24983
11029
45884
688
25570
87493
22069
291
15740
8922
32977
14795
12815
38957
22201
69811
15568
66467
62658
2235
1948
7434
878
18113
7242
55045
5235
70780
49187
51264
3803
1600
20586
18415
29780
14274
30351
10233
16388
15417
6926
5444
6657
7184
866
9363
33208
16013
2340
30568
37265
2430
31750
8459
26608
5301
1482
46915
1
74538
47853
9411
3884
12407
4872
5682
9706
45263
33706
40419
518
3359
1208
26202
18226
43859
4433
1442
1098
29706
229
148
2038
43793
22907
12900
13460
17225
951
22237
59
20839
69163
12003
18630
2241
29086
25935
22938
15998
4074
35292
6005
7625
7801
35906
31296
38768
8031
19053
2182
20999
202
31509
11568
15100
2493
8026
65819
25362
9125
17060
11991
68939
30487
3588
8084
6161
29869
64285
55905
22967
13501
2829
32077
29407
33298
43557
4908
21243
12430
13609
891
19004
779
23770
18687
11580
13748
49773
5614
65024
320
58091
6800
29375
39262
6031
12267
83532
1791
10413
14396
14743
30421
12992
71129
18691
18744
10653
13715
40698
9941
5327
53251
5728
11777
12186
29130
38001
10944
12944
47186
302
5043
34871
4460
5569
37885
5364
775
33733
8400
48032
18006
69536
25799
4145
10608
10537
2521
492
31129
18424
4197
7113
2215
4529
33516
19097
33474
17865
1876
5782
6279
11963
30343
2711
22088
1386
27926
15081
49616
1680
14443
40767
7669
12911
14712
571
3429
49537
6870
6814
4022
17738
60020
27066
4232
31662
54462
50045
60781
12060
12142
3879
44192
9771
1627
16392
22064
21829
9487
37347
7922
17373
6345
3382
15707
61161
22751
21593
3064
13969
875
15286
78196
24592
13008
1814
5068
34514
25337
8982
67949
40735
3002
11304
80974
4791
1544
5121
42263
7587
44499
26447
13655
3500
4959
7023
11759
17715
76847
21661
1404
37938
59171
64426
40791
13438
21342
33165
10630
552
4111
34983
15608
37654
8008
240
34456
11000
25453
2904
1231
1834
8237
13384
83690
12061
8700
54166
152
5999
1788
8193
11991
18874
5994
3059
64707
16839
35470
9661
9406
28398
4850
11490
66183
1818
1276
70983
31070
45045
11571
7548
77
21463
18003
2165
10589
2755
21752
19932
48938
6788
63697
802
27415
16878
15158
71668
1245
16907
55374
43760
17125
17572
6512
80296
57967
2106
1078
27513
37032
16826
46849
43969
24100
2169
1159
19491
2008
30665
68040
2701
11760
68610
57189
52772
12738
34667
24463
725
9983
10723
13433
25494
2606
51398
16659
33890
14
2405
2819
27861
83567
69088
18138
4146
20966
80929
43491
5947
7573
3459
48512
49209
9528
64627
13593
2803
12044
45672
9681
20753
15893
23323
41005
72968
25202
2903
2670
21725
15
38910
20560
10911
63372
6067
51042
51862
62649
49249
43937
781
21353
14188
42564
3936
873
6433
38668
54
1
3714
17093
8260
18526
46978
6619
15113
30700
36480
38536
41724
45004
11948
13629
11060
25
11501
19592
789
9557
20191
2043
45161
38148
4930
38570
42260
3994
23159
14653
3677
1624
2494
45963
7968
17887
66738
19179
33492
22100
2968
57211
25093
2857
32482
758
2388
3332
47459
4035
16590
10807
2113
86037
12630
15110
28907
5291
55082
421
50932
29569
11444
257
25527
31913
45370
19635
11616
223
27243
28292
48073
14553
12988
31009
88
2266
50396
62
2399
3182
36303
307
466
55912
19173
41452
14572
50201
69431
3373
1
48791
19423
4119
40317
6563
2027
8292
52776
60829
4006
12312
18428
11203
5145
4822
46152
42180
23382
5826
3710
40738
6230
9543
24583
50272
6720
44820
20037
39738
22667
31647
12118
12440
39570
20340
26661
6147
30016
8543
2319
90735
1455
1040
7418
18841
10215
18143
27495
27976
1299
3570
2627
36227
16898
2
81697
14281
53079
22152
26460
72970
3662
22079
29645
1615
1140
9353
20499
7530
67837
17094
41967
43426
10441
3791
1553
43461
19127
18414
757
46309
10490
17945
5481
59781
36600
41637
16414
58098
3045
47883
80605
13390
33169
48017
10145
1837
29524
54404
37796
45701
8805
458
41442
9724
6145
6920
21728
31444
40558
34400
203
5618
1400
11057
40387
24651
70702
16157
518
37469
77100
28127
14657
53361
14674
40501
1595
28869
8570
56378
39402
18089
31478
58893
4230
49449
1696
2598
68710
6135
33738
14368
16088
70738
4554
23794
13405
49904
710
1871
8079
41701
14458
40902
16720
59657
41350
1701
44382
36873
9344
6296
8110
504
88529
52075
11252
4883
4197
41672
9249
24553
15310
385
977
54939
13155
15633
6115
9831
37681
46662
56570
2888
7191
45378
7529
4005
18590
17684
39681
3722
16327
69433
29212
336
3586
46256
19945
12268
27928
59440
56117
17116
36087
10260
16299
20869
32308
26339
31744
31587
17396
77043
898
2459
56753
29960
6764
14192
73319
26659
59508
60051
4258
12204
26828
36584
12929
1476
29474
12829
12321
15762
13628
24
2140
6295
3821
12351
60194
31683
42048
7428
14216
40511
19750
14173
40090
8944
4090
5266
32479
2143
5876
27
9043
7859
12432
846
13833
35321
10404
835
16322
64581
58988
23888
13612
4526
39306
25943
21969
31026
35193
50790
2280
8579
40985
9765
7633
21513
43109
18297
6997
7749
27637
20025
20387
4901
7905
656
60338
21552
2691
38661
6410
2680
8624
21883
14110
19415
36496
12495
27943
12183
16206
42578
8561
3167
65323
23373
4253
3505
32354
30578
22858
5212
20799
4
32922
13634
20669
15640
58792
26819
2972
63640
36863
45410
45200
3583
15866
11780
1012
901
20035
67096
46063
9142
48897
26791
12564
1206
12833
53590
20004
13148
28916
31502
14705
64552
3330
11346
3904
17236
3871
26792
22640
17489
12463
2239
14812
16395
12873
33326
50464
37824
25190
14936
48
26730
18741
219
68494
27124
50081
57606
11
83862
1979
6305
27995
17158
67756
3775
26697
25728
1112
20219
7908
8810
8536
13882
28951
52147
8800
36082
35498
11871
6126
12191
38779
34573
965
30696
56489
11542
5604
4603
47700
33816
42096
2484
4964
14632
17838
14409
2605
13263
7837
9458
31053
144
3319
1515
33956
8481
7746
51229
16762
1814
26366
8583
5943
10538
21428
3609
6979
21357
68462
11892
1521
61459
44473
570
34645
22472
867
68874
52627
8997
1920
46625
23707
28768
9328
32705
7681
33258
15491
7689
70019
43708
17406
1042
13052
29101
17705
3627
12065
17470
9644
8531
5495
1043
7450
53202
28725
48492
25551
38215
21324
37852
10241
36161
7424
7584
30199
6350
17066
25350
711
11169
15408
28799
42055
24201
9372
12412
10810
9989
39747
8220
3464
903
7725
30894
73761
838
20423
70124
43634
4416
60999
22532
6521
60796
46746
22400
77244
23762
40357
3440
17774
2124
8205
5290
59185
8642
14738
31575
25254
37503
40274
1366
40392
33994
10912
37510
12552
83914
71
9687
67232
7229
4055
71635
16403
2985
13633
53475
25215
39809
22359
21019
13048
13896
20621
67042
4677
2122
16468
600
64691
15948
31039
6500
1243
35170
37548
80060
20057
3184
8979
9969
29362
36633
2322
12946
56577
32899
52440
48208
5997
64945
89675
3876
13038
23715
8326
73683
2316
17775
29429
1225
17172
25854
68564
56470
2274
23975
1692
14455
37452
15670
8091
6791
19633
745
72558
29446
10509
1782
71782
16894
45746
22602
12583
12058
8502
50636
522
63336
41054
8368
64480
12415
26547
42511
53476
53802
2719
1324
24764
42143
73095
3729
19647
36575
34714
8774
26243
17615
25059
51102
6657
15805
18039
16222
13143
19508
8516
10331
9013
10771
76997
4
31248
1200
10719
12654
18307
36640
3242
2670
42636
49599
4249
55202
51634
43790
29707
2118
398
2
2018
8987
9348
69265
10352
14440
26782
4383
81983
44600
7632
2384
73266
13743
3865
2412
17129
18782
283
15429
53940
23835
3684
26412
13546
21517
58586
4784
46848
7360
27704
11389
60232
3124
2946
17887
61372
78872
10836
483
113
7376
15757
35049
71302
34233
11101
147
27848
56747
46146
9465
21614
47015
7452
21085
2048
27038
7630
4379
15173
2604
2702
25749
826
32269
50488
792
30992
14228
6019
48416
82619
10111
68632
2660
12507
6228
18251
12156
6359
38654
39135
5918
16999
24300
11135
857
27810
18160
11137
20551
9921
37599
52299
23016
38980
11343
18538
28875
17918
45288
12662
47236
59471
53673
15445
15744
9836
45988
13462
17986
34842
16019
4114
82910
5097
80572
39743
16597
2515
45333
33243
22018
23267
22852
30591
67761
12469
34915
2039
2184
22253
1776
29690
24084
6110
30728
4184
78388
14132
5273
13330
3155
2181
45419
15991
462
33658
15495
66295
1637
357
43357
29591
2175
31803
62100
62591
35495
7998
3772
17144
312
20554
4575
43704
30427
9092
51348
68558
29862
36633
20613
12931
12689
74818
9182
3395
15524
7024
28649
2
38687
25822
23825
47293
26901
2954
31486
46011
32642
15155
60653
30151
907
17357
21975
10910
9958
11940
74720
45145
1176
6001
49779
664
15291
20032
15029
1525
1405
930
30725
2297
5126
46
33032
6234
1143
35752
34100
5925
25101
12718
22833
16348
14194
70413
3672
1614
15306
62928
7430
31362
29296
740
54676
8462
6069
66331
9466
13445
14439
18428
54762
31251
18852
25421
8711
16346
28341
445
21274
28622
3771
9301
78461
45265
62804
2024
33490
58348
18088
26350
68026
16840
297
6485
49660
4373
8140
8078
33807
79798
21388
6736
35738
10
26204
45687
340
5200
6281
7352
27608
1454
9664
29222
10244
6749
16004
403
4913
17606
303
10028
2373
37776
12432
50
24808
44433
57262
46941
9317
81243
3000
66708
21242
25640
76883
39889
487
30135
32675
47249
17357
42188
36553
77230
7394
38712
8404
64993
14031
25661
20135
71686
13291
89420
8764
30053
4773
65091
11086
14146
10797
14777
10665
58714
66103
7453
15680
42581
1344
57424
28130
45850
53458
33003
1501
33117
16
12433
463
10853
328
3028
32959
55788
5563
22323
44615
39019
2919
16610
1749
13492
5947
2464
25001
3727
27373
66421
5610
19550
56713
17150
8141
8783
8826
6278
3489
63035
74548
11737
11407
26454
10639
12611
1129
18574
19637
7545
32064
86780
65599
48362
12025
16453
47114
3015
49692
5640
24338
27878
1126
9980
6656
2154
16442
27509
10421
1900
52932
13162
10221
2317
39354
15878
12986
9628
6959
2018
72524
30471
52520
18524
29556
1059
10923
16958
5020
82589
9437
45951
4
17045
25070
24661
51402
11277
27950
73769
11131
11696
6997
27613
403
6508
2148
1878
58179
28311
14584
41080
684
2695
34787
11550
20213
38677
791
10793
27768
13224
267
57916
21692
9409
23230
34915
8724
946
33592
28205
7358
19970
4401
37462
6624
12155
10785
18737
75
857
653
8098
8440
15479
21507
6886
41872
36532
24826
18834
31043
35477
347
18351
4900
20912
2888
2923
77416
11927
66220
44468
3396
7071
7579
28048
24008
27107
53
1
40561
13667
12665
11116
51079
27139
51612
1298
46145
3446
12139
43731
1701
25104
15779
3723
41858
21394
17729
217
7898
58426
43906
46655
38919
1234
16562
35276
16566
1
16880
24186
5140
9702
9781
21976
25623
2168
4931
1293
6209
7002
27009
45836
15683
62826
23670
57501
36820
27384
7
16665
25219
30519
65722
79120
24527
7252
20564
5661
14092
77778
16950
13204
1568
5926
43149
47795
8756
20616
22379
13462
10919
29127
54906
30714
40004
27185
6974
10593
35744
31745
33912
50690
19841
1105
6823
37035
2149
4189
1209
2967
473
64033
51517
10075
37061
11936
7384
39845
5179
27398
12844
40883
5035
20620
12876
44156
8146
29438
1186
9302
24188
18766
1931
26332
13936
911
10224
21009
81225
51881
17
21083
17476
46095
30875
2237
25656
19214
3097
38034
8815
65968
4974
3738
1168
74698
6882
39263
30259
28307
15336
19879
35464
44010
10167
1039
3815
17196
2599
29313
7720
29627
6283
26698
3135
16888
16917
45525
13884
20394
14622
20892
9687
428
29935
12897
383
2814
61416
31909
32519
18744
49623
72824
3925
22760
24839
8511
6598
39193
41674
59243
35945
3327
26404
5425
75368
4915
27663
14188
8242
35489
16135
32644
70761
5517
6064
388
442
18215
1739
31335
621
1408
13713
40419
494
68331
29103
41237
13614
54807
28846
11404
78345
16636
58180
20857
23048
57555
28327
45038
43705
1900
20887
5997
41643
31784
29564
13849
20601
511
28565
12795
17387
46318
45590
23786
55416
1852
21273
23459
6317
314
7644
35992
66285
1787
28371
18723
38593
494
21249
25458
83180
4258
30340
20441
36490
27842
3606
3062
72875
18235
9408
10901
17707
1941
20083
8169
58081
23455
58816
31531
4680
35010
46502
38045
5344
3399
961
3440
12763
4221
28279
1634
22035
16931
8414
58940
38865
47705
267
31108
41425
9530
8806
58068
10965
736
8484
39867
12463
4498
58713
54781
1984
82611
84187
35746
1286
32902
13678
10055
6911
20529
19072
595
11108
30562
46210
4713
54999
14976
51754
12404
1223
15517
18131
23342
6237
18153
47918
9049
5970
65532
43804
2753
68348
6015
77042
2523
22554
33421
17615
28960
1158
7112
40401
15513
747
15141
7489
11171
20336
16352
69691
38019
21371
876
24489
42170
5790
58201
33348
13047
54734
10541
29342
19555
30809
10052
18310
61617
22998
72859
21475
29338
83004
16848
92123
19826
3
34327
40498
5362
421
45715
72212
5159
58110
36694
2631
30698
24594
6756
14929
38701
17198
5980
32765
58820
19756
17024
31353
64532
2577
40307
61139
38150
42698
4224
46204
45546
16352
33762
5371
15533
91579
1386
2387
4624
66707
55210
2330
1484
15729
8406
37238
18560
8142
35651
6792
1296
23843
8042
696
33306
18852
34604
51176
14161
10802
27628
16771
31459
38891
42884
5498
19120
34960
14917
3359
6864
37166
913
48609
531
6946
24931
3373
24538
1322
21632
77098
16835
40108
24055
25521
11392
26258
7163
58001
37994
33091
9898
9345
4424
9198
1822
70706
6621
26634
4065
19311
9059
27196
5526
39207
47173
3101
47712
21053
6178
26251
12890
13944
9628
6318
5066
32873
12466
28104
18415
47413
255
70905
737
24320
10167
792
5169
41853
7567
12585
2458
7627
822
9871
50934
21358
50117
21625
23301
46808
12156
19747
9283
9907
28925
5382
10522
44063
1340
32623
16152
32589
67021
21945
22982
5601
13103
3190
22696
4567
3379
19906
37406
3
183
801
1404
48475
4602
17615
49620
3293
29429
2705
7366
26055
12615
7497
976
72085
7557
3715
65606
23887
49228
2838
6749
6584
68197
25462
1
5247
19239
10746
39365
1305
56902
2149
11725
24701
63072
38382
49963
3695
15705
46716
6122
43092
3019
11588
2837
32290
51792
10292
19767
40522
11960
12056
28381
8873
10751
36784
1547
34587
9446
843
7261
72607
24995
4809
52400
19134
38157
18672
27437
46763
29
46581
24174
13836
9380
59010
39690
26847
4019
20886
26167
16289
35273
66075
36705
42521
24465
34119
8419
3655
53897
44139
19547
13563
433
15265
5589
12876
30853
421
498
32627
63680
24461
43105
1755
3488
3489
405
54217
12563
55551
2664
1664
12807
66152
5844
47053
12282
66412
12742
60489
8134
33692
62008
9536
19112
42243
2544
16447
30952
1387
54981
34840
559
28513
3407
41373
1863
25876
13278
16482
613
10212
52060
24882
43724
58286
29573
55323
4291
56484
20056
53203
54971
66406
15911
9839
42354
25188
7884
3157
68864
41213
2194
3058
40302
788
62767
45212
22144
8224
76582
41561
796
538
47668
18926
49445
31149
13237
46061
21458
1909
45141
851
2672
8709
46516
16998
15
37551
20181
8927
16287
4184
10742
25000
22398
1817
55601
1687
400
48916
10311
31799
82729
32288
18739
1039
35855
6894
324
984
13585
1563
7934
30535
15225
7143
22535
17584
58000
46876
64608
13438
46550
2164
38506
26082
13911
5465
51044
37041
33796
58173
10477
17938
37443
6679
6233
79257
52381
40553
37430
11717
15439
58564
9031
21611
11501
8536
899
18390
25536
38344
11163
54693
30447
7503
4929
46437
9279
14860
857
5628
11371
1932
10470
22665
50444
3720
7077
8279
37435
41343
15894
31595
26725
27720
3561
6791
9705
33408
71910
38156
4293
8819
16311
14170
29258
6416
4500
12438
9650
5628
367
33883
68813
20831
7082
2887
63737
53858
10958
17319
41245
4025
58964
7419
8960
80716
10182
77123
79343
7022
11864
31920
28447
43583
6133
26144
683
11257
776
13142
7043
5371
61098
8022
10862
51063
72200
508
26390
2675
22733
15695
19329
1169
39947
28961
15061
27071
32706
16537
14826
4657
12330
4551
68042
44854
19513
21991
19446
23
15161
4024
10618
43045
15374
26236
19345
17086
49325
2337
11985
15176
52043
5531
12276
40555
72
36057
39811
4375
14552
23526
5558
1110
32430
31938
19001
37576
6687
12863
4933
8480
6778
8057
26010
35449
51779
12434
24689
639
8009
1575
25427
3793
954
9904
15859
77123
17257
3137
41413
1881
26590
9918
18919
12165
3727
7180
7747
57173
19998
5378
2239
18119
20819
26799
6249
26741
26271
72020
77052
9644
2589
29603
16974
19529
82673
10
9706
1563
14890
14547
4148
12528
15135
78671
52664
5139
11825
821
8211
5615
11023
8540
20637
8621
22626
2223
7142
1575
34509
844
8739
2144
27944
21536
6324
89543
13721
16997
10306
40610
10822
36860
8160
9
8850
23587
26572
26772
4499
24632
8235
2059
36014
29353
60785
4679
32064
4821
41578
33372
13584
3747
16164
57831
71029
5876
21658
2644
7971
7712
1129
85593
37113
1767
451
44047
48175
66057
27522
470
1552
1561
5956
2936
77559
29971
39897
70569
13680
340
8744
10480
5695
57211
13629
45135
63571
47004
2733
22958
27805
63971
25656
19443
1
35087
1823
4510
3542
15275
14589
12608
24668
5344
87695
11105
9827
21574
45302
3149
34400
73965
44785
700
3067
35748
35687
27026
37145
4581
7325
7957
5825
16289
37835
42954
42499
19162
25
4150
8051
6424
27682
5550
49253
14052
44757
1241
4308
2301
768
12038
35300
9575
36242
31688
67266
35027
9686
9105
13175
57142
56143
3
60044
24799
4328
9234
942
13639
1277
2196
1685
15977
15211
2738
23773
42947
42075
6569
8514
17609
19591
2242
24693
45366
6691
51800
11885
13984
12687
1300
31660
42022
7254
13850
2933
411
4723
69404
16059
22040
394
28879
2757
26545
10591
15490
59290
21106
3836
7604
2236
3129
1405
27952
9688
24852
1963
18418
262
18144
34239
880
59265
22841
24154
22474
24401
26675
63937
63084
16238
11409
3907
69145
6637
19857
4973
36963
7234
12096
6181
8314
13508
29144
2662
16509
7159
80696
1468
10949
85750
12698
20449
70174
4585
43854
10541
15771
25582
19433
31613
1569
5706
5249
2810
11940
5315
12034
3364
22341
50780
1807
18303
2493
31506
10136
24647
33236
37828
7290
55874
2583
8283
4
19930
49928
22528
27951
44815
49286
32412
20001
30196
26954
35580
3558
35384
11631
7653
49666
3924
79748
61212
40921
8058
47142
23041
17157
44449
6709
3394
49622
5020
8823
21421
6645
12118
51894
37281
16858
23110
59628
12296
56378
34558
31982
7852
50843
23934
6879
380
6759
46538
7715
20531
379
29204
64531
23687
10781
14325
5649
8130
26725
19675
13531
25974
2446
4255
63475
2
28255
13931
32301
20870
1495
1620
3611
15779
57336
14934
13566
15950
16690
5240
51334
4897
678
61858
42118
16902
1889
42163
22131
20173
12530
50674
41990
16671
48692
28453
4866
39533
53976
9512
36888
11955
11576
27063
47428
29376
26805
62402
2675
458
30937
7104
13538
15858
6548
31646
21367
17188
3770
12681
37553
1676
60248
12721
18191
43764
54412
11494
25438
55469
27144
5464
22
26606
73872
8170
2861
10005
54499
9910
62962
54293
4546
77338
15880
45245
39065
73905
21590
31008
6532
67558
5500
56071
31470
37088
346
40082
35496
47988
44777
43954
44939
17411
13330
19691
35493
63323
28957
57663
25122
7656
28883
17248
37727
6006
71386
3527
32843
6
4125
4574
58810
7382
26390
14167
26675
2303
28485
18217
15506
22173
24773
16826
39351
62858
48489
31014
50397
15536
7562
2563
2988
45653
11664
67786
4728
20770
70281
33325
64862
31412
1068
7139
41273
1144
19989
885
19838
56564
3154
65008
26394
12498
42711
46172
27841
73718
38885
2404
7701
41351
1020
56603
2137
4
1913
28750
9047
58060
15926
53724
4762
84577
47251
21604
56691
7137
10806
20060
48533
19314
15878
23589
5533
46622
39627
40854
6792
510
299
9896
37334
32151
5210
58
7425
15246
14633
20929
42554
16611
47737
15186
44298
52537
35070
3548
13110
43644
26865
29884
605
29491
40817
4407
29334
4670
9059
2887
13814
22752
39893
1986
5360
75479
49768
31588
4365
88363
19963
62053
17234
17119
15937
74327
33728
2376
1552
46045
5748
2331
1532
7045
15670
24779
15328
37397
67552
40269
6411
79682
57550
75593
8070
37007
700
38991
1720
11443
49703
3817
43718
25725
12050
24087
46691
40231
29691
918
5094
1539
13402
28
1991
8612
26841
46638
681
751
22194
68
36133
54341
8638
63906
4157
56085
3846
66710
43337
28466
3029
3026
46000
1506
36095
5471
30143
933
22863
58782
4826
19970
12113
55445
42093
16742
10912
7188
13333
45078
587
51181
26344
12096
19530
7055
6919
20845
57991
2566
57370
10348
55943
53944
21899
10366
19887
40674
4859
6100
3280
1903
67440
13064
30543
18480
9168
4304
2181
905
14407
5117
6414
26868
35854
29644
2
31468
45524
11103
38074
31583
144
7022
6434
8853
43780
10373
2905
5279
853
4482
2261
17797
62233
8358
18246
31598
45560
17375
19849
44017
9600
683
16250
10027
17158
63976
1960
3279
39460
16195
44144
6934
57311
37570
58009
8901
385
10725
20350
641
23649
36442
6645
20168
5513
32610
3235
17949
50235
8538
14676
13613
5137
22589
37807
1
1868
68762
70408
16646
26082
16180
27403
19798
44827
2068
15379
1284
40738
48717
39549
7135
69959
5534
843
324
20108
3107
7494
5539
21273
2946
20099
44553
8025
49210
3179
4777
64668
8749
5777
18225
58392
57274
44907
30602
54028
5657
66202
25871
34934
16775
1079
70750
8560
2247
334
51285
48250
41484
28333
7041
25545
2248
12842
7691
73970
5156
1913
30027
131
23590
595
21920
20042
16504
8847
68055
2792
19579
49418
9701
42023
5899
1891
38045
22632
30274
25973
4942
26784
5347
27355
1882
69864
17335
47059
27528
1821
42443
23928
8920
12282
45626
8696
3385
15693
39751
10555
5422
14689
23297
34591
9665
69064
9615
18918
52097
37299
25720
2457
3045
33799
23278
4767
14655
30000
10446
11355
2951
13325
46192
79467
68052
17858
74422
47375
5366
12808
17965
50195
7408
20779
4904
28668
7302
13891
1583
12326
11693
7834
13569
22384
53445
10083
4869
63976
59879
4244
20445
34869
18459
3359
41830
21455
41417
15
25257
33521
6847
20992
16114
26410
82864
38257
53295
5059
12512
14
9136
48905
20869
13077
34256
4
749
21777
30043
29929
17581
56944
19026
59068
3867
47084
3390
19787
12046
5049
3531
20287
20053
61655
2677
24796
9185
5734
6817
34964
45086
21352
14204
34663
1078
73740
1149
24631
65397
7584
26570
73705
8451
27180
12600
11774
14866
3274
15529
3893
35030
67481
3384
9534
32249
16027
13607
47111
31674
61198
58765
7841
3766
56718
36700
17413
7196
67430
11153
79373
34766
75472
30925
26883
20115
943
20799
16511
56259
16439
16249
45423
13775
4108
2552
4832
52121
2392
27857
39686
7871
3533
55935
30341
26810
467
75125
20478
5495
46037
31273
11476
48880
13177
32831
33073
15056
21167
1456
1860
5133
17099
1128
39145
4311
28595
10162
1342
8296
1483
20581
42496
42418
43707
27464
23206
38386
1843
11727
57451
2134
2197
72577
12365
18858
19740
10502
1284
34441
24961
25161
27448
14774
42998
8680
58717
3694
16678
60977
5769
5436
57082
33922
53151
25722
47912
30448
3162
42396
35015
10365
1855
13893
13694
14582
73522
18728
8368
2249
25412
43965
36348
14132
6336
76532
4942
11884
30558
40997
49
3188
17257
2
11312
76157
80261
6790
10565
11820
44876
32398
78913
5752
479
5662
12298
18369
51235
23407
4868
6147
86367
30220
32180
79785
361
13427
77150
6581
33673
30431
27169
2059
44421
6155
62016
14597
21484
1290
46248
3171
5717
16760
18178
2572
13819
868
5275
47489
11289
63411
31581
30627
62053
81462
58947
23141
3416
44147
13058
32484
42465
36792
11972
35905
13313
53174
19673
42607
63609
7167
7736
46374
54217
12314
74702
17346
6043
8697
3745
16007
23490
57837
6921
30958
40227
4350
7951
40129
80520
18026
45045
44957
11172
1938
6489
21992
5
397
79614
5768
45023
2185
39733
31882
10548
4956
15787
10744
22643
46117
7484
33354
23132
22446
1602
75217
491
5211
8475
19464
639
30578
1310
19763
2449
9475
3981
54372
4173
39883
41822
18506
27905
55297
551
10012
20710
16687
4064
79482
10055
4985
39905
15131
33351
14869
40074
2352
28220
3675
3677
18278
33605
5854
58314
29101
24224
20694
1129
31497
2671
5962
6031
18316
625
34882
46623
19209
632
6161
49315
22520
15153
408
16852
6666
63884
31025
33328
20294
7793
21074
26204
63963
26124
26234
16169
11835
17429
77076
41439
869
335
1230
53792
23210
4190
45797
29182
1740
75281
20291
44829
711
15427
68633
47857
19767
6056
1679
46550
59304
45017
9149
43784
14638
20419
67389
913
34306
14728
4695
2695
5119
52657
7060
48056
62349
34793
59900
26393
28466
72223
15138
21104
32038
61072
14503
10223
10073
65920
26395
41307
2313
3366
16500
47043
17995
13371
36102
73445
57870
2242
2808
5047
34916
3526
55482
9868
2827
13857
11572
61887
36157
82964
21339
20362
52467
6248
15361
32158
20556
54038
10593
6400
64457
10505
34
21957
27534
8143
45433
412
788
40273
71180
3532
27392
20593
15864
3445
8619
45726
34329
31295
37874
23860
35341
28597
43093
19578
26584
33493
80677
2435
63911
24173
18446
5535
16405
828
10900
52574
44022
14201
8840
18292
60846
4929
71836
374
18282
51344
64623
53249
13492
2378
3704
27507
2333
2589
70678
6841
3987
61773
76330
25614
4910
813
39580
981
13307
519
9782
30908
36123
41987
13712
47400
33211
21587
61918
6635
65
12153
49150
50558
13614
23525
4
73432
34463
5189
9405
68889
6660
2832
10394
22368
33603
20379
421
27116
4539
11734
650
19816
7623
3488
9212
26242
38320
4062
10390
34897
53362
4029
65723
19057
36410
14670
8112
30944
58049
37813
18349
1389
3573
24460
6138
10124
5367
74910
11087
1547
26579
11429
44707
27674
31007
13820
34214
5996
6860
14345
2919
11276
3388
43855
30006
65128
22194
21537
20627
7293
25138
2117
30742
1085
37732
13866
3136
53930
5469
3830
52344
41416
41092
3019
64770
15010
9477
8
49168
17395
904
31976
20659
52258
58259
31349
22998
837
8690
8582
1011
30041
10778
26855
34397
12916
36773
37581
40940
4369
25195
499
13017
44129
4475
2180
27396
15173
4085
20057
3201
4161
38335
12766
26819
40488
20045
35502
73098
35833
10221
62824
13031
16125
28634
1098
31102
3077
27980
43044
2805
9894
8515
19384
18837
4722
73589
5756
26031
62346
18551
29181
19524
10590
27851
12023
11808
9403
18254
37348
29814
56121
29597
4437
70118
37561
51506
22482
32173
22101
28203
24848
25365
4779
40093
58497
557
8252
447
5459
7830
17538
23932
28707
13444
65204
4
25814
7387
2144
8687
4194
21307
73
56109
30371
7539
20890
8636
16274
4524
3202
58104
8181
39223
20661
24163
11930
21222
5
36521
15031
13694
1660
11797
1558
7351
62054
8839
11751
25053
1258
3439
40017
366
24231
9260
1139
11770
69566
3051
4071
7532
30259
8636
1896
31688
4506
4919
12748
8358
27083
10576
41021
42008
26219
25349
63078
12110
21050
29953
38083
513
55839
2520
3480
18043
294
31363
50257
3771
24912
53564
7778
12537
44378
30275
9805
10145
2027
50467
7021
6418
67828
36913
10052
13400
38590
12963
69650
14156
370
12878
29460
4206
32360
13774
44560
41068
64370
24871
22742
12973
7016
1792
5899
72486
43472
23154
20191
28614
16927
2
7453
12850
26654
1
18842
38800
14181
39712
6128
4501
14373
58387
37020
51052
29129
6888
43222
24485
51076
84474
6272
36566
35671
4926
30442
27096
32269
13242
14075
46115
28190
47923
2640
67073
23741
20046
54818
22079
21083
12317
83070
5745
29828
40131
63975
13872
7823
54879
22337
30194
34433
50178
24243
5710
13280
171
1868
7674
9517
9622
71054
38277
25894
35922
25355
14463
12553
34810
53212
12178
83510
10028
44338
1505
35760
11729
47545
76343
70686
2465
32095
36710
37709
12611
13398
80798
689
19208
7
26882
8688
33851
19326
47893
63049
53354
11208
24217
72904
4425
3066
39593
5596
7989
34024
37990
13772
339
51627
2524
17632
1770
31278
15239
17046
15284
27770
25107
10034
38551
70323
17290
47872
68888
197
2107
20567
30782
30337
2428
32358
23169
3205
36571
14451
42294
42384
44204
14486
36168
24822
7302
8163
25880
19642
41205
1615
4760
33775
11341
31463
3880
51054
45995
10235
1311
23127
7747
9032
66183
26472
10893
16750
8683
620
80790
6487
30674
1474
1732
51699
26375
1607
50942
48401
19934
17547
505
8497
24724
4088
17767
50352
23818
22333
65675
18827
17102
29674
25300
19300
2489
22258
11388
6272
41785
10691
15139
29870
10861
18485
37130
13681
8448
60676
45990
1339
9812
2256
14279
46471
5217
3866
39265
9080
10478
35942
19322
1526
75480
36365
28738
65288
23926
48938
11248
31301
57153
2136
6326
37465
18621
5902
7109
3174
5825
6719
30961
12142
18130
3439
26150
13065
199
16993
14284
15395
37145
8290
57375
58304
26886
61586
14170
26314
18692
4195
18859
13165
7589
6686
36339
3433
7717
2173
24703
46105
10172
11549
1809
7750
4950
23006
15723
35168
935
8456
48559
34833
74360
4181
12881
21105
11177
46119
18036
10966
14008
5179
4886
38556
720
1466
47
25101
27245
39205
2558
46549
62556
4702
614
4172
10383
40484
13751
16516
35770
23497
34985
9667
11447
11828
6083
21215
33689
52686
27259
1241
4232
22567
44790
24314
8663
307
684
31829
18534
3608
18621
41063
8264
26258
11167
40567
4564
44098
58572
951
2518
3306
59948
41282
27434
17508
2237
65200
31677
1439
9487
8994
21129
229
3862
18178
24518
1555
999
46494
36604
59839
4021
17153
3753
11787
2286
1789
48932
2015
6255
35708
25558
15440
29136
23218
21474
2049
58971
9794
7206
10315
76964
2933
72619
41486
42410
57486
13954
7790
47945
4355
1788
15516
2618
39205
6930
16145
57763
4298
12981
997
4395
2973
11653
7011
45449
3947
23100
8088
7648
2452
50465
26469
37822
1960
4571
4750
5566
21341
51895
368
40230
28649
57524
49885
14929
33529
29916
37897
25584
11029
235
37585
709
57908
42227
1917
18514
8893
20892
2268
12415
2140
30446
639
1001
41995
12885
4901
41247
41637
8265
13328
273
30677
11350
6025
17093
32404
8196
19069
1630
12805
64323
36944
383
38780
54344
60084
27599
7962
51187
12522
42514
15851
4060
12294
35752
8120
61393
55048
45339
48631
8306
30438
29305
22194
50502
1231
61050
27490
1558
29033
14096
14530
7879
90810
69062
3267
2832
4095
5562
58941
5599
2192
18151
45273
8756
25308
4017
28858
3404
57154
24259
11541
34046
179
19910
13314
8107
14690
5134
30196
31537
25143
569
4395
8009
9481
32108
27467
17830
35021
40484
2305
66719
32866
26459
48518
51332
7901
11156
6942
1787
1364
3025
12080
43086
9864
28532
1314
74813
34135
26523
33161
17231
3193
19
4197
16001
30661
28947
33968
6856
22255
1259
37804
19031
11148
38455
26680
4957
992
5247
25331
7490
32953
31771
12624
29078
24123
8829
661
17418
46123
62812
6812
1157
22218
13064
16781
23249
17080
2769
24231
3669
17090
17968
43034
30862
1869
302
718
2648
19934
56180
12328
36344
10224
20082
18751
41519
10563
50943
1177
8327
514
23889
46078
40681
25919
23404
3882
15799
3790
65822
47468
46232
10389
30030
5189
6550
85865
12273
40199
75148
3121
13825
5022
20845
1
12035
51127
29156
8430
2473
6730
33569
296
1499
31742
2841
1948
77205
11236
22223
63786
27992
25702
8419
29810
9094
69756
27393
35125
441
11466
37044
3430
34524
5321
81619
13761
2438
56347
42967
55428
69938
37442
30172
4040
755
13412
6042
13362
2356
10702
12068
47307
8442
59483
57729
59329
2948
6778
21620
27544
10123
23838
5620
9973
40733
13386
70597
65594
31258
23233
53803
1567
17129
46843
3941
54626
29913
38308
38270
68064
23993
13493
2727
50299
14331
4379
443
22292
11206
63127
4898
70269
28109
14217
17173
42348
51632
8514
36088
28168
8892
11921
75910
6857
5041
19705
1045
6971
47000
2323
23808
15817
2275
26256
18787
13207
1260
13826
17066
22383
17624
67540
24607
87118
21534
580
23055
14850
21841
5335
2990
25251
23852
24808
40776
34255
19850
13188
5446
51184
6612
656
72138
18431
35961
56102
4230
12675
19308
11820
20116
8518
2155
57339
3200
23652
57579
5686
11030
24375
51423
31371
1776
49910
38616
7595
19357
6402
6121
30300
57115
27329
29626
23036
19487
31277
58536
58317
70440
21051
67007
44660
19882
3124
3930
5772
28615
22166
13280
26316
37637
29591
4201
74431
874
14143
1318
14451
1080
19883
45557
33363
20703
29186
24206
7017
6002
21074
56495
8564
19810
36426
26566
66099
47131
40042
7282
80965
15802
1829
40738
2136
64590
15807
10784
28138
967
37005
54160
7741
37878
48479
14947
25470
2199
47622
19432
87508
30902
3642
11135
8554
80978
787
41313
2392
2000
2333
20860
968
40583
20296
55175
17288
13948
12111
4283
9834
47272
4704
11354
84534
6891
21566
1290
1332
8696
24521
5706
1751
14145
17709
57383
14858
17938
31747
22927
49689
15771
29748
32668
34269
52559
39046
14384
46683
16942
21709
12354
8
425
4268
4088
659
9685
47790
11710
18455
2033
10527
12745
27176
37741
62977
2316
18895
47559
20432
11593
70397
8916
11061
22561
17022
68592
20392
35967
9061
31043
26892
10624
31421
2189
70114
28740
9890
2004
20752
41283
46091
2598
71
3564
9303
44647
2455
2588
25113
19373
48044
7540
44338
8029
54574
2891
25811
10594
19129
31621
48922
906
7911
316
25688
23132
9025
60550
17821
1994
4794
47180
2688
16375
9581
11133
20041
23044
25028
54528
2626
12159
13406
33111
1385
5295
46179
61549
36338
52297
3634
3259
67403
35966
13982
3055
4613
3573
3552
77318
9025
33198
16059
15104
70461
39257
2391
68304
33440
17956
5310
1010
1042
1386
14322
8081
51670
2830
22082
22411
14707
62185
35720
30795
57091
42200
50251
46121
58417
48294
4246
24001
44985
4954
8938
313
6450
26786
12937
28253
569
19271
23310
2613
15418
10811
1937
75621
2327
9944
17814
25521
857
25353
47203
696
4034
2556
52756
35759
57933
77687
9893
2035
18592
5678
17079
83218
17463
36125
15493
26831
3544
5708
1603
9679
56017
36970
11780
10069
21564
48987
40936
5278
16737
24297
14742
77547
58391
27931
11324
2284
22876
29165
71114
5867
46331
42778
3
32533
53805
39563
35424
26148
18310
45261
8570
4671
23179
10595
9443
38302
15998
30769
48196
57043
6529
512
14361
1115
41221
57021
56354
13334
15871
494
710
28482
1639
15818
3453
8991
72643
8446
26056
699
13927
8795
6247
14405
25696
8682
60272
8441
29101
3160
32613
9966
23688
750
1046
3750
4061
10324
7494
37237
10134
1572
28382
5613
68074
39317
56505
442
34186
20278
2352
13555
48899
12886
20555
6405
14491
6034
56674
636
39369
18412
9307
44310
2585
10246
23662
3
42720
9838
33564
18052
3529
30288
10262
9132
27436
17293
46317
4322
8861
18429
15967
4386
17415
427
1284
41986
5418
51263
2706
18675
81683
8475
27300
6713
6037
45442
41430
4
48221
54968
31503
512
2417
15884
38273
11024
4970
29445
41199
1557
8495
8398
18914
51504
2903
27397
3541
34035
7634
41917
1961
1247
27148
27080
1530
14352
4645
51992
58975
5535
424
9708
43426
3102
18590
37528
43872
32700
3396
38607
17107
18223
2022
3699
17620
36084
10032
4
8332
7235
48015
1615
58350
45699
59238
31851
81689
51602
49478
54638
37049
53631
4729
22183
64573
11951
32434
24021
57255
916
11379
6621
10520
1897
49193
21484
9369
592
30905
25816
7372
32678
36325
31402
48522
25216
8015
10301
12348
17882
15509
36401
290
1356
19660
35105
18775
61471
78166
32078
8637
1380
3186
16982
24500
3887
41904
23298
48046
459
5099
21725
27701
9004
20715
67264
36718
55016
406
57340
23737
19028
35004
82902
35458
32314
76563
7889
24603
2288
12585
30074
914
55860
29442
2312
15376
23906
3783
56134
1785
10592
17036
50516
51616
27862
16105
38108
3701
7713
1377
22211
20618
33380
18570
13823
13354
5964
13017
25479
17534
1687
11449
53175
16839
10860
57282
5352
36273
52029
5895
48080
267
32038
35665
16557
242
56187
33973
73
10036
27639
53970
18055
14829
27707
4975
53198
19904
53900
10330
33348
31236
3142
32801
30990
2135
552
3993
47391
20852
24688
7380
14267
24849
25055
31657
5009
21171
9859
5762
791
31246
37181
288
48296
23469
31872
23543
6285
4697
28867
969
10862
7009
37862
4627
19544
4337
54979
42894
26687
22573
50233
10851
20224
37848
1018
8982
17239
69559
11377
334
41964
78307
33932
2024
33661
70973
1139
44578
12958
1187
8633
44164
1873
18483
5314
18997
56475
49031
28053
12310
32044
18816
5368
44097
33275
26963
1123
2881
1759
11577
462
2630
5084
12778
57202
3133
7414
827
23032
51899
32761
51478
21450
40648
52071
1969
16189
16786
9557
9794
9006
8775
87511
64138
26340
9396
62470
6403
45164
53557
6123
51980
21743
4400
13820
32367
21850
19678
33085
17102
33203
1
57291
32039
11789
4002
576
62768
58266
17939
37326
39844
54942
5758
57801
25253
85495
22707
18754
30895
49743
4432
7445
20705
37521
46555
1159
37985
33604
1965
42380
35182
15549
2824
11609
3578
26717
29721
25833
30199
73
19714
18006
6596
46502
33996
7462
30198
29163
3117
6165
13205
70819
71507
8580
66774
9486
52457
29956
1009
32319
1579
15720
29942
9719
8342
22614
24546
35564
22528
55347
2154
69506
30119
69496
60047
4347
57984
65090
32614
17237
12974
13684
12644
13454
254
32876
5125
32783
17588
25481
12101
20785
46731
31712
769
15735
34237
13268
5519
23455
23478
11283
6251
2484
52953
7352
8619
50160
1953
40952
22284
21787
12689
37
33466
45541
49215
8949
12708
7445
39355
1837
28102
5817
22683
20107
46081
533
52280
1117
14099
1145
1606
1185
5254
50513
60429
7703
76726
25398
56586
6137
15663
81574
10785
69161
2682
2
450
65775
76959
65821
4996
34039
26435
11887
1378
39497
25091
40737
10512
274
710
37399
8379
19505
6132
18696
34078
747
4528
33135
14136
5817
65928
9677
7451
4638
825
21152
6062
3260
14882
29519
17006
46459
43154
20875
10478
6088
23343
21876
75305
3733
1410
86272
53549
2516
6155
52040
30346
4545
6221
3258
5576
3016
40603
2105
7146
9884
1011
22367
28321
3471
23963
9813
4592
33014
18341
644
31001
64437
343
3704
17675
13749
1734
22625
9112
16826
27185
45187
43873
84118
4266
2074
42592
71925
22512
23311
1431
7330
8690
4141
19705
63456
3563
1145
7540
26755
85617
41297
1465
3001
307
16786
4220
7014
3043
12017
7159
10016
5411
28826
3057
18333
17026
3023
19590
14295
5648
302
61003
23659
81
70066
10152
27226
22999
25731
15333
36097
10152
5692
6159
65776
66323
38497
6245
16968
15299
4321
2476
58748
57687
54062
30495
12300
2552
1937
31962
25365
40049
33891
2
13104
5921
805
34726
22950
5453
3855
44771
28646
14976
21224
53948
25731
47441
40070
8441
22542
2209
64924
13953
48136
3198
27831
31110
42543
8331
16628
6427
2133
7387
5704
6603
2542
9051
19908
18684
18926
9818
88113
3030
56740
16027
30823
924
77988
10730
2978
48428
29713
31342
2410
56032
2048
45295
27716
7
4
23596
19793
24099
4377
2245
5056
8070
1936
74119
4957
16412
696
81842
3929
30838
28069
25993
21498
1699
22355
7053
5043
752
2048
15736
29213
16600
7873
34368
6604
4570
47611
51997
60523
27145
492
69855
27476
14548
10913
1126
21389
6356
77251
2620
5196
19819
47411
8527
2896
15180
7867
5084
45668
36847
20918
411
3084
74526
29334
17809
44274
12832
14204
34261
1786
5044
2319
12522
53549
20521
17378
18503
31696
20375
13435
10215
27719
52849
48668
41841
11284
24361
10504
11383
12402
45918
48596
12520
10704
16887
12493
32578
25170
10222
17755
34356
276
1575
40693
2695
10609
11443
1823
40934
41506
12067
10569
15692
33800
3354
52784
49633
64720
959
5818
22549
1647
3897
1367
43472
25898
9566
8581
1717
34854
33352
71647
5923
10793
15681
28719
2391
1339
38292
1804
45203
418
12740
65257
53943
10995
28372
12996
5853
5262
15839
85057
7878
56469
13292
69774
8455
56181
5000
5916
71935
3458
2094
16409
30389
1899
17670
718
7605
6289
26867
31848
47614
28056
392
19161
10314
22450
14956
67137
2591
6766
478
68639
9270
21732
8114
6100
20736
27491
11584
5617
8857
15253
29681
52639
39411
20368
42948
6285
34727
16631
14803
5060
17180
20393
4802
1243
34547
4364
6576
4
31206
2898
26589
1354
8982
41627
7751
8414
1642
3530
46923
37761
37596
17724
7158
17787
24
21879
12529
21769
8038
23085
44136
16712
23754
15124
6421
1579
15140
36522
44016
33739
29248
55729
2583
16958
14967
4567
20571
19862
30030
13485
15625
4548
63088
93156
1216
49170
35986
4451
66041
32153
72725
2014
19819
20748
43581
39327
32554
18784
52420
32641
37975
12566
35592
13709
3083
1313
14193
4669
37999
4387
35418
1434
1843
42991
23828
56040
16696
29897
23807
37818
42058
48161
7480
50413
630
9458
47563
83034
2172
46076
12776
50495
43302
11909
9680
13670
36329
10072
25077
28521
16241
1199
9621
10195
14180
2069
2579
7205
3164
10574
2738
9643
7714
41217
68142
72725
32490
18606
5026
40836
2730
15884
13708
49131
53368
16519
219
50826
921
4581
34793
6589
598
34088
40556
25361
15123
65119
18284
1963
28536
87247
3825
8498
7518
921
4767
38722
800
42161
11964
401
64094
3683
27626
20598
14861
29116
43389
42165
4064
27166
36529
4
663
8850
11387
19610
23171
1208
31588
3643
3565
32197
8982
8485
3003
4490
6171
24503
17393
14967
26082
22729
43427
29926
8007
25338
658
1838
3649
15041
513
27228
44496
17714
57797
5831
13900
7603
19363
2534
70185
6198
4927
3601
29606
11974
67755
2831
13150
50896
17243
21333
17280
567
8
3498
15739
8615
14268
1472
24688
13209
3706
15045
12472
1861
19192
351
26169
45437
5223
16806
11559
5984
20856
20238
18581
44962
6
7015
26269
17227
461
14227
4
54480
43560
14579
196
39633
66622
57892
1802
3082
30440
4492
36619
23517
14250
45595
15832
39564
17705
45695
78824
5751
5591
5480
9164
24972
60298
68742
29851
59375
20915
57457
1392
21455
56423
2901
2931
18416
9480
1203
29725
69542
13787
27996
17033
22855
2789
12170
20714
6200
23345
2
88441
77105
5406
32676
9330
11252
27404
15929
20450
1552
6042
51594
50646
3303
7647
561
29398
53573
879
7082
78570
19562
8033
12342
6480
13026
40033
18380
3796
46479
56665
1390
7811
1646
14034
65099
16155
517
15703
2489
15859
7094
13849
40408
14097
47467
32270
9652
5543
1023
29514
17825
48003
8619
7
37314
6057
2086
655
53318
54776
37229
2814
59537
14623
8636
1652
16
4605
8222
29504
8100
52540
2836
34499
33997
22868
13516
23715
866
700
1842
6961
37235
72948
21826
38008
47156
68498
2639
84896
31263
8160
203
44603
24864
5368
91875
18981
25869
27908
2553
29315
72948
16312
33408
76211
23203
10704
25130
16384
353
14943
48175
60040
78482
25378
16590
13112
71157
28154
26087
2716
15015
47253
16470
60790
6077
89171
19237
207
25131
14176
19616
22167
24985
34952
42963
8428
34320
24683
2653
11860
1967
1174
43456
14445
14541
1046
55073
1262
6239
319
10717
27757
1209
1237
48632
2867
57480
12673
26819
20735
42693
33744
10420
6031
13351
930
50594
18141
3638
10763
16287
12009
60347
34926
37867
40450
308
35623
71624
30903
2316
48115
890
1068
8034
13360
1
8951
35965
6376
49240
14474
20397
17029
1142
39756
10606
13312
31690
64019
20191
38431
7117
43941
5113
24706
91849
42534
20928
33573
22048
50109
67297
25307
8162
3912
4095
4476
40415
1892
3109
54432
15907
44403
29667
49379
50701
53041
32311
45558
53219
32644
49092
5229
11913
1997
33673
31099
73565
2654
82838
40443
44595
8874
14231
47364
16708
61744
22104
22585
301
9317
7220
9355
5685
15948
50490
17265
39987
73231
20892
76577
11167
79044
1231
30061
8
4702
6503
58213
2574
2434
66
6300
82664
65267
5435
16254
9027
38849
7560
56220
9018
32055
1599
26213
23071
5798
6406
11061
10901
13159
390
4117
1940
16488
79020
20025
8037
40745
37655
44683
5164
3787
25445
71137
3606
15649
1370
29889
13388
27473
8794
26232
57061
3046
4492
88907
6320
22177
12804
56642
18657
24961
38051
6533
1834
31121
45262
2065
7057
75624
21531
3383
56887
13936
10445
35964
5348
10616
9307
1050
29249
11860
43685
29161
54918
6201
10444
68361
8498
23409
23713
82853
16546
5443
14316
7712
31900
35028
41533
34806
2231
2439
11542
12012
22569
20747
45447
46962
226
24062
16668
14693
10751
8929
25159
31472
20608
21344
4279
62021
30030
38807
7531
4593
50083
55112
7959
1808
2961
61233
928
27111
9407
34883
6799
41079
3310
48915
63726
5575
3457
5266
55762
66693
5234
76402
3326
389
49416
13207
119
39724
1168
52249
31467
36915
2621
14889
2445
21183
48714
17759
49396
3093
29587
7698
27886
4723
55040
28088
51
2168
11065
11412
4917
15599
67577
22746
51351
15746
28417
15848
33332
64878
42743
25837
8242
238
74759
17136
33013
49387
16356
44652
377
1
59806
44374
68307
53975
1090
30489
48727
7957
43633
28108
92591
1140
19057
1381
28326
24671
638
34457
18145
29165
13356
51370
11591
52844
1
16806
45387
13136
12361
31619
28509
24420
14733
36705
8797
9906
7104
9431
1977
6576
44937
3599
1469
11240
43589
4576
6036
6830
11112
11910
39458
56938
12586
12256
9163
42883
34607
12136
11127
24592
6675
572
1254
28943
254
28949
71543
21044
13877
21281
17642
25553
35868
58682
50260
73530
10495
28166
5538
18113
3993
15785
284
18227
19239
6929
16069
7658
8865
7442
25961
7709
21228
12835
58436
33903
74589
15676
24746
2476
13835
6453
20113
33982
20556
26778
18393
25651
42180
7128
60559
64588
20896
36926
67397
12076
28748
24500
20084
27871
18322
11847
32737
15727
18438
23058
13948
20180
57538
41245
18038
51334
9537
66049
11826
7415
10266
32599
19400
2225
10532
35289
30912
7414
86851
6606
3947
4649
1318
15190
27202
11144
43909
25266
30338
2159
74825
23598
280
13326
2212
54476
19061
47337
11898
6732
28106
13770
5906
61323
4478
16322
36995
26408
52024
40282
5028
51232
35301
13153
7146
11955
32416
5081
10724
12204
23958
15920
10208
2347
41108
31034
4680
43216
674
23297
1
6298
5
58689
20514
34694
21089
19652
38931
41335
38969
10615
6507
58726
31892
42
13336
37921
4330
31295
9084
2847
611
61
1858
2509
47277
3139
27428
5214
44570
4258
39047
25935
2394
8687
1203
6786
16167
39066
11148
34687
21320
27992
17198
30143
30007
26291
69739
17367
553
40532
5954
16770
31918
19448
65706
15770
60656
6648
5917
1088
2805
10273
55932
24566
17021
82428
6478
10168
12875
15054
49180
30550
48741
21527
38912
4035
5005
14707
21350
45622
2654
44199
7999
7675
17152
6517
2513
34494
9042
33575
26875
23269
31961
58111
15031
16459
4374
27638
821
6212
987
16441
12378
61466
14675
16513
23665
20940
295
29274
19485
55004
4338
5029
70474
946
23743
895
4060
20794
22700
23
46817
5055
41797
20523
2596
28407
17275
56500
10293
52473
12219
42613
45899
1101
1328
1026
57269
20883
66155
47757
23755
16806
26855
37153
37525
15299
1
35847
69863
10663
26492
59321
6010
2666
6825
55786
6486
3740
40817
15603
36099
5479
1080
41759
4266
15437
1936
38680
15788
43831
1599
6325
31486
7347
1521
10564
14735
58005
31973
26588
58458
58285
35707
40337
19473
2338
47510
5139
16950
1270
9293
14584
45865
501
7837
20700
71925
53657
6363
30822
50452
20536
46692
45707
21873
38389
8227
68721
630
45594
28107
15727
16266
21164
15134
66200
7990
56782
3098
3676
22791
3315
50469
31176
45076
45215
9944
17310
3173
11195
63147
9115
5201
46379
3349
10583
10438
8787
38600
43014
9043
7466
27071
77347
2380
15235
13538
6711
48741
598
13181
17437
7107
3231
831
10253
31354
10835
68036
50041
444
21673
75169
28717
12092
55265
3197
69128
24743
20789
3495
2735
29118
41897
7448
26456
24467
6444
1574
9705
7323
15135
26086
8857
148
30213
13681
28793
14563
35300
62896
12713
50098
2625
1061
5079
34134
694
10588
1143
44381
53942
10556
62870
21945
9317
44793
7438
4630
7207
36537
40755
5107
3106
56963
25865
56226
37999
69489
55417
34707
6068
8356
4272
41544
2757
13375
88069
39700
2578
5470
1518
6183
3026
55766
6108
42407
35994
13853
20691
11003
41613
6798
9940
7810
54662
36165
61473
9691
54928
17503
5500
5986
11776
27820
10221
5589
46331
1947
6928
819
2135
45554
7091
18253
51884
19070
2028
12645
52966
4339
8630
21026
521
6790
7006
46861
16706
11808
37649
6095
37800
1580
10282
1737
612
83931
555
17432
8922
25777
43820
11694
11714
18005
5062
29549
21211
10870
7314
55673
14975
5133
2040
59
45551
11686
56017
25642
25586
12
13462
68587
62180
1842
30439
16644
10645
36974
16158
714
20687
55922
7553
63394
43173
29458
6954
65163
10041
48781
27061
9459
16862
8933
2306
64816
52746
11204
19527
1818
39349
911
9623
788
12839
7915
30768
6999
407
3359
32605
293
5890
9668
2293
22683
5555
3904
1399
6711
12482
31059
70409
5744
4676
9540
2648
87763
24134
40166
44514
28706
17524
29741
24075
86378
28390
9288
26771
1978
72764
15374
5904
10941
16777
43229
16099
34295
5
28721
16190
3782
7967
5098
8407
26678
878
54624
12848
45287
4132
49998
12038
22294
19989
21440
31832
14466
26006
7048
11122
45162
40593
9561
20342
6264
59368
40803
4
39838
28638
47092
65899
992
7744
17554
23681
14678
35203
14423
21636
44778
5409
17772
34093
10274
21
22969
12991
31356
10687
81122
13584
8524
75513
31431
5955
6690
3494
24391
20586
32909
45788
9830
51293
26130
47494
9488
16656
29888
37690
26442
38682
4533
3240
759
50591
22976
47785
2631
36422
372
27510
22880
38569
5558
6
74743
17107
10136
35064
62688
83534
20634
8277
10299
35958
5769
34323
26112
2776
47667
77747
68148
23939
3204
9237
72239
75058
43759
1479
34272
45140
1850
58423
1083
55468
1840
71446
49609
6
9616
1449
59747
22380
12511
76272
8293
45906
18960
18123
33403
49370
34652
37677
50042
2918
4973
23828
41972
1572
46220
6412
13604
847
2403
692
43216
7995
41897
12518
11694
6621
2212
16413
57962
8063
53308
4076
8406
7
44724
47872
39149
21284
187
85543
36993
4418
26511
57023
4102
4889
2425
12781
1182
18280
13989
19930
86209
40288
2297
3268
10511
23657
14581
82781
54334
69232
40942
36932
6127
1332
1968
17685
10254
75275
17201
10091
16776
26220
20348
446
1628
17039
14791
13265
27613
3576
43769
33930
1
42758
3522
25284
39116
13198
17853
35534
1171
33767
4
525
50481
30891
18942
80694
19907
15799
76286
593
1429
3810
20220
41264
66512
24071
6645
9492
4879
55494
28491
13508
58910
528
30363
10612
3610
1108
45132
5879
38304
40864
918
23189
23628
25553
40443
42729
19784
71882
21984
65658
13487
28605
321
7984
632
4880
48240
9384
31495
64324
19421
13488
8984
11629
8974
24635
78016
3779
23118
36414
28662
5662
62332
4466
16919
42378
30909
13390
33250
402
19661
18666
6958
20817
21583
63985
45474
59573
21261
64003
3755
73219
719
27664
17927
19759
13223
8049
34798
14453
47011
10146
41104
17649
26467
29242
84423
4403
31767
871
34475
72016
5383
88947
56632
10348
15607
1785
58930
10463
933
19800
14156
7791
27421
18927
16135
18355
24053
6781
40397
464
16727
3806
2351
20933
12634
26731
2135
10470
929
18362
27114
59189
23003
5939
1824
53264
80327
25387
54207
39766
68060
8020
3488
58760
29505
4558
20583
544
32748
4994
33839
10966
3531
30639
8658
48990
7786
31127
12080
48525
11782
11267
41601
41113
5092
8790
9187
17984
44540
23823
59432
315
27167
3491
23442
65841
25360
39789
43674
13229
684
5495
18283
71834
9969
944
5930
7053
13300
66182
53338
392
43519
10021
35903
45226
3840
9142
28642
67377
3417
7292
980
46321
17834
19269
5026
3382
4842
58400
531
3408
26986
50506
53234
61035
19440
85146
13492
16310
31077
70229
24434
12
18682
11816
16837
27838
24222
2393
71511
14007
16506
4970
18919
12584
10846
14617
7178
3915
9130
20667
42506
13261
29161
19662
36279
77759
84886
81722
37195
39586
3315
276
21608
45491
18280
41109
40455
3276
21370
3
2100
62760
22940
13574
26836
59682
2
61542
42989
22736
41657
7340
33261
8187
21171
2540
6446
652
3386
34474
36872
23302
21028
56689
2250
14223
11015
16569
61478
7337
7907
4710
59686
1072
17517
7023
9799
7281
40184
4452
39961
58510
9779
17536
29799
2491
2157
10933
67261
2405
370
19701
28261
12916
45571
16552
8811
37194
11858
1201
55710
12916
14599
637
14621
7289
20556
3613
20285
54051
28659
85051
6909
21793
4999
11978
2964
23703
2035
9843
66052
49034
2636
7376
8740
4812
29006
33309
20057
13891
15497
38664
23453
1170
15672
5444
4386
12879
24988
50287
1793
78133
10424
81657
12636
16370
18619
45133
12461
811
71521
611
8473
35242
5340
73735
27673
79360
8080
13831
13481
62875
11996
71687
24026
16102
3755
608
3838
18994
7217
24030
12503
45442
31976
13026
1816
4433
51226
4103
7076
35929
18536
17178
53375
26574
21696
24114
30821
36793
53491
1756
9629
4597
837
41063
26884
73090
45653
660
31533
17150
10835
26665
33613
16361
63
44585
2233
6239
40770
7491
366
15247
2154
36015
21410
30239
4268
31734
14087
15511
24460
538
16769
1
35075
26195
71534
16786
2908
12876
1739
504
26916
42592
25032
14882
10837
37114
34437
7834
15346
25173
30498
55263
46346
23395
72393
14023
30455
27221
5160
35297
63764
66205
7050
54408
30799
7809
15397
6052
24448
37754
19043
17111
14829
61829
7676
70579
3247
69017
461
57384
21478
15345
1316
1656
1958
24778
10915
35130
49929
61336
29783
22
31118
32871
34595
579
16021
1
38435
1887
31961
28871
72305
4586
13420
68699
1875
40096
2249
23558
51854
48397
48621
34109
65766
29435
10357
21140
45310
7297
68836
5261
51219
38700
656
3417
62461
49103
1691
3233
7101
29139
4275
54167
10794
39032
64074
59930
44875
24654
7892
39291
63582
20855
9439
3184
20812
19429
29055
39250
27506
22294
8072
1657
21420
1542
83742
29558
50022
2251
20207
41546
51642
7022
1057
430
812
1720
5060
42707
6191
3468
26058
2332
5241
73367
2448
82364
7123
15326
3400
1247
90606
1869
44135
17729
74168
4581
757
436
50268
252
10645
13670
47512
38366
58419
30613
50479
27847
46147
1165
23149
12289
40981
27742
28606
32229
31
84901
65163
50742
49802
683
9493
38525
15886
6131
63125
9543
16889
3390
10460
29788
17226
13158
68465
32516
22210
12652
5614
32487
33552
19410
11630
57326
55279
13148
548
37189
82695
25757
23161
405
23325
12072
35307
60449
23950
8583
41763
2075
38072
6533
12971
31779
54913
13673
16623
3577
400
31640
28938
11915
19358
1141
15973
11895
8770
5766
10
9634
31598
18658
14570
1466
29555
9149
85922
6423
2098
8080
7636
1967
4516
623
21144
72915
8207
4623
5025
3200
17007
17670
58227
27248
4739
29030
63673
12113
2116
30377
22399
38022
62468
5451
78903
68494
3704
260
22648
45784
4053
43463
42199
22281
3210
1536
1322
38490
62064
19337
9168
2206
27345
224
762
19339
4474
13356
11495
31486
17582
15956
2397
2419
25230
58705
16457
4457
45718
60846
19273
43842
11988
42970
15489
17888
45152
7468
1326
29635
8879
5055
33620
41525
8424
58574
37215
22431
59998
55337
12107
857
21505
48694
36011
21905
6927
13634
21449
5775
22659
54907
28697
20993
16180
11059
7681
57029
1
13063
3908
36052
26738
34693
32331
4899
20885
7334
34932
69514
47327
28512
5600
61221
41128
21722
65
2307
1259
8008
10218
4590
28928
1590
15691
3675
7190
7412
11650
19872
39250
5872
602
23452
3880
1722
24773
72187
16676
47430
5243
50551
21024
20254
31930
17965
25957
17042
15298
23237
7997
4972
5625
67092
42665
38447
5852
72844
9960
1112
53517
3842
22864
10843
22770
38243
12323
42770
58076
48009
39030
13057
3343
5949
17101
51559
27072
1316
28017
65148
1844
16906
67420
36533
1
25673
57533
29864
69549
48790
11691
17041
14625
15421
27240
1175
5998
56923
7394
20612
26251
19187
1872
24553
8268
17097
32160
8340
11826
71733
52528
7486
66226
14335
2532
19055
32378
5704
6545
5805
13137
1346
23816
5757
499
12303
51368
15622
4141
21226
3490
7200
5325
52494
16036
52774
2281
12308
31055
48051
36317
52425
11289
14069
56836
20884
8738
56961
24738
59907
26648
15707
63748
6807
19424
20031
40951
53394
32216
18081
7648
7613
86601
2656
2
557
38354
5052
4973
62508
35293
12188
20149
25235
14948
12133
67693
2610
22303
883
39905
31346
36218
73966
5175
5607
29730
40534
2304
231
40138
41329
5979
80966
14263
39052
11358
10506
17741
18072
5588
46492
21765
52778
5794
27871
33242
4572
2
40873
71226
43063
21862
5808
50368
26506
7630
3006
18059
46976
28515
1836
35652
64703
72155
14892
17343
3224
55180
83984
25680
37578
346
1821
34263
6931
49070
27758
19858
6239
38948
6204
1225
22428
47483
1691
34824
9207
2490
9678
41616
10302
32
15540
50664
28187
2716
25119
10032
30913
29459
18685
23628
20744
13146
14259
19377
53571
3359
28073
6456
1651
3962
54291
25160
2277
83995
14078
2727
3093
18767
6483
34291
39927
7011
62049
13402
35493
40181
7346
12553
16173
69176
28452
74927
1846
4056
16668
8454
31771
50886
8414
23766
20455
26777
2115
3310
5932
78630
8914
15803
524
4
10259
1313
2697
37449
14141
8091
18073
806
2130
6238
33348
21477
9567
5682
69767
72446
41149
17193
46589
14442
5358
6382
4753
29275
29477
1430
9744
26122
37679
40203
37735
47026
4757
12613
61660
24819
8515
4367
10536
50096
61080
61553
28145
70054
40404
48857
31173
8447
45126
7734
19988
3277
29392
16502
6170
53648
50743
21812
1369
78634
24642
59086
19042
54967
563
20958
15303
18145
3638
79215
35564
24393
8990
73518
62782
1577
472
745
26475
20055
5196
62915
4594
414
12854
44182
21289
5
2297
24119
4107
27283
5855
5175
1232
25427
62845
12939
28089
19010
12327
2773
41529
11384
74266
2053
1437
39106
4947
11384
7003
5055
2535
3898
26454
399
18767
7172
11686
51605
13006
46694
30133
11328
19108
52655
15009
52268
40912
7631
8632
64069
11770
36892
5095
24241
65877
34031
19674
880
2138
2638
42612
20548
19768
16791
7251
26794
49158
44825
41853
48665
15791
10951
15352
33487
7220
18688
53763
17142
50200
14237
36173
9627
40871
22102
13262
15222
65342
5690
58399
482
53848
8540
23124
26207
19993
83412
25025
2754
33447
2756
38557
7934
1718
45299
410
12672
86742
369
63825
45073
1760
67581
16477
4500
16956
21545
9889
44675
1455
20679
30879
1077
40879
7662
24815
20863
5384
17420
6315
9661
551
40944
33998
15356
4381
10149
19100
51047
47192
49260
39645
17974
14610
5778
34452
89508
20683
25540
2562
4716
2985
51960
23251
56832
4889
6711
31388
20799
31432
13469
9314
8401
34726
22840
26693
41897
30304
56684
6078
17657
31824
50791
18311
18003
6504
63848
6291
8875
4256
18184
9585
5724
51049
8936
18582
12331
29883
16178
1084
365
18002
60648
36008
14257
36598
15684
28436
54860
78978
32452
2236
9761
8439
78972
2585
4659
4531
12776
5215
32059
24778
21352
18831
36374
3019
4140
13040
22441
26751
32309
26118
4302
54285
26828
8595
20974
5527
43645
4862
32990
27208
69460
31957
2758
4767
16938
7071
13199
513
2697
44011
6121
4041
783
8675
20556
5388
35841
41727
5145
36949
13191
30624
28942
29208
4048
10985
17371
38255
59805
9854
58795
17641
341
4027
40737
7579
1271
8385
8623
20601
40880
5997
8512
19245
12480
56096
2753
1140
20506
36501
30604
38105
17589
16667
54619
10464
7706
13673
14190
1926
7481
11044
15946
64597
8012
25522
7362
60333
27907
16381
30127
4135
20073
16830
25370
37819
41367
6738
1622
17829
3279
535
16789
34887
1329
4919
4962
25575
31871
11837
13070
3919
49785
9365
2262
23644
13737
67200
16897
10277
3070
2
36963
12122
69149
687
36578
11069
54884
781
62805
43601
4345
24947
50664
42875
50248
7858
8382
3154
36975
18435
26303
16579
4230
31555
30514
1587
6706
3340
4001
4497
5573
5474
2578
30794
9583
4514
34155
19066
21036
17836
11469
65204
3766
16800
64886
29011
11372
55969
1657
14945
4238
10912
8546
38458
1198
28318
3065
65810
53334
5054
12460
1
2177
9516
30242
3931
71473
17152
38861
2425
7487
1781
10494
37
11136
61232
47603
10092
9800
76443
28601
18677
63589
36097
24097
2095
16222
9734
1689
15154
38481
66567
28306
17737
57970
4185
43763
831
10705
7934
44232
52953
137
4
47396
4
31825
8763
62958
815
14524
58634
41606
41412
40786
7923
65753
10957
4699
4089
6451
20674
444
1975
4353
21055
1559
8349
18435
32224
10843
31211
2511
20788
49704
44914
19
1624
25390
22445
5652
4
19383
4730
37078
5774
21016
58826
2328
454
26369
2855
3271
2425
1299
3814
12668
28637
37258
4729
720
20605
2717
29848
2988
12065
2714
40694
3335
55553
74481
87057
14376
1589
3425
676
8437
1779
3365
25635
33112
347
59958
8812
57723
1571
1227
14195
12331
3746
4603
460
8491
33299
43574
23301
29450
28131
69806
61120
28630
60519
6883
18054
12321
2438
58850
21589
28200
44191
78437
63837
26982
23565
20580
11159
5224
2783
70144
6438
18982
12457
68
22570
35954
2089
4096
70222
3258
15031
19636
2558
79786
2527
22784
24892
25836
8811
2122
7260
43437
19067
4063
808
3
15935
4904
8922
7584
1713
3559
16536
18739
1806
1928
2702
13765
11903
78364
4852
3470
15247
38728
50261
86984
8650
2493
9984
21985
9246
2810
13714
50606
28716
44385
5223
15066
7703
38921
3217
25325
6601
6856
52422
71136
2244
18792
8939
13053
23911
33468
62307
33368
39135
1
55487
49235
13786
8666
32719
44220
9950
38186
4208
9230
8870
8052
13309
18615
6402
52279
43095
5106
28069
16761
1160
47862
8897
9408
704
51917
69319
11124
9315
12608
17694
44453
24631
7747
14150
50001
501
23822
588
6014
43299
44500
64389
4273
18399
2117
25024
57823
40328
20809
6732
7283
31343
1256
11165
4876
35669
6016
42656
24472
1905
5262
5352
52628
51096
1566
5988
7431
8465
32177
13030
43072
22902
20311
57293
31601
17449
1466
22186
33067
14482
47440
8590
17147
18875
13470
1882
41678
23471
45816
30240
753
57327
30603
58335
3054
33014
56043
53088
2919
2066
13160
19003
902
24019
54712
27839
27359
54556
5657
18701
38377
25704
1531
78047
10237
4463
3542
10664
50557
9558
9859
11435
6899
8602
3915
14487
47462
191
26729
7267
55184
12453
883
52342
32317
31610
30193
11994
8831
11958
57758
25562
59193
1601
807
8104
71473
31653
1582
12064
18864
11641
33855
55925
72265
7904
2063
10094
1451
767
1024
51327
20669
3
10002
21616
11169
4069
5548
7547
16138
49583
75352
21389
13564
23553
58739
28098
5333
41463
30252
32306
28935
3003
2465
11591
3555
9196
4834
1693
22987
2138
4798
26575
43078
14864
13048
45699
22
1492
48876
12066
550
35994
26621
1621
31813
6413
33222
7
82685
1260
86081
10813
2151
79771
63583
2384
9668
53521
4788
38107
18280
30439
52322
27087
20367
7352
44991
44959
11403
2525
17
17049
51305
19223
9929
1176
5341
16208
2679
16272
41814
11311
6615
19643
3081
7
38399
33320
28020
57656
7455
9810
10133
9104
13153
49307
82263
3247
22224
7609
13489
1856
42296
2919
49040
37182
11232
2384
50480
31781
34630
12241
24699
23314
63879
35118
9074
32250
27276
14021
86322
389
83295
52779
5237
18663
10196
18780
16713
23774
22048
6000
36611
10703
16029
4105
4386
460
4955
8370
73498
58933
12741
16327
21776
4
8440
14273
5227
23118
13348
16914
27232
11565
56600
7392
4373
13499
21987
69943
17263
36902
36595
21787
32481
10390
14918
29867
61347
57782
75944
28379
1139
6086
5465
15833
61383
54924
68786
24937
50497
43587
4342
29736
11268
14511
2420
10952
18388
11247
29874
13415
3653
40564
22767
39527
55340
60668
12052
37355
13925
33979
4972
57278
5044
16148
15626
2304
1950
19632
47423
1380
1945
48582
1657
19991
10078
43140
66453
11110
15713
14639
24236
23077
48874
59673
49918
86407
5460
52091
5597
51650
13183
40366
53083
19595
50160
47944
159
27545
36458
6547
36704
25320
65173
31742
12632
3831
46794
7376
42413
33311
42327
4156
75391
39002
526
2453
25123
61779
39650
42651
29932
16277
54682
4905
45804
32207
299
23700
13269
74936
68961
802
43294
52150
39280
13191
28740
21981
11910
30697
63269
25893
2909
4616
4341
1428
56130
5617
38911
21649
41864
24117
25011
38551
12962
2254
17958
44303
2996
63414
62894
2504
13176
32232
75166
3526
4816
4
13638
7546
42204
54632
36477
40452
80197
11979
43685
10801
8148
75478
9605
8689
39158
6602
2696
3935
2881
40395
55872
72683
2415
3117
68477
43897
986
17872
1608
30963
14150
47948
20594
26336
49853
43547
10504
64758
7129
18654
15730
24692
9820
797
54653
50478
2511
4109
17803
31840
36010
25526
16819
3750
51338
1633
52587
14561
6200
9243
60537
25952
33033
22841
21975
16551
13475
51117
17437
5820
14639
8934
20615
18042
13693
13562
84896
19452
50107
72049
276
25853
8880
460
11376
2182
7458
8679
1962
35246
2667
19285
1468
35004
52153
9442
12625
10826
10707
19781
20275
3617
40593
712
10837
28728
51399
43218
24953
13298
4511
24151
45144
14361
22665
11507
20259
28592
6021
688
26350
24713
1324
5891
70944
46706
2633
2107
34502
58927
59180
15640
33743
4028
55319
22415
62460
1657
32394
29049
6807
45344
1800
1670
30128
22683
8185
4
33401
62811
25365
44548
16850
2460
3693
44403
7460
10716
47371
6865
32311
26855
55741
12245
22726
18794
64120
15992
5352
24478
37672
6355
22825
1718
32553
6750
39692
50310
41605
16696
3081
29368
2560
19347
24842
20202
80770
1771
60480
22645
813
2360
3668
39457
879
21622
27569
43115
39526
20286
53848
13050
695
18735
31517
7683
3286
7445
7963
11193
24802
7659
7962
40978
3615
11992
8108
48513
54582
1
81758
41955
27801
18763
9833
1957
27393
53369
2029
60985
7477
22106
39338
25892
10254
13124
35866
1055
1459
39994
68885
15557
34289
1073
21633
28157
49939
57431
9105
29888
19687
12804
13670
540
2955
4103
38300
3889
5052
45004
69801
9827
728
36661
3773
680
54755
8975
29245
24072
876
15299
12523
58036
4382
25159
55766
20350
29610
3013
378
84359
8626
22395
3795
37084
3051
24157
26083
32713
41476
704
15683
10771
2231
1914
53238
20177
12440
13196
8655
753
29789
30498
2606
4766
8663
2
973
24571
31491
20874
12882
14091
64230
11504
52346
4621
25446
78859
41823
4092
19113
11171
10739
20963
26528
29863
43812
31278
9579
75335
64389
18173
53974
52416
10882
16950
2960
26245
47563
8466
8895
926
27456
3453
39379
12346
1347
72802
14528
51988
14130
13106
30996
14529
21724
2327
11970
46659
4288
22418
16917
37868
2914
14984
5304
21855
19446
2838
5471
46315
26187
69717
47185
5927
2517
2753
57854
18249
46646
19171
2
11099
22651
8963
13090
6234
225
26821
10557
6804
57626
4
35109
14001
3060
72638
17703
1914
442
75867
9914
3699
50889
2466
4506
35689
42899
2804
7579
53844
1293
24975
14717
50998
49567
35439
3713
4669
16945
34461
20320
45545
19739
26324
44995
25750
19682
12861
21694
1073
19434
7156
2170
6533
24783
11941
23138
26929
25875
17323
42694
16263
60878
13010
12386
13333
1072
28029
63289
1050
13901
5006
13423
22669
36343
13794
24944
5492
31610
13733
17425
46913
44136
32766
14108
20399
63603
8456
16175
1597
76042
1865
2628
58171
19041
12162
59794
53974
7802
7535
39877
63185
44257
41
5865
364
33036
7387
32045
2156
42506
30845
300
47723
39995
26061
61957
20292
6011
22049
8561
66844
3444
7051
62766
21928
16323
29143
62273
569
37318
6649
2780
70737
7082
3538
724
1734
1
31406
78685
32290
23437
8665
20278
38100
14385
3002
42931
70400
49239
47402
54927
55420
16897
8580
44312
45682
62126
58503
73508
8153
9016
9019
1
16620
2437
42244
16572
4912
1040
4172
147
6936
10
360
71752
57693
3742
72663
11398
70451
19201
6343
14216
349
32821
54499
30209
14460
8377
8037
31523
12474
13707
6057
9649
7476
29475
79607
31112
10656
4031
2942
20254
2019
18670
3570
4991
65608
5256
26290
4621
7851
80934
41257
43362
65021
2737
8318
3483
40671
10110
1803
69137
70856
6549
4
20773
5386
37909
51326
10301
23012
38763
59760
76050
18430
63370
36331
63440
60077
5618
3827
29628
64617
16175
20137
212
19173
1960
7284
2
62830
5629
894
22386
6617
7764
26187
300
2105
69106
38151
11024
20984
25902
17243
3361
14775
27739
45
12696
18609
528
67115
13150
8478
18624
29362
11717
19753
2128
8590
15082
38704
80153
5486
56405
17120
45278
33792
4694
21265
4631
57959
2232
23275
32315
87059
11347
37766
34630
50228
37793
63218
19477
51298
3181
3278
26553
19361
10330
21878
76127
965
18939
8048
1907
96
17060
13550
15025
10200
41191
40659
12437
44113
59877
738
7840
10181
17566
60728
14880
22494
13818
36451
12356
74747
18252
36525
33883
6659
4395
1269
38879
30285
50045
18295
46254
4767
42022
7828
43155
29156
51962
41006
29142
36653
43232
1696
18480
7631
51099
78449
28626
9002
39302
31330
34496
9213
1953
46604
43927
37077
6570
78978
26529
25936
29005
46396
18749
35142
16853
15763
2168
73178
3828
40369
39336
50311
2356
6778
38223
2836
8714
2249
42589
18258
33379
1466
35281
2748
39916
11405
68261
87230
15020
16080
4460
3
65429
6
4
30394
43996
944
52514
11250
28539
5397
1794
53528
18489
35538
25984
45651
11154
42992
256
9980
12756
3880
540
2689
5414
296
17090
8344
647
29332
14304
1078
24882
29808
43439
15918
2795
2693
32380
10734
57754
42335
28037
11767
622
53346
363
3839
13568
18005
20721
30654
10160
28206
68094
5669
6318
3051
5636
23192
19285
18264
5496
89058
70155
6868
81884
9968
19833
3576
27617
63538
64220
2820
15318
36151
16301
50934
14220
51358
2436
19818
20886
2
6114
14773
54873
7116
663
2556
947
28997
8440
16026
9887
53809
1826
880
25035
27473
38680
8239
80307
39028
36049
5495
7722
18041
55563
41616
13642
44652
5565
7630
3459
44645
28442
60725
11632
2639
20009
23507
42215
75121
14833
2657
10507
197
38448
1
16705
34043
2958
2667
13489
6539
33053
17808
3921
35899
29120
51845
67001
34649
18494
72624
74025
22503
17193
30776
10972
2015
3431
38136
70170
7899
1618
84491
31876
74011
4176
26847
57995
3118
10106
66771
28440
1177
5088
31369
41711
202
55826
18612
1635
4439
15882
17564
652
12939
6595
17188
35448
45938
14287
27080
737
76633
37675
12308
21669
3176
58838
6048
6931
7339
37948
6148
12751
55287
29462
53878
23106
5109
2247
13313
15050
21118
1489
5620
3810
27049
10163
9570
6916
9212
8031
32977
10257
18848
25445
44125
17666
22717
9307
14649
9658
9226
10523
3546
3576
9155
22934
15293
4916
11306
61010
71190
5131
19124
82034
27732
6759
11975
3071
10056
26346
2579
30144
3540
27409
15396
19953
23750
8272
2262
8647
42794
3060
3339
2299
29897
6711
28926
36144
20857
7322
17253
52825
23190
48049
17847
59755
17342
12720
2301
72471
46818
3517
3897
37396
64961
37797
2506
28731
45229
11934
25540
3474
79506
23791
35511
26099
68286
72183
7941
21646
15628
27804
824
42055
63600
20884
27557
63594
14883
66677
19921
32060
2381
13252
8817
2623
16101
1090
238
58626
23913
36473
49854
13728
63426
4849
30034
1366
25551
10307
19813
12905
7106
62064
69936
1
55782
12048
49691
8770
14021
10542
45514
11028
58234
26308
10534
9373
15003
27411
721
22634
6147
4124
4401
57115
6652
5582
31450
889
39529
3323
3909
14957
20090
22718
9836
11418
4884
22353
41873
18500
450
40109
309
24187
13099
65868
55616
23665
8734
2449
36660
70296
90090
15918
900
1
28750
8247
57781
30669
27487
6474
25451
12952
18035
16068
16775
27039
1143
28412
44894
2579
31820
7791
59577
25735
24842
46798
28926
71470
11947
2892
36921
1
58783
17242
13955
64482
76218
25622
12305
8978
9092
20305
11058
9697
14220
77303
19997
20087
22072
45754
19924
17757
1329
12065
32620
10658
3725
11583
6608
16159
1594
51944
67589
4408
10181
28408
8422
4182
9166
34677
22484
59368
42928
2
5268
74653
26421
43597
60319
8435
3927
11940
33893
34289
9034
32713
2561
6026
20299
30328
30402
15368
4677
9264
557
9376
16550
41322
5610
14279
38631
10407
13109
31113
32073
12184
1975
14469
15532
45179
5004
6966
10179
7719
30876
2367
7317
5038
24417
2222
39288
755
35799
1210
5164
25722
11209
26275
3625
51021
28240
4474
7525
26890
16839
45955
14426
16355
3941
5360
46267
8478
1067
7561
20550
9524
4
30053
50001
2331
13499
34392
34867
15734
16071
40520
71371
15376
1537
69651
13346
36716
9157
50901
6654
36312
15750
7330
14518
21066
5944
60563
7638
30532
2996
19794
28271
49953
29370
26810
48433
45548
70486
2615
3970
26232
7205
47293
2
20253
32177
27180
907
944
2780
8009
7725
54823
22005
65670
61356
44988
11675
1478
49710
14941
14409
3051
38215
11446
18548
1590
11405
50788
1696
18930
1392
10955
20600
2685
28696
3981
21847
23356
13057
14859
22263
48300
11534
36980
47966
2
7250
52182
7183
15939
47247
4529
18751
57113
12350
23704
5191
22366
41252
1583
1852
23828
19594
412
1197
60711
63731
16478
298
20307
24626
22540
45385
36389
22198
34325
4831
2269
19138
24198
4
31197
20755
2417
8677
8209
32774
18503
47243
2330
15627
35234
28367
52159
2
38421
835
25368
3859
52852
45048
15841
31092
35211
26906
25086
14907
23291
40287
76385
57304
17107
25539
13610
31495
74649
13346
14563
15530
26876
49439
12900
6018
5953
714
61786
9
7807
12329
63219
7458
10904
26368
21588
20744
34267
55077
2209
4854
14104
8345
53662
3052
41322
50745
17515
15887
11686
32525
43574
44139
27591
29336
14918
43575
42487
6656
67502
206
3576
17075
5619
43028
75798
34577
1514
4599
6853
10824
21432
54659
50690
81832
30287
70978
47071
10601
10596
55947
71438
14184
23913
9153
2315
19375
2422
17442
3528
2702
40855
334
32818
46166
4353
1085
520
34552
4753
5601
46483
156
20220
23850
3764
2467
13871
24481
15698
2638
14345
2689
24530
39225
5398
35000
33784
35569
16038
47274
76363
53839
36754
48439
22981
4980
36665
19748
11618
51839
4776
21119
15692
54632
52890
16266
7904
883
841
6817
53622
31887
37207
1551
3074
8604
12
28078
4156
990
31213
42160
6329
13476
6096
548
49745
30384
8380
21403
16475
20624
10328
6536
30369
6
12576
6179
63132
34852
44834
82786
23349
37634
56172
5884
4206
48633
29974
2972
22687
27630
17595
49521
31497
27347
18897
60185
31492
2305
4669
43630
4914
5408
7912
3243
18848
2163
5427
8991
43543
3879
31443
19509
11137
44322
17182
19101
5777
19119
195
4971
628
25413
5214
33923
36345
1
53959
13661
19313
14555
1078
20633
57763
346
3154
24702
33569
9453
7473
729
9299
22394
8954
2494
1195
39760
5355
14263
51766
53255
19789
7974
9464
79052
9508
19546
7887
60613
19241
50003
33696
1074
28903
746
14504
20937
1126
56186
2412
16555
10004
9948
16332
30650
995
33597
63512
11058
11917
18345
39213
60878
51988
564
11614
13374
10193
1306
35371
56962
713
6392
14987
15021
8728
65280
39163
57797
4284
18739
60364
5711
29135
25242
68773
8559
1967
43924
27655
29142
8597
26997
21888
57645
23551
933
24590
819
13294
3403
35211
34695
39913
4249
57372
23238
5454
5465
31228
5362
17926
41753
41720
23597
18981
22437
73008
5136
347
1408
34281
11572
24748
18492
27004
3427
64180
351
38981
15098
14625
7113
13372
4
16442
37470
37393
29411
73838
20485
5362
14067
33651
577
12368
28603
27246
15246
84518
27669
26950
874
14517
49140
69
9209
36053
3136
48145
911
8903
31186
22872
11974
25076
3598
19156
72641
80059
42867
15849
18614
25530
740
11427
56113
21753
497
17771
8450
20023
12086
42102
23014
30386
25939
27811
22699
31282
55432
37082
3
39824
80407
4493
754
15879
52243
4326
20267
45847
1816
29171
45069
3229
19175
1218
81788
6871
8233
38333
8455
35103
18365
16570
25958
10067
13154
41424
6408
32412
30399
11832
14327
383
23219
10719
21662
7564
4158
2399
1574
28553
8961
9977
21490
50269
12438
10345
2475
17494
9325
1870
53927
16390
33444
6912
41154
16108
11670
49935
33183
58346
88465
8251
1
3649
35302
18072
44533
64543
23067
5217
54114
43929
25123
22951
46974
7984
11140
9618
3173
17913
4502
51641
8877
14360
34867
12561
49186
30695
46515
13461
1022
24326
1066
21487
10643
69930
19081
4014
5184
1180
26625
44632
24921
58280
2028
35478
7078
50627
32019
5687
19737
6411
9685
6597
40591
34501
16245
97
26418
41292
21414
29694
38511
20345
9
27246
49352
29593
39868
14885
33818
47384
6296
3005
23191
46670
28459
15098
547
40309
28952
46695
28741
22806
32676
40304
51790
782
20531
26112
20398
2725
2807
62253
38192
17024
16396
5263
12486
38876
72813
42052
24171
15007
4883
66598
6538
4768
9641
9952
21438
3228
23584
50108
57159
23805
44418
49606
35391
57522
26896
43778
903
39397
16335
16213
23404
9550
1014
33595
38764
13316
11085
2163
19209
10512
4142
15079
30273
2027
61227
4164
5828
24994
22149
11641
1428
19233
11984
417
22137
31156
14207
45685
57733
26856
17807
6099
28538
21628
30032
9997
20929
19307
47598
678
13472
51971
13517
58673
26709
11969
16505
4801
11974
57224
51979
22798
446
67119
25689
6376
21953
26095
84
54209
45576
629
4131
36578
76614
5770
1643
1847
10655
29509
4182
13914
17714
5617
8313
40302
13981
13096
28937
20735
19797
15683
33021
12328
12696
633
32486
2086
730
48716
20500
41360
2303
4910
8406
3123
49824
7306
3106
8377
69740
8112
13213
47602
9998
21390
77320
11235
7475
2969
5212
34502
68071
5333
59066
6275
39863
10295
7923
68292
17986
4567
10962
15121
50439
8053
2511
15805
36918
11898
49335
12990
13885
52357
27739
7236
230
4894
73180
1047
10222
13037
50512
36576
25220
4191
76585
1787
9716
26249
3382
36270
9686
6032
49990
22144
23510
3202
58052
55946
11831
58423
15782
24577
163
9
18834
17276
60701
14715
771
45823
338
650
7460
32092
24844
9287
25489
20265
39916
11336
51320
11274
52704
1583
54596
19041
5885
21832
2798
53355
29687
25040
8003
459
28981
2196
77383
6002
65004
5710
24790
22064
22203
8672
7907
25189
19780
3825
28228
8571
29637
654
22358
2447
30933
3840
1857
1342
27348
12740
84380
40828
18112
44687
41385
45748
9800
43583
17027
24857
4922
1149
35793
15826
76588
50441
22597
8522
5185
18030
20728
6646
11658
29941
48322
27433
14978
34067
72505
67106
2490
30018
676
48328
23966
12763
45056
67510
21564
17410
11956
7865
12056
26024
10787
44304
70476
38155
42884
13657
32244
1289
5084
2299
3668
11481
88609
11294
32836
24218
3896
30804
34082
3
73521
35540
21835
50056
53760
8872
16482
1310
8995
47956
50948
75348
72795
9026
54363
18214
24531
22382
25158
2828
23810
25366
6777
10976
39283
48845
14445
70108
4668
2988
25891
6721
19677
6359
61419
1053
2955
7339
35431
48102
50557
24715
1178
11089
72257
58450
55038
608
7950
27440
11052
1349
15974
2391
4780
10293
40631
28235
45906
17264
20172
87219
76868
10867
384
25220
3832
7779
542
14
18565
9937
9597
41497
86351
4670
12742
1555
34083
27960
13669
36308
12605
12361
15235
926
5396
73095
4345
520
63219
7670
44432
4192
8442
1321
29481
15022
8806
25878
39995
23020
40567
21087
61117
4043
13498
61547
2524
38173
14387
39401
28473
13881
26415
37571
9016
60632
35837
5662
8363
6355
77599
3893
33914
11549
28226
40212
8205
23662
12602
11180
1401
722
12408
16845
30096
63802
27081
11532
492
27924
9061
56673
1319
40762
14079
20985
11166
69612
36241
3316
696
20705
2551
47726
70774
11495
19105
1120
4008
40876
25953
45266
23612
4892
74164
277
5150
3410
38948
910
527
7612
45341
33405
63857
16868
49962
24294
69332
34422
2085
4859
10205
11142
10134
15077
58903
3929
64422
28031
20898
48085
4454
3043
75490
49492
9118
3
23236
8029
2381
36668
33705
1490
32824
32415
15960
476
29457
1585
15167
9104
23248
69175
917
8633
25512
61388
28476
6418
10
5442
69836
23364
13248
44125
8852
31043
221
29807
518
2562
20649
3094
40751
11602
56579
34040
5751
10710
74629
1353
15108
8286
4
3377
22709
4272
39206
3135
85114
5416
55605
48928
5787
5079
2765
36551
82722
21848
43053
512
24292
9008
47651
21338
54779
71497
31191
46573
26099
55118
983
2683
16617
19020
10392
3286
9737
2680
3975
39123
275
14240
18335
14772
2053
14091
11814
32367
10095
5191
16052
27916
7421
45121
16889
32852
61736
1098
3664
42666
4526
53731
11477
6876
17977
5
51863
3822
8075
25588
36221
66028
54983
2124
1388
1834
25750
42452
33051
31597
43617
2667
39749
33975
11221
7287
23355
25130
10794
12147
39745
269
18815
15732
11218
25494
22434
9314
39927
54675
20836
12778
22816
11611
2734
20501
4575
19358
28495
76711
3667
6601
37956
7778
15743
927
7814
43854
41580
45198
42186
29506
15672
42558
1302
4120
29318
45167
63840
20044
3689
32886
37549
11636
3455
3742
5021
8947
31101
44751
41080
1519
70319
322
49881
6038
29252
44356
7068
329
7405
1794
29212
10518
3
8591
55438
15856
19772
11599
2455
12031
1628
11128
2643
465
48302
20178
47730
13091
9935
57504
17902
6219
17972
38736
70529
23280
19760
21286
25000
17800
42004
13621
19625
65640
503
7130
2706
11237
3612
62985
1345
10336
63848
9863
13583
71590
15535
21200
16418
11577
4793
1417
49786
24264
1670
25027
2625
60368
26998
37276
2461
2740
19476
63569
7792
5278
56556
44358
56162
40330
21271
2
18476
57975
15556
3520
2439
26094
3399
8602
82842
12819
38210
6348
13540
38757
9920
5268
47487
28593
90561
490
20236
1253
51182
21152
52529
53371
16774
20668
50936
53976
8536
549
19029
19419
3079
13781
47029
2052
83969
25721
18646
412
23462
30351
20116
29371
26157
32210
14577
22098
28680
7525
18906
23930
59799
15846
9551
37726
39776
24388
21747
50459
25955
10864
65775
80151
47687
23583
16857
52504
4918
2894
1156
46766
56508
30830
21020
85766
23843
11040
28172
31449
1
26454
13996
11114
826
21884
15025
55926
50180
16399
17069
20374
58574
43074
3760
10733
25237
1212
2668
36838
6900
52503
21100
28946
13722
4164
17305
41055
1703
26578
35925
45260
9476
3959
46902
60242
1366
8284
24156
26926
1245
43
9488
23973
6060
27631
48911
17257
15258
16733
21763
18343
29561
23772
49265
58878
3324
2897
47897
2985
28592
34131
407
76300
9872
75370
5523
48707
33883
6732
44744
31162
14904
27123
45292
70185
13388
4983
47142
12510
17673
1281
16808
767
1875
75612
70643
18817
7081
16064
996
21646
6224
72677
10841
6364
21035
31091
5396
64275
24268
19166
57285
75901
43884
8243
39016
53135
6413
30305
38865
18300
301
6616
50986
1758
6887
40499
6860
19305
6394
13273
22921
41632
2220
3977
47282
1886
5620
13884
3218
43113
4812
21904
35683
14045
20238
65683
82115
4439
49398
14765
149
4124
37287
40826
20151
13489
19706
35380
1728
22036
9681
1761
364
10250
85271
17652
53631
39794
16234
41070
48985
1140
3
4
4598
5759
20118
13019
6352
4879
8120
52923
15010
11762
2188
5672
9421
1510
731
6681
3616
11991
1122
8195
1856
33609
952
45314
12034
1165
7068
48867
14816
33940
9821
640
4478
10835
58237
3608
21169
20808
16345
26853
61209
17642
2336
17492
66509
40045
24863
23679
57325
20842
10905
48276
15175
16582
4049
12591
39747
19410
30080
15217
2791
7708
26564
84921
24214
20077
25427
17510
37392
16342
53947
16783
15794
29937
20348
65083
96
20069
24696
13120
15241
49774
7493
28688
54814
26495
7659
15811
16142
10405
32024
54263
15926
2683
47754
27847
33069
48858
4003
22986
56502
2457
50880
6082
25594
9190
67533
601
47596
65749
8397
1771
20741
56529
10245
24763
9839
25330
40451
7518
74223
16729
3039
31425
48097
17674
384
24309
64675
50187
22637
67520
6259
9264
12671
35092
30885
852
16862
18544
54868
5954
12557
22262
5952
13684
45655
221
12031
5213
950
58946
3553
23841
81653
8527
2850
25674
33164
36177
31941
7214
13922
2177
5678
60520
14474
5
20511
16760
53472
38608
4404
21895
5700
7604
684
7316
87869
5273
11934
7952
59559
692
13913
21020
7495
12185
7566
2932
35352
53017
17975
1630
26247
38167
808
29802
77833
3983
58651
6486
3827
26678
3251
87440
51952
12952
40160
6214
1371
8704
34906
25352
48009
6550
34330
21008
14454
12726
23074
10155
24012
24416
47990
12679
22022
11478
3363
3937
31893
10879
37987
5401
7766
8794
329
2553
12596
65547
22008
3807
8396
33921
8428
18528
30764
25452
3611
170
73137
10781
42839
2414
10728
29451
10023
63131
37829
52489
19915
6628
17057
37359
16457
7097
26502
816
1669
252
3911
17013
7572
65400
3062
2
33247
18052
17498
4463
51956
22464
20168
46527
16657
12568
28582
1820
26092
25081
25537
18620
8643
20562
326
57848
43530
6009
17940
15654
14147
45359
30497
11138
13771
28452
28669
628
23343
42428
8636
4010
1528
9480
20991
52984
16323
18804
5302
26623
40855
13412
22549
44359
37903
36589
24210
50467
1253
43913
16373
22223
19379
1178
9118
20929
18824
52555
36629
16873
32594
2
9442
57075
6100
43465
2538
28031
21533
51660
4362
4850
19856
26243
5327
8767
3830
41046
3146
2508
18
13680
59289
46809
16317
7959
43438
20530
83869
15156
6972
24394
48357
4129
12138
17411
15968
27408
60247
74290
27537
31582
10745
865
4634
5790
8286
10355
65361
47304
1611
66767
45580
34514
14126
17000
14867
36675
9756
32352
11831
2345
17974
63900
2749
20664
27440
37404
222
3960
1350
66480
10366
10730
5562
7245
24040
44947
16094
26662
28411
3848
6308
390
23483
59052
47775
5141
3077
17925
25792
26750
2200
15
46871
41146
78495
7027
11127
2364
9993
1688
51895
56089
4834
17403
64793
18502
23342
4901
11944
90357
20654
12450
2976
3063
15297
35415
716
1535
56397
10064
38535
58654
14858
45824
16910
1709
24174
47306
62
68383
3166
88366
12749
1548
22169
25178
47415
24585
14315
46457
45718
23224
17660
31614
50982
41499
15284
25866
5201
4845
25228
2725
84248
58840
11538
15423
21255
1413
28152
53345
21686
35151
8934
18295
56156
8821
50966
48712
5489
13131
7362
14057
19648
6995
2
60494
42768
75445
23447
14369
17175
2552
7091
5000
52689
27010
68647
1394
23193
15091
46262
4332
44264
23887
48432
3330
2500
21679
38166
3216
26527
43432
20543
714
12488
3635
1163
9936
13639
66834
65401
24545
31653
5477
19816
41497
4148
4147
17283
17049
52449
11954
445
299
22626
4431
6840
18263
73938
13337
6354
1657
11894
25876
3285
1938
72892
14394
165
32715
20601
34347
2974
71620
1859
4784
2326
48521
4861
10887
5218
10763
12180
56683
59004
1361
6485
73591
14144
1358
64352
8915
3601
57149
4055
4892
1384
70505
14677
5984
6457
15206
11697
3390
26930
12516
46201
5227
37054
6843
24982
84424
5986
28154
2093
59874
9193
19506
20372
12592
56669
3231
1556
30187
10709
44459
34727
39107
1408
18474
867
2169
2657
11063
75480
54632
3
50082
12889
1517
46187
37299
80240
7012
1866
18268
86300
2533
21341
15811
61742
825
15342
29934
46589
38519
42421
3741
64497
35834
22967
2546
40082
28307
19295
303
9640
14845
21593
20781
21390
50080
2539
26162
14015
2176
2503
29844
25153
22333
3354
87304
14982
55128
17772
12881
7502
60083
42745
48217
28772
5684
55625
24147
43917
3686
15282
2153
14323
83050
1084
123
27481
1395
8606
265
62167
3845
1200
13625
38056
16490
15450
49141
13133
12304
27178
52179
40
2177
123
46323
75693
51152
4017
39747
1964
50865
19022
14347
28724
14361
3142
14790
32010
8055
8838
20280
11704
75
38190
3014
16376
38624
2066
3224
636
16731
67488
8928
51749
4
17241
15800
11552
13072
22411
28586
53634
1690
30380
7022
3630
3871
64631
57156
18742
2828
28596
10502
37855
10154
14653
84723
45124
24836
29641
20427
4623
4313
8651
15265
241
2416
4432
14128
4833
41078
5302
30300
32950
23154
4408
9176
1944
50891
46178
56364
16696
14858
7049
34281
48372
768
3693
20323
15047
32351
38351
6404
36122
45715
24698
5774
10861
17356
13905
28787
23437
14667
30992
5570
34755
5550
57699
27009
913
41900
2116
56058
24687
5995
28358
2186
63253
42592
455
25884
40863
793
6342
35115
18230
1228
25492
10832
1671
2763
6352
6229
78807
14111
19452
733
4808
1204
8523
46290
62219
27843
12789
5207
61944
11685
6279
7591
1963
6281
11216
15066
1106
35285
57031
37770
41129
356
17650
19574
20370
1264
8699
19602
11121
33800
42013
41964
13548
63218
17316
19213
58790
8310
4149
19956
1410
384
37907
48527
13786
39988
26543
58
42563
946
50097
108
7093
29380
1200
12489
32567
6931
5753
10131
11849
6757
7459
8208
39359
42251
54382
45645
38479
6293
9047
509
4752
24129
5126
1473
24336
4479
3495
29747
17325
61128
13965
48153
20232
1690
31734
36886
4
40904
67618
10775
3330
673
6916
65205
43502
56666
4415
1847
63741
70438
8022
1252
42558
7823
16927
30283
5156
15897
5327
5900
65897
7825
1062
8818
89395
6944
26759
46862
21834
9062
1492
2254
42197
27839
40503
45020
29958
36989
52401
78688
19116
28975
1075
8985
23643
65235
27728
3839
5150
81267
21804
7320
44773
7032
58460
60060
10462
23459
8985
13137
32394
1894
24966
13392
25970
9465
38866
13537
36813
52880
54162
11579
57330
4082
24379
2661
38337
3203
4900
239
15611
26989
23675
1917
37260
7154
36886
8603
115
46482
2066
51304
11291
28632
2875
10068
13164
38743
3602
7865
8351
43805
14727
1529
13544
2122
2134
58978
28412
5430
17674
2351
12006
1388
54474
35881
12750
4034
31999
14282
10342
50772
3210
26750
35333
19934
23931
30615
35795
1758
48002
37054
8799
19735
5364
29682
10012
2901
8971
44476
12899
39859
1
18768
9024
4
19448
8044
10820
12736
68568
13544
7758
49166
1618
32112
24845
11430
13452
52984
16219
19741
37434
1684
23614
3741
57959
29229
3827
1609
1824
14427
40878
34149
21974
18058
22982
35304
721
39410
79978
9216
5187
36918
33243
11843
39068
8753
8722
13110
18021
17377
9995
26902
16649
5154
73969
9923
9979
17410
75339
12887
37236
23703
6147
937
479
34102
2909
7223
12232
42409
17252
6573
4635
8687
10071
3663
32486
1675
35051
21872
25745
29546
897
65805
52377
18168
29899
31471
4160
7163
5325
2396
47466
623
53838
3801
13420
206
30203
17296
7902
34181
39877
345
48902
86513
940
1130
30549
36857
55199
72584
9083
25583
24636
10535
27147
16101
32952
5866
25088
30319
46602
634
20829
12606
26944
60375
2467
54760
2961
1298
21056
8212
39405
2023
6695
14455
5144
23899
49364
8102
11307
3
6626
20355
4603
20956
79480
32139
683
21756
17265
22122
11045
186
27068
11268
10771
63527
21502
8262
8147
25623
71744
85181
3972
1502
2241
42512
26997
23615
59463
14868
33334
43749
47606
9664
12735
67515
36615
19390
2608
20454
10752
23498
45887
12556
4979
9376
1672
18654
36112
14085
430
16238
690
16733
47289
46673
25436
12271
39498
12203
5171
23381
65863
68434
8370
52699
455
8946
11027
19114
2523
882
4
18584
33345
63305
785
35272
5714
48270
60119
3807
33717
43683
40363
18453
52587
66819
41615
11353
14717
11745
3133
7858
31661
14073
19232
4180
2211
66525
42399
57595
48424
5096
50751
55675
6341
35525
18273
62441
7068
17858
25452
14740
16443
22121
25240
50447
3080
5975
51422
41545
4976
53747
16316
43824
2710
621
397
28756
422
6673
3241
44126
60611
15182
6302
2130
5924
601
3557
2842
24911
1067
9011
2063
43979
80666
13209
33684
62898
1198
69465
4691
33
8844
2002
27998
34612
18136
14413
23913
5129
36864
74850
17
26019
14387
10906
38478
11185
35380
19963
52868
9
16558
41222
12893
1533
30429
13347
8561
13355
22298
4177
30211
32790
56718
27028
9549
1806
47
58427
16044
15501
2118
1102
60973
18295
9189
48049
7468
27639
37717
13701
2094
27885
4044
27354
62074
40975
45883
11835
5684
531
21481
6696
38757
33872
30427
15596
10787
25237
14068
80561
75919
28266
33436
76395
7748
21299
7419
4909
17909
4029
6037
25875
12078
4
2519
19732
29297
8763
15350
10776
902
27461
14581
59899
29233
14486
8727
13118
26810
23023
24198
9249
9914
39661
40441
24768
31912
11449
17032
2063
70815
11350
1098
1988
4127
49524
9346
14593
11937
66238
1422
31522
70955
48648
16463
14326
4500
2888
23666
34345
1179
53431
59908
56264
52550
8875
7042
63889
14720
9319
59191
3853
16131
23646
4400
25354
79192
3734
3751
9788
14533
38458
38179
3
11
45196
21344
47484
22818
57488
57832
1775
15689
10338
9013
76806
29418
40896
28778
7313
10839
33434
2008
28791
27415
53299
9541
5151
7467
27509
2159
57998
13942
26612
41129
38019
11931
3
16759
24208
31426
4377
1545
19979
50188
9652
79171
19751
37979
2758
28461
37750
6733
31007
32
9766
23389
6255
5069
3906
24739
54248
51380
16854
60072
3224
4
25590
43080
382
58408
34041
2908
5061
1625
24555
12070
13439
151
11685
43738
3870
6191
3662
21198
33364
15439
2603
1572
57137
64309
24170
42173
68724
7481
8032
33665
21294
53693
29650
23528
16219
60156
4398
32155
7436
10343
17966
9397
3828
17118
34247
5943
10000
71093
34843
669
1191
27173
26468
62208
4072
16612
43122
23893
13744
30742
15974
12124
25404
64444
48319
30403
51307
7128
40800
17949
9672
34932
1072
3736
51485
38606
19395
40582
4040
33087
39006
2975
11213
3547
70135
38107
3260
15605
21160
52442
13798
72301
5047
17792
80568
25338
1066
27015
10105
40969
8646
7632
3919
31794
82888
4099
19317
350
3277
16200
32218
1423
19138
32459
23389
5440
13831
39666
36231
19529
5803
25699
7681
290
78899
2488
5854
44782
50037
8827
47429
16382
20150
15578
5236
15441
1131
1062
21262
363
24613
9912
60069
36732
56069
580
8089
22190
20498
10266
4895
42640
22019
32185
4798
46076
29863
50500
44891
51593
15210
1
46250
48506
813
2043
70541
8003
58577
1615
61966
23691
15191
40029
719
1372
47585
9705
8200
9193
12911
1812
67213
3045
9551
9074
439
3886
17279
17367
1101
7751
24566
19894
43560
19444
2567
18951
13167
44136
910
771
9294
2589
15413
12607
18108
17160
16769
8722
20222
12155
6975
2590
226
42357
6763
10242
2704
71007
14976
26894
14003
7508
53939
62217
23976
43328
12844
25351
8876
53518
26627
17449
63749
1311
5237
2799
23935
391
8015
36193
29057
41259
2907
5434
4042
5331
34895
61952
23698
26200
6038
9950
8119
11533
3968
1109
21343
10594
27009
51724
3968
38864
20687
50050
41580
7417
58156
38718
25614
75561
4927
51640
12347
18370
17292
4701
17631
12683
4195
70888
10633
11656
47994
55625
197
10345
254
8466
6138
4199
8099
16074
22237
17368
12297
64065
18620
5503
1116
16132
55897
13297
32901
41561
64081
5017
23235
907
36
3761
55
5392
5536
27648
27124
10639
8566
19934
17576
23948
6743
2192
18163
20483
20481
82842
30721
4253
10177
9952
8012
47364
83631
20234
18563
3664
71436
4546
55603
15736
1502
1
64624
14165
12787
1375
89831
22495
16832
58600
10573
33150
37389
9273
19784
85223
48321
80652
31593
16997
2915
30327
35459
7892
2019
1073
14955
19338
16007
54001
41561
57181
54460
8167
8339
38780
10252
5362
10691
39362
52194
15940
40154
400
19113
1553
7658
5959
24668
6720
1363
8392
9354
20653
68137
29312
23929
19091
2638
45230
67182
6
24237
5356
15231
7611
28934
29969
4762
13516
4592
5051
3151
8429
28391
2719
36664
1500
3615
59476
10746
43431
51136
2331
16055
12457
10921
3749
68831
20734
4441
37008
41077
3331
6833
38961
31751
7786
5042
60703
15049
29243
47240
23422
49262
56044
28557
2310
17716
3138
1821
2719
22561
17602
11046
14582
26273
31348
45693
19206
25316
50915
51157
38266
47013
68799
13117
3870
47210
54229
1453
30297
3945
1669
10123
34282
21519
6731
2721
47643
29539
1066
33583
3386
10640
10367
44863
8093
3810
5625
50356
5666
46084
15154
2338
7238
35958
4715
29149
37535
3406
1615
6294
661
12696
4706
1150
31206
45303
17996
35614
14636
54014
11680
32711
796
9700
9988
9256
10399
67281
49112
29097
6488
75349
16396
41359
595
15277
28471
38195
18282
60068
1226
3643
30010
15685
49609
6465
29515
77297
22632
1035
45787
4
47629
38133
2591
6744
11337
30625
37986
34304
41027
54182
746
21697
24639
42267
44838
45378
20678
14924
8259
6915
1799
4941
7680
17117
24703
39782
19809
47528
26724
26652
4965
1809
28506
12173
12032
43452
18109
4512
75369
6137
26464
698
78988
42377
23915
3794
4423
21214
11925
9885
34569
42160
37204
12954
16378
23024
570
26230
5957
30845
20115
10969
23361
11151
23206
68784
35564
15084
3188
18065
58940
1066
31652
7445
37297
25082
8831
4007
13310
16855
8016
17689
54633
3694
16218
9510
4980
3735
3239
29037
26940
29214
14195
40558
11956
7076
192
21839
5645
60462
50701
14964
22846
36914
23113
29
56900
43883
46838
17905
9540
1361
7469
9838
22810
18624
10543
6779
29423
64677
3404
16638
10664
17308
21248
54051
10424
28116
30206
36494
1348
9173
17375
14789
32079
18267
4814
265
70
35254
1
69179
2000
10276
14350
19741
21202
2168
56063
1409
1321
4868
29176
21689
16720
1519
10525
11515
25202
11490
12787
12960
7110
361
42971
4883
63354
1363
30730
19506
70730
21555
4518
2475
25
44169
15522
24602
12285
73921
56782
75108
41542
65477
40510
4267
4584
45852
27662
26490
19436
7404
1975
10353
6371
616
36186
66677
23478
71871
22069
3922
36022
73978
13242
7796
57739
29623
63892
48780
31985
1723
15427
13921
36595
15486
22638
10975
11693
7947
23725
7202
3
10761
18560
8419
6302
16321
45365
66915
4040
3475
21893
35866
14485
41502
2401
4042
227
3344
8296
54214
46527
37963
11861
28068
72433
9302
7361
291
63901
10577
13472
7885
13108
55978
31139
36482
59122
24589
3317
36145
8005
1230
48255
7422
37873
45542
2377
30041
8349
59564
11334
15190
11396
5364
26149
10375
17691
13266
52017
3660
34503
36088
30010
43453
42087
44098
22188
12127
48396
34027
3772
3377
12696
28297
31368
9487
22643
60005
54796
26175
70356
43585
37714
3062
19793
3648
24110
42366
10960
4902
13312
31178
1273
65942
29667
2147
56199
5437
3540
12241
424
12504
12732
3067
83554
47915
5457
79998
9332
61953
62839
46093
8522
3867
16985
2814
63981
25574
6612
31116
796
1848
34750
70079
3232
2774
33663
70456
15137
2665
3934
12859
62442
9972
2170
26676
11784
82069
82548
8227
15062
4
16091
13270
326
41544
9542
8840
1477
46607
55070
8430
42463
22924
39330
6226
22652
21356
63533
81231
43251
18298
1983
6657
1
33254
11189
16051
8303
22476
18288
1008
12030
10366
41092
233
4376
53360
27637
46474
74102
24829
52792
18886
20387
28238
4576
16244
26226
12736
21164
4729
1532
14748
25641
4096
57
34616
19531
15626
5554
48395
10268
18516
3651
37803
65684
42314
69139
21150
280
21661
12431
44398
3795
12293
18881
6268
64872
60468
61898
7339
23774
28608
19
81780
34409
4861
11469
18343
10431
540
1450
30305
18407
79855
890
43158
18907
5252
56
60071
2627
20025
52160
5903
6558
13949
70117
12035
8238
500
2894
54628
32892
14025
2147
12623
51848
10984
3
17870
19239
30162
4526
8265
6157
30180
15899
36248
35515
522
1959
48852
72759
25974
55418
9
194
2283
809
33413
26309
38035
45509
22631
24281
5177
14936
2570
4580
13746
18435
27417
42952
935
30268
6433
3671
23778
53138
20361
33016
44214
13345
14622
16611
21190
15593
5194
17664
4454
13989
7071
36128
24657
4326
64097
617
27692
14686
13127
77925
51974
18207
40352
3293
8380
17555
23762
268
17663
760
17914
8606
8299
64539
921
7110
500
5101
14908
2717
945
2895
24578
9854
27160
66766
1909
21262
35324
22153
36190
10063
16186
7374
78038
1908
15674
7959
927
7197
39304
20977
22754
3155
48166
6920
5321
38825
20202
56311
74621
23652
2155
1244
62605
3816
1218
1852
8656
427
7340
38959
47015
52091
11470
45200
30503
46140
11266
4013
4850
68632
806
9089
12628
10570
11513
2559
1945
12139
3591
12718
21518
4018
79757
54638
11010
42455
324
1246
34690
23325
4123
12900
14535
8515
23748
39073
24573
67748
55893
16955
41968
31185
8313
19884
2633
36515
41324
3498
2940
2403
24607
9229
28798
36019
15895
36162
747
1304
7012
29027
61214
71249
34174
23791
3307
12692
4060
9112
17686
13258
50338
17268
5113
1286
58615
548
27348
9936
42855
18478
8364
17520
2466
66442
5137
65543
46830
972
55477
42544
32069
48903
41684
28764
40286
54164
30400
1071
22900
67604
1931
64013
5854
56294
14573
271
36450
7196
11233
13103
5991
34580
8954
49478
30308
1934
4195
9925
5096
10035
13292
13092
2620
15485
41712
2592
4047
5822
10242
753
28228
46361
11149
80216
33033
5883
13985
13520
36695
28945
36072
55542
1098
34394
9564
46552
7094
26899
1699
5782
11433
15021
29398
45053
3530
661
35582
8356
34802
70693
45155
24306
80200
4520
34384
53471
48135
30032
13224
3465
78679
4392
15876
83266
183
36866
1131
12998
39442
57543
47729
34627
7494
9059
26978
18158
24604
22280
3719
25304
29878
57808
17889
29424
45080
26439
18188
31333
7271
50616
3759
18106
61415
12551
76935
22107
6331
63864
23278
10395
28670
8753
69685
9260
2707
27177
18236
11231
21866
20134
9334
25254
58044
3206
7871
23570
63660
5220
31216
4395
13972
472
49275
30440
16030
22556
52247
46846
43413
9232
36739
64981
16116
66035
10874
17482
25585
53761
4067
22250
7898
26817
7095
29295
34411
28043
58414
53534
1260
30839
5732
6435
21092
9932
60030
1755
67141
14552
30931
7763
6348
47228
3734
36267
4962
10464
20697
29563
30154
3244
30922
13921
22014
82464
33606
42984
17
18521
643
9512
9703
21003
3937
12533
51145
29229
1751
3294
85284
52396
10068
3353
53590
26956
34460
47449
7470
50557
11190
44889
63256
3334
2920
45326
49963
7103
9028
890
15978
6778
1215
34421
2799
4540
14331
7240
45847
2167
3425
21888
9225
26038
369
55277
87015
59792
21155
2965
2566
11720
2815
3
16410
5613
36042
26227
247
39767
14409
13861
13624
71909
42235
10031
74010
29643
3503
22005
71993
22235
6133
60516
46744
2569
25682
400
2220
10401
6955
46364
19327
10978
38810
60994
9073
775
31356
68419
9399
25145
59999
33689
9453
16132
999
44459
2624
28288
78373
14757
85977
3310
21581
80600
47784
2125
21673
3408
32663
50568
1257
28228
5551
26311
39181
6655
30376
28787
1524
8008
45940
2511
22009
7803
20975
17989
180
1378
20978
54635
7700
80787
19595
2
21744
19151
21479
4970
20381
41797
9489
39104
11896
9032
28440
17342
11371
34517
1635
3489
14618
22357
23498
37788
32705
25722
6969
24015
1430
5068
15844
32894
9528
17511
18863
255
2737
21041
14739
30791
17106
13990
19094
15334
20696
10125
25913
60612
19817
17067
17937
52606
54171
28739
48936
42320
7
33199
3201
25215
51796
33361
10215
11836
463
91
52527
27627
5180
1080
17682
6640
32721
5905
32165
39204
2723
41325
12162
13923
55192
27934
3525
45076
21814
6399
2348
14228
6570
69456
11229
32520
28998
899
14132
6100
21218
16537
10096
23117
28858
2876
35535
37916
2669
3045
4391
11701
35396
26765
22523
5411
14635
21290
1144
9956
10323
25208
65525
32642
14234
6260
62957
17260
9332
27911
30579
12694
20716
7559
48037
13937
6713
4178
63450
71880
6003
21495
19346
1
25542
13557
12043
26064
1774
19883
2270
27657
52363
44688
69421
6326
59857
5543
32060
14096
11552
4491
36455
11608
51506
3177
15942
16751
2765
720
29410
563
39702
29908
34109
10906
2435
53816
1944
33923
3262
28313
6665
14429
20282
74093
20020
634
41127
5745
21211
44626
38813
4670
11
9447
44302
13633
10636
58951
19551
6483
13101
64164
52289
16984
6427
5
15766
4680
2576
4644
5778
32200
23979
14544
1203
54023
21160
26649
27042
8208
4378
14726
2027
23074
39196
6440
12
7387
1655
22853
40692
2699
14145
5124
33
17311
3840
56039
14435
27927
23119
11245
4492
63754
7948
33039
15796
50403
16129
5726
25565
4029
30321
12848
7689
13299
19481
722
2193
3
6908
75904
21839
5920
29613
67102
51217
41973
24707
39776
850
54046
13350
33567
26931
18485
14995
7664
7874
10694
56442
35535
37577
15152
32885
42768
17678
316
227
645
43638
3203
14344
70368
30057
17525
11
85607
9336
54385
3010
15302
67296
14821
11816
47570
37258
18564
55896
8862
1034
42437
51438
293
14030
7447
15058
12596
12921
57779
6484
45294
14959
2548
11694
12584
59040
63801
63854
2899
78083
18977
9051
5710
1211
30506
35563
31290
7460
25069
24254
7338
18808
41389
31011
33064
22841
27357
23330
58598
14297
45193
36992
86107
74862
12657
6551
42
5819
20939
7440
49244
398
7374
2982
9248
938
50074
56589
16207
2287
62537
4367
7369
38444
17359
17836
37752
11456
4
30286
7625
78724
15415
11532
45911
27993
1143
8279
6224
16885
10394
25884
39934
2047
1212
15634
32979
24958
31662
5971
3365
54634
62900
18737
16078
89270
9720
23616
44516
6164
21502
42844
31998
67827
15106
13068
19764
27750
12965
9634
3394
50054
39762
39848
2382
29534
6511
74875
8211
9865
10654
40542
27470
14292
44600
7632
3737
58720
15611
50899
7897
28874
36323
55462
28087
41473
38192
34446
6929
7560
55746
2653
6823
12005
16519
13803
11486
72382
17771
23922
40875
3064
17864
73636
3679
5046
16998
249
2387
11051
50634
82417
37230
4072
5621
47761
2007
20823
4113
4378
27393
26695
38382
52118
34133
18098
41076
42861
9349
20
5078
1859
32191
8273
7646
2583
3659
49993
7385
29902
25404
9007
36490
3850
19911
1924
7882
47207
6979
86698
13787
26996
8136
10727
48792
75204
13408
50155
9455
18844
971
16864
69244
15917
54878
22081
3439
4287
59140
9875
63309
53
5761
18608
27001
1969
10506
9327
27898
2649
303
37127
23728
2479
37890
22121
8825
67588
1415
7074
14988
46339
7598
2589
2053
53293
927
78035
4552
47543
4128
14153
45887
3884
33521
831
29821
1063
14808
86495
36616
13580
364
38373
7617
25140
27143
25712
19333
1856
4922
15660
6352
8950
19646
7671
66872
13090
32021
3746
9188
16951
5139
1562
18089
14239
5753
41611
15688
11508
8667
17810
21931
14388
11132
18065
70134
10338
28861
18569
19329
17498
7405
1521
16801
36189
1641
1087
21450
8960
9871
5904
67513
58075
58884
17847
10743
8623
4626
22034
17792
57095
59022
21024
18153
2058
22743
227
62571
11211
47729
1458
9729
28813
64875
3525
3384
37583
51839
18238
30
22944
56318
20665
446
4129
7504
25435
2443
60200
33666
262
21146
19936
23242
10237
46113
90420
11624
21655
32019
37088
5359
14087
673
4512
32227
9150
29035
9052
62831
35087
12168
20674
275
63220
21589
39016
22449
25
13262
37851
44842
38585
396
44838
65456
20810
30942
5829
49902
13762
3532
62538
73995
5943
6504
24805
943
14094
2800
26203
11398
26045
33610
1184
30716
4743
39106
7511
40975
1766
30291
778
49655
5382
4276
3605
26944
7071
23226
1243
71112
5335
13843
56106
1213
29606
799
10877
3550
9055
815
1908
8721
30792
9193
372
2334
28490
42878
1469
27102
30790
22621
12141
36631
71743
6124
40391
57849
40851
65039
1358
17561
7014
1875
30118
33792
21832
6721
3203
35716
9292
10755
29749
15310
36597
8232
1553
27860
5190
33631
32565
39772
8457
6139
49818
1767
2448
32393
15900
72321
63247
17637
36025
14545
6830
2063
3696
38407
15631
53288
1880
8294
2448
43463
3506
53694
45527
21583
48508
17861
44054
6022
45434
51149
31988
43151
32793
55325
72062
727
71919
5210
441
7287
26860
23357
23181
48290
44974
10733
2604
771
12920
11040
23397
13438
23801
3406
1593
6349
9441
5033
6701
45953
77041
51385
58123
12905
24317
75746
7616
21662
2174
72807
70265
37731
2787
6849
15272
4802
38110
36284
18907
53035
7909
1694
9601
48191
697
86228
3520
7909
55651
49508
13502
14894
44828
17426
398
6691
20829
14837
4242
77437
54594
9834
3416
570
29379
4759
32919
62144
16429
1479
4849
21930
24270
60744
1845
29390
57105
76813
21587
50213
25589
33608
12862
17540
15237
10850
7351
6350
3244
2990
4107
10005
18223
5656
42365
8008
3363
1202
34130
71208
7679
41112
51214
16294
24592
30289
37189
9847
716
39089
55513
78085
18819
36956
6927
43510
25869
36110
25786
12021
2262
2015
22056
41797
12109
19538
16335
4858
5719
30703
74829
54117
1297
37256
225
307
13170
26549
4541
3037
18923
34919
2362
18490
7742
9366
7243
6583
49319
11010
48436
4108
23455
53478
33621
20975
45678
20204
21771
18728
689
17611
39850
4391
7376
20903
1938
32653
34027
17069
15451
36082
31273
68927
771
50828
8640
3052
15000
28737
50530
31555
67736
25533
7395
9974
30708
21983
12547
30640
26323
25048
49182
53278
20773
18240
10586
625
57780
32975
10490
246
13516
14634
25768
3847
41798
26546
21164
18663
41085
2582
28086
9199
21518
35379
15677
42790
42986
58466
1118
5421
7986
49538
19319
5006
6335
26834
24616
43720
83144
22772
11040
23996
35670
820
1602
33295
20971
22210
12675
17498
1011
38268
4320
15052
2428
44772
25907
54561
32724
56949
77638
65754
58998
22768
54083
1772
56329
15163
74766
3448
32991
5710
59278
28229
1279
15607
3391
44639
27138
23704
21897
50982
12743
25053
27860
66072
13868
36154
42308
27529
31382
14878
20534
258
77572
869
15729
67530
8772
15235
33877
47871
61457
2314
10772
20646
69325
48830
27201
3658
46923
32099
28149
1966
2361
14122
33990
270
44672
6233
9423
12070
1256
10815
15865
51574
14126
88
51223
36739
33754
1764
18773
3308
44069
673
46433
21826
68376
4674
64251
2036
2583
7840
39738
27950
88690
28381
32330
27384
2255
55606
17865
41830
10562
26559
6703
10624
4077
27850
14072
22854
10744
6762
14256
21309
22693
20805
10110
9796
1944
9658
6671
20014
20998
12408
2687
34492
6794
6992
58554
56576
56533
30594
4798
6298
518
9595
60985
33171
33671
76066
18801
11762
6683
24876
5129
2798
4255
59639
84656
59754
44596
19285
66467
6744
32892
40648
1544
9896
42383
11804
7641
618
42258
55006
33471
30207
13528
33258
5568
16201
29416
74993
4297
1423
14382
24307
4823
4970
2957
10783
69024
12573
4876
775
20694
40636
3551
6333
77067
7346
57506
1
16929
1881
16633
482
25533
53283
9648
2451
45457
59377
42742
32041
20741
47448
4003
26747
22565
36462
17902
16384
26971
22066
19414
8
14109
6652
3529
59545
993
7149
5706
275
24909
13924
42863
19538
24554
11926
35209
40510
31481
66963
24418
48384
2448
4150
70284
8409
12089
8174
8636
23234
20750
6710
27715
26317
20595
37854
15358
12735
3743
44754
26851
42681
33380
86367
72107
7392
8079
35924
55367
4674
6935
1074
14046
42226
78318
21158
6956
18047
80595
5750
16495
12671
10369
20305
66772
45131
13972
16660
11543
22999
8056
27629
22858
32790
5441
8331
1589
31280
55319
1025
734
17199
30347
11764
32843
12539
22026
41602
34017
22224
7
10608
1563
15028
44816
15621
10674
21229
63361
6994
74675
29456
46414
9608
11601
6066
10746
35486
42363
14327
5583
3561
3104
71509
2135
3271
5832
11385
11790
20724
28395
12528
80175
50131
45808
73277
5040
18554
69428
16080
41786
16926
5733
14417
3082
40552
1742
41853
18925
29437
16343
1316
33502
81047
20184
34936
2975
21063
1266
14696
65589
12259
3265
7364
48704
55517
15440
31461
14627
3773
658
1469
6530
11877
5889
13033
12850
10496
28942
42807
1957
515
61544
4176
1
11988
24890
3519
45680
9359
7058
17809
1826
3768
14614
615
6427
15514
44169
17911
8747
10553
50702
31020
67871
32577
42032
24407
5989
36010
479
13454
52628
4
21781
39553
26129
16839
16419
50255
26170
15805
20101
15469
2291
13664
22275
7388
2464
21005
6708
67021
12322
13487
37264
15403
4136
4759
20660
60788
2211
2795
50159
6957
31541
42739
18248
32803
18583
13226
11266
21958
362
20343
713
44825
43104
70887
29294
15860
24528
26512
9104
6525
32908
6662
1641
23753
10788
4709
8682
18325
56206
5128
9722
14639
1784
47120
2872
8644
249
9604
24237
14679
19925
10426
56948
9341
15950
5196
21342
1499
12814
65269
2845
6887
8311
54997
16467
55921
15525
30734
550
3335
2924
28205
2079
11303
9215
27337
539
38909
1582
3847
2969
11341
36061
13736
31428
60591
20355
8798
23491
19912
7267
79146
45966
59232
275
25577
40329
35666
8584
33066
47572
85005
27579
33392
5053
52339
6749
39762
52365
52501
70333
33924
8469
1132
69630
61288
1008
9086
8044
12237
9163
28246
8517
25113
48131
372
10406
3511
56971
25099
1052
6808
48229
8965
43521
59936
53802
2364
55003
3089
54531
24804
14362
4409
5517
23671
34336
74382
33374
24107
36720
8192
4006
2057
50055
2097
24825
23022
18935
5704
27339
49006
36758
12181
15612
29080
736
89392
73049
18076
27917
34930
5799
2651
36583
28588
16029
18978
11274
14789
4641
46306
52567
29698
50085
5419
58334
27265
39583
63603
22939
30972
23809
1284
14293
7801
52953
9175
13061
10709
17830
34981
24212
10741
6315
59603
34447
31670
54370
7837
48228
11082
41282
14583
49557
42007
56356
38290
19156
21011
4747
27867
7195
28721
4470
8909
75715
25144
1484
18792
23043
32341
4745
8675
53689
26337
43322
619
2
11785
62107
46966
14665
7035
10502
72044
13673
12124
54090
12777
15421
3978
457
49505
48750
27402
28177
32288
6607
4424
620
40490
18926
1065
13093
4305
14318
59983
28777
82104
43891
84939
42913
374
32778
85091
15114
8519
6188
4610
5611
16369
46064
10100
14455
39925
5453
37506
45083
11232
66285
78148
38308
3880
37919
39668
4254
1706
13463
45611
64981
28778
57801
9909
14808
25337
47663
469
30039
13031
6192
7923
24661
36764
11598
34784
3364
40843
16286
13583
5007
5237
38587
38996
45038
59041
5118
3649
14409
62805
2136
4271
38365
10473
914
38254
1438
18164
20210
4640
45318
1426
11537
23190
19815
32806
9796
55250
9952
29906
404
9838
16281
12446
15942
47618
66557
19825
10758
66354
12270
4468
7432
7241
28200
1223
11159
6920
60245
20177
5525
23773
87129
28354
82629
41586
54332
2
10406
37972
64650
1078
2304
24684
17520
6847
2569
8296
281
48118
28270
67859
33634
25459
19911
1057
57
35805
54139
849
81479
5587
797
1897
42201
36543
23933
23150
3410
83891
23133
30484
7706
3905
41460
35675
23204
36750
3257
15640
4138
10932
59208
8096
6756
22102
9011
6207
7042
13579
8497
30032
48327
19519
19367
27089
19919
21305
31845
55640
52988
71334
25552
7290
12997
58152
5281
32121
43971
38837
5138
30779
70484
27803
25333
6555
1417
23912
3057
9621
20837
5951
14410
8518
2827
14038
25970
3762
24847
30336
11936
3772
6510
39989
3758
5529
15062
39
44140
1862
73341
19274
1686
9373
11002
63627
20244
8718
64000
4462
19162
21087
18472
15836
14914
3780
23962
4
46110
1123
4404
7218
9716
52500
32869
17447
20854
37856
72232
63855
11586
42636
4564
35177
68967
17159
5207
67552
46563
17841
16599
64612
25853
44380
29729
40493
15177
3252
34432
21154
20308
404
9
13441
7827
1038
68
14463
518
21117
2552
22396
74196
18936
532
38009
54316
4625
644
30547
8169
1189
12458
1056
39232
12774
5949
22129
6412
3000
10286
51771
34363
6543
29826
13249
2604
20721
6475
21843
17695
2966
5719
47356
2061
1037
7297
16723
6783
48697
431
22137
40009
34609
3364
16358
40217
27872
1317
19333
32334
43565
13573
35023
20556
4535
47571
1283
13702
8513
60286
80644
4027
1377
72558
41049
24073
53011
28570
40191
82457
18826
4265
26908
7365
17214
36680
8931
59162
43460
31122
6121
22773
13425
5571
24491
27082
14653
2
920
16817
2007
33427
29670
2013
35549
16922
15754
472
11291
52076
26397
86357
69837
15579
26115
48790
13627
41294
14159
5339
21641
29168
19716
40464
627
11758
32661
11219
10706
59866
74105
32278
39186
6935
9656
15134
53171
62876
10190
47934
32381
19393
53311
22260
30587
25135
1
31613
17687
1194
14247
38299
6230
4243
3344
17561
36872
1517
12483
12912
19244
17041
23254
70310
17162
44077
7465
67257
24350
3322
33824
186
2845
7131
43944
973
41687
26170
24437
49886
43777
43484
3348
1197
17907
20271
12663
44655
2940
7689
1041
44724
1923
22059
10543
19282
53295
6304
15424
43538
16885
54862
33292
41129
1209
48544
64160
19657
70698
1854
38032
77501
16502
24066
27886
2414
12047
3870
18986
10594
1336
7124
12943
32200
15227
13352
24124
16481
1018
7177
7910
34867
56947
14287
54376
40318
22568
25813
47899
15726
12794
5453
9177
985
41494
13104
31224
8593
14651
38269
7020
53413
6227
22347
2061
29451
2945
10813
748
40751
6363
1289
9473
11498
16405
15774
3425
35657
344
22609
11043
1240
925
45937
49097
32092
30695
13855
465
57055
14626
5193
1822
84652
36937
4535
11182
1964
61302
10617
29575
55309
24716
21225
2328
24386
34510
61774
2415
29796
2484
426
53007
14554
4820
48816
724
11533
53386
12052
3
2250
50599
3934
36439
17270
3149
2
34577
1183
78131
45701
2492
3511
1560
15558
14139
20038
18142
14799
4283
25000
51120
4082
13579
28856
40708
5222
182
42328
18957
24459
11367
14282
30868
35765
34813
12506
3196
16179
65894
26832
43454
1480
37943
1155
40684
50585
83893
63516
23040
5993
5344
40929
85851
10394
39349
20130
9883
1420
8855
34482
6481
40532
576
4271
47482
15260
20507
10340
331
11987
46824
6694
36056
10425
12068
27680
65607
24615
5772
27119
21976
1468
38283
7387
77344
17053
11479
12507
2866
43215
321
4969
70
28997
11564
33792
26517
29200
56181
6007
25247
7075
504
3439
8944
11109
29751
40
54642
14698
12073
1746
6786
16976
44746
39942
29958
14758
5157
19918
54959
26346
3851
20309
2394
1661
14235
33991
43549
45510
59790
16348
61087
71766
30266
45571
40410
35624
18264
46348
24599
12318
9831
68375
4698
56620
3685
51705
8255
3655
11734
1195
2914
19530
18159
23756
61939
20681
34197
14234
895
50871
42520
364
11609
23890
29974
42516
13344
26194
15282
16363
9056
24490
18736
22962
2366
21874
72911
5562
11544
13506
45054
61814
31564
41402
12493
2913
47557
27486
10841
14082
10112
44663
23750
14197
9942
1712
30836
43121
10334
1941
865
5578
17624
556
2391
32313
11415
7404
40826
1
8996
22392
7342
7640
46634
45006
49644
69804
5126
14063
52703
10011
2060
4415
37935
27560
506
348
15663
16478
7419
91487
11730
49602
506
42798
4763
10793
45955
28926
18486
12
1367
28069
1261
28706
1
15293
14545
7431
10280
2040
24068
53981
4147
51573
23408
23821
79419
8563
31696
72755
46134
12194
1676
3622
19645
50366
30157
4896
36927
18
48417
931
6360
27383
10967
75193
1647
25557
16454
38937
6658
4321
20348
10653
19670
2207
13352
24747
1902
18472
3004
15063
26032
77365
50549
26835
45148
8772
42132
36244
41415
4553
6060
7328
57918
54015
70359
29037
15621
5723
1340
9216
36830
17204
51766
17640
9442
15977
1599
64513
29088
6835
6423
5880
65913
17415
38334
19844
14855
49377
2487
17724
15581
17260
6392
8301
18978
5730
5538
2649
3305
50457
13408
11303
17975
31562
5966
17144
11651
6783
24327
33574
17337
56120
11180
38825
31252
82533
242
21997
18811
1709
6962
37791
5362
4645
4065
4381
7332
1013
73764
16999
31537
10006
16153
1060
57941
3402
4998
3661
724
16682
14696
67609
17957
2246
63973
60
56391
34977
24214
11441
41652
40380
27484
2714
32427
32134
82869
34067
15121
319
20804
24382
27932
21579
68891
14072
86192
15544
59
44890
5215
34641
27005
9551
8099
26705
27735
5851
5892
86179
14113
30842
1577
7916
27254
6251
7933
36495
18172
12939
72912
17697
39429
91071
49440
18187
9855
2347
3483
2444
21281
17360
46549
21135
48125
579
22352
30767
31144
878
13633
5360
21257
16583
16130
2801
56800
56043
10739
474
47809
15652
22037
14585
9111
936
34840
5325
31515
9371
9120
4689
41859
26181
31949
57185
12077
31945
13358
4932
17682
3089
33676
2713
2237
379
325
9369
13887
51921
6673
8243
57227
49620
17611
72738
1755
31872
3604
2347
66387
3011
23893
24157
32470
5326
887
19831
2163
23211
37784
4632
45869
22230
76559
52331
2193
40304
43536
28650
1425
3786
20597
9470
2761
29272
17978
10212
21655
62697
391
13366
20048
6042
26015
17665
10485
27038
1451
12547
13379
50413
3437
7103
3944
7321
17657
2001
46572
28537
21337
26580
59933
30749
19155
17646
1806
33016
37506
33513
58530
21996
13283
13550
8571
6305
13886
12673
7290
25208
1643
28744
35495
24456
46949
8456
5140
23489
14020
719
14663
28421
3934
24039
18204
54781
70915
31513
89839
64782
19655
797
16128
20661
24398
14556
48943
4458
51867
24720
11814
5274
4604
50200
29950
11672
90428
6236
36509
16380
34901
25109
49338
31037
19202
28389
4124
3843
45869
59456
30562
22266
75663
70530
63031
4797
26309
24112
9717
9546
12306
30794
26649
40939
4136
311
1795
7867
9490
56712
1663
15468
16034
3664
8073
52403
19327
16538
34434
51619
35882
19648
32990
11476
19549
10149
8395
33733
24735
10189
9206
8556
14442
18985
73348
64272
9350
3574
454
9337
31588
7307
66522
49118
10059
18105
54617
21871
9972
52238
22952
26080
25639
67663
19910
18307
75657
1085
15725
11848
13783
12832
24886
2189
727
3297
25103
573
26693
9962
7937
14893
2789
13284
63397
34515
9319
8469
6072
2845
16394
34335
12504
29965
1447
15153
42
5657
18954
49093
24475
51419
8482
5039
3551
9391
4903
10744
8795
14603
74768
25830
17287
47318
2690
16639
53409
9938
32169
10904
5304
40255
16497
20427
405
29876
7177
4142
3183
1320
1768
34479
49191
10662
22289
22678
20671
5461
18529
3069
54644
8774
6691
15808
60309
66337
9417
5016
81501
12217
14128
23440
72644
2786
2466
23932
74587
214
56087
6305
1566
20912
9342
2
24803
13972
2500
6996
43046
24751
4503
15567
31866
25840
37723
18199
12479
37357
1952
29319
7812
8438
20751
40193
1100
5967
67877
1524
32116
8852
14659
42046
1
71003
56892
865
55320
11019
7268
32345
42561
2317
59023
11987
45855
36778
8501
69657
22113
14130
9993
70089
3770
60948
29785
26206
18500
25077
665
74425
870
41380
47479
31245
20023
51616
888
2953
1898
26066
9380
692
47726
44249
20169
56049
10012
45416
57608
1034
7303
36376
49359
3729
18826
4654
3247
22778
77073
2717
22105
228
2223
5906
26517
14697
12086
23516
34237
44065
10318
46645
74087
13483
63977
22745
24276
75992
23023
14098
41455
40524
26806
27345
38533
60848
11735
15435
13566
4905
4389
66998
23457
32484
6160
4336
48496
14710
3954
46467
12165
27843
26060
13567
3324
47167
11614
11813
85746
4329
62057
82814
46373
6908
370
81077
5825
1
9763
21036
5464
12672
42268
18987
30346
13207
1244
17992
41843
43281
6352
1526
1623
83
4727
153
7476
1967
19465
45450
49177
78288
47612
1301
36483
38773
61209
7640
7935
72494
35060
10474
24244
8889
45857
22017
7092
22967
15652
2918
2989
37450
6578
13635
38627
34695
25533
4670
35458
8548
2571
27104
5069
371
32729
4267
21559
16176
29650
9968
41742
12341
8473
22902
2766
2681
57350
12386
28850
15436
5518
431
15477
2495
10242
26664
1328
8130
50572
54793
46766
6651
29374
4940
30427
45881
9556
48000
17057
46780
50398
57645
51463
58651
20781
19122
6935
3099
26220
51766
23769
14636
8568
75013
1186
12652
11040
33810
57178
15575
1312
1424
21254
20400
6845
37633
5398
7057
11788
27351
3283
10800
16452
37613
1932
57658
6206
41795
37505
7938
7192
30508
16350
611
39073
29885
5013
28509
67704
14384
31399
27726
33231
23760
2924
35375
32307
8235
351
20148
41766
17353
6563
11853
21635
2425
40769
51167
26326
53982
7093
30722
40682
25111
13799
69047
43316
19352
67641
3817
1089
53908
5047
4160
4452
17902
59432
22285
5227
54826
54925
33136
18314
7941
26361
27880
14017
18159
2813
40336
48903
40667
13529
5187
48683
23380
8981
10495
8776
43307
2
19726
21430
15037
31572
20528
7761
1700
804
24349
69731
41467
9816
22571
60270
65409
13853
29635
17490
23711
14605
8152
653
39352
77801
17727
42035
13999
59974
8535
10889
10511
786
3521
50822
2967
46158
6055
740
18440
23313
54960
25132
2189
3038
1570
42006
18050
51109
1646
7663
22064
2401
1437
14828
74121
24411
21055
3371
9137
53558
13458
2472
25917
6594
10
147
21937
1306
1806
32675
49989
10637
15965
87313
36309
66528
27168
49342
22918
1306
384
25125
7940
32761
26825
5786
29356
2243
19959
32016
61243
11946
17946
4665
38764
50464
1283
31883
18161
2649
40476
64896
13429
3872
27857
4477
41825
6143
31956
60637
10496
6268
11045
379
3
50569
74987
25528
70463
48441
8361
14032
32572
16712
8371
38348
55445
12307
46459
24850
11151
6769
20540
13961
61344
85846
42427
7139
5068
10765
26660
27390
36137
38135
67359
11445
19521
48854
694
6862
31138
15260
3097
9376
25173
1104
11835
9074
32756
28049
18382
23666
29378
15315
16412
6266
14974
2138
76762
3192
11317
54145
8988
1639
3019
11655
29391
22137
78926
50014
23204
848
25407
27993
11273
43628
47630
6662
91079
11693
4639
27163
58674
13504
25372
62724
261
11430
10439
75871
80
43886
14132
80675
7861
20638
10136
75801
9526
259
23520
7381
22260
26593
6054
16831
12479
21094
9212
36128
22653
52758
7966
17590
10866
55313
12011
24093
24430
1796
31204
6210
31481
60498
64722
71717
1181
16777
4669
29606
83220
1458
23505
19956
14975
21564
38660
8573
53037
9663
2561
73363
1445
10773
10074
1726
17359
56417
47106
9761
13762
64641
34268
46740
719
24842
7992
11568
29799
17085
14884
20132
8159
37362
11169
8202
34692
29291
3815
2775
17341
37746
57310
5091
34026
43254
2425
48768
63472
36137
3633
76329
11704
32796
19931
11008
1975
49860
25285
25979
7054
41478
4766
549
3338
9096
18865
10748
18324
18364
54487
27828
71092
13898
6858
15924
52644
13220
18651
4310
6639
497
37145
26941
33455
7936
8306
69978
39232
60491
5117
31251
66410
88426
4300
11063
2267
19750
36296
36656
3086
17986
62199
67192
6457
24771
6861
60259
8445
34618
24051
751
66321
17730
38990
77201
3676
536
52321
14782
25697
26213
7314
5891
47194
14701
42083
1589
41212
51489
12244
14956
8687
6061
23918
20428
12022
2294
3463
1665
1856
12047
36716
19428
8919
889
13181
8905
20216
13246
51568
53744
47800
2645
24370
29984
21937
47480
26091
1865
37509
78560
40184
30485
11054
28652
41034
48769
1960
16910
24020
21396
29384
83074
50042
4838
44578
2986
587
21801
36938
8690
55849
9554
8842
12517
69960
19979
1598
9900
8699
11731
21353
4290
5293
21029
62286
4034
3207
35961
870
11422
23504
18353
12489
4420
50988
28688
36587
40638
7089
11626
66084
966
9624
22436
17375
70964
24036
38717
7073
36397
10584
5496
8969
18162
3034
35207
6317
6507
1236
2762
1425
56910
13073
60080
9928
784
56625
86482
63255
27826
37042
71069
48953
36307
3974
7337
12441
43575
52163
1796
13471
1505
450
9725
9693
7145
26286
10297
71388
33878
20571
79
38760
42174
6670
53878
39373
59119
18648
21333
28334
4339
26728
61138
38013
42817
31371
31504
846
40984
60075
4569
26104
24680
9051
5672
8593
29402
15009
15713
32277
7652
3527
39096
6872
43574
42964
570
9701
1137
12173
47497
37990
11843
9896
51415
1262
50763
14410
27406
640
62705
29823
9908
31683
368
5586
28558
18015
17386
44336
1166
58694
11076
25750
4756
8919
19855
594
22333
19261
39941
58146
43997
28078
46
25348
1
40525
17546
32133
10502
14291
1462
3674
10710
18687
1359
9615
3467
79544
4131
88092
4947
84720
21917
33965
4179
23592
17261
29893
30603
35271
34297
25829
17528
2817
37977
23042
29686
31858
3082
1208
49888
40
19436
22084
21847
11398
9473
16413
17479
5520
9282
29147
45725
917
7874
12413
7618
5594
57082
3419
9823
276
4544
3104
27841
15007
40074
21686
26756
27436
4060
12514
31682
34714
17681
7511
3999
1559
5872
18295
56047
68135
49738
62728
55677
10543
41405
3870
4922
47924
36041
4
43866
13162
3306
38816
5273
26912
25339
1088
28217
27722
34692
3529
841
37448
19736
5346
20714
293
558
14727
1406
22562
8872
42367
18008
2763
16862
47743
43582
1861
6814
6572
2127
4921
12793
2290
40594
52277
13273
12708
18268
13888
16230
12428
18220
8829
2701
48230
4229
12979
12329
22505
62136
41538
7623
29418
26226
78167
25842
58367
20123
33179
26
8555
4107
9762
62711
3603
48001
9401
44620
12387
969
19715
24728
7284
19997
2606
33997
40108
35349
32423
26104
11422
2342
74418
25541
41404
4736
9696
6248
65
604
49663
45803
63282
36168
4098
14552
263
26450
21699
45429
9955
17584
20601
47498
20179
901
2659
22173
11946
35487
24075
64926
11103
32030
18209
56751
63712
29215
2861
25282
76194
13977
7538
20136
19451
25495
1427
23653
43118
6113
16468
11790
54729
249
43890
60743
1030
60280
1122
27747
14203
3074
65135
19720
43766
2572
55106
56516
3645
6321
37565
50854
22132
59355
27861
13345
7593
24026
26285
19157
73671
56860
23843
16503
1691
4075
31275
8621
14345
7937
43028
21711
36038
16941
4513
11557
33970
56185
48350
16598
17461
2854
3585
61436
70537
11765
12584
87961
669
13460
8375
11541
34808
37083
39074
63575
31637
49661
21482
33889
24328
19043
41465
30622
12787
23957
311
41249
19646
12640
15762
52389
17249
6
2229
10197
23545
24487
29037
48037
68903
3819
32964
27347
55231
84040
1952
6600
34395
3
1340
7752
37184
65276
42860
1480
7843
50154
2196
1601
47649
73879
572
15869
1417
2233
73662
1499
60657
16895
869
2799
10375
24199
31604
625
78158
22372
24876
35004
19701
1
20866
1688
61118
4987
54
3270
1
9454
17114
36927
7750
53536
38978
47916
6985
41860
13091
38754
52971
80141
14119
7525
4504
17250
7055
54416
15008
85546
18559
14404
55952
18020
29154
3667
53328
8268
33008
17475
1972
54324
45952
7191
1830
20960
29416
24368
9268
435
20901
6808
1725
41621
22310
4139
986
9794
42420
2691
76374
39978
7967
36953
47671
9335
18211
16180
61315
6270
36088
2535
12086
648
27086
10457
8347
7104
30491
33086
5928
671
41136
4575
628
1104
55875
4225
8475
10249
17249
31596
33410
2713
62326
8109
66419
62
3259
18104
5192
53830
8129
5623
23740
42189
31633
24664
582
26166
47799
1384
14795
32191
6841
21836
12801
24369
36396
10819
27784
11634
43526
5148
1307
3920
10490
193
13037
25999
43823
16098
13529
10760
7457
3769
1220
56475
1191
30818
49506
54665
38624
52400
5373
71944
32413
5243
53496
19830
6
16510
20248
3403
37645
1191
8103
7977
9985
59689
36002
41665
33864
58344
30544
49763
48642
38554
17800
42789
49978
24823
24737
30868
49269
11726
485
60139
36715
42933
11089
27539
33995
13106
8440
87917
20205
20410
3943
67073
1919
5255
2396
37541
16230
59443
22118
54843
63117
9119
77771
13222
27384
66519
3465
17236
6101
20214
41716
26639
8457
32783
20731
7207
9316
53197
49742
2658
40335
17458
32665
15828
2386
2768
11023
51097
11314
64540
68213
19372
30224
72740
1010
10380
2149
7886
18108
13154
5896
26441
41728
25558
7346
16755
2382
44948
42921
19158
11868
8967
25662
4187
6946
8463
16979
37686
31572
12393
1955
7632
39071
34168
30016
2477
35567
64266
1048
1631
5287
47262
8083
15397
23729
5690
30589
13547
54581
481
10993
24167
6410
8398
25997
496
1309
33421
13857
3738
25903
77658
3606
11362
57151
57560
6467
13504
10181
6030
34686
72672
60623
19239
54614
8419
14512
6600
46160
4293
17224
6868
39756
493
12680
493
58677
4949
8410
38215
80008
9052
26866
14365
3202
22737
39580
6854
3628
53394
3373
1222
21958
6607
2205
39069
81923
42348
37730
41216
42547
16510
13171
20101
7892
6032
6055
14075
11182
49854
2560
13482
1003
2871
18673
1562
29938
5977
50626
12488
19238
85643
1606
10632
8131
62
25276
59070
68270
47947
31579
37629
67853
8564
58241
6691
17168
4857
64680
3360
36489
13411
805
22574
24354
992
4112
30609
2466
44353
42676
7469
23833
29396
2347
8143
32996
38028
49633
46336
64500
35660
3906
36153
14155
44909
14513
3916
29245
14511
2402
31454
56830
53587
24937
52187
5923
1365
57017
29637
6327
753
19282
12867
16250
867
30181
37463
17601
1909
68382
61497
48237
11114
23776
603
49406
36956
43790
8618
69653
16838
3700
14730
1857
12214
20465
31077
29351
56746
10214
39489
9629
22512
912
18674
69823
20863
7261
4089
26430
25744
31175
4044
30524
50023
25329
38778
11523
44817
38345
53928
61509
22061
8293
9328
21188
2441
25850
15037
1946
56909
8012
19556
14341
10905
8949
6191
17081
90143
40326
12899
28213
5360
41608
13333
1139
60098
36055
4009
3215
14075
14589
66259
35752
12461
5724
15956
2514
2426
67637
7390
16793
19924
26832
11919
18997
12543
284
6281
12817
20205
45033
373
5771
2620
3
13570
13938
15634
25022
37860
23079
27703
36017
5067
68067
10556
20372
3087
73117
44863
11528
5610
6324
18280
6602
18092
27557
22348
644
23143
26558
15931
18276
32667
309
3528
22983
1943
47618
26945
39716
13998
6453
710
46182
25309
1821
7054
67284
4079
33776
18754
20104
863
12511
2683
32244
57580
1888
41386
17824
59841
12328
31530
6794
5996
2811
71889
1
910
50421
51785
1551
17724
34477
26516
59159
22928
13237
23150
2664
47817
23404
72986
11911
39551
19225
70000
1145
12843
3798
15948
351
62170
54262
44432
34167
16927
2678
57249
34161
11762
10545
3874
27567
28668
7371
831
78847
22995
15231
9580
18079
1119
3797
18085
3155
44699
12220
45825
29531
13330
14548
16069
28267
41438
25968
15790
60396
519
903
8142
25984
58578
56940
50
27416
48755
65138
4387
390
19111
3174
36189
75
27937
31006
54045
50421
77325
41888
45992
20752
6097
10494
25477
30428
17572
2114
32030
64094
22983
60492
9628
8075
30741
23091
12559
55756
20282
3987
2730
15200
14269
5608
43781
63738
31326
6609
7104
77689
32198
23925
10503
33954
15007
460
73480
16629
9996
40670
4891
12904
7866
3102
2354
1632
25044
6762
43369
40601
3020
40455
70894
4199
71476
136
2003
3199
12491
40070
25436
1816
4066
19993
1133
9643
10242
7272
20196
17031
74772
37192
52775
3675
68528
4425
3437
30003
37089
30946
27199
56983
4130
14182
2413
8361
11361
2087
29359
11255
37876
32033
12527
15693
12670
22137
7352
23385
40466
48886
6705
37536
1626
692
7069
46586
1350
4558
74212
18676
12426
45918
18773
31816
18457
65757
433
10652
27172
5332
10011
8219
11129
2358
33238
53349
8406
66740
2
21566
6423
48884
30642
33334
47830
54108
4564
6978
21565
40030
50392
15115
52248
7935
77614
4251
11294
19147
29413
3766
55800
83667
17456
26818
14309
48295
911
7565
18748
2431
8128
6041
6902
7614
19535
44093
2021
5432
27331
4910
44495
2720
12037
22727
12994
29995
39873
18478
86446
13708
56933
1128
982
45667
6363
14193
19817
3530
15429
11736
9799
35020
669
39702
11346
3971
21302
8067
5829
15705
1606
16786
27464
41470
3433
12695
15409
9051
29267
53494
360
24732
1004
1186
7173
14103
18681
4970
15428
36887
9562
26525
19150
6651
3749
22427
27856
30903
5760
3616
20040
2152
41179
1467
1745
46532
4361
14189
10072
642
73460
21905
67506
20349
6067
20836
11640
48500
31095
12523
13716
7455
37796
34910
18525
8134
19010
5703
64848
9231
12620
33771
1715
9122
10310
24897
26847
42349
38324
32692
1014
28864
11429
46813
20479
89278
17018
5717
67568
41351
32321
43872
46128
5608
32254
18979
4804
25023
7108
20237
5212
41021
68851
36995
64220
1132
41000
40040
19303
3125
6591
21865
50052
217
907
2513
40312
36155
52297
11147
6231
7640
12552
19970
59170
26721
23637
14424
10003
45057
10679
26844
55489
11218
32860
958
6335
787
73727
1070
13101
4904
419
13492
4413
22087
36327
21693
2079
10458
5305
21050
17481
18008
62936
28781
19935
3152
9026
32195
11286
1872
1440
3853
14673
21192
24855
25667
24339
61372
10852
43794
7152
12419
3889
25449
649
2533
37975
5851
20968
6940
23147
13287
8510
23978
32532
25232
37925
38853
9089
70553
26839
8131
49253
44286
34765
5667
21184
31372
48575
30784
856
82844
19522
15790
38712
15137
15627
49263
174
32962
10888
7819
12778
1668
2804
29697
6676
966
65876
61414
20882
3245
63126
2995
4166
511
10169
14507
54035
11209
16371
20653
9120
17490
59431
2628
22809
51921
42667
66313
9766
12826
30528
2903
18275
1461
3448
22462
62478
5
3827
9534
59270
59103
50920
19071
6904
5437
11271
51931
29215
20213
42741
3848
4732
5351
3697
1396
689
13726
31911
33734
14789
11586
13380
7592
3691
38180
11315
63240
50874
20807
10805
11413
6022
36934
35630
38145
14950
50107
45026
3363
7930
31331
3
27244
75818
57340
1864
1940
2686
3152
5751
60473
20390
31326
36874
46018
12354
10024
63800
284
27650
49104
25180
40939
76707
58516
14754
1546
2701
24256
49848
33284
34537
27597
2601
13440
18598
4440
43670
49270
6215
46252
17654
4450
50712
51039
25943
10301
20023
13841
5131
38213
14112
19169
2329
5504
72703
21555
35230
14582
14434
11691
38714
34835
14257
25864
4717
41929
43209
28562
12359
29953
85229
60026
2567
38853
1147
21268
24040
39743
61826
61596
23553
24422
7212
44766
797
4142
804
30291
49079
648
17091
25457
1621
58279
51723
21128
1134
10169
52397
77087
2272
12488
18367
17765
84848
9084
3092
29859
1476
2913
38993
31377
9297
9294
5186
12100
47953
8778
29529
21178
52483
19625
18688
45253
14326
340
15769
43610
50660
14110
11300
70787
5682
3742
14361
1021
4944
31449
6877
11107
32506
11110
21512
2922
64477
420
2849
83628
60815
41248
20534
18253
9303
6941
15061
52291
63762
558
56658
69412
8044
60984
74120
25258
39710
19563
27453
23720
4203
1
13261
28233
7947
14081
20901
15875
12776
12092
16364
41455
32667
4411
76776
4211
17943
25091
12012
3470
4274
5781
15093
11356
1556
48047
35776
47774
716
44971
52773
1194
1833
41337
50018
19672
13012
23559
46541
16804
88003
19252
29528
57052
8857
36923
22826
49949
54471
2249
16370
4113
50036
25604
3408
44967
45073
9183
17252
4921
37438
3804
57483
6618
10267
1
68894
5639
46105
40770
20924
3483
38083
15857
30655
69412
8280
8520
35335
18559
5687
24831
13683
22128
18033
53712
3003
4622
8784
32383
15
23258
1609
11049
1338
15129
25723
65372
10298
14887
5270
25633
19700
36934
34559
1343
41095
66776
33924
22096
44233
37758
50951
39125
3939
16946
47120
5947
6407
17704
28944
34544
24590
25478
59121
139
45916
2367
34116
14541
53
4955
23048
6405
1
33386
41277
81039
9400
7181
1532
4112
2227
528
599
34123
655
62722
41948
37754
19932
14300
2536
3556
4236
4189
38809
9594
42718
14934
46983
69551
27248
17750
8848
41876
10459
3613
42738
21369
3428
7619
17458
1044
30717
44542
5732
32778
52330
1183
20025
27272
10082
7580
55619
16613
42456
46462
13409
1198
48830
2493
21045
1800
42947
55650
53637
43188
75970
28173
18504
15325
35820
69699
3020
55007
3124
21083
15313
28601
3372
20159
3250
3686
4347
20036
67953
22906
23438
13617
18370
4659
33141
25358
17277
1747
2635
17405
18683
24321
3341
47047
24777
3712
21894
2700
37782
19727
8661
27016
23222
22144
17783
2956
5826
11754
45035
17878
889
762
72459
1299
17445
1410
6870
8311
18184
55722
39037
31983
5949
359
13728
12089
51711
36733
27251
11401
31249
12893
33412
82108
15740
29970
5855
59561
41385
1216
3357
1632
1479
8224
67988
19442
4742
24510
3187
5681
3286
7408
53332
39775
521
39002
375
24647
35325
2834
3683
10548
42746
34879
9009
16178
30378
13738
44762
17940
9253
6908
33585
5272
865
79966
47333
6921
22713
29974
21354
2829
459
28305
26317
11980
5340
4648
48723
20412
20404
54937
10656
61777
27566
6639
40417
20821
2430
60636
26488
3651
14047
22096
34744
56880
40898
80308
847
33413
10013
28796
157
36027
1861
23259
23251
32635
44403
60172
60702
19367
7928
83592
21936
10917
62690
44088
14002
47588
39367
13786
416
26934
9380
6438
33722
1
2856
28618
1
675
55745
2968
7824
51196
51422
48687
24828
73358
3747
68110
42724
20237
5239
49168
52585
7604
3816
24243
4708
1620
7981
9872
72930
30919
11821
37347
21913
24338
30758
34766
3093
14356
39144
5084
18328
21733
6486
27200
43244
54471
264
18643
61217
1
92389
46836
19126
4165
429
12287
6651
2279
15138
676
22016
334
1303
25190
24754
67121
17135
10427
3938
35124
40386
19207
5022
3733
8194
53811
61701
37183
15142
5532
86648
28980
986
22712
781
17114
13111
39277
28861
12387
9503
6997
12161
48403
6312
27574
7557
38544
61832
2727
3172
7738
18181
19049
2276
17883
12343
2606
22010
32243
14192
46819
65227
28853
63777
2536
18924
6464
1742
14832
34466
31163
23496
9014
48613
59
14908
7056
26969
38052
5266
6720
11383
11889
67714
36284
11778
40541
17217
21072
10790
68345
40543
8914
19947
13105
65970
2779
1422
445
37035
15204
32739
15184
2971
26423
21044
7906
55862
60370
32039
85417
25267
32640
24316
24351
15328
5464
19087
14611
3320
68824
26311
32196
44327
2088
56282
15851
5850
33498
32595
4791
16638
15928
8706
5727
17786
1173
64699
29136
29648
8724
5582
5623
53062
448
24218
3915
19648
32859
14009
14380
48370
13321
8735
18389
74994
33470
1223
9168
37271
3933
46939
22262
46815
32772
453
4877
6607
19467
51624
40382
64567
17364
72978
27614
66006
47642
11697
47821
27186
4
27778
5141
20464
4683
34766
176
38843
15123
40087
42735
40750
3639
13917
5759
5218
3138
25256
3440
28633
22469
6431
79997
56362
46023
1525
906
31282
7247
54709
21483
72885
39423
50473
12393
3699
15924
41578
40022
35661
43696
15264
45506
25362
19820
1468
17
7205
58236
4184
32337
596
3107
15814
13270
33066
71609
6443
1838
3115
37204
23055
12505
25532
15537
15980
62221
1225
30405
2
3820
2255
73814
22570
38431
36485
16666
51064
64573
19626
4355
22829
80241
23754
62396
3143
10144
6112
20989
63052
33599
42841
5907
1689
29881
19677
38671
29714
5965
15074
3757
508
4715
8422
67253
2431
53329
7604
80427
5066
10117
68077
70515
40766
32465
8
21114
2017
13934
7757
24012
6321
439
7739
909
37050
36249
44755
7817
76680
42574
57233
45813
19019
30238
10221
13067
51125
5871
7008
30533
6702
16363
34942
29816
14294
64348
15411
62363
30287
59217
38344
56469
3409
9672
57967
6216
7107
26368
185
13550
72054
37349
15480
5348
48809
24865
22376
17349
45564
30237
3743
18235
31084
8
78922
8377
28333
49772
16198
1134
17754
18955
16437
37884
40203
28955
59666
27493
43531
19520
17850
4065
7300
3150
58631
54646
20463
974
6803
7775
57723
38632
18564
17434
31204
25824
10889
1066
4687
15239
3204
2118
13213
6051
33882
42618
20605
28296
12479
8294
9071
27433
4078
87079
13599
30119
51090
3632
18617
2045
33871
21259
17469
12928
13190
13899
1065
23266
20624
4263
17073
18874
65282
2174
43664
67755
45724
11672
51912
11318
1596
4045
29786
2687
42367
12059
25778
168
20133
7727
9460
8637
57979
26066
32233
86930
9690
14596
15908
1179
520
4047
18065
6939
12586
4555
4366
38557
5309
10505
15780
9725
10712
5460
13179
8246
80313
67319
57200
3092
3011
56670
245
25328
6996
7643
12736
22217
15256
65050
40332
22956
21459
36371
16674
1988
51351
21138
17731
35172
1918
41943
4748
1825
34476
594
54174
20917
6888
3484
20691
16623
19339
1951
971
16759
7077
10034
42418
45316
4721
37537
5778
15501
20505
369
17024
43188
8963
14828
26232
74132
13326
3895
5863
9384
7641
9464
13614
11851
16042
29178
7947
57181
8626
5543
19323
579
3096
25244
8014
3348
2453
5270
41201
17709
14346
7162
4818
16098
13389
11731
55937
25965
2331
7792
6841
39844
7200
38907
882
24235
15091
26983
21518
42016
53557
49943
36803
49055
40879
11654
25873
19733
12817
7346
3547
45010
6578
36877
1613
5679
3870
16351
4331
27213
17904
26209
47411
821
22347
11498
2477
12236
84110
1069
6987
6827
30116
50344
20905
15949
409
5667
33808
85203
13536
6917
25571
9673
18871
8005
2545
6848
29131
7744
21325
39337
65539
23557
12105
8844
53709
70582
28717
6553
1199
14968
58886
24493
54761
22743
54376
32969
17428
12311
8295
23024
37304
19
15922
53479
2537
86996
63469
7030
10
3810
24173
10875
12394
18682
25328
9571
9421
1452
60205
57267
1918
64
34020
13886
11418
34980
31303
17840
2622
3157
13369
13762
86566
6575
13506
13239
37667
35802
15949
12416
23331
233
2019
26713
55904
56130
4512
716
2
46640
43485
3613
925
4217
10762
10
31159
7056
15342
14337
29025
13105
25488
35609
1
21772
16080
19217
899
41417
32002
21981
3311
25315
3
16064
2383
982
23592
16607
18034
12556
21008
74127
8658
5601
7375
16736
16956
38150
2015
816
60400
9512
78447
6244
1272
4362
53761
44700
595
15033
4887
54307
15005
31494
73448
14880
35041
43087
7159
13566
26257
5056
4165
1918
4
2501
31240
12882
61160
265
52889
27705
64411
1158
41592
82363
3951
5446
73506
45667
11270
10676
6960
14434
1150
37053
15749
43795
89142
6611
7003
16282
3788
9280
11018
19370
71434
9606
32925
37429
16964
7032
23543
32934
52145
53297
26216
8382
24260
51799
2752
758
9083
63073
15962
27822
37651
2029
91705
49501
3534
18931
9540
10242
23285
6650
9912
3131
6573
30175
15771
33645
21757
10518
27833
12901
7304
3992
20809
11379
44131
8130
4699
3343
43062
393
6014
1270
41628
8533
282
42446
46391
14387
60338
7277
3696
9860
72730
4546
1
18097
3523
47926
10606
18664
37892
6855
22455
41962
10017
22292
4255
18210
1266
725
23185
76635
18272
46292
21697
13487
1826
26444
9371
27015
35840
45801
33823
40941
1578
38393
25732
5607
17377
22763
35380
2968
17045
7697
13884
39655
3762
1673
77087
45424
25942
17773
22360
4069
9217
1027
19173
208
13318
24723
75951
2496
63659
9449
18676
10403
35079
19650
22490
10893
4197
36591
53072
2895
13939
8186
13688
3020
36954
31555
19917
2731
2773
16903
38120
32346
12995
2813
12611
20400
281
51267
46418
63718
21915
11227
8787
15100
33640
31962
59592
27681
16010
452
18581
3456
373
60148
25465
68602
49264
32417
24796
29765
4798
34566
25384
39230
5460
43820
3134
22148
4189
6130
8569
63745
54244
16737
18057
26831
48780
7
26140
10354
36108
15216
28433
7492
24690
4083
3123
18198
6978
2174
9674
52024
13464
54631
7402
25829
16687
24370
680
15502
85656
31827
39764
14189
41109
3163
42290
325
3
3139
49767
50783
30748
19112
26610
28880
9262
10105
32586
25946
56891
80140
3091
70881
9202
53912
18925
32192
41630
24836
6825
1914
9622
1132
39068
13486
49425
1
68414
37112
3221
35780
26338
15120
53783
79107
872
38467
2167
21542
9577
3065
17298
17033
17643
13469
22034
5757
31445
633
37829
20698
17519
240
44696
9758
3124
55139
32419
31315
48701
8071
28329
47606
31917
771
54422
24973
2117
17466
54548
6545
26779
15756
6644
4
6546
2908
27396
5828
28948
2396
27851
19270
41407
60014
32855
6308
11785
27020
12077
29641
23927
24654
15650
75801
1180
29234
9756
49662
3202
22778
1730
31185
28397
3522
5139
59901
17526
45960
762
36926
12067
4227
35744
1075
237
17448
3644
661
8
3039
10675
22316
45024
8116
641
8
5567
2011
28063
15778
11052
30884
38879
646
30647
84114
2591
292
5513
6072
45571
27778
5561
5769
33566
962
19834
29049
4204
41877
35918
4078
25902
20123
9089
12220
42639
3499
81976
404
2969
12542
57280
7983
52920
5228
13438
17471
9166
16902
52757
21091
11084
27223
11098
39275
76555
11719
58745
44020
81693
47078
13102
5075
5660
63490
25273
1503
22578
50971
24689
68916
7196
79063
32445
29239
15168
6044
46699
34918
10661
60999
17694
42256
1228
664
18934
29263
9342
44472
72862
771
903
34949
9875
47639
53752
31253
11287
65
16284
5
29440
7447
36012
13098
11206
54886
9278
24932
7369
4420
3368
58034
69295
16112
458
12087
35261
6515
39121
1722
56518
3926
18638
39556
58845
29778
57600
831
3453
18672
34470
63455
17876
58480
43564
36081
24931
58137
35886
12835
49064
23625
3401
51394
4926
24838
67880
28722
21023
64934
849
730
29491
24395
31892
19191
49375
1248
58996
40718
2880
9062
41387
45897
38719
61100
54913
18296
20013
71839
5197
61069
4693
13351
6969
12149
22817
1900
3744
16859
44953
31587
695
3890
2275
29872
6630
36942
42798
3444
30018
18631
225
18313
45989
73630
32751
19412
42302
28737
5360
20882
15205
58342
26934
3481
1235
520
487
6091
8132
2281
1370
63154
15294
77330
10221
12172
20911
35696
14450
10960
18929
55597
87351
10170
17011
18817
18606
2056
345
3708
5555
15220
69779
7698
3933
960
15786
23646
1530
14153
73145
21870
3963
7797
3825
17626
42061
20684
62738
2226
42896
9536
22088
2230
70683
3525
26827
16481
4362
56630
23819
53036
2787
4750
21709
7677
51264
34755
18990
21044
2797
61635
16424
22608
61705
2064
399
8176
47115
12457
6401
8523
34761
13002
8393
11123
1789
18143
50185
57843
12178
17895
47794
65097
14567
11684
2269
7532
13245
323
61909
26054
641
23470
1870
6599
47270
5322
21795
14209
21521
48572
5680
1628
14482
2252
4250
1259
9934
20004
12635
2210
43838
1993
1781
42883
44371
9688
12155
84246
52034
61591
4
51567
39924
10356
16294
13103
10936
23918
37735
13696
55550
37109
69831
24752
77324
2340
7761
17759
1
8876
4070
53529
59724
13195
10270
37605
3478
25353
8934
8619
37149
12710
26704
6978
20494
40467
28069
5085
7202
4721
1548
26632
77484
10149
33126
663
1096
3574
46342
29087
6843
2167
4879
24841
10441
4733
5599
12823
24033
16416
20447
24822
21352
10959
37486
1548
7259
912
67850
26019
14874
1812
2797
62595
19108
39902
17705
21722
30890
24
59510
3137
16902
8053
22085
32924
5586
2776
12641
6294
15825
34547
72647
9805
11011
14965
9404
56526
26258
23641
9720
9024
41522
52442
871
1853
52681
73281
12427
3634
14424
1451
23992
704
55274
46700
7207
17032
5946
6477
4963
34719
1668
37302
492
1085
4424
41707
3998
51913
22865
30291
3498
979
68584
12322
3294
18290
3685
37850
10276
36819
39878
13493
70004
1457
29548
292
20133
992
72544
57818
22136
1884
2990
10733
5244
61208
950
1240
32319
10094
6969
10418
13459
42212
26002
45141
4808
31570
26796
148
36596
13643
23128
17502
43262
8295
947
25286
27489
3121
62274
22292
12256
11972
44803
19582
53514
50379
44116
15076
920
47033
2150
14483
2540
12135
39442
20629
3551
23809
71696
73578
12395
21176
36331
17717
6331
9647
11694
4
11962
73605
11351
13763
51530
673
13092
12631
20746
13513
7853
1298
22830
27683
34559
7229
8769
16561
5231
71883
13878
21698
6362
28874
7908
23087
10289
40417
1936
3267
4441
49814
70459
11769
51735
1796
2972
33462
53900
20748
27762
78879
33277
28700
39455
52443
30749
38467
37649
3285
19792
1915
23070
51649
40639
62386
24401
3832
11820
3658
1308
5509
19171
53971
83887
15207
43858
2
22157
6425
18447
9830
53815
51585
3357
20376
29317
15199
16239
12925
5803
11303
6886
2798
1305
18283
9634
40940
23338
3931
38629
16807
43723
16724
29639
69910
65501
37135
10269
16955
3251
3064
49508
51666
17666
2144
9841
84134
6706
25590
6469
708
9980
10765
37088
66509
19662
47942
13
44515
13075
11827
15789
35719
33265
2973
335
5213
11866
16002
30489
21021
11651
22392
6093
87122
61710
17812
42966
35814
42775
28565
3386
70264
86181
2928
21800
8115
3530
36273
5718
30176
1216
13731
9483
67638
78372
36042
6634
6093
7992
4784
44779
5390
15312
1338
14395
2149
25530
2512
43012
1494
16140
37527
18394
43
57773
38862
18001
17118
1783
5516
63863
53533
18780
48226
30454
21472
13479
23318
4657
9038
67650
47427
48933
40741
14066
23161
8084
29900
58931
29366
56937
17573
53448
26584
3229
2595
29224
2712
56501
41110
37977
26069
6414
59079
9934
76470
36692
803
5803
10527
27423
4101
3799
47635
16603
4270
49338
26282
6020
13102
81541
50899
34549
45399
12057
17557
28010
290
9003
3821
72368
12222
466
3781
11884
19308
9643
5074
22914
25174
530
34822
28331
51928
9900
24776
86090
40687
77357
28098
13806
1295
35654
18808
69600
4907
12462
10932
39787
71497
8058
593
29279
55761
50063
5614
52271
41495
58070
971
15485
1465
35310
20341
3250
26783
1068
3378
24558
12889
7619
15842
3572
8617
7591
13660
21714
4679
7081
3858
65327
28468
2751
10833
12288
7200
7206
24349
7460
33250
62332
8462
1618
1341
73635
19640
37125
39489
673
70939
14436
13332
30666
26961
42914
7248
49063
52672
27211
18590
37596
30984
28028
18118
18141
690
10294
18045
10438
2461
34450
16877
20847
51137
14955
17673
67782
18778
18883
80027
6987
35455
58415
44423
88588
36003
41069
16089
45995
33440
14311
25559
40252
6328
32670
3772
9596
11589
3814
11800
5108
28444
6976
11776
1554
18617
42876
69065
4355
17712
16702
72014
1789
5610
17947
12644
57987
41472
1839
66071
48413
13441
15708
17657
25787
26482
49569
1964
63434
2954
64546
5623
27972
33623
25023
63645
18806
45746
24171
2677
39934
31720
16135
1397
15839
13903
42709
35656
14812
2573
27630
4675
10624
886
22066
46723
16944
15829
5554
5050
12191
6286
6494
25040
360
131
31250
9146
61310
1655
69740
24845
29046
22110
7430
17009
61257
16607
1
6608
20720
55188
33875
6450
2286
2708
2785
11556
31940
26596
36081
22784
56212
8109
674
4465
17311
40509
13151
16169
17256
26486
4970
956
19623
6250
4764
13392
7849
9081
21352
43152
4545
8821
2593
10109
15569
84684
46695
4140
5932
12615
18135
240
13452
36767
48172
10
36784
6283
16397
27898
24743
27541
7477
22294
3755
21518
87077
2339
64281
2750
18837
42200
2425
21908
29259
3506
20708
10882
548
1237
40193
31627
7200
32377
21134
9034
72332
2183
42966
39111
43699
32784
9740
65855
73203
9601
21026
63692
3291
32418
11454
1710
16512
42194
36995
32592
1
15544
5
16218
11119
30015
12389
61900
13341
3081
42361
39012
18026
35660
11652
15559
7207
43905
48992
42299
2814
12903
1888
36242
1450
6428
42977
39438
74667
42646
42183
19763
4261
26438
13101
7364
23905
30749
45627
53791
15643
31061
848
5412
12369
28959
35716
3569
1
11069
25329
46621
62776
44393
70238
51272
6934
32060
6649
4060
1100
26501
29805
25784
45622
3295
26850
7901
40925
11204
4885
56417
85417
3437
13764
4828
26927
1941
69104
54467
2007
400
35532
13769
722
34703
13622
62082
43669
41745
24574
21936
27703
53984
10770
18757
18665
7990
12822
57569
50076
17324
779
18598
29132
70526
7639
1803
2525
1183
11475
62543
11161
45801
1724
61555
264
3
39359
64336
12556
6276
19032
37656
29451
37203
32371
6843
17359
44044
56960
23079
58325
359
25853
1584
8809
5529
2084
9000
23728
6814
652
56644
62495
18092
54068
20287
11663
5040
12289
11665
28263
11634
3263
41211
11301
6627
8575
585
3202
8057
33805
7133
18368
27051
8925
27824
39146
4702
4740
9713
11675
1652
11319
519
63
2979
82876
5709
43059
19508
57172
74700
79146
30096
14558
43948
21132
14578
5415
23503
11987
24100
21968
4230
9567
15105
19765
46225
10026
14138
34929
47148
21015
20105
686
16755
625
13305
30448
56498
12948
30078
22285
58242
7589
8923
57675
8981
1076
52519
9282
3651
34483
74076
55678
29191
38833
7912
30842
13740
47996
70831
18753
32226
26811
14027
17944
4784
1720
45518
2559
26569
24717
72727
34255
13147
3425
3061
64150
2341
46905
4108
2086
4150
4896
70437
675
640
8109
17762
31428
24186
6676
7310
38739
30469
39612
52364
9968
21369
60267
6255
3903
1472
8587
36299
32013
24498
2828
26302
7153
28641
23405
81690
5075
38558
36905
22954
1604
2293
50305
22329
61152
17191
59265
51420
3435
18592
8166
15312
62486
15279
64415
9930
1765
1633
4373
32883
1
34440
21031
10747
33133
29595
18786
78084
32182
4
19199
16692
35927
11976
11539
43386
75081
13628
60335
30309
22578
9481
19663
39726
13162
33726
14242
74031
3456
39326
7003
1900
16816
2784
1267
23755
45973
468
69145
57374
39327
57165
2363
3275
4356
40935
27711
17012
12611
7864
44077
25314
25658
29577
8735
626
11505
16073
23254
55628
5648
10784
6712
8454
16187
5
45045
38049
4676
5540
1421
13588
1581
5819
361
153
42793
21594
9105
21235
17316
25433
30915
65138
27495
3111
9563
12805
37631
51398
16613
51110
2
12681
51076
27765
14353
31113
10463
16648
952
2494
32972
48398
3711
39010
26002
33075
12818
865
10250
34782
57383
13295
12689
16279
20356
20611
13345
5810
8547
16495
61779
52412
691
36067
3201
4836
23787
46593
63169
46173
16582
35398
2
15112
928
8169
2484
29160
12867
44726
208
33613
13186
649
22582
5761
24762
15343
24541
3097
55219
4915
4345
13268
11575
4086
36048
30255
14699
29893
29808
25894
5711
3205
5997
41143
8857
28175
25781
42807
5494
42924
30380
36946
10304
814
2366
5821
52275
26271
51415
44674
22739
863
8252
26624
23449
32246
36166
13285
55168
11074
17891
4755
22635
4017
32809
13780
3
1074
43062
1878
2861
7767
323
3708
709
15229
17875
8584
12149
184
26249
79940
776
60515
5952
6395
2249
27178
36218
16043
52735
72691
14562
5221
45221
25109
388
54
10118
54221
20601
24264
20943
35488
2165
3053
53823
539
5182
17966
14710
18887
55221
2208
3726
2199
28349
4790
3077
13149
4600
38446
13870
18330
61562
7439
3637
12482
44821
14549
3309
58187
12814
8329
19744
50948
957
425
17607
372
14158
8346
36523
42392
443
29864
59030
61256
25581
48256
8979
44550
85749
50161
54002
27744
38177
19455
27698
39522
10852
13654
55084
2440
647
16413
53062
12098
25885
3265
2767
60558
1587
73483
2014
1385
106
8455
30810
11373
19925
491
2556
3162
17894
3918
47778
41970
398
58039
24560
19974
15373
54950
13427
19564
2565
21355
1576
32157
2730
3888
14153
3883
18576
5479
70312
23997
15540
16800
10239
12952
50861
63894
21686
820
5951
4800
27273
13316
19184
6378
31875
6651
16835
2532
48559
37744
9469
44841
14087
4059
32790
59871
1308
13357
50317
50812
15920
19821
9589
4074
27084
4597
2473
41695
4460
2560
51930
23019
13877
789
28142
13132
1163
36796
14577
1650
20737
2788
2573
27522
8284
20702
1357
2815
52636
3486
2657
79139
47716
24342
8054
18976
20888
27655
37515
10450
55618
7268
3441
33139
34324
9117
47763
17417
1694
828
940
87460
32355
31180
18123
21154
9937
5533
51161
20245
24441
2911
23093
49905
50793
45124
16422
1167
15146
42204
622
18594
41134
45921
325
15418
25340
17369
44276
25269
4371
3431
9946
6951
20503
18541
23719
11922
6330
38880
5942
7171
7978
1069
29229
15922
23628
19483
3304
10011
52958
36477
3367
693
19327
27932
37735
13023
1521
53000
3407
58348
1522
970
37944
40602
9233
8418
8275
9004
4322
28033
33284
10134
11195
66411
63325
2961
75513
6675
13593
3809
84156
2502
16436
42229
58190
4129
68558
23403
15822
34970
3
43159
29296
23519
18538
2
43506
6368
46020
139
17222
6215
954
38314
9499
36615
1040
2493
75776
7615
4572
8675
10094
7513
36382
1363
1
3594
67176
2800
48758
69065
70986
32305
29009
920
2
28215
5484
28470
16631
6908
2011
11373
19278
15718
10022
51579
1506
60706
22437
27929
9881
15669
54831
11515
22621
33497
47604
403
29386
548
61
5492
29375
40675
35424
4550
13555
26870
7203
32278
8717
1033
13200
40739
33605
65445
1225
8501
3033
6417
1332
17119
7741
20093
28474
62730
4181
53924
51957
2733
80750
27760
7869
24577
16727
12501
2732
17742
47013
5097
16957
3019
23071
7076
9724
25265
21920
4305
34821
77487
7938
2332
26635
6841
52624
6054
1066
35234
13044
76567
29992
17003
19186
14642
2031
13867
28665
820
80566
28920
58502
26
51061
19509
837
2780
34937
35458
24303
18385
15134
7977
25239
5612
5164
17397
67091
5019
71132
3608
57125
9051
1468
32074
3808
8623
5491
52232
74384
25153
21923
10786
15649
11
25728
13945
64402
10925
51203
10233
71207
2
56951
19682
7224
11456
8087
40161
9074
2
10919
62086
45051
6789
55199
2
10163
40052
41189
555
25310
4817
22941
28156
13273
69332
2
20873
38559
9258
59467
641
6749
40365
2591
7886
7980
13120
37584
7395
50214
53717
837
47987
37226
4012
14679
9136
30732
21193
974
9269
48628
49678
5432
3081
29040
14493
5093
16162
20134
11717
1497
17436
58202
18102
12192
9343
10838
5994
35325
23261
32743
14643
12936
7633
48115
52491
3341
12928
17695
67010
64740
8428
68751
10464
45569
61805
26299
1950
14502
3369
11340
37337
1264
17533
1769
939
6280
39425
19175
59198
5567
9329
9323
42693
4
24452
11515
1728
75196
30452
73969
32536
6620
33591
23821
42330
16887
32396
1912
8312
4518
32332
12084
44234
568
27257
48181
14039
37630
14176
15247
62513
56491
61693
12247
5426
25983
42994
42311
38826
36730
1749
17599
4698
43785
11379
33295
743
33029
5124
3542
55545
496
17185
21056
33074
12054
30784
13693
2649
7633
52084
37240
70400
51853
28762
4016
59833
14096
18617
52855
22014
261
2055
753
46988
33048
1725
50234
27769
38712
51624
23702
2935
3579
26911
17499
61590
15074
35915
10197
15374
48941
5304
29608
24653
4822
5932
2192
47167
45810
24629
50668
15759
1792
46385
41835
27656
38244
78196
10628
1712
19583
56832
1657
11485
14668
4813
4107
1924
48462
8749
513
2737
39151
64524
3527
49878
6220
3504
57997
21481
21321
81983
760
3472
69982
5875
78043
82428
22298
708
5933
7442
861
1630
26911
29917
82055
4625
2122
3712
1885
42312
27918
49392
18258
36533
24964
68575
17137
28438
5058
2090
26579
660
12583
15386
8069
8487
40199
24005
28571
45817
56788
13461
26950
14122
37766
12526
73053
7050
7488
17741
38512
69176
44726
38248
19349
60871
4036
44652
41536
7381
42168
3541
43795
11270
74230
18064
11086
12642
67253
18240
31236
56664
37558
19298
45663
42416
9506
77264
11532
710
17903
43025
16385
17056
2365
26119
2322
26989
9544
5174
69958
10084
66680
40848
3369
12418
10937
4956
7415
13175
20092
29795
7055
1507
9741
48855
69801
10357
15400
37459
52908
7454
6246
14437
50782
40164
7064
17068
23620
1
22514
80869
2448
35274
35011
1839
12133
46274
17239
74019
455
42167
65764
5975
18194
41259
9457
23488
26619
354
17157
1530
4650
599
45866
29133
11299
40528
7539
51685
3809
6436
32514
8182
41123
18352
25628
23525
6029
28440
36404
5
76759
17009
36754
6437
39760
64084
33117
17009
12416
5292
19848
20112
3150
11477
64320
47489
2972
8964
37580
3128
79906
15083
60203
71563
32264
7998
56884
2624
60120
3645
50462
8543
45799
3795
30823
40695
7841
5149
11847
55834
24886
31523
24425
33050
14832
14011
4370
60419
3948
19034
3113
65017
675
16680
32721
56477
10261
11351
38596
45390
6560
27828
64520
26578
5193
17462
73823
5290
17925
13252
34508
64777
7622
1170
14773
18844
6415
49401
56459
28772
1146
24526
1292
5742
7671
19271
17650
47261
49569
19867
197
26983
24786
45846
2946
2
59111
53620
1996
1148
42391
61284
22795
15958
25184
18802
38481
3409
30071
7690
6721
44983
10884
62026
19883
7927
8411
9053
18579
8998
4544
43934
60028
1020
62651
24879
20356
2936
64700
2308
29789
11563
9542
3635
6118
1459
61872
41216
76636
20703
8247
16449
6554
22590
28332
28054
34297
17084
27169
7623
42437
5409
12419
11585
11435
22797
49540
17127
8
7113
37428
19626
17144
34571
192
27093
3483
37751
4112
14826
3621
1250
18317
421
33446
21688
14390
67915
4
10665
34614
31455
13110
2328
28378
16205
13225
28592
4192
2040
18152
11486
168
15259
14356
43028
2572
18807
65524
3518
29796
29994
2677
43144
19726
85481
14082
2591
7023
20045
45253
1560
70730
18769
11796
27718
5704
65493
8372
2
40840
3471
9287
53686
8934
41153
22214
39357
1
10327
19731
2312
14374
47109
25575
73477
6420
34782
25623
3181
6017
1234
28787
37254
2088
40773
44276
14286
12022
24817
2009
30926
13415
25251
6020
19399
1096
8573
28371
9
29229
15967
52340
4699
18755
8323
6371
58269
40780
27723
2829
45415
55628
42494
20374
16216
35491
372
19
1794
10499
65305
700
37613
47001
9747
16010
704
25667
1
41058
37202
2550
2389
25335
18062
14136
20681
19651
18056
1947
7155
39967
4439
15802
18709
28549
72045
39489
27447
4
606
27937
12546
66452
49693
14949
14496
1652
12398
3403
32287
8794
22350
6755
22385
12251
2983
2254
37030
48349
3476
11925
69326
5829
3205
36419
39356
84556
35871
1519
19764
48982
19907
228
4816
5527
38735
17686
28068
47001
997
6625
21955
7344
13579
765
9216
773
5460
2746
6457
33073
10222
68228
13011
38818
14697
1208
30991
14803
5684
20210
5023
16297
39666
27322
17431
18774
40513
19391
24259
19774
23981
12131
37592
1734
1360
396
16314
3621
24677
5914
4216
1309
6289
2506
3631
17925
13933
16727
5382
3953
9130
9847
4372
4857
61110
18610
20841
30098
46869
17048
2939
8414
10328
13797
89742
21778
31047
29005
3414
15556
16408
419
29640
4524
19367
31281
34553
738
18121
2840
1032
6397
78189
40324
298
3700
4979
32226
61537
14349
50860
4046
7179
21886
34162
18515
23696
12911
660
17072
43747
60204
2857
28001
19311
14643
1357
52901
72685
698
75779
17181
412
40360
316
10381
2916
7544
1648
12575
14799
9238
20652
27497
4084
38227
6986
2057
11190
14366
23499
15129
14723
3495
52504
25126
11453
67013
14662
7941
45717
57250
61
18192
5292
27512
19613
31722
7759
23294
33045
6664
1110
33358
9110
75980
70623
23313
40321
27946
23641
12956
14113
26376
29422
13533
83746
2051
44762
20576
30246
34084
35720
16584
5360
21696
53123
10786
1087
4833
29749
11046
4068
49339
16958
9115
31323
21266
20619
32072
86797
25236
36466
62426
40405
39970
18637
10637
13324
24757
28266
86
39654
1857
962
43546
4203
23430
29367
2168
1352
5990
24743
15207
713
16635
53236
49821
18278
1137
17960
10946
11383
41175
4889
29150
5076
11557
72847
39911
6944
35206
7630
1
14590
29983
18410
16070
10368
31833
19607
9912
781
5362
25712
49019
5497
14813
31374
72264
42261
3638
4166
45195
41783
6328
12575
51589
11740
9538
4911
23966
18533
26050
7620
9017
5192
9987
13705
23071
1437
49295
28324
22120
4062
1469
8860
10073
20707
19002
3518
18149
18216
68735
17518
13399
3874
8287
19144
60033
12532
11563
6498
2502
13950
8389
17461
8901
23709
31204
814
49451
28201
2651
27758
20908
65881
19847
17613
37453
17573
45481
37197
8453
17056
6597
7286
50191
17591
11625
23992
6275
2311
41775
49299
22684
41
35143
11043
19159
41339
58902
1047
66449
34502
85278
2739
3241
20029
65993
7261
5919
6906
1171
13886
34721
15180
5773
1924
3497
6
1644
13697
11833
3215
37696
7806
48645
16955
15901
32294
2714
65159
30134
15242
13372
6046
30710
25360
34616
75291
86528
5019
53239
20542
47537
3441
11142
35610
1268
27603
28574
26162
5312
27383
13921
19165
4173
17708
6195
879
11933
44985
54063
41599
4113
54412
44039
19631
33230
19496
4588
14533
30880
73542
6634
17680
2403
7568
4616
65196
30101
74909
1637
17445
53814
35532
19083
68337
3897
2323
4993
67333
1561
29615
1
25326
56575
59130
40730
62744
9080
51696
61372
8428
13554
5886
7585
30205
23425
1071
47120
13281
13076
33209
75998
35655
19934
3743
1
4814
47955
61161
19833
494
57116
42386
17358
5106
19136
49636
15578
54037
37830
5170
283
65410
8065
3190
44669
46552
73521
6234
18322
41854
273
26009
38113
29975
38374
30899
33072
53125
30832
7820
43430
28849
46530
2028
16369
5722
13535
12645
72383
12268
2233
33131
40899
32807
3183
17773
3853
52953
364
30635
42766
2855
2531
16540
22
1012
7360
3874
64209
27512
50696
38890
30669
47374
24553
24322
22862
77286
17792
30933
21729
28471
13907
25712
150
630
42330
4113
68115
2528
54867
56986
9475
7540
965
52322
64873
22719
10784
57235
6787
2414
17555
16905
11040
14302
45211
1
39457
55544
1234
17141
12303
372
1925
3199
53236
2315
9016
27821
7591
11327
34496
43628
4986
36731
13264
5230
20997
1642
42926
3147
32505
32204
15529
3361
12345
11516
7575
21548
5855
18947
1117
25346
13756
18938
41110
13783
22413
38
9817
49458
14257
66153
5106
64232
28237
4975
14006
28811
58709
31884
19590
11902
5689
993
70964
52005
13772
23426
3965
3162
15901
43336
14385
72128
5247
34068
35651
5980
7852
25273
1022
24171
29813
23410
18858
4166
10058
2373
37065
32423
20557
20819
84496
15177
56469
42136
687
92118
10077
9071
55432
27078
11730
16973
8614
79390
15212
7349
66886
21641
68537
6317
3016
49082
23942
4723
9143
6784
19109
30293
69687
3602
15661
35770
16865
14923
3759
389
2139
6308
6103
2835
46429
53281
28728
1578
23336
57621
5834
62706
57303
32869
12727
56011
1019
47184
37830
10709
36161
1901
25218
38502
28479
23253
12937
13742
36542
3812
13990
24095
35280
40946
33205
5628
6122
63845
16124
22685
23818
25874
59203
54109
43
33715
35381
71698
40913
15194
4494
17059
78750
14584
19397
67854
14199
474
1550
3405
2046
13399
4179
21262
6400
930
16687
65364
12890
51692
4512
24321
27122
49369
20468
69509
3072
3804
54810
49971
44
6686
28378
7276
20704
17191
40963
55282
18263
13964
3202
79686
13980
3535
17547
6749
33387
25142
6250
1209
17083
26078
9711
37873
2558
38786
9072
1330
39643
21234
11474
3065
6382
28303
26016
21149
23898
702
5423
3800
10156
64678
17938
38
1034
6031
1239
45164
43540
19683
15217
16022
7408
31087
20820
69175
44111
8614
5094
19270
19882
58674
31827
17897
17925
51451
3894
1579
892
3512
2661
7743
30053
48327
3041
27712
14073
21999
26939
14697
59597
20915
21012
15807
11800
5067
27608
40664
10035
85073
48704
3411
55361
23370
16718
14974
56756
2064
1912
24724
63429
12742
23943
80868
2932
5545
35176
51121
52931
17351
2121
37213
47687
10255
24376
10240
66565
14013
10426
55962
24722
20653
12554
47494
11011
30798
1275
25132
47022
16468
35304
73719
32358
66033
45756
35666
2058
10890
1758
25805
5925
37813
6438
15390
2816
33542
23489
5264
12888
46421
7164
24310
22393
2260
53903
3885
10774
25421
12437
18536
36402
38745
39417
51324
997
17138
46005
43808
7796
21484
32452
57408
17170
30873
58934
3656
1
21634
31698
2
11359
2702
60494
8903
10582
1172
21245
76488
10564
7851
19362
44044
13404
14566
14138
38525
63229
1623
2088
33097
466
29316
17607
37917
8960
44375
1534
66390
14286
19592
52902
4939
23053
2569
29433
1628
4039
10814
6762
46356
901
24122
18212
13302
23313
2096
17029
7901
19144
55122
6057
8633
46005
17249
1108
17201
5006
6911
5456
15748
9678
5316
62681
22468
14340
33743
54506
15445
25781
4111
38
41917
29677
9990
9766
51467
5174
15533
27553
26488
3767
678
18950
78486
16873
7760
22574
27067
248
2865
10669
17089
16641
3233
29833
23237
44108
31907
50010
26705
2491
1492
66069
29934
19764
76313
41213
54604
1488
5765
5
1485
28494
13053
23431
26147
80281
52432
4
13001
36540
24735
3200
1572
3822
82616
16654
30020
14029
2634
9326
63146
11778
24026
55253
29044
3814
31856
222
1534
3997
47875
16356
8693
361
56988
51396
384
24438
3656
57544
430
41931
10234
22754
10607
9131
1664
700
10240
5441
41145
5951
64122
4296
12573
39533
11097
9531
15743
12002
10303
23579
15609
37991
56978
11308
1957
63752
9762
10074
950
13891
6378
12526
76212
44261
57068
29864
859
16696
74859
505
19625
20098
81880
20226
41605
20209
46923
4029
22193
49062
5268
2021
36234
14199
25448
12449
1830
213
51242
42906
65551
10823
69272
7052
4114
40040
8752
12389
62226
837
9008
31440
1
16559
26205
49624
42120
31741
16411
2337
1322
19887
9994
12575
16032
23992
21455
1177
44570
69002
18953
29144
23657
4546
55797
3176
16671
33564
32569
28005
51223
39857
16654
58885
38260
46861
353
8390
48406
22894
413
25417
652
30284
18806
27914
28398
5522
20178
11256
30485
3193
1018
2464
21720
28663
4036
33875
15943
3880
74425
650
7885
9991
6546
13203
7841
83911
65298
33561
5509
68539
29333
5752
56989
40496
6003
38837
16084
7207
62455
48417
4
41327
72038
5349
17635
17282
4933
21513
4172
3192
3979
19114
79276
23995
4476
22101
7440
4900
6718
30612
47095
1966
683
48674
778
61559
23057
29899
34013
24464
25251
31116
16503
34962
35
4097
43768
1
45687
1783
39618
1
10911
2800
8157
16179
73313
44621
19905
35127
6587
59607
9
12662
7362
10366
17670
28222
81392
60263
46579
3401
29114
8631
41829
6750
30029
85516
23512
7809
55224
28420
21455
9782
17724
26757
1195
17804
64364
10081
57218
49120
20673
3249
12118
24141
18023
5688
4336
31605
1
11215
1
4865
3280
15929
13348
39428
7087
8587
11543
20690
24290
15381
46906
9629
38259
67429
14142
29896
8988
19649
42391
20096
33137
66355
460
24183
39502
78048
688
46794
7254
11038
39936
7375
6252
18503
19934
61625
8716
9688
1559
8340
1
43295
1315
2918
2577
22891
11979
45825
58700
25199
52842
46853
2656
46064
32615
46695
81668
6816
59026
11749
32612
37470
3587
68334
16748
80007
26629
18
3893
13901
28858
42183
71225
18086
68494
49391
16254
621
87273
6299
17360
4879
16356
46205
48668
7377
13636
844
21277
37635
39433
13910
7350
36385
12834
17330
28559
9
37825
43360
10
27432
72946
3168
19753
8395
426
55387
33009
56354
18053
41233
16693
30394
1240
20306
29084
10496
2890
9405
66964
55908
7032
3463
16375
30662
44136
86052
39725
41412
8249
65667
4291
1779
3647
8268
19999
25449
8302
44233
21429
6688
4743
22900
44626
25136
7926
35333
45533
3280
11176
36132
43649
7595
27937
12057
31249
3894
54831
596
54282
23751
34021
1170
32917
17574
31530
48427
4859
59831
35967
2722
67020
10573
42504
19132
17698
17551
61622
1098
1939
6924
3311
22399
19700
36745
10022
2302
35909
26839
11698
1976
50197
1603
3941
6360
54713
5430
33096
4860
28628
53382
21916
80453
89065
22898
2607
3932
27750
32239
64267
4814
1798
11291
2509
14924
29870
25268
64116
29594
4203
1617
31568
2558
738
22559
5013
10365
5963
15623
2562
47406
5629
11636
4403
551
40023
20053
35162
17806
279
8894
23005
2056
16340
4251
39203
14364
14260
15936
74016
82052
4108
39145
9073
66899
21880
15157
590
4389
28415
9905
16353
360
11583
24881
25729
84302
4047
14691
15495
16915
65999
29534
15936
11025
70307
10310
14551
20790
1057
39655
18557
637
19340
2852
30980
17087
210
888
44576
15525
2984
71344
46435
81383
13923
64090
15097
58123
35966
63326
40631
54986
56490
2852
3338
2248
26922
3244
11248
10601
72932
75374
18399
4699
31116
17
5354
49637
17981
41006
528
4302
4709
7338
12891
3941
33310
39230
6287
32606
71044
56762
482
72024
21683
86805
12292
88
57163
18278
5128
36966
19365
17402
48255
2902
8928
6781
61307
38594
5680
20755
6357
31972
52598
61601
16830
46319
35444
6892
46815
2127
4718
28904
7376
37711
6073
22178
63113
31442
539
1588
7119
29615
9418
28131
5889
74539
5733
26686
7982
12592
21940
61809
6940
24043
52726
41551
79042
1216
736
10867
30256
40184
36329
65086
28422
12588
1827
37490
47125
16936
24683
34721
38829
27358
4483
4517
10188
4892
9919
8438
20695
31200
40608
5064
10183
15728
21580
2081
6669
70976
41197
41426
20101
15938
28564
79733
51135
42654
4132
45181
21991
3110
2884
39436
10918
67245
26661
21703
5015
10768
21373
36991
38665
76798
6665
42173
35067
6758
14696
40892
8730
66478
45612
59987
18497
88315
6678
61089
11466
48625
30361
50644
83125
9567
35794
7378
34448
34362
63291
13745
31226
7604
841
21525
6735
41511
7387
4926
2184
1364
2614
754
1256
564
7135
1912
48115
11811
58403
4941
29823
4070
42128
3989
26674
19163
36133
52388
6983
51364
6718
7694
2547
34019
51722
24095
20825
825
27294
1611
7511
15589
1263
13178
9318
950
23496
75407
39134
18859
17657
44194
907
42846
7496
45999
81051
22391
14479
11526
6620
56508
6670
713
8197
12745
6346
72422
3489
11198
264
42446
15116
4185
22013
2769
48195
27224
34259
16770
28581
55534
923
5005
18313
2471
41174
12795
12254
20994
1940
13984
15022
15623
25002
14541
40918
28288
35680
58915
32487
61154
7891
43911
16768
40840
788
9382
81604
24652
11920
9
10021
20991
48792
61161
36505
17740
11446
15334
5245
42200
2220
30865
43134
1244
37349
60571
23978
51308
11521
57878
24057
46177
1246
7849
26758
34731
20811
47686
18433
45719
51172
33542
7497
61028
3571
13175
2336
37793
57639
463
21991
30221
23917
46873
4333
16548
52709
3133
25017
29012
9558
51319
44534
7156
9678
2284
4958
47030
296
57352
5759
27973
16829
32288
60631
46570
22573
55388
23087
26094
64341
3320
11060
1205
44851
13748
57305
20049
9673
36305
23138
55108
11664
5341
3424
70301
22117
987
6263
26744
4801
80876
31888
32022
80670
9774
36836
27741
16605
47579
7148
16931
7726
44483
46904
10779
3667
63602
33067
21721
9537
14130
67182
6802
11625
3402
1134
7357
22108
5398
69383
19804
75297
11034
3024
2329
29959
6957
21146
18731
48083
35438
22973
1
36182
5466
38679
21319
54437
29309
17894
835
236
62590
1434
69814
82939
16052
12398
9516
27895
524
6654
47456
23810
19495
59835
1318
13985
18896
23279
3995
21584
2041
15212
55820
53523
37132
29619
23599
18645
17462
63979
22958
66503
68916
17855
14068
4059
32537
14581
5032
619
53080
23467
51687
9097
38880
7173
8672
21588
41973
8450
15249
14225
26264
2424
46203
4528
9956
1364
16696
20284
675
53686
18634
1969
6811
26182
73486
5785
13971
14969
9432
6671
1506
34867
3765
5194
15114
14790
38947
52808
61610
6761
17503
58036
620
41941
29065
21269
38242
6963
3274
3716
15975
33468
45389
15467
1471
17295
2361
212
40925
3813
17521
67539
42223
2
22910
7210
40897
21094
248
33220
49422
10998
1001
4785
2406
66221
8318
738
22616
14993
52412
50310
47554
15505
1034
24499
38238
8274
10952
48656
4205
22337
25959
22951
48453
509
62384
20783
15352
53371
86161
1631
56134
36687
1759
4900
21136
44054
12274
24634
38026
79176
51548
233
74182
20719
40958
2246
8658
9336
3799
14838
63775
7802
3605
38390
6436
33135
36366
64353
60223
48002
1717
58160
11842
3503
83770
25413
49246
7152
3923
33587
15741
13903
27308
944
53249
72762
40333
62227
54962
5849
46632
86265
2903
61105
3700
4668
15314
11788
7130
405
26933
4830
67410
17014
7365
7042
3595
617
30735
6508
34082
23840
20795
23728
70010
49375
34599
7761
7053
11621
29524
4454
11744
39166
26055
28086
84925
54898
2
32544
6120
1942
31285
18548
25350
22560
25738
38949
3140
6187
46549
30602
65435
27468
23454
477
34467
41556
5225
3825
15401
16860
2515
19049
31604
2927
50177
4934
8033
45329
53820
8000
13486
832
17793
36011
52970
22474
3100
30304
45214
3594
1715
2072
3969
59096
27735
52735
4571
624
88377
10661
13599
18285
75116
1494
5169
695
37157
12116
25910
37530
7961
45293
58116
82055
37429
1149
10893
53172
43112
12935
18219
44427
2638
69885
5185
82893
13446
43231
25896
41272
3560
35576
10684
7439
11811
1084
38359
24518
77923
68165
28285
53913
9130
7635
12626
16644
31112
611
29555
17813
1724
71068
1115
37239
1653
18608
77948
22103
32551
2
7032
15494
41173
345
34746
16856
18195
27187
24337
37395
19077
17281
25865
14824
30233
39441
27742
30724
9506
10484
26362
89293
8285
2431
25471
11984
56052
11128
87278
32123
2535
14809
11070
36937
68067
6631
11693
3578
5006
22263
11067
2164
4975
28122
6874
13186
520
5096
9718
23716
35023
30600
32500
1610
25233
62758
6501
36304
21924
3155
1093
8630
5652
3272
3073
2679
1086
3410
6907
35627
40376
2744
9543
24934
9293
6326
527
12821
10156
53008
1633
2932
91998
40430
14333
27571
3793
46794
46241
11016
30866
58810
5137
10968
11872
34522
64899
1857
30714
28067
85956
29645
33217
48671
24679
324
4063
26114
987
33403
56663
19978
59950
5047
47412
13419
56307
16143
2413
61336
14005
25838
30698
11338
27387
4496
4482
19411
79632
10165
12116
26243
74639
62957
2766
15506
4901
3579
67663
2263
48331
25522
14329
1103
1360
6
10553
19023
2580
1144
14148
30753
2611
11306
4642
6929
16042
14406
16882
12942
4138
67560
9612
8845
36009
87968
2476
56978
2417
5858
15551
16251
11203
22779
39622
31767
44305
11692
29298
25714
61946
33141
19784
91357
14538
11207
53333
6732
2642
17006
62689
35555
33056
2064
11741
67498
14984
9844
53391
12102
24671
4917
23863
1527
59217
7990
68985
14850
10313
9206
7625
1244
3219
21305
4854
34705
24350
59373
88393
86311
53825
47857
43686
56342
20458
9635
6290
1
34962
53204
44422
13893
7516
47354
15632
10870
84925
20
2174
5937
755
5408
3133
67706
1399
13825
2560
76745
13434
720
9651
386
38438
11431
17753
41925
26639
3203
10119
15472
14293
60335
9817
34480
502
48343
3144
1111
22952
517
72333
19330
609
23772
19681
53458
4551
55172
21119
29153
26738
25804
10552
291
592
17129
13817
51159
4567
37830
32760
26990
43543
8718
59903
30857
2543
26790
58250
47815
44757
42306
24055
53399
44355
7229
21894
913
2856
26203
487
3713
9801
23963
55761
37861
1048
36943
6820
10342
12244
4882
11178
20639
19629
32978
3602
29915
63812
3013
78215
527
40943
18088
8577
27503
67893
1745
40297
11664
62290
2865
11785
63302
13905
55540
7535
6333
40821
41565
16260
17157
69738
3770
5788
27643
35490
7068
50572
2368
452
1669
205
6789
50916
54313
38338
8191
29208
19146
19968
5526
67062
13070
1178
80635
1975
24411
21010
11425
3819
20688
4466
14099
1027
3123
10486
34026
2262
55218
67969
37562
68006
9090
68561
53545
31246
17944
4562
29329
75078
8060
5575
1114
40150
2490
4807
34803
44304
5513
5271
54044
4740
59929
23594
46850
5251
56629
43843
71333
28553
40039
12702
29849
18488
69614
33187
29695
19490
89677
17563
11927
14965
2064
42261
6321
11674
23833
455
11260
7731
32042
24657
6560
56111
11220
68712
10005
30408
6509
24406
51879
12999
20706
1284
18761
52728
31441
2152
280
19596
5067
280
53711
3509
1683
8058
1086
9857
18859
16390
11789
24015
67254
3572
33216
21813
16729
71043
7118
23245
1010
9487
1
74447
62675
12342
23033
11954
27978
46587
14750
23486
30855
11818
29259
5167
8336
9255
37411
2837
5015
4238
13957
38457
54999
12754
9525
58721
13303
48193
29785
1283
9912
41577
77206
9409
33077
21187
4193
29492
34480
13458
1217
92079
17131
2717
52762
9819
55658
26067
43709
19377
65125
1214
45
419
18
14920
4121
43828
41599
16354
19548
7689
16661
6813
63415
28008
28511
38973
72633
36131
44891
36755
14961
39989
22392
1639
31953
11665
44954
19698
11583
30267
21399
3479
25469
27147
2037
34310
8797
9645
3699
13535
17947
595
11
38015
53694
12096
29601
3914
830
12827
25258
44865
59708
640
62589
35847
31625
6848
17797
10064
32879
3027
47831
705
12873
59818
9465
5631
44791
34020
32688
57593
60089
32964
22513
46282
41450
12936
4926
48069
57761
23922
56899
22956
25904
1432
27310
21843
13545
2
49805
2966
3200
3726
74
9925
45302
1604
36809
6195
6755
2927
5254
11463
69881
9849
40614
8546
29843
1
65299
20428
420
42075
2629
20303
1819
1288
55903
12560
28513
7050
38062
10533
25651
11710
83433
37742
12395
6318
27845
31281
23852
17765
77102
3506
1736
46343
285
2789
12450
23680
42495
29301
31818
3523
69105
75851
30251
2716
21784
33205
37536
4693
67659
34878
3439
29673
27313
10299
6
41101
22384
4118
44241
1588
13216
2315
8140
53913
4492
4389
892
13625
21866
6664
10180
12260
1372
6552
80214
35359
62080
16073
10981
183
9828
10602
48763
26694
10486
7312
44893
34796
86605
60910
11799
243
7137
20853
8892
2752
3370
10026
11412
1870
35977
357
42744
1154
35808
38819
15156
7765
12637
5083
7930
20456
518
27369
720
65997
33431
550
35568
13545
14569
12110
25882
67829
58060
10058
8713
66406
31077
22643
7296
8540
1
6074
6341
10770
10703
57255
53919
14247
31443
5976
32188
23902
76486
3298
49126
16507
53416
48201
576
1037
41035
3763
15555
28567
1043
49948
3990
16157
10594
20854
26076
59023
14995
7341
11727
30517
6257
2433
17684
7957
2068
551
3437
31075
14766
31802
42579
30282
12428
51358
34292
2274
33379
2076
4740
17999
68485
36541
10520
32270
8342
54284
44164
25516
4085
8101
47259
3430
1213
18683
902
4883
19662
17481
34571
3981
2955
26327
2334
819
313
10496
54832
56958
2436
26189
84005
5468
1910
11411
643
6519
62712
886
23343
33204
3055
3835
1708
3941
29304
27993
65176
7033
850
54765
221
26344
9459
1962
3412
41276
35459
6
62614
33632
30873
24906
13673
7974
31056
701
9700
5117
39799
62830
15797
21804
11796
42323
8074
62218
24229
33123
88601
1355
423
3614
13843
34130
23012
17254
30066
60121
12498
27241
6823
21824
4432
5605
10187
12
247
4254
22510
5458
9043
1956
69214
2371
48817
17212
53729
35880
14585
30589
33909
1313
57495
2
3672
11064
3299
567
76416
62109
19019
13139
3086
2273
11233
67479
44732
50093
38459
24921
22184
28769
10042
21902
1219
24600
539
12983
3231
67963
39336
18403
25929
9560
16253
10876
13566
31767
57720
36489
10497
4070
32023
1446
3571
22968
63099
25648
50858
49145
10999
9894
1202
559
43126
38401
11744
39565
305
7178
44728
49306
21693
63265
3767
40904
61249
6445
5691
5205
11855
3809
64254
4522
48285
2732
8098
35519
4248
90470
6685
19814
18958
20187
3330
12899
12208
3147
55958
1061
1488
9208
33779
41659
4536
40911
59941
53406
4210
24323
14380
28688
14436
19522
23226
60583
85583
1456
2940
15251
48
4568
19483
5125
39655
4012
14657
12466
48060
45557
1327
1519
8503
7646
9563
34782
423
1803
36801
18706
9752
1771
9514
18336
4061
14495
26255
19473
51464
8544
33290
10611
21730
25253
31334
14838
10419
33942
10380
30558
30397
12082
17793
9246
27925
24148
47571
40322
7366
39047
9931
42261
49482
56206
43971
6143
7430
10440
1308
72130
18978
22090
5
32010
20738
49989
7069
34875
3322
19952
24120
2121
765
92381
6907
2553
69107
43090
22239
47870
8990
54279
58205
58572
61211
54288
26728
56412
12863
61490
4612
34330
12136
11709
19787
2496
14264
49890
18784
45592
33582
9562
29623
9751
31791
51790
75696
2658
16769
26377
26461
3820
10346
48713
3426
9576
20832
12490
12947
2198
24250
1356
73760
41693
11838
17022
2245
15012
45606
10694
91992
14559
4925
26577
6186
9031
9284
49223
24691
548
1767
4629
53396
32303
3165
992
15622
11520
33585
1
32895
13687
55026
4342
2453
35492
1108
8595
43750
50875
8370
30254
57534
10151
417
19185
12745
61487
12858
37406
9667
32774
50095
33442
16383
17292
52239
23855
46192
13857
62156
24866
13152
13776
7916
27964
34654
10677
15865
26807
21000
1931
3512
82145
38965
19458
61166
20741
69789
9602
20073
51988
26714
44987
5620
9614
54975
10324
4601
3637
18065
32649
26036
1280
75831
54961
2348
1768
53875
27856
611
45196
8834
63474
51005
2052
28161
20147
67077
5802
2216
31524
25744
41463
63407
14898
32203
8997
3185
54294
7927
22798
27367
9344
8849
1727
23298
42871
25734
29208
42799
11897
35189
1751
76037
44666
25103
67629
79678
10529
4882
4868
27730
39583
19016
42678
7428
947
17136
19031
705
10078
13395
17624
7867
482
11377
31373
60237
13303
18603
2671
52213
35232
56659
23924
6153
52268
13665
718
34301
2573
17693
6777
19427
8067
1701
9153
38627
693
11589
56301
20878
3414
3229
7042
39599
2149
4481
1316
1898
9309
23800
28196
8089
9243
2578
556
34938
20688
37336
3611
11022
32572
56717
5580
17924
31833
39498
51540
15330
28029
48432
8177
21264
64938
19088
11869
10669
17482
14424
62515
60284
28085
28741
58505
11376
911
42882
33928
6454
44123
85543
13217
17664
8499
2032
28243
35159
36377
43277
17258
70444
17547
20115
81954
66940
44953
1812
19086
8674
15497
20349
2903
20279
69295
11315
530
26795
5701
41866
31955
25521
42128
14630
6938
43744
4567
6869
16378
13303
18712
9413
4460
5479
30152
8354
4784
31207
4833
9889
2807
981
46484
35796
61575
19840
14652
63499
3956
12059
1679
18804
3620
7
56951
16737
42341
19687
64194
60824
2450
15935
10852
39591
60202
4654
10064
12217
3606
26205
12705
4229
368
30677
26187
66034
12510
25790
23245
38972
5445
36321
13130
39158
19303
34208
612
2444
7694
15991
5968
2631
468
31283
47436
53371
4554
22890
20079
39258
8501
13983
35225
31053
5317
28928
14854
73086
8165
12214
6093
15814
4819
49557
22108
10485
17313
4338
1245
23193
65986
23074
23113
6818
32923
18539
186
13289
39333
45412
5049
73817
6240
48354
73944
19271
13403
3379
7672
67953
26694
10849
17204
5648
40606
63944
25184
8054
3585
5916
19969
29183
624
21395
56653
1646
13290
5858
7471
5813
23594
40644
20920
49266
18151
37041
76474
50365
2678
12564
60269
4286
36348
5791
29475
2
69
4012
977
8450
2498
5429
17061
58726
8596
1430
33368
65512
72521
17298
37430
8352
294
34164
23482
26034
16909
638
45049
22299
28610
32918
23565
11833
9673
13573
23211
13873
5339
65701
6352
56738
26681
38103
14128
5987
41702
10670
722
65
20662
55811
47798
40856
15371
9356
8624
3
16121
39766
463
2324
1987
25502
43465
17658
13188
13718
2585
14882
6710
4934
61081
7418
48940
17359
21738
8571
78112
2450
42121
29417
10441
20263
650
15807
44325
40032
43449
45186
21831
25462
63275
32359
10961
8248
60202
737
2469
50597
53148
11679
11427
24311
23432
778
4286
67235
12
36956
29787
46320
8747
28553
6246
54813
21111
39340
11150
17522
45593
13057
4511
15375
2517
15566
63890
5663
14121
44659
37326
6466
18340
1228
25387
10288
28233
2263
57749
23662
21904
13
32033
23898
2327
65830
51380
10861
826
12569
5067
2195
62449
11340
44343
15631
3074
8898
3040
24444
27254
5581
33608
1931
3539
6115
2636
7533
11226
16429
900
3775
8856
8993
11782
2491
260
11306
45258
43242
26772
9174
1
28876
3872
7144
55
3135
11284
33271
24708
33206
17383
6665
2165
15250
7383
16936
47280
50844
469
2289
60103
54543
606
24718
10
67786
7873
53042
2873
18151
43017
19172
4250
25272
41890
45288
33925
63665
8351
51119
62611
25085
16097
5436
2110
28959
8565
52976
4
54682
6024
50171
49428
30154
51787
5698
4098
31979
10308
4
29493
15076
47950
1333
13320
54001
351
11298
19759
55561
28240
7148
2940
8373
23284
17435
13243
647
45952
54408
12709
22094
1483
33566
27626
23270
3118
50786
22156
50650
10337
10087
29854
26143
17620
42442
63915
7679
37628
38546
35941
36618
5573
57607
6670
4679
19107
22274
12837
20631
9535
50157
18175
9150
53257
37522
31491
13682
3703
10062
10508
61487
36191
3416
36369
5110
16522
802
842
50
3066
4954
19061
2552
21941
15460
4967
14005
8167
3100
66
2927
7671
8401
1383
8836
39042
21466
17566
24654
37315
18547
2
41
30003
4422
6711
5256
40781
2555
3235
51784
4780
12375
29370
31772
10779
4237
6025
15986
52514
5787
29702
44707
13915
5722
63974
22909
16821
67511
18630
47983
5640
106
3782
9005
735
29297
26514
8390
27187
8638
18512
11664
1690
23838
32871
13367
18763
12727
40767
96
12822
7644
46527
6861
22387
11790
35826
14261
2
42632
33736
3745
43705
62372
4244
45817
12527
2273
2116
74888
74025
13021
12282
36931
62507
10953
16322
363
5992
7653
11637
71157
7346
28891
1167
23675
6237
16625
8396
9426
1537
17524
8280
35740
10442
2764
27342
5897
13240
38249
9594
56644
19336
1537
23136
19890
7792
5046
38010
8428
24557
82760
226
18791
69428
61185
13157
2534
2169
3926
19029
926
2950
1226
74010
3121
4248
11287
6566
5491
2
6806
4790
41703
10947
13158
58531
57010
6247
16018
7681
66657
68192
33210
22711
1683
12784
27942
15280
159
22972
20743
55876
37283
6980
4036
54097
7798
41157
40984
45410
43616
48271
41450
4047
9007
9460
44242
16874
35721
66467
5068
10803
39355
16733
14074
5906
43911
34911
35279
4452
14463
15677
8
5421
493
34247
60097
84493
11071
15969
41380
38181
1824
22193
17749
51209
7259
57841
48087
20353
6604
48390
16462
4915
40270
4028
21010
69329
68408
25083
14457
1259
14694
2870
43885
22815
1592
28988
1319
25479
10360
5878
51811
5860
12402
60157
38595
18695
31128
60984
15159
4
632
52659
18
26167
28161
25713
13018
35870
12528
8015
42797
14135
4802
9355
46395
4996
55623
2994
3916
34891
34526
56169
2363
8922
5328
5909
56780
5889
1
13948
54385
13753
59325
17179
78142
8057
3742
55265
7057
21111
1724
81473
27402
46912
15372
1432
85590
6763
10359
57144
1221
15443
2059
1672
8805
50975
4901
31604
1836
34945
12068
597
19610
60863
27516
39833
30043
12685
5672
15293
2354
68249
17815
17583
3190
919
61
1919
15433
46414
3066
62857
2710
34468
16875
9132
355
3827
17637
18900
20276
9574
2651
7430
5017
513
2806
2299
1479
8803
60894
20889
14610
28218
30598
36415
929
5130
1607
5008
3481
20667
3381
22215
9620
6626
4055
48101
947
21760
6855
24147
7577
25022
4709
4418
24467
46351
46872
43
1400
65598
20352
74762
49805
58401
23842
18764
5861
39858
67620
3875
631
3099
3587
24320
4270
54695
222
17606
11534
1116
30682
2491
2235
3138
8334
11882
55959
27792
31579
108
11131
46052
8883
20604
4033
38981
24717
37758
6605
7349
31489
56573
78897
17097
14159
6715
12665
38201
65740
60405
4544
7732
9040
15116
6985
355
37538
2758
7516
22977
18242
50075
788
14906
18188
4473
20796
10642
3425
6609
2991
11006
17406
39327
55041
2752
15561
26731
6913
19870
3671
56225
35140
67256
52438
23804
3768
2481
15782
24533
22339
5650
23784
6757
3874
33167
74164
38706
6309
11028
29959
22208
59499
15580
2915
16093
19597
78967
9137
11889
37248
57497
70460
57017
46093
2243
1169
20843
22265
22146
58286
6887
4635
13236
7053
1820
86566
12266
64854
46111
2220
29091
20252
33208
17439
21478
71677
26585
459
17770
20254
3353
9418
17653
448
7898
80319
14831
7272
6826
4918
18566
8972
1316
49841
33299
904
42712
9383
46072
22114
5894
14355
2820
4968
2407
16855
4713
14612
9143
21810
10803
4115
6395
44771
5029
5648
14399
12754
24537
4733
6545
2959
13724
4036
46162
14991
11982
13903
17622
9482
7129
4664
3929
23597
56431
16792
8810
11163
1260
16052
7092
3260
17709
5951
35385
29619
25212
10702
1193
9700
10329
25172
40933
12005
9910
33874
19925
4013
65525
47732
18943
6936
5841
33173
10269
5102
9196
27741
17373
2379
3433
4968
38926
1845
4288
1458
18504
5444
8200
79631
9759
26608
5017
18320
12052
89089
6312
2699
27958
3081
21229
4796
1411
16072
21828
56958
1224
2319
74735
48483
8645
15825
22947
8326
917
946
84011
437
63079
16725
30702
5813
31725
6889
2570
5439
3713
63608
61244
19747
36789
36842
2463
35087
42846
6226
1142
3790
31525
3563
1655
53254
371
270
59109
20480
22962
22594
6479
16265
23466
39878
82710
7448
2186
41745
24403
55904
43655
66929
34375
32406
18145
11004
45678
7478
36445
7220
20660
73095
2739
1369
16572
2363
3242
25810
44630
10164
10052
33731
29810
16469
14120
44
66220
35884
18852
15197
64451
47519
395
24611
40742
25354
57501
12773
1060
24144
39589
30966
12228
4907
33427
3058
4116
66847
21904
30839
6691
415
9738
9956
50645
37420
2566
29584
64257
485
15394
4584
30604
21612
6560
32105
13411
55504
73486
27872
2161
12645
2540
6856
255
1663
3632
71634
16085
8685
5875
3316
32064
47276
81888
32764
68967
1339
2735
17553
3499
54182
51075
7285
31712
66842
81137
7898
10713
5395
17820
42724
6766
7697
6132
22708
10716
925
55506
58661
36324
13298
13185
1348
20408
3071
7988
11535
7667
359
37073
17553
7
341
19846
1012
10105
21474
31605
30603
498
3719
40873
1902
17638
9378
6932
30554
768
14781
60357
76456
6230
284
47
17813
64806
15868
925
8094
11656
6761
3989
34302
11156
19778
77568
12218
1797
29427
10781
28507
9393
17773
27013
2284
19379
8921
62175
72651
26956
53666
5434
2209
4914
223
67640
12915
5645
37533
33995
33824
2189
61188
658
1019
5864
51697
55618
13419
59048
35254
9655
16587
22687
803
60039
24487
15551
2568
5728
10084
3004
14620
3669
6104
8165
14510
11094
60333
49361
705
25770
24141
31005
15039
57002
23936
38115
28647
23879
52030
18440
2116
47443
2915
58654
16660
12583
16021
22778
1468
38081
23195
9419
11081
22698
63771
20972
1441
19438
8604
2560
6356
7171
23752
51063
49181
12353
54126
46391
6933
8147
8536
8524
22702
38001
12254
2254
4266
25242
32425
9457
68
12671
24048
5437
847
28033
23137
13672
25985
33761
61015
32243
5403
7908
22099
11182
3184
1682
60060
15876
12580
6491
14983
2290
14351
27172
7739
16645
3886
4794
12371
15371
34861
8029
46547
4253
24477
9805
2297
22382
613
1069
11417
19486
457
17
31540
32773
72498
29739
19628
46731
8001
5327
35638
35200
40909
12636
16901
4970
44147
52170
2310
552
39167
42594
30909
10708
6856
58984
52041
36927
2480
83047
5704
24048
2591
8650
59799
36541
42336
6005
58058
14104
8765
4892
16853
30321
21054
6772
10620
53858
11294
52425
10137
25803
11670
18431
36
52202
21795
70066
26757
16826
2456
9433
51663
15923
69269
17790
57683
10483
24534
25353
11857
6537
28356
88341
23006
2638
14488
5559
36785
4140
22369
7137
17464
13309
2678
8418
16831
11557
49510
21759
62782
30209
4716
29659
842
17927
10971
12623
4879
56723
25256
17180
16990
31156
21435
220
427
2911
14749
11439
80646
45258
19777
45346
3394
50864
338
46137
2076
21759
24706
78875
71119
1960
16
47059
13852
21490
4165
41235
14409
1761
27797
43571
9131
16432
2374
25245
4960
23654
46295
17844
37508
11433
2802
2580
30681
38902
8369
37
16543
39390
16991
15252
33575
4594
28919
68528
42107
22249
13591
5143
4912
10216
529
36418
18506
22224
43423
18516
21486
61924
35174
6104
37288
61678
10570
58644
15488
966
5069
2052
46520
25419
784
20283
935
9103
3432
32083
53353
15080
20023
56205
16515
21911
1482
12974
64900
831
16200
3132
29566
69343
26252
5141
84772
1862
11371
25071
25933
16376
28457
63821
8714
27131
10294
41316
3497
2009
1718
35696
71752
41366
80683
24549
28466
61883
33067
38059
23013
2525
41348
50683
947
32389
2465
4528
40431
33238
46198
4762
3
28136
26085
10430
57561
13969
34273
21654
2451
3956
38436
17766
14311
36201
26335
540
20849
69871
9313
815
831
17936
17914
18252
1882
549
14994
36756
72780
4909
64866
21507
2362
6051
15868
17453
3366
22529
26464
1287
12505
9138
60762
7788
177
23553
1196
25364
6224
31045
58343
8787
15608
17041
16719
59296
961
3372
31951
11754
81423
631
3047
8210
19178
19742
6751
57850
19548
22181
4596
36633
7090
509
24923
11
851
18292
12337
43678
986
69762
23693
70525
21363
4331
29951
36119
2090
23722
10957
1039
11024
36732
31970
115
19583
16272
1553
40667
879
68271
15803
14997
22649
80148
66338
1183
4989
26946
25071
57930
4077
17591
1098
16719
6690
1148
4445
3532
9829
11266
13275
53106
16765
54779
22404
85606
81024
33636
2527
13505
5793
65025
1925
9190
28183
70323
84905
2035
6068
12195
6828
35519
28697
11423
37265
47638
17555
25
15147
17750
17880
25302
5506
10185
4661
38343
5298
26273
38253
8841
24117
19767
13250
42303
52017
1005
15671
48206
28127
24777
2915
2301
3079
10059
65
25648
835
18104
45790
16028
1189
16391
26075
14198
831
41197
1205
8258
33964
5144
7133
32136
4484
3069
62446
15478
70496
10959
24642
24195
32337
49903
5128
5824
10293
8260
6002
599
66602
26553
18586
20914
1747
19639
13104
29132
43952
43920
21181
4474
50494
4075
16058
51071
15950
63862
39603
14708
4904
44517
28528
4851
25120
13791
651
63670
2744
22431
68885
5639
2117
11718
21386
34240
14132
36107
39238
31564
67993
10449
14918
758
24254
4469
20814
17096
9756
425
35337
68681
20124
51862
6363
18801
1496
32398
43776
36486
52297
23354
37153
1916
20102
12839
17939
26352
13477
41192
9959
1538
66236
16752
3482
42260
36653
45651
566
3712
55262
28716
2388
3943
56181
44141
9471
53523
54875
9220
15169
33164
5083
44210
837
16033
46054
31777
3828
8494
14246
26835
13511
32624
634
19317
46796
2833
202
78069
39673
10277
24654
27765
3025
56467
48872
13904
5700
14
69180
10660
8778
26409
64855
6419
63077
29077
31255
27284
8554
25755
60994
8909
15278
25727
13838
66158
36570
25562
17712
12303
20847
64322
14616
1740
4369
25363
28812
1718
4173
56605
30097
2622
51088
31098
34464
51423
494
19077
62014
10431
5239
299
34619
19024
2778
29536
19743
6903
18913
285
3803
31501
13975
1919
44609
23087
3643
3252
2877
4541
43567
17926
19626
8995
2337
39034
3441
59885
24366
9994
48991
9519
877
14327
1045
31378
10327
33230
76216
22174
1499
7264
48322
13199
7321
23289
5510
18290
19052
21003
18479
4270
3858
20951
7617
11549
50832
471
1771
6132
34008
5390
12958
41478
10025
32602
32223
55766
1228
28236
77811
39776
23885
35912
3750
10015
1244
44623
6801
30687
60923
38123
16736
7245
12395
2736
9226
45134
36515
6295
33254
29317
13189
15367
9289
51043
20308
22533
49242
28261
51448
8657
35611
19238
10267
203
9727
3044
32226
14636
37075
59627
57828
10571
21110
62679
5128
27680
3977
16930
5392
9
38095
2865
64817
2816
741
48905
10674
50743
347
4484
60547
15899
40265
24270
8406
16956
33821
3589
1634
19337
14589
2601
19381
43572
12805
55188
351
49944
57877
6588
6040
62085
5827
377
13832
355
41902
35744
31698
28727
34431
9841
26431
4443
4969
49121
18912
34124
10494
1694
29426
9435
14154
37644
45061
30142
23561
42385
54189
20273
44933
4758
1887
4368
75761
68458
19292
2881
12224
31148
2400
2823
27175
46266
9124
20931
1001
14765
3491
20416
820
4144
495
12939
20122
23913
46906
4391
28453
5675
2453
12335
14
29771
23331
4524
46652
64666
51627
10841
41053
47425
16069
13635
85228
35873
3302
34324
19139
30662
12138
68792
3017
3632
68040
16215
37698
17731
14896
3742
62515
13398
21776
15954
299
20328
10045
1825
7678
26858
24332
42489
28308
34529
26406
15648
9227
20298
494
28587
11931
9018
7673
1391
763
51
77149
4942
2569
15043
33282
72190
6274
46764
479
6195
14
48525
3908
38948
19685
14516
3081
3706
16192
8514
19475
18712
3783
42271
24097
51747
42627
23622
15422
31716
45863
7028
58616
16533
55457
7648
47227
54805
11248
43201
29541
22125
8402
17960
55408
269
45175
9692
49777
27546
14375
34568
12388
17387
9557
332
7559
6734
12203
19038
903
5931
17777
8278
15401
524
43302
4907
45855
2
49752
49741
52852
5602
58821
31399
4281
9270
16602
2255
8248
9277
20549
48038
5351
12028
70900
15696
1151
15152
38965
1075
37575
37824
4680
30212
2075
12553
3470
4878
49576
27492
12645
3539
55695
40354
21252
41363
22165
80991
60436
16028
36822
47317
5203
4011
40394
4381
9309
6335
23585
39065
449
16663
10217
56306
57586
841
4062
14338
57354
12227
35917
7267
16610
6135
3812
17062
92822
10042
4977
691
17365
37965
9230
2731
8748
291
12111
20560
34588
9213
39500
26837
21915
84179
19617
66104
25829
1609
34570
8067
52981
24492
14873
61123
5685
28854
2092
20283
25878
20359
438
22137
7345
9624
59674
34955
2013
522
65573
20537
17566
30580
10390
14772
3736
25104
69766
19411
27693
5840
16319
3900
23859
37136
1510
2570
53269
41162
69592
23273
50166
26686
17084
38298
25852
381
26329
54638
22137
37111
8405
47635
366
42147
37735
4649
34387
20414
3444
27701
13107
18465
5152
17661
11731
16318
23905
58555
44283
21084
5342
7595
68636
61338
2293
19732
17661
24881
26840
500
25320
3889
11510
25153
11284
20369
13446
65929
7186
5261
1633
7982
51819
37517
71371
22273
22633
24596
27520
20045
14847
36979
4402
60355
22167
10373
5108
5734
18808
12387
17386
8230
82235
10781
24020
15863
3
45087
19740
55862
73564
54372
14493
59218
4854
35857
35788
51417
6539
4367
27294
39975
71958
9269
39914
17704
456
31689
25336
4989
49821
59888
47507
23002
38130
6
8473
3621
14329
10911
18631
17002
31376
8097
7259
36839
9469
48712
10782
32491
51292
22670
29939
779
20200
14117
78275
47532
37054
14783
17136
16528
2061
53152
6764
17925
21359
17387
16026
3894
43007
393
1376
25844
6055
14553
10619
86668
58917
9471
4013
30773
6182
5509
69268
11866
12117
7169
79571
63479
59351
4388
14419
14896
9104
26246
25161
30782
7809
29016
16915
30986
39258
20435
1535
11985
6316
65848
114
14679
2050
43712
1511
16752
41640
55836
2461
52827
56458
3087
12099
57374
27073
404
33347
5034
31532
32096
23763
28949
4876
19584
1567
37132
8023
6563
5
1971
381
58562
74229
14715
28127
36124
4006
2
27025
34935
23245
32284
18480
13210
13446
15915
785
10334
24806
16403
31691
25209
8063
18680
10799
53120
19061
19217
1856
13855
25702
44062
26626
2707
2983
55637
12760
59848
5
61208
24752
9469
27036
21815
4030
4730
4117
3057
61169
49243
77534
1019
36901
11753
16685
35530
18793
53957
44080
11834
607
45277
57176
6111
833
24737
4221
17931
60339
38967
39831
13005
874
7550
19101
57598
10130
10317
846
12157
7549
10593
4177
48976
2053
13529
30609
41256
1356
706
12214
46876
9947
6539
5399
5478
17932
16559
10106
36524
4690
16784
38382
15922
21512
2439
12655
2692
65569
67344
50459
9122
75389
52374
6082
43185
28669
3032
21203
31792
7587
64298
15622
37231
4331
43784
733
37346
11040
24274
28516
79892
52747
75358
41328
3682
4585
25574
12453
4207
10183
29265
20513
67790
25001
50811
22754
6968
9267
19791
21198
10338
31082
30339
9248
58257
8210
15700
63800
33018
93
7761
6673
28186
17614
7677
18114
3764
22474
9505
7497
15587
3758
17438
59575
957
36412
2198
920
26707
30943
29123
80614
1167
47885
27174
80101
41356
28713
5844
1888
70257
4968
20740
6004
18690
29724
18484
14582
29407
5422
426
9407
1024
46134
16307
6750
4869
6667
27124
22612
1832
31936
10083
34821
43502
497
1571
21678
75426
22363
44803
27182
59500
40485
22477
36861
15673
362
21720
54009
27223
8114
14009
31954
60146
505
4504
2418
6136
41857
5105
21595
4368
25834
7703
10652
39367
25934
4789
30781
6323
1460
16686
2014
21546
36380
17160
10615
65703
7
78495
31196
27438
52376
245
38212
40128
937
3706
35566
2343
65821
22790
2294
16681
1608
3258
37527
1998
9704
47830
24393
5286
9556
74397
9236
33403
19948
11326
24012
19181
18103
11076
14253
25320
46378
67061
24169
39171
9790
35195
16379
8123
68418
15302
4291
17185
5115
3673
8273
14530
2411
64209
15082
50483
33027
52987
43721
8958
11354
9666
28947
42873
6495
3877
15355
9083
1244
36149
17720
37151
8938
39368
440
18741
9919
76324
561
961
12538
69851
36329
64851
9858
2463
49591
10833
6967
34234
42630
55746
40406
7590
3511
90775
59581
1252
4678
69055
2893
12456
12488
67308
15578
61682
336
28022
40727
789
65314
3969
65324
16779
28565
7851
3453
802
1575
15128
26646
3057
14386
27759
43731
17953
17278
3907
20787
73384
2877
682
8302
62622
58192
71889
69182
5745
26383
33893
72722
10982
21802
66019
28538
3762
51114
4985
3293
11639
63104
3542
1
26610
5541
30589
10846
27132
23684
2225
9838
36108
62764
52570
28105
12563
10939
9511
46576
25060
36866
5328
18170
489
240
11515
58314
42856
21360
24472
28154
22108
13008
11774
66593
8381
44986
64436
13476
8698
2140
48355
26584
48932
704
26594
9444
28428
49694
2928
20773
55986
10670
77624
24273
33689
1995
208
3348
68638
35345
22648
44252
45601
35653
16357
24430
11942
28836
31112
49874
60754
24
50320
35450
30486
10974
68288
9033
25531
16137
10013
3222
2102
10830
29679
28929
769
43419
62301
21413
58249
1570
9697
2846
13013
29756
33534
5379
55020
36143
50688
23897
16915
68719
887
19585
17400
28534
28396
25757
35245
59512
27888
2267
11989
31570
3432
40531
30521
33246
28538
25668
28884
6458
11999
28827
15616
10254
18687
55402
5783
11941
24456
32588
33365
9966
54555
14060
18589
16172
11723
31878
8495
36130
13529
10723
35358
22641
20652
88266
1992
35027
11811
21894
12844
1062
33880
34074
51741
82
10560
72163
17566
38791
7044
7628
33566
55664
3665
2228
61784
2084
29193
69629
10498
4720
23372
51985
35008
32824
15802
24087
2106
649
4
23585
15980
2654
7691
10298
33974
32135
20592
8277
16407
20362
628
14340
15905
67830
45380
1453
12395
3620
3445
47454
8745
13287
2753
8565
16207
44649
17676
61480
362
24786
282
1394
59658
27682
3099
51656
17302
16317
3437
21532
32650
74832
26966
60171
1347
7605
12697
41814
2678
17684
1782
34627
26675
12637
34950
11616
42935
16805
12539
6387
883
12512
18172
21600
12255
6687
21592
72243
33945
7160
413
25930
1781
22464
29344
28150
45511
31982
40878
26953
21
544
17225
44746
5607
6652
629
32750
4825
52816
13831
1016
14674
1375
32626
16196
44487
18952
40020
19388
754
12314
16682
1523
44715
87239
21175
1646
5514
2591
29201
57341
14782
7164
23562
39074
3379
43941
35176
33
648
62919
43101
7947
1466
20819
24797
68856
101
16805
30310
19900
47023
497
18319
28159
28758
18872
3654
33068
58632
11757
1214
3882
1443
18882
28778
7426
57713
22403
36433
31762
4000
10006
36763
41073
6979
22258
29865
16892
72203
5773
14152
26034
2116
17997
19819
10776
12374
12471
26868
77348
22822
9026
39
58408
30710
56545
75761
9433
10343
1285
2723
34344
924
25581
850
30089
20855
35803
32160
63939
26646
55296
7373
12232
6968
11416
30628
38099
9511
330
1748
88071
50347
9238
11666
44242
51195
17697
21391
34606
394
56884
45444
9987
18067
62104
19278
33761
1233
37761
41554
460
50287
2700
420
49278
35454
56490
5670
26433
11203
2869
34725
1125
31495
80422
248
57959
3518
24687
2416
126
56181
13170
2807
2595
7756
978
8041
22125
56167
24652
34450
38850
24698
2022
10519
79144
8112
20099
34272
26111
40835
15062
490
49980
16019
2
35316
87219
24181
70679
33148
86431
1593
2
2504
11602
2640
17691
41991
28990
951
6237
51014
4877
84396
60963
52146
5412
19529
34933
33155
3562
1458
4004
4532
12709
50178
9636
55399
74528
55514
30440
19352
23008
24954
37941
23835
20000
47946
12582
50124
55689
15684
4899
213
29253
16784
39
30778
3051
58665
3497
20478
33754
54676
26879
8
83120
217
39332
18585
24441
20770
6977
47125
6528
3441
6484
5878
4113
91042
12994
18844
3660
4868
78122
14710
7250
3588
48629
1556
42493
7211
37498
2401
40989
52662
23799
4718
5123
42717
63046
6164
45020
57645
71019
72839
2196
3322
2223
5881
36095
48810
33058
7397
18894
7177
63779
2387
31351
10194
50920
18100
41213
11738
52615
22950
10142
10581
4692
8913
4723
4893
6
21617
6776
4018
10018
8106
28073
27
2979
45861
22133
3875
262
11523
31925
42526
46843
6978
54161
17315
1653
32366
37139
10244
52270
6497
3989
54128
34006
10806
19998
48444
16179
23153
17891
11021
1164
39986
17119
39187
31847
11176
7969
13368
72831
47170
22269
9247
24154
62341
17044
3328
16539
4463
15
44040
60681
46773
5566
16875
29324
9554
18539
6199
48802
2100
34660
3447
22836
2007
42071
1857
91
21398
5358
516
1579
6122
21935
15
5984
45760
4439
43477
1098
4703
54415
12617
53271
41490
56672
706
2032
32329
53773
5141
10806
2761
64051
3032
63332
22186
36206
19518
25139
24039
26358
24604
12292
53926
7702
12580
3763
24050
56005
38701
40105
25217
19139
1589
6700
9084
71640
17052
52974
4939
67396
13407
41634
13950
32679
45871
10388
1882
55286
29844
24257
14268
6661
76897
60998
5
27035
3453
31969
14759
6222
12588
1620
51123
19009
57681
17087
26615
4
42769
12618
13031
9672
1586
840
235
41709
46595
16554
17459
17277
1519
3123
52683
604
20335
7646
36216
26196
18180
35196
1635
13993
11199
1262
32274
38751
21333
25004
3913
29945
17655
7300
31326
1787
29917
10976
21770
26779
39684
38889
35671
29458
45328
46426
24297
23570
29614
21299
51485
15148
13634
18251
7847
3683
2712
4644
16581
6790
3930
20716
4076
9690
68028
27749
3471
4186
2358
40346
81108
29175
8872
77359
505
3714
6744
15019
5121
1552
25204
9352
32773
6789
19894
51652
61424
60077
9095
44241
39210
14993
1765
458
25454
16339
1
77026
7692
13471
462
1597
41550
81792
11899
8164
20653
4569
1197
8084
37207
63411
13848
1420
15045
69185
952
24518
12199
91465
4220
816
34592
33031
4495
3171
482
5554
2069
14078
945
9478
6191
15712
29092
8297
50414
7548
721
17151
13529
9512
1377
15229
3422
331
26617
55495
59720
12135
57202
7593
2449
23350
2971
2303
43247
43687
30811
9339
31750
36275
6088
2803
5588
3976
7329
6425
3990
8046
1393
1020
814
532
11249
7201
16405
50813
1459
2728
8320
35373
36619
8439
87053
29223
6152
37021
7343
19384
62520
4157
16211
37496
32648
1607
44818
14057
24663
27
25244
51721
7433
7042
17000
54238
419
51920
14534
8163
36
22837
18772
38720
58670
62643
62702
16309
85641
13873
11388
15523
6417
8024
14971
77632
42412
12135
2998
13722
30173
34371
72437
4
22555
57952
55616
31765
20059
24131
35515
6975
40184
28910
3964
9877
36246
15878
25632
41465
15757
81919
49967
18378
52104
27902
7637
26031
14194
21059
18375
16021
85693
15939
77287
591
1675
3850
301
29741
6254
4727
13642
23460
83494
66819
7315
8686
6625
26713
52895
3062
5087
8100
3935
5745
37117
15770
843
10393
1668
12941
23742
2635
56388
2917
13977
991
4440
4899
23178
4451
51622
56828
29653
16162
6259
12363
14400
5607
7512
9850
8651
9472
14215
620
44061
16095
40843
23469
9648
60001
51347
46810
9569
22883
19482
9426
1014
41359
33726
11220
36742
10379
67261
59447
15868
3665
35765
4662
8195
24942
73044
33177
8088
2186
8
19845
12781
57796
8197
13538
41833
7619
2888
50987
5848
22927
4095
4652
37733
52657
2655
55469
7575
51266
66870
55790
6600
20398
82813
3041
1
41101
13199
36787
41538
746
43557
61253
24883
27624
44144
39821
868
21546
25829
23873
12038
44298
1322
5336
41421
1976
31878
25877
38898
4375
19914
9911
12227
25957
3177
14216
3959
5287
22336
6544
22028
36464
8808
3776
181
12554
9998
44779
7980
38672
14803
30533
20673
15318
18487
40690
15659
9125
15580
10141
87386
42912
78473
62924
56965
1363
17816
20346
52
6672
1164
8307
6157
3816
16829
31621
10584
22664
19933
14364
50120
31691
17767
79688
14305
11620
75750
22755
8372
6761
1960
20440
35629
6565
62113
5459
1200
37174
7514
24028
23842
20175
19337
18169
6082
9048
42811
1458
56719
84646
14972
24401
52206
30643
9529
35657
46222
40362
9034
65786
15227
11869
27396
36210
24918
45233
27043
70795
6005
3318
10200
73255
14834
32300
76534
14717
14103
1107
13166
1006
23941
72554
35474
14670
39227
20109
46334
12441
362
65206
87555
32792
38071
54307
46841
14713
4973
10305
44125
14010
15427
54775
13403
57192
6976
17383
48843
26765
50252
32300
794
37071
44250
6389
16101
14679
58
12628
36102
10922
11361
50067
4453
12129
32884
43891
23564
5532
82838
11801
31874
24271
217
9920
74083
35602
58405
1287
626
32369
47157
186
16548
8737
3905
47828
5891
26972
73799
2486
4038
13270
7142
3301
7529
17917
11699
34505
79505
30177
9459
65050
5050
27246
412
70527
6009
15978
28454
22033
68296
55245
20407
43233
12089
18017
3288
39667
7904
17216
20747
16885
30120
1
54347
27783
22061
90839
9604
8721
22883
6574
9456
6497
11497
70324
8734
20698
55345
34767
9861
27458
6729
45497
28894
9788
13138
8478
21933
28877
24816
4316
38023
30090
5846
15687
24188
14359
51650
38860
7503
25631
44
50123
34473
18085
21188
56736
1922
47881
36564
8072
20449
18840
1233
14683
44026
5252
9771
29859
25398
9933
3998
414
11237
17980
32118
43594
6913
8517
60592
25816
2735
31667
3933
60277
47402
30506
1136
784
295
1083
2332
9003
5413
29345
8879
14337
60264
4095
18159
14729
7075
34840
41549
13975
17572
63748
37436
8791
16341
21776
27409
13678
290
1
8327
48800
2637
362
9739
18205
2804
26241
22241
21333
9015
24820
16482
48076
23547
5248
7227
47710
295
21975
1100
5789
24764
44875
51590
30899
10995
16940
7399
16466
40701
17274
32031
60928
8086
38068
798
42234
1367
30066
2
28614
5774
46500
33941
48475
1605
247
57869
5953
1479
27017
60991
56930
2
29073
7932
7566
1068
1977
9767
61863
2359
26572
37743
46996
43137
11198
38686
11371
1797
37734
8112
22097
52323
8654
60382
28746
7927
4186
4887
4453
14353
46943
10810
10526
12289
702
35101
24093
7851
37400
21459
5846
2261
21225
7200
38979
31183
48045
51090
57569
20603
430
7791
27749
33892
17403
4357
13158
28922
18676
47896
54082
78311
4015
2486
52590
25263
37619
2757
8
6062
19697
14453
9675
3099
44879
4346
67662
9307
59254
45921
16804
4170
63630
5786
17235
26390
69051
21378
20769
671
16893
25515
12248
21856
62794
78763
5956
32348
2033
7728
21068
2741
2372
59309
15013
69176
34100
89110
600
11509
7259
8609
6927
9427
8806
625
9483
5282
28068
11499
16332
16259
1924
10407
29513
3630
19774
2822
26429
24290
10180
86215
41630
7920
1941
41718
24520
355
50214
10208
23349
9003
16198
59772
20252
41416
5043
2595
29353
4372
841
77902
87242
8058
6922
14358
3137
5553
212
36915
1900
44519
10098
64443
50895
39248
10631
8350
18755
76593
5280
15028
8423
41701
72241
2936
19
62267
872
9147
2464
20566
16614
2553
42591
20103
57532
31786
28390
69872
5981
22640
7578
88470
5978
17633
15350
11739
17149
7990
852
28736
1067
40727
19804
44697
5419
26
69193
156
27174
9599
11252
42727
29389
25
6090
58102
21118
42034
8260
5494
4943
324
5743
51714
45002
37292
1218
1275
35023
4241
78046
730
44573
27972
14282
1451
27490
6383
14815
18105
65751
40694
13703
8313
18297
11646
8509
57356
12941
12663
23799
16755
64073
32439
27651
14370
28204
8549
6172
6432
39281
2479
14860
60131
70222
4869
2
2144
64216
42879
39201
79805
43482
4890
3191
20351
9277
17266
6139
17733
36794
38891
20519
5759
58818
16506
7110
10213
28217
62926
8591
3603
7611
26120
15821
5487
8865
9341
58978
3502
76972
29784
68836
43294
19606
2571
52124
27309
2640
7482
10802
36179
12858
48278
33261
1712
76195
60904
41637
1635
62968
38352
32109
40972
17501
2000
20165
8358
23219
25891
6521
82683
17344
39043
2220
1398
16420
29132
44365
9124
27271
17774
23417
19694
14214
61451
10217
1868
11905
5242
21958
1
30305
15517
54727
34469
5059
64909
3863
4479
44027
17519
9508
7818
12983
69618
30397
34187
8205
1545
41659
1
62638
14564
47273
55450
21075
1928
24106
4265
34512
4997
34038
25444
5872
44340
15905
35907
20201
20692
714
50068
51460
3501
2
41379
4054
39402
2296
30919
15446
83202
30507
9310
13408
39279
1413
7869
24205
13483
20510
69542
7233
55147
8295
48708
6282
4665
25260
31087
26462
62233
5589
9129
19743
63197
18705
50071
19711
62014
52574
15214
34858
51596
4362
10343
4561
61568
15524
10108
70999
5966
60146
30601
4428
60059
68301
6494
1834
55351
54390
4047
1635
27653
13460
26220
4333
3582
50066
56599
597
30417
37851
6515
739
47282
15671
52472
885
11168
81558
2288
38737
23014
12168
81086
16395
17148
24959
34889
2009
2
3821
20788
10105
18812
25980
37714
21051
4194
54694
27891
1944
1857
1706
43970
24812
30499
50255
80165
57657
4265
5860
4187
9089
10298
714
56097
31566
20196
1322
16735
12421
46223
46234
59418
19866
30716
13050
6050
5038
43072
34308
4940
31633
25116
7422
11558
64942
43
62237
22027
4925
6344
27484
40546
17736
11917
42687
27561
1672
53498
3899
24110
816
48856
42689
28895
17768
17295
1005
5020
9330
23059
3834
20866
48601
2674
13867
48744
26004
689
58280
7681
33509
15111
13970
5965
5767
19012
29008
9321
21014
35314
44251
12575
14130
48469
30353
11142
3114
36874
668
4552
32218
318
43790
468
2662
59869
42886
67687
18003
6458
12147
868
15413
13998
4270
32306
13075
26484
48952
46971
41917
19294
273
23059
3193
17906
28744
32191
11637
12449
530
5278
13275
4993
11195
1308
1139
5997
15726
16192
22526
11415
9805
8929
30698
68636
50566
6375
15464
3879
52085
14439
8568
9281
26863
30395
66688
2457
13824
6993
20542
37756
14860
30574
65566
16603
16608
2125
7969
28387
6079
38236
7905
26174
4869
15789
41277
17722
2892
20247
36784
24434
56528
24743
42145
49107
3436
11232
6307
30408
8181
70338
17384
10462
23707
8353
29708
6352
28539
6929
6506
1212
1961
27902
3959
28993
29266
19441
83784
2476
19450
60414
17757
34406
27599
59129
12170
64580
12918
56274
40098
35424
1242
30643
14317
58459
23417
5341
7859
46159
14200
67033
5592
21796
1042
31022
31136
10584
7724
8973
1535
28345
11292
3029
47685
49203
43077
50477
7511
18005
28583
3636
26286
5561
51322
13356
3174
22826
21451
674
6925
18438
6511
47794
30366
63022
30734
19800
17129
10170
12982
1
3296
61955
51268
11327
28909
25418
53217
34349
43534
438
18836
29946
52234
15104
57771
890
384
32014
27978
3149
32561
53481
13436
41228
18661
14216
2641
8706
6320
1520
52856
55673
78535
23152
12951
5028
14200
15685
72483
6540
27223
592
9364
21303
44184
79433
3198
68254
3094
5725
6985
4291
7127
710
54052
3670
12839
32426
18935
78873
3703
2159
5711
5488
5699
57932
6533
67435
9243
6916
17206
36891
19243
26121
4230
17156
1332
67977
1286
32548
20064
12826
4108
11697
1279
15321
23909
27569
5827
31106
48354
4737
2687
46625
1719
28650
37257
72932
10051
17916
17325
65772
60921
19268
38244
55707
41058
38165
4726
68157
39047
28013
11592
35588
3240
15968
8123
60414
19231
18073
47679
7523
3960
8285
9444
25795
31595
2477
10547
1837
27467
2409
15553
7440
3156
59972
46625
6601
4214
10280
25171
22245
7571
47758
1610
17335
32856
41358
53278
3543
18587
12151
21577
15000
36065
7272
2926
15044
68105
31883
46809
8357
4259
836
47414
17266
70248
80766
63328
1181
6514
27904
8123
33930
13998
54059
9870
32348
4199
1039
10709
579
25131
61771
58160
41092
36374
65
16003
38607
11024
19477
8
7024
12580
18772
6402
76293
9519
1374
6827
22192
36031
7891
27653
10122
73849
38220
47636
4719
35975
84197
22877
24776
59037
7548
42666
941
68629
30148
1246
16688
56257
58518
13
49924
36129
11012
2140
1922
16773
334
14936
35035
10061
4604
44989
57100
59148
31602
1195
7460
14081
12302
36819
35302
4295
1364
645
30767
38004
18827
9243
15791
2657
13692
6782
68036
2335
5149
41068
900
7300
2873
47636
19518
21920
58363
24919
30081
8899
458
2989
16971
57328
3261
43536
1640
71321
17274
15052
18250
9362
5454
31311
1585
46509
1461
63680
14134
44211
38283
61
46725
1780
24209
7629
33914
54211
43859
36800
33633
1
49910
419
6699
42579
44984
7783
17703
5728
49675
936
1797
4997
9808
8547
798
33310
51586
24087
31928
35440
54123
13209
12599
1394
1440
79
35768
9464
339
42219
31003
26236
1323
15076
2253
11718
36514
51995
60041
68004
39674
24778
651
20164
1649
6505
28453
24852
49689
55078
3966
21831
18793
17696
3496
42954
1611
51111
8301
47370
23661
19923
16513
32036
45000
18545
60675
5626
2860
31384
35326
84992
67403
8121
20449
25206
12108
11095
12483
59565
37502
34403
624
6910
61150
399
2092
23337
4127
11187
4569
6646
29689
1645
20197
9
38105
36890
53463
3043
68362
19242
1132
3212
61855
33377
6640
2237
11680
79560
2045
47197
6779
32977
18401
1024
7207
35862
44014
65226
556
7067
43820
7195
24937
25179
13981
3274
2302
32455
2819
8515
857
13096
6417
16380
32279
2083
65066
2049
54063
40335
6968
5744
26056
50276
511
261
721
45511
2429
27418
6763
1590
16486
4372
64286
454
7849
8052
37232
1912
36407
33048
3082
78002
19704
27014
31811
2077
31210
22626
4843
60382
56100
18
26286
6202
72795
17120
11932
69515
1667
1167
12675
5854
2135
3703
10954
1630
9385
27164
5532
5083
1264
22761
15029
46102
11834
57248
8410
469
64081
46511
11791
494
398
39287
32895
1619
36450
31731
10225
34402
4248
69759
1740
78683
38054
8535
14782
2276
13228
2981
18753
31798
16865
35103
41434
35249
39640
2945
26
54041
61227
45239
19099
68759
13912
2542
3271
2132
11353
24
27653
1101
66432
51133
4345
10172
3230
18349
34224
14332
1333
18271
32432
20318
18734
70870
36622
1570
25897
68676
33962
37350
4995
15795
63938
6106
1461
34037
26528
26958
19624
37572
8014
7597
25905
15051
11270
16257
40100
12344
16470
9898
8980
52633
8682
705
24563
12174
15759
13273
14196
1
40907
1791
9470
28264
55359
27463
15181
12927
77715
39924
36135
66131
26008
22210
19378
8262
6856
8219
51457
27422
3427
5136
873
3502
3
29003
16075
15817
31577
23374
53796
1170
33259
15169
24459
18000
39553
6236
1309
7678
61537
26056
3126
7936
3441
38034
12768
6998
15336
14855
30686
10132
16259
20935
38390
9782
52213
26707
337
23305
22899
4485
5437
40406
959
31362
391
13277
13038
3672
35823
24447
24146
10466
22059
11649
63831
19784
37641
11993
9327
34
21063
39488
1860
57143
49357
13766
29443
1731
566
8583
65465
14907
8163
70325
4940
7937
62627
11728
7404
9869
18419
11360
2829
73380
508
1346
10372
2254
9764
6325
36081
30227
46516
40236
19226
10154
3681
4309
1846
10533
22798
13779
51810
17024
33532
3535
5858
24538
13866
13078
27946
11528
10099
23421
1894
28406
20
41149
38472
24835
53425
27719
10408
371
20552
25745
9688
4231
14704
50680
48236
968
19098
3200
68084
62004
17678
87440
1979
1941
1212
24145
12325
43032
26131
16664
49762
66253
6
1159
10960
19890
6493
7189
34401
45246
2931
1484
11821
18033
16533
61922
30160
63873
4883
33959
48505
16440
9648
30952
2362
22121
80471
63004
19472
18232
67179
32648
39384
16696
9375
6120
33824
658
660
31084
668
9092
4078
8231
18197
11009
72817
25626
34818
15175
70300
35872
14934
58799
39952
19683
3473
30316
19852
7445
11810
50203
44319
26084
27353
14066
1626
14944
2605
53197
12530
3347
19674
23559
11739
11076
61373
56551
11517
5441
2035
21858
20
16939
43456
17249
9695
8227
56837
625
19837
16618
18357
15161
4799
61963
52709
18280
45514
43269
7183
42898
21750
6208
30447
4111
29329
58479
23077
7942
30931
72728
21039
25295
57062
11216
25395
13291
14391
54375
138
9031
23935
28733
18554
1381
64773
10032
24396
5102
9060
49919
7945
8045
6961
45868
18778
35353
8882
68248
18727
20222
24394
25228
11
1377
17911
698
16856
22921
6418
4947
8894
14888
563
83368
20462
6619
584
21931
432
22772
17880
17932
2464
13241
9280
80544
14053
63155
16065
3128
29873
31676
26358
17415
12029
45188
8962
35481
19385
36592
4883
3972
7060
2384
83807
9939
8183
57611
16894
5844
566
5215
50709
27261
20577
1488
32560
26882
62401
51872
11440
10834
16121
13067
50082
2918
45767
10597
22730
57623
24795
67035
16180
3415
55178
48488
53682
46904
48075
22660
9493
40700
36877
39581
21668
8223
41334
1858
56878
26104
41847
19938
45281
380
13601
58494
15110
24256
10580
57681
88910
14331
16687
22740
4455
49931
9409
1963
49630
6295
44465
13266
26968
13496
48481
6036
3390
4498
7395
2433
37333
23688
24361
51285
51261
15884
9713
10586
14584
17519
17026
23020
18147
15714
15040
53079
12651
5821
11102
521
47485
5618
27
28962
15164
7400
43107
13038
57260
16650
48275
932
9522
62448
73869
9656
8384
14979
46789
1772
4917
5510
22582
58084
2588
59125
21344
1150
36710
64484
12167
4356
37871
1854
3429
31223
38405
16532
23550
11629
31124
34691
16132
6589
13656
39852
5730
5347
23818
27333
49514
35270
2375
3023
7273
22474
11681
20343
7714
4846
5587
27196
43487
1692
2574
27384
50074
73801
5547
1221
39159
14849
2926
76048
71980
6587
6318
56329
426
53807
1964
1039
24168
8369
7564
8947
81630
27102
54281
13164
55083
49526
80348
51357
23641
287
41400
21290
32689
27746
75755
20774
68075
31456
70123
21838
1366
4158
35209
25478
17251
1179
75887
20220
6931
665
21067
29170
30188
1
32502
4384
4511
56758
21149
7305
74181
9220
38727
19661
14002
2321
62116
4308
1269
489
49676
10363
21178
9549
42714
7213
5447
4853
8221
425
49439
15608
16198
5003
36031
7656
1996
547
4321
5315
16297
62402
65110
34183
51248
42729
15341
46054
15186
53663
29917
43233
9886
24624
39162
37356
7961
3884
2282
27933
33988
8827
60478
15748
9530
3915
13025
19337
7998
19339
18082
49969
24363
63213
67612
11115
3872
10999
4989
8345
43227
49960
2809
62810
30520
3931
5370
32521
2174
78035
5097
13038
5254
15645
4202
57897
20525
42383
3253
19998
65289
114
19434
45260
11130
25981
14443
42277
3592
48866
54777
28449
11256
48710
5499
29733
6371
45772
33840
2527
45190
21300
4241
13607
14739
32429
49286
26438
28551
78652
53156
28526
18232
1263
68236
64187
518
16644
29010
19160
11126
51225
83244
17695
38471
3759
50793
29387
32224
27798
12996
6774
28859
30510
14061
3403
15860
29559
79585
1568
57583
29318
35518
79993
2427
46006
38561
26076
69146
12671
47176
23722
53386
45658
18074
43120
20905
11611
15398
29799
49300
5725
80691
10626
9899
35718
16982
33663
16901
29703
18787
4523
26687
14760
32318
884
46535
54280
57523
6115
8855
2817
23098
74082
1446
13865
54733
3
3559
7055
17993
2625
25479
30362
34005
13961
24947
26811
16482
9641
32838
6240
10034
9853
12802
6950
54207
39134
35489
56347
364
4289
23
1846
11393
11428
9550
17989
13505
27915
35222
52043
6943
17002
4852
6536
1063
20701
9737
10109
56177
14567
64465
8449
47293
16818
35414
45261
39190
1348
4745
14443
19721
6672
5746
3510
8108
10599
54717
67134
12014
34084
22652
19914
61134
48742
20086
2769
22653
1638
19772
46832
22123
7149
9405
29705
16595
12945
15088
62364
1796
16710
50891
4149
4245
5430
1639
2913
11687
26272
13430
6322
30478
2723
11978
56089
78585
4399
24354
17915
19102
56887
26098
1832
589
8920
34445
7567
21979
50595
963
38357
12323
33668
9822
34408
6381
78165
3036
45024
10938
3927
77303
16821
12196
26775
27810
16643
30542
26
11633
70222
17487
29907
30631
28889
11268
79705
15271
55955
16861
21852
21847
16807
2508
18745
25511
70558
4482
25728
15277
21211
7041
13404
4200
41390
8991
39761
34349
4824
31727
47703
41188
41300
23672
48724
49474
3404
34861
26216
7203
37815
862
43364
10866
19891
11589
48114
19181
10275
4161
44916
37533
9096
28932
15193
70741
32235
16494
7011
11378
9964
2682
17271
11255
27773
10555
6499
8912
6512
5116
6170
47417
1399
46023
39656
20197
20892
23677
32197
66848
13830
28546
54532
59
35972
2105
169
2044
57230
23874
20744
784
29386
68744
65
69823
2707
8363
60542
1222
69418
15059
49600
27193
53249
10423
19705
42883
40693
15732
12350
43404
29941
10655
24209
339
9054
775
29508
72281
45288
19650
5656
9779
70092
9375
83346
43176
2721
8317
32584
64065
49356
17744
5377
42460
56615
19542
4522
24907
19724
4801
16162
13
28725
1541
2
72437
22091
7540
60868
10878
349
8884
6295
757
27712
2951
15356
18928
4561
77621
40657
6308
48851
2230
4
11536
68
15926
16589
87189
11982
11024
54802
46545
29466
59812
14972
7375
1387
4142
3069
6311
6482
13114
51239
7759
1519
8786
973
32603
688
2559
2622
3672
33707
4728
12666
43007
6474
24933
8185
64231
7536
53425
1387
49204
3
77106
10887
50551
6797
13292
4379
8216
25358
35051
4705
85167
54480
35053
11385
26294
73194
9632
57854
30926
260
31098
17640
2619
32683
40034
4384
37892
48949
65490
33123
6542
685
5058
37
76982
9378
650
13357
14571
9373
18
36365
65016
9282
287
439
9316
29354
12487
1015
28394
18124
25264
49860
59837
15007
45185
72243
5736
31115
14345
4680
15161
16842
48553
38457
75226
62683
62536
46417
19735
12408
26885
35624
12033
7732
7028
53399
3219
1519
537
842
14727
31835
4524
41
42726
50520
36672
10729
17609
5004
30738
71505
3356
4021
19232
11161
15028
3405
7144
44204
26631
4621
9822
11686
8510
15499
4431
7145
5514
64571
38793
16012
22358
16879
18142
44224
35155
10508
3837
11749
1406
768
15101
52172
5305
75188
35745
59955
14074
791
30490
2427
2517
63196
5127
41172
1214
25709
9781
42844
17944
7212
14957
20793
28745
16115
10193
51483
44047
2052
4870
1715
20419
365
7186
16
15069
57402
2852
8681
17350
25424
39899
18925
66466
45565
18741
9320
988
11156
2458
35762
13271
6814
11882
56142
10946
5800
77220
4126
45966
486
25622
2741
85759
7017
34261
37771
57099
15525
41331
9038
53249
4078
22442
62917
7200
34324
18339
42286
24774
7546
38025
3681
3011
21
56011
53
24823
14526
47299
22003
13058
40416
1
1742
2597
41287
1233
56681
42166
9054
2687
6098
59410
45486
15984
39567
9170
49560
30353
51441
10406
12556
21203
3015
8057
2232
21852
9988
2502
30676
13821
10663
50591
13897
2211
28204
9299
56261
59878
17682
3510
5955
26666
17238
5922
4557
4853
27968
14552
70056
33198
45449
35731
3825
52482
59016
15629
12937
4193
53736
1645
845
21604
79912
23240
23329
44823
13456
17306
29510
19581
7360
22498
9216
70958
47171
28213
42675
20961
21546
47862
984
1311
775
26894
35255
25347
41418
38286
10583
12754
1917
2211
793
6315
58526
33252
11081
11719
76779
14535
35385
18289
53632
29378
75691
1585
61265
10915
22825
63329
2744
34141
2064
12166
17797
2415
48955
18535
47014
1762
45168
28382
15874
26328
2169
1600
10649
20742
384
14453
40272
66151
2868
26743
7215
10549
59878
34573
42627
51071
46886
2449
2413
22781
10530
29430
19565
23420
6625
1382
71686
16931
20094
531
35711
26720
32605
72080
32335
51646
23570
864
12180
3503
47697
26835
15306
15812
4470
36440
21128
33582
72086
83498
25846
9405
69232
24946
17051
53357
62255
3435
57571
24158
5
1518
16521
23640
38059
23062
15064
2399
1700
20083
42378
53244
3526
35000
53588
26459
12381
6881
58756
13480
1754
30242
42406
9554
21730
13844
20383
29225
28603
61491
67329
85432
35960
13270
4666
28021
14792
50036
3893
4625
65055
23232
25924
15654
58369
6988
51746
980
45994
4232
878
16260
5716
8354
4885
19801
3542
16955
822
15721
7412
25444
2809
17083
28354
1714
33573
10072
7320
12923
693
6265
15008
47817
55018
39051
18578
30043
15856
38433
1144
8998
600
3932
52070
6057
4312
19693
23642
83044
13109
60017
900
6615
5
4815
4643
9046
5887
22467
21259
5349
23943
16948
9300
2890
16368
3433
3
22139
42600
21929
33280
1693
25570
48092
75767
71094
43414
31704
26103
14981
21066
503
12691
54352
36840
18528
44416
14489
37134
8793
30728
17878
4398
6464
17455
27976
16849
21420
89197
46864
21972
78212
6149
26887
2076
2620
51161
4385
5425
49035
16985
19837
68545
1551
4147
3142
22634
67773
2587
46831
18729
7573
32972
48171
45529
4770
20370
18238
7177
45114
2879
33734
33661
8574
53054
43772
12350
22851
17775
16798
13095
72774
14417
37472
5296
8
2526
28738
45736
70654
86550
27556
3098
32303
1491
14789
4833
7640
981
8878
40297
52086
15710
12409
9402
6382
7368
383
4610
9017
51623
18676
558
60459
1946
35948
30314
65730
4193
15374
30911
8052
59105
86138
72043
26669
31061
32224
22335
2912
4192
52214
5282
216
10445
42305
16573
22079
1322
2966
75576
80851
58692
44726
20238
39920
54758
18082
60778
7736
4799
18073
417
18570
18645
20524
4499
7978
39443
4493
387
6699
4263
18961
31851
341
48203
3744
19629
11729
21228
24384
6356
13346
76639
5819
54
288
1985
9899
78679
49789
24662
19624
85699
6351
32878
21683
43749
12557
26232
3148
69133
9553
68044
7542
805
10564
11189
52375
17425
14428
775
25994
22960
15727
5636
46493
76255
2135
50721
1329
32847
1706
1807
74856
12224
60286
15255
9255
1225
1747
9096
22161
15729
42910
1722
41550
3746
14384
13434
74424
8275
53305
46404
5339
73882
1034
25392
15814
1579
9310
78160
60934
24330
60219
59017
32825
11807
3553
32422
15757
65731
8315
26787
1589
61388
2801
29042
4083
26444
20205
54956
21644
31541
51254
31733
13052
51463
3118
19898
27634
2373
542
12713
34019
5342
36483
35979
59059
45343
307
1051
36114
37004
164
6205
28936
10107
8153
26320
18220
4670
12713
6830
29201
3513
55437
5116
41928
43282
6447
51394
3109
31253
37229
38297
1549
11033
35437
10808
86128
10953
6726
17949
23427
29457
47604
1308
7251
28727
19358
65604
1977
11626
64818
23895
19882
6135
51543
21321
3408
2646
63777
19154
50604
75938
16220
91
40138
18641
64247
3648
45
13931
34571
8208
7187
8299
29199
3
1
19923
28321
11001
41241
51509
26447
13655
267
27489
1559
1047
4510
45951
37660
9267
51047
6659
55789
9405
850
1594
10600
1640
1186
28346
50913
510
46806
37
54805
15262
16404
44228
8144
29158
20833
1281
72988
6604
5571
2
19267
2306
15857
1695
9441
7534
35375
1382
8942
33246
4451
37300
473
5012
26529
44239
28992
3135
3456
640
49722
649
64840
55574
33229
16980
28256
41230
11604
88702
26112
55142
9174
29074
1852
21524
2463
6481
18509
54428
12178
8023
20741
10049
1
827
17760
9101
962
27280
14926
5646
56947
1985
23105
75773
2059
27463
15033
12052
4864
16721
6704
4688
2829
7864
2749
8703
8769
25715
42532
40953
7442
55819
661
47026
7134
17498
17718
52004
16442
18096
37003
24840
5906
34465
24522
5044
12758
16517
22587
70152
32939
78346
20656
28000
19780
20499
12816
14887
11365
18707
4197
12646
8792
62534
34442
29243
84228
30732
535
61251
35568
10694
51802
344
1808
54479
44386
6922
16431
9699
27562
47114
12702
8099
19306
59477
34671
78501
22487
7607
38963
68176
26977
910
17226
29133
1064
2617
12121
15024
2196
1691
69973
1651
26059
26025
20491
14407
40342
11492
14504
28667
47679
13608
24979
10321
24783
63079
31257
24665
35035
62024
2458
70030
19051
12962
19723
60600
2390
1222
58141
813
12807
41828
50268
2866
8069
22520
27507
3807
73145
27291
1238
31950
3907
21400
46860
10546
11998
2381
10217
4952
20079
4836
4071
4269
664
7491
12562
42821
14765
13794
15383
4100
14908
7267
48221
15872
55306
9832
8440
912
52967
45907
313
34768
7226
19753
45501
13001
3622
32315
950
3907
3901
14683
2389
28931
16702
13020
7339
23436
8338
36714
22487
986
51984
1725
43716
37445
28423
25869
3462
3241
74060
24609
55822
42793
69483
26654
30938
29543
6932
69872
9598
5465
38563
32150
25422
85801
19750
6350
58901
8557
46426
19354
889
38492
490
10888
75501
10159
26464
48720
1986
3148
25101
28302
45087
24431
2963
5968
4019
9070
29012
56643
1122
36338
10052
57172
56687
20638
10206
919
6649
23903
4
28926
1882
24155
50923
22580
57884
74939
56797
22821
5831
58387
65528
1592
54063
4411
10152
75167
13685
7196
10953
4855
3095
81401
4612
6906
1117
7356
3202
18248
13791
49260
276
15057
15699
44963
10971
156
245
26921
7319
1797
9316
44404
8124
4818
900
53590
17589
79791
1441
21615
4196
567
3251
26744
22036
473
1080
4963
77085
65973
272
31383
49365
7020
9508
24902
76822
20453
63139
9073
8663
30135
14558
19241
8842
3109
50026
1
39322
2193
2097
6298
10506
13075
1493
18131
60309
28032
25814
4412
79592
21864
2027
10917
46409
15617
4727
2
3841
2871
25860
8180
24841
34641
21406
30322
37503
25867
2493
14751
71031
6955
13765
42824
3972
14885
86716
15
28235
17266
43506
56058
258
20631
6140
36519
35550
38617
45919
25763
5909
30731
4481
8977
36085
4282
5091
29219
16851
1
6061
37645
10065
22655
4192
16720
43789
34504
1258
1768
38252
40045
309
37596
44951
80978
1062
8523
5
31159
19296
27618
1214
21641
13400
11953
43289
45328
10492
36597
23834
5773
12571
69210
15146
24385
27699
18217
18895
17007
23233
27282
6329
70662
1836
34
16701
12087
24124
2609
63006
26309
5850
81665
23913
1468
7641
51114
5066
27443
846
67673
9709
12175
12541
60637
1360
25035
88372
654
7754
5662
28552
35268
52280
39266
786
8784
2061
31907
4434
10
7271
59865
63961
13114
36631
53536
2676
14409
41249
44695
3395
5049
32870
21886
17664
4041
6280
457
3398
222
44121
23848
2177
5093
461
2404
8251
9507
12637
49134
2682
55757
1514
38118
68324
20689
29051
8546
6812
942
25445
9719
1363
48690
32862
24405
13454
13063
72851
32557
2182
16565
15613
1776
41538
2917
3714
59726
40211
17591
26
23514
3405
14003
26982
8638
35344
25441
3241
29446
30980
18087
15415
1556
6097
11038
56990
2743
71404
4480
24693
9996
19578
11486
514
22225
9696
73774
15248
73787
26172
1008
76976
777
75002
51410
3027
6722
7
535
28934
11088
538
5014
8614
4956
5970
2331
62519
8014
16091
38596
2777
17171
11842
22629
60267
61703
18780
30328
87833
2667
29451
56162
4367
26649
25780
19288
10930
2879
68236
24568
19236
974
31168
7667
13017
7954
4423
23558
40293
51883
37011
32901
9279
48983
2844
13764
80917
60268
10304
4210
10047
14882
1601
1000
27223
85564
21290
3695
3103
11143
35605
8231
34690
37944
33830
1
7242
19042
1885
15235
12796
33249
31749
10236
766
8720
1389
38199
14678
1
28780
4507
7126
14
66918
2425
65418
21218
23232
39155
4313
36187
44287
2572
37717
45108
3805
1336
54
52970
52703
65284
3212
14081
1325
58419
13314
964
15636
4359
296
10443
3347
58826
26407
21362
28004
62737
78915
37375
9043
29137
17246
30178
5449
27900
36399
2191
60113
13117
977
16486
19378
3138
828
70716
29217
18037
28265
18277
31794
12162
414
17287
8928
17295
16810
35863
30520
7792
29114
50033
15517
5219
56274
29531
22668
6960
26213
24929
25669
8647
58894
10026
52025
53261
2308
17171
5118
7856
523
25129
8424
28380
12016
51276
1113
1294
4368
52229
17413
23791
71491
40706
47823
717
42270
3715
36429
4370
16814
12148
58133
1017
67956
5605
17149
6242
426
17434
20606
50994
8311
8323
53988
6557
16104
9580
14982
42849
1563
88145
49358
25993
1430
42037
2898
13379
5997
4106
13711
4925
32859
9294
59681
45357
25486
32729
33615
1813
1266
24091
23508
25427
23894
67443
34344
87716
11203
28705
58181
17203
4281
20846
21462
14827
2355
377
28210
29414
176
35793
631
16024
30802
3739
50
34067
38082
9814
12729
3458
1510
60044
18397
8216
25310
17129
4880
41264
102
1984
8916
2466
26622
7831
410
26355
62629
8050
62082
15223
707
16446
88107
6779
26081
10005
17068
70356
4206
72728
66257
32114
57028
11401
15476
3264
32928
2248
4087
448
7893
24432
14604
32909
31605
37222
6408
23256
49309
24207
15674
7889
29635
389
1917
11937
11724
56900
55138
19432
2110
10121
10862
34691
656
80118
3270
23576
13394
4837
6863
1912
16208
10173
12507
1557
23604
37382
67818
31159
13060
18333
34158
14021
6897
247
60564
64115
59144
29271
32140
18766
8024
13303
1304
49715
28992
65438
2045
4328
24006
65945
4177
388
58947
15083
15362
7779
37809
27
20672
26764
50989
11483
14566
7732
13211
21942
83299
7688
5879
9806
19362
16581
17061
17432
28856
24845
7417
20559
53131
778
19156
14933
41148
74912
3251
8200
10382
41604
14321
3582
35782
36940
2270
7046
17164
37834
552
45255
5039
11879
35560
8649
19263
34315
25358
2719
13518
50154
13896
5731
65
23175
1334
4630
34777
19105
269
3196
24724
22669
14047
126
24795
1841
1
15995
17068
13580
1479
51
33420
26868
9384
17802
5593
33667
85752
9217
5698
11462
6070
33599
8212
804
27645
8457
13174
6064
3164
7475
6423
3187
455
7934
1551
3361
1216
360
48604
18821
63506
21787
10213
6447
15153
12656
15324
18738
23242
51243
985
12420
10046
10118
43816
5875
50833
4520
71552
7183
7308
13462
28214
12211
54675
69246
10503
4061
27607
9263
1013
664
22430
45708
54818
26930
44300
12003
14867
28896
14929
24325
20153
6070
5207
40421
17537
51242
15523
4337
5654
19008
30049
53228
22686
42423
67875
14122
19997
2497
755
67175
50971
31479
12568
61777
59329
1671
6443
31547
14574
25206
54438
10133
15906
42708
12902
73054
8051
2342
7520
29469
932
6812
52413
29409
11276
22338
27669
8927
4939
53706
25376
16880
27585
6473
12258
14994
6799
29171
31995
2186
52430
2131
19896
5466
53969
1328
74395
14438
1932
2195
35128
27750
8748
4703
2876
15405
60140
758
3
23993
8732
20269
31873
1399
6617
51924
9068
2239
36696
12892
58330
1148
10820
33957
31434
54386
17858
2377
544
38033
374
19418
1474
66514
64044
5212
62474
28076
10649
36865
46474
32027
9763
2627
18540
26555
2210
28352
75729
26869
5091
8968
65046
20846
13306
49758
34284
38909
2334
27503
10034
27795
83488
4759
2232
2120
292
5690
37199
22505
4694
27560
1275
43604
463
59580
39207
6084
35586
8133
28439
7172
6910
6638
16293
21781
20377
6135
34792
58267
438
7398
61925
38952
30198
3085
57940
16932
6517
24424
10761
14955
26258
7391
42225
17017
18989
16352
28198
33281
16419
25946
14978
1124
3567
26377
313
5044
11872
25936
26373
315
12630
60885
67851
32065
1993
44529
12142
18156
62851
65719
53793
46071
8129
8000
33658
8367
54715
17831
15775
35942
5676
7106
13902
25776
17251
30057
8114
58932
14794
25594
41790
12707
13551
79308
12106
36426
5972
4232
52490
43613
11129
4303
36395
4964
9280
75490
56148
2893
10495
21977
17898
3092
10946
56685
25969
12961
25916
44157
4447
1737
55211
11032
12334
43978
22104
22683
49284
28275
26582
58483
50130
11413
20005
29256
27162
3144
2066
7728
1436
3805
19946
43377
1645
22223
7761
10515
21774
819
23677
84409
2939
2624
27568
24333
12446
13931
14219
8228
32668
9968
917
28257
6733
12279
10271
54043
79144
36647
25188
244
3759
17141
6248
36355
16610
77018
3560
5772
58502
3953
17668
46257
18360
8931
52859
15803
8339
28119
1684
14987
74343
19801
494
2792
9991
6613
36636
21397
3806
35112
64149
37215
8257
28875
9884
4161
71750
26111
6259
2446
4643
4468
11300
57537
14754
69964
5622
19419
16407
15013
56346
341
3
796
1424
28233
1317
31812
3638
65262
14084
64401
84136
9069
3136
57709
55034
60615
30171
18994
46223
6362
10870
1682
41169
2175
40135
17342
858
23642
55656
333
81759
7154
40174
1647
9923
5894
7263
628
13828
16578
76503
1471
959
4677
40
43017
1378
58278
13706
11559
28371
33661
28612
7014
78196
12915
485
39345
5017
25660
19196
29210
20841
35939
46506
31939
9418
16388
69467
2101
22634
25249
15788
3382
18015
26028
23548
43444
16656
29393
21961
11488
20124
3652
82687
17664
62177
29632
674
33023
35889
67901
59527
46482
36531
52637
12764
5602
9878
23185
12979
16617
4469
7602
396
47995
9808
45802
51681
16146
4975
37307
61093
42763
21692
38201
31115
61763
30909
10793
2516
30596
34175
10987
43812
12338
6899
34012
1294
36846
41138
27869
7231
8205
13260
1324
58020
89996
3
17185
73621
35719
49538
116
62186
9076
14267
50446
77224
89146
39276
3486
4007
30691
62717
39065
3782
6589
42294
22919
2
25987
23891
5850
1437
58297
6674
8603
1315
14297
6011
21778
7670
3320
52803
22750
4173
48659
11210
44430
13531
55329
5698
43651
19421
29368
15246
10173
23412
33496
14971
6829
15486
28763
37469
56790
9634
32253
55601
5246
601
38154
56
3740
19597
8524
2117
23205
56418
52019
34280
3728
65852
4692
32833
13211
52420
23118
61554
17449
24009
1924
15853
14623
33451
22043
10865
21238
38466
6988
27326
5398
1062
774
22247
48295
56228
42586
21580
4623
15129
22310
10596
58979
22
1484
11570
50380
9236
58853
19131
3015
608
4587
9613
199
84321
4054
13451
7
21374
2649
3925
14472
947
45328
10078
1406
1663
45143
49043
4927
19387
19804
15412
51891
37532
19599
45367
41002
18897
11996
4210
17568
40529
20277
6127
3006
788
41050
9460
51872
52561
3705
78466
10903
14430
3856
57219
29794
280
2202
71360
34093
29309
17986
10260
31238
37080
66434
26084
40692
3431
63203
4546
46026
46719
45061
25442
26984
21383
3524
17729
11780
1086
18776
45035
60913
15490
20426
21376
29699
48052
59650
2261
8704
27036
28512
4801
23130
27975
42645
10706
5259
27734
2120
43894
1876
37844
3929
2510
7672
17691
7585
3611
13979
10222
41705
16488
9908
24955
18208
36072
78087
10477
38776
33022
35114
3427
1624
4810
28589
24168
42876
28632
56408
45744
439
8268
21744
49733
7176
30577
7154
8223
11325
64933
26831
17960
17734
20706
63219
25194
44562
51634
81099
2207
5536
44038
4692
36918
40289
18395
28107
5564
18238
3515
26907
6052
18994
62320
4999
47796
73370
11757
4893
43318
126
11721
6400
33150
55279
23947
2491
31729
11955
12024
5809
16850
3377
2109
36411
40310
608
9621
88984
32874
37478
53021
18392
23756
238
377
30274
32017
29
47950
3492
55190
14696
3667
51969
77883
27096
7089
1874
36144
20115
40667
21954
49447
6346
9588
38611
44743
9362
54146
4648
9695
45998
13089
55202
524
71559
7330
70016
6763
67271
30301
21200
45068
57329
14485
23658
3989
23745
10352
17
29621
10016
36963
7175
8733
1245
2689
35836
19322
34939
12864
1919
13949
56866
10620
50795
7408
3409
20602
32132
45153
11242
24312
4977
28181
34513
15665
6412
5133
45971
13503
47921
14387
68853
17528
37762
14727
1704
6590
65418
25650
9786
24918
7527
65914
39115
4248
6899
43771
78012
65544
26205
29671
9142
64024
71369
63905
778
7703
62458
10700
6276
24579
9583
17835
18531
6603
1
735
5253
8639
27158
30874
6578
6272
36758
4448
2306
28901
1600
1228
38800
13580
11972
21316
5893
46727
11974
7035
48711
38317
1060
11137
15369
11803
62356
9374
1607
12379
22027
23555
16543
16893
9124
25127
1896
37239
23340
1913
5517
51239
39696
39616
12660
2
3718
7481
2886
5960
6709
15550
2922
14024
39393
29275
28211
36854
24653
36254
8830
25939
11573
2663
24419
13945
80088
9717
38963
29177
78752
36255
40952
49221
68761
32887
29262
53264
6076
26178
2402
16298
16948
52012
65922
8653
32554
12899
19743
54130
54852
29589
41545
56873
53685
48740
802
1888
18933
25072
5666
16809
1117
10468
56830
41629
3189
16429
62629
42014
8381
1374
11235
8497
2428
16312
21477
38906
684
10926
30652
57823
17975
13502
1939
20390
9319
1959
6510
26272
16071
35856
7697
6391
81877
10387
3030
36002
3737
24876
12096
6288
44472
44845
16169
12870
6900
7617
15363
74011
23113
39878
8472
2887
50997
4193
3062
1470
21964
16177
19588
15396
27922
13379
35804
10490
11939
5033
28838
42554
33043
3566
35200
64903
26728
19315
25158
13553
1762
3085
14523
80196
14495
37392
35758
4090
77751
57582
10872
46815
752
2656
15427
43344
3
32099
6187
25950
889
1631
16816
16889
2102
2775
11414
58349
19131
22295
5789
27356
8636
11922
7325
6379
1857
10535
48578
59553
37534
9366
72591
50698
49661
976
52946
3029
4053
3765
10867
55692
9134
1852
1214
15097
36548
10572
17071
5993
20432
2593
9447
4393
10479
13533
41037
30501
33151
2190
13317
404
67740
4510
55106
66277
274
6215
53438
438
81028
8829
4041
53283
2357
72565
53640
18707
1895
1240
4757
752
8046
7066
3043
3119
6082
72188
88532
41315
965
67332
2852
6231
20450
37563
42838
868
1993
7602
27989
18065
813
3576
22514
10466
47375
19941
31090
7218
2575
11314
20255
8153
1100
7424
21598
71337
20967
39178
2964
65789
31318
2843
133
280
39703
12033
30010
7303
51141
52277
45601
12468
53155
5361
4122
1772
25087
64476
31927
728
3738
1986
1554
24649
73754
35082
5926
4142
23389
41108
26978
5712
10
2855
16879
21429
15667
12313
25924
27657
17005
28714
6553
29210
2802
64261
34523
3542
8593
578
38006
5892
18829
11972
28838
15380
34141
13016
12476
4
31896
19302
11629
38610
9495
32808
491
25639
55525
85545
7138
16769
4276
9616
9637
10882
11721
8725
26540
3007
24654
9679
3349
1760
4355
20444
9173
17295
32297
55834
12057
5328
37230
28334
25529
28352
11232
16758
26461
12965
3399
6888
16406
52552
57149
47510
7020
6817
21357
10629
31829
15649
58755
61167
11495
37131
5774
17656
63203
8813
7825
9774
307
6992
61637
7980
771
11521
25190
10437
4763
10052
1457
40058
24204
14843
43407
41456
47598
26030
22723
46552
28193
1039
6514
91079
2416
4840
15288
22332
52336
871
7717
20184
17910
31938
28548
68773
29106
9382
12695
32638
37359
23938
24074
29289
1366
10305
53964
43685
21818
60210
1505
1093
13817
33461
16562
9604
2669
4726
45341
41
61394
7604
74850
19593
49873
15311
644
1
34468
75767
620
16968
64840
54824
14486
65898
4120
36772
70750
1006
2763
8081
69605
30526
26285
6874
7218
5554
6624
1387
40911
42263
48187
19926
15568
71316
7267
56720
3410
33819
36717
818
25775
3261
44143
17665
8109
16248
43693
4628
46522
40282
8707
16269
7076
10300
8196
15069
68407
32824
39947
13678
41426
28894
8490
24702
16856
8526
19195
14
38635
13658
60728
77967
13041
2362
14141
29099
10566
75321
17321
36803
502
58151
4122
4206
13902
7496
14609
12702
12097
39622
17628
4812
43461
20222
10265
80692
7603
3088
3941
2717
11236
15
29629
12761
2702
64761
3629
15123
20325
14921
9671
28963
7046
20117
15705
3778
14524
17205
632
4954
78795
43074
8125
25370
32948
1369
17198
12127
24658
51058
13488
13465
24824
25963
927
77736
3633
11739
34817
2095
66681
4208
43970
22954
28087
51813
22039
45673
18140
38745
66224
33887
18519
37670
12090
12737
1261
19821
29340
171
4699
23281
65623
26549
27116
18162
38776
17773
11889
63
1740
23406
15737
3744
18778
39614
19243
5608
20860
67643
42063
45760
26341
51523
2485
14176
3
3843
38
457
17038
17523
47052
9997
33711
2671
329
2264
11676
49
11870
20820
9729
20615
40231
5421
4881
19530
10358
16032
22512
54347
48958
81774
2660
11475
1304
9817
58176
11358
20444
11324
52202
22602
6258
24488
7549
45614
54776
12667
42566
30064
14229
2798
4424
7124
1971
1626
32958
29836
18700
45230
33540
441
29343
24503
46916
22886
23059
44610
3899
9054
2887
46268
3646
12691
4602
31840
18878
41107
34626
18682
58250
3818
13799
4176
69653
16214
35257
1421
28685
4081
9411
3304
11508
1915
4180
50237
83928
6527
21145
284
16396
1242
53205
34570
34275
47433
30565
25044
20264
42004
57705
15319
79609
207
5050
11511
16980
51194
10
45989
13122
34504
34156
14190
36816
8244
32065
71261
13665
74647
594
54027
19224
1758
2240
77793
36947
3212
26183
10827
12061
84957
16699
52589
2182
4965
13569
8059
10523
15295
4509
1661
7501
56528
57392
20979
31027
31716
40494
13961
5377
8211
39661
7597
7125
7163
11711
40148
46545
5566
453
7165
7610
237
10522
18042
16710
1
23789
40479
14410
10397
47584
3944
6273
39780
18426
482
50453
16372
939
2693
22982
27513
27752
52191
5928
44844
17366
22222
15015
1889
22582
9215
37088
63536
13080
16654
965
21595
89523
52677
43559
26596
27505
13101
2427
34562
3786
3335
24683
541
29986
36930
7324
10551
64517
22472
4214
48692
15552
14906
54594
343
9317
4889
3540
1252
3969
41281
12145
23000
2212
1497
67872
3355
16349
39160
13921
53296
48048
81728
3394
27246
19333
50392
8763
24509
35135
8483
472
38437
2871
10983
44531
11994
7061
12245
2306
31028
40033
34796
2443
42661
4482
13734
28000
29166
14355
22507
21569
1832
9883
27258
7472
48480
7509
3242
1502
63663
8871
25
5147
10010
35484
64952
5778
19720
42701
29147
69469
9004
35586
13960
13419
36321
68275
1281
42059
804
27208
18716
41
18021
20224
23533
31778
59133
22076
22084
29622
3350
14805
27304
30992
6967
6962
35931
18475
88782
16390
10138
561
9686
1124
8007
58743
18337
1091
41537
56782
5824
7055
51079
47097
14483
22267
22288
70290
21364
1024
1715
458
18551
19745
197
35979
10660
37948
69316
24514
11213
55024
72409
12086
3418
22270
6351
15112
12790
10474
4451
13614
34691
58249
11699
21167
40640
2908
33781
5109
54729
69747
2186
24299
8680
48031
11195
21259
41320
53053
23369
14398
1537
1887
6838
33369
716
3037
2775
21989
82158
20317
2434
1709
11249
6185
4780
65
17761
62487
1300
26125
19331
34890
27301
23625
20949
16782
28408
35513
10518
31837
22548
329
8391
57839
5976
937
19476
7705
16584
39216
61670
23292
63856
20535
46509
20737
7873
8845
3298
12837
30536
12267
18412
14358
27931
20693
29286
5149
13897
2763
13155
24334
2893
1205
10971
9514
17987
25696
33482
35131
25582
3020
45331
15128
33953
20932
2147
19427
81920
33806
34182
12939
13396
27553
12061
30810
31937
1751
10817
6617
34317
7534
30799
11320
68910
31385
2289
18581
5986
65597
50232
512
6791
6258
26502
8138
2016
30638
22411
464
1891
36
60741
1528
12451
817
77032
65416
8872
11541
49351
36731
7731
4472
15870
17391
48123
1173
16329
39659
44976
1231
45143
8518
18915
53867
45063
12178
21366
25883
55704
21382
10996
22912
28666
5854
252
385
7038
12238
10749
3487
35169
1179
57357
51220
37463
13378
3049
848
41350
25995
4557
46436
13256
15995
17923
31100
4029
223
8026
18502
61090
9081
30991
3218
28527
7441
24259
31223
323
60764
11200
41787
17493
9425
3058
28252
17892
11095
28872
10569
11775
2957
21996
5395
3904
10971
39253
14561
924
2699
9112
50534
8862
35561
32297
5105
8204
7134
41175
12698
23879
2740
36889
43715
64920
12541
62797
27696
4552
863
30900
74570
64484
10287
24962
600
57403
43275
58160
36556
22205
2130
33983
24431
10029
27066
33653
6754
69958
1026
33665
66707
44938
15257
18266
1
554
20665
61943
28371
7546
31574
3328
15035
2909
22206
19190
15425
12785
75010
25543
30005
66357
1842
10231
1924
18714
32360
51430
52604
15792
61801
75599
25909
697
13667
3039
30960
73085
11195
18618
40611
5370
6790
58
1988
45339
15706
24477
4616
30065
4757
40785
9164
38611
6957
27152
12643
1714
29569
21826
14593
6055
12173
70775
7147
11154
41785
4858
61710
7473
10022
50380
16622
25564
12891
20624
10489
39033
2039
1647
6242
2
25082
13207
5693
20143
4298
20064
1336
4617
3684
12756
25052
17149
21947
7583
3981
5745
5493
20137
21416
51890
8141
17237
36291
59004
2
7680
24520
8436
9841
2
24369
6679
3364
15538
24801
10692
7788
31713
26637
19992
2841
68
12228
349
5285
34327
4499
40275
87404
49668
41956
21417
50875
7146
1137
15474
30314
2
47724
40
17865
1
8648
2391
11503
58857
29884
30312
29987
2
6121
11694
70007
61457
53839
10620
48735
55842
22581
3628
9736
18082
7597
5022
33908
45385
34894
4858
27837
45308
36920
28791
35095
931
55687
53583
16401
3825
3082
27595
12976
6131
25734
33838
7645
15208
32239
1557
57787
7901
1009
8606
39287
26114
33208
12592
22304
2310
42560
23982
22061
27594
3318
13543
12798
44670
50690
44244
32939
49810
13597
18859
6264
60657
4627
13089
11950
21489
18610
2671
11539
7308
5194
23081
2442
39836
21459
35054
33127
52101
1280
1823
35884
18272
29964
17368
20820
6643
23895
31489
2184
1784
19686
33215
57212
47937
23830
6678
14236
52106
4
5751
611
7948
21950
37941
15603
3817
5645
26387
2342
8555
52158
8433
37682
7031
6416
29911
68972
53554
67509
816
11239
24662
14750
21342
38225
40767
74746
34883
30840
15303
44401
12280
67516
4536
74585
780
21387
14232
59692
1228
5340
4603
14553
21030
5863
44599
41396
64941
72628
63015
59117
4
32892
30300
5112
23440
17802
65503
1117
8607
5874
11184
55015
9003
997
744
10631
40188
26185
14644
20111
4730
33271
23463
21847
16823
57338
6448
8935
57000
80551
17725
304
38263
10055
10298
1531
628
26329
7815
26180
2825
40887
43652
954
18472
32015
47840
20325
27448
66641
22675
13068
711
11896
15651
50198
30913
8685
21258
7485
18945
20421
77069
28114
46155
6232
4876
28450
1087
29497
3261
60059
20469
48754
5612
13051
37361
43487
171
31286
3407
646
9143
13914
46646
49666
16069
30484
11777
8522
50155
12841
30983
2209
48593
7033
24684
53305
8925
7030
40755
30415
28238
1162
69697
34425
43750
2251
78626
67694
9181
3000
737
53203
76196
67760
19462
6638
18785
10558
10353
6416
7965
2793
10396
4
11170
7779
7854
24892
7551
42073
3803
28072
10041
10943
27483
25298
11049
47191
11738
16555
40558
17296
661
38448
29309
9896
56119
71088
2508
2263
53720
7628
14041
633
2507
42922
6142
5927
2867
1477
13309
48880
46244
3403
18069
726
7397
2834
21633
53437
2964
14308
7904
62541
7015
233
40299
25791
47503
4868
54665
13972
14082
18128
70411
29735
75733
17454
26592
79703
17758
1544
19434
2791
40384
17653
367
14214
51301
10280
6085
9209
22633
43635
37260
5604
50044
11423
12124
20958
2069
7721
4097
21352
85898
3597
41304
14736
1443
2639
8121
68215
22549
5764
62573
1395
17738
43260
2467
27911
78532
33272
5282
70536
8937
36085
28681
8651
67846
23900
7900
10428
41597
12793
1657
9177
61944
14294
71275
35999
1510
2997
2002
2514
3529
56351
46644
31581
9963
21548
2452
12289
48791
30369
52194
26265
2028
48866
78851
31512
1880
52164
12187
17409
20604
5665
1625
34138
1
22972
54042
32936
73232
15119
42248
6581
13097
14324
73842
11285
53185
23706
21971
38923
1982
421
5322
23837
16831
71732
33054
66833
3614
601
15405
3365
33666
15305
2
26456
46874
15325
55344
45807
5801
19790
25815
14288
30987
11738
13912
32996
31723
7670
56510
85086
21078
3674
76801
26759
31378
18916
45972
25066
3157
39795
27778
42
21205
20785
40254
3263
19007
14968
5128
24653
27685
75223
2418
16040
8148
832
28741
13440
2314
1321
11448
25002
4265
51508
20148
10788
18225
2595
14907
15923
19618
26861
46260
21658
9943
3810
6910
20265
49474
9560
66252
4009
23271
38553
11243
21574
11144
2519
2522
52145
8547
26602
20935
50863
3732
30941
2240
1249
2207
11753
6734
24207
3103
16977
1059
3771
12702
6259
9
10731
16223
18570
729
37193
41965
598
21118
14487
15133
32450
17732
29321
49420
44507
13162
11409
66117
30395
6897
2618
29102
22655
29020
4634
2029
1258
16918
22856
60931
18694
75834
22765
80322
57902
47591
2297
32624
2110
55674
42876
2691
8335
7129
41956
58848
15006
3488
45824
16794
27108
8059
19040
66846
34035
25093
48458
45362
48369
49546
19025
46822
3119
28340
296
43455
13518
45322
44294
2115
3916
1896
28174
17905
57431
18383
2370
23646
3148
2140
13534
7324
23502
12873
4816
9217
27150
38151
61631
32289
3920
20468
6904
55714
9
8832
33562
53042
45818
40117
5396
15201
22913
16148
70014
44111
12371
29198
31147
31106
1529
775
27919
58454
16142
67435
23254
6756
334
27597
13752
4512
6832
18805
8173
3249
14453
27796
4377
17474
47774
5167
4240
21100
6473
46760
10155
46831
42711
24800
1026
31382
46987
63841
1659
17516
24808
66776
1061
36557
924
6647
20210
77253
36199
16528
563
1043
939
1232
8635
42990
847
7949
28025
1360
47387
7877
12029
6186
10744
53025
52081
6153
23817
3220
57461
15290
14186
27985
20111
39471
5957
15378
36129
23163
61824
2712
67633
14367
548
50051
74
39620
23723
37121
34084
37035
64924
6393
22127
38641
1418
2582
6871
50606
27525
36334
12444
21596
36395
2028
31758
15453
18494
1017
8187
28884
43318
31808
22329
74808
16318
55530
49021
2103
221
67949
44326
13533
7750
80016
81793
60395
12100
45353
3335
62586
7301
1439
17513
7894
6211
34058
3
15355
37174
63166
2349
5143
6492
50655
23502
49251
3877
16337
6102
54056
3733
951
78962
8718
18796
36997
12779
52609
23676
36090
16673
18172
72357
58744
13635
5412
28599
2444
17147
45988
31366
10502
738
2410
58552
5621
5388
534
8309
3791
34750
7775
1237
18670
8343
7511
9627
27714
51357
22334
62994
4599
53968
22320
18976
4084
20223
5711
30824
55608
7526
4925
18111
13259
68339
461
4240
53240
32556
8018
28290
34731
3026
15185
33040
6050
6221
25753
5360
18986
46950
12796
1299
59839
24436
81639
70408
30659
9931
65004
7410
39877
9221
57632
50275
53428
6259
42776
12746
11191
7205
17853
3000
12458
11394
13533
320
17971
3641
61443
9314
19245
28691
59735
16352
23007
2209
29114
12832
58572
37093
49530
90765
39318
24236
18617
1578
25869
5923
6141
31036
10734
48339
2371
3940
41205
38336
16663
16047
1620
4140
36185
30627
5154
2467
16520
9756
42268
11080
2603
23267
16407
539
32452
37655
5051
46291
303
3660
30326
1266
11297
22005
8272
3547
3192
54950
75440
2
47407
3275
52312
1788
14434
68729
2661
15815
11269
23187
58448
37618
13704
57096
33221
25802
1299
1975
59710
38671
7239
9898
47607
1011
32598
10055
13881
26987
8018
24641
63697
49000
14600
5616
4747
3176
24948
19789
6944
69306
28348
49252
47916
1360
13201
29234
11040
58117
27902
79
972
55719
31205
3276
9893
75556
544
1878
25424
22258
12712
27200
6744
62386
18
84423
69690
24330
2518
22551
692
4594
2610
59044
9638
21663
44281
58658
24595
12825
39157
12399
41725
33292
14367
1
9704
47069
13390
32748
16691
37505
2893
2052
1170
8222
13523
10420
48329
15007
20241
13142
25010
47572
50670
37335
7332
1266
17937
24431
31029
28242
48427
16183
6722
4258
3038
36665
10703
27843
49930
9672
63824
73898
28387
9097
1482
3388
3472
15600
79414
305
7903
7444
9143
71798
19512
18580
8249
18
64368
12841
39313
30124
3939
33929
57019
2147
32965
63246
11409
803
10925
14796
33252
25649
43639
71904
26179
29963
27283
8075
54301
10032
31290
57569
45376
17404
19366
38346
15280
23765
20135
12118
3239
21504
4252
6649
58162
20783
20393
41816
9634
7616
16504
35292
66562
28764
11559
762
8282
48635
1
20195
2238
9086
24737
37357
77091
34777
72543
13302
2931
2159
49442
2647
8657
85179
972
3506
81015
21327
6980
50182
12949
17852
9506
1627
56805
20921
13226
999
12777
4699
11213
35115
26937
26510
22476
4488
4201
30915
2354
2762
2754
50094
24195
34355
2200
35831
15554
6443
45021
30250
28569
62657
17988
38897
24233
1911
11147
2997
5488
5223
3727
4687
11555
17047
19934
9442
2918
76181
30046
2084
2762
43579
683
13885
21530
3411
2898
19369
4373
25976
3344
48916
71006
32806
6885
6003
25002
21793
35240
9
9907
50476
5443
539
11826
6102
18280
49487
12215
49713
3269
16307
79946
30296
45504
2762
37072
5779
51206
82212
19432
70379
23499
682
17306
11466
981
20902
1410
7363
1215
14088
49882
45060
53120
22835
29173
4351
3143
1440
59635
40879
53387
13726
30344
25043
14110
9125
6718
66628
26758
13515
4167
25870
37678
9104
29825
41
3347
852
35
27720
19130
1466
69558
3244
23796
14383
489
17893
8405
14647
75331
27402
71749
14774
42165
34985
70211
27242
3206
10547
2918
7536
2225
64330
4148
49370
21816
4043
11945
29825
30131
9240
10122
5316
6185
18783
5946
6786
1877
16363
507
33908
12039
33727
31524
1887
47448
2133
10520
7431
2948
4659
9208
46807
25489
1622
19300
1467
19234
2119
53046
57211
2116
626
7100
2109
72409
48172
50787
6426
4833
7825
16747
4077
13020
12467
3427
32469
84
38170
29413
40916
15730
64583
6787
8083
18000
4921
7500
2397
30623
10169
1413
3790
20577
22968
3890
10569
5476
20278
32567
6052
33055
49657
1134
1724
12593
337
65881
54479
4713
24343
1
1489
12253
12137
33153
3898
78899
3625
316
1302
24078
9279
12870
52630
30949
45380
23372
58
22253
27269
367
3380
17289
37835
46328
52145
26330
8649
7858
55977
6324
1843
9241
9233
10236
33863
13811
47182
6021
58464
1466
43898
26480
39196
5597
15922
13043
70335
1831
15625
53269
75419
10115
13521
21031
3337
49906
55523
3154
23519
14904
975
4484
6897
12136
18855
12244
15405
3719
55593
7470
595
28469
7036
18061
40990
39971
42998
76399
4128
27524
45048
24303
13576
4646
24100
41963
15505
10269
5711
16607
48437
19985
8987
69727
2791
21757
10760
25025
21302
3391
5428
4071
1437
23671
17536
2720
4516
45543
9190
1762
53042
36990
25403
22888
58870
5627
62551
40321
17174
1048
29501
27935
45511
8226
1361
37633
10842
14566
956
16738
1723
11344
18154
21366
15710
62542
41167
18308
55178
11830
80754
31101
25578
903
76146
5848
22050
2604
5868
1618
25
2367
26051
61685
36428
1297
42155
60545
56713
21886
1663
16813
7562
79048
50994
30495
17237
45445
24934
56533
70388
20868
9404
12856
42180
4137
2633
55652
3
4126
34360
1096
44028
20720
18940
28833
1
795
78678
18435
6465
10349
50032
6550
23362
16703
40721
11915
14
11364
48759
85519
24887
8122
67200
1
27564
5119
824
4068
4012
10535
3908
30463
19124
2458
12572
20091
25515
72830
5709
16965
53304
30329
31016
52917
9404
50122
66991
18391
8536
46263
24471
60646
9113
49506
9593
64970
60996
41294
2653
855
1954
12965
6509
35191
24179
23739
19353
77666
11168
34185
8217
53287
46090
6887
40540
61304
85307
4075
43704
22985
1795
9481
16224
39421
12995
19048
4333
58668
1939
6345
3
14397
13551
41593
1452
35031
25937
306
5117
18374
10973
9263
13941
11458
20212
7586
49908
12920
19210
46317
33359
34185
35843
9133
19588
7134
24034
1610
39497
18956
34269
9361
40733
915
2194
23752
29035
27558
33972
4970
71144
1649
12514
3799
1020
38112
20072
7917
34214
19858
4712
26844
49343
26891
3742
32082
31355
53975
13959
551
39818
19025
8720
12750
2698
24202
12632
28499
15972
50158
2771
37646
8682
2
37437
3724
4434
7991
11207
3350
62038
1757
8140
26751
8477
2327
29930
19844
263
41135
1359
7334
8564
3251
2131
3851
16847
9081
31817
63269
10248
1310
22261
663
34486
1576
11685
50123
14186
47353
17527
37167
51285
63718
7725
1588
12508
10463
56683
24686
12319
29761
17473
25197
38449
75957
489
83362
31879
5434
74191
56208
2157
7402
56991
9051
30393
38251
13350
7971
63218
21781
2545
15996
30323
53429
34757
1806
18234
5149
7767
278
61194
2519
24446
9765
2515
14617
44679
532
16614
13005
27535
3631
28379
7625
2769
14989
64657
59320
27334
29610
49989
41555
10042
47341
39523
41720
61106
38062
40914
21409
10247
43231
39946
88220
1246
30864
1391
35605
759
18458
16669
8484
21250
422
25742
3372
5234
2003
36942
1290
7664
34292
20877
29432
55722
42489
49498
3692
4385
3178
32209
2327
22931
2674
17134
49142
7271
30079
20485
42897
45066
13668
412
56930
42023
40770
12293
37832
11222
26146
33680
2866
28066
17557
27633
7416
21640
49234
3
15308
34039
39993
24152
45
73423
23932
46357
25146
52277
19168
10284
19890
1506
42568
28189
35122
32
40036
66455
21535
48377
37014
583
18077
42550
59614
54152
20730
23000
19327
16470
50945
28984
49259
3143
52851
15666
3822
13550
14468
2564
8550
43516
4595
8505
14481
35437
14933
17717
37397
283
9073
29861
24386
27749
16320
40224
36641
68841
12402
2246
10069
17598
3748
7514
49345
663
62783
897
5649
38789
234
41923
11662
1047
1580
45670
2437
16812
5903
9997
24334
22798
17143
50564
40896
68214
71326
1104
23160
17976
39484
23567
12218
15519
5102
1215
36155
43628
9014
5923
35329
22503
70060
27751
27853
17715
61755
61144
60033
6503
1696
23965
60022
6326
34629
73364
49197
24450
2421
2948
12243
51042
74754
34047
2200
44223
288
5213
1523
32061
2277
18570
4156
39558
996
8309
642
38326
705
44553
89699
23130
1645
68602
6809
3425
654
7017
14933
8913
3193
17508
27072
11750
7955
37793
36446
9908
88766
25688
42835
24704
86467
2504
30290
756
13230
29241
16163
40019
6508
7749
173
21443
35319
8947
4911
2268
12272
3038
70152
25307
23367
35064
83097
2571
7856
2766
10210
12489
72002
460
3095
26528
21151
7357
21373
82499
25519
60232
23298
16054
12886
1692
6722
26099
9554
32196
14927
9825
4657
44142
3607
32241
78706
40266
18393
44280
5915
27874
11285
52842
32224
4519
18692
76942
25500
70060
3516
28544
7285
4768
4068
24252
35002
50844
27831
11548
46608
18054
12985
43554
19757
17026
16235
32548
26896
1640
36483
67357
14329
62304
56224
26061
1404
1074
6013
12
63014
16973
20708
31401
55101
44705
2922
13493
27811
487
5262
16027
9924
1421
9649
79498
17009
50881
47717
3891
74789
35799
38891
14548
3181
11601
23729
4134
60642
79397
27826
3526
41167
55147
25758
20858
26626
39082
70465
7615
58626
19801
2036
10307
13579
4241
15609
55595
7
3660
68896
12870
80340
807
4352
19738
15574
33903
19732
5590
17850
4155
72639
14723
31567
9376
13496
5501
12818
5942
15262
29133
53442
1978
46687
3954
41
14823
11907
9305
3632
25568
75210
4484
4788
45384
2089
15109
2952
43198
36452
3873
15497
18845
46238
38166
4030
19770
5377
36891
4359
22792
246
66464
44039
8851
22443
12009
27764
8378
56531
1161
32835
33732
45067
39776
17006
15596
54885
29666
523
76934
70771
20804
2617
22660
1287
15625
50162
52159
41888
413
17238
41807
6826
4598
72250
10636
17791
3682
4184
32473
1767
6071
4575
65364
42350
33219
33934
20584
19139
1870
50683
1116
17156
57241
3728
5662
58156
4
19575
18584
28439
2915
36937
21612
9463
26884
4552
387
41609
45173
58149
62559
14617
2911
43389
12610
4180
5530
10464
3220
50830
11809
18536
30629
32525
801
54049
364
2176
22977
22766
64621
32682
1212
63413
17647
26958
32913
54168
3475
32595
46556
51950
30220
42533
15755
24764
20428
7632
54475
75535
83705
4699
10162
2003
35396
13290
19501
20014
21806
12023
6614
36082
18921
37778
2935
2258
51141
1889
408
5919
289
1530
54088
1438
2235
7763
7248
13773
4373
29472
2749
81021
62610
39465
13182
24611
20283
12509
8355
78734
1325
634
2103
18675
8970
786
71096
62954
3117
30884
40814
6463
27863
64075
979
13319
13302
64313
9083
26557
7342
16598
2476
5707
3535
1070
4716
7874
11566
28565
15519
32207
22931
38659
49337
23689
19495
19443
24950
8145
23
8236
20897
482
525
24084
1790
6867
1238
40377
13792
14727
43393
22498
33851
18400
5643
63302
71549
54583
16536
55804
6175
6789
67359
3580
44693
73306
67754
1956
71382
33026
43543
10460
37001
38020
34733
708
55936
11705
16672
17242
7337
36183
3184
13408
16808
796
30410
25897
16301
16339
13812
4378
52
46126
2155
10010
5
29542
8335
16615
48219
20448
32514
47116
46764
3819
28599
46379
7022
5173
1735
3095
6017
49736
33248
51203
18649
21826
14603
70794
35874
8675
1136
2496
6367
953
7729
9883
5555
3072
41820
22059
3225
24965
35824
4870
21562
6585
8789
52730
5368
21046
699
5984
87713
25774
34863
19064
2683
10863
55849
5541
28671
10210
61014
21377
77649
34952
5322
45957
51066
37325
55202
1051
2414
53030
29248
76656
31304
33776
63359
9414
36812
1211
6772
1122
2016
9093
37395
26143
50774
25554
13801
23197
2280
15873
27288
8426
40449
54432
41462
2
13868
26882
4990
36424
31736
1604
19416
42308
16643
33221
8575
5851
46449
7797
29674
45662
43844
10465
22500
944
13875
49331
7311
25096
30635
20550
13310
29896
53486
46636
11701
196
33317
1399
13708
15829
53096
505
28085
5047
61738
49397
14917
60582
1514
7428
66673
52489
40345
69052
40019
22977
391
10154
18812
23170
16093
20241
10217
9233
53320
8142
18356
34021
21541
83657
866
13735
25802
30991
13866
3391
60713
13778
10762
30551
8100
21931
40846
46217
58439
358
59480
5765
35321
54357
18454
39270
4043
29929
5455
30198
11367
15392
38177
3584
2570
1362
9041
3094
91530
3139
15250
43695
15174
21897
2421
5476
7771
7949
43218
1637
31169
22905
5620
23597
6506
4687
13998
17797
47425
1805
24455
8768
16461
3184
25832
39087
18676
11859
23521
2538
44701
23372
3230
46004
36714
28541
13691
16802
56191
29116
4702
11081
46955
3188
38552
48365
4394
1403
27745
42397
36332
13386
3664
4357
6199
42960
2989
16959
13903
1403
29767
26630
9501
68770
6393
74964
50709
8785
8469
19448
16196
57820
358
5436
22335
23437
28238
41660
32740
15417
23058
1609
35731
13056
25473
17835
852
215
10893
52227
33449
12370
9033
17911
7260
17682
8072
12039
33916
9355
47497
35262
58926
667
28945
15715
65968
20250
15771
64514
21398
12182
26851
15610
9170
66453
8931
41354
1342
48150
31501
2721
44648
1379
19244
43900
53700
53684
36989
7689
65536
8430
5989
4922
34
24032
50828
2707
72589
35550
51194
35739
36064
5732
8329
22601
8197
16248
7013
45135
10222
62492
13826
18506
16695
45356
18941
4692
309
15100
78400
52662
10347
9548
86679
4312
7714
2525
8924
37118
48459
11736
1998
13887
20121
9062
64
29564
41338
26415
12758
9438
664
655
88182
33089
59175
21077
21450
1903
16859
66392
84244
28678
58002
6204
14738
29312
2561
21715
10664
13972
15452
10950
21581
3543
23571
23308
34800
11120
76899
27218
13748
1820
10163
6819
7276
14367
72572
5629
80132
16838
5023
57287
14696
12757
33477
12271
13041
52293
29865
13344
49290
42712
949
17847
12290
43010
501
22997
30921
4179
17180
3096
5261
4400
6665
23320
2686
8425
46928
36496
6420
46800
19918
4005
13111
1940
22257
2708
26419
1298
11767
8216
17272
12182
72840
59219
6710
4441
21752
45375
9605
1
79648
54848
3935
36810
815
1993
4300
54351
27482
907
11329
17237
13724
1769
2036
23670
53387
7865
7787
10530
15410
5762
29897
848
3459
3185
42098
86106
32602
8275
34955
78991
23796
16638
20957
40568
36265
23891
7321
60742
21588
13112
3650
32427
7195
3143
41129
4693
81443
40422
55481
25260
3191
1487
61708
9700
13559
16639
3114
2279
10856
23650
75692
71784
6507
5281
1583
51170
16637
1946
65264
72270
25615
9506
3472
21457
2300
12687
68533
10785
49492
2410
47464
27094
19548
33929
2753
6812
8009
8675
5581
38880
10090
54814
1625
29003
338
4472
51482
64315
374
30052
62799
52633
1792
2596
6411
2736
15355
24899
17516
1662
5539
17971
8625
12283
24303
37497
12847
14639
5620
34154
51061
12587
51446
1320
5319
4019
19566
24756
15304
20454
931
72191
8476
7363
66903
38991
32082
10842
7238
1990
26322
2108
2216
9059
13914
69508
27635
19156
3746
4271
54339
10046
25691
19705
11388
9033
40065
13230
87906
11529
7857
12230
67203
13665
3920
3181
18329
2913
522
5177
33635
7331
15475
36637
5826
36886
83899
38019
1914
12744
2762
15056
45173
73360
25
44410
6318
2606
238
6273
32637
55320
7938
36996
26499
6507
5957
2025
2434
33724
10786
11644
32928
20646
23970
62556
25715
11969
40961
42040
33910
27214
22188
34009
22793
6051
3894
22659
10565
311
19183
6321
5956
13292
9080
2239
25981
17604
8505
34173
8455
20148
86870
16950
46533
5426
63487
29384
35845
58377
3405
13896
31458
42881
15710
39054
14913
11966
31998
14203
12060
24542
41551
13708
17597
50041
7375
575
1633
15200
22264
53177
24422
7542
4874
26493
11942
10761
21068
19898
6198
35746
757
32593
37419
14353
3420
15530
16461
27837
14494
4974
6857
33883
8953
13414
22636
36521
24890
37113
24317
30761
3841
65766
1034
15132
4222
12180
12906
40616
37223
87
23607
39810
15201
21648
12245
65173
52157
1319
47831
62103
24680
53205
5348
26286
17004
31983
17745
39885
11625
7414
6019
83297
37380
16897
3131
1017
2074
35432
10120
55074
1
7476
35511
3237
7182
62943
1829
4533
6158
5411
48933
1356
33283
2191
37390
30741
32965
18809
1540
12652
36241
4
4136
18865
16924
4594
13201
1381
41549
12029
70835
30348
16263
36841
3795
31169
18769
40510
58133
3378
53390
91338
20225
70997
35997
28500
23575
7288
38057
20033
20267
13945
9210
28452
6053
30773
24925
5073
6860
25022
12575
21159
1154
1
31725
4477
25917
21145
7287
71715
4880
3
21720
2520
75252
42733
8852
9552
13579
13836
31292
36385
28118
78408
22176
61343
4927
6385
2657
34335
19865
9065
48208
16679
32736
10355
24353
38080
8409
7401
25490
2319
27864
32046
45154
32160
44954
37457
18297
56969
28721
4631
31996
4950
4487
34786
32392
18006
25767
1030
10476
15512
18400
51900
1060
15296
29887
58785
58333
41865
5311
18603
34791
9212
19361
4916
49115
67538
1054
395
11708
4387
20183
10425
3414
690
9871
31082
886
15654
23715
4433
19176
17590
26756
3845
530
29043
1266
16458
66590
6447
12405
32802
17485
46149
38519
5772
23317
3388
61953
1428
2562
26294
4163
18896
3490
175
3321
28346
331
8010
7882
26177
4032
9907
19438
24870
1697
37665
7884
29338
4008
2352
18744
717
9061
31353
64365
15014
57459
55339
33238
2474
12052
6300
9970
58810
1911
35875
26778
20754
12441
5867
32817
943
26001
517
65344
33661
30084
10604
12997
10520
26931
4117
31874
67818
38865
3638
47530
24108
1076
25875
11114
4
5359
22865
6284
15011
35239
17365
13596
74867
43700
6591
8535
385
7776
4631
38120
823
46371
40175
5712
42994
16009
30936
15400
20548
15793
16527
19918
59345
29
9382
15286
50540
4630
1237
4111
13633
28715
4380
1777
14725
2831
8617
14322
19255
317
37388
7729
1
1676
32181
23
25028
22737
10344
36311
23136
42333
7292
160
1166
5703
2647
16742
55153
59889
1
47007
14166
10029
12264
7791
5831
23736
28240
58598
49121
6075
5918
8070
15084
5396
34589
498
15622
42076
20000
10104
50788
54941
20197
9811
2385
4658
24829
16064
35050
49105
9676
33527
2397
300
14327
2941
29499
47460
1635
10234
49661
9125
19300
464
12420
32499
41069
21216
6777
41688
65951
30735
59714
10817
45177
17276
6054
29623
2023
22033
24944
37678
15511
79820
9536
15232
14421
15958
43741
35683
38195
8129
34529
3189
26636
27333
29117
2457
5748
11835
15743
43586
4429
4683
36142
1953
5556
11305
22391
41766
24095
3885
3925
3646
51008
6257
59212
67328
2650
37392
18381
8873
2256
7910
23484
30491
29477
4589
15878
21864
938
9820
22402
33607
9978
27320
15515
51105
7866
8978
21925
42044
22340
12335
33922
332
39261
15825
37663
44155
16799
10127
78978
1
18048
13234
18188
40484
41204
20738
26516
56301
2308
32106
24249
21722
687
32641
3134
24260
4369
23493
458
8499
49840
4700
73740
13318
48343
824
36723
4510
4974
39832
2020
19129
54240
10246
13947
10918
2184
1240
24204
25401
1113
16868
708
31054
62174
15664
23422
68506
11185
39604
13690
63974
40007
72701
1300
8953
549
20459
14444
44151
6484
479
62054
5045
2179
570
6410
8
25945
9347
23995
18470
617
1417
15811
15207
27520
12980
64356
54931
10058
6967
4052
9469
53292
35842
30105
654
753
11433
594
8012
1396
18750
13031
23228
36845
1640
61378
40367
31530
26913
53926
8187
10349
70197
2453
30618
3930
63996
654
6490
7916
2033
30768
5817
33595
23961
3501
42227
17769
28315
7602
27074
73203
12604
30545
3926
5670
58981
17053
7633
10039
53204
43611
2249
9351
41890
18299
52077
6352
3381
3276
6883
38510
28486
51144
50348
30186
29672
12568
6406
78356
54173
59533
22679
90
1742
61725
5558
14574
63188
26927
48039
19223
49914
27243
2649
2069
4265
43266
28602
951
16564
7982
51218
20430
35029
1963
1629
34652
28707
15763
4514
3859
21518
20610
1629
18365
16559
185
51893
11883
38092
1644
50100
26010
14186
11094
2367
1097
33934
58642
16976
3802
46673
6016
37314
541
60241
70950
25429
21012
38036
11599
977
7100
7390
2086
34585
35131
15023
34791
22641
30753
6253
5709
18261
13371
14482
35179
48360
19070
19043
18111
19338
1590
36961
31
14764
79110
5009
604
22358
54785
546
17497
2720
54824
9415
955
6062
26490
17833
7706
3007
17736
3924
44357
291
28023
26897
19625
28294
695
19855
35187
10013
50796
41106
23381
91
6184
1929
92325
60132
4943
960
9563
17041
1584
38769
29711
20329
7107
68057
30043
45656
12601
116
65387
2220
29415
51583
47816
9216
26730
36959
6369
18143
330
22282
7238
20152
30732
5409
54034
72540
46781
76250
39805
42861
5910
20004
61800
75798
23008
2942
63114
9157
2295
31500
4777
22567
48843
16893
656
6273
3556
39236
28625
4865
72460
58034
22773
19630
28393
28293
24915
560
837
13440
11106
29939
59924
50396
30208
2052
17626
24019
66553
42340
70191
18837
38904
66964
6388
1070
7113
38628
3
25123
17151
10370
16743
9560
3661
35946
27510
913
28272
22770
485
18424
12980
15398
2446
16590
25405
899
1437
35
54998
753
9092
33156
57662
22119
8061
5276
15068
9215
35265
59027
21345
8810
3938
25885
32568
13524
10560
1048
35065
22521
17224
9305
694
2937
6822
419
64013
12448
72399
25083
83652
51569
28082
8
68802
5227
1451
9667
9721
258
1393
3662
54850
25481
811
66833
13354
10423
5521
10188
3831
57458
4486
13015
35886
16598
30633
27900
49648
43297
2161
7242
6895
9995
31738
3563
40174
8568
5855
73951
17299
3327
29686
10212
903
54718
66352
9729
1347
2041
5160
8520
74564
46440
4057
9500
20416
14095
9201
15098
2
29307
18207
6932
3472
12323
10385
11388
61481
35139
60127
44030
15050
2643
1490
3809
49880
7047
11472
63475
2373
60656
8642
19169
2015
32717
6667
9330
15876
19262
24294
26374
23011
16973
42750
1696
70687
15243
9756
3142
12534
49213
17472
77033
2728
17427
35846
7208
13641
48925
61715
44613
22151
39089
18186
18255
53523
33280
9838
39674
4583
33100
5028
30008
24683
58029
11637
3858
17125
12571
18033
26969
2256
1
62697
53573
13387
702
1812
12611
59386
9300
15300
158
10130
8417
4663
50217
52595
68604
52255
11736
32454
48062
19673
42741
59078
44431
62561
52521
2657
40382
21148
545
13414
26922
23293
14255
40192
34492
14426
26713
8821
43112
6949
16451
38566
6671
44315
70857
37078
5186
9815
24083
22316
3212
9418
1269
412
2364
2652
8833
20538
21954
5897
22427
50723
69001
12539
20867
4190
5789
2127
67067
45976
408
5508
8706
20734
3560
59619
29537
545
9543
8487
47451
45519
71706
32293
39986
30194
24891
42598
34887
43912
6995
1616
15648
19572
5937
772
73175
2973
84767
8169
19979
12286
13345
13051
34175
921
34222
36102
49063
3615
14512
3631
32755
2332
3400
27418
45291
25336
48790
61353
30196
17263
7357
27848
5147
27838
5587
13070
731
14741
15340
5475
17397
89615
57064
10347
32370
70281
15646
42760
31186
53736
21915
1682
18320
75402
40676
7835
17059
2532
86418
5113
19274
16426
24721
32100
15007
12275
60419
74861
67494
32126
33937
12625
31432
27469
19444
8715
200
40603
61224
26396
1
1252
311
35308
33217
59102
2587
34478
17693
7331
8748
17449
32151
11758
50448
1237
1516
46562
7795
20963
21394
62359
19651
26313
24183
16606
32798
91304
4609
10787
10777
18781
29
11109
44830
55298
9671
18566
17545
22853
20228
4636
7284
78372
6926
36671
9677
6454
51924
6002
3205
5521
12005
4421
13592
23779
20899
48811
3244
15672
13471
4075
39669
2966
16124
33017
52289
13831
53437
17862
4665
33045
3755
28194
33325
30192
4924
3
3456
3980
1571
41183
59003
21522
2812
7901
29617
5118
20058
50465
5276
35162
58628
37
11783
30677
5059
41303
79226
30690
1292
338
64070
31157
8872
33101
69866
37733
4715
85
22870
19584
67462
387
58420
12
565
10282
30867
9515
41596
4019
60266
2676
43243
67915
78144
3023
667
260
32654
15277
10190
39738
1105
15662
3379
60392
6547
12581
2
1737
25228
5716
35856
43148
7478
45855
13643
1
47821
2780
14275
2
16938
2927
25839
80775
3483
1491
58752
11443
25747
8683
27197
15504
23875
2589
22942
6353
81792
15809
67822
16969
20836
21174
6439
7427
4118
1281
38351
15913
38908
31801
2874
49370
280
19300
30458
25414
16785
37598
84869
7626
30628
42976
6513
57669
34343
38171
25192
5867
3485
1030
7
5335
9249
19215
45195
26687
25280
6265
9666
4
27172
11389
14906
5847
66763
63762
29797
43793
16704
26323
43842
1
60800
43838
28264
37313
5265
32860
68283
43762
5198
8881
38748
11430
2116
39053
48826
34290
61341
26004
25392
10921
29597
2122
46979
18513
16281
43593
10931
5955
194
35237
56630
16076
964
1510
24031
7928
22946
12918
2955
23271
19561
20817
2973
24232
39747
33358
5448
11562
9479
27161
22794
67455
1
58591
865
7050
14486
29261
1117
23339
20171
67509
55104
837
59688
16224
46423
7954
19505
32344
58582
856
19952
23413
9246
222
15796
6198
6441
54392
2631
50121
46152
52759
5783
14647
77059
9708
9135
14714
15450
14113
35322
3733
11485
10126
6919
758
37016
38200
41131
6595
26649
9866
1631
22783
35000
11271
62368
19557
39758
18414
32552
9140
71294
76278
34119
4
59484
44986
3063
31520
18872
51326
8383
45197
40365
18216
20374
1732
27606
70150
41147
15162
14806
236
5014
17003
67287
1
66088
7169
20544
18779
52011
13003
46919
5678
5025
68956
18617
6151
13703
20969
15847
37597
30987
28587
22588
6605
2196
24800
91359
34741
55809
34959
16672
31879
45657
1873
12357
7291
5415
41969
88970
21339
86735
7146
30172
18719
11197
13011
4277
11916
19572
6619
14556
12
32684
33705
64
27552
24721
17158
8892
39039
32248
7335
15484
40401
41246
4177
31942
2527
43305
84066
5478
32291
46395
2
15
53538
32847
1719
65490
83862
4645
8065
42494
9536
1504
20432
4314
48927
13106
34244
21276
20629
8397
19764
13788
51666
2659
27047
31607
53546
19355
19631
50953
11308
66412
54712
27895
11001
1335
14848
714
921
9302
60739
29325
39005
1802
12443
16922
71769
13396
425
18960
34600
34241
8534
66752
76743
14877
6177
20978
2807
68281
56167
37386
40014
16972
1359
62207
9127
24102
11869
12944
8547
77126
11653
20171
24485
12046
30913
720
39772
7114
27844
72164
10022
1262
8058
26924
55622
11143
56972
86227
2054
10739
53365
9219
33667
44763
17551
14470
18057
35562
29026
25285
29973
1371
939
25411
74287
14068
2386
34030
25354
7248
6260
58301
26849
89584
24467
1513
35698
1381
2522
4696
6488
4183
4
18849
842
1765
12099
758
72945
15673
22536
10291
55958
14537
2925
23592
9707
9003
87846
3633
2110
66062
18206
51577
8834
43186
211
5804
11671
428
41568
17133
702
35637
19409
26626
13304
35089
33493
15865
20304
35922
54621
5048
16334
7933
14826
33969
3692
21526
5626
82551
336
12920
1
12377
2889
34190
18383
14865
2518
22866
2918
29073
27928
4067
1628
26232
29140
15638
23508
45661
8963
579
12924
2227
58063
27954
12489
48392
52656
17724
34135
2673
8768
141
17731
7171
8779
53728
58839
49745
860
9142
54687
9410
19304
15327
30487
20300
32883
13055
1096
26745
18434
48330
10226
11777
9454
1692
48440
15200
52558
38561
13255
13084
1231
16062
2013
1470
48828
45123
60135
49127
7290
11
45544
2480
32833
4405
6226
29665
1073
14547
43480
35245
12528
28721
5286
61381
43950
6186
26657
32114
31463
23696
51622
3505
16992
35723
10440
48972
12824
5713
11042
7272
91427
57670
3261
64649
14332
1008
27406
1786
2442
6689
37098
35452
1342
789
2239
71285
8890
56012
34557
46974
3922
60502
12611
39527
914
8908
37575
39222
2525
55735
47365
54820
3810
47812
16408
60072
39625
15267
2074
27947
33759
41757
34029
1523
9125
18116
5353
4688
50034
56445
67978
11889
5105
43088
18084
3
22857
64208
24498
49466
8088
13035
52617
36116
12484
33679
26527
55052
26373
1953
14132
41468
28960
35626
910
17491
15874
6035
1271
18660
25554
1
2960
32290
1881
32595
13440
55751
56681
38149
30955
51372
12886
15113
53846
23152
10529
3918
30816
5550
1367
49771
3168
15826
43435
3685
21282
2432
3162
13623
1889
28168
6516
32292
31160
6856
53758
1
2761
7803
17189
5917
2815
17184
47938
21497
8385
48015
265
3695
22378
68300
55171
2868
24525
14330
45766
61986
34578
21509
63373
58783
10572
17966
35589
11404
344
36785
4646
3846
40441
8738
30051
10921
23636
29510
28627
2929
7526
3962
55152
17781
11029
16953
33763
24896
1628
3274
45202
15660
1516
15649
27757
7106
17851
57369
746
22156
10352
16783
4850
8492
61771
2919
25249
28957
17923
52299
31654
38246
8778
24837
24949
1174
16271
53473
5365
44591
72471
67809
24301
40068
70312
55104
12862
28439
40379
960
29553
5507
36448
25
1999
9187
35835
57461
72481
47654
55267
32499
400
54230
10626
35963
9113
15779
8773
1445
32124
32862
28971
6926
2554
9486
41
2434
48872
19734
10164
27560
9650
29930
925
1602
14740
71764
4299
23355
17546
2063
34017
1788
39519
30450
9758
67961
8746
32713
34222
22920
14568
29542
25106
56963
28065
2075
2012
10334
3007
27844
34218
22764
29516
31832
29221
18439
5010
49146
15560
44395
5685
55284
23627
19850
514
32800
19412
34479
3430
19935
24636
4972
12269
18832
59375
4992
214
1695
47372
36165
11606
26170
20216
3793
1455
73539
5301
3436
33613
1971
44156
11431
48274
41048
18121
64130
31558
12353
31977
8099
4082
23892
26169
21804
40848
942
453
10433
55392
10831
40046
18994
527
13094
57268
8762
2163
52193
23610
31364
12189
339
26
20233
62477
2444
17093
6346
1843
853
27901
15338
72758
5473
5234
22928
53811
43114
15355
10808
4611
13313
67880
59609
16225
595
25203
2778
5899
359
19358
73975
22010
29560
10854
20838
20834
43750
5955
36984
24655
6619
414
12689
7524
2478
11462
979
5899
452
22237
45151
857
16642
1
17864
14774
51344
38108
21344
26954
7958
2561
17480
47117
48637
12033
16303
28918
15506
33696
52000
11953
2481
4804
42060
58521
34549
28497
16435
4695
26875
39552
68312
8779
2069
55821
26212
40232
21575
31127
62147
40770
22532
38988
20052
39163
6889
5220
46583
20457
23262
8597
11702
9897
34526
17228
1193
18600
43041
60980
31671
5670
72534
44852
19187
6948
5565
19623
9006
4050
16461
21761
36874
28133
53161
39399
5509
632
42854
46532
13582
14696
1351
14643
5138
2457
36873
47275
691
11998
4972
39054
4655
55805
7976
46645
24055
44688
1315
7091
318
11720
39476
1332
10165
1758
51358
7525
2439
38749
9486
10671
32914
14745
8181
5353
30010
15362
38128
6569
39593
40898
18108
3229
29322
21651
1595
15067
1115
14172
43180
18509
13009
47740
9626
31734
12417
14961
12712
19633
10304
39559
50371
25688
9006
19945
26510
4539
1103
4854
6928
49916
19240
30005
5534
59213
57890
2008
41702
3106
26510
16051
756
2287
22973
25520
1957
4740
1330
7618
35957
16814
28689
17706
37288
21382
821
38640
6669
74772
15616
49977
73180
35208
32128
7286
18367
45479
63163
70866
9314
1533
41728
39588
75973
24444
36013
19577
59347
27585
21151
18647
14553
2781
61
1630
1733
24033
52871
65894
74754
3042
57534
3176
9379
42621
7396
5893
29532
3852
80277
7311
27664
26371
10807
6258
62860
33965
13127
2939
2265
1659
21765
67421
65767
58230
13033
8870
1674
29161
752
34131
29768
19393
1
43191
13603
5301
10269
25976
85165
47393
17785
47795
53944
2443
8811
21528
29272
91
61708
6433
37523
49811
27626
63795
75216
61325
18083
11766
1449
88709
52979
53408
1685
8908
39234
21416
75667
534
15394
75479
28734
30891
21970
234
36976
50413
55008
23504
6913
22662
12583
39057
43013
7601
16736
14424
6813
9410
1
44375
790
33275
19943
32487
70803
15404
50379
18412
5945
78488
65303
6975
48836
8770
6146
34344
518
63105
37902
7496
10049
62662
21987
61369
200
57792
59325
37402
9702
43298
1887
21318
29640
13539
9810
435
42759
36409
46997
8616
2199
21730
74348
52687
618
28423
24473
39365
16782
1676
759
10018
820
22439
2942
3519
49707
1858
3558
29944
2935
1565
15062
3429
2
23341
13923
8836
16097
48738
31135
64077
8305
3297
55456
16112
5991
36041
2612
26142
1508
29462
11060
57
51187
15281
42444
8201
41436
10811
406
7325
69590
5401
27249
7110
25405
449
18650
1688
11700
2252
47933
1591
12294
43220
56077
50041
38824
4153
54070
62632
3883
56591
2187
40190
13213
32996
20327
40460
2359
9242
7242
39924
7287
3628
17583
48133
1511
70614
50817
9025
89109
32100
18321
18347
24735
40772
12238
75840
19672
2506
24574
2294
59576
23747
77554
24423
41583
66780
15958
57597
42009
7448
6414
25330
16000
2177
22948
1704
18734
6964
15348
32675
46132
33723
43342
1591
15453
26020
10294
33122
4240
45973
75767
55174
18032
15603
23605
1338
4635
4284
61363
36699
28910
2048
22362
17540
49320
9347
26734
10100
71618
9562
4623
8880
38552
33307
5939
1932
4134
8107
7809
4427
34658
7450
1063
13976
14978
5862
16780
32593
63303
3221
20663
62178
5960
41177
31277
55008
19614
3229
9098
40757
2763
91295
49950
13106
7184
12388
7109
17732
21299
5945
5880
15238
11108
14089
53844
7913
22741
17178
13778
33784
10391
1422
50485
15839
37834
6631
51555
671
1006
14641
7239
26797
10291
476
26721
58355
2229
1824
61225
10222
11455
64570
50872
47962
3
51385
11630
57004
27612
66312
8273
412
29766
58557
12671
5265
26701
26918
36676
4934
253
5032
28349
90175
24378
8964
9279
53854
4203
6144
24156
24406
910
39029
22507
14667
21235
12473
1899
1090
26756
6666
11987
29176
76745
4377
33718
22473
27895
1492
80398
49297
41663
61979
1374
21211
25674
6695
9448
31057
1222
17179
6062
1855
38027
1892
40013
11869
611
23064
8573
22358
14206
4474
205
12616
88961
937
6771
1191
1989
7118
75539
14750
1713
897
11874
31200
15844
64
4228
22730
13333
27636
36993
2016
19412
34405
2933
4722
81022
25107
14288
308
23918
6188
26287
22920
63109
65026
24415
3340
22075
4187
1781
49083
46586
30507
17612
50972
4764
28795
47623
46135
33010
4667
11554
28659
2201
20729
36994
13200
49900
27494
1705
5826
40404
2174
7215
65152
13100
32582
9896
7701
410
24791
53594
1654
21202
8348
41332
29224
24454
28936
12170
2729
27995
51838
19337
1285
43839
17146
27529
87208
30914
6089
38197
3536
17334
35396
29583
80222
26747
10456
15960
18771
11383
9609
54813
905
33535
4809
78543
27559
51656
6294
2727
62367
16059
12348
10179
33220
4649
25733
613
58487
23016
34472
7491
2715
9356
15707
40157
9312
15612
3002
9865
6
12652
17310
32488
4236
35451
49499
26187
1083
6949
34058
34207
4393
7198
31757
13758
19037
24882
41203
9270
23888
37537
7779
29029
9071
62162
7723
45359
3
12921
9248
36243
61297
89
22781
12
2848
4734
3653
12616
60439
3212
28877
41599
26201
15457
51240
8115
25276
67416
19525
7233
10745
75022
6457
12255
21158
4590
4829
16092
11835
24872
14802
47045
68653
30999
4910
8839
9895
50847
19080
1197
43586
318
6045
41558
14761
10203
14941
38124
30484
98
15782
42538
1965
10501
21946
5073
3879
34376
9537
842
12431
6378
43026
52837
47714
1184
1946
19066
39150
5125
12604
671
3227
25280
71621
1
53951
780
68841
1743
1351
25457
23511
37309
4130
44663
3609
7405
20779
17024
46173
8345
45179
47490
41676
53845
43242
9662
20166
3692
61737
2071
44868
10331
49382
796
11662
63675
46269
22620
2166
2114
27848
9663
445
55506
6
34714
8762
4238
15790
59374
3
17752
54894
24218
4347
19534
25163
13793
28927
47206
31146
65
55468
22392
12302
4581
42003
38131
25645
2848
73993
3086
351
51210
24758
9148
1608
7455
46034
30189
307
2942
20750
3336
539
3900
1373
1250
2111
50197
19144
1908
4741
1888
5013
58412
42795
20087
6406
47311
17927
16473
25399
62422
42712
56629
12
3756
6608
10328
4492
110
6105
10781
33841
22147
30611
8273
2866
4872
50998
9666
64649
6881
245
62981
25600
41567
41287
414
72649
3042
32324
1018
34421
600
27322
2662
80
3490
1303
3059
33238
11839
4798
22974
39932
2776
22855
12452
19412
4262
8813
10117
6219
12184
519
8522
12031
20542
50374
29915
17353
30492
24057
73873
5119
15098
20198
5482
49258
8654
9790
8141
36664
1084
48088
4223
21344
23438
11331
20294
73775
5483
50600
9179
9268
6563
24139
6026
4571
1373
59663
671
17253
17253
7
25410
502
31803
24155
13048
3095
48536
23918
28332
28327
23389
396
1676
49838
8722
10513
16295
3235
7641
4390
346
22460
25048
39338
57370
30813
47730
63023
2441
2
3516
1125
13658
17266
17273
720
83981
62033
4255
6460
761
31211
728
11229
3811
60931
62201
3489
22677
8218
464
4623
28959
8980
4339
20038
66802
9894
19652
2473
941
51864
18982
299
16818
12117
3739
42020
1312
13099
1326
19408
30016
3364
28136
5615
7031
57185
10086
22061
10357
25458
7689
11393
3395
6735
55790
17445
832
33223
57243
31442
18088
6098
9724
3684
19446
32701
24714
8761
44925
2372
2607
19229
3672
18284
5513
35308
25402
1594
32250
5047
41506
46594
6695
27086
3087
56929
49932
44593
3675
26505
68424
2667
2549
1
88128
15249
43097
14306
27641
30071
35793
9140
21857
45980
5879
18918
43643
12242
64200
10995
15967
4022
10527
6035
36296
11395
3414
5276
72778
11742
5003
19099
27414
25079
36520
8282
53100
3398
14014
32763
3619
35353
59838
78560
250
23509
52139
47382
69600
26267
6312
3279
10546
66912
671
8643
7838
9822
10896
2292
2082
6315
2
31560
5981
32317
1262
403
407
36657
31177
14466
30553
10084
488
18212
16533
3462
7411
28396
27895
1697
951
18955
14138
38878
20407
4136
45491
1794
199
81547
63418
5991
12412
49166
60216
25602
10202
21929
55056
3169
86202
24788
2434
11194
55947
12135
61023
6046
34786
70699
2438
26108
37445
11791
2072
10539
90206
1357
14930
54254
2694
262
2612
2792
29116
28255
22443
4831
14814
16900
4381
10516
1164
1913
73845
24598
179
14708
46356
10658
9169
2819
13830
12169
79905
11525
10871
7597
54214
36443
25298
7874
37543
39459
15602
754
52125
912
74336
1980
22007
1115
595
63384
25217
35502
12503
12547
4086
24414
49426
8383
13715
2977
4770
5823
40496
27417
12252
42483
3161
57273
7448
33248
14155
1988
55997
52007
15926
34802
12731
32058
5589
29020
162
22210
1622
2364
11373
4612
29222
2023
32811
30005
24589
6187
84878
66626
1657
21106
31225
75277
38852
4362
6762
14720
19044
27690
1302
679
34608
9921
54863
34620
23283
2109
19183
38456
37354
46557
69863
3864
1957
9883
19024
19175
69228
8838
16724
329
30449
6580
1381
35067
23893
3251
19208
48580
1301
27652
5707
2426
120
41079
73915
32157
5127
12886
54714
5973
25804
28662
61190
31058
48768
47013
14318
4315
37596
48054
18657
10992
61933
1633
9206
23430
26834
41833
8484
4022
52158
46586
46512
30154
1265
16587
23307
10855
72294
24580
15665
23825
31530
5986
68697
35841
50400
25751
33739
54706
4715
29633
4116
34451
1275
56504
28862
86478
2023
11625
2114
32769
43645
25856
2293
547
1099
11007
41997
6189
6477
4988
58450
43605
3017
21
41034
35467
29351
5959
68939
35925
6062
57127
14940
19904
34470
7807
624
292
46852
7373
4594
537
22240
16
1453
2055
485
6483
7735
39525
6820
14962
3942
7854
3009
75599
54253
79476
75659
56180
51785
1609
53959
52260
50543
762
4534
10262
7898
27073
35469
31947
4797
4606
3035
13344
8787
73794
6253
22139
1775
50862
19311
4052
11902
25642
77108
24666
19041
11089
3841
9315
14675
72254
42713
8211
45098
67349
259
34617
23642
60203
290
4722
17963
8127
52075
35302
9617
8385
35210
32905
19116
36063
37917
27227
24782
33312
373
10566
58058
22891
22787
80700
84844
28892
1454
14623
34121
61065
38133
2045
5135
5345
1573
31946
20312
46471
70078
11129
27916
20236
15699
7492
15284
4461
620
2579
49045
1
9915
17956
37565
25274
4322
56278
16714
1557
8675
931
37781
6068
13779
19826
296
63181
15439
33147
9781
44686
4490
25489
4091
4120
55858
6002
5216
49013
8461
24020
26814
20749
3324
4465
5021
425
47355
2394
9522
1196
4
12021
6940
41191
11399
21729
46098
20860
1
24379
16090
7418
57959
1291
2
27556
1982
2993
5163
25175
31411
25577
19369
62842
22789
3325
57322
9011
20332
44608
22082
585
17633
14691
16738
639
14112
25826
59823
9237
44724
958
22746
52443
227
15631
23437
48093
9732
2167
9782
2186
33597
9430
59744
16912
53734
16096
28585
16598
13143
14480
598
634
24433
11117
2577
9041
1688
499
68925
64005
28654
74145
32711
56023
11698
32137
33374
15570
21545
12108
11965
4776
35567
7108
3829
7594
23424
1937
60165
19474
3250
15997
52798
1259
31524
62662
28959
44609
9929
12
8
60921
54431
51695
746
3580
9385
30245
1543
6794
1307
20434
15964
44096
34853
1069
82078
46187
2469
2681
636
46
39631
27776
32985
68540
21982
48899
24508
25643
12319
45198
14567
38230
21252
75
612
2031
18059
1143
3847
5351
69084
77989
14950
5337
57342
848
22340
32322
81404
25549
20437
7006
8940
32676
17245
12252
26911
22053
15316
3075
24187
4062
34549
41129
20196
57182
42014
63661
11983
25972
21077
11916
22647
33984
31706
5266
51497
46083
2336
13285
55979
8925
19220
14177
29492
56733
2348
6150
7847
22400
35127
56174
5235
12744
5400
4996
28625
17310
49488
1169
22575
1763
6961
2575
26904
2737
6154
11403
9636
31414
29204
13281
5362
52422
56512
13340
3863
12192
2291
47559
6577
11549
16618
35876
5411
78047
36811
51523
39611
1314
3132
29243
37852
9482
15603
4407
37064
29770
25169
19830
2969
2
45828
11242
2402
54963
42745
51271
4761
11243
3728
53304
1453
21430
2170
9351
3534
78693
3287
2382
42556
2074
58641
15362
75047
63181
2704
42214
21965
23527
4132
24947
20910
8181
47121
13538
11183
46734
6634
21587
12613
5871
24094
23533
1485
54552
2222
2817
4594
52882
5079
4193
23238
3452
62045
6606
256
17891
28551
43350
22195
9249
32767
31132
48385
13174
41504
16451
7322
9661
17957
11997
37161
6825
23550
25344
42657
31416
1228
11436
25876
48289
37325
18592
51931
40093
7226
9732
1818
35698
10276
30686
38277
14711
19540
3128
43271
50191
1610
1879
8791
49276
936
16208
24090
8377
40635
16340
16747
17022
22666
1778
3423
26774
45416
10795
32470
10217
26354
12630
22867
55823
36131
11150
1695
2872
62260
56120
2439
9646
24097
288
29626
22425
3026
60268
11126
30681
3287
30980
9005
5089
2344
5807
41057
56623
23711
17297
16500
4258
1598
8150
13340
944
2811
16
90515
48686
7566
9229
84196
13282
311
31199
44106
18476
28234
14920
2753
12745
25404
3227
2341
79316
39848
60346
36420
9814
2476
74751
50594
35926
2478
51534
52390
58790
28497
2901
17106
84471
10614
38390
71644
23163
45285
8313
26739
14985
22040
37942
18982
1247
31478
1929
25991
5986
560
48216
44526
3923
6807
44874
2440
29686
46827
26737
55400
17702
47224
1827
45634
2691
18724
8969
5561
29071
8702
1792
47702
36766
31362
4516
4565
1026
34072
7818
24030
25636
81606
35126
3881
8471
1725
6740
17259
8396
3285
6468
45362
11170
8096
18640
5305
33651
8337
3044
20112
40057
15978
3363
13404
46566
20515
50941
43898
10974
13555
38765
8626
14331
503
18002
15048
594
40288
1060
57388
35772
965
10630
43366
1278
18349
8381
56212
34340
1948
6031
18598
9734
2095
41070
65996
5178
37115
14096
3105
33111
20719
49075
19189
37687
32604
63344
2207
13717
24571
87752
9351
24620
56182
14287
43206
36797
11863
15885
13054
5814
29912
13857
36606
64146
3396
3921
20700
37379
821
59644
5693
58241
39285
26097
51482
12881
13030
18998
2244
11258
16651
4720
36057
10244
6667
12906
60911
2517
529
2386
48777
50000
11
24350
1309
53420
2401
22134
12257
22151
860
39038
17557
27543
31790
12192
14492
5716
6382
13984
16624
4454
11632
7576
66429
12410
6856
25221
32640
6106
64072
44935
55149
13
56102
3346
9892
3122
19026
22577
11822
31705
929
31775
343
13355
1217
7100
7844
48645
14046
83284
32517
12
35019
4160
16209
30377
14813
12666
20492
40451
3429
3150
4922
5564
21987
571
34007
33338
4478
38270
51981
67527
3259
4861
6712
18167
6655
8
34505
77996
7983
3991
36534
37378
23041
52787
863
63286
739
42815
22547
16128
2491
1110
41347
10605
15707
52926
2283
29262
1782
37959
23113
1520
37217
32049
60863
870
38780
8138
27636
1339
57262
27926
54902
36185
11379
20306
23582
15014
4543
18675
28794
1385
13312
31038
13214
1179
19766
2619
26545
8043
12353
32312
12765
788
29890
70218
57721
18382
13061
42788
9634
25724
29503
29125
16123
7663
1780
4892
6838
40413
9059
16483
13242
34353
50483
12540
8383
28675
2863
12809
13040
12869
6835
21972
34189
3564
29952
34053
47726
61870
43100
5352
6930
3024
61578
30874
12098
17656
16214
5006
12576
7699
1246
17859
18475
82252
49807
5271
19140
8593
48784
9756
1741
52103
76171
37276
45233
467
17078
6864
9482
36935
24079
2805
54788
17270
13293
6877
51719
20662
84887
70195
20126
37005
33984
33739
20845
30083
23307
32198
230
4428
63260
487
28914
6137
58828
5447
9567
6058
23929
21057
9875
39986
42837
12638
12190
51
4540
22286
1097
380
250
5303
5149
1339
42195
3198
6194
18505
2162
22831
12020
10624
7207
58368
10006
22691
18606
8000
10247
22050
3317
12027
44636
39117
68100
23837
21572
9912
436
13912
12790
3630
23184
4536
3305
22274
6803
19989
23811
11360
1
20661
29809
3727
14416
12332
3144
346
27242
33925
3795
37682
13524
15714
32262
17269
52083
55867
27618
7259
48791
22331
4784
33270
41906
32084
5536
9980
2
8953
76783
22816
17041
2708
16855
21210
8424
23244
33771
22536
18784
18348
37757
6380
3233
42219
14883
12048
5120
88182
31179
30169
18847
15953
36965
72
3440
57452
39151
65189
2314
35511
3236
14150
523
36990
2002
22694
19414
3
7193
17000
14248
60490
37151
32811
13252
14492
2020
9983
12450
29955
4386
54467
2256
69670
11
1011
88195
27771
54758
821
24686
43406
11457
546
2169
8043
6691
14434
10267
3334
26704
6776
6849
17236
26651
48879
10299
54907
11845
17063
14538
3207
17521
27921
21252
9317
32283
2555
51388
43758
54385
22870
13019
61628
24680
41180
23962
27777
3925
1674
16177
64747
4
45200
42327
319
17089
63198
3826
24575
16748
20095
5843
10129
2152
83346
5602
41891
19290
27942
5038
29168
17292
9510
29863
16544
13344
309
439
697
3
14153
996
15473
3022
25761
32556
44539
36163
46800
25466
12026
18200
23189
18090
4366
65515
69600
4872
32491
18188
2453
34963
37673
12014
62813
19863
48775
8518
6549
1829
2747
8574
5035
33165
27879
52953
3552
52761
28
32194
14243
1069
3899
513
90229
722
482
29145
42141
23180
14497
25457
15026
5120
1470
36196
36821
9697
29884
25900
38859
54889
1
73474
3151
49718
64668
373
6197
5715
21339
17
25390
24581
10073
3798
11368
8038
18649
14613
43641
11526
44909
1661
2011
14115
27618
35857
11299
19297
6440
22026
75811
21070
16578
9397
11157
16940
13388
1856
21256
3755
37630
15372
7575
42704
112
84818
7147
7248
60865
7010
739
11713
40033
69543
43377
29402
13571
2815
5990
6585
6863
6916
48382
38706
22091
4879
15180
5868
12141
1987
65846
21075
48687
8452
8209
13358
61928
3001
21820
82715
13632
1165
11918
13389
59423
3114
4115
6453
39094
12454
674
22953
10258
4282
42792
28403
27091
46175
4320
18966
6142
10037
2617
16420
34269
45553
42035
22414
13417
60657
1637
63338
2641
43784
7189
78688
6579
31914
2453
37973
28174
46388
36585
31889
39724
34950
4806
7890
2026
11944
27808
5245
9299
31385
10178
260
12914
11092
4654
50756
14219
56585
38856
14796
65814
59601
8256
5308
1632
25854
4817
25441
31863
13620
23377
24823
10263
71777
8001
18536
7480
45362
20900
25380
76271
65657
23660
3296
2454
905
34385
10308
28120
25868
3843
21980
31801
7373
38676
62257
20906
7028
16304
14187
2264
5187
12288
41226
35791
18632
6246
89098
29785
534
14704
11309
5520
59365
7349
30665
1662
37449
892
7217
19832
1493
37824
450
3855
55401
57622
15928
5226
11604
50181
310
8616
23839
17755
78534
3178
77390
60315
21395
3630
4682
69808
14673
301
71236
2423
521
6832
10641
5763
1603
1918
78278
7633
42817
47060
62300
15363
22937
717
5157
36071
9495
62009
86000
720
53684
22310
29064
1065
671
9121
22740
11762
39031
16060
5113
3161
65033
2159
13481
30974
2517
47519
43924
5871
23612
1037
26838
27958
5613
1676
22752
60026
71211
17607
46651
25178
8927
30412
1099
13798
60503
18531
6611
4947
15299
8944
12421
29524
31498
31634
14376
14806
48935
17877
11252
2852
3049
38390
25677
20828
1380
8758
17609
12741
8001
62003
57200
4888
11281
39795
7442
18910
10244
18325
4363
25916
63767
440
7675
20403
36417
4518
9892
6562
14821
1199
31599
41971
3274
2181
12866
1
90850
27084
66718
24
41586
19080
31501
53200
2621
7829
43140
27895
1380
3633
16162
10500
14
5879
45518
22127
35661
8049
560
13886
11612
30906
4659
1703
7016
18609
30614
1761
32367
8655
51629
10618
10754
35633
13220
1491
26385
4991
5021
60815
2304
39996
1796
40462
14588
9023
25579
25713
15274
29983
6082
15471
5844
19586
2319
15926
26741
50722
7354
4461
197
16714
13372
29710
37166
1716
2770
11002
20219
58844
30893
34608
70450
24566
10967
8700
25600
4207
39553
10859
28322
40473
7572
38395
3373
32773
21896
33337
23010
30088
3272
1
6731
6858
18759
3248
29796
23419
342
8695
27567
2895
18694
23535
18003
35817
21299
1555
8957
33085
14210
5931
750
58323
27692
34943
3087
9860
12321
4179
4289
10002
57328
26097
1921
13572
600
6612
43916
37574
64360
76867
5841
78479
8149
27348
74865
61906
23425
19145
36386
49358
5692
51594
414
78812
119
5603
3824
15
1809
56840
28991
7122
20771
1550
5287
22877
24413
18749
52683
32232
13633
60810
8265
1737
36337
72929
542
17343
10
8063
28192
59011
67956
38880
10947
13719
2163
3462
70378
28409
53306
2852
42151
18177
18135
8571
42805
53799
28202
19061
29919
75169
13383
22869
31748
47996
7766
4232
21484
1263
8964
12881
15298
13988
15186
61056
65876
2488
46290
6925
23615
1563
8740
44963
7883
34591
54991
32790
62566
1019
719
14571
13116
13189
55277
20168
11173
15973
5758
1166
1150
5024
423
56690
25747
1407
4284
14488
1013
56884
2412
36702
5284
11996
22024
57824
33837
86961
52628
20185
16179
59330
39950
9004
31495
70411
9879
2
3109
46226
6474
4413
2467
22358
23368
77227
38051
2732
476
25755
4024
43858
40614
36117
21521
7124
30950
21044
417
22610
50939
9677
1535
13494
41110
13618
3056
25329
76040
8015
62998
40811
37658
7923
14682
27962
35908
2080
13204
15547
2969
6658
3689
44113
22206
1240
9924
39933
23235
51854
14354
12995
6555
22643
61988
31383
51798
569
61727
7581
15738
457
1
45916
43891
19864
6040
19291
7904
7632
5958
37880
2366
23738
33543
15599
26152
17184
43552
9561
5218
10520
77112
42590
12460
19776
50685
5440
74412
51060
20446
3446
34525
4762
15546
429
8312
43072
13492
8593
83673
254
49910
13347
3204
13460
85348
24797
1
8444
1210
65435
7124
1904
31931
14213
29477
5826
5671
14329
4076
10511
10694
76971
17318
683
47287
36251
15513
30970
14331
41848
3221
3999
41630
29384
2391
20276
353
1138
5939
11606
35138
44113
52081
12444
9662
27714
3238
5623
47130
6210
4340
3767
74324
16435
30431
30971
12669
15625
18671
10731
78257
17129
54133
9887
939
47840
6038
16047
14042
47049
409
16906
11598
16759
43345
16399
30161
24780
20232
12762
16477
1050
58882
15957
59780
8774
19366
16794
29477
27341
5291
23351
34097
14877
59842
53101
7535
34597
8753
75903
2203
16027
15244
46643
8093
31155
6809
7053
54877
22991
21657
4152
30168
1982
74742
3708
5540
556
29046
7146
10506
82446
4891
3720
2692
44059
8053
7691
49040
2873
19944
4794
1940
14010
9421
54034
37007
53260
59957
5772
8978
8036
7144
21053
14683
12284
45523
27189
6188
1454
46462
31331
1491
36471
2995
61094
710
41211
2261
6591
34830
28018
4847
14738
69302
1117
9866
45210
1561
47266
22404
1
1310
59229
64400
53036
2144
22433
7150
4541
74258
87
89132
18635
2209
31404
8420
1071
84148
11944
10976
4031
3705
3609
7234
17634
20433
6889
4324
6752
19782
15448
27138
76104
11239
78084
2022
8304
14694
3020
999
38904
38495
10299
30119
493
37423
5162
17769
46280
4211
7933
7227
2308
3661
2332
55945
3560
4696
40290
5017
3127
38954
23331
21428
17042
20777
37860
6927
37214
2852
34827
49569
56127
41710
3036
62732
62061
59561
2357
22898
13723
66303
852
51816
60298
2850
17964
1701
35628
31
27792
22294
62061
33697
24251
1
2890
9458
8644
60800
56735
60790
18291
4480
52963
6058
53494
18761
80324
3497
40377
930
18320
37055
478
15746
12588
25912
3130
4280
38226
7915
93813
55973
69819
21124
7964
16991
71008
4339
19802
52021
4303
9912
54356
30903
51298
9795
4911
30477
7663
24337
13639
19567
10543
38736
66268
24637
11383
57439
2463
63012
18774
70015
28256
33070
13282
16029
26518
33914
3017
15611
4282
34431
8042
72739
16141
52741
19263
17437
23636
43292
245
14944
10430
15195
29230
20170
8919
59627
9703
6133
31897
21490
10408
11125
15437
8201
290
33520
64213
10953
40020
5595
10274
37878
42493
1300
36055
64098
46993
12267
29710
12330
21715
4256
27161
21640
7447
36746
6106
43128
45871
66127
12120
30404
824
60062
24026
6020
29086
23759
39173
49688
14842
2345
44282
27895
2869
52996
30063
36185
61958
20653
2531
6720
51955
33618
15616
499
6840
11622
4083
16739
4427
47295
8786
18226
26231
604
3011
56778
15881
44294
13583
20817
25636
17944
35355
11790
20771
2723
243
6077
2396
1905
8369
50613
59930
50884
20832
9115
1833
3603
30921
35131
37215
72632
17726
787
5565
5952
13631
5839
3449
11661
7398
5181
13059
13561
21990
3076
11285
50717
50951
47957
1795
1752
7744
69494
32568
2376
14566
34479
51325
5039
11188
9861
1265
19725
70833
4318
853
17582
8484
53219
230
394
68530
9949
29777
40346
4072
7910
6967
3196
9
12570
10410
72516
10222
71545
30431
41996
9744
20396
22377
31271
25886
22846
19432
50151
47741
43718
7612
4266
32230
37807
2364
66267
15111
38739
19090
29868
3750
9922
64474
22242
9102
1652
39558
2282
26224
4638
40455
78039
45064
31580
10502
3014
26148
2419
47227
59623
12624
3151
850
5495
74856
9191
7936
34471
4883
41127
67425
23235
61
8508
53640
1104
9703
37373
8522
953
10345
2238
57438
8633
48884
8683
2985
17318
44928
3735
3658
2996
2235
18503
36153
3799
19902
1969
59737
29174
40135
23111
68069
15494
12776
21768
11965
8379
4728
1232
54387
42924
3919
57003
50758
11843
65201
38821
17533
39259
9276
15472
21722
12886
13606
6542
3670
10153
22227
2864
35536
12988
4512
24261
4948
8963
8236
23542
29792
62164
33507
28073
23998
18351
15413
10302
3580
6137
4200
3483
1133
45190
48369
21072
3802
22014
2
5737
2553
8411
29230
25965
9812
15732
282
14634
27385
19693
7872
10937
16913
7372
20259
23510
3619
38445
8676
10387
35757
1705
9953
588
31616
53885
35737
31338
6520
40652
11120
1027
7162
16711
966
16582
1483
14597
41722
29598
3398
26166
54571
4
15543
12612
38704
2530
11251
49373
23760
31730
3748
44094
4690
9963
46511
1179
47847
57
59984
38975
25624
26800
5357
18162
614
1941
4956
777
17027
5261
8495
31401
12464
28062
81264
3981
3816
5
9038
46802
12649
28167
10112
36823
18981
830
29961
56520
14995
10226
665
24551
46779
7187
6647
61350
5460
9001
1859
17693
20276
821
1727
67474
84476
66160
7800
1473
4145
58
17909
2231
11959
49290
29526
23165
25442
60481
494
24017
4403
4968
29382
14635
18752
15347
30937
60453
2725
17913
16892
7745
14409
55429
9596
65653
58597
29143
53410
15904
10632
27622
42855
18474
56678
32192
29482
42429
2294
50101
3566
11
9948
63708
40244
6377
18263
15856
29777
29296
50398
6799
2363
46316
22076
39653
9818
8957
45541
31459
31499
2318
10893
6608
33064
35768
6146
5343
11083
8411
20905
3172
44303
1347
918
6236
3581
22146
49371
588
1188
84476
66744
62135
18838
28717
2
33119
9364
1015
41120
59826
60005
1
1949
2228
4722
23704
12249
21964
41397
67234
13943
37672
19029
667
43872
81696
6722
22659
24332
4718
3273
16077
50379
28462
37537
11570
3256
17870
10169
7549
251
9654
210
15624
59581
37369
35986
20830
2745
49833
30891
11284
10794
34671
8837
41747
2672
71834
18985
50493
44325
545
39742
11490
12077
37943
58521
2343
5073
26193
19204
7324
10313
39283
20713
25274
27739
3077
30821
27311
14047
1521
5413
5375
53759
17603
22568
14075
3159
16430
9606
3495
28008
17029
26444
14846
722
20284
6238
49966
11367
422
61736
6442
34904
5354
26543
12745
21196
70274
26857
57667
5477
15511
43040
69824
9344
16399
1892
2670
46136
340
27753
41287
6841
4686
9038
617
1006
33612
58759
15169
32764
20048
27354
45712
55847
4365
59919
1109
10846
428
58023
23172
3323
392
2761
13301
14782
2433
14886
38354
16263
1288
958
10809
4816
35516
9153
58615
13060
6881
37564
27716
6705
45017
26705
32185
693
91041
25114
22156
24555
451
32763
8302
1571
7503
4
9420
25211
25206
237
30285
10661
8165
44412
2577
365
7932
1034
2934
8503
69495
18888
3800
34957
2680
38042
23149
31818
359
13576
38946
14955
32944
33082
3045
32873
4448
6219
18882
43261
6652
29610
64042
16817
42340
46705
11094
40402
13991
14588
16177
10424
39563
6581
54228
15339
10477
29550
6539
35728
878
17257
39005
45364
39326
15150
30531
24849
21132
58361
42001
48436
17962
23763
2103
2648
10155
18753
30280
12835
33801
31750
79047
64388
78463
8461
70585
6720
48682
3776
42969
11130
3736
725
13363
5795
17323
21510
25773
8491
45580
3658
63238
23219
1744
54056
5967
17049
6166
2
24992
19555
29184
28070
10517
45495
2673
69140
26638
56379
11213
11759
23497
27343
5214
6567
40961
28415
55555
8044
32318
31257
29961
29016
1567
42981
53750
46722
64162
20034
4181
6865
9660
35489
3770
27518
33253
30435
24085
12985
12669
18108
18067
10954
52620
13364
14546
38721
18858
17455
3039
24491
46399
14538
19532
47596
44450
59863
3673
3430
54954
18316
4773
17354
29133
63622
20988
5550
13147
15822
44878
34798
15088
1257
13764
3254
15566
1982
671
45185
22321
46008
7878
19470
57552
43106
470
685
34707
7105
23097
4985
28759
4085
28370
4924
22682
9505
483
3745
4576
40685
27669
9050
7401
1225
4066
18184
280
5121
3840
1442
7359
2965
442
2285
14263
83098
28052
8516
57274
59102
4994
30794
5504
6821
3668
16543
10343
11316
33658
51948
27615
16082
54473
14697
48115
24419
6826
2391
26925
64176
7484
1125
18
28345
67836
16437
43108
52130
2009
39739
64118
10998
21084
6621
11417
5852
9561
5059
23493
40635
1345
1739
43802
19299
813
28122
41456
33267
32533
10471
20165
3433
9348
47755
36812
1
38647
13063
7639
1445
49496
2799
2933
23729
40116
64566
352
31470
6825
42661
9
18547
12547
41545
33626
46082
22970
45984
50499
47438
35774
35321
9762
10733
58268
58897
58971
4469
3241
1003
3540
27396
17073
5275
31845
22883
28910
38212
6254
40335
12915
9615
24773
4016
61100
16028
36200
2126
32683
22766
8389
1031
15208
14074
3385
38031
21571
21985
284
712
56088
13964
1658
12270
73367
1801
4359
61411
45238
484
33932
1762
15689
11201
34391
4487
5734
22720
11808
16852
3148
45620
46437
27973
6772
16804
49299
13
7361
5886
35842
13589
16
1584
41577
90007
29439
12271
10132
39371
19459
5
12928
13711
34714
61140
77296
5301
3557
41415
71253
13806
4392
4068
2214
5847
9520
32762
1076
57106
11969
26423
1007
1414
19674
61280
51595
71189
14003
23071
55040
11621
11867
51137
7385
3896
14959
19232
11335
60313
60181
23306
29049
3
15413
4510
28959
1587
60576
35398
19572
7829
11238
3531
24275
6871
15213
38861
77834
46324
40829
41689
3230
4436
11516
2696
10116
31999
5245
6589
3569
14251
33310
67443
6085
19396
10213
10393
28894
6319
1442
196
2456
1778
39470
6874
3176
15266
49069
2116
27939
20218
9549
88258
23500
74067
12532
12801
10441
28633
15369
13981
36650
13916
5132
3011
1
17930
14949
2424
1002
25417
9773
8752
17999
57175
36853
15247
35756
76764
3568
35432
52895
47358
24920
35980
21972
12470
21204
25181
38108
8449
6544
16176
75335
21894
5700
53586
76317
92199
23831
71379
1544
25184
10803
1
40189
2772
187
16782
61463
2
50218
1522
29456
70843
14186
35112
16587
27196
5862
24711
909
54148
14567
21142
49587
3650
87058
53667
3480
49493
4922
13952
2522
37181
3819
37203
222
55153
62406
36807
83875
2377
24922
5064
33912
13140
48947
10730
7833
17520
60924
68082
7622
24995
9116
27538
11115
1829
5948
14155
356
28311
4214
62926
18059
400
71304
1418
14834
26454
51784
47992
1792
19105
1205
18910
16285
71034
5270
4637
25114
46187
17816
50284
52191
1659
7881
63110
1481
15279
4504
59711
147
16328
13703
55127
45366
22276
7330
51962
11367
38297
149
2875
17291
63387
54318
4372
3924
12443
7073
3241
10080
16992
59302
649
2961
16962
29564
24397
24413
8076
33611
18343
42095
41164
3388
22121
782
31269
6107
14780
3202
15281
7009
4709
37045
32558
491
1342
69749
44003
31203
16195
6741
12858
3955
8799
34597
2216
2408
8172
1623
11400
48120
40151
17846
32014
4025
16928
17450
14817
23713
13746
19676
27413
13617
24544
1192
10749
6054
7
78607
37994
1262
2820
13729
36752
16049
64057
38874
7359
41982
9368
1432
16862
2494
37614
9873
18670
15759
60904
19857
36465
2272
57445
28114
3952
53485
12866
4192
3035
75976
19491
34876
26496
20515
33257
51125
16400
31125
80495
1941
1661
77122
265
60272
408
7429
479
48399
1178
65794
23163
481
18
68731
20298
2517
9085
12033
2072
569
32411
78232
40297
17546
53790
22369
32500
30391
2411
20544
1445
24995
5834
6103
8265
18152
17052
1309
21498
1367
21710
38096
4357
30202
8973
1686
35107
53255
59955
32271
29350
65045
25167
40457
54441
21808
43047
5893
25534
20264
8614
11816
4497
22226
11059
82947
25609
7700
983
18847
65096
7522
16067
39282
8516
630
9115
15989
64564
18214
3398
76219
942
7446
2341
3218
2213
26933
21597
12141
24085
61315
12833
4356
3553
19554
16173
900
3104
6180
983
12612
11047
5343
69198
17551
35693
40345
16173
24085
63420
21140
5416
23404
16891
2349
6023
24029
43908
4811
2231
1
48325
29917
15342
16183
5716
2197
1103
11873
22962
22186
19841
44336
787
12301
30327
17959
13550
16271
26728
6293
1529
55255
28819
16493
44499
24145
9032
20168
2927
6832
52495
71925
19902
57949
53472
9667
32075
25487
77016
11945
27993
50262
3118
12165
19501
44357
7521
65564
4737
7719
39645
1011
1055
26535
62853
35188
73040
1637
75709
19157
815
28020
2440
14023
31868
5891
32459
33292
26992
593
6560
37714
41992
56438
38101
87194
28231
15793
27680
2209
1420
430
7615
14597
9812
9
59135
62684
7737
70869
50406
33956
22143
45728
27343
10849
38048
52069
23278
4446
65900
11187
1391
59886
6809
29410
38418
19115
31410
44360
402
9310
21872
17076
62216
14468
48416
835
5847
10385
350
67777
67775
4422
80249
45371
13096
43676
56092
8431
67699
29643
59945
31944
10765
23083
17458
3529
28815
11998
11876
577
8662
2633
5118
14197
35288
35789
61986
12653
56259
8419
9278
36310
23393
86441
60025
17538
3458
58064
19694
4812
69438
802
6504
22527
23455
8257
47033
68036
21980
43070
5688
14442
11351
46408
53313
4315
3540
52669
3316
23263
8129
23547
25460
7644
42968
6926
65929
2756
189
27493
13790
6032
37577
12397
6997
37146
30617
41973
20077
20761
26960
79655
27268
1609
7437
63475
18007
1789
25007
15083
3642
46717
723
11010
22834
28492
1039
31926
21357
40341
52516
5230
48240
60345
12192
13654
22303
48429
15510
49266
8557
856
17669
37495
23788
12075
35433
10211
5938
64992
2858
55746
23712
36960
3990
26156
7178
20803
44536
3724
1642
18851
20905
44721
57
9123
8771
17734
3378
26025
33344
6316
36077
7093
18403
3941
58437
8000
2814
75321
34346
25970
20112
2308
1694
9822
7950
39010
29299
16585
7588
65811
10869
2762
408
50970
5336
43462
6579
1180
7011
19693
14751
6166
27799
23347
10701
18621
22551
44554
9469
24128
4810
8485
31804
12675
3371
4755
4524
4187
4389
3
44876
58288
61185
21973
3128
1236
17246
46419
1
8426
1009
28948
6808
40613
43306
44852
30732
5971
39570
23038
48150
2490
5959
1205
28723
1681
23808
11955
37292
2699
23030
860
53467
19276
13053
6877
32958
21521
7228
11159
49103
26357
57703
4314
55089
49427
2364
8629
57758
353
22303
3911
247
10453
29663
31698
57958
33174
7448
15369
4238
2354
5109
27723
76346
7412
52625
49857
52475
50
26801
72408
60375
14934
3837
66188
34782
1903
23026
28897
68521
15969
37111
25243
62482
58581
64986
38264
12608
836
20627
28934
4214
28761
32146
46032
92575
54015
1852
572
6362
23188
36666
25556
16092
5110
69928
11650
21786
4642
9158
1996
5597
2381
13986
12762
2383
47543
6630
51953
55381
24257
67767
3194
12024
3417
16361
16310
1140
7879
16757
6965
6205
7045
33067
31745
21353
9787
13725
439
727
6728
9447
16411
2588
74449
5880
40968
5689
47900
21331
74401
6487
17466
6131
23286
39433
9474
14874
7105
23873
47103
610
29778
12876
45396
13569
4360
20439
4
53174
24394
19802
10104
23340
34924
3220
2426
49468
32219
51761
44979
91749
6063
10909
11039
37157
21844
24584
4776
59106
18310
4053
15522
8626
36834
52321
28644
22635
16564
77014
16223
3156
48726
36053
10592
7
2502
32952
3669
19481
11718
8910
7730
12101
203
32367
48927
12887
47725
2115
13150
16077
47599
9010
8551
62303
3558
18011
2195
3469
21145
2102
3
6489
16106
216
4175
11793
38008
50981
5005
56641
32993
16065
17652
27878
2453
61988
13684
66251
3520
564
6032
44430
7021
11203
28544
1754
73096
40956
23310
6031
10037
57232
18823
14187
9392
6
37617
36631
62828
33561
9368
33255
17055
8299
42061
11482
19381
6950
31981
9451
11720
21555
6997
33010
2777
1463
17622
12505
1316
8807
439
27019
14084
6537
701
32900
657
9070
24779
13779
14248
6304
12990
46348
75270
952
45686
76563
48203
53237
12327
843
4139
6248
6326
69819
18973
43610
4148
28841
3758
52244
319
39047
24882
22640
1574
35541
12218
35419
2789
6449
80205
17423
46696
12375
29142
1421
27994
43863
1057
71
46058
44709
9884
45921
7334
46954
5428
19532
36578
16124
4038
3365
15561
15761
17422
56650
4453
128
22696
8745
3043
20571
37447
30605
51490
72896
21025
15211
44767
1076
41282
17757
2100
11259
1577
4989
52950
4410
27737
30637
14663
25639
1104
9615
78588
6746
29660
18278
2873
14656
71819
34112
12272
8365
2281
5664
21461
604
11000
47405
20612
4750
53130
42357
42307
7659
7235
30815
2568
60
66853
642
41216
1223
2941
1687
9219
18671
19920
19340
17780
52154
66117
50941
20611
7969
52458
13518
69087
55938
45952
1145
37013
36005
6770
21965
43875
47038
1586
9085
79856
41433
33763
35823
18807
64657
19587
50210
10526
6098
13467
71612
24442
31651
437
1760
17062
43556
3729
28744
20386
76729
30515
25841
6359
12098
8972
27533
9010
66927
22233
29710
60413
9469
27260
9352
5148
46561
41899
39392
4383
11119
24239
33507
6769
26707
5704
18421
4248
7884
2289
9909
8212
14808
41900
10257
3716
38533
35030
25302
8010
1416
27641
58803
9701
922
50438
9890
6790
916
61970
3597
1397
13443
17580
59505
13794
9058
702
39719
1000
22842
2398
8198
2991
11184
5740
1407
14148
41526
63073
54040
2383
75512
9392
56069
519
2393
31216
34313
14838
48373
18650
14108
20148
25684
3971
3360
43112
48282
41722
28340
17066
84104
75110
19831
3435
69683
35304
22303
47756
7658
10613
17674
7523
12972
22022
16732
6474
17556
5959
52116
40157
26392
12988
7192
5543
45812
30482
52521
1592
78505
4747
15258
64047
87047
37161
52345
7695
433
1595
48258
10946
2484
15117
18377
1184
8542
22030
21564
82568
1089
7848
34872
68642
10334
22352
57156
13959
53712
26899
49071
28312
20994
4317
5453
8251
275
9401
2477
16508
20597
84025
72868
30680
24528
2285
9298
6255
22042
16563
53731
7004
61352
54321
5386
16569
40016
57692
16347
3971
6330
14829
3
4507
17029
38732
2278
37816
6451
23670
7357
47970
6517
20583
48960
21531
23709
18150
3056
4044
23535
634
18752
41693
1102
23339
10914
1259
6025
26294
17387
7086
79027
23072
77244
6292
37639
1825
3839
21041
2701
38030
42547
7144
11359
5165
28827
24625
4725
8611
7492
42707
15578
8386
41053
6048
41964
2338
47019
18590
17133
35646
9021
6212
16353
244
29901
5666
49076
11939
44333
25752
5012
82040
17983
53290
9749
16573
32535
37553
4481
5352
3571
48793
35721
4312
40003
28615
45010
3531
31657
32401
24660
15316
688
5403
20120
36800
1703
74420
7292
3907
2871
32232
5902
17242
10256
16011
31104
39410
253
430
5594
58200
11244
27887
52612
10260
39915
36226
37284
3670
8261
17897
14894
20311
522
10460
19142
7910
21108
4611
4832
63411
13502
37481
47189
2439
71766
11599
355
591
48848
5265
19771
39641
62648
21293
28223
23220
10668
35514
250
29346
10462
2486
49159
3866
79803
398
21498
1506
22245
41479
31149
17969
39220
17216
78764
829
18267
73948
11340
35408
28996
4694
30774
9891
22784
30936
12
22797
12648
8023
23552
32937
11060
46302
2305
20324
3917
16737
8728
45599
9648
27124
26780
15658
2416
5327
2
15599
52725
15170
57828
11941
25883
53218
16069
8253
24526
31003
25857
25877
35794
83141
1584
45108
7219
1488
16488
4482
9196
4271
23108
47517
53005
7131
36752
46222
1575
87456
1100
1070
39760
23878
67256
9079
23535
31881
63427
43203
4848
40797
24828
45382
10963
23858
1465
69865
56455
9159
43266
53944
63090
11975
93
59596
8998
45225
33063
24463
9932
13366
1103
7241
62124
7970
7145
7803
45859
23872
15504
18347
4814
4151
130
63113
8994
30456
5800
808
19105
16488
17436
428
4106
6092
80281
49038
38378
6065
17441
51024
74038
28714
13036
53541
39705
24986
1288
34375
34643
12132
4567
16356
38609
14493
8181
71637
36273
18355
6671
12750
4559
30307
16060
54846
11588
8352
61088
28756
47741
53888
159
2408
31333
41956
4027
28181
1573
15237
524
24746
57186
23441
4412
9538
26201
86693
633
2959
7008
1
36507
58839
8674
42883
7699
7199
75295
39374
2284
75774
3318
15359
57437
9494
25940
22684
13
11591
26473
55638
23724
21063
406
23054
43880
2628
1824
36977
31269
322
38137
35201
15633
565
50870
54383
34155
28459
4193
7369
26137
31144
47875
14762
719
23254
41149
53988
8673
27201
35785
27265
11130
560
816
1811
20024
10095
11063
56562
18909
241
10366
2
998
8846
36955
41416
16793
10338
20015
19534
5775
8355
29169
26209
18731
23940
60663
22840
21635
9144
55170
3682
77554
13182
9189
8803
1466
7556
1871
80580
5346
2667
18626
22519
29534
50075
31057
45877
4900
63866
28418
31243
40981
46019
17996
20451
690
37237
2517
52942
56687
59899
21686
6082
45233
12810
2118
8140
13117
57967
5800
12415
15340
55067
13933
18194
43986
2956
33388
22957
40540
3462
68926
7477
62298
5484
14389
25391
28947
6236
956
21079
32845
111
16499
37508
2267
2672
4434
13575
5194
18794
913
13095
15577
32766
1684
30921
5692
3798
46074
412
36094
29963
13228
6422
7331
23008
67070
27035
47357
3812
46315
24171
25838
35064
1823
32398
29889
30349
2729
16528
6294
70076
30838
10248
6470
52851
51031
40578
47824
9240
13255
22019
31606
44669
48645
10743
57181
51737
10574
84333
58246
38936
27385
7810
38982
37992
16049
8890
40294
26801
48673
31273
7109
41784
51973
8231
12885
34952
419
45605
12772
23073
16883
4988
22610
8255
4887
10290
6226
19621
73007
56077
2
31374
25767
39623
14356
64259
8266
15028
4874
55181
30300
15961
21055
30382
9377
3505
2032
20778
11329
18
50808
40909
46955
26290
84878
36150
18146
69402
59290
68281
2637
10966
49100
25613
3618
11034
15962
70439
11463
69540
23942
9650
10349
16417
4209
3400
20292
58079
1432
58222
43296
7116
19340
3918
22971
31672
35112
22863
932
26820
11059
2114
2386
11892
91058
1209
66087
30245
25006
13994
4777
2996
13239
3590
9474
18478
5057
13608
48568
39601
18330
5691
29771
60801
37211
22342
1647
351
13545
69731
7777
18476
46660
8406
27553
42299
15443
579
22202
12136
1231
56688
5637
38495
7353
22216
684
41043
49402
7901
10418
41255
32336
61185
74209
62533
11671
1256
4069
1807
47912
26112
4095
5752
43291
71828
29555
27782
1809
11129
40842
23657
15636
40016
2221
23853
14953
1
52344
27641
30263
58198
1411
23297
55831
77835
66178
6656
3674
6052
2309
28539
36233
42865
13527
33076
50447
43654
2642
5808
49601
4695
22132
32111
4361
12891
32953
15645
2054
17762
8130
16764
958
24491
16660
4724
635
44631
16838
17136
2989
5471
8184
6531
62116
15523
29331
31547
55251
49678
9449
31867
857
30796
8725
5820
9006
29266
60357
13266
31620
11020
38839
12770
70090
6314
89650
16817
39570
7907
81885
9189
19493
37351
9
6682
2355
1046
4099
17291
66054
33253
24836
40734
21877
9089
8154
7338
1470
5883
27714
26821
7967
14416
344
57986
787
84506
8696
8153
89088
2157
16180
44227
43771
10521
25025
45427
5341
25093
6149
38787
2845
78073
28289
26437
5419
662
58481
972
1178
56530
51497
3464
26097
25021
75400
25344
23493
85463
6449
4041
24072
15662
57016
8709
30895
47490
8
46476
47812
3688
69469
25541
257
16797
19015
23189
21197
52522
3
77267
23633
4524
11717
12931
892
5962
15131
5374
3508
5859
12074
35364
12647
12093
14995
32134
30681
2035
1997
34914
2177
2159
40083
4197
6218
34412
5661
40651
36055
9928
25753
70016
2928
57576
19867
6796
41707
33771
2200
13483
28647
23035
2338
34058
15432
33983
80136
20325
65561
32717
388
523
52003
69635
63894
59471
20410
36444
5177
30717
19420
703
70122
8241
1502
3829
49820
31430
48338
53855
604
12952
13623
37737
28878
20340
12248
947
42433
42138
33264
48283
45859
42463
36908
6186
48965
53625
23002
12392
13262
3816
13277
59657
2831
12772
6780
30137
39498
24616
17516
27854
26554
79695
34608
8784
13090
10980
7217
9461
42451
24523
324
34946
4711
62297
54461
22103
6190
11233
6779
9099
51853
40068
12
6835
19930
24891
31105
11917
12288
64537
1280
261
13283
49098
29718
125
25674
400
37376
7794
3327
56161
4778
27864
83322
57892
4158
40003
6356
50929
38089
23145
37638
18569
71085
21869
577
18673
1223
9478
29476
38334
1895
63032
748
37953
39921
23740
15205
2973
22356
2691
41234
8316
2351
6247
29913
16388
68059
6296
44280
19318
36264
11622
8003
3229
14759
9911
5671
19109
1757
38741
9846
1032
13338
8465
454
10616
11704
53036
27218
2926
8876
2476
9903
5304
5326
41613
12626
60211
427
3449
4964
64236
37073
6302
1288
533
8572
5553
56999
6616
37284
21376
6671
425
1836
4280
19962
82594
15852
175
62107
67704
1
1155
14206
1913
51349
36559
887
38174
71442
36133
77756
12968
18502
42283
33506
62918
44601
13690
70935
1640
1053
45025
39550
49936
38379
3954
20727
58281
66995
69204
83347
14347
39566
44200
22542
41598
33682
27120
2358
15117
16791
9554
7900
68893
39617
27140
29066
27717
29567
12703
64410
4303
6266
219
22359
2532
26142
37343
23572
1098
11978
20628
24113
34201
8316
5485
10055
50847
44643
27107
36727
25846
43551
17056
14402
32554
49681
51342
18955
17
1022
47442
49196
34955
1968
38592
4286
9914
655
35878
17308
27855
75848
261
46513
75819
8192
18165
30476
74808
5023
16470
9989
5872
334
7186
6648
35458
5452
21395
14381
9726
22195
26036
66386
1892
2300
1898
50836
3125
613
20036
60157
61468
16066
8090
14638
44349
9449
14478
9251
19881
20696
17049
41422
15007
9078
30750
16574
62077
5318
25436
13954
49303
12046
38955
2572
16480
18833
4741
2304
29244
50886
58206
3864
518
7833
38757
52194
3458
633
21273
49798
506
14708
64542
46152
280
673
6619
21879
19159
22471
54128
866
4072
13310
3459
81784
43773
29744
349
6398
548
39042
4524
21388
2324
7810
4588
3451
45413
55023
17494
7257
11634
40489
56763
59130
8136
3709
7289
23323
40558
1653
25545
5321
2970
13274
23550
974
16312
10665
29384
12160
13701
21985
19954
30221
79572
42353
3123
12338
62004
48329
19859
2202
18598
15107
56909
41499
33737
53153
53704
8543
32601
38908
11518
30922
85030
4
23854
3285
16264
16695
11919
11960
64259
7933
5839
22202
304
34048
1785
38066
2881
28586
36545
17642
2550
21876
30202
49980
35627
9069
16797
20649
283
1
31617
1611
1880
15795
7010
32727
25191
64675
16801
1326
42941
39618
8192
16609
1508
3784
76906
44391
5758
37444
10916
12030
45933
4751
32125
27466
7861
2169
20830
11052
847
79918
74126
59075
4104
6211
2035
20120
12154
44722
14088
35512
1301
1694
14928
29469
49172
32476
3828
1303
27011
18060
39405
44350
7297
24394
6600
34995
14575
41918
27977
50285
26179
3
66
48335
12463
28287
14547
10629
9311
32779
22479
3636
55834
27396
45726
4064
53880
38613
60280
23811
32567
10033
10329
64155
9053
19875
36833
57112
57699
5144
2525
29857
15800
33863
35286
28342
56790
9361
70696
7136
4303
41339
299
41518
19552
11282
110
46922
16330
52328
2849
3996
11420
2113
41584
26633
44365
25075
29588
31423
11549
39740
2719
64823
1
11678
9902
27175
6362
18757
31239
19426
12039
14954
39355
392
40545
452
42218
53542
17444
34013
827
416
4711
475
44269
31117
52740
30262
4248
6347
3306
6707
40191
28025
2622
3854
16958
1760
27327
13266
35247
51784
29713
47591
25680
30423
75637
74035
16134
3338
58559
1631
13106
859
9443
32083
16651
51838
2013
13420
9880
8868
43692
52984
907
24973
57920
4485
26027
16581
81849
25261
25207
24982
48152
9461
6374
72216
3
65701
34024
51931
26189
28175
566
16688
23940
2046
17044
11637
21385
42351
5242
23298
8234
65209
71483
38
29031
13752
62971
3359
1422
9106
40849
4157
27407
11454
10598
20550
25949
3453
80559
23371
41406
8323
66380
22686
1612
5489
10030
26063
24094
13050
19025
5829
12885
619
24937
1984
2357
23441
33280
19188
59293
6780
59268
1261
64640
31989
5808
78501
9975
71039
19920
21199
69707
8413
2174
66658
45044
5223
6634
27322
45697
38915
46059
1147
34600
2656
22068
38107
1
8174
29700
9614
7751
14311
35171
19707
13922
3405
5717
20814
44213
3657
6672
36204
17058
4249
27448
52230
687
29301
20037
23287
16165
71003
12549
12440
14156
19272
23595
22579
62229
7574
4129
18512
7770
39344
46013
456
2289
7739
2
20597
61881
30
14582
60589
5350
7290
29819
19579
22548
52622
79207
17644
1007
24669
41184
35444
27975
26301
12150
10548
13183
35518
2549
12785
19459
29570
2163
56607
11677
18924
43360
17241
16797
11890
5187
29767
502
2301
88292
40285
5003
19988
18214
82097
8400
33997
8601
27737
19273
33098
42847
5469
26801
25186
1900
2
5419
21906
4920
29161
25879
25549
24965
25290
4704
41861
3393
9285
3890
1401
40169
50561
10574
47263
2891
22426
33928
24413
51432
6061
32959
29990
46642
21603
26060
59562
22656
28955
23977
64358
6266
29055
62248
12724
52580
4698
13124
3546
12536
7021
52628
2724
51114
37283
33787
2664
452
23474
62078
1914
11023
25056
28140
84735
27641
18988
5478
43726
56070
58133
32294
18635
19893
6871
561
25602
17212
12922
21667
386
47095
11557
34
9982
12208
61791
11144
20
23455
5024
45501
2979
27168
9385
4
36568
12048
27381
2700
9347
5113
18178
391
2449
78013
14647
1100
6848
4307
29155
35628
38612
173
33334
57808
6140
496
13372
37340
64774
6867
35990
51812
81402
1222
61544
4846
40641
28309
46754
16575
32664
38409
28959
38195
24342
52181
45226
80513
56652
45006
18754
14966
928
1424
28441
62303
69358
866
25130
82281
44317
5534
22848
1341
14511
37038
45193
15490
3
37728
60269
7765
7759
4504
26132
52343
10421
18614
14256
45151
20471
5051
17530
51809
22694
29131
64764
71264
12656
4142
44351
8851
35393
10202
63
4061
3920
68485
3274
58066
661
19866
23331
6970
17430
14271
26293
7148
6871
12422
14518
6017
30368
28861
42873
4535
44791
28457
29471
619
56033
13516
9164
8708
5491
2204
3642
4214
17440
16093
27083
169
3488
58993
43330
16030
42198
118
33710
7112
25715
28937
22121
4059
31327
36230
4922
50348
12370
27717
4021
23333
19533
757
13857
12066
2055
6027
12345
16511
23990
77259
65474
19286
5336
32486
7203
56669
5259
4849
10589
3012
14679
878
5133
46628
22348
86886
364
14307
13367
30722
27440
13655
4076
20063
5408
59916
1
71108
11389
16742
19028
7718
35099
22085
33519
34886
7658
11550
6966
13464
1452
2114
2917
3877
30933
1890
12097
3944
12682
32686
14637
9680
27102
65986
12425
30622
3247
25333
61296
11012
9780
10015
27017
14492
63044
6934
47862
3162
13908
9225
29685
38620
835
85890
44530
13136
7269
59035
8679
31453
7424
2139
15215
13615
27151
91404
37841
30150
19305
8209
23639
4861
67052
2735
6675
32992
20966
3181
1
12388
3141
3681
9849
1794
20864
3357
45133
6089
59009
4249
6972
28713
28100
45366
1845
37403
3310
225
2327
20852
330
8197
27972
2485
11788
1738
14388
63999
2088
2121
8880
223
78659
6636
7481
63652
28010
31658
6288
31856
19011
27469
778
35898
11464
58539
10075
3645
17906
8211
56488
18538
7108
28609
41069
1578
33271
12234
12899
12251
11277
22749
1
15422
41512
14798
80800
3250
1061
4107
19413
8403
23230
51207
12474
30318
3562
76496
872
13511
12458
60420
39140
16910
14677
1129
20307
63699
23844
19494
32510
9834
55370
25094
1436
49516
28189
54552
20893
27136
17809
47512
1
437
37382
1231
18
29979
22689
41077
10511
17037
12508
23855
7346
17062
11839
3923
4193
72117
48
53784
674
29180
18109
21101
43011
31209
275
12644
36977
18291
56579
21094
2926
54270
14979
68429
90162
43114
29273
52894
53739
8105
19473
34633
24461
7173
15488
30419
55419
5062
50460
30624
3948
12421
14321
23925
12400
1030
17844
26694
10822
28029
47638
2641
44058
6019
11093
7891
7103
21922
4690
2413
59571
27059
61024
59835
3084
10197
1950
6086
1189
36241
59398
21610
25130
76072
19078
17316
1379
670
21282
20086
16043
23713
10614
5634
41368
22832
33287
39849
305
4428
10122
21346
17305
26348
18671
48985
56737
20636
10708
56462
4611
17649
10429
8334
2456
127
52393
40483
4146
54722
7827
636
52159
150
39391
15010
20757
70781
31230
44419
2826
55759
24963
44303
4
13664
38616
55308
11690
59149
77890
19765
36299
17053
26883
38198
2967
30507
5766
18827
912
2846
85393
32130
10819
13254
10559
35643
2256
57112
44774
51281
31532
19128
58137
3983
43779
27292
59665
4126
13847
39705
15969
71689
33985
17483
5547
54751
5364
25158
747
31714
691
10247
17088
44468
53414
3842
3427
54269
1306
8629
32857
2162
17054
11306
10234
59384
302
11409
35195
45811
20379
20531
22
15224
13451
5495
8620
852
36835
3173
664
18379
5484
9364
22652
1841
15313
56865
81017
2856
44863
25982
11019
60444
67562
2153
57151
437
13313
27395
43814
10954
18414
19985
12289
38322
25852
3198
19043
4205
1193
16481
2951
9651
36887
4190
13957
81082
29641
4006
77585
29249
8923
50918
3140
513
17428
28232
28123
6382
16931
3559
59098
17404
6183
1231
44961
10590
20874
5240
8916
5930
29774
40931
63649
24014
58230
38833
6748
1780
11435
41831
81635
491
6393
14601
40517
17134
62369
5470
25030
56680
59781
11537
30733
4879
19486
14736
74450
24991
27891
18102
10258
1137
74467
61907
10472
62563
30006
14824
17311
57881
315
6539
2026
31724
22142
48261
4287
3
24743
12516
7708
32934
49042
60640
37261
38814
35910
6329
10624
1766
2505
4114
18749
48450
6542
966
1857
3523
3833
31778
10916
13288
30660
49720
33072
13895
6567
81097
7821
2229
34112
15635
59948
6750
8125
39297
13214
32100
34110
1013
4539
16155
1240
31579
37610
9407
20075
3112
81503
59362
6695
20488
27706
17614
2729
10263
25408
21899
8869
9942
4860
70018
44112
2382
31102
10798
2742
29087
41907
2613
1152
58764
3810
12673
6336
47576
31132
15693
51751
1454
9753
48332
3005
33631
9984
25329
4485
8596
17334
32042
13806
28612
7609
22594
3299
13942
1169
72565
60454
39967
58042
18320
22575
7277
7797
67555
7593
808
6085
1926
5698
18288
5723
1832
57921
6408
11940
7
19919
52331
4313
6231
25722
62974
21913
25697
21974
33663
31128
8739
23884
48053
18328
2921
33969
66481
16957
769
30460
217
14399
9345
4
5572
48061
16597
12632
3726
27755
14834
82554
2208
44075
10842
19496
15
11587
53252
22174
47741
752
35587
12235
25536
2727
27629
10723
71322
1367
8819
54353
5133
45806
38721
19224
9071
8327
10291
8544
36799
14763
11280
18967
28758
33705
37092
1120
8683
7768
18017
81469
42217
27047
14140
39794
10764
44350
17200
11403
34725
35377
23794
893
11935
39638
17845
67503
37986
9062
3309
1298
38299
21986
18827
47844
750
12777
1072
40224
36593
17630
15573
15889
8490
85605
3305
59784
36046
9726
1304
42948
18120
17703
39292
38969
12128
64505
7977
1588
15357
9220
18041
6840
15258
40739
32009
56684
18430
28458
38026
12071
34594
4037
9581
48799
24543
14405
12942
41516
36355
41164
8183
13577
51106
28089
2983
1080
20720
26059
39227
34239
5621
17554
4578
31835
46844
9150
15860
20560
23486
67379
526
64086
40069
5176
17771
13543
1436
1101
25625
46785
22975
77816
406
3965
39870
31140
44163
11223
46239
4817
11438
20448
50718
56873
56955
2502
22754
26278
9165
43047
40631
89007
39988
31551
60
8119
2334
24949
11331
22067
2482
67910
42136
29277
640
25747
66349
24910
6418
5236
6265
11939
13339
24006
25000
4948
6347
5098
6609
1766
21949
52165
30879
20133
10101
10897
43220
46948
22162
39099
15958
7849
16157
63545
2818
37013
11424
66312
2427
5198
41061
14028
46888
10
96
23181
3307
37427
26448
20246
11865
13553
5409
48926
20688
41066
625
37094
33947
3785
17442
36195
1866
60735
1950
804
24974
24328
20608
13772
41035
18125
21880
42432
14491
87709
15102
44168
1374
15683
39959
23383
9264
15953
11381
28673
5805
23
4559
41157
3622
36355
61506
36705
7139
25205
32637
1457
2270
8182
67721
4
26769
77564
35205
17875
1225
5147
49496
44574
12635
18339
2962
13476
15894
5075
6160
49983
14130
32732
17120
21126
43112
1351
3682
13356
31791
16504
1112
1931
5021
18585
1712
8244
8866
10637
28477
24933
7088
59049
12979
252
55604
42603
47241
8620
14120
2
5
49533
85616
57906
13183
35950
39313
18844
43646
71377
14782
83086
5354
40472
2124
70215
5301
13931
6635
31078
47953
69040
85421
25362
23211
17372
56006
17495
28477
23333
38753
14095
61424
5500
8420
42465
29456
4844
33430
39406
36944
16869
15251
10675
19799
76969
3507
62952
12497
8289
15940
22143
6153
50487
35598
39889
29671
77013
11062
41146
14587
35924
744
11476
42916
48177
40839
46804
8
53550
29177
36649
41935
19785
72663
64044
10605
5867
12960
8812
12144
46681
20411
8743
6798
67
22418
26697
1798
50893
5791
447
68170
16039
35952
14408
16482
13777
31647
43827
463
4729
62
3067
31398
34834
51441
56265
13754
7531
4850
49527
18333
41373
703
61946
17229
11281
25142
76980
27674
36735
1
72346
46517
15914
969
415
6399
9177
46720
12818
37422
2916
24552
79307
7049
52413
27498
62715
14368
12687
29092
11646
53655
13602
34335
6620
3454
922
1441
51159
33149
34183
4199
18628
19787
142
21655
21676
60866
9097
24892
40508
6420
20760
493
15700
15721
20586
797
4
18731
55073
492
24823
17440
12505
11516
37306
26538
9307
1
10346
12497
2594
10165
50591
16066
17500
15658
5759
32343
33579
5637
34094
4098
17783
18817
12643
13287
5231
26787
15224
776
29949
12681
4480
12859
16584
7182
77539
313
21966
54200
1623
71053
19902
4960
14612
50414
41104
9671
987
5741
84196
30643
428
16805
44148
257
2202
3501
25076
6322
7523
61130
406
5809
23079
55188
21462
4405
1508
33392
2170
26409
28693
62245
73604
2543
3480
13652
21535
63807
26191
18524
4731
12047
57841
49596
36455
670
47
17341
927
48807
52479
5301
31993
12246
24398
27177
13146
15673
2376
37247
223
408
18558
10720
75408
68828
52242
32722
49091
9021
29504
11869
16404
3095
252
6441
1704
2114
30308
58292
2435
78887
34733
16523
3200
59862
31466
5522
8051
14544
16260
16603
18828
6497
12106
25969
2091
263
1204
4597
73517
19503
44541
40725
52893
5798
6707
35809
34597
17788
15853
26917
395
36904
81229
21560
44296
18582
46183
4
4087
30898
11554
75418
1398
8874
1087
9404
11601
56678
28699
4073
7822
17567
40330
28798
10753
21455
11169
8747
9591
34059
24507
12828
44265
9095
33570
9137
4764
28403
3
29213
4434
52769
11316
12012
23485
7467
1249
63161
9549
6738
59748
5627
35405
43034
14024
43236
26182
14937
63154
4309
2597
2068
50719
57670
47929
22683
36405
14851
1876
12400
17778
9475
32068
18606
19132
69975
18301
5266
39340
13266
35645
39220
4928
7340
14809
25967
17794
5474
1669
12359
16
9615
34223
3182
60618
24196
54168
19124
23329
11807
32966
26821
3321
23566
4003
6049
23481
57421
19523
34053
29619
23825
3235
10979
4122
74796
6571
48801
1171
52248
29902
1537
11857
11313
15952
14112
12859
7018
12532
21302
6101
19601
28273
16271
12779
71748
50038
65936
26372
33850
9463
18132
55470
34
9965
26747
20472
31584
729
8405
5132
1553
60381
25094
5111
54894
14112
3046
9921
566
5524
9235
31163
8788
6285
31249
71524
304
1139
7223
14724
86424
14427
15203
44732
62081
21211
16910
22386
5154
63511
22956
61109
4477
49179
17745
51382
1776
555
33360
14965
7982
3436
1061
3967
6584
28711
39108
8104
71544
44083
24521
4200
73087
18997
24610
36129
13923
16131
56722
35123
36693
27943
23792
21878
38531
12445
25662
62462
26914
1219
35294
2628
53887
45038
2936
73331
6721
19060
72540
836
3960
38941
22865
37111
44849
6371
1960
5396
9677
19394
33228
7313
60699
61739
2757
5780
40546
47107
13564
22365
49813
45741
2477
2851
4381
25353
26683
43810
6115
10978
5214
13467
779
57398
19166
49783
34775
87135
19463
37157
2056
10920
7333
27146
2292
3052
29957
12435
42030
74829
21160
10397
4390
9451
1285
1349
60426
15239
13783
45224
20919
5918
11290
10524
350
9070
79438
2170
10438
42164
10817
18814
19206
10384
39081
679
21985
32158
3104
5163
16091
44010
15171
12980
5058
20706
6912
30213
73048
27891
60503
2
66056
2897
29559
1356
404
11186
50342
17241
4597
21774
3733
29534
9720
1834
58486
1640
50369
760
29671
4423
84815
31340
10826
5294
12168
8691
39267
3448
40482
769
878
49057
4532
64706
34978
7160
38663
51846
7330
779
15697
968
69851
37808
60372
8915
52762
62188
29112
13750
10443
1311
13189
7862
5924
47853
22967
1759
11074
47492
45026
7859
2087
32566
86838
19966
5348
624
5597
258
11925
6880
12426
1526
27486
1012
54229
5112
692
2754
16731
2398
19450
6235
17745
2183
44844
10912
30573
12867
7096
3051
14140
17512
11262
56415
4618
71399
43332
73605
54411
5135
1166
231
10546
2807
3376
4278
32827
6644
30429
5354
34971
36109
8274
9755
24458
17358
23145
55938
33524
13970
15851
13404
32052
3180
22518
25744
9548
7079
25315
1644
19207
5094
11566
13558
8829
7558
17007
6074
65075
22703
28993
10941
9248
56601
24816
24375
10279
692
24014
47444
17531
50366
6186
7391
2744
38722
6711
2023
436
77600
33010
12998
4
5597
464
40873
36230
52364
29070
2869
2652
15853
17789
54721
75931
4362
51578
18096
5009
85179
31584
50068
32136
3642
4624
28488
2858
28257
16485
22942
60732
38527
26964
12991
8837
3182
1771
46153
55258
31469
58703
38750
58422
56120
17423
44685
29196
512
14730
88378
8995
13259
3057
17130
47997
25226
1526
3197
27236
55956
30126
10098
1887
27243
19878
33472
25609
12479
6947
645
81764
41617
13326
5287
1294
3189
36496
33971
2280
32629
22876
60370
12250
7649
2754
4105
8295
12317
19422
59051
52372
22002
23681
75292
5593
67465
8155
54452
4657
6229
11372
37163
22686
19004
33857
56636
19515
3848
2758
2624
92913
10481
24604
25414
14286
59112
60896
35265
41750
78894
1462
51974
57818
62182
57115
38846
24260
30829
867
2345
29655
31203
22076
29617
2702
13766
399
38308
6236
2117
18375
2829
60225
23848
52021
31889
9313
85480
17659
1134
31863
3172
36282
21528
29905
4880
3233
29334
6018
11854
34536
14507
12829
7354
9943
20344
5
70683
13029
30814
12287
4
1481
8510
3740
43152
20372
15329
39594
7690
1649
4654
946
8647
65986
9714
78494
66363
33289
11607
3118
502
61754
49345
4112
7529
36573
1286
34576
16337
2802
11925
18619
82336
16032
19545
24762
51737
396
45025
29366
17638
13978
21476
3973
10824
2156
29460
14098
28901
171
59307
45921
72840
29988
25207
13637
28532
25891
9
45381
2
34985
23928
71213
61801
24244
8738
69206
34845
4336
16690
9123
23363
15912
32842
26803
7399
13187
4436
21246
11849
40637
6256
6511
1606
43483
22580
9758
43022
65721
18966
11445
7106
12697
65628
42663
28073
20885
42851
4596
48588
6790
16642
15163
28976
27737
51715
13739
73078
10560
36620
51689
7247
16809
4197
11134
14649
3877
7363
12671
13390
47806
57817
74983
49848
4221
1745
50686
4173
43612
14264
34470
18105
29420
21039
6193
20816
10993
10658
3491
10104
38724
3229
27870
15048
87775
6869
56749
6904
1957
12123
5436
12919
78878
48942
25544
5494
348
52036
7682
16855
12572
33283
68343
9744
4461
4519
3243
7744
6080
2602
31158
8239
7293
28306
13329
3685
17587
6006
667
12180
1777
66503
21713
5381
30523
6832
4701
10814
3901
24677
22018
349
34706
4704
10348
62417
27264
2279
53230
3865
35834
8297
31281
10125
1565
41146
75144
38841
30396
62731
41289
12900
62754
412
30844
3723
74515
4226
18616
20212
11940
26558
19701
14042
11404
16831
5176
4678
15640
45837
45830
16604
4384
3715
8466
3822
47302
11071
8045
20990
37448
33524
2630
9636
27637
56705
11008
5788
14136
13719
14391
4503
48211
3474
1275
33958
12990
46115
43724
30534
47897
5971
69668
4379
30374
66965
9512
42065
4499
3980
20374
13251
9321
13520
57017
2511
721
33150
66289
18118
51549
7256
69872
47250
42863
23145
9348
1422
5091
897
9840
2341
79792
10516
20209
3576
34599
19692
19419
49823
23212
1183
10742
2195
11201
3511
346
12485
35576
32435
640
15883
39610
999
10148
8753
11190
25157
18067
2153
20
1207
10823
17681
25847
72273
3386
48158
19884
77059
1647
275
42373
6117
18446
3370
6322
2754
34208
32598
9359
274
19773
13499
1041
24321
6332
52873
28907
1588
6154
62020
37292
6564
56598
3229
10415
10320
8907
6568
50687
2990
36383
34504
1889
36622
7587
43224
4570
33509
9407
18264
23701
13603
39498
16981
30742
45808
68876
16261
11824
48593
19153
38604
29929
35292
30136
44493
18002
48912
62269
7301
57203
17499
62227
18372
10318
11875
36948
2198
27229
24014
22666
47701
49131
65409
4453
6349
4005
251
10408
15505
1685
4041
4080
37613
23865
26907
754
16281
2383
1221
30797
8437
81780
31487
13683
809
14681
40288
27826
4184
57081
17510
38482
27272
1282
28375
34169
29546
76393
986
1802
2355
29086
12129
10859
2513
58620
15798
374
8195
2501
9005
55674
15791
10562
23038
50797
33733
13071
17933
12439
38540
7146
8
748
27397
9208
3245
21629
68446
57834
66475
43126
3597
28662
73626
5481
3918
22553
7754
35780
59749
1146
2402
2520
28825
17043
20115
7474
71192
743
37487
46170
3968
10063
1307
3408
36622
1584
5653
65757
5
28807
33254
11478
25966
1103
75093
593
74419
14532
46416
18867
21182
17028
56767
20850
39138
11102
21669
41280
26015
38936
15867
79821
957
49883
34501
19846
9065
58458
48550
1566
31087
42934
59258
52126
5743
3825
25490
292
67915
23266
9641
351
2063
2093
12204
1713
6365
1963
4563
14305
9788
35009
16468
3548
41262
8243
1514
79878
31891
1374
9454
36960
30902
39747
26936
32359
6938
58296
19523
34098
47949
25782
5287
17942
804
53614
15254
1591
1462
51864
37838
48959
30438
7332
8210
22102
40088
31205
3765
88465
58805
34281
22186
10981
15098
13089
78029
15155
4972
39660
5432
61774
9973
13113
10344
55663
555
49976
59059
12251
3036
30495
18951
22219
40424
16826
46306
717
20082
4340
21716
22743
20705
25616
1061
8728
57967
14292
3442
58723
62657
38687
2227
8088
2017
13413
10839
53234
42485
60841
10802
24990
5367
22376
22172
69917
20425
27058
5166
10227
5946
14209
81327
22276
5549
21886
1841
4583
6356
3310
77358
10250
12786
759
20633
61817
62802
1068
1387
42046
77040
67129
44835
7554
14034
3754
6962
65285
27385
3001
11183
1280
3541
21980
9930
40202
5433
10019
59517
3597
22864
27
66996
969
17292
36837
31694
21778
56226
2264
13742
23718
16094
5805
2674
26336
2406
85732
12693
1253
36856
17270
28862
4805
62444
2534
3871
11470
5653
32549
48863
12171
647
76258
2341
3410
2409
17447
13693
23612
36137
39036
2675
16298
2840
15709
2361
18348
6258
67472
55667
38563
18444
29487
18674
14344
37801
63153
14265
8099
7260
2018
18065
31098
14696
69536
22335
51775
1207
11466
13803
37901
50562
28878
2542
21193
93109
5854
67418
37668
5016
1921
44350
63235
69639
15298
4492
41405
3478
7248
35292
31061
5900
46382
29427
49061
10234
29478
46916
2942
16914
6870
18695
8267
8339
1008
30571
11509
15171
18225
78825
36942
2778
1225
10254
1860
54358
22383
29508
19663
10468
58867
9214
33697
3587
7702
39258
12548
28757
1
10061
3298
4404
10935
34386
29258
20486
35552
22359
10873
4564
23762
9434
1573
26520
18141
5964
21294
7608
5992
2823
43527
8196
18037
19181
55748
74003
11700
6449
19670
10117
35849
36781
9125
862
62375
76839
8574
254
1
31297
59106
4367
62956
29977
23438
1322
4991
57742
1968
29305
2859
18599
271
31118
27896
65477
9154
16761
24524
11200
49677
657
245
3499
48691
71889
3878
27884
688
7515
51705
1
26121
14255
14415
11718
766
7453
13464
9822
48250
30089
21434
1005
7400
2989
32448
69681
16503
6
47492
2084
4297
7993
4522
2736
34483
70064
42714
41292
9759
3099
1721
13748
1708
23373
69522
35277
805
30708
20870
35733
33721
5797
9179
3458
31005
18662
68338
19995
67509
78084
32089
48686
53667
282
25770
51042
8049
22303
64499
33316
21344
7284
36044
30410
9170
27938
38579
1768
1
7086
36824
4089
13434
9008
1303
18297
13596
9885
14043
23380
18179
4
723
11903
80432
23843
40525
47988
11
27359
7508
33215
38762
2948
24152
12171
28032
65260
176
18208
7009
7976
66338
9445
9257
36863
8438
502
270
4214
20678
63373
58824
19763
6657
15482
1135
489
12904
38755
27474
16927
68082
41014
76564
46368
45878
9684
45563
19686
17621
34687
48933
23774
36594
17905
306
7851
14084
67885
6050
23703
814
43214
52098
24022
39728
4024
26774
6853
11299
44532
12886
1555
37986
49174
88436
2219
2161
4265
2833
20653
2926
23047
51801
24771
77158
39639
25881
7436
24093
34822
13092
36197
378
32949
47435
23349
39399
62334
5296
8579
3681
937
8261
36155
2104
50161
4400
30320
5690
46700
8628
58975
31810
32135
61022
16494
12660
45350
63755
73561
22104
6510
37831
36624
4408
410
19398
17861
2336
40052
8827
29803
982
76094
11480
781
18215
721
48413
336
24642
12385
27294
15537
47517
5121
2145
25252
25341
79371
23836
1294
3596
3810
3033
1821
46885
10295
10419
903
1711
15004
87137
5492
55233
6597
19175
73613
14878
12528
31041
47890
42896
30723
12340
10838
3178
52765
8408
38066
20394
17869
15324
71474
10549
10823
8253
19385
22152
81724
362
4373
14649
7774
4303
3128
21909
30124
1137
24400
41277
6321
1157
23185
2052
34560
77998
11230
10309
24847
50560
6097
5549
3609
29163
11767
29879
21642
543
29305
65532
21453
64823
21314
17648
19457
70338
57418
4703
30578
23
40836
50475
239
24935
61369
50674
70156
59012
6987
66958
15356
37490
5911
24780
49441
9080
47362
43112
1923
28981
19829
2623
14407
21840
49873
37314
1373
16823
17781
62976
212
38781
44190
30517
7849
51259
4236
23987
29880
25396
42129
84091
4598
2329
22028
32616
46990
237
2311
54691
28
2886
64175
8040
18966
15273
7095
11253
37902
1819
15567
20749
40400
16518
47000
3421
15483
55570
12
20635
2590
1243
46395
6499
38195
83
82081
40897
12515
76198
3458
5870
52706
7579
55626
30919
4314
62931
24191
3297
7570
14099
21576
57399
26840
29534
30937
21645
14690
26767
7117
78678
61620
4134
15964
86002
6463
10892
23207
1893
54608
42370
16229
8432
721
13896
18071
9558
17075
61274
29886
36493
2915
16112
1962
10304
41174
37637
668
33701
3366
30678
1119
11098
24818
28996
89124
4606
7876
8504
44119
17321
38717
25789
7381
33
37547
1591
22968
64710
3315
325
6947
1167
6558
22195
14249
16950
71172
6513
59201
14122
19041
13076
47723
39512
6533
11862
49463
7867
37255
17180
41762
11201
2445
10104
3608
58125
44066
10741
25346
23833
77667
14944
29644
31837
3236
46115
51474
79199
22885
62912
19429
10314
24182
67190
29961
16923
7694
12168
363
36980
45537
2973
26472
20479
9
833
44450
20362
1360
57165
1026
19
2721
15345
7748
14990
4959
55008
5682
7293
43047
3105
340
19093
2861
69448
6393
66074
10387
984
1098
40085
24636
14243
36794
31085
36983
39869
23988
7984
38716
36883
33347
22349
7166
22500
36200
49479
17930
3604
36932
19142
41116
14755
21562
24754
14484
4413
15672
18883
1411
37220
31642
13987
30410
5481
8648
43425
508
40908
57351
47967
16121
295
47996
371
23961
17923
537
2899
21441
5696
10409
1956
35085
4794
33096
33075
26874
47850
266
8458
1182
32933
57388
8849
5689
62206
24730
11170
17505
21937
57064
9853
3775
66110
29176
35375
8693
22534
36338
16711
11793
64350
56318
23595
68666
18803
43340
18613
18276
5548
41232
61920
1208
286
73286
354
2759
9362
9367
14065
5436
28227
888
4805
23989
39709
9437
6377
5521
68839
5420
17263
26659
7446
22412
11310
18062
47207
3666
65657
43531
11929
5555
39499
5306
24318
6367
8508
27171
40209
4361
20930
53204
9157
23809
4141
27726
1956
4723
8595
10851
21328
54654
9001
2741
28645
10766
2661
41105
13375
61231
1106
6121
19738
81793
26271
1083
20011
16415
39566
35440
31130
45204
71753
16761
21321
1975
46550
3247
34315
751
31967
3099
14456
7122
2480
10569
3926
43641
24078
11420
39527
71359
21
60929
22100
2070
28297
4647
4862
1601
44306
32375
2979
11308
4
24436
50715
23782
6830
26902
36253
67577
59159
53683
10080
1600
12344
29137
52400
27509
32045
1213
2074
26039
38196
87773
30490
24249
1862
36427
53858
15541
9384
39188
16956
1719
32249
45192
13462
18395
2897
16946
309
1299
3958
8853
71171
34656
13765
15263
502
7184
24640
34400
44474
34783
7201
9485
585
35968
28649
32948
3347
49154
16200
17409
3428
13205
73252
6984
73303
16743
46021
38281
3548
17883
1916
12170
43778
68088
10895
7524
13581
61519
22608
23151
9102
1989
8519
7376
3623
53437
57176
30728
11498
33754
5813
965
17687
18042
77658
18732
31929
52696
33974
57583
10055
2304
31457
59409
1560
3630
1279
15886
3984
14293
27412
4284
27852
16777
11299
15425
6934
4228
32465
698
6498
21207
72153
46194
11250
21404
3060
30095
73552
57006
4944
65012
3
8041
19006
72314
30162
10708
26431
42007
1984
15461
12974
4420
11869
44085
31513
19870
30790
3244
11824
45947
64948
34262
37804
30054
29654
73399
7502
24899
1659
5652
2030
13695
11648
10064
41051
18822
45001
40517
34600
28805
13772
14486
5003
45035
69315
67824
1
72529
21049
27825
25733
9957
2297
70370
15291
7425
3251
29806
71116
5680
40712
32339
44158
43884
728
1912
47482
75005
20603
24535
6822
22991
19934
17653
58707
503
47860
10629
8029
27174
41140
2031
5176
15429
857
18126
80022
14377
27178
3762
6277
52250
1992
45466
3144
12799
44634
12373
33646
3948
16227
30447
25403
10862
77779
23413
4794
21854
18580
3037
11604
31856
82836
22577
1862
46119
5890
66812
9342
16253
15159
16131
3577
35614
13399
47456
4586
16252
13009
9291
36752
1428
25995
47534
4768
68177
40217
1363
23205
40802
18713
42959
64794
37471
777
26661
4089
20182
42549
31158
45618
12158
29368
26158
2245
26930
7654
33028
3103
4625
26237
9773
13555
51580
44484
42738
9278
76746
21110
82226
4974
2110
4
16397
4675
5420
3682
444
31183
16852
17328
7388
34529
1994
9621
27111
4961
8722
41655
3626
13871
19749
27807
47069
7565
22484
1059
31254
3609
33926
32698
9917
57711
45002
3890
12967
34346
12338
8263
33113
63503
22907
1171
63187
3299
32835
17664
29078
54200
47006
45277
57718
4368
30955
6562
6236
69603
2444
50515
50199
9321
7085
21608
25961
1937
6482
41341
17735
11953
30506
10056
2248
9389
18184
10458
402
1013
9476
19637
17236
3673
30359
57539
23128
32590
4935
39008
39243
33198
2458
19740
40106
4755
39604
900
34810
23195
16084
9241
16195
4405
3359
3745
5624
59428
42546
7
37402
1889
12779
10447
19805
35459
52936
2350
30520
64990
17262
53715
103
2283
2304
4355
1535
1556
24346
3658
42305
66394
42014
6249
9295
41489
30381
20637
14753
26872
19558
13613
23033
1513
82180
45143
28389
1772
34739
24675
5453
24330
2940
51166
22125
33351
15853
60509
2557
28358
57866
7208
55861
18069
5412
90169
37187
23080
43592
16333
19560
4447
60403
8216
11940
39543
4573
1962
14289
12995
42533
60796
25599
35190
60319
36037
31559
22062
15518
9086
33359
15778
20815
35971
46993
2889
20443
3556
17805
9258
6541
4921
15577
1148
49545
15809
1058
1612
41288
53799
9925
49719
3213
24497
1
15094
15599
80855
31291
66717
24749
14204
77309
30039
4386
2779
79933
7971
19580
44163
12737
6481
11987
13761
2016
11576
27435
4326
45853
22475
12632
10280
44844
27644
29996
1396
10101
33422
4057
59001
65744
8125
8387
36849
10176
38921
43310
35076
17154
44676
19827
30110
88294
13688
29853
4065
2212
5246
4702
9059
7326
25997
20276
922
13384
8355
35183
400
2991
2977
73693
21812
52921
5308
43853
31919
11221
5346
29734
618
30056
4704
14923
29257
35091
16808
21566
17346
9469
29959
23400
31477
45175
55231
50568
18277
55127
943
24539
9078
3110
1363
14002
28755
8940
33215
15678
59744
24653
14675
58092
3948
4556
50240
682
69169
25660
55411
2556
68904
23762
71619
806
1613
68814
61166
38250
19293
28194
10552
47987
59486
17302
17130
21791
5512
3903
21040
3291
45279
2358
13194
12254
12787
24591
44902
10127
33843
26133
57538
70108
3636
36160
26551
43272
17464
22475
3198
10292
53453
70293
39953
4533
2937
7368
8362
22943
2201
8721
7
29812
22079
33708
10336
46946
25385
12224
47278
13855
24963
2699
18687
3636
14839
71292
4050
2855
3920
57656
44238
5157
46171
12664
34381
7421
3894
5042
31801
22567
394
45789
3342
35915
39308
226
39491
1300
9788
13009
19204
15493
10980
24462
3616
77046
27469
5000
6195
12804
16417
17030
12402
63452
19696
54911
460
33316
2887
25031
25544
36526
58425
19279
10611
21236
54239
13064
11897
25115
2446
4573
47447
18614
35981
32407
38212
362
21611
8266
39900
49758
18781
2386
1035
9237
11196
2376
25828
7038
8388
53734
1163
41051
9205
10873
16827
6561
30541
85232
35547
51171
45931
7933
39312
48312
54696
2243
14690
29238
20390
58334
23865
1656
64587
20035
57864
21330
702
47088
43450
5461
43365
31013
704
50921
17970
34831
16527
52436
3683
1275
34189
3110
7212
41192
37919
32069
68559
68426
17347
17012
6829
9998
35028
18127
61585
1818
26541
26409
29668
5792
16114
9455
7161
8001
3902
29010
8914
1921
32477
14039
14483
63351
13380
36899
9129
22210
10512
7008
3379
4984
2671
7528
52076
46371
38521
10894
54251
17417
20782
7361
5216
38542
5512
49679
9286
648
71269
874
12513
609
4278
13496
67139
5766
31504
44875
46462
32396
44274
4376
435
824
21987
29880
1592
19246
64754
9334
49385
61255
13929
28849
11515
76754
14233
20876
11163
2
3912
44556
26161
22774
8248
10557
57743
23000
1689
24334
5629
980
54451
20597
3712
8504
1072
27007
47118
38073
47444
69147
4866
52070
23097
2363
19355
8969
2305
10
7208
280
1511
2895
34094
618
34466
2952
25293
2619
8264
17924
24469
385
17817
25120
3682
12915
10978
6044
45983
63771
10650
89054
5710
5
1
8622
24037
1452
65703
7387
15637
33125
1515
2732
34240
31702
13844
180
44492
1333
3217
25799
3974
1992
4996
9655
3
17411
22840
3093
42533
23577
26555
22036
24838
59381
36186
19459
21869
11991
54742
6713
61019
54762
13193
12040
4654
815
6753
31666
56367
294
2999
11700
58185
23383
6280
426
15522
26064
4794
11503
6711
68890
73052
71561
8450
14312
21181
2228
7207
10759
6043
4201
26779
47098
29212
45184
14700
20095
532
33102
4941
54269
7107
21414
32837
51058
12348
25185
63807
25880
14650
5797
991
16113
5939
15060
43706
15186
9696
11192
11690
11024
8260
10923
18760
30813
2110
9051
51890
61202
67787
5640
46314
47734
8754
70399
1002
2754
3868
8671
24864
6040
204
56839
40603
61813
37164
74746
27842
31667
17211
76448
1229
23898
1192
838
22602
4851
2690
68211
4824
12840
358
64164
57103
48267
33168
668
17218
632
48261
28510
5181
25186
31878
21328
9749
50005
3252
17
21434
15963
880
8516
12116
24009
30054
18594
42722
25060
9784
3850
35618
16616
52787
52563
17531
22572
6027
15164
9112
6304
3981
26006
36450
23427
12179
9078
9184
28446
14665
377
29677
37001
17495
4350
2343
12700
43298
47033
17293
65313
2
3217
7647
6857
4713
66774
1
24548
46396
35847
3781
5648
4216
22555
6443
12051
35602
1881
4425
18404
26180
13561
2785
13891
507
74298
46890
9714
55740
4926
71999
2572
31651
19146
39105
21691
12625
10723
3531
5671
18679
11040
44357
21166
3118
447
3594
55930
12586
25287
5590
19329
495
17
34201
774
767
57210
151
53663
27310
45760
10112
11822
1327
29855
46088
38634
3068
22313
24903
5921
41061
8147
18886
70644
6972
29
37460
3945
20164
46492
11275
13290
2718
4414
17213
218
8786
8272
38050
25756
4919
2472
16069
15499
5798
29914
4540
12738
2984
1919
225
1197
1439
16841
18560
5480
23766
10173
15576
24105
3447
7430
5790
19441
76767
13824
3618
25981
4728
40005
30316
73856
66498
1758
21038
11376
3914
14314
3766
9877
12218
3498
4291
2953
16881
52565
1196
15201
8168
2074
2358
11838
5645
33524
20783
39272
18498
10483
2846
23971
2624
2566
2531
49452
28860
14412
36025
18191
51082
13738
17848
49133
2682
17239
52240
18348
34458
15525
21510
9254
6710
10566
69842
15801
10652
40675
6524
2189
33281
6886
38527
4399
857
16674
9884
472
4802
56441
41691
7062
11197
15958
970
726
19683
1171
28675
1911
23302
2663
30911
3107
3642
9712
1274
312
32152
32113
11312
55093
28723
1165
24881
1249
29620
72135
33681
608
71387
20
9368
16045
44326
4929
70198
29799
36928
3823
72425
8193
29239
917
50995
53407
12670
41165
46849
70107
259
6
17641
10899
14325
16487
17750
4932
1428
48299
31643
2935
10448
20977
6542
72211
61161
2733
56
3923
23458
16912
9970
8859
2715
3193
4024
36849
74627
19316
30286
28016
35836
43640
13537
15
20532
44400
21582
7976
3543
693
34054
45817
57578
31073
89068
15876
74529
844
17379
19346
10047
55598
61290
905
1981
1300
877
14966
18023
7735
2341
15817
49218
10251
23164
57912
4250
32034
30858
31397
9712
26454
42440
45036
45845
42167
10632
20366
47661
3207
74289
34985
10858
65436
16944
1753
50286
4476
28391
50523
1178
18900
33140
43272
22128
5562
64741
7143
19522
557
5689
47459
727
24338
20240
15687
6961
5102
66036
71651
26023
4790
8184
44775
44110
86782
30192
29648
7772
47952
17186
2924
6104
1811
81570
14
46936
8507
54544
1093
9396
43814
7431
1783
38343
11056
26977
17586
17618
59660
30412
25573
6205
68503
8722
745
1321
12006
47246
5231
9745
16089
47278
17408
25422
13753
66860
77836
3624
23211
44413
44199
12057
41540
19855
11015
42490
52387
13570
42983
2013
41532
13247
12398
210
2817
11007
27452
3843
48719
9837
3121
4887
6038
22276
1
104
46795
16149
16075
24270
2254
56380
14429
53524
3735
5200
749
34631
56148
412
66548
10990
3217
3175
6813
36698
5984
11759
25030
18419
59686
8105
1191
69219
79255
18327
21853
22257
9902
16208
63012
8323
11043
33354
57526
62404
2514
24412
74414
60313
7308
989
39870
2558
1655
33872
5501
2188
13139
3572
23434
5758
21055
56329
8850
20168
1530
1036
22855
44573
7366
1640
60365
3628
3191
18644
6375
5721
16491
20901
2068
8059
24903
33141
19540
2002
26696
11069
1955
7350
11618
32068
21992
18046
420
1090
52103
829
31622
28934
21592
4069
82637
632
33314
12115
46766
63785
54067
2149
29224
484
36720
14760
8937
46950
31049
21551
16471
42010
56124
35895
24566
1
1135
4217
42017
28608
64664
15846
6751
29903
13426
64556
13291
5872
4173
22300
26304
4128
21805
3315
34483
69793
2
3363
58935
59550
25499
6157
11341
21485
44918
31271
18908
48059
69898
32143
72624
23122
33100
57971
61628
9857
35333
61893
476
33943
37841
39068
14141
9077
13309
11098
7459
81684
25456
64153
7662
8497
5771
1850
11036
19347
13424
66378
47026
22102
13269
11801
21982
33267
11817
65439
24591
35861
11069
39302
23734
2691
8356
9892
2248
41180
16379
1965
14368
3081
56003
23497
20654
435
24973
6270
5493
55196
57750
2130
26762
85227
722
29644
43704
34149
7701
7261
7652
16063
1449
19258
46644
2027
19942
6655
50338
1488
15968
1344
3656
26850
1358
2267
3202
39127
46710
31861
22998
19413
10599
26495
13067
12919
12829
27959
68061
18239
18724
44307
27953
13988
14340
36998
64157
19622
16349
48046
7328
68242
25278
48993
33434
65880
17729
34911
16560
17581
47232
41362
7695
13849
37724
6444
13286
47398
10582
37147
46252
9136
32216
30723
57140
61835
9203
60926
18095
6570
6391
25695
21781
8256
35318
10400
15631
9929
56754
9665
76750
67942
46760
16109
7366
29782
21183
7250
1949
4332
1743
8103
37543
36252
1711
15849
17952
20127
76620
19312
190
27195
11
13188
22096
819
9838
5252
16620
1187
1855
4853
40966
6399
23663
38941
46535
3865
37250
17975
35484
2673
3579
16054
6243
1
2799
213
3353
6674
16762
1
2528
437
51434
17135
32910
25471
19819
11092
43444
11356
19142
21883
1480
38437
3609
9543
28001
558
21394
23544
14175
11389
342
31934
9507
7612
24248
46551
29849
15548
62785
63438
3111
596
9743
38
30366
6166
1
38921
2260
47096
32938
36405
10141
28687
745
52746
10293
3272
23466
6708
7393
51745
26923
2020
4773
26278
13748
1477
2919
9455
18301
42055
27458
41989
32553
5
48069
19306
1488
10976
57805
11413
9322
8151
1805
11362
66122
54690
33886
24835
13001
24631
4972
17645
5143
37772
11382
5172
902
27311
14542
1042
21513
29462
20078
18166
25980
856
3935
34186
6696
58267
2993
25172
19471
44789
17042
23163
83712
75349
511
679
12092
200
9818
1924
5215
678
12440
21818
7828
15500
32891
29599
21564
51567
29416
7208
5490
3574
3942
7424
59446
3575
4526
4097
801
71970
559
470
56
52143
25477
27869
349
56694
2469
25623
5311
2350
35645
47115
77096
38034
623
16448
42928
12569
21073
46642
1906
6573
8336
52869
17412
18012
8215
6662
41321
54668
5562
7223
4222
2677
41905
58845
27031
24683
2407
35579
7902
13886
17731
28868
19454
52317
32859
35622
49239
50347
15496
2181
2152
1083
37225
24550
30774
9259
17193
49113
408
17163
687
16910
402
1
42285
13547
44082
27095
403
41399
31049
433
14988
50037
38207
9282
27241
25521
361
4318
13878
12688
335
533
338
46170
22633
47271
14188
831
17516
26034
16839
1074
37745
59061
2655
11816
19953
25399
23784
18644
44136
27812
25761
61644
52547
14318
10094
10261
30403
3054
18279
34989
7417
7162
38799
7437
4946
12035
70102
5192
21194
11682
5531
18888
23868
844
10741
73065
5897
19329
19118
18286
59341
472
40952
84125
813
1404
4
6398
7663
12000
3615
2
18530
46221
44581
849
34557
81947
22913
614
6071
22282
13403
19965
15462
11037
26621
24473
4909
15757
717
17388
42573
27364
14757
1405
49111
4
26658
18348
21674
3
21558
43119
75652
49831
37225
43192
3166
62683
4938
10768
5492
22258
2486
16616
41208
8007
25538
10818
6857
5845
14869
43241
33340
38239
3321
7029
47866
68819
12396
15830
27648
3134
17480
3849
33108
23029
28093
13409
4080
18945
64052
23545
7296
34087
73621
14
12668
7526
24694
30468
11909
1404
17460
4199
37885
6540
10235
13555
43671
8465
25074
1648
4479
62047
13212
79196
4640
2088
38567
83380
1439
6914
53517
39523
50088
28155
6594
2215
10699
60670
27100
18073
5003
15987
23983
39823
60352
38902
29586
63
2607
75191
12153
57094
45549
3904
20623
18569
2559
4019
12413
10670
12493
65797
34270
20571
32155
65486
1268
53014
53083
1494
15239
3112
22738
6
18743
1986
1993
842
907
1327
34784
44748
10731
366
26914
86402
2980
1613
8670
47262
57099
28531
29048
12754
4577
44782
7776
2426
21405
11435
41000
76593
45871
23737
6487
3006
3042
3901
48817
4758
3685
13637
32320
41839
62344
39551
26566
15363
7706
11180
22472
84739
4821
2607
3038
63137
37858
44394
29208
34445
726
19685
2055
2526
41031
24600
47762
57726
10197
9164
51642
46922
57447
33298
14424
47099
5180
21180
23752
39680
47565
8495
20200
14626
18925
48323
46333
19599
1578
20
9853
1517
4311
25220
5034
9328
11805
15272
51174
34322
8672
1123
43021
1968
32883
271
3063
18653
39283
32858
13623
48123
68605
72967
4015
43033
2214
6977
24036
2
10399
33962
22378
8864
1090
15682
28539
17270
1893
1347
29466
4494
40538
11889
8248
33314
46193
4576
18163
4166
17824
6377
33799
5797
2052
13601
62487
3497
30071
20902
310
38952
86007
3303
26225
35287
18906
1217
12983
27529
56915
50056
36993
67316
21673
17824
30678
7210
5044
5189
1666
5136
48947
81592
26168
31775
70831
12000
3432
21028
82496
46033
15822
9114
54792
22471
75287
30922
1707
6531
4411
46669
21509
5824
16719
8609
1367
11981
51865
73573
40688
12336
21861
10125
17647
62037
69809
8441
12035
52745
4897
7726
4133
1885
362
54297
7022
49216
31795
32535
67237
48428
5059
14160
6972
12447
1889
38192
40374
915
21844
23663
3373
2219
22164
22870
1029
31789
59629
41337
4218
13915
8757
15267
46575
86601
17048
7862
2624
17551
325
74101
1383
597
9978
74902
6255
10312
7916
36416
11492
2867
39992
55712
631
25671
1908
11315
39238
67246
76033
458
1111
5748
11447
63590
515
18266
4238
1311
37146
5013
5252
7647
21596
6049
5748
11160
3321
12177
7434
57671
28004
14083
33440
2119
8668
86899
8250
1592
9930
8547
53018
20254
6550
10302
13053
7447
27973
13240
7118
60793
7316
15702
4723
37366
3690
56646
12398
5058
70689
27639
4194
8676
29294
1416
16457
63126
20923
20941
3967
22208
25412
31126
21846
22120
7598
13266
20842
3625
40448
33770
8884
22489
26805
86190
31740
35565
37739
79457
72015
10214
7894
52646
74064
3876
57628
33439
4791
15443
66941
10152
9148
45183
58125
1778
531
932
12627
54947
663
20052
1181
4711
53174
22431
42958
29719
71510
7171
18060
6117
24837
75895
53786
10997
2481
40903
10738
40259
4289
19661
41076
1028
21345
10580
24726
41018
29931
1854
3366
64845
3614
375
3310
51731
1575
7083
3
1800
21723
14108
13283
82190
63285
32842
30474
66607
27954
49137
42878
43364
24267
23660
50923
19753
13002
16992
4104
12393
12118
3148
1549
46131
11530
75970
7817
12336
26881
36446
23307
552
24796
9164
4177
3528
18367
21804
10664
3405
8082
9935
8373
1123
646
509
63576
1718
4146
2500
76645
30212
1705
10013
3335
55538
2218
34730
5587
4201
18129
42688
11062
26809
39273
40466
24572
24077
28406
60044
28749
54075
23198
26250
45509
39760
32435
1099
28594
3125
25502
5156
17897
5110
23266
44865
7749
42979
5659
17501
41782
2
12021
5181
1422
36537
368
11441
28714
21587
6957
19301
3180
7481
52555
61917
3868
51419
8973
26748
54346
8576
4149
52522
1455
15283
1858
23442
34552
5573
20400
56510
41116
24603
25068
37532
25846
11525
76732
1708
18073
32860
9899
9466
28987
1364
7724
6179
8617
46484
31701
69439
5563
22624
19099
2953
2728
7832
11715
35649
9934
32216
4114
43295
3397
11587
7097
16696
28221
4
2225
15637
3502
6799
1350
35569
52917
82214
763
87257
14322
77932
23571
41563
2203
62847
60464
1
18692
11499
3006
4295
76307
15970
5728
12063
6502
8693
665
3108
2620
16625
30506
23742
11808
4712
1124
43026
14538
8858
9155
48753
30933
1714
4077
30808
1161
47725
5805
32504
38069
6471
12826
19440
34699
38280
5334
24488
39497
28585
33224
11459
5464
16944
23294
44209
2122
4545
50143
10608
14859
1536
3628
4848
22941
25214
38705
37339
10341
1194
5386
2589
3641
14669
7351
4104
40375
4891
9474
44003
21047
7411
80925
1019
27971
44463
32359
1668
9442
7381
37122
17171
6062
57301
32981
37043
8
9513
21279
10564
12933
52316
6841
77973
25798
9591
1275
1180
25194
24454
339
6913
38723
12783
7884
24963
2384
35777
942
41830
1275
12667
31266
25092
22339
44641
75997
1934
305
10163
47708
74193
53650
5736
67944
41957
24156
26627
43224
9273
56686
5518
5639
26808
16388
32043
20505
13652
38069
53285
13899
29923
3577
34976
15714
1906
5625
25419
8776
23917
424
20495
17387
25374
5082
12610
1584
3156
80
8318
54728
56110
2846
10394
13899
74444
17581
17479
9281
41658
14068
22501
993
81951
54734
35
46333
7897
30611
27943
15638
2470
5281
29347
1076
74060
52827
41552
11846
15702
2476
5604
2048
25448
41324
59690
39772
37504
1307
74055
9432
55668
64656
5086
23033
6117
4879
1289
16201
11780
1584
13296
16719
2237
21545
46016
40183
35666
28150
29714
13217
13691
35679
42150
13158
20574
25799
3100
1852
12461
23021
3420
26728
28047
3924
51155
38835
18666
2990
24542
405
4841
21678
4
12130
21562
18775
21350
8405
78334
357
326
8
41457
363
42453
943
40246
28593
7428
32403
3210
2223
501
71286
5247
39951
872
67384
13597
1024
4484
22020
4914
37371
5386
8532
31085
4964
31055
30578
4736
20840
5060
3386
32483
10929
11504
258
12425
37847
50438
32542
29371
2839
15988
13157
61404
20431
78238
26005
3905
34801
10626
18835
51409
3474
33215
31075
7292
5181
11303
1928
15585
13663
33675
2517
48168
72324
43
24
55454
66204
28439
61848
35263
17712
31546
5526
12407
44166
14008
23479
36709
58
16358
17670
16681
5058
18675
10050
375
63743
1204
20192
41358
41447
15062
1310
10912
1378
62
42123
3015
19032
47158
27318
25170
6016
1370
44798
2314
39607
3342
129
10771
14919
13306
3578
84144
43503
16531
6384
29837
38081
16265
7554
7144
51010
52266
18358
1122
44236
24411
6884
28844
21719
7527
2848
3931
610
5815
307
726
63735
6296
5161
8793
10832
40857
14631
1492
5606
20369
27783
77086
6386
61347
55860
56812
4147
3424
24399
19
18362
14555
40079
24144
9168
22443
28169
60691
35965
21463
4705
14389
4800
31313
23423
39870
2877
2063
29041
20966
12197
8809
37533
6682
22962
43770
26141
34500
1396
14619
12777
4902
35604
20770
19632
16105
40270
2441
11822
29480
73176
263
34433
17054
3395
70515
69821
255
47713
12008
19597
18441
10345
27135
1917
9544
24407
53525
46529
21689
35632
6244
53396
7073
46255
12669
37062
16326
19128
27447
1638
58581
40766
24031
2938
8926
9390
21523
7640
7118
58382
52535
9910
31940
15991
3026
47226
20434
21621
44647
5470
4865
8127
13673
46167
24380
16970
13226
19284
508
5132
11793
815
61884
335
21970
2
2177
7
53554
498
11572
30752
14843
6125
43452
40264
34721
12944
1181
46421
4618
839
15645
37463
2379
68861
1028
74171
4047
5288
18588
10155
45140
3891
84666
73771
39380
34910
21551
7379
8862
6229
41524
31802
9255
4826
47766
30344
42746
13875
23325
54845
5336
20098
6398
45383
17282
60697
82857
49817
18471
56566
45076
2781
9619
691
23801
20089
968
9804
937
17206
5305
46351
16023
614
12069
25576
30300
57918
6891
39779
52949
6851
12351
1530
47473
38528
56602
49247
62
48597
1826
24851
6777
28301
3946
20633
8556
9603
4545
44835
32251
21621
28347
1092
37598
360
2867
3708
38211
3913
8651
4770
5286
9586
18387
10902
9427
56242
6523
2435
37009
8881
15942
2369
11742
638
34683
7814
32149
66041
5221
26949
9531
27
26620
23157
7206
2092
32012
58979
8493
4549
10760
1307
16991
14681
32667
38767
52999
18010
13287
18741
87017
53060
46609
26287
52011
41012
40523
13225
4706
50795
1834
18606
51078
671
3
33845
18670
12916
42530
7274
2
6192
30565
77084
8341
18271
23605
72446
20435
7947
17191
43102
31420
83230
6288
58582
42165
40959
59876
52668
12624
13264
55114
49637
2821
40041
12743
28414
3346
31054
11476
5931
21038
61253
46975
14018
6834
18380
10719
905
19725
11575
12459
6884
1336
25652
3054
59678
10343
21766
8724
6008
82155
7492
24514
14564
30946
75427
1635
69604
52717
15756
70350
2664
3177
37353
51808
65993
6462
2370
30850
6135
35411
850
43171
23651
38643
17322
2
29815
32648
8870
39354
21914
32192
5350
47294
784
38871
18996
3781
42597
19848
32801
40069
32576
14305
9275
27
234
6354
730
1410
55878
19077
34311
48511
21441
10496
36212
13068
43749
6614
12679
16239
83791
31306
82027
19215
71966
129
42432
4164
31824
35053
10727
17759
10320
8249
9235
85045
13721
2521
16922
31120
295
50980
10041
36973
26893
48441
12741
22354
37533
28353
48801
1982
89878
61026
38613
1169
19369
5724
73061
1
788
23296
69242
39404
17449
28678
4388
4287
8760
14451
58634
361
22668
667
4399
22475
28158
1324
24730
40512
3971
3964
3582
13
28036
15391
64877
37778
27045
36163
48074
845
32197
2872
983
3938
11537
30153
43396
25856
43676
814
44708
32025
54716
52402
9512
10754
3029
19333
11065
63801
6130
68879
28025
27502
102
9459
34202
2684
4084
18285
13164
10734
1109
34951
9414
13209
1554
3104
22574
15261
18278
15516
26196
15734
612
71230
16002
22090
16047
26746
31396
76784
2954
337
2989
19054
27366
31462
19631
22933
6790
2422
29156
23919
2
19607
46728
22809
14879
21110
6111
1071
20113
3790
52456
83992
4961
1411
69656
14329
71851
51451
22840
1678
12719
41928
35632
394
7056
23194
6104
38841
8957
6705
5594
2849
1265
11763
64596
10162
55223
10341
22733
10336
1837
12201
1600
43131
23118
16349
7629
38290
38816
4177
34385
28778
31518
6282
18928
60715
1016
21833
75256
2547
13053
3257
21190
8756
52296
35120
19330
23905
589
66508
4229
32374
68193
57505
18400
6275
2410
901
54924
38379
5480
25550
8473
66422
23619
72468
205
8453
35206
45462
17910
40492
8648
14367
42784
17628
2156
14008
19233
3587
13541
23839
10523
30629
19421
34692
73123
2657
7489
2995
31098
53036
1733
58755
32
35766
18840
8419
30361
23172
2184
473
31970
5631
4278
7599
3496
2660
4914
12766
43562
17015
72999
26280
6449
8709
11021
2136
32219
1927
23257
4006
17794
67869
3077
80056
4784
35826
11486
7322
39451
3320
16468
4148
15640
9075
7830
3117
1136
29405
39951
26220
736
29025
15139
83086
72786
7463
68817
19555
90775
2152
71555
1
513
3661
8010
4201
4092
40796
1070
4992
15095
19674
31691
34225
18641
7220
75269
2
54364
11329
42224
35726
17954
54022
31078
18801
36296
1828
1971
29400
36645
20542
55859
4212
34507
48812
20492
53786
1965
81611
72753
37915
55175
7329
57864
44840
8111
10570
20084
72239
50098
87816
22746
39805
19192
1140
5521
69517
5952
66315
41496
2136
29834
11437
7553
62710
62758
2436
11414
14674
12159
4493
9536
2
43373
38468
31529
22486
4203
57252
9791
31850
37443
18139
18105
13796
58312
46585
5924
1266
6549
7709
11798
2077
9293
18545
18514
36064
12824
35088
1448
26596
3781
27017
20664
25755
4816
12554
738
13635
42387
21230
42671
537
5619
31160
12522
32197
11469
1157
33923
19561
364
2878
10975
33659
76118
11684
16441
51525
23447
14836
17137
11670
43561
2399
15415
19680
24372
39786
16830
47297
569
3956
15671
26824
22560
7396
41859
41669
1692
15608
22258
11691
6914
9555
13298
42160
8479
17882
5
1284
15515
4605
45345
32569
333
4456
357
20706
31129
6125
27365
78808
14331
51211
38943
3969
5631
26754
37320
64352
31048
75839
77663
31050
51419
32109
43183
46967
21201
29286
16209
1745
2370
3509
13515
1457
52044
18746
28355
246
27101
22753
43402
3
37696
4639
6935
9507
562
16215
11665
4718
910
2638
21122
31365
8005
39894
31395
12209
13750
20537
2926
16095
68259
22638
7767
84572
1654
64563
15917
22637
18717
26997
28945
23873
39095
3028
18773
12665
21064
6119
33623
15923
76613
16303
1888
30460
44824
11
21453
74484
16344
26341
19049
31228
11903
6433
1119
10853
18
41686
10966
5646
20346
5828
2554
958
23589
6217
13433
22199
12147
58397
41508
23485
8587
14788
9253
31967
13898
8616
18573
34495
68227
3972
1695
22922
14173
26424
78915
2335
64016
4007
35247
20864
21084
7743
27924
68258
33192
9665
83677
19001
45614
43790
5317
6201
29294
50754
37279
35389
78640
38922
14127
13115
894
47515
69157
2
4576
69980
42972
28709
946
5278
321
19636
46358
40234
32368
14838
65973
1859
17055
30373
18515
2625
3469
23077
12639
46437
22565
75066
17312
230
5679
719
8225
1151
20518
48728
4657
1474
4687
7686
27072
1726
50920
32816
14258
28587
49852
21756
42049
28387
63397
78286
714
13693
37658
36743
29333
20338
21036
64326
9775
8705
26554
35534
8024
1428
3595
3998
68
18304
7425
43586
10313
22318
3811
38168
62566
54560
24746
33619
4634
17148
4183
5068
42599
22692
37612
12336
16942
3360
14883
11892
1151
11358
6062
48208
54832
5317
29495
24783
18385
16497
3339
6448
17870
37048
6008
15797
40751
28771
2385
4684
16982
6027
10083
18782
5818
13188
19455
41072
15986
1181
7
55532
25072
344
498
81371
2670
7439
984
9964
1393
4054
7417
23113
15666
24184
11413
3365
6278
799
8891
12768
448
12957
40341
2695
22673
9356
18289
17488
320
28092
36946
16655
2719
19879
8166
73702
32493
12599
1
8527
319
242
63910
17068
27462
8118
27466
24912
966
6413
32148
3145
2535
42968
24877
19742
1
22380
3085
38019
46779
9064
9493
2323
36
8334
26681
34215
919
88876
1154
25279
10193
56837
615
125
24116
8366
82689
10322
38221
36409
5592
16826
62317
1600
20838
65752
12246
84521
32639
8283
41774
3618
69725
14271
58007
51761
67313
17127
27254
2446
37463
45755
881
35147
27666
9417
48478
43468
2963
4912
1087
4063
49899
8448
55556
3680
38080
7238
518
20529
38246
58259
73706
1409
18269
8225
28937
84155
46777
4525
22338
21948
63525
40155
80520
5279
34790
13210
7001
1678
21168
39049
12818
17188
3257
3126
2703
47002
14842
63885
39321
10956
5532
46748
12531
11462
6022
52545
8594
27777
1571
7635
9869
3261
8793
9813
18857
53033
57894
27317
16874
14225
533
9493
27866
41560
28990
52132
25750
28227
8236
10380
425
35196
38116
39673
24231
2901
5618
32713
40517
12
15760
2614
463
16165
37636
18897
84517
23497
11892
21874
47645
7299
1087
3268
35886
12947
587
32153
6806
28699
69550
14691
3614
26122
6821
309
2868
1627
21051
57247
17580
60104
31705
6492
12488
10398
9694
17702
12471
49063
34494
45062
9568
2688
15646
41865
34566
21530
26624
4643
51924
54580
16117
64740
5837
29158
19022
36205
38864
20372
20745
733
52528
19766
79402
1054
1415
32444
19060
24089
18108
7783
29222
36848
53256
11676
3831
69021
2129
3593
10906
5137
40711
69434
9126
1747
43397
10776
14165
8072
26030
2345
9566
10436
9049
37188
5348
28484
44442
45369
6188
19111
32435
13827
2381
39093
1121
344
35364
4732
14907
42224
37286
36340
16428
79506
1182
16133
7797
562
42301
32372
71221
6601
83811
16669
1493
36583
15750
457
25754
10663
10426
13447
1397
24448
7173
42105
11050
8101
3084
9876
30930
15906
4770
15419
7272
30084
2481
59031
5369
13064
15008
19744
24321
19848
38193
31473
20351
5759
63849
28370
2790
508
43117
5544
11152
39024
2642
14346
12146
981
3261
4
52892
36289
38
54736
9585
41335
28937
37941
5205
42268
26060
417
25401
2218
59469
47300
43556
13306
31409
38846
29593
23755
39837
1026
2830
64404
48967
29632
1433
10524
6102
9636
12235
17758
1796
6183
59514
984
32869
48447
80801
43569
21662
42562
74561
11014
18202
12200
3133
5
7305
23273
1046
3784
21189
17805
5521
1136
45879
3745
12938
49598
5608
18189
45134
14166
87237
3061
37746
7885
6959
49614
625
29171
2903
9862
31771
5009
62647
77189
34743
3451
5750
27265
80628
3937
1737
36334
11624
33325
5181
1739
43350
8093
57392
40000
76591
15073
16037
5735
5691
5794
9847
26553
2632
69505
2402
28965
20839
18884
32731
46964
37911
9136
11493
7
5099
7926
22222
8009
70075
30458
16364
63340
1269
57225
175
19478
41133
14126
24375
67482
196
11292
55008
1755
47384
21210
801
8828
22902
1460
3916
11954
48332
5648
12067
2755
41210
4583
23408
8573
18578
64976
637
54723
5360
27999
23893
4163
5366
7511
4715
8090
14111
16666
9196
55604
16516
11665
8508
17757
18388
15243
15228
2686
40845
1857
1413
60325
24595
2115
67970
14472
54266
59342
21997
21527
31149
8526
70218
10904
5514
2725
1265
24838
58658
47985
23083
49464
20459
15452
15827
39512
17979
4601
32421
13611
6037
51065
59828
35411
6487
891
17894
11837
234
9363
20221
21727
44196
42243
17590
10757
51146
1692
4831
47016
2349
1058
59668
50489
36130
64946
663
20930
9470
19693
124
9571
8382
818
21881
53475
23418
28952
6986
693
24087
23004
38961
32765
28725
7239
17958
10479
16065
5257
1336
45923
12556
11024
9120
13434
62340
10350
14652
2888
4571
49834
17615
2083
1405
973
17919
1152
44751
977
35274
57725
62364
83542
28971
19000
12758
49673
8642
2405
24110
3626
12916
7086
67519
13666
1006
64938
28207
727
3956
446
939
47181
21435
12027
3273
13000
4226
15839
10284
6134
36911
5824
10172
1318
1
7330
19380
73603
6604
20379
2513
78840
3601
1915
50370
2694
3892
38633
47098
22217
21815
33729
64820
30939
44772
331
4282
1719
34424
4962
9033
5868
5246
15773
22803
3021
20432
29839
75831
33261
1357
33390
2253
130
20574
55613
41995
34386
25049
19732
6257
15398
6167
14337
8252
7400
1535
20681
2395
39525
66028
19649
1482
51274
5994
4096
16431
6086
31896
60033
4844
38072
30576
45720
41001
30503
13949
7491
26900
1692
3703
39676
77502
25935
17004
74209
13843
6869
38273
15054
35846
13174
65802
20214
17959
45336
47189
1098
3254
1633
3866
74328
40912
22200
35750
67218
56624
28163
417
33312
44925
568
7454
11028
17516
13129
33888
490
873
21268
59595
3825
6184
57558
12290
42026
7369
27521
58779
4062
71791
20632
53515
13281
4644
2388
58206
66006
34332
4943
12057
17556
17003
13951
30179
3
9852
147
11078
40774
27665
19657
19593
15582
3517
56959
23773
73741
27685
10301
2248
45721
4731
1106
17435
12956
32352
27894
22482
51198
6
17709
27097
27531
4552
24636
44597
1611
44899
46458
67360
47441
45497
9717
18027
7978
52532
33183
13261
38596
4449
25266
45323
2368
29123
13857
5980
1073
1070
22135
12531
38861
23129
16592
3557
4185
304
3056
31475
26
23586
78270
31938
17306
23868
2928
25095
18671
3511
12352
62244
63363
19357
5404
6965
26172
20102
24732
18124
16875
4976
18261
17887
38834
18939
9473
686
6649
18960
39206
76811
10873
4614
220
15156
13807
69341
50635
77623
20662
6656
26377
2656
33528
17508
2535
57896
23621
29045
54546
1570
8744
47532
35201
15813
24037
3429
29383
26106
18400
769
6919
2209
50119
30085
344
69991
70114
6114
12077
26158
5716
10915
4679
4831
48547
33209
35891
9450
8453
51089
35732
44816
23449
19441
13006
53863
31404
39379
43198
41640
17244
11063
25681
37677
49633
90273
60723
3534
4584
987
11463
5302
13835
27627
34956
60014
1287
60057
42256
12540
22333
5047
33315
43569
45552
1342
56371
7275
14568
5905
27156
33457
1877
23049
4948
30473
42748
13550
1117
10
8495
13572
6367
4451
4186
25631
34493
945
11534
11
4989
3761
57728
1492
46546
34815
15436
1303
37256
31506
7549
14571
14411
432
25702
37172
26426
7983
80989
2167
23067
26351
54363
2516
35773
43104
20533
13434
3598
20788
58704
13361
4651
11335
2364
6814
7098
5642
8527
40132
3576
49931
41235
30623
8252
34434
1075
35750
22945
21001
1
31633
53250
13551
5479
11043
28532
37213
26163
6991
53557
7803
50501
50101
32037
1094
548
15151
335
15447
25513
12974
31585
24999
4373
79780
8149
1435
1196
30496
12251
4197
13287
52780
2126
16661
50112
10565
75913
1469
768
6662
30894
54343
4106
61370
14487
2307
15055
3322
1950
43388
22693
11333
11420
23490
5269
22428
22270
21596
80707
14316
73280
6818
66581
9343
37642
7319
28460
37925
11956
66864
4245
63580
4125
18809
8497
25491
5558
15765
1612
12459
37429
28389
9072
410
28664
71893
3774
8619
12821
19410
58882
39851
22920
44616
9235
13987
5919
5303
51943
33877
24401
12626
38546
17114
7993
47379
16
16225
8498
61563
2668
35240
62331
21143
6616
54962
9920
324
4722
3775
6318
5284
32211
4740
516
20881
38421
9948
52218
64858
4500
20198
27323
33254
32836
8353
4638
53620
2933
38380
67048
3820
71662
11162
6032
38090
29708
10986
4112
16491
74104
24039
10950
38934
58299
19369
21039
19797
56787
6796
36226
62388
480
42850
3736
40509
24110
26402
24638
46740
24867
72373
32145
3136
24397
2466
49699
25805
19538
4649
39017
56946
763
62258
27352
15416
15312
26733
18868
6378
22495
2938
5077
70990
26467
50626
93138
8664
15771
5334
393
1379
69035
10430
39495
24430
27460
23260
33152
41130
2645
6947
21813
12872
2626
6242
2886
56321
808
1690
23632
22445
54040
2701
382
81780
42925
2046
30580
47632
579
873
32580
52420
208
29954
1145
5033
55930
42765
9807
20577
5459
7699
17660
43293
23655
80465
15076
2931
16815
34700
60372
1238
18251
59083
7806
38493
5624
27136
1125
37126
56318
42991
2793
35587
45592
2076
22142
23625
21641
2352
25895
48717
2339
7974
60078
17398
30760
12463
6071
20830
2317
31055
12655
5601
33164
14071
14030
9562
48087
9314
10935
1726
1515
9772
9276
19810
15719
71573
14544
24274
11325
2658
63059
38649
29676
64941
10647
12908
8473
10387
29379
1614
21045
43414
42722
823
22400
10319
4883
26972
29145
15655
6252
32927
16622
3793
518
5484
10108
70753
531
12674
16932
4483
75041
41257
58695
1217
8503
1878
1428
6537
1637
1631
39836
1871
5401
28202
2494
31520
29193
44287
41810
67143
36132
20794
62359
41440
31095
547
11480
4943
33114
77271
13306
13864
32433
48411
5769
24940
27827
25987
779
13699
4791
63589
2594
47397
15465
10907
3130
8429
10685
2093
22052
4667
5414
29874
6953
45346
19967
3610
35953
2207
4984
69711
9150
20136
22363
52366
27988
53025
3200
41227
3
4899
14037
48629
36280
14922
61
59757
3180
7165
8482
1193
12720
1
8818
9715
11467
30312
2915
1795
20290
564
21608
2885
1120
2910
15907
2219
9543
43664
3
10480
2808
7525
21498
56824
7033
28970
30303
2993
38862
18000
16467
10606
23645
19238
220
7107
78877
6800
51563
5341
6139
32805
28503
4240
25966
34013
29017
13785
7053
64452
1860
8742
683
3582
28899
11010
5781
17483
15402
9139
8062
15754
75481
15521
21063
49293
3507
11963
557
3615
5038
10278
10940
25124
7371
954
33138
8880
57669
20110
36896
6922
944
36760
28730
27734
5467
1600
35839
36982
14896
10918
5753
54631
2774
22975
8820
8435
42359
83499
34442
1704
1893
35632
38252
563
1240
48512
21169
23258
18676
43965
5787
4139
885
2127
11363
12741
873
71751
28485
47349
48274
19948
5249
40618
3300
5875
38852
5472
10485
28240
29203
80036
13
5277
34781
7514
3596
71314
39863
21142
11343
31200
11853
15353
86555
4717
17404
748
5045
57649
41001
34756
30554
43953
2038
39238
30396
6601
336
75497
2364
36048
7221
29031
27203
3753
22662
45473
7566
31994
12119
26204
69
12297
33117
7895
15752
8684
51417
46459
39070
35286
5158
21271
2104
31781
39211
30729
29995
28167
17072
370
55474
48837
47000
14879
17609
34969
72185
12137
2445
2658
5370
14010
20087
12740
37487
61566
5650
4431
179
17545
12080
36864
31248
8936
8903
40130
17336
9031
2977
1088
308
4296
48519
64224
17704
6074
79855
4
48086
8921
22123
67360
51394
29967
36726
27590
819
64552
26321
29659
40917
56539
18359
38357
53679
309
16258
11271
8893
34610
74818
1073
4920
26187
1711
55584
1
5401
1821
241
48726
57869
55169
16065
26520
380
25075
4991
8892
9287
64849
58580
59348
1064
3835
40200
29031
4355
10150
6468
19347
36446
4744
1255
504
20665
3448
4945
25639
18865
2051
11219
16163
55845
25398
11316
42696
14064
10186
11846
3004
10528
4619
68337
29385
5476
11851
20728
47427
28247
1061
577
7104
7757
18885
38698
62254
1157
819
8650
20936
26703
1550
26824
41476
13134
2405
6587
25003
7095
18017
36720
425
10345
58432
816
45715
21024
33311
13615
22857
7836
416
81092
32208
8608
455
35142
1313
22214
31193
15407
23593
11254
12379
26635
23637
11377
50064
23933
3822
1415
29
7610
5118
5770
4220
3907
64511
820
15954
26959
2398
75076
11150
76694
17932
2349
12669
613
581
16566
2889
34193
55513
2327
7330
18913
48899
2995
11318
6742
74604
22206
43232
67632
651
32902
4306
2059
16814
578
11752
19014
8488
54847
6855
20618
19670
3038
68123
22146
19079
746
2637
36185
38500
20061
1052
7077
33758
42246
30110
32576
4568
60376
22
45170
63151
2437
25420
17051
13668
5630
3407
14523
10179
19934
23729
2006
1074
70822
49315
6345
32099
28079
452
16347
7776
16205
19622
25667
24744
31948
7287
5900
33211
4277
16925
7140
13856
23886
34825
51080
8499
45220
3382
25905
3496
2544
36641
27437
4065
6883
9129
39943
391
827
31
4111
22783
6811
41613
39088
8913
30184
9702
1840
27534
15236
8598
24548
13146
6372
11425
30050
827
66583
15751
11807
61692
68924
36412
33997
18068
11459
3490
4790
8889
22333
849
73830
44027
41483
7001
5055
5211
71588
17413
19338
5527
50618
11812
3397
67595
10380
6478
20816
19874
28784
14343
29344
9632
67036
15367
32957
564
4214
2086
252
2914
47466
11595
48954
28617
8644
42721
1177
23864
1724
802
22965
25489
30349
13451
21383
38108
17092
52670
23474
4547
25498
4680
11980
34556
61141
32519
6920
42863
8696
22188
41865
33223
55383
8228
4089
16
43532
2220
23155
11389
10339
32890
55124
53009
47000
14665
6545
1848
16970
7109
6829
7427
18851
8044
36742
6592
1427
39862
16553
8909
8627
10702
496
35499
2359
2
18258
50511
2437
28651
15063
41312
23159
5641
11877
59884
14596
29471
74310
41895
70471
10154
7154
43793
13032
17828
6910
11278
9867
26251
40988
17248
433
7291
7
705
25218
63217
6220
82522
27011
10400
22186
14120
29717
9452
31805
10293
3375
501
19228
65329
86367
29642
82811
34977
2
4824
3880
3913
3927
34575
22607
19994
4939
8980
78852
80711
252
52937
19883
10107
77624
1799
44313
18861
33029
7322
51484
7994
6049
32917
6969
64396
4283
14727
63290
21235
30822
7176
1656
17956
40275
1753
24601
3955
6171
13648
74
32716
16968
10818
1654
52243
28862
14102
3022
42096
2621
46733
39897
3814
18689
57957
8934
1527
34790
2013
35110
9664
19940
31613
24734
59379
39324
1460
75931
17768
41517
5566
4
35243
20164
23979
32813
18386
14809
12857
12182
24449
14890
1690
27436
5492
40398
20830
29738
40788
10180
39871
14019
71735
35464
22491
3695
1395
35808
13641
10640
686
7375
47244
11302
55147
1287
58847
17733
55345
1057
5955
32681
85134
60247
27289
61810
53918
6646
33139
40043
25706
30041
600
40855
67702
6216
30671
55133
13535
13219
1397
901
19383
1103
14587
1202
10372
40233
19845
32574
1509
6805
26823
39691
10794
2
4900
3061
3745
2046
14703
22314
5321
39250
15454
32902
14706
11894
31986
51766
9508
30771
38729
48129
19767
2946
39272
60270
22948
43967
5276
49836
51967
21218
14333
35551
1072
3597
19838
745
10210
5212
64253
16992
31786
32820
679
19384
45436
160
34218
37409
29337
27155
715
11171
1188
2597
722
23406
4069
82789
3343
46113
2496
20567
8170
38991
20328
24271
10847
7049
28479
19275
19920
54228
61026
14065
4707
62776
11517
30064
14555
36868
62081
1043
6305
43234
19681
43424
27829
16564
49279
21258
23208
1594
367
1377
24269
2155
8643
60913
60313
9820
6115
8420
18953
5845
29467
1923
15187
5401
24049
22967
8941
6860
1696
19065
38915
16445
33069
61013
50003
52237
8427
45063
49134
22826
7120
11899
10686
36544
3599
584
44870
2320
52386
13758
1490
10090
11613
30713
20663
9430
1434
8073
9880
40735
22311
1705
76555
9854
78475
17475
22035
79545
3481
17968
10580
74864
4945
61997
14417
21259
65302
32632
72982
69790
10986
36702
1883
26483
9232
73536
35538
22419
3978
14966
8961
6517
4282
10467
735
8103
45059
4253
12593
45231
20997
21725
62818
57451
28687
13804
1724
19796
30166
17103
55056
66885
8566
66898
49265
17671
44937
19272
20158
25396
58795
59180
62988
4924
4397
3505
29697
56218
35552
4220
51
27090
970
33117
24372
7675
40578
2735
54392
1433
12675
76913
963
1275
14783
27489
8917
22167
42856
14403
45818
21536
18
10346
45715
26138
2541
59947
11183
16772
32135
9618
17657
71653
38575
45126
230
65771
30468
12525
3590
23360
14870
82054
23007
24979
18116
79312
25021
1529
8520
16593
12
14973
17499
496
3733
39528
30476
15963
81278
13969
16784
2891
54409
66600
24517
11735
28547
26870
8968
11627
9135
8234
9725
13
2575
23406
8727
8939
35893
43068
878
11903
45867
18666
2438
9137
7999
6768
2861
5117
49903
15236
13577
646
33098
7570
23982
10476
69047
55228
23082
31784
25224
32877
4467
40630
1401
18683
7641
2048
36134
38618
22646
8856
31451
22763
6490
34539
7396
3859
17506
9585
23320
18759
4675
6867
5587
6904
14275
42162
1123
575
2669
19358
1003
13164
56094
5589
68473
22011
19496
19145
42934
398
41460
10747
2449
32172
42663
23455
46751
14501
36150
5071
3473
25066
73552
21015
15785
44755
24038
16842
6717
10590
10109
3677
14462
12899
38617
6300
26501
534
12900
15485
2011
17420
12769
31741
84418
2
27794
19401
10810
51380
19294
21253
24832
27505
28739
3927
40956
36902
1678
21419
3246
1590
1805
1295
16372
8870
66756
72830
1783
25905
44207
16460
1596
57845
27631
19117
42256
59735
2437
82479
2942
1053
1999
2666
5581
12239
63894
24589
3202
61359
14367
4594
42053
1175
26073
3275
63429
2686
32042
40703
12775
29851
30228
66774
9535
9409
25385
70503
1
19088
9217
6542
38522
10445
65212
24293
60967
47735
75654
24744
7835
9716
13933
28863
10385
42627
8059
37851
1767
52520
3566
65507
2695
13569
68286
4616
25051
49009
6735
5488
28193
26879
9408
39978
35735
2547
10002
6602
36956
36776
9862
88495
12787
40555
28734
30301
4136
2136
32413
416
39193
1617
3046
13264
14252
7948
142
38799
9041
18219
13116
82631
20394
3739
33456
57661
19753
8192
39381
43936
30032
27524
32983
64364
2977
4260
10677
3618
48013
6078
16763
12480
13254
42529
39282
41775
42455
8854
44469
42069
18279
24523
7924
11
8247
4203
28438
5058
10185
13
25918
35082
8857
5665
25762
3506
12346
15633
3868
62041
18495
9208
23257
21255
744
15596
10329
1265
3023
36126
3526
59348
89845
46532
15580
47466
18785
84674
31268
18914
21823
39687
19611
6782
13458
427
5775
72915
45706
57282
30640
43442
63012
10463
17633
18498
12901
30611
68409
20424
14261
60899
5745
1627
737
4598
1035
56433
80145
17221
57082
18968
53698
6149
32054
12671
26156
1440
9987
49705
627
33279
34716
54863
12157
35852
30231
10301
68748
22740
37299
82124
30262
330
4058
67646
13806
29326
2294
7626
72857
29497
44039
21543
541
20415
4047
42406
51036
10870
37445
1959
19077
42455
699
18286
13538
22682
21161
59124
3784
19518
21740
14640
2782
25677
24208
13258
45544
2021
72310
9125
64834
50635
43283
11294
12626
7384
34890
6402
3176
7187
27263
16474
11919
71227
15
40915
49873
53984
12118
90344
27277
1118
839
23247
11301
25504
26917
66151
601
41070
36663
63016
3248
14692
58674
56690
56648
24381
68189
50418
48629
1
15717
31274
21027
7723
42131
31316
3320
679
1126
38258
22858
56216
22509
5548
17892
2828
2160
14765
33178
23814
12564
40522
5
29986
53430
11862
14246
39054
24387
30451
35879
10078
4547
18946
40997
12619
1375
44226
61378
12014
28861
1028
33109
28692
886
39012
8265
4986
32879
22923
13305
41442
11331
66441
26930
57953
854
32199
21429
4084
15260
91545
3497
32250
37860
8477
3317
6105
3965
259
67052
849
2048
32409
5047
50097
4303
707
12355
50321
35853
57897
1380
5
48994
60277
34490
307
29726
10112
51862
21028
2179
23563
58794
33080
19626
9469
31467
1122
5079
10635
10776
1775
61472
49242
1552
30656
11424
1169
10803
74151
36961
19592
40299
8079
46302
1186
968
3672
69167
25316
3664
4
13743
55237
6058
23851
30280
19830
10781
2588
18594
667
24877
4452
57306
13415
34913
71054
5491
7811
45826
871
50296
65404
1923
10256
24167
30044
1642
46226
30024
31300
3069
52250
2464
8075
3771
27808
4365
4831
10074
56200
3452
35140
38939
9901
69320
39063
953
45742
19667
40353
18782
52756
43484
1772
17511
5971
7706
10160
38361
18925
5769
10193
29987
1487
25458
53
7342
18394
33505
1751
71375
17006
16743
46050
74446
4002
19880
2554
10655
12235
15748
2950
4333
6271
18382
27479
19753
34199
1267
14819
43927
2527
40225
7848
36939
50489
9664
1670
12337
26965
57568
358
37661
13998
9208
51
5477
839
57251
1344
80233
720
3824
26763
10863
28854
3670
68943
13981
29879
4509
23694
1988
40573
17903
64772
16374
745
9118
7497
60153
8360
14789
43925
466
3409
33755
15735
45648
3245
2559
23014
52158
1525
18426
72169
8267
25407
457
4411
26865
395
2225
3076
5397
3285
28129
8536
12530
16954
1122
331
17298
4096
42473
54754
45930
5859
2261
3505
17638
24779
6285
13978
10833
19995
27462
33768
17859
6928
58605
692
17607
20234
61321
4666
10875
23039
1543
92208
31
15876
49739
18476
33858
21019
1850
3386
52051
12
1771
49705
8706
43313
3137
37052
15593
47108
45338
16018
10004
8708
31728
7131
20857
22029
5323
58282
24610
34007
68438
46891
544
3542
8420
13495
14428
24001
46830
849
4894
14152
8637
45598
610
18
23372
3510
8824
4052
3270
4
11810
32205
1183
13083
45957
6441
38331
9742
1
15203
35522
12705
4056
88414
25894
1988
27495
4647
14667
86928
30146
791
39548
31920
3710
26247
1516
23054
18155
47173
80663
32464
21888
1657
20368
20947
5334
8809
4685
23078
56164
71652
3562
16814
39297
13765
5445
39637
23431
55980
43116
4779
48896
11977
5570
2183
17686
56311
2029
3880
1025
1650
13247
47041
61553
6322
5319
1075
83571
51061
32964
18736
10418
10359
11522
24882
2918
14107
269
32824
8871
27437
32867
47570
308
11689
74
2054
23651
69154
3723
19537
69225
30527
79643
31578
29722
32091
603
42187
6255
22586
1025
21597
7475
20078
1743
23969
68679
67382
40525
58738
1092
27926
13091
5136
28218
552
9590
31669
42194
8450
873
1625
3153
17683
61948
36697
665
16684
56299
8229
27999
5784
6082
37587
35427
2812
3399
57581
36187
28023
8762
78746
47172
5479
34648
14208
8106
4255
27836
543
30542
8600
13425
9357
319
37390
22202
43303
19185
14209
6468
4773
38306
47824
606
15714
9936
21526
5726
7879
57275
22643
14379
36153
48448
21527
14411
2551
58350
12275
4793
16281
35380
18682
10087
3075
25634
33860
2491
6457
1219
27604
18146
2426
64540
19943
24252
40241
42938
280
9694
30655
3486
39053
14239
12271
16733
8650
10707
20508
9796
15910
32091
24032
1563
60878
45344
78624
8418
52082
24866
65441
16243
1757
4088
2845
72577
19114
22174
24109
15848
637
5685
70045
18720
12138
3051
39878
2214
52398
4806
2975
25247
41619
13193
2208
35090
13075
24707
16554
2710
51915
49229
17107
26458
14894
6590
6
12178
39319
3393
23916
31177
9486
26827
24014
34078
26032
48784
10340
19029
3329
8863
40157
50107
1536
35054
531
2152
21892
525
85508
21808
36943
1826
62430
42986
1378
30845
13054
27321
12853
48249
18134
16933
12172
1753
21358
6588
19686
384
6399
29633
15447
31645
29773
33780
59090
2054
12412
8998
840
7542
17082
3833
44564
18108
504
11445
40466
5979
23429
22926
65665
25435
35079
5503
7675
61283
4499
9284
21147
3198
2422
75461
3582
50023
33127
27500
2734
32483
24420
1587
387
24581
83824
60284
62512
11146
38582
33968
75833
18484
1438
26915
3230
19239
2100
11878
58804
28049
7134
4938
16503
31654
3700
12822
12308
12415
23457
16950
24699
35367
2073
31432
37353
3510
19085
17329
8356
34009
89061
53938
20516
1192
17722
27131
31554
4077
36656
3451
35756
1236
563
24577
5446
18898
34309
2710
3975
9318
30547
18987
2661
45189
5319
384
47954
54822
8708
35172
25220
18493
4309
4618
64354
13736
19840
10085
19213
3443
30363
32594
23061
6175
238
36688
2360
22478
52899
19241
52796
16512
9585
859
31907
3682
16027
4351
7402
24134
5303
14487
21420
27097
58233
52241
9077
1554
54793
29759
2890
18516
1006
13449
63
10322
23820
527
43708
44646
30398
33472
2974
33268
65940
1419
3088
6487
2839
16490
23035
6859
290
9611
21301
41334
11437
30513
966
9101
1137
1236
20786
74537
6578
41681
17281
20996
12019
4441
6680
4534
34187
4079
38059
61485
19236
19799
4260
18309
14407
6298
71311
37446
15967
12715
67869
47434
56720
10446
36126
29707
28512
25147
29586
43402
12891
44554
22504
44778
11695
20
2077
82753
6583
69313
26658
31213
36944
1779
62410
15784
24393
24763
2464
1212
24333
27394
2922
18464
54468
2857
68332
14312
1908
9309
28532
15474
46474
26299
3397
70408
37835
2750
1551
21843
2362
67059
23326
33814
26469
18557
8012
40029
30565
3949
6533
1607
39764
13274
12048
4492
44393
65782
47792
2865
21576
14170
32015
62540
22932
43354
453
12784
13674
15772
470
1478
1857
3812
11301
4903
2970
2546
17130
28617
11353
11713
25702
29700
7604
16335
5583
29428
34476
3157
13577
29932
36370
13579
15938
11283
33297
24810
6708
12260
47569
11986
17049
22178
62023
28329
13058
9609
42119
5
1524
31402
46309
58930
31904
21771
25356
34541
22935
9890
34830
24593
34992
13234
38596
80252
16667
69705
433
35735
43905
2800
3200
12063
14032
68244
37650
36075
8280
66675
40077
15734
9250
76657
58843
24465
7069
81293
55624
5110
55886
37431
62150
17298
236
15429
40745
41218
10196
1763
40195
44539
62984
2503
16410
17005
24450
17890
842
51143
80424
7702
14889
24697
6885
47719
19921
53835
23388
69840
57424
470
4519
9477
8009
3191
2135
16077
26392
18751
5981
35958
11544
59
30101
5161
58923
35127
9835
13741
11344
62345
8240
11279
4071
20065
6670
37789
63298
5320
16
50717
31890
4108
2635
11897
8916
20734
35175
10723
49726
10865
68731
6402
12446
1657
27282
24629
70096
23845
4542
19050
34783
3207
1303
8440
9534
38993
7065
53765
3952
5433
49415
31297
15137
2456
34056
16519
52561
18021
37703
37118
33846
13877
81675
28112
3483
34898
23151
2458
3066
22985
11692
64708
5033
47707
14590
6226
16827
11469
11937
55335
14734
16279
2567
12202
13299
53971
18417
63235
25408
2390
46843
231
4821
2906
32489
17592
6480
8096
8005
48759
12732
2892
51417
18113
27274
12374
31296
54607
32971
32978
7648
3196
23235
6887
27763
32345
2235
12040
10627
15205
48994
53328
13534
45731
15613
16553
12375
38443
21905
12058
14918
2346
34132
10284
1886
49314
21341
17722
11248
2035
13476
9566
65610
43266
6921
42620
10
25086
67083
14823
33242
30061
43512
1
61386
22416
26108
1043
27878
65193
15666
11854
20204
27354
1766
6839
4649
1965
7765
40279
19
6064
37093
1
864
25318
7618
7976
18143
38864
8264
67507
9871
50
36725
14947
17545
12815
51066
46283
47710
1094
48665
40553
58276
4700
39403
7517
14681
51514
4895
4686
977
6456
12278
10465
2096
277
2876
19432
16207
9
1844
18228
35571
225
20994
19720
803
40189
3633
30089
51468
52993
3157
3994
12681
4151
33059
8532
77197
54733
2844
7953
51050
24175
6214
4465
4022
1
16391
43041
41574
731
23850
20345
10363
4387
12957
27396
39361
42658
25625
17327
30938
14757
35112
8818
24884
18799
3084
33160
17819
12453
35227
18536
14129
59896
1930
888
8738
10678
3821
15380
23573
7738
59571
16225
84670
25691
22784
16776
15918
24387
9687
5257
10
55722
8398
27483
33125
35822
46582
30360
14794
30671
441
19339
1388
30835
40759
4580
21703
5944
1122
57802
4
1998
34951
8300
2951
58991
5568
4101
19
44505
28302
1803
8013
71261
3668
15322
33955
7997
4132
33330
67976
70833
5116
24506
13625
41041
17708
13450
10284
4191
83127
361
14951
32146
39563
6255
6758
5648
24252
911
6679
3599
54714
17573
27637
5445
340
29381
4774
7557
12953
14706
18477
2411
8688
17187
30623
777
14652
13252
919
12114
15921
53125
39800
6297
18357
52019
12430
2007
1
12119
12507
52412
18161
3944
52663
17177
12239
20318
35506
35552
70227
1346
32424
7310
25802
81655
25507
8222
1745
4111
5460
42334
1909
12292
25060
27152
1479
23888
2888
8515
21870
6699
7153
1
29526
50485
25853
80713
40
37569
60612
12364
57449
11425
42427
4678
39222
1291
19403
736
765
1523
18767
49567
57272
66873
14
54738
11132
7962
9017
38974
21307
80563
43191
26807
1380
4906
20927
57439
16933
574
13888
5196
33929
14476
6488
76824
74199
21871
7166
41644
32970
7584
44368
10298
14402
24753
72070
48172
39113
2905
10239
7108
25275
5416
29044
6355
19578
3127
3824
4231
10406
61494
42438
37709
10489
13
32578
68761
33476
55858
2518
60
257
76698
25162
25920
296
10596
7752
74250
8821
6088
23106
3876
49056
32964
14187
25219
4776
13758
2772
1212
33102
72642
1077
43233
20421
15289
20022
17799
13884
49
7856
951
27746
62115
18770
8594
57232
43593
41842
29025
17019
14677
4193
18903
60685
86184
65597
69669
18073
4984
4475
40096
52668
34341
27015
27037
3055
566
66794
30606
25990
9412
7425
305
484
90563
20818
1408
64726
90372
27716
16005
29939
3605
10718
3156
22876
746
10299
42486
8677
20400
29459
11409
35994
4392
1799
36791
35536
26356
49141
31191
34924
2648
22617
53823
20115
20493
9075
35707
48425
64246
48203
7733
38975
31252
4047
3532
7
37537
6277
2306
12606
74614
39152
44334
57
7535
48252
3660
30865
46069
675
3038
1
19582
23186
47374
21876
852
58107
22060
27952
18825
28831
3053
49956
70438
36004
5818
8374
66652
38361
36694
655
22036
2487
974
10045
17444
16198
20972
54894
23860
27535
21104
60762
61322
499
8171
73600
21177
1230
66363
776
16100
23730
12013
110
10729
3575
6754
16193
43243
37061
29264
13982
45182
20146
25174
30629
5348
46840
15549
49661
40032
59279
292
72935
42057
33732
12945
35934
1102
47934
56333
12737
12804
81274
61001
4387
64541
18549
22318
8251
43102
16945
36431
6897
49261
2896
2638
58547
9860
30864
28322
4118
11569
48479
70701
830
40393
34648
2571
7427
30333
2811
48793
40364
52181
14508
23917
23388
2190
29566
28452
14980
3487
1164
48029
58245
36965
48695
3048
23
35593
20681
30441
8780
5853
24608
13282
8941
70849
5532
43460
28069
53038
4810
54985
5924
51195
24248
9153
28170
4470
20725
23059
52954
1849
21595
5239
12147
46145
30614
9230
12419
1291
53417
45098
78636
25272
3194
26008
48844
36007
36791
28383
16847
5985
14291
41514
70795
8949
26304
48589
16572
27669
5007
60975
24799
13269
2793
51803
27551
35088
45805
34704
6023
6872
7242
26804
12590
7648
75274
6228
23414
8742
12214
8735
2308
31251
5443
10601
3723
18048
68809
27177
13613
27373
26024
45980
25038
31597
25022
12871
61989
10982
14344
19505
54632
40910
31734
33735
14282
2315
33560
42401
28142
6836
78754
39772
370
4651
8496
1832
2834
28919
78617
7476
36332
4633
20308
13166
27377
19206
5447
53131
29642
201
3176
1712
26995
443
5228
40652
5654
12720
19587
14676
1003
7207
60513
41414
14288
8020
74449
818
13341
21474
27545
7167
22587
28528
5824
19056
16892
560
10820
33424
65594
13811
10023
50036
2372
4695
7068
50531
1
22935
53092
18669
18157
953
46294
20837
6391
3549
5988
39975
29317
27322
12288
1237
3
1784
3320
5617
7167
54110
3129
2268
12588
1689
507
11387
24055
11346
12275
45034
52965
2484
3459
2822
21395
44766
21181
14326
8325
91161
24006
6666
23058
59551
39109
4493
70565
29478
14795
8920
9032
330
30391
23442
78576
9637
13093
14445
22505
31285
18290
2327
48239
24616
3347
2787
1284
1070
64887
30678
20028
22698
5845
23251
2295
8821
26257
7129
31627
36062
6586
25035
36018
19
24862
36801
798
26425
6002
11675
2411
5496
41686
22596
24049
44216
15782
8519
40743
13413
7861
24895
50467
49885
5964
57149
9182
10258
10383
1875
57912
18430
10446
22733
54001
19382
19801
47457
11866
58421
3475
78484
11779
19559
19155
52197
42383
21007
31964
84217
8445
22985
54199
21427
14213
80365
47055
4718
3904
43923
13538
3127
47843
3317
3488
25274
7378
33499
7819
16124
13211
6836
23084
2933
14311
27724
24380
17908
10397
55929
4766
32809
24661
40889
11485
16864
10940
12784
87516
9007
11924
33049
65349
17193
14264
15656
8456
61318
66422
39878
40835
5749
29518
5862
11
6823
85804
24315
11287
4248
17243
7809
3829
15065
1961
17047
50624
57853
12306
23894
1031
62771
32224
37015
21537
57685
19142
1802
9507
29284
72341
767
5148
10154
40043
53327
276
4472
12228
23264
14526
34420
87674
666
6653
3018
2594
11951
9502
2951
8047
18367
28622
1954
64653
8101
5193
24051
3201
13537
1556
29317
1910
31581
31899
33298
29431
24825
2048
31887
71068
14124
3087
28370
12444
21995
19382
11137
78874
32181
42673
12873
40373
6502
11303
59262
64755
23294
10515
18046
11668
28964
9019
24846
3157
87878
13201
4680
1375
17214
53779
2486
733
39336
46683
4799
24059
10141
18604
75992
39152
14558
4375
17880
18836
27836
6838
4685
601
19110
15577
15470
50013
9821
57079
2992
1056
16047
28776
22300
4298
42333
11235
61028
29585
19258
80503
54321
13232
13478
78598
54295
6380
16007
19181
7267
13959
1655
74246
53778
26857
10732
18228
36
5616
746
931
11926
5507
21738
4695
40949
27985
30363
25124
4392
6611
1611
5057
47051
26159
38067
51325
2381
8536
29288
22891
9069
53048
33396
7209
29049
8288
18741
15105
33935
46040
1
50554
16809
8585
28592
56016
57625
39257
24960
20251
57162
2180
4431
18342
11918
8079
4295
2763
24563
9565
60047
28134
9974
1711
47625
2102
10161
10583
22534
50867
449
31286
14771
6343
44174
1579
10218
11719
10749
30472
8013
13493
73823
48809
16992
31362
15009
50226
15433
2409
34231
46656
12551
45814
17535
5226
12583
26405
74890
18405
31890
30724
7171
26171
13106
46392
459
7364
1831
11790
12830
40055
39950
5319
76300
20777
53480
32659
8688
577
2280
8161
47852
1818
5062
9718
24609
48125
21624
41074
2380
70016
5742
11790
17283
13278
38996
14519
22250
8748
1153
26645
2658
6100
83385
36643
14231
33431
13978
1357
32755
19427
30738
59251
15675
39768
36233
30259
3197
15908
39136
2039
2
27846
3
15526
13980
44122
29323
14155
11117
24551
40104
974
21255
38573
41890
831
28150
382
3850
4682
1106
11794
35772
22624
3595
28327
8
33801
5985
8243
18419
2462
27352
1478
1412
7280
15279
21646
18204
1367
2203
13524
9270
17262
9684
52281
26149
69899
12157
30760
3573
20535
7316
15564
14450
30965
24448
18149
19624
426
37372
88633
26211
16627
42311
35468
19491
9311
33669
19303
5395
2807
7135
19894
32662
9345
29052
14504
26363
3081
32242
50661
44492
6467
376
1110
33855
39765
11862
40756
10881
17218
15915
59042
50249
8451
49498
7
14123
9101
7862
21264
24863
15455
846
31406
16236
1517
5461
85272
49144
64040
7238
1781
11256
3242
16663
41455
32447
2351
11884
21338
1646
3304
15966
28413
15457
66813
2135
34603
11243
29598
11172
2360
63412
2817
12872
273
41317
16869
6296
16842
46540
28895
1114
46479
88230
26311
579
2489
3333
8202
10084
5529
1782
10487
17548
5191
1280
10211
4108
57627
11865
57958
39791
58449
10775
47592
1942
22620
80393
1386
4772
33350
261
20151
2976
13680
45804
11987
5668
20049
28992
2692
50417
2061
23873
73046
57958
18223
29925
7162
950
63570
5168
14423
3186
3391
21562
19612
3828
38732
10933
18536
40244
7704
15351
38373
39141
6866
39931
17397
64636
22380
25301
26592
29482
40602
44783
52385
25930
47268
7037
562
6292
23947
19594
34582
17842
14436
26402
36990
2821
22081
23507
90675
51022
9909
33357
54408
42668
6459
463
46831
1
562
66122
464
46403
76305
18927
31805
2974
3918
42894
22382
25781
11012
16835
3231
7849
2840
11944
10987
62167
39332
680
5160
78268
25068
2421
1051
22957
22423
41437
28356
36808
26862
2099
21409
883
26211
14557
29040
47334
54758
35150
72515
3549
4324
13980
18304
8494
34500
16798
33904
25016
56602
39912
12910
4663
7518
6858
33655
7911
38730
17478
47952
3275
59164
43129
25286
41457
23017
8510
384
67994
47135
3901
23815
18984
69663
14235
67388
42269
56621
2579
9125
58504
55498
52055
5513
8812
13694
33460
70173
9608
28625
36879
5643
14535
37862
624
19848
34243
2525
4054
205
3636
2272
27245
7762
7303
73380
37664
82088
62363
4638
24159
20
72440
66823
13091
2039
14953
40151
69133
26260
18858
36610
52201
12122
60181
1
21848
40161
37207
7326
61306
3221
28532
25051
67114
10581
3386
40783
40524
41158
13101
10828
30372
59180
44360
17328
12034
2496
5935
76917
10439
19460
9049
5279
54045
4153
30400
68320
11705
12948
4
43384
6744
70311
3408
12818
40706
4220
56959
17867
37304
9720
36156
4427
40638
51212
61183
9136
17015
13588
35488
1344
4372
15459
19036
3899
25136
1559
40294
50111
9343
34879
22766
7672
5589
350
22754
17807
30352
40820
30270
1537
40986
1867
32553
383
50398
12157
449
23859
13635
4277
86502
1337
50598
25094
8182
26915
1351
62366
9848
3134
2371
46017
51901
63284
15381
48352
2469
18951
47568
19749
27964
11523
25432
10639
2038
9928
48415
5322
23788
11963
22275
56949
67643
35036
24621
7443
6359
14763
6714
27203
21654
5984
31188
6916
14225
4399
52238
17091
74641
346
66769
24434
6032
11608
18069
33236
44348
39922
1905
47406
35339
52468
66885
11787
17174
17849
15999
59126
7062
2099
48165
2873
4458
46927
34957
32163
572
8095
418
52720
10653
12007
52521
9311
16624
11387
36126
49192
25006
13951
58875
90007
38633
65410
15201
22241
7061
5002
46105
15507
24058
993
9107
5968
2040
83999
55712
22731
14443
1941
32846
3177
70023
4072
630
39361
7805
40674
22529
10221
68223
7305
17282
29436
4467
19451
32674
8433
62397
68143
6452
54181
6498
42460
76970
17048
26247
54704
27752
23189
74412
50274
57083
40
3
925
5026
34161
36354
10692
20770
6284
37488
21401
10707
20150
3991
90787
51842
3324
75121
19841
3361
1661
349
28654
46885
39490
8715
66998
55758
11736
74417
70089
27767
10191
60365
56169
7342
3794
34798
42882
8219
75354
30908
42681
3613
10266
7099
9410
2655
68682
7897
23330
31867
2008
62984
39032
6253
15368
73860
7387
48846
24309
46240
12016
26302
14776
10205
29629
62414
30675
12049
16835
18353
27529
10021
3746
1495
9559
36689
33236
29565
14067
1059
26082
23940
6949
24434
44128
6317
6177
85044
3579
12185
27375
47783
10016
41670
6312
35719
9256
3633
3743
25065
24662
952
25743
25149
16021
28429
20759
49653
5277
12001
7607
55122
21364
34679
53773
43730
27126
6590
5151
66996
3709
6599
25727
56695
16216
63783
19650
7364
29481
592
21253
515
14306
9876
7764
22474
14913
41049
23319
19153
14765
50361
53668
3296
17928
9862
1781
87216
7901
10441
6254
5870
34408
38434
3617
14022
24261
2344
4379
7427
34019
36392
1477
29299
51737
29346
4263
22365
79105
25454
17736
1497
51859
60831
13033
6879
1117
55426
27398
13916
27853
3867
23485
3093
22105
67577
686
22988
1716
77252
31473
49
21722
1126
41154
742
4063
3213
2626
7854
4543
73268
62904
26325
26315
71280
5990
40153
51882
5015
5532
2534
44457
9898
56074
51192
15008
18270
24199
360
4086
939
77606
8388
15805
52021
48192
50224
5901
6334
10076
40848
38708
17621
12263
712
58926
27608
44768
81123
605
16
88373
24336
60834
10108
29418
45966
17638
56741
1673
26732
21903
27844
4568
31827
52600
6599
6920
14644
2359
4348
20141
32142
63109
9500
11938
26628
9386
42888
27290
58887
12825
34561
7152
55635
8207
2012
57308
1
34839
14880
5161
19844
13431
39025
23384
9036
24599
6624
32312
2322
4859
14280
55245
23398
62934
4081
11515
6247
5944
20823
20055
5056
1699
3637
14164
21238
21129
8745
9990
46972
13453
1595
18672
4630
35164
21
22195
4312
8695
2
1069
46487
872
759
31469
8388
24434
10482
71
23481
60092
39091
4047
20428
24974
23414
12759
5826
17288
4344
44828
8302
9457
41306
7355
5951
13031
57963
4017
827
40160
50062
10097
1299
36705
67953
3217
36495
42419
41918
50089
11518
14079
7340
64559
28166
43709
13297
14229
2518
24379
10231
5424
1942
7842
31957
56213
28287
56879
1277
85027
5294
4270
18864
6635
30442
17554
40661
14855
9434
2157
32766
2968
10742
22
10370
27025
47949
8283
13556
69679
12895
5812
22846
15390
7329
1717
35799
32849
64850
50430
23892
17247
1009
71156
26332
5237
2470
11133
6827
59961
35734
1556
9909
246
29508
16594
18028
19073
21415
48044
56822
19547
320
38102
13267
39753
1532
8299
54645
21285
57592
5692
72883
46847
43328
22319
2723
28008
23192
28366
5206
22786
33582
15734
33467
31959
76889
38326
13847
8075
4492
3554
2846
30905
62782
14557
23699
35811
30755
65223
30191
26921
2779
2007
41826
44293
321
2702
34109
3620
1751
6017
82842
1859
20521
11926
4762
28087
3282
57697
6666
9326
10528
5612
47434
32235
25663
1548
4091
48247
7443
5877
61076
14314
24948
50795
17283
1054
22200
27158
44156
6377
55041
25060
75998
2252
14074
32320
1220
8037
10821
1637
51078
49880
25553
49799
18319
4372
65031
44740
21303
36480
2102
2417
42896
2700
526
26117
5198
4347
18516
15291
9754
41110
51186
38804
16045
23270
31609
23027
18421
30440
19914
1956
60120
16851
38786
42197
23027
26206
29781
53303
5187
3170
7279
15072
9429
36103
19101
1396
51272
1723
65391
1250
15705
5820
3621
11376
508
45462
2821
19898
23699
31234
7836
55683
61978
3363
16270
15346
9299
15337
5405
21811
14078
3765
8468
1574
15504
8948
32263
34894
3861
13100
61999
16541
71479
20738
25917
48678
32708
40776
29388
17343
5452
8667
5459
46076
16877
6048
22022
7449
25395
6332
26523
14756
7199
17172
48212
31569
8911
52977
36936
1033
67193
12313
3874
16896
34583
41432
30538
51928
6683
18311
40321
24617
13650
1281
15658
9658
1108
28981
11156
30849
52573
5795
43287
61818
25176
12745
9456
56126
7879
1218
563
44985
4762
37338
48958
18775
16552
6407
66771
34386
43386
18050
28516
1025
5971
33067
75615
2771
7004
2621
77198
17392
72322
10640
3803
380
52386
10527
41256
21250
45762
14635
79547
1742
55291
6855
44496
5670
8397
7715
4713
75896
21441
44500
17380
12020
5287
1305
11271
48576
18329
2213
17809
49454
23467
4644
4833
2194
2039
62934
36036
3580
79960
5965
2468
30768
1100
1333
73760
25892
1064
2121
43345
1974
50832
77771
2452
11302
28471
23381
30231
10622
9088
69820
26823
1005
10987
59848
4445
11802
287
5254
1691
9755
46225
56381
8410
5388
24237
11324
75147
1950
15418
7663
22479
5563
61466
44722
14449
87496
15826
12183
8394
34247
2
13701
4280
47889
51138
12196
47036
11695
19135
1927
4778
16007
29277
51489
20320
1270
32596
2950
1
22547
13809
3971
594
40031
34134
2538
16529
55867
1654
13880
1664
89000
84646
73698
16609
43159
22370
9773
1002
63730
56420
28324
59283
46457
1
6001
26331
22988
25073
1949
7729
64005
645
63222
972
21792
4320
4445
37948
27130
1367
3004
79470
23613
36011
9684
2577
60705
4778
30775
60307
11459
4946
27164
1651
32785
1064
22425
45264
25533
28025
30362
33343
56454
73410
58348
32951
39068
4938
5701
2386
2437
4842
10839
40178
9702
962
5221
2282
50108
3332
1
1666
2376
9954
15068
75153
3964
30859
63784
29137
1159
13689
27
13334
1038
2313
29643
29827
2015
15814
32723
41419
13763
21242
14828
16318
7676
58343
25407
13731
212
14913
1412
22900
39200
9869
32157
15180
80961
11929
19140
5688
1
58669
2391
4923
25052
32618
282
17746
6315
1877
490
49818
679
245
1593
17422
1833
2312
2334
3452
24525
77903
6456
49621
22319
37323
43029
2940
37915
28648
25329
32746
16554
13262
31407
19334
14634
8740
67640
28247
78670
56742
78576
6782
976
677
9403
35036
18918
925
88094
12287
23327
7577
9286
1416
65072
36032
48910
4131
9262
26593
5396
593
4229
8000
73639
6246
26984
17132
22879
12582
5578
1610
46722
25728
24890
10183
45758
37051
50765
30175
40412
59584
20210
5218
2747
13559
9734
22284
7154
61273
58549
350
2687
30888
28333
17958
26055
67242
13969
46637
26560
24889
75641
1859
27288
2390
57701
30164
15233
8769
3224
20218
37251
24694
68352
13584
22522
14726
11863
71011
945
36197
66311
235
23645
19602
4843
30447
29414
6767
32902
2692
28825
4
39027
9712
57366
644
2134
19789
25998
55298
26765
12929
236
21677
58265
12240
4374
7911
35218
17001
4
7386
74843
42535
44664
7912
12956
7376
16341
37774
24782
11261
48328
9058
17718
11085
37419
57755
50090
13210
3572
34916
56512
51400
61617
5711
3294
13080
37333
32840
8435
60873
28729
18956
2636
47292
3951
37094
35154
65060
54689
2452
25963
11918
44415
3823
3529
34297
1499
35366
13506
21817
9591
61518
44671
22915
47433
27617
55689
3508
14270
44885
9119
24020
19632
6129
10022
29849
6434
26829
3970
10857
26091
48092
54221
39976
13021
4101
1528
7513
4820
2556
14750
34592
916
56689
48286
5811
2472
15527
3072
9812
2646
13798
36973
41333
4813
9851
23196
83459
41772
19218
25147
70340
24965
756
60961
64132
23064
38246
22766
45749
73843
17634
72357
3575
35825
1642
36998
36130
16169
14140
25439
8261
55237
27604
7584
80927
75
55893
40884
14841
45240
8546
14253
1158
59026
48277
2594
46672
17820
20171
27005
56206
9456
6037
1696
21771
12442
16872
9121
10101
20974
63466
668
28819
57824
37691
1398
22468
7162
19387
6610
16711
4510
17277
12115
26802
16251
73172
10723
22944
2435
28751
4144
52042
12544
18442
1382
18555
28078
12693
3944
537
3081
118
36110
275
328
18441
17743
46704
11316
14975
7347
15947
22810
44889
51173
64642
1084
37965
16568
32128
26750
62373
24563
32189
33859
12989
874
79166
68906
38299
556
8916
39
18057
52350
6085
18280
5096
29144
23832
17699
7616
17876
9670
2885
43242
20507
75744
2268
34737
1214
948
65837
10928
53294
40994
18880
5342
34169
488
13903
40599
8093
9254
20000
8310
27921
12061
59213
44179
35194
25415
1878
3313
17154
8244
34078
48104
33606
9137
54418
371
38181
61610
2026
13083
23651
1119
744
2227
11619
38308
13081
29615
32551
6821
2486
25767
43309
27715
2274
22701
41951
49020
33217
10288
80326
22488
22377
35096
47384
3366
6032
695
2846
30364
56116
4815
33620
14099
36964
13119
1081
17409
11051
243
27093
13637
4723
17110
37175
52167
60211
36473
1875
7879
5484
28187
16671
8951
20640
8282
33705
39150
3796
23288
8470
1268
27764
12218
15798
22002
26674
22640
53260
3757
26778
6402
6915
50574
13829
25572
17386
50198
524
21240
15207
2265
8135
29537
3458
923
14630
2945
10926
33773
17695
46252
35313
13623
1
2981
75476
8750
66559
54746
1959
25136
13886
11665
18522
10653
1730
11996
36257
6536
3340
19698
37533
37963
5601
35809
51998
15863
87936
8668
48237
214
9413
12911
2330
65388
8618
36807
49483
18595
30239
20906
20888
13321
35656
12193
14660
640
1194
1518
5
6241
6
7330
53878
6829
17012
8588
35666
6633
71858
3660
37929
31640
4546
57607
18801
3684
2671
12744
17960
25761
8456
6555
9313
7918
9963
10160
7044
29211
40055
53243
581
52546
17399
7358
6710
5124
11126
38063
13333
44862
3289
48982
29818
11188
27502
16739
12286
23578
63947
14020
16994
6282
39937
34450
23776
3335
4063
2870
37034
18362
33634
4638
7663
49086
45369
79441
25810
2121
26790
48389
46665
51443
16936
30062
21213
1
2849
34318
7752
39760
59018
35834
23881
1299
14021
5028
62735
25920
3822
21272
16726
31359
58292
18195
40968
33729
3826
50769
426
18391
2124
32692
3808
13113
3827
33648
58158
59062
81015
1893
9688
14519
4535
15317
4621
4656
21533
1521
8998
16012
10490
3124
7141
20876
8242
18596
12109
49656
1187
23226
33651
2412
28
3912
902
4
15393
6815
50792
20749
23763
32134
16917
4998
16932
11612
29880
1892
53394
14269
1896
2608
3801
49685
19217
14427
71671
53810
17673
68134
8257
37009
10764
20782
1992
62845
13230
31764
3754
13679
71681
5285
56537
3137
56064
10998
29150
5205
49962
1399
3
38022
15507
549
263
8837
15274
30044
72477
4563
5470
10555
8257
26718
21979
10860
16201
7770
5131
11724
41438
3969
25549
55817
1038
23079
50328
4979
82270
3118
6446
9866
11467
1239
20470
17
53513
12424
7984
1635
21727
27573
35719
48785
22926
457
16882
92881
6264
12835
19271
19387
813
45706
34886
13910
16228
2513
46214
31706
566
13762
14428
12883
66227
1948
40661
11853
6390
15461
17702
13726
29125
16568
2355
19581
5630
38736
42822
27156
27921
16851
3814
45950
25330
636
43764
25182
50414
19988
7747
4146
4390
66021
8633
898
51287
3003
19401
1813
2282
15465
5103
7129
4397
8749
50049
52622
31566
5546
16982
40757
25716
34314
11189
22445
8180
18147
1814
4963
30884
42680
78406
39793
11013
16400
25906
12906
2242
8501
37342
39310
23
6996
8485
48059
8074
11042
36192
1136
67589
28211
18398
2190
30946
49
63924
51627
59990
11811
57880
9332
21118
2
9551
1619
18905
70809
449
66030
56925
10927
4239
11244
25527
43194
59038
11570
40165
28667
6053
28918
2314
12289
7743
676
25222
62332
19926
33234
31006
1042
9991
64397
23558
30794
49125
25454
4230
138
65053
39771
32666
425
1111
8650
65473
36172
86241
14756
34822
613
8640
8656
48739
8631
10
7452
5708
34755
36799
1
12345
933
30200
17871
34624
6801
52598
5080
21812
1101
27642
25053
52457
78232
53631
8020
17733
89359
30421
44197
8613
32290
3067
7914
15869
43899
53316
55756
41146
6395
15800
49239
795
23404
7040
19600
18059
62700
15318
38250
66706
5842
8366
1812
39
32560
47536
48349
16647
3054
26338
16147
18068
24152
11720
28337
19354
19411
14380
8868
49320
3
26362
7861
19284
6693
33045
6671
28490
55226
13887
15985
933
28624
18462
22915
38845
58866
1151
472
9602
41039
685
14165
971
27457
5298
2619
41972
3970
10132
56953
51663
2862
2084
43194
1956
12195
6114
24352
29488
3591
72948
4640
9333
12416
21912
4063
4068
9564
37176
15703
27196
15755
20506
9379
14730
2979
7612
43454
40397
9265
39762
19356
57723
9016
16974
46814
84510
30758
1381
18753
42711
6432
3
4349
2634
65483
30992
5991
11262
55134
21620
23393
46146
1446
29250
35050
15614
2
47166
12057
11467
11822
1014
60377
1731
7957
39342
4364
627
14008
4
6271
29144
25952
1974
18801
50506
412
79531
18249
59564
9567
51978
31245
40831
49974
61692
13522
33984
21467
1468
70296
30346
63229
33196
35179
1650
16600
2455
4165
493
16400
14122
5341
60672
812
20958
8114
9541
5833
19955
11780
14007
2163
313
2969
7259
23607
5698
53439
685
9159
3893
2682
22464
2731
28901
70298
13446
27800
9412
14848
15983
6068
4730
39649
29750
5899
7499
57028
26670
1748
32364
11089
62517
40554
45146
79304
2278
42309
3565
15332
71617
2015
15154
4802
7934
42305
37591
1138
20837
19414
8318
24794
51467
72445
3749
395
881
12535
8391
30577
54567
15351
4926
1
27615
2769
287
32324
11448
1
54580
34321
34834
24461
17002
27549
9662
39455
13211
24732
3507
7222
65766
1973
259
31502
4021
1724
24427
6875
20169
5734
9848
4602
38531
2229
62799
79584
1923
32858
30860
1105
2713
36243
10125
17773
4146
16
2650
80373
60241
20986
541
11777
15075
44459
980
5838
37344
27841
9262
36215
17568
6890
21259
14971
17391
1233
1
18016
6301
11117
14003
9692
12240
55369
38108
10493
17286
7244
6
58796
6419
70737
47497
14372
25018
514
31119
46079
3562
16075
19997
10432
9098
49567
62293
14179
23255
13257
4666
331
411
6573
27582
1728
24433
35113
5033
2891
4106
3840
83657
14837
1534
19166
6674
33959
12349
68499
24517
18180
29625
14216
21807
3797
20472
31107
36545
45
6229
58046
484
9674
33212
12292
20396
21866
19493
16747
72392
39471
3362
23618
493
4299
13988
52908
6827
29975
7952
28436
65949
15177
47632
3107
757
15563
781
1778
97
55179
49942
15948
51240
466
19013
6482
7101
1258
9656
6554
5667
3870
64053
39018
7779
3280
34729
46625
49262
13419
45158
29353
55829
3324
552
66070
36532
7618
916
18968
27456
4525
68887
14256
6278
2018
6894
5045
2111
24298
77072
33709
6524
7324
9124
61358
31762
8056
5499
36945
21440
12260
12424
3
44170
21967
8779
17467
35354
4626
369
109
2436
65279
15071
3932
5556
24813
15184
7588
19997
1498
25935
91970
32207
46186
39767
14212
8056
38070
24641
33962
26260
46728
14142
47037
16141
23781
3846
650
5994
28999
10132
1244
1653
48581
6562
10891
21079
50798
88645
42388
1828
33681
48852
30435
17492
85818
15354
16749
72496
38113
82908
814
4095
23449
34180
12306
2783
39708
6417
35300
24178
2560
11123
5559
13252
38561
84469
20142
73309
33738
30941
10391
19912
10835
29271
57958
1142
46922
54916
21289
32562
509
20698
22589
8289
52773
49998
12567
2943
13040
52155
30971
2
28310
6799
26975
13161
1051
6237
21500
7814
8111
50992
11221
36633
17852
53009
15836
4545
8128
71502
24479
22539
8902
3941
5826
13859
10527
14351
7450
557
16750
43956
7041
71321
4525
81757
36749
632
28166
48313
43524
37296
67657
45659
9704
1840
54825
8936
16561
5289
24064
7315
1192
39848
37027
22260
8154
8217
5715
12883
526
3348
63037
32379
441
18530
53505
13395
61504
2306
33030
7397
27676
30749
39946
39713
6321
20237
920
327
916
10191
26895
27911
4010
11554
24494
20472
7624
7199
55814
14832
19553
59841
4156
1966
1823
12352
6094
51894
36425
587
11066
8945
17586
25316
6803
19343
34233
2396
6098
40693
9998
5052
13589
36545
1134
5489
3692
80794
235
26977
36722
17466
30921
15386
7230
321
996
1
32329
8145
56016
416
45314
37
24011
4750
5707
5259
13279
22029
24807
24006
14161
5622
41193
202
37143
15287
36507
474
14669
75676
51421
69047
2940
23061
11234
11498
11333
57865
22552
86333
42124
12712
29789
45548
27871
20540
73880
66558
49679
33855
3357
5054
18455
19260
5394
54378
42776
35181
47641
32943
45116
40789
4725
51786
1429
56805
49116
3260
3484
47277
18484
21446
68911
9950
12677
21043
2948
7377
9506
8323
6427
34896
3332
2357
55965
31036
16055
4621
9202
66900
34071
5513
9918
7232
7929
7410
13632
10382
17818
63853
12218
19005
7976
35363
2470
41417
18785
1925
8
9573
2771
28837
6610
29228
12516
65342
3130
21917
31343
2236
7
286
6920
12609
55287
82649
16939
39517
54469
6065
55274
44025
50868
583
18624
17364
38162
9115
51431
3147
13550
6470
61130
69721
21682
1556
13408
7315
52153
27453
12193
12588
3090
8811
33509
10821
1348
18167
48860
17125
3270
1388
61399
16226
11903
14003
23322
14232
28506
14713
6621
26349
19992
32179
35094
16716
1380
54724
13398
60468
39117
55341
16917
7526
23889
879
994
39523
48989
16915
50807
17702
17520
9645
323
68055
23161
30982
11363
813
976
36577
54716
34801
399
46398
2121
2287
1249
29669
3
75844
22959
60889
1944
35982
973
6085
17786
17214
4325
7452
7622
45863
51131
14024
19059
19439
69667
29020
46424
40917
68915
44718
19558
54917
3082
33790
2270
46659
5446
3376
784
30173
24042
27328
29222
21515
39523
10490
624
82
1681
52969
55207
31190
22087
13781
34380
4835
40
1676
11533
62229
10911
4
13022
23231
7434
75476
54089
49467
33073
62825
51306
39338
8023
3702
23820
5134
1243
27137
38154
45738
30570
6414
66212
16040
26425
40830
59424
20343
21420
350
18518
18190
13714
33447
48916
8438
59278
2700
22057
15009
6957
55962
69052
17234
26839
35960
1267
32873
36591
8426
5
51646
24016
53536
10008
14188
29026
21542
29233
65513
3696
27783
8201
60567
83051
30199
17645
31413
11544
27779
49994
25360
9709
7412
34719
6625
3353
9628
252
31596
19481
1312
40240
24901
1007
38506
12740
25009
37811
4249
40512
2959
1428
74645
14233
14072
26119
9625
61864
46844
18234
67479
6984
27103
14020
53435
25291
77076
8187
17542
2248
23013
6159
9457
32087
26869
3582
8773
24194
7308
83355
3204
33928
34150
73
47361
5072
63792
18669
55067
9149
7191
26989
442
19453
11750
24464
25888
31772
908
39884
16693
26455
31098
44055
31449
44633
10776
23837
20958
27656
2137
42040
13134
67829
5982
12199
13497
50222
16313
6985
20309
36685
74730
38391
10486
15962
16452
5697
40260
3911
48640
15218
20951
959
36226
7689
14978
3949
6280
7128
29974
17231
49184
45105
11669
6039
77009
31033
66580
16901
16285
1773
7171
34374
19805
71041
4653
1650
27019
78262
13309
15699
27138
16430
10756
17988
79964
506
7797
26071
8836
34683
47242
431
2253
42435
21839
27280
15306
23580
30646
4113
13055
38755
46781
3
7488
47965
22622
9423
7438
6432
11901
21724
61640
15278
14615
354
3690
3691
4958
25939
51195
2194
16746
63698
49662
3275
3569
29950
37409
16830
27095
31180
15430
70916
10648
16087
38853
8600
27771
63476
11358
18342
5266
10663
39846
4276
1
64942
45766
428
53064
650
19318
16487
2733
243
18061
4640
6696
831
10566
2301
688
34020
4666
14709
13929
56439
32105
18382
80558
7854
6089
3416
35544
1081
30478
5794
60423
84416
2151
28993
3744
6553
32903
39651
6850
72888
53490
3255
34426
18730
28100
4475
19088
1726
51885
508
78231
33705
57416
18414
22789
19970
25803
7985
31215
24503
18520
49412
10323
23936
3247
62676
24252
30763
41299
3524
63982
1908
799
16321
19100
56010
15432
2143
24889
17568
71219
2197
10238
7800
40485
48072
876
11216
13007
27
24183
19344
992
17206
12412
6981
69859
31672
16895
1749
10964
39820
39093
33834
10248
3492
56527
15559
59149
4498
40906
23517
13187
26376
17334
2451
9561
29891
5305
1672
30680
229
32930
1446
30290
62158
33238
13228
40822
6434
7059
31499
3131
40218
4755
17571
15466
6924
27485
11033
33847
25222
14983
76
65738
26289
5103
35579
6202
9461
4731
42759
38880
44154
5
851
12000
8981
5710
4106
50096
21889
740
40182
26575
7880
57505
16545
35539
3413
24356
8573
35057
8411
10826
36995
10973
65434
7240
2140
34871
35762
22497
1169
9807
28088
49565
58848
4208
38408
74465
10860
23712
56417
7936
6380
21642
37593
12096
47445
48664
3447
28367
10606
26
1320
14624
37908
7448
5384
36830
57725
475
4815
1477
145
28637
37487
62351
4093
33
13272
4536
10028
4894
4623
20022
4120
4236
15020
22214
20246
41082
1990
50
23572
25234
52515
25128
4388
73411
43886
78237
27068
12431
45778
7297
12585
7814
29654
32524
22939
15216
57790
21864
6715
74984
27227
14927
34650
3045
8564
39784
14850
2459
4434
45237
2386
23326
15061
14348
65373
8715
38458
18219
41380
18713
15336
5473
60565
16775
16944
2374
3956
47534
8575
28016
65133
792
20666
3461
1745
5437
42320
20604
9227
15128
8547
25194
15098
910
4954
16695
22842
6981
27982
9223
42046
56397
58417
54057
40800
3572
16367
18545
4736
43465
8613
8681
26492
19278
6854
1099
27476
651
10824
26393
12571
37232
11458
5347
7167
23614
22400
84664
3137
36319
13201
50423
4303
11525
41593
7998
33923
1594
36988
63177
3977
38713
51009
21533
28295
3
24989
20928
24871
39257
64363
60133
13686
54482
2960
29133
2103
18564
12615
24405
15031
35588
14230
14676
17058
4473
4464
19262
60379
4492
3378
14750
25172
17119
60236
4829
20634
3620
40732
25754
53349
15746
24412
79989
4026
41004
26958
40806
19051
29028
30190
1886
32027
38393
21146
3481
9685
17326
10188
28952
4860
25565
1304
33351
60008
4512
13783
35049
66330
19871
14591
57838
9467
12951
8785
15893
2751
36510
14192
35004
8466
10530
20021
768
60203
6602
4582
15748
6523
54343
14750
28083
12062
10902
38179
19039
29418
35853
2110
14909
7241
6940
5964
3026
6053
9960
53509
34639
29485
1410
13926
2247
21392
15089
1242
11908
75847
7895
1931
2
3439
11937
11731
74415
9683
2851
22356
519
6922
32835
5821
23811
17984
799
60707
14986
36693
9268
52865
5465
62653
52424
9273
5370
15167
16167
6862
9647
16366
8227
3353
68170
1760
25164
45561
58042
53950
5717
13390
13063
3520
34934
7080
21644
45006
2155
3939
40740
1186
2814
31951
8504
30808
8716
38863
67801
15948
54
24911
13093
29244
5810
34492
8667
62812
53475
33624
5849
27807
13636
68073
22404
69425
42453
11486
10300
59102
29074
60915
15569
3835
50142
14252
239
7198
44865
21721
9656
1110
5376
2587
28220
50450
27474
19138
5238
2
36162
43918
3904
9612
74702
7664
8216
11768
7256
7487
25168
58219
41373
2690
11150
8495
42989
66374
9123
11673
8391
5222
33670
609
62407
748
50752
68431
7171
26923
52653
580
25811
2353
18967
21763
1889
11516
1213
43436
14806
78059
3233
27625
47005
47967
30592
14365
70689
11471
34378
5333
61293
1119
9393
40670
2279
48343
5461
22854
12805
15438
20852
7187
276
2
685
55626
9552
10119
9534
4771
56802
13018
386
1939
21462
64014
6434
7134
19273
48828
42946
38227
26663
3220
18319
5457
40232
14606
58709
23621
11298
71894
19737
1343
15255
11030
55120
79465
24765
78768
23172
33183
87455
7807
27020
33071
4328
5225
3188
48184
16442
44511
25693
29177
367
15832
55039
51966
17230
46447
8622
21974
17292
372
31670
5245
862
2483
4232
8898
14624
35631
30411
12683
8367
15327
52505
1716
45863
51648
36885
51065
1662
6006
20877
26205
1309
5131
5260
21630
60146
30153
10786
69440
15852
16152
33809
13004
845
69737
42600
22513
2212
72592
48533
7311
2931
44768
8686
13028
7538
6966
5232
5757
7343
1417
3756
55813
11972
41285
59324
776
547
1513
66204
32160
12987
7004
10104
3583
26313
34637
33422
19947
59364
7514
19167
17214
6490
907
29368
50235
8974
70594
18472
10385
21001
12461
41878
13285
65553
10
20073
70347
38703
20068
3919
19095
15543
64404
78531
65828
672
11396
36841
22557
34678
19860
33300
33218
4633
63883
88918
29821
1983
376
49065
35477
15714
13843
10439
42613
38954
55
17568
7051
9416
598
306
55893
10310
3015
77900
42430
18546
10186
1758
44122
78924
79398
56294
17503
6521
14017
3003
76950
16718
7191
777
6120
5252
10349
74654
46975
53849
40252
10974
31007
14994
73108
8071
42949
14493
13971
23436
13094
10797
20047
50948
15077
36261
13057
69264
43126
16233
1600
34677
11645
13708
28207
20916
5627
46174
8942
20884
198
16173
68204
52407
16491
53
48369
11563
577
61
23749
23166
22403
43221
19862
22064
45781
3218
14242
24486
36107
15970
1106
12753
29741
17748
48604
2050
18738
16289
3181
4616
15402
16883
45434
28707
12518
48566
67968
66358
6624
14565
10053
57742
11090
11020
17955
54030
8828
2424
25316
73717
13647
56323
2152
27663
25429
63
8821
6908
34532
15676
57205
19601
81733
42025
1380
59879
16217
27006
50383
8505
19502
5463
70234
2540
3042
27808
46051
55939
3803
28819
65059
72129
20698
32342
15042
14922
65634
184
1742
9244
29346
19396
35337
10883
21872
16148
55615
3145
32389
14192
7880
6130
71461
6383
12354
53966
59090
4661
17641
6117
6396
883
48358
32036
40397
11003
4490
23321
79017
40355
28829
3663
58970
43508
6513
40899
23547
50286
24330
28142
5250
533
16769
19324
44939
4587
10405
17627
25031
5259
24955
28558
36681
54166
1035
3221
4790
46929
370
26198
3149
17397
120
9164
38315
12228
12362
28345
53181
33595
692
7545
60012
33093
18895
18721
44031
21619
22569
21010
21327
22462
5870
21612
12094
47963
1084
19023
40772
28366
45664
48916
7276
15423
17419
11204
13506
26701
18724
16416
7294
45288
49940
14893
18625
1119
66278
45304
33403
7437
9359
1198
7472
11714
11623
48797
59146
13988
27484
22534
639
71594
11168
37446
4068
71394
2655
28407
15679
89899
26168
9808
55770
4430
15524
34764
32242
28359
15540
20628
40639
19108
2039
5396
38166
17694
61
23887
46449
56919
5748
11607
15899
1595
12301
42490
49566
10989
46251
71589
2011
17004
14508
20146
20447
1050
7542
3576
3266
50584
50774
577
53412
75168
9169
36722
410
59375
63854
82488
21398
6181
58725
15097
77514
10381
53
37062
2198
17630
21003
9171
72409
2862
37227
18963
22587
4238
62588
21437
4
8294
25903
17809
28668
31070
2139
9190
8002
56467
12439
16054
2121
691
5183
42436
21475
91623
21842
721
15362
67344
15658
5276
13529
6688
3495
31524
908
25594
14817
20200
609
30359
4760
11498
5133
71874
18606
1871
36996
42390
39854
13996
22078
25278
20806
41584
39466
11876
48654
3012
21412
32134
12187
5401
55644
12364
29816
44648
2322
51500
33094
51863
42025
9643
48283
10781
5545
27494
26922
31942
2848
18171
14813
27277
43845
2535
20768
1575
11628
63958
6474
25821
32431
2557
38274
18221
612
31545
21706
10367
30541
312
48434
14980
2661
2957
6358
17551
50093
10506
28241
26027
10011
53484
84656
36143
43565
1931
29117
80429
40758
67662
19126
28472
12282
29082
49683
17217
24969
32841
8127
27430
17474
10150
35142
19425
27472
56874
2276
8680
45533
33735
1424
19186
56290
39763
17641
1040
24279
4344
51154
4445
29317
66420
40069
18519
25270
43372
50340
1488
31874
34147
20668
1238
61270
13061
2582
5311
20473
29009
9491
28375
40836
34908
13636
1228
204
36307
61868
35046
543
21829
66978
11655
7675
14877
19447
14341
12358
1787
41426
12999
15401
8991
71284
3672
11182
11946
8008
15356
6845
31471
2452
37452
33788
69046
403
40770
7652
14899
29984
6353
48783
55946
46414
1702
17210
44876
23047
67174
23853
3
10318
8025
17746
1319
28417
6285
56550
28904
8
80764
8951
33121
12136
1160
39700
86116
42297
18058
62835
29940
49538
15931
3726
36427
3541
54015
11003
17581
17537
4280
44190
87433
6190
12347
2557
32592
3264
341
12084
62887
1816
38387
523
69653
5534
5452
36303
54665
7085
6085
59397
370
44465
9103
11374
59004
18259
39431
20353
1839
44612
10609
531
15934
5912
55071
15639
4490
53941
7266
5253
11488
23514
18516
60
4595
19710
2100
37676
28199
8616
16396
20844
1419
1356
40568
1367
32086
62031
4154
13801
2141
29107
28600
65478
14511
31047
10432
69126
10221
3830
31861
49813
4985
11739
5628
53912
35879
19252
2713
8532
48134
24431
1663
11791
17202
64749
43500
33531
33147
2244
33676
13004
27947
14965
14864
6203
6193
379
18996
15284
4676
20880
69696
84384
777
20043
20086
46213
9945
69510
44805
29513
6853
59531
83243
13844
22858
54182
3714
29628
32817
54987
16752
15557
20633
88976
254
5571
32330
75805
1553
7597
21132
31562
11417
49563
2450
5661
990
2313
1410
63378
7455
15491
11381
7927
14800
1444
89849
30238
70210
6864
14425
10514
8585
14689
59276
42792
11522
33981
68077
45392
9368
24805
11258
4405
7
36751
13614
9796
3591
17702
60732
26424
9014
14346
24166
2345
7813
3098
61740
76796
35316
14739
30823
31175
31387
334
26586
53694
50649
1813
3619
6538
15557
14876
44444
32212
45147
63237
46855
12184
15416
58172
15907
1064
51850
39705
5413
9015
66822
299
20565
11284
24146
64135
9124
3677
472
69259
84211
15990
54753
48138
37161
30733
24020
77896
63953
12619
18287
427
13748
2432
17394
1984
27748
10647
17767
6904
14443
13075
12411
23130
43184
2521
56303
1467
2443
1523
45635
44223
1919
20339
15475
4642
19918
36860
90026
5372
20362
66142
18009
11639
3405
1055
1666
13569
12533
9235
6439
78844
33392
55154
28011
39353
8195
23050
21266
11337
2762
18781
52823
883
22963
11509
41644
17152
28407
1
49132
32245
26735
4391
10003
8866
14351
2580
5809
31640
1170
11859
49468
79106
2261
66521
6779
21683
337
60937
5890
25180
724
9811
2876
52080
69208
12871
38205
13411
2124
27697
19653
55990
17206
92008
22865
1640
34950
47931
15123
49721
8237
21786
16723
4874
10708
29886
18125
4158
1746
42866
29438
24071
20825
36742
11890
12930
15279
33995
14666
20544
14369
20544
19107
44864
26749
8434
7733
14861
12088
10900
5791
7173
10502
728
14887
7259
11169
7955
9782
926
17433
64049
39448
13724
4475
42691
9942
44269
1895
1848
8876
4422
27454
50611
29059
44051
23047
52710
6526
7530
22901
36309
22808
22916
17363
404
18129
11188
10461
2647
16061
47091
52091
26947
33952
17441
69464
26125
9272
28837
36654
53859
17318
18698
4450
8728
21668
39737
29221
42417
2892
64724
43679
33105
2140
3543
19342
348
4090
66851
44162
13256
2502
12944
15017
5846
206
4605
5614
6190
35203
61306
62007
8809
63841
58725
46026
18187
65903
53672
29945
52931
11956
6064
8589
61136
9085
7694
21152
1438
28870
19592
47226
14974
3824
3104
4991
83304
23508
31873
30279
4635
1418
2539
9775
26193
21916
19907
63583
15928
1289
9779
7532
46407
39540
39830
10347
51603
9950
17467
10806
21075
7763
12111
2324
15009
1357
61853
6389
2853
20634
9430
11888
20531
3249
50880
7091
8132
8109
63322
5211
14262
31489
27163
1803
6492
8171
5851
42685
89609
32072
7467
11701
19793
48248
54430
2685
6554
23835
272
9945
52117
428
12416
4485
13061
6489
52827
2665
36173
20861
2139
60384
26802
91827
10808
34601
8893
654
12674
4953
8823
22403
4364
5860
6168
25961
31121
144
36454
8340
3868
4176
32385
13090
18378
56222
26537
1534
3774
1202
37957
38425
8173
32520
58814
38809
3094
22063
1047
52014
55139
45879
14232
35908
4413
551
352
3327
5034
16726
35190
669
4462
286
11810
3974
64573
544
10071
15132
37685
20929
22446
54476
1482
61124
9940
20376
77010
2181
31620
12554
13374
2219
4295
23989
1134
14100
25022
14581
13193
50246
8950
1740
1653
34969
61495
18141
17732
2538
32032
36464
47532
4818
5991
604
41665
14411
12739
25102
27000
1003
24102
885
37699
31313
5598
45427
5692
591
3362
26627
32974
66422
17124
55424
8711
72005
5301
24249
25210
15880
42030
20646
2972
13363
37578
12709
81144
1952
15784
33193
3128
34773
8489
36533
4116
30264
26194
14319
20382
3825
30630
12601
2974
10386
2369
29663
72637
42365
9536
9214
34130
2761
608
217
29682
19513
13892
2559
35229
44772
1640
27776
1796
2846
5120
12228
2016
39496
22172
1700
38155
61769
33096
48047
39102
14260
9963
35754
41870
31837
6778
6979
48465
6764
44032
740
11767
12335
33599
804
5193
4628
33584
52175
1061
2301
28239
20256
7871
50377
5718
14007
4335
49368
17231
11899
6706
3619
16592
31783
9312
674
14047
36713
394
12204
26300
8852
15278
5437
37105
58188
8632
23935
21478
47757
1640
33878
61324
185
47210
17116
20436
982
11972
33515
53010
6189
526
44224
59057
5615
6676
1
19651
7427
13818
20910
7065
15952
16802
28223
22536
20493
1294
4503
64207
24411
8020
1627
26186
70016
24718
27662
24138
63987
25971
17608
46617
42850
25026
49895
48024
31377
21794
88228
35406
14295
20939
29572
63945
21879
28958
27221
9905
24152
13817
33371
371
37062
4983
4741
46567
451
2317
15141
29144
3881
24729
16075
1778
17089
72774
15930
20317
23161
15758
11141
40303
19165
9935
25100
34241
52871
29118
37352
26367
79200
7969
12269
37524
14243
7272
9
636
419
34154
53122
79601
42114
22888
14482
798
500
1
51284
76203
16347
68439
11277
8293
3754
1113
7039
10966
51368
34663
2307
8983
50293
5311
4090
4285
10590
22495
23207
7520
35044
20240
29147
2801
28624
67436
40604
20326
11865
89768
11272
10174
14789
2499
1851
35878
30709
56664
27026
21546
1776
16065
27131
36793
40537
14182
23377
458
35113
14191
1040
56351
8213
20901
39503
1
22071
14925
28942
23452
32803
32892
68716
9219
7482
10818
7381
27143
65634
16128
11825
34886
71860
3651
2283
1166
14623
1995
34092
18051
43263
284
11021
14935
4455
9420
32603
4882
23739
22356
32762
17299
32948
16128
8801
35165
43340
70256
7176
69458
67691
2514
22833
65800
3411
38818
4910
9438
31450
29760
4428
33582
22809
40340
6651
34509
40844
23251
15174
34213
29625
7789
49427
47225
24519
65829
5380
2401
32
28284
24064
3706
7665
13341
26533
3887
19459
5213
5668
19560
1
1
2810
7058
73543
9281
39171
58568
31861
2238
8278
10312
44344
13461
6278
15356
64801
31471
11958
28672
30306
26452
56366
72809
72476
16996
13640
8077
3658
1538
86786
6689
13791
625
29338
5692
41926
16782
25147
23802
18347
8932
63765
11004
8386
9088
15714
31
11138
32384
31550
32406
2626
11688
17531
4350
23599
23337
42991
10163
35434
1225
36056
9194
14721
14116
10995
42056
15218
1124
14
23710
24548
23101
61274
16829
18828
88255
14428
3239
35905
15033
1422
8003
23719
18407
19865
18986
17939
32176
171
40022
68329
49197
5009
40409
13333
32137
36791
3325
55857
3
36586
83534
1321
568
15120
52817
4742
710
61223
5579
15456
36869
21866
39666
1478
10577
66343
2293
19849
19468
1076
21478
27782
24918
76639
52481
23415
63126
29900
31505
35968
24532
4847
59749
6087
4817
64407
24280
16458
18434
8433
8461
30313
7855
45469
427
4419
6011
28334
12386
27094
22428
11136
37049
32410
38273
49071
10973
4681
634
17420
12125
5116
43463
6921
5825
8714
994
55310
55856
18594
54265
20338
21014
23451
48601
13775
4616
22349
52558
5423
31902
1528
38079
663
49386
58583
30044
16108
59697
15655
275
11881
2851
12063
11110
1888
12436
54958
42236
14762
32850
28352
12161
5388
38053
50160
16750
4455
25359
22751
4383
15231
3442
2917
1567
3901
4493
1169
6455
30422
47130
60213
12496
22172
17535
4570
2774
558
49548
83560
22668
6012
23134
6969
18291
54076
5754
9770
3216
2052
48876
3567
17983
28462
1203
18578
7848
10006
46029
14024
51738
9047
31771
22650
1442
1552
22376
27506
8103
43353
11086
58739
11253
6716
12305
22333
4
45625
12159
70302
21678
940
25283
38518
10057
5224
2776
64088
52950
54664
63081
1641
29874
47567
3104
7108
11284
44006
5646
41336
11062
32935
14176
42508
5898
4908
33038
35235
49534
840
5219
2904
4730
39007
14844
20649
74338
46955
46207
4273
631
19296
13081
29543
2565
3084
13765
1516
44999
7268
189
10536
3876
34010
29273
29429
22535
60947
36550
11208
1068
50935
29416
52244
3410
87135
60733
7289
868
6469
26608
6542
34657
41232
1325
23957
28414
2344
38117
38855
21938
34283
53910
36895
11325
396
3641
49215
10445
836
17476
19367
36124
52328
8877
35778
55136
4865
18154
57090
1263
29598
4
12842
1814
27227
9600
3253
39878
7120
19508
19
7931
11551
34961
42240
63658
32631
72869
88091
1028
16244
11818
4243
3201
4742
24073
8450
11005
72343
26323
40298
41457
10304
39464
16550
1
32521
1
36011
450
3118
57889
16086
25296
68909
29727
2843
607
30594
14767
39981
1667
3231
4135
37888
14976
63121
25868
9856
5255
9172
33248
7208
30944
31166
12913
4292
10412
17496
52684
462
33770
13996
3457
38026
29483
24381
5629
17866
58589
26389
4262
31228
14833
10492
7456
44994
19663
24213
35649
3083
16088
99
26948
81439
16636
3446
5336
67065
29469
6771
14523
44231
1721
17415
4049
7638
31007
13351
69398
21819
51885
22603
1653
6726
15322
55272
23255
9739
6665
17586
15042
11732
4959
84855
76752
12223
73932
8
26330
1800
59333
38358
31628
51673
259
36494
5840
23744
13839
10107
62929
23646
108
34785
65474
18188
24661
52262
32855
12655
6987
1797
381
73940
9922
16863
28733
325
29900
2703
39890
13142
3343
52401
1108
42985
22369
79699
38873
15147
49859
38181
22955
8944
2342
3774
18522
50257
66356
14486
52006
14219
12693
30182
8460
19349
2480
4829
3760
50122
1218
15886
54668
22643
27397
634
9769
55573
21284
12401
17381
3460
25556
5984
30613
27213
14490
32025
246
19056
34283
275
3293
10629
200
12922
13373
7185
61869
33646
6360
56426
59550
19462
20383
2879
31933
31753
19828
14984
4714
23809
10846
59123
20044
19089
880
33440
48474
7212
1228
42550
66668
11896
1851
5708
2094
22157
7834
2714
75465
70051
38801
10798
21747
12704
9943
22602
42749
307
30
68975
17118
29147
23023
1587
67370
2068
44071
25895
21429
9739
17120
49991
10075
7
54041
29559
10797
69625
3660
6300
32752
9462
73268
11965
18965
25868
11541
46594
11947
21710
7799
42872
50006
37051
57640
21568
37255
49353
64158
33571
5576
29294
74232
29356
5255
3528
28273
1784
5543
10387
2707
6
40577
21120
16109
9172
1957
61220
53621
1807
37213
8277
1069
30881
14356
16542
33089
947
12663
47159
50827
12668
58028
8265
6014
54119
43608
34836
1763
40683
24752
44465
25406
24829
30254
2810
1828
3220
26737
4205
44655
29498
5668
57899
110
12522
6046
60142
7785
458
366
29643
50788
39325
25321
26515
231
1664
9981
43921
81875
43398
2123
20641
15131
22695
3872
20923
36910
9649
20294
8278
57794
3701
4571
8542
2739
72244
1539
11057
42144
8703
10575
20357
5119
12036
61162
8294
8962
74621
80221
3423
22590
6440
3162
4
50312
1214
37691
5807
2041
8943
12786
10826
25965
4
36106
6445
54530
1261
420
35882
31787
9307
58577
41171
27471
1946
7244
7419
22344
7990
48208
16618
39098
7001
1550
79594
23321
45777
59374
18452
64268
33344
13932
19879
18313
36704
2723
34296
24776
4143
20668
5838
9076
21515
29100
22406
11234
55293
24660
16263
25016
55302
4
11404
2873
26315
18449
262
23559
37739
24695
18625
37516
70321
17042
25037
15387
4245
77417
11146
861
17373
2
39932
24811
47867
353
3921
61365
9954
21037
73958
15748
28673
50432
15657
4916
7240
16777
33510
64243
27952
31716
15343
73044
33754
16501
1371
7476
44560
34556
15213
13939
31322
69877
21514
4885
16585
31544
43384
2402
2
32491
306
21189
14045
46381
75269
3189
8014
33330
12585
1950
43676
67125
41621
39859
5684
4468
11908
24820
7583
39455
5474
896
12287
23857
28316
24355
495
1057
4339
75132
3824
38740
39219
4543
64789
64110
4495
50820
13271
593
2867
3023
16
7273
883
1739
5717
5528
12
4705
29251
32976
64302
13877
47575
1050
864
5710
58526
24261
19052
8412
16020
2561
79444
10369
27297
61271
16426
36315
6486
6211
26534
5123
23772
6522
17224
1
32531
18669
48262
26574
12231
10035
62838
6446
19563
10334
49504
9389
30043
2473
5776
34743
33843
22977
6664
51646
35588
10528
1359
32920
65242
61998
4944
5426
7705
9952
51414
65504
51951
21607
5026
50602
23024
64444
13920
3708
53471
5363
48343
21472
71146
29052
34599
27156
28438
9473
11868
64308
9516
12906
5945
26201
17414
53371
9910
2762
27753
16517
34049
1569
12981
41849
241
70064
41939
25427
50443
12289
3064
32977
37153
907
6022
11725
938
19136
7119
49882
18258
5032
1
1181
41754
34479
46769
21527
22447
8124
19144
1837
12908
398
16567
31740
9224
42011
982
38925
65087
25165
13507
24998
20272
654
9182
13363
7466
4129
17205
32389
25589
1572
3726
38531
18945
37781
9355
42198
12737
27944
25524
32007
78433
4236
347
3
9009
873
23070
12074
33652
23588
29879
8031
5685
13188
8577
3014
16199
795
2070
33269
57305
3562
2598
15793
3302
43160
4581
6384
22541
3407
21015
16705
37942
17561
19644
18278
225
34818
22186
26333
45661
2003
2156
10629
72146
331
1075
32768
19493
12994
2975
947
18384
8407
16228
10104
12725
4256
16240
6412
7771
2555
1122
36204
14765
8773
40457
25574
35498
997
14107
5365
69399
68510
2504
58909
41265
7622
13534
26151
5289
67921
12442
22006
69775
2954
40148
57328
2362
76874
17159
13623
20096
1690
12269
25871
3906
3963
54109
43149
20055
60586
957
61508
4219
37029
821
1312
5408
14463
10521
12660
65448
17786
10163
27607
21027
32260
39172
33382
1627
55425
60939
2458
10509
11551
10821
4472
10025
41348
48847
10239
4541
52164
25509
11974
40358
14418
45493
19124
3787
24993
12311
1630
27461
16218
39435
2067
20044
67259
29911
1128
66809
5364
10227
2837
1333
15790
35741
2167
30396
23366
69145
4511
33054
44834
40232
77145
6101
23999
1333
258
14540
64387
17973
10229
23574
10
3863
55180
4160
8818
18459
35281
11931
4
6800
30992
57912
3262
4
3412
19144
1088
27726
52916
22513
39849
25599
9429
2820
46470
512
33476
8904
49147
57651
72784
8201
24297
3640
15944
29682
64328
12233
13905
13110
37163
55813
31913
16216
12595
13615
2749
269
3733
22387
54355
43330
6813
6572
28310
29158
6306
62785
83141
12666
61799
24081
1432
13008
1106
29506
39082
26159
79436
40976
6083
38737
64554
52147
37238
13241
701
24894
5757
5606
1728
4540
315
15819
15516
11043
705
29799
51186
27615
22043
21897
9980
4939
3703
42386
24502
1725
23876
50846
56732
27911
16182
41023
6351
13498
536
7972
44356
16429
18999
21642
21774
12078
1158
28583
796
7750
42451
76405
13734
2662
449
971
2698
25433
60713
9324
30559
56459
90416
22865
6804
3941
3079
1247
11053
52582
26087
4
28290
36442
27066
23345
6100
3392
11771
34204
5518
3656
10655
6281
16866
13496
17882
10269
35110
6590
42141
6741
57202
20684
19102
23862
2076
10210
43338
59544
50863
72013
21715
58416
3771
58948
3201
17988
44508
55933
48225
52290
8494
1431
28698
15348
392
10167
51094
9240
21716
27818
14870
28610
4769
17709
13721
11001
4846
47479
5512
4360
33566
4924
2602
20415
14889
65206
30173
11466
38815
8116
38328
16914
48096
966
55980
31215
4192
11469
24439
66169
12891
23124
31507
52023
15886
13271
70958
17207
21114
67924
25254
29275
6166
20792
52829
39172
34412
74581
8929
180
609
16100
998
19205
46032
2101
47348
1586
63332
73076
8465
14899
39774
21673
4174
63390
13426
53782
40827
8536
7877
3447
12986
12362
11109
5893
651
18498
10960
7227
2532
8587
37901
20559
49084
8886
6363
25589
42012
49960
10398
1821
18975
2572
1049
73727
3550
4730
26113
11786
2
17647
11356
28076
3382
7185
44219
18077
39849
12503
4071
11681
20707
60480
6002
1600
16654
50487
19815
63949
26057
19329
18841
14197
45475
5383
38491
33077
55616
9848
1549
18000
6179
54135
3942
3337
14641
10380
7622
44603
59612
15838
1010
3
10870
14303
43522
6159
8233
36912
14079
25389
3723
10357
7184
613
2419
12679
50449
66555
58438
50785
26201
81517
643
26922
60891
9469
32882
33324
35419
26642
670
45246
1729
22871
36816
53114
3814
2
4711
8061
1818
2677
12342
4154
12728
86402
8134
12184
78467
51341
2511
757
16456
1867
42961
40987
17495
51929
27041
2279
34362
86663
20634
23960
36059
33114
36373
7485
18355
21454
1
8917
298
2116
19737
49354
48679
48480
4392
52283
74915
14484
31212
13340
51409
1299
2395
5149
8997
15053
19120
16
46889
4550
12782
26236
17084
77524
28034
71592
12191
209
18043
12965
12155
14635
4604
2128
9108
60792
9888
20205
70686
3780
11408
9097
45382
18486
49205
24019
16716
17409
9089
8751
4080
56288
217
19632
30589
13037
10210
38774
2454
32107
21569
20472
20089
43289
8337
20742
30718
25611
29728
7309
24672
31928
43930
45070
13430
2825
13668
13437
10890
23905
4996
10926
10149
24398
79026
3174
8548
26415
24823
10726
3363
21409
2638
18204
19038
9112
23161
24416
12726
35042
59
81202
1228
1
49559
29226
419
21873
18023
37175
1324
465
23254
13636
1012
6328
7500
3908
85121
7729
22263
11089
36814
1727
49560
35492
57374
10196
24095
77649
31036
27791
593
58123
37349
705
28985
40363
24036
5130
14576
67851
80692
12593
42
7363
13908
30914
8915
7602
47351
27209
89137
1217
28109
75165
56014
34629
9506
17679
14869
3743
7233
68652
422
74816
2507
52622
1586
6577
11118
1781
5893
27132
1916
20867
51752
10194
18169
45239
2542
62611
82974
8890
7464
43111
5761
9617
23082
1595
58456
62901
13181
15793
20389
1665
47571
6991
66676
52131
49984
84606
5848
55542
12092
2079
9779
47401
52390
39594
4113
57553
4779
42932
45851
1165
67980
17643
49498
4655
32039
12713
74718
20140
17748
34209
47410
34635
45702
35210
4680
20441
15572
43884
29711
7932
17047
63
49851
447
12675
44600
15819
4135
6648
1444
3760
42388
59661
5659
51636
63803
46819
65822
9504
59801
20958
35255
13
9697
10116
38994
13285
49759
50357
29574
35939
12029
33800
706
21779
57192
28886
71988
18094
52921
4599
15041
24755
7292
385
29264
89276
9921
6173
14417
46262
48075
54573
62151
19778
10451
76143
43942
19754
56555
11418
1242
1955
24024
29422
14819
6550
1309
2039
4319
79733
47897
61418
7681
12351
57318
5483
48290
35218
50482
21577
11050
9850
34470
2647
3243
7195
42745
20317
742
5885
61296
26611
17113
42601
32473
72350
12528
28813
38237
22735
4028
14329
44479
40421
29299
2
58776
1469
3822
10150
670
6254
83574
1021
392
3996
20314
22398
41166
7415
20357
61087
11574
806
57490
6385
73290
25570
14514
4318
5146
61697
10111
42231
1677
29124
27128
81254
36241
7876
18871
3275
27111
3189
1817
8411
4722
5901
26170
36188
63930
27698
2714
57481
3182
3081
57
16199
13338
6007
2251
9078
40425
24987
20822
16389
13058
24013
46379
8028
2760
6950
7734
65683
53969
1704
25895
11435
30508
34194
787
31127
2039
14646
6254
36756
15923
19604
20552
8693
17451
63553
69778
12396
35202
7598
18053
23520
17843
9505
42505
29798
11210
22187
17663
1330
17655
18962
24505
41298
10541
2116
25818
6575
46310
70586
19795
7123
25057
2397
62098
3516
28600
32687
20274
32955
38732
5419
28301
8498
77404
55513
43108
14195
38617
36513
34150
15181
56208
2098
78419
6222
6905
66063
31342
34618
740
19376
23940
54277
57558
13332
43064
31234
43445
10625
28251
25649
28608
32303
4955
10765
62492
18252
5438
12310
2923
35131
12812
10
34603
51278
481
74728
10553
17972
1877
13306
8679
20179
6358
525
36046
13620
32514
88750
13490
821
4396
6131
1888
27005
46160
1330
408
44750
36392
56603
41147
10644
7150
4834
30276
9405
8071
14
19102
10440
9707
13051
517
4007
17634
34272
28570
4441
7689
37093
89796
27372
22670
4524
2643
7089
8738
43666
21630
4323
12604
39854
732
6978
32745
984
10992
5689
787
24518
42255
17116
38592
70817
68116
7831
1171
4229
2368
44934
4172
3187
7787
41334
41930
952
4504
10048
497
5876
57003
35340
13842
11075
1588
7604
15221
18170
9526
1897
22801
17360
35831
39930
17383
5065
13537
48753
10946
54814
26182
17134
14183
11261
11077
5548
68903
38811
3000
3187
59090
19010
29429
24674
16945
10139
57045
25631
59181
4569
46037
4158
10883
26411
21732
19431
9836
31125
14930
4355
4225
14495
16547
4404
25271
4820
6183
30143
1524
5126
27518
9580
13329
15341
33290
25653
44661
12979
3891
10476
45685
25077
63413
13551
2
29070
52644
7006
25055
5691
773
3229
33043
31563
28465
37684
59944
60400
61726
65466
55848
60411
19037
14462
3224
18127
6138
19128
66705
2012
53834
23806
48408
10201
14644
210
40480
51552
22533
6856
47877
1276
59368
36476
11324
14094
23519
23468
9880
10706
30641
57544
43680
50069
5680
2873
24075
75590
3977
11773
90537
21329
7983
1715
16441
2808
12329
13436
31244
25158
65473
8571
4307
19855
5582
61253
1289
17335
4130
4569
82023
9958
4453
12347
2381
5927
612
36199
17193
3133
6810
15038
5242
64592
17359
65309
48863
53850
12041
45309
1152
47291
14438
2828
52782
25350
1307
28768
6646
36886
10247
10
32140
7551
51838
57777
25772
11193
69414
19555
18611
20603
23944
26265
26345
16038
50706
7737
29210
72282
17772
36628
5168
2590
12380
26730
12963
28845
6673
33818
13631
69189
1564
3657
25032
14763
4296
20448
8087
21344
23455
10381
59861
17624
50287
933
23638
1482
6160
849
511
41078
1588
51196
1608
37074
906
61205
31820
985
2209
14832
50244
33601
54223
35775
16144
59433
44826
11777
702
45322
64121
1391
10605
87975
2
24038
5501
16696
75931
26453
7504
54451
40920
1448
14803
796
4639
8304
29499
456
231
16972
27279
69747
75688
1533
6980
23995
38113
60656
8451
13631
8764
17773
7016
4179
14807
1520
20849
58730
9637
27335
5367
33310
3
4085
19020
12369
8726
16641
36087
4121
56581
27321
27069
29370
5679
26530
7463
7325
55637
9826
25233
11089
22007
28131
37605
767
59836
35415
51960
40203
16626
1433
4046
12488
10682
26357
3309
32039
24234
858
12165
8747
5321
59332
60336
19357
20517
5445
5942
30713
2321
23134
29696
46717
41549
30130
10358
3343
33947
14662
7727
55734
5982
3
28464
26015
13389
980
40476
2558
261
47885
35268
11965
18335
20567
10496
13357
64880
23641
35832
3608
1533
39348
50386
3748
35528
11883
27018
40150
1902
76377
72067
11980
13217
24458
18738
18164
39459
49233
73031
37199
5552
1131
16163
68549
48
24183
18062
17166
50715
4139
36446
34542
24999
12927
56086
338
42617
68498
15924
2667
13063
40317
73695
19126
64099
5326
57910
7911
8908
29418
34412
38586
17137
48749
4238
6444
24057
58943
18158
179
43763
63795
20521
45537
11368
82568
42027
42337
7558
14724
68881
50849
59487
54985
6890
54740
47813
23635
86795
2
81948
15845
7411
21704
11736
1593
47262
11965
56006
12735
19332
7664
10083
22407
68507
15377
9225
14944
17946
11579
2187
41850
37304
26956
34668
7042
204
27184
1509
4770
39325
430
19783
11322
2128
11553
7328
70322
51991
15923
8761
36902
29505
7830
8239
12917
11243
52342
13292
24208
14088
29484
6562
566
1074
3345
500
36930
15949
26847
52130
518
85698
27610
77824
40546
52722
4712
13809
18906
13451
11158
7933
26215
497
3779
18098
50364
25504
4768
5514
27471
63140
10285
28537
9040
45070
39542
3005
61070
28630
38006
21735
16275
7
22345
53002
3666
36738
18149
46417
7660
21875
23969
44733
20870
21346
1231
32748
2633
4842
3343
76565
71312
10109
6380
73620
33808
33203
10647
47452
55294
42935
4373
40023
46120
42855
25989
15269
18463
3225
32561
3566
2202
4604
32955
12648
885
40695
26872
19763
19386
34567
68482
10775
72961
40863
8345
89430
17017
64734
3579
51357
4929
76923
6612
63677
27758
10737
1095
18430
3392
12698
14048
11822
32069
4808
23973
10679
17982
41268
6036
7587
24374
6620
67049
38678
7118
12620
36382
8310
46387
24837
10397
255
75535
858
67266
46702
51038
20101
312
6456
24368
10728
15975
43827
24721
5327
39735
37845
47310
5385
9321
2434
23586
34709
1878
23322
4325
6994
2718
14137
68793
5803
22751
14452
3498
45729
1668
4669
26370
18958
1580
21
12016
16376
7412
11925
984
83577
4712
14904
30845
32201
2404
5797
6629
54770
29690
8739
18204
2437
18609
47498
437
627
2571
13415
6316
5059
26686
48715
50935
5178
47038
4169
11224
7255
70250
22452
16151
20917
2149
81151
66169
28379
45464
37117
9360
51034
13757
7602
659
12761
27808
13656
29866
15398
54064
11261
8073
37955
1043
15123
590
10252
30748
15514
1605
6302
61015
2603
9047
4515
49515
38774
1542
13226
279
60974
33796
24694
54889
46055
1357
45287
27925
17782
48126
41230
41723
2769
12641
37941
24095
12278
12233
5857
25498
19073
54138
7124
3108
31828
52008
22689
13484
20442
26526
2310
48281
1533
14939
11769
38669
30706
15731
15948
4446
7193
52737
23324
16981
47351
1370
51783
43556
6020
21333
10348
21449
1
38
68204
299
8419
1211
33618
20986
6852
27536
36101
13398
27581
21547
43548
12315
37415
2235
17845
1460
29185
37
56163
22909
32279
9918
5462
81754
3527
46951
13122
13575
3008
3111
60629
14633
70767
22943
32271
43501
81199
59779
14158
20597
49648
21823
9737
12555
36089
27510
11032
6406
12652
48849
837
24424
64498
24
65204
3351
28024
1071
43037
9345
33096
8692
15239
26887
9268
16111
6517
16
1301
65776
1465
30598
3146
3842
19679
51285
34586
59946
1187
39833
46737
38596
4479
15251
6619
7372
7083
14595
7308
76975
11925
8465
28837
16569
49932
37524
17429
69467
26468
9954
47422
2260
83213
8773
1714
19357
17585
8732
3365
1987
41
63841
18094
18739
45236
35
36479
38921
35704
40415
65892
1855
7805
18736
23720
14433
1040
71448
55612
49958
62154
5374
38185
25832
11885
1
26089
52703
26882
10115
1882
55356
9048
32676
7210
20854
24494
6969
42223
18229
44492
10032
16873
36656
66
18045
3919
1265
57006
56681
10911
9357
11751
44971
3803
60259
62838
328
57392
72412
2171
20906
35065
28308
2738
34286
23046
34042
27862
86809
41327
44707
68421
26504
84997
1207
8080
50416
46756
75616
40122
8631
17141
2032
35161
63094
19168
37929
19223
68199
63283
12648
86506
17364
26431
2783
2656
60187
3600
19655
2155
3583
8196
85618
7174
12282
29433
12501
15707
9262
43111
2406
59469
19335
37270
9518
57408
4065
31576
15157
44790
2
3166
16300
38926
29207
16696
1116
1267
17969
1134
6489
29896
42888
50256
18014
81502
18144
11405
14913
19864
2049
958
50701
60535
260
17608
8403
860
17239
15105
2335
42521
70941
45943
3495
17491
12763
20397
78770
25334
60557
25071
11016
545
1
63112
2842
666
44581
2981
1255
29330
14799
18399
4403
44882
36634
14812
8821
14619
25471
14445
19246
11591
45430
63987
9960
8700
16787
8176
42128
27530
9294
53818
15458
10961
12703
2635
2108
3
55461
6071
65028
25831
3251
4071
265
2272
20949
27043
28174
7830
60393
6456
51748
6965
27524
22566
13762
61433
41321
6457
21540
7016
5183
15002
12448
67852
36673
9491
5215
73760
23369
48873
31100
24951
5809
68370
59084
8722
23011
2342
11473
29122
27994
3916
541
82973
1
11686
2925
6781
5891
5376
20093
15512
10759
1508
7013
31487
55416
6149
30966
49183
42921
82190
19289
3264
29871
15621
4836
17660
9734
24145
32412
19824
5266
41710
8877
27423
22713
19288
33166
44369
26479
29970
83556
266
3765
16868
2516
5976
26896
9596
42673
1107
9504
7490
20335
1193
1288
13402
70557
16259
24805
16540
38689
6403
2255
898
46219
3216
22712
44799
4781
56297
2589
23297
21785
16105
44620
22289
42714
13113
21892
22334
46655
74436
18916
995
9075
32354
8512
56024
17812
2731
3
30367
32006
3507
13004
11648
41203
9524
3472
38833
11648
18467
1896
3765
31906
8924
10259
58514
45009
14389
36816
8959
30867
8889
26769
19435
3190
24186
1484
10891
2401
13777
442
21451
3158
19626
38557
9879
24045
10735
6510
12872
13928
10651
1188
8879
56881
93
21725
50457
24208
20526
6683
2275
4561
14391
8275
4759
8420
14045
70870
4978
35900
45024
23913
42933
14205
22269
34449
13541
61729
19148
25980
48320
29080
5830
4110
18406
3547
28728
39187
36891
888
12522
9555
16680
842
54235
48877
43149
30201
821
43968
47652
16848
9867
22698
2115
40476
18281
3770
11368
26729
2262
522
11009
63977
16196
46166
60610
46178
36941
36957
7099
51605
3330
13687
1449
3
53258
53
2445
20354
23332
3625
2410
17139
39002
57862
20434
18590
11560
77361
6968
91447
659
52639
32468
808
55380
1332
13848
1399
31772
14121
15794
5110
42234
1351
16076
22021
46451
6713
13080
10153
72696
29108
6657
39263
25311
57496
6700
4514
5438
13061
19446
45329
7902
21856
25780
14027
6049
6180
1832
7789
16197
41008
5168
53082
3494
38240
42609
30064
73738
50054
456
15885
13369
54515
25363
9179
14438
22707
3471
4368
24287
1639
24092
5185
69136
54493
31197
340
6
67499
17515
40028
4864
2209
92683
26322
9536
238
13223
3960
25237
6361
9835
32559
72631
46985
13844
46846
24042
62027
55383
20595
40718
25072
65131
2077
70549
6715
9405
34401
22806
30543
63911
10406
27472
18536
32859
24753
69396
11230
8673
35317
20328
25929
17297
59948
2315
8175
40606
20213
3379
19879
11616
6678
6351
14880
38466
4930
34416
37942
3059
20365
2855
6225
54428
57813
12718
2803
44655
7942
1904
40999
11646
1
54392
2181
77096
32403
42962
59011
39618
9719
49826
33043
21779
556
14187
34282
15564
14149
56183
77767
23247
47076
76451
7178
4502
39330
14391
21771
16427
26486
14216
31606
11318
35446
5005
14621
8990
13483
409
44494
52142
7625
476
11469
11234
5290
22993
25335
18508
44931
90030
15864
11443
52487
5488
31667
29397
7833
2222
3869
7548
1866
14672
32741
854
4080
57632
27189
16345
321
42182
35016
5325
16363
43775
21838
15504
30309
48745
35861
37928
60445
30948
1708
534
2335
4257
30645
3973
14006
32401
25064
47394
4472
13982
8952
3887
16356
13063
36265
28970
1560
27917
6329
29635
1255
17412
29677
23103
3284
2079
48298
36975
12409
14331
20881
3397
2127
80315
14909
11495
41383
13091
67432
35658
43071
34084
29393
3344
64267
37528
4536
29109
64014
12725
47823
12430
2357
4
6619
2494
297
12762
45463
15295
10247
3127
65434
26084
18557
55446
3090
77519
20655
24176
8727
81391
10396
38155
7775
12111
62594
7927
51896
4620
4017
15426
14239
57716
5321
31806
4712
18502
24772
1365
6080
25948
12144
11610
28601
7326
29511
52980
41444
11578
317
12952
10943
46178
11087
19461
9941
49269
261
57926
42681
23396
53612
27113
12193
22653
13140
4251
780
1982
20155
37694
18428
7776
30622
34430
1
13814
2561
5097
24702
33602
58220
59851
6276
9805
7790
10352
7509
43787
22966
35677
1410
40049
2659
23166
22831
10844
23347
21174
30274
13185
50338
6360
4824
23187
32240
40364
5882
9301
6972
3905
27234
3916
20771
16261
36027
41474
33270
50623
10974
41308
46850
44901
12324
23436
6215
1856
38147
38270
2719
49514
2311
2385
3667
433
4178
84622
46051
4387
6972
9008
37362
9178
20245
1420
12452
5631
4258
31082
46988
13400
20564
8726
68427
48939
39143
13059
2148
14660
55339
37070
14076
4210
30553
16437
16357
10830
59139
26748
7723
35824
46855
10511
38942
4304
6970
16493
48308
3391
7221
249
8526
27002
3325
19450
18720
30516
7606
55668
50439
21176
13
37549
9007
29857
13312
2978
36496
90758
39975
18538
28991
19596
20424
687
10850
1937
7331
41371
5861
33021
43255
12958
641
56511
57472
34241
6503
42100
26071
2823
1832
18318
13145
41759
1929
14017
11
25458
18491
2504
20326
41210
2273
13306
16214
18081
35050
12954
8660
16524
7174
4066
27145
13671
12974
6887
36700
6672
5552
419
1179
1674
28110
9699
23843
26374
38311
66524
651
22837
5884
4136
3709
27807
60100
841
30748
2315
28098
313
47877
5933
7741
477
29312
61152
979
36621
11480
36656
16185
1163
27177
69622
31919
9025
11429
5456
38024
27655
7819
79603
12794
29741
49097
7362
1242
1496
19379
19701
587
11625
64287
49358
21634
12565
4981
62152
1356
33017
1924
24007
21435
8311
5771
20570
33197
14747
2
9330
2627
3072
21191
54
7334
62336
35865
48916
29681
32977
48753
5595
11
2354
10027
19658
29005
636
24520
1603
34987
5828
77195
195
9463
765
1
41208
11602
36927
34745
12967
18784
16592
33181
52654
48020
52235
4942
66584
47935
25586
26691
27191
1126
31724
12848
702
22556
12776
56420
5994
4035
46572
38947
1921
507
5460
11185
44398
24626
44509
11971
2345
3530
3161
33926
345
2815
34016
1200
2231
13
10149
59278
24869
13509
54971
6394
4482
24667
2224
26403
17139
3272
54552
5437
31305
10086
2832
297
27685
4014
27993
2880
77588
12
39308
19747
2404
3525
45050
10748
12637
75075
44509
10147
10589
10432
19522
7141
39307
23034
6405
17473
1901
1454
15493
5704
7185
8718
12240
24077
6067
10550
20109
18543
19669
64596
20200
5796
11483
30046
48643
8704
19746
6312
21471
4904
63483
36358
15166
17284
1613
10365
88338
3618
6752
4201
21724
72000
2035
11520
2466
55515
4561
3234
21530
4445
8983
11601
13291
14250
35601
2614
41878
40299
42374
66623
32866
52498
31313
6838
8920
14233
12764
36886
6850
19182
24517
82038
31743
16998
11499
61621
25472
16083
8
14142
72343
4395
25484
6535
38
11086
1681
11266
1544
20368
1978
37459
18946
41955
1
1237
15233
15565
2952
11735
22636
16467
14796
6723
8383
17420
37987
29290
11527
30815
27516
33417
23726
7318
8057
6996
3081
5870
15761
71560
1870
4692
51294
34973
7719
274
589
15969
6188
15388
9363
19043
36440
1188
7919
23687
2500
6571
16900
9408
7605
13
53422
1001
17211
5410
15370
60802
13078
16336
20347
3162
55267
61708
3005
1239
17905
66215
22945
10547
33003
5422
1093
12167
10352
670
875
50747
27059
49036
65004
17002
682
8702
16682
7653
50638
5108
15207
2805
50217
20054
540
11005
30541
2303
37723
27745
23421
17094
3852
81415
12322
6288
51358
1173
48227
37932
11453
11606
50247
54278
7093
34638
31556
23184
16500
8463
15173
7805
73521
29179
55531
17915
22770
5921
2259
21351
55729
5238
2292
6794
18144
17420
362
2952
4289
12112
3931
9092
27651
22136
19562
25209
14031
7671
39869
11956
18385
55809
57159
10634
45100
9106
27489
3663
19231
22068
7999
37643
1345
2105
16325
32691
51755
35643
39474
43507
72856
6181
13257
2858
42133
28556
17127
3536
20496
4188
17937
55140
17517
7449
72661
25226
6614
73495
6833
4893
10503
12975
12298
50982
10924
3
9231
9688
1316
15929
4771
18195
11929
2229
16603
18989
73294
45523
10407
15974
68178
18289
22954
41167
11522
11380
9601
872
57941
29447
5951
19300
27947
15617
39707
27054
24393
35405
32422
2406
12085
9849
30554
31579
481
2610
3357
38998
47005
38623
39983
1496
23016
14058
9156
39553
3645
40384
5347
77017
5759
8954
40436
36386
27628
54185
54670
23772
16333
25525
21476
48404
1677
5066
60667
8299
2935
13573
34453
43588
1480
44786
31544
7931
19548
40268
54974
45906
9614
55820
31172
46054
1241
8821
8197
311
4233
17636
7781
84717
16484
5044
22452
57577
46128
16029
33081
2900
31060
59259
20572
1681
8814
3928
3245
9161
33385
77146
62797
22794
4457
7311
2743
42253
69698
12192
73255
7134
1814
2263
40188
18976
49804
1344
19019
28945
19408
52856
38535
6297
58540
23952
32305
39643
22717
29882
1950
11857
14435
18931
28229
6
72352
41008
7170
8334
37950
17346
45880
64247
49080
13046
73727
4184
82452
59557
3
22977
19628
35805
46961
10
8943
77548
15369
4
11377
9149
23042
954
16713
47991
11384
31920
28372
24913
883
23479
10729
24268
28444
18067
6990
29004
67769
22808
6398
15528
19675
7784
39903
16948
18885
13739
6413
7951
53392
21469
3564
32568
34604
20498
30751
22387
4957
40313
60099
632
26281
9255
61670
54496
5427
26663
46472
6
6600
1126
59926
50686
3954
8980
36950
34368
41475
337
5850
51148
31676
5643
1874
5761
29450
5027
50
1608
42090
540
6990
26896
26900
36227
5015
58744
74984
60533
52896
1791
18225
15197
10126
12094
2131
6111
38006
4448
27234
28691
33058
673
14563
57708
21532
40156
41419
5577
69730
9138
472
3141
18806
16552
50320
16291
61996
15894
51745
60121
23621
29420
45994
6976
24173
6916
11505
11709
16124
3979
36216
25479
616
4899
3142
25520
18309
21163
46015
23490
521
19255
11073
61143
17987
24801
15552
42578
5959
7063
37654
5629
24808
8647
17588
59342
7219
16510
4445
12647
27613
744
15013
35595
19353
63939
1531
15105
30988
604
38675
86649
11849
28732
2
2783
60542
12512
5595
44194
18431
26495
22407
35355
14796
40118
73786
8527
69268
5652
712
37206
54211
8606
35006
65643
42214
79641
1900
18424
16092
39019
21445
1291
2366
56623
4764
59409
11201
7031
27329
20734
3551
1216
5423
1354
1932
44204
42277
17875
2611
24850
47669
61
632
7853
18047
59234
74409
52725
2567
15219
18667
10656
52971
22251
69822
12671
58717
2781
33693
607
5245
22515
26047
2386
6210
35144
1870
34602
38216
16574
72046
30654
16023
8352
11555
2208
15634
52992
17427
69200
24960
56275
27605
13170
7712
18288
41966
49638
7866
65934
19269
28170
1837
1079
11651
303
32696
44332
55196
4920
27139
9747
7993
5580
7862
81362
27541
5425
80060
13013
18776
28329
23907
21322
30005
30612
39145
4040
41172
44248
14488
28465
5675
25920
60620
1759
4512
10060
12758
51278
23747
29754
31943
46138
76494
25088
4972
34899
6353
13485
21290
55149
33076
17014
18255
17834
66325
5330
3976
5642
5294
9711
24513
30985
4913
1758
18296
10708
34292
66967
57209
38040
455
20003
594
12972
27243
44640
18001
29392
48927
36592
35853
53878
12520
7763
3631
1123
37098
16455
22700
22059
12710
79623
25560
46078
5634
9481
87062
47080
60543
5069
23490
63307
27689
34572
2626
22723
988
6207
42212
29325
10256
51334
48934
6267
16
1484
