6987
34986
15943
14978
41706
35459
857
50705
12972
20993
12079
18319
396
6407
6653
9256
3667
2151
27069
14
3448
8301
1966
4232
30680
17010
367
41437
686
8462
990
13296
43345
43654
11163
5358
16660
1792
1358
36418
26736
8773
1980
6424
11640
36492
59
31415
2607
40371
12165
15297
54616
10264
8260
5862
6791
20943
48846
602
1749
10767
3659
7841
526
7252
4695
23300
7549
1165
10854
4321
12514
8473
2258
12887
2567
2588
20254
25459
37874
9116
2657
1
157
7016
16651
1893
48170
20343
26617
26105
3247
14203
1186
5999
3791
7393
3907
6330
2945
10322
47468
44274
20387
2568
4754
25502
7548
18475
3856
2849
39220
6522
3420
25203
10317
422
6282
313
5457
45414
2372
17517
29785
3736
11458
1090
1513
39169
3142
10019
3792
27457
1113
20258
4072
29059
6026
28855
439
14677
23320
18073
19689
9776
29227
393
4434
8215
39060
14435
23968
1923
8418
6042
3090
10279
33914
9470
5054
22154
4914
20493
534
14410
4616
57365
2830
10505
28066
1526
20705
37553
6798
18572
9029
7787
21289
9451
16508
48097
33329
11310
42937
15457
23190
9422
36539
24341
27176
10325
7219
438
3068
814
667
32298
20795
6124
16033
612
16006
10228
2
2543
193
1072
1769
551
3318
42645
4927
17261
15789
42322
51669
3837
38776
30917
21414
6527
2
15275
8667
6319
1655
23973
3694
7538
6500
42343
701
18008
19731
2343
38887
16400
8416
4910
28007
44631
11870
2467
2138
7414
1436
944
5
2153
3714
3410
2512
5018
33022
5269
730
10484
13893
3553
30249
41820
11949
24408
13827
12674
4351
20986
12239
27776
9896
859
11783
25620
7876
37494
21533
48412
20182
17693
6701
16626
17638
40
26393
37694
14572
13418
1066
44119
231
8112
21747
5861
42087
8076
1855
21441
1144
1259
23316
2335
12910
1900
12306
5065
26018
25217
7099
24114
1619
22766
6292
1522
25544
2243
3965
2072
18414
5360
5586
8902
691
17351
7356
21842
9184
18885
19725
19275
5369
4544
870
18642
2641
15464
26516
634
10619
19609
24806
18375
13404
5865
29741
5541
3144
1017
28397
89
17915
9316
9364
22387
2
2181
53355
19048
2235
392
26953
19569
11841
12136
425
21111
6
7455
39374
51649
8781
488
33264
28585
9586
29286
3667
14813
590
18520
45877
10709
16535
22086
9883
12164
7052
14307
6095
601
30611
12667
10934
35848
4962
12206
2916
11342
12974
10433
11107
1058
643
13842
1
13861
4557
11308
10747
4508
2510
6257
11432
19863
5445
2418
1
1741
9792
5932
26878
2328
10442
12839
31893
26794
2732
20662
43407
14191
58446
18099
2953
2151
12302
22452
56720
2851
10752
25852
2084
3677
147
27234
28697
17425
1663
13353
3181
12918
16138
8960
4540
527
21982
3363
1
29314
17675
32802
14854
10100
183
10557
6113
25874
29437
10377
4857
7273
56644
680
10186
41412
11160
8068
11059
11441
14749
3934
11878
21985
3787
454
7676
18469
21428
38505
10031
937
44445
12189
35161
14918
14418
35772
12478
42229
39963
332
8153
56779
20581
7691
25063
16447
14861
6191
4920
1
14434
16429
1297
6097
30414
5748
20773
10827
8090
8301
48441
19196
15198
26141
21456
12215
17273
11220
3769
23394
31452
10193
2408
14355
6525
4120
49495
7843
14733
42742
11767
4156
22640
20426
1182
38617
24967
114
15738
23322
4491
21
19608
26331
7449
3
8019
4878
706
43330
1085
901
151
28344
9256
2
10396
31516
12460
17039
24971
7679
14698
7093
2971
14679
7230
19545
1911
4109
2304
873
27843
15075
8731
164
25273
7063
41234
14419
4809
33760
3979
14805
23692
30754
26998
190
4980
3566
5467
19469
3119
1074
2690
3779
4757
57
2
42301
25763
22592
3258
10732
574
793
16426
37908
16110
22130
39640
8191
192
13143
14306
5846
3607
697
11153
30336
3196
14126
15057
9386
30158
19421
4224
27965
10249
30063
4303
927
41525
26465
17381
680
10709
6833
35176
2381
2210
27329
55966
6542
40634
42858
3686
7570
18061
28381
3538
2210
24713
32139
19411
5866
6777
13485
6659
8097
6860
13178
11247
45016
1717
4496
25631
57127
3329
50436
22848
23810
3603
28017
20818
18960
20844
3365
4875
17259
9136
8436
604
3663
10339
18281
5427
13437
14674
13896
24325
2667
16861
58617
4601
33000
10018
13466
18906
1503
17804
12079
8711
19336
354
3475
20281
1059
17923
25876
8262
6260
12479
11010
18276
43853
17166
5926
13103
18125
7880
7662
42393
22095
24718
7479
43
22832
7610
8058
39141
27904
19239
33662
24811
39227
14347
46158
4646
2105
41916
6374
1
20693
2072
7066
6484
45570
3291
19371
1708
2011
12254
8209
12575
14949
1410
37571
331
3982
2307
55347
30284
9287
33595
4208
11900
14954
10733
4924
10787
22680
30501
19158
24591
9198
31444
8220
42477
31528
185
26135
39465
9705
25099
600
16435
4310
31000
48474
389
3759
3928
7252
1531
44063
540
5867
25182
21672
24667
9847
7061
34580
31891
28708
42954
4632
33046
16537
2306
20461
29954
477
11667
45904
2315
15735
11016
8037
12309
26203
11369
1942
26602
47922
18486
31075
10268
10323
2127
24503
3
1449
9762
16047
50255
10944
11589
3083
3175
35694
18544
5009
30998
23073
6524
38132
24164
4598
15663
4371
50175
6658
4020
8560
20054
3395
14986
8
23714
4929
14388
41381
1357
1122
9691
691
49302
42084
2206
21186
14079
581
12302
8562
981
31172
3562
46622
3819
7210
4639
7592
31132
29684
2059
7220
730
23760
27162
38495
31427
27280
48908
13006
2316
47849
28805
3491
4029
44032
18018
29966
8344
13963
13889
3509
5080
32119
10951
19509
896
4102
23521
5833
15180
538
28565
47348
4956
3775
2392
28699
4592
3873
23500
6117
13725
7761
35487
3480
3191
20657
442
47181
21271
6886
12590
49863
10854
23953
6127
16718
9513
9051
15232
8724
44544
16314
33361
10921
13013
1215
13786
2786
7856
1500
21148
16354
5923
12212
38609
5164
1775
13166
6430
1257
7110
8742
9604
7200
5873
1595
52313
22715
6033
1981
18893
16668
3125
2853
28314
15946
9989
1
6894
6926
30692
16352
45841
1953
9344
12083
28398
45050
27595
13517
15326
6322
19267
15043
32551
6
7857
18424
21887
14060
15799
31485
41441
37349
39811
20930
5378
6831
143
38030
13919
49882
15201
8861
18819
25595
3939
31005
4286
16525
32436
5615
44685
7676
10954
14403
28
3874
60553
2363
3168
49362
22761
5975
2848
6705
10568
37989
2324
5103
43822
15037
4566
31460
29463
1509
35658
1505
24955
6579
233
19671
33918
1008
55623
3429
31283
17145
25175
123
13521
35305
48180
27331
32208
25055
5905
1852
16595
602
50847
18348
538
7592
4
2810
2132
20646
13836
41387
13775
60
18655
7308
16591
4790
1586
2901
56121
1
21170
1521
670
34624
39756
5850
1691
15910
804
13947
30483
2691
44544
34451
7678
599
8947
23674
6797
33245
7341
443
37275
31061
3169
2399
4672
1226
2411
11199
1206
13036
272
2482
24289
29339
16097
5869
20052
10147
41246
7748
37219
9044
295
4499
252
4408
2940
16547
11631
21956
16035
18697
34450
29281
1518
40604
43085
3137
2182
19674
13206
17486
52659
11641
53003
2479
6663
728
16568
2797
6344
2832
15307
1295
29640
43967
15858
4756
14351
16852
11730
38276
27046
13277
10567
11162
20913
25450
38637
8956
22082
18952
8805
522
17705
429
205
26019
5093
3668
31
34093
8304
9271
10015
38529
21859
26962
32280
807
30698
33678
14053
34747
5501
1651
13406
7438
30424
3782
3677
29064
35976
7399
14505
24260
34471
2702
20483
15108
51304
21903
57422
1630
2737
3931
21707
15472
1864
29861
29606
39592
10983
25059
26377
26311
22639
4900
19027
11325
25796
7280
42424
16698
89
9513
9879
5673
47312
998
10902
3785
43256
8547
16448
186
6103
2351
1424
7850
1184
349
19203
14410
29119
2516
13093
27549
2261
799
11767
38677
544
16070
49820
27821
2257
48715
685
2604
26153
50794
20219
7957
48441
7449
2253
13748
180
2262
24832
996
5964
10802
6226
49055
11048
10258
20158
27844
6
1637
217
6278
8464
19019
38753
21652
49663
16933
32961
33064
21245
11812
5216
1400
3862
17988
584
26386
45085
4878
5942
5749
21532
14302
6634
1224
674
29773
14935
60242
10074
1373
7489
855
27734
26534
16330
12067
2745
54487
43352
3327
34745
10364
1538
17763
30136
15088
1186
23599
894
30123
3092
21368
13954
37208
10132
13578
38340
53121
10671
32372
24898
29546
28901
8030
14735
10749
50854
43316
4431
37482
13528
8037
5418
854
32369
9934
855
9411
8787
98
12210
8616
1411
413
7868
3648
6468
1062
23865
17094
8442
8995
37497
24957
20862
12316
2
11266
1099
33
5082
26816
818
17749
22334
8195
1592
11322
7394
24668
9040
46572
10287
32662
24590
7071
26142
2040
27507
1961
9645
6788
16225
18707
11868
4539
4105
7635
925
15792
23098
21745
3378
2327
33288
48162
46792
13168
5137
2
4610
1124
9530
4655
31498
5332
20470
3870
39751
1448
10940
7351
44072
1
59796
19685
13230
2847
32708
6056
29783
20008
1747
35159
22415
4611
2996
15620
21484
34366
7222
661
27233
19166
25992
36933
12582
44135
31330
3853
4971
21474
8566
22653
3141
22089
34681
3791
2773
12455
2891
6827
3954
9377
21802
16161
8951
51220
16886
16911
1092
29869
19994
3733
508
2569
8958
5017
14376
757
32831
16321
19623
2596
8506
4261
6284
12793
13798
3458
171
40866
6175
4947
21914
27898
2011
7563
16781
15897
38428
12866
26414
22432
16213
24981
43067
30211
25171
13083
788
21083
13260
3219
20858
3232
18799
4594
2302
22809
34009
3357
6087
16327
26960
17590
1873
13911
7269
26360
50372
1608
16072
18860
3597
910
1288
6342
4285
41433
33456
40618
34158
269
8352
6408
36501
1732
1961
13296
46
2836
3224
11158
12678
665
8159
3116
3146
1338
263
19100
1812
423
6991
26474
5481
12018
127
723
25359
27564
2216
22419
41421
10966
31591
4140
13830
4109
8174
25188
7238
122
2253
1
10480
14533
6686
3743
31858
25308
246
3401
2158
30493
211
12973
10901
45661
23628
243
5556
252
15197
42419
11016
22859
11261
26740
15886
943
1304
14175
6650
32206
6465
38496
13361
1883
16915
33755
1224
11317
16217
12872
14733
1000
53561
15079
2134
36345
1431
2885
9087
5063
2391
1295
1320
15230
40717
15585
5780
4309
24938
4590
53603
802
17046
1898
12005
47010
7994
33034
30441
50023
36437
1198
19179
28087
30629
24769
23927
352
11789
43934
4824
2742
934
5483
10111
5923
251
42794
50726
18574
3176
52515
925
47937
47156
23693
37301
7885
40312
11595
32311
28822
29158
32291
11308
17545
2095
3556
8796
35515
14104
7609
10377
35224
10017
9302
605
9429
9073
28806
27321
13956
10952
4115
35496
1128
1351
2094
531
6002
6548
7883
37859
2073
59615
671
2066
33543
10268
24152
12727
16447
4586
58535
2
1155
9749
27537
5907
9368
14205
204
6819
13977
10371
46032
23664
12906
3006
294
6595
3549
40144
18379
33256
25774
783
45446
2709
14026
29515
12653
13005
1777
9347
12979
21147
5644
18972
11780
962
595
3347
2524
457
11062
14771
463
46769
5806
18414
13728
7776
415
23209
2325
12506
24811
11618
40871
14634
3
418
2337
9525
4958
25971
19640
1956
2
1870
41069
2009
15613
18037
17711
12166
16307
903
7623
31367
12717
24328
34361
37094
20
17129
16402
5085
25007
32822
5599
56465
23168
3067
1426
17835
25232
16420
4745
27235
11544
16496
29185
7080
15035
4208
15478
1808
17169
15101
5753
24607
648
26235
44314
36506
46529
5038
43932
23399
1176
3421
17618
16405
8653
2652
38375
53121
25999
12154
6944
40849
755
28209
21773
19900
27088
17663
1145
28796
1
1133
40830
3495
16169
1125
32789
12583
11462
11670
2303
31640
42345
589
21379
35986
36735
11879
1899
1255
10008
3567
2772
8468
5317
32055
19572
14001
33381
39729
2
14260
1908
53404
7
25004
9876
10078
20518
26652
7164
41380
12532
26728
5891
10537
21356
1371
11684
42623
12140
31788
7009
14013
2892
2369
12234
13108
17204
19849
12706
42998
18189
27213
9001
3761
9911
3502
29204
18843
21905
10283
37293
25483
18388
11121
14217
3820
8719
6406
42721
10327
5931
7612
11620
34696
13853
3571
10805
3575
20919
22865
21632
6754
21444
9273
25760
15818
12
2609
1
10533
1727
8223
1543
8566
14393
14337
8767
14615
18727
27827
2385
4090
18465
27285
6631
9172
12403
31947
1517
10018
24311
2054
20043
26599
24983
1856
2246
2077
16397
27022
25833
36793
3519
27079
735
17575
23739
3765
33840
1816
3322
4119
41130
1
11286
1647
31269
22461
17
1615
6343
41868
17505
15140
38862
2224
8288
10622
2040
14310
1176
41801
8447
14619
2717
17607
1505
41903
10393
223
9143
13111
1372
10074
21798
8129
13508
10711
12695
2300
12980
15019
28222
18785
15717
39008
28681
13568
5641
2038
21976
23330
2900
7760
4594
26179
11539
17803
30859
616
6315
27956
26855
11150
9543
16756
945
66
13797
16916
5194
31648
12823
18974
10024
34354
36494
1072
15331
13497
18061
13588
14346
2064
45997
22051
566
3945
31336
542
9235
47514
5645
1406
4685
11985
2059
36816
18455
13410
24830
23262
30377
16265
2832
27227
7860
52790
23914
10705
21251
1485
7007
6188
46899
13623
28082
415
14492
4656
16177
44276
36390
2965
50108
19217
40748
9280
16282
41659
317
17606
7047
255
4697
10966
43427
1
17948
810
41212
28693
8170
28302
6804
39686
15990
5707
1173
16479
22557
25979
12439
22779
6705
902
44773
2573
805
9854
5513
52320
15839
6889
10681
18526
12043
8745
23429
21578
6980
3764
18
12180
27490
8483
51865
23087
15157
5860
1544
26295
5397
25661
21354
27256
3508
19861
18466
16580
1196
5916
27493
10882
2882
5421
8864
3472
2716
4597
39529
14628
5508
4350
2667
5492
29244
50427
62
8232
601
3848
579
1379
777
35485
18849
325
4700
13407
4207
46621
6086
14080
22618
18639
35078
9082
13105
4
18102
10990
42136
52
39074
19793
12157
4854
22081
3430
28416
39769
1
18003
1951
18040
11123
7864
40892
3136
11593
1799
172
36657
25875
23022
7420
688
5507
42299
28548
9611
3701
1474
6708
3061
3927
56725
24000
9525
46534
7772
14075
20114
9250
130
30756
17416
41882
20622
15884
55084
14136
34537
17185
924
7951
3149
25963
10174
16922
6045
10050
4818
2357
14344
2931
5675
32220
39354
22384
25059
8155
1814
8511
852
18595
26951
2215
27126
12344
3073
1897
19238
31157
7796
8734
2892
7267
16698
21603
8002
9269
4170
31364
31178
1582
1620
19641
14283
39077
1723
10456
22339
20573
6344
1837
25246
17203
10526
44208
966
24718
19104
2493
40934
831
15496
5221
19695
15021
38081
6059
868
12364
1620
17385
20204
111
43132
14713
24146
45957
35212
15136
5959
2843
20878
2209
24872
396
13
2802
28843
22391
1981
17833
9864
31595
10523
10656
4638
8895
20382
18482
11823
18335
50818
1906
6619
19142
1186
7751
21964
4642
4300
10008
2713
572
20372
47347
1
5912
1891
545
19836
13722
14962
3331
16028
29867
7054
24084
3673
1731
2353
23729
8509
1373
1
19708
28238
7842
7799
32183
25712
34520
11213
16146
3834
4748
26219
20543
20274
9358
39300
13118
22022
4541
13134
1341
34055
20583
22280
934
28310
3331
39101
10463
598
3055
2
12779
19297
5286
14067
45537
21268
4151
20741
35202
3418
12833
43671
31075
36675
37396
9948
1423
12
2508
27516
20947
15202
3486
3608
27078
13588
12098
17561
12949
14398
6955
6157
38432
36080
27857
3162
7926
46662
6852
479
18690
6391
348
56
665
7618
1345
6
37006
20534
10476
12968
17389
19998
6725
20862
12852
2219
24070
39485
7654
9620
13675
11512
2052
3079
11226
10535
4469
10080
38565
7743
5074
11306
16373
291
22292
1771
8966
24360
10985
11191
18392
526
37866
27131
46889
41873
9939
17200
4119
17911
39110
29137
32695
8797
23628
26400
592
23242
42834
6006
13666
34091
17770
25445
4117
6654
14414
2297
13722
1668
1104
3597
20928
1655
15469
845
3605
33983
1844
47057
17673
913
24254
2979
4418
16889
331
2523
1
1770
28992
19724
39998
8719
4050
42720
16688
41594
5367
5406
27407
30698
34409
3252
12311
24005
2931
4701
16426
4868
15763
2833
12765
45929
53349
2411
8890
23857
15803
20831
1363
18122
38404
49878
2202
5822
12743
21931
45366
6412
1818
39830
4178
34161
14189
6904
31402
41363
23602
17758
36352
17157
8098
26512
24727
49519
398
25850
45546
45281
11926
866
13201
10125
12235
1396
6693
684
50592
19513
1103
28023
34791
40577
3906
6148
1478
15218
8675
15530
25009
4886
28685
8938
4563
9552
4018
20818
3281
5432
8930
10282
588
45446
28033
15283
35715
7614
9641
4452
12759
5297
2361
7069
16050
8534
14654
17684
357
1195
5263
8448
1396
23124
1789
15185
50425
12966
6074
19511
6196
2532
15638
4547
11596
20388
10128
9555
16058
4926
30265
40650
10735
13652
9845
6847
1124
13375
39322
5110
7860
23786
1151
2160
651
16358
2347
11621
28266
15734
9894
15765
3563
41395
1222
13706
48971
12052
2562
47149
39383
6287
15230
6878
25079
19024
9831
9732
35888
37841
9907
25498
19726
1679
15424
15944
10078
6155
17295
1
8526
6497
9571
14671
16682
45971
27074
4639
19742
19774
1434
18011
6079
7362
9479
10469
1
20670
1709
12090
687
18081
4163
5572
1713
48817
8585
2875
10154
2717
48384
788
9187
4971
3222
18770
8059
20819
6014
12401
54062
27521
19809
12505
17863
6643
48342
36663
4821
1455
5216
16501
24073
5773
2336
2084
23528
5617
11893
21828
1846
10807
7135
16424
29954
2201
4201
4809
3876
26987
91
17690
408
325
51253
21407
39781
4358
3625
11571
37605
24504
1128
9374
14094
15519
3654
7812
40027
3382
7719
24067
36763
1519
10251
10281
2884
32517
27220
5116
3366
18582
39859
1
2062
16780
35108
20983
30235
1269
22908
30580
40616
2162
25385
9085
22961
30197
14793
8969
2911
762
26234
16932
13485
24520
1699
4708
9186
15267
8489
1551
7323
44419
9121
2532
5605
15624
1017
10814
3090
1792
28662
7746
8473
24719
1572
37598
6658
35998
581
9694
14070
12546
3689
23600
31487
15887
11458
24935
9874
16030
13788
24352
1794
27933
3854
17139
4832
10958
1596
2852
15029
8321
3437
22615
16998
13382
38856
10717
16189
6525
13884
3946
840
5397
4971
25046
15236
421
6917
11021
250
13551
3090
7757
15137
20345
32275
24516
59
1948
34896
52609
261
33365
924
1412
32932
7089
425
16517
306
5437
51654
337
2120
1892
29578
12619
19306
2017
40299
260
25695
7682
31082
2598
25549
4116
9569
556
11930
8619
6016
40128
29041
13127
18279
23410
7653
30694
11427
33744
1316
53776
42373
2387
32751
6601
24194
30248
33352
2960
13310
32095
572
6901
32995
2107
4896
31871
7648
5391
4441
38903
8892
20258
23737
1852
20354
3844
12029
12942
16496
9093
4582
2226
2171
209
13708
6
16992
44898
6102
4273
2666
13362
9850
36379
35237
5292
11805
9927
31411
34042
22918
33948
15413
12377
45705
8465
17329
6368
6092
26833
19611
2545
9754
12866
2689
284
3077
42593
10881
2444
492
3799
6661
7227
24732
33000
53537
2018
32916
31476
2883
27112
3695
22265
10547
19609
11797
802
19074
11291
31561
17937
1461
3840
21308
39008
15852
7245
11921
10495
221
41419
16652
55139
17618
32431
4544
10436
31054
5203
14165
882
1261
4340
6056
5904
38216
36430
833
496
11753
2
8707
4764
29342
24323
20518
12410
1382
20135
13541
5814
48533
31733
3620
28150
8752
8148
31681
3123
41359
54779
22458
28122
32805
1480
2515
3703
38592
14117
18598
2224
40545
46317
4359
48195
3164
12615
1603
13357
2097
28456
12105
28547
23733
108
19319
24274
7054
5329
15901
2299
2468
20629
15271
12859
10281
5422
38369
42330
19966
42116
7691
2028
12248
382
465
8607
7917
42379
22583
5227
58119
56096
33966
40320
18990
27453
35888
538
6037
13800
7727
6732
13180
16171
3069
40189
271
29936
13498
17984
23786
6779
16077
21487
26705
25411
12817
9512
9478
7374
15768
20334
4939
25674
14722
43453
588
10858
42113
28130
21472
45026
14281
16070
7425
3838
8396
19612
31897
11077
7694
29691
1103
19122
12105
5251
25211
23531
38689
7175
20
56896
85
23734
47929
43820
1494
10950
8767
13991
61
7805
39628
521
43415
4762
2018
4714
21875
7683
14991
1473
1427
31277
12343
12033
13408
33335
30629
10226
12032
28952
41655
42530
738
38685
263
11982
9665
5650
51375
38736
21698
3720
5932
3422
12343
9783
2
16092
1905
10186
12934
42550
11568
14155
3569
44555
21322
1514
16404
27676
16044
11326
3164
2465
24808
18744
7425
797
15957
2926
928
11367
11129
1270
47255
992
24058
3421
18609
207
43783
3298
16410
3849
1130
12893
10732
1188
9242
3564
10013
6025
5459
7804
39109
16834
26899
3534
4002
9607
3481
506
5439
30941
20734
25726
446
319
2919
12234
1849
2128
22333
3251
3531
34388
16073
3936
6966
15561
5514
3803
29322
24938
6151
11280
1310
34893
34
2706
4761
39367
16804
50620
33307
12369
27732
2100
13981
54982
7116
2885
401
4258
3073
26455
9897
14926
6093
14778
8650
7463
41940
5344
6114
32704
10190
2801
16117
11839
38890
48567
7296
32595
23834
19358
5858
23633
2493
12040
16703
31592
44
12050
9162
12343
49421
7372
47780
7158
13345
27030
16479
26008
26523
28531
15347
5609
235
7807
466
10353
6477
24520
45295
5908
9230
55530
11544
10076
14030
22979
36246
3998
18034
38311
8610
14839
4759
5645
7253
12328
29453
20152
4111
2793
16369
2590
12242
2381
4568
9855
500
1197
15908
14
14478
9427
22345
7055
21156
4024
25291
16613
6259
657
19858
13038
9081
37799
12948
23698
3593
13243
29351
8011
6994
3659
34587
32172
24163
14266
15775
335
679
26738
1042
24077
1296
16631
7722
24236
3329
3566
9284
8536
24182
21100
853
14250
5371
8397
1064
17954
34649
20540
10804
32044
14785
373
18485
10318
10772
5432
85
14292
21423
11345
32148
2618
37505
23001
3819
983
1723
54042
3052
37830
6309
862
16507
18935
836
20062
11652
2524
16898
31997
23375
10677
3
19843
1309
16302
26532
1928
12840
4227
17239
21885
15572
18886
34443
310
25771
9805
28011
39016
22943
15142
940
3818
28560
10589
31862
21418
11737
5603
49566
3719
40197
604
16865
42561
28577
21211
1137
5418
27148
2535
40308
30070
31567
7594
12601
8240
45184
13107
3754
28368
12404
102
27043
6500
1768
2674
523
41067
782
8788
21552
24268
16172
31975
2882
20099
18011
6612
641
5475
25420
46909
2366
42140
11131
41465
7411
8340
20302
4957
16270
20135
21031
8696
29052
32906
2667
2969
3600
3913
7703
26769
11058
2262
5205
26337
1405
13719
34829
8787
1142
13284
12906
39472
10126
35021
21617
3576
16518
29354
40720
30785
8895
18
42259
22784
9012
10223
265
5195
5759
37755
21001
40787
43041
5740
42671
205
18262
2050
24067
6829
17265
8075
27944
798
5375
14094
3
23346
5541
18906
2613
16638
594
18394
6262
13605
13836
10166
11699
3464
46297
506
10133
19674
5588
21816
29811
42925
20560
11708
22231
13314
3
20505
27928
10864
2254
32407
1341
28029
9323
8056
5210
18318
2774
3065
17209
40056
17671
49103
2064
15565
29365
18569
15481
3313
28069
26999
32
12096
1813
1129
7678
972
6357
616
4290
53863
20450
2057
13556
18602
12725
5795
26164
31462
5842
14900
28497
7247
6384
32228
5647
7259
32156
35160
4560
8942
30046
22301
21940
6301
4755
507
14554
17591
22061
8727
24921
58655
10948
1
7980
10816
15058
6512
7850
1933
8324
5960
21630
17588
834
15067
16778
2659
33267
284
18964
13169
6462
5358
32797
11310
9648
28768
1555
16398
856
13828
43696
11207
47182
1312
19853
3640
6057
14545
11963
5788
13586
47020
8351
28087
3130
24781
2
20127
11714
8512
934
49780
11502
12494
6209
6341
2100
23851
6936
36292
4353
588
42307
4000
16882
49012
1001
6922
4461
4656
16500
23699
8065
3373
32778
29724
20802
17621
7346
42844
184
48766
37115
8967
12538
49040
6821
977
7260
10659
14021
203
8174
10404
1989
40262
10549
38794
10246
3486
21256
12614
18695
42368
5950
9799
30390
4906
45689
2
22113
9518
17172
8935
8456
11674
47258
6617
1195
46593
3816
4455
11793
7630
36970
1825
6611
528
25286
6279
27920
2142
1730
21908
9904
31875
10746
17791
6541
1
9
5004
20788
14790
4132
3654
25667
11580
1
36768
29310
15926
10755
784
956
15942
17
3355
2352
34628
113
18817
41174
6626
12838
12246
14613
9754
21843
2191
10357
15474
628
28490
915
3715
3358
9330
5784
27549
19932
8705
7729
17405
15399
16097
2457
52347
9012
16861
37224
10942
7627
16647
23703
34297
18025
13343
17644
6907
1253
801
9312
20776
19
28547
37100
22866
6497
7100
5576
16958
8333
37751
18760
3188
19069
10966
9674
1585
19013
11610
4237
29837
1624
10888
1145
6901
12805
35305
20172
39130
11047
1134
5865
1137
28047
8062
1238
1339
22063
20315
934
28278
19599
40583
13984
38
16955
29538
14966
3556
1445
5961
1901
2891
27184
709
9447
44836
6523
6776
7925
16834
15932
272
20709
14644
1249
8265
2669
1838
36971
46129
11563
639
6603
2917
42416
28716
581
19339
4157
7064
21955
42940
3945
10390
1774
34678
9031
30983
18969
10441
12550
26866
1576
27994
3
2872
5133
848
7
8593
25125
3829
7690
7518
2761
955
26035
65
8921
23831
21242
12560
456
2643
3878
11244
50130
17285
31039
29114
8074
13704
27042
4271
39489
6081
30346
11956
23986
639
12441
8461
2680
42718
5529
40805
1003
9323
16668
12108
38245
6599
2639
12894
4059
28519
1072
19959
2517
13299
22521
19256
6200
26392
15117
12251
1891
16098
817
46003
9691
42
4887
25323
14430
2605
39951
32181
35925
35162
44
14267
10847
13135
38395
9027
17427
3680
2803
4010
56675
1948
3770
11126
1208
439
20983
7779
3
10733
38012
13115
16429
17072
12514
36041
3071
2800
2
3071
5933
19943
37600
746
38661
7071
22752
4031
14427
38143
12292
10087
16861
645
14665
1
35545
857
13681
26265
23086
588
10131
35709
16553
13291
3140
9791
15037
6697
6129
43371
20181
484
1345
2210
15733
51002
3488
18244
10056
13637
11033
31554
36544
16259
28068
42007
1776
2930
3151
50363
8657
31877
25882
5346
10723
5076
34110
22815
22992
811
34876
44832
682
18682
50939
1396
309
12029
3990
8288
1600
1441
32613
18118
18111
3300
8560
45956
610
8453
35524
20476
23916
23771
18082
31246
8693
3723
26871
6185
2510
34868
18442
5725
7991
33
567
11762
3245
1798
19044
930
11823
2266
53257
13036
7390
1837
160
21479
6223
24225
11680
12044
712
2
4511
25053
2
57333
18846
24704
46142
10900
550
28292
170
422
39467
604
1446
3890
44695
3075
20223
19113
7584
23612
3231
7390
5468
22100
36739
38872
7456
25652
28826
2393
14035
11993
1839
35767
2075
19748
3196
18019
7581
3751
2487
2990
8634
13605
7253
40829
9365
37245
37040
24432
812
18531
52181
16024
6508
5285
17968
18583
57552
6706
17923
9796
8246
3385
4212
8594
418
21909
9924
49724
10033
9736
1143
1927
6509
16667
6871
14440
11495
4278
13076
2957
49117
11675
9735
4525
9890
2427
1662
1
20222
4989
16331
22388
2838
34613
2015
22818
15312
577
36355
50654
725
34159
1691
33269
15109
682
10003
17029
6003
269
3
7346
5674
28214
14161
18485
7984
35979
7347
41681
26328
9951
20402
452
35837
16920
13596
27057
2572
11698
18463
571
5477
52702
13161
4920
19492
2677
6204
14829
31582
13348
13
1065
5203
15981
34195
28312
22117
23538
17068
593
24891
2187
12960
1939
7059
35
46447
5346
14415
30191
6091
12364
17719
9062
17754
9304
21944
20943
27231
195
24493
25391
1426
2035
13506
2092
2402
20452
8407
4259
10189
41310
15882
24936
22194
32754
13465
18684
18795
8838
23108
33727
22884
17562
10871
18985
31756
21528
31836
17124
10325
41151
2
29999
10897
315
625
28650
14994
57577
36375
49688
22122
805
29726
2997
10076
364
6707
2391
16
20227
6496
2028
56853
3971
35448
2857
14348
2092
37033
23425
9520
3883
22289
22955
20331
19932
27924
23714
8374
650
301
1962
14799
6910
20584
6839
7392
16974
15902
23233
8126
4494
1166
23946
253
7976
9565
11641
2290
20573
8679
6615
13988
1354
39660
26595
6068
5098
10214
14931
27501
9509
7109
4958
2121
39708
22152
18221
13802
6174
5242
10285
15097
475
1351
3588
23428
36939
27873
13377
691
58248
35499
2959
32922
20690
2001
25606
25638
6383
40220
24824
42421
18612
2570
27861
7883
14239
8451
3605
8136
23560
21028
4504
37315
11894
14343
2976
5899
10736
6834
1258
16230
1781
47839
60011
247
53710
32064
57557
23995
1861
6308
13189
16351
24384
41680
3967
7982
6753
1189
27373
43543
31528
13208
13822
11361
7809
25967
35045
12088
13334
11334
18936
7044
1
1317
2868
24358
16561
43526
20499
21452
37902
7345
11285
15253
11478
9597
22878
47800
10512
21643
1876
8
14378
209
6187
11823
22762
20473
3278
301
5617
5580
6
7327
22951
5175
10349
9693
20727
32425
2236
14560
239
19253
17334
47755
16496
18
41033
34757
12175
3662
4833
2906
8478
6286
19380
13931
16421
23516
3350
279
23336
38244
50411
18282
21357
31770
47931
9088
20416
4983
28970
1288
8562
7156
2617
50692
7018
10744
935
29885
36912
13969
2682
14275
21486
24913
27545
5419
3155
50865
29475
18848
23781
470
423
17913
7134
18885
1934
10189
4074
11208
23557
13686
7029
1813
6704
3543
18277
3114
505
38600
919
1453
17113
32
14857
50328
1095
23410
4330
23405
10332
39822
15703
24351
10485
11549
28855
20651
18957
7019
696
25140
17347
2664
20584
19873
26162
27805
8726
26599
26173
27280
29969
17302
31234
16880
7525
754
2615
317
29395
51581
7077
2
228
12035
391
18076
1358
21936
23542
16306
7518
21115
48268
8976
5198
9086
3293
21764
6306
9887
7366
2038
7782
11338
6634
26826
1482
25336
31149
38703
5205
26873
45194
8
7854
12581
8940
23284
1062
431
3
18342
16036
21075
51706
4532
324
14209
46870
13475
17547
10364
16181
8288
12498
17670
597
48044
20864
40863
33615
26781
14249
23098
505
8844
38864
1689
16431
694
41177
21935
1101
1227
12285
9105
2381
34372
22
9646
27992
6759
13542
15030
20867
13440
24223
3965
30345
33237
21116
6021
21837
17225
22286
35733
7190
21914
6918
17947
17911
1078
16831
34833
29726
20703
18369
30622
12354
18172
13850
40884
6418
1840
7014
32655
22339
5280
38119
12455
11584
12511
642
18349
9106
31939
3655
29215
33669
10714
765
21842
37480
9538
5162
18985
4389
588
7806
20453
609
12694
27229
10835
10785
1171
53793
3623
16661
15319
3103
18874
2690
12275
6565
61867
2789
10021
48342
15965
38626
1961
7543
48943
16903
10900
35324
10686
3583
343
357
2262
7513
15046
19052
8912
13461
9438
3537
357
37826
18108
9473
2
5668
27398
27514
1099
4687
3140
1570
5317
38188
18352
1436
24305
9411
45132
14043
1222
15534
137
648
17028
2008
5715
12896
21601
18838
465
44
2493
1227
1065
14650
17162
30208
16612
32540
6557
1896
26652
2915
6524
23469
58604
25172
37491
32043
15581
29941
22511
18007
5854
50648
6414
1393
14552
5949
26
20325
29503
5847
3742
9448
43950
17540
37859
3129
1693
4073
3166
27859
33426
21242
4850
19626
1301
19500
36116
1
29098
44885
47996
12223
4103
8651
5619
760
20087
2902
2573
1619
1117
1903
168
611
29813
7429
46035
1380
21255
12364
5474
3747
40456
36852
3225
11768
8196
9041
3493
5074
23545
3935
1707
8028
15762
9661
1912
2430
28453
5741
2797
25357
323
5734
8785
49809
41507
21399
10085
27948
8904
11735
6425
14054
1933
38828
15527
2059
31786
3704
4940
15367
4611
40944
56
1695
27199
29841
18491
19636
17473
3978
5156
3905
698
1644
1466
11474
19559
518
23937
14366
9196
20995
3121
6140
27296
3952
52591
11198
730
22366
6881
269
23112
13730
1998
9674
1916
17801
46292
18580
18524
1431
11420
7199
2244
16271
885
7765
1963
48986
7677
25515
5125
3226
27514
1260
15149
25739
12594
2415
15416
31804
14960
17149
37803
17263
3066
2
42560
12222
5285
14335
25322
19656
4991
13016
59263
12892
13608
23020
1821
10441
13554
20661
13119
11980
9266
7719
1151
604
7470
32682
24364
16782
12915
32493
34109
1
18013
15277
1493
17086
6430
453
24757
8907
4937
6980
29538
16145
47439
35743
2
58990
719
34266
1824
4
1162
32881
16344
647
34807
23337
18423
34427
22110
4009
23975
20804
11577
28002
28957
1097
4736
49976
3932
6420
38623
4895
1222
6523
21183
6643
7834
25796
11595
23543
23090
1976
17001
7308
10282
3783
13566
8380
35350
9607
24126
12286
3039
15728
2928
6909
2079
8573
21851
1802
25376
51146
10302
11920
20648
8220
3
16156
28824
40150
984
4875
21532
14847
11895
2094
1872
3132
26604
1795
1799
1329
12634
45360
6093
691
43623
660
48521
17784
17764
22831
2000
1775
6347
7393
4278
22939
622
17688
32063
38193
28258
9533
17991
1772
5454
2901
11559
8192
10241
223
15195
3729
22552
8092
23928
3756
10423
7161
9400
7040
40628
52800
9407
30175
4554
15466
19441
63
16729
4822
2053
26995
5735
25390
3300
34007
34731
23515
44353
7895
22717
20797
28041
5335
13417
8493
591
13706
3864
2932
37259
10666
26233
2107
28392
1
17089
50
7802
765
8069
17076
3534
14346
9036
17922
42389
41778
24169
9765
40744
33318
33773
16308
12493
21459
5416
3925
10657
5846
11847
7483
25068
16929
14833
15479
22344
1967
297
8522
10956
3703
2316
8400
1853
10636
6192
41210
14127
1640
33103
32840
330
1618
21930
18467
2264
2029
39020
21651
302
4193
17401
20361
46992
11887
8065
23961
36459
266
2131
4243
5565
7026
2703
33440
880
9869
1750
8218
1400
8797
19114
2022
15890
9671
8758
733
3234
50588
45109
12442
2
378
444
19334
20329
14257
7827
6013
211
11271
6091
30564
37222
35019
25902
1365
20168
7122
5995
4285
8858
14177
11526
15012
8395
3125
16182
39917
22217
2366
20403
15991
2534
14793
24489
35
10437
28795
1364
646
2
4565
6119
1597
20798
24457
7619
13817
9931
840
44313
16596
1031
1479
224
28179
23594
5967
12477
2520
6243
21661
55
5469
19837
8981
39737
23525
7219
10230
30304
20824
15616
1109
768
22689
6198
2568
1
1417
9270
3318
1987
3478
37261
9247
10533
2338
27280
6744
1900
34221
17374
1700
24434
22915
41178
53852
15470
1991
15698
18074
41980
5393
12025
33095
5447
9117
97
1387
10304
27348
3318
4206
20344
10052
927
47342
15581
19141
1496
41485
17556
4182
1558
10415
7340
1832
39374
23606
11665
19839
6522
2654
5970
31259
1055
13050
1
11242
8375
26886
32956
2190
33780
4155
1924
15428
6710
187
5130
47871
23220
9532
6966
35358
1404
21495
39862
11
19953
41688
12359
17529
6630
543
293
7624
41181
325
1609
2
5430
3611
25811
4247
26181
794
11060
45582
47085
20600
2871
9115
5194
17882
20770
11884
984
40074
2651
23940
57998
4979
331
8063
5032
6627
24519
19030
331
8006
27210
1089
5687
5555
18352
25998
8873
5
42558
213
7396
1219
47113
43000
22190
40807
6670
17672
7517
4228
7936
14370
34381
54766
31070
3884
6617
1652
26870
9943
1241
30980
1
6416
7829
18813
39085
792
46105
11819
192
29728
12448
7691
4785
22171
8963
6728
9033
362
18031
5647
53042
26816
44880
5786
13858
26762
44624
53748
4304
18173
2422
909
19786
47262
35098
17601
2560
1776
1
24221
1668
1575
2
12152
4963
818
8642
15931
23963
4138
1
25564
18532
31081
4303
9591
21696
9005
5286
6975
29776
12887
17798
7169
20340
14006
12204
29254
9445
2077
3111
2923
49959
22439
38205
21057
4058
4792
16522
27928
30492
56569
12229
273
12297
6470
26118
7530
39220
12882
2061
2016
1107
5286
18917
7186
17708
3906
22858
16756
20323
6391
2745
2422
13104
37833
48299
551
10353
3815
2830
4740
24894
12051
459
23342
29781
433
7147
17490
38050
17059
1095
27582
5636
11089
15107
32991
15350
23105
14054
13
10453
7314
4983
16005
5077
2016
12674
1531
7239
19176
1884
1133
11908
450
16172
14551
8836
11052
8949
12327
13601
11169
44476
21023
560
14992
19795
38106
20179
50124
8407
8681
5
13850
25218
3404
1408
4418
17093
9129
30612
32096
18757
44099
1503
12076
10873
6373
20375
5700
2185
19868
4640
27987
20078
45396
28599
17580
23471
2123
15656
239
18351
9265
20428
18475
7993
4448
15125
36452
462
6750
12436
29154
21331
8442
26492
34701
373
21361
32696
13494
431
2127
4158
41554
22308
16631
3477
16615
6408
17501
15514
1
37145
18787
38988
1165
22162
2549
5771
5045
41847
1979
14193
22746
14412
26795
1549
31935
9874
15751
22830
16467
2165
3764
14187
6338
12882
7980
30715
1989
15926
19829
21301
29776
26796
7002
27983
5646
208
23064
41100
17996
1632
34297
3944
42028
20253
34392
8713
41582
37397
1354
24601
8069
17397
7333
10902
3823
2772
30061
48881
1650
255
1954
21560
41293
26818
31977
23241
16063
6883
363
2114
3511
5663
29288
16425
22659
17998
38493
14306
17821
22195
7178
31757
23430
12279
400
11335
56568
9719
24861
1319
1034
24703
5291
35271
19551
27066
34120
41241
17689
18960
19996
1826
6632
6027
816
7653
32954
17756
214
2398
20551
16422
10342
5490
50808
8919
10344
32323
15141
28437
21363
51664
9661
19441
4
5290
39068
17077
30454
2370
26758
4185
38338
7960
2771
12167
6942
24875
872
6013
18845
26764
32982
1007
13315
960
40145
1948
27481
473
6459
38
30424
17286
2434
9604
33904
2073
18075
129
962
5980
17365
21667
5279
17174
6253
1658
3377
20759
10910
2575
25372
7313
4321
46511
6146
5170
39104
17301
47753
2029
19641
11833
37486
24574
31867
26644
1437
12389
4679
1838
18749
19039
3134
7851
3019
11444
2533
2048
296
11561
1568
283
7383
8142
7052
47119
2610
2301
8284
15396
8708
1288
6287
11985
14950
3199
3336
7408
53116
19110
3981
2592
36835
12264
13
11334
5014
5316
3276
9158
564
16763
9384
1406
44271
6498
26755
16854
5865
1659
16460
5759
6192
14233
18587
16001
14508
26386
9420
7684
2246
17818
50739
11766
28957
10834
1729
50063
21
56191
22033
7307
50738
23819
12292
43332
32108
13178
18367
34439
51936
47092
2239
239
1693
27550
3034
1091
35461
33615
2168
42072
28323
4917
9986
29051
6
40230
1611
10244
5337
5436
6921
40477
23534
297
1674
1465
1172
9432
14212
4306
1062
505
4144
48611
10377
6709
3971
39353
17038
16487
3461
36161
20110
36051
13822
14033
15998
20715
18683
5500
950
10376
23
14817
2345
16416
8857
33708
8661
18478
23382
4657
9576
5097
51006
16651
4033
8446
26615
3319
5336
16348
26492
18829
14490
773
11216
8765
10659
4483
29733
19244
3021
925
5767
10156
11132
11394
3196
3299
32246
25442
7601
17883
6721
6445
2905
1318
38353
8143
13829
32823
1308
27195
20111
18267
33341
23832
35770
6703
51077
14555
16583
40473
13876
6709
3002
2005
30092
5768
3419
281
472
5995
2314
13408
25311
6229
12700
12181
30622
7268
2787
1860
1390
5567
10712
13080
2527
886
9553
566
49025
29003
31188
12429
13404
9198
22427
3000
12740
23990
2380
8688
3362
18082
13718
3850
42707
11331
6562
9650
783
594
11556
677
2066
13167
35080
1769
45942
18347
6382
11756
53203
31063
891
831
9931
16379
18313
39790
7294
4472
15781
1397
493
37452
8067
12662
1026
18167
20326
5531
4992
4846
34615
30367
5260
38931
16115
31217
11105
15208
24498
16541
14005
35263
22859
38686
2753
2
6713
11088
17978
1333
4242
2947
631
27999
16323
28888
32822
6880
6223
21234
1132
8992
9444
2107
6033
24391
5847
5016
28744
5070
15396
5559
2607
40674
25050
48462
38653
8987
2539
7805
25081
1
32101
14559
30501
691
1197
49347
20797
43721
11627
16425
2879
1126
25865
24495
7073
9520
8444
11010
6
28488
37789
2381
41685
785
32288
2219
7098
9747
3280
6407
20
22430
13894
16908
2242
28764
12651
12359
1817
15600
4381
10557
11561
17243
10665
12485
35106
15595
12483
1545
3170
35820
7064
6027
3685
39447
779
2819
37415
18565
19961
2515
22884
2037
12458
28178
10419
16332
963
13270
4330
28805
8797
2109
475
4940
15230
637
8448
2
9188
4313
17172
12228
2216
15890
54351
10735
15650
30972
808
57662
3373
23616
6183
7448
53270
7352
24273
20549
3024
2061
18042
16096
783
29389
3072
36205
13329
46260
24128
8169
1665
24
1160
7101
7561
12715
44278
6089
8735
9132
9534
39096
9496
5544
3088
27834
46335
46709
7980
18373
15837
22310
3823
4533
1399
8652
4515
23257
675
943
517
5390
10887
11885
1022
22784
17779
21860
15139
2810
12550
29705
3618
19695
9266
20594
21198
4309
408
15571
26903
22700
35278
1357
34675
10339
4316
23901
4376
2590
504
4470
1680
1533
5472
7395
267
40890
37722
13670
18839
5850
14093
3487
17613
2060
3
4596
8566
25046
10738
17706
20574
9274
33266
1990
13550
1133
17968
4366
15071
29037
18104
47035
13094
34362
83
18658
13033
10328
29022
31828
50459
12369
32077
10352
12867
8429
29709
3149
20297
20110
18267
5273
9095
5250
17726
12
16626
7738
10993
10499
2002
22167
30
1298
974
2872
14697
2
33070
5484
25520
43721
19266
24468
2796
865
8691
31404
3978
6098
834
13374
2898
1439
12276
3078
3339
6519
43453
2457
25940
857
14982
1484
34541
6394
17341
412
708
8070
1179
985
3593
18956
124
8334
26739
30610
4709
4976
14087
10796
999
18573
10349
30827
35475
3052
2
8596
1129
27991
388
30873
25997
893
4474
2468
29044
34589
16740
30866
43415
14599
19784
12053
9850
5126
11904
2561
18045
14098
6240
22
87
6663
3041
23282
2844
19733
17846
3417
644
2280
36011
4972
25067
2225
9245
1105
6022
1463
802
23737
8682
4447
34053
12911
2731
20682
7439
2112
21361
7845
23625
22227
12153
22235
21899
16100
410
43792
24
4235
30710
20379
9800
9101
14353
42063
50898
13190
8540
20741
10375
115
5684
9391
4803
39
16837
395
3412
217
10971
8165
8303
515
3647
47714
13152
5482
13789
5213
546
28386
622
12511
37581
16845
39871
7640
34141
24765
21616
33484
8065
298
18755
7454
1304
29340
29101
25872
5531
18742
2453
2006
14936
4166
2138
703
922
10991
5016
7207
23258
1042
17620
9505
8946
11755
10663
14369
32837
48
6146
14275
25379
25735
18297
49813
3563
14911
4947
3094
4582
17269
243
35044
13060
44762
33074
5138
7261
802
6105
6247
40550
9553
5836
4408
108
15086
7901
15787
200
3753
23423
594
4643
2219
291
39182
41203
51361
23796
3
19413
22805
25297
26390
22220
9161
1847
51444
13637
5397
24788
1657
15348
3087
4411
13805
23358
18069
8971
10146
44698
3853
25572
27928
15777
13515
23307
37540
1000
10356
10416
39326
4426
5045
14320
17550
9676
478
42014
16099
18370
366
42
270
41202
11370
5523
9679
14301
26104
2383
2433
11103
27330
4599
986
15648
16407
21607
4259
1383
590
3414
1629
489
11523
134
3385
8239
51698
2450
14290
14247
2847
26521
8009
22160
35102
8049
31972
22921
34560
2
361
488
6536
12042
6010
9226
16116
10723
28099
24891
4423
6736
10188
9841
421
19494
1322
4755
22789
22734
6662
19356
3271
1988
1437
45973
27696
2929
716
26356
21062
8428
5327
1621
7505
6663
21815
3404
32758
8626
3445
3083
28464
9796
1149
4410
54896
30460
11082
15463
4849
4770
22993
20365
2518
9353
1816
2
18862
9716
39718
34049
31462
11006
32351
22811
18768
40460
27531
8367
43793
26136
15155
8092
33187
5075
12016
1
29469
19554
20886
17613
3965
47744
4066
2100
36189
23346
33012
3456
14651
34016
37813
42319
1452
21215
1788
24246
10244
23166
18543
9564
20789
2466
3309
7393
1422
32120
9826
17836
3169
8879
45561
18612
780
5098
16825
9788
15707
12910
14746
10811
20317
2758
32309
2420
25838
2
31062
4441
8584
16359
11643
47741
12998
8155
29600
42303
562
50058
10059
2796
1462
32714
3709
59812
697
591
16063
211
21735
5335
3083
26005
13812
3415
8746
7541
3043
415
39088
24714
6789
2466
31930
3759
22582
10299
14735
8687
8187
25076
5712
46325
3023
42405
31018
4827
15989
1299
7519
620
38885
8753
26652
25320
3368
11669
6339
17924
21646
4709
14594
1172
28279
4466
16905
16483
12635
19396
2329
16579
18032
15944
2354
18791
989
1951
602
15658
39514
53536
11377
5670
2695
32659
4709
572
339
3
469
45075
22241
25731
10366
33290
9937
2598
4287
51300
25433
716
1516
29972
12282
10290
1458
2750
26908
17456
21116
40764
42722
9
57129
3453
6785
19928
25822
3462
38248
13213
8535
1508
26977
309
32105
24023
30261
5335
3855
19563
19150
26015
11808
23253
7957
4050
7249
6911
26346
40615
1857
6472
1130
14
34504
766
33400
35957
1026
4601
41179
30814
9591
310
14072
27737
17551
19188
4832
2509
14476
6869
17161
3652
12003
27204
11170
12025
530
8584
41870
30922
42447
3707
37690
20111
26923
475
13261
6664
32021
819
9982
4256
18707
43281
3041
3112
6521
3694
2770
2959
7498
17341
15679
34923
333
44403
12510
2642
37411
6923
26588
2380
42686
6513
11186
9877
13794
1013
19952
21191
9801
3344
37529
3295
24363
47979
2444
14662
48893
7388
793
6341
22074
11593
43481
36508
21061
2281
11985
32943
22510
3520
3205
6836
5146
20995
25949
608
720
18947
1357
7883
11939
2908
2983
28426
6306
18928
4065
24102
9283
18445
17448
7057
11449
2552
9052
17495
5847
20362
2013
32543
15983
1007
2968
38355
9457
31207
7645
7548
11629
9844
1432
4417
34796
7253
12305
39485
367
36014
17984
20673
41062
15191
1004
3543
18426
1536
41132
3382
42670
21523
2995
794
11746
24095
1262
11721
7586
5
2335
21760
13941
1724
15647
30102
8195
2532
2111
11391
26676
7073
14409
11649
35961
19590
13480
1044
15338
509
35032
12140
21072
9579
49355
2902
9591
14698
5819
23217
21148
24062
21226
760
10616
9040
1103
2204
16927
4433
2575
24521
33581
22805
51518
18978
9341
6131
11676
30020
4074
7991
8262
15511
1960
1277
24201
1532
32910
31287
4214
23412
9927
6765
10594
1125
4238
21043
10592
1182
4991
18188
27634
33110
28487
9675
14436
6239
23594
28806
22113
460
27272
15084
4579
5259
44687
35999
18305
897
1526
12233
2464
16557
6905
20733
22716
440
54631
12027
19202
6580
1497
5848
7930
5507
9077
8065
19349
37988
788
1003
20311
3431
357
18551
34653
2298
9862
390
14535
9452
10731
5066
5357
9684
1126
47460
16392
12868
415
8257
3117
8858
24439
1626
22321
16910
16155
42203
1
5056
17188
5607
1597
7005
104
56
23684
37706
6083
33133
4160
26632
13798
11469
6497
1847
24595
30630
4858
2
46015
6217
270
16997
18229
218
34762
6651
626
14103
16932
26888
15114
6829
15857
15786
207
5559
28804
23378
2622
52304
31282
4850
29069
820
33835
621
6069
8766
1377
794
25691
11917
7336
12026
1427
7467
23728
17330
1725
31211
35278
6523
46973
27140
38872
35697
3723
38830
32610
6
19
3563
1216
8450
38988
9677
21582
4292
9013
2047
1237
14477
24822
72
40258
12856
32140
26263
44146
14661
33318
26381
36350
2361
11952
141
585
16541
267
10981
33197
18881
5493
40107
6360
39044
14643
873
7391
2480
685
10451
6468
5136
11878
11770
11134
9060
5433
9186
10247
10176
825
3524
22362
6616
736
14936
8279
13835
40669
14717
27576
2360
9912
41998
2
6422
23007
7845
3443
5753
4754
39137
3441
2706
14523
28065
12895
567
29371
34973
32769
37341
4283
10058
11466
23675
14674
2120
18756
10563
41454
1429
11018
19735
766
1120
413
41280
17714
21419
43191
440
15125
26427
895
11759
2441
19597
28016
32532
28831
13376
22342
11685
24339
5132
35904
186
23464
26270
7658
9849
2336
1729
33456
8769
1457
10682
228
20711
4621
19618
234
3783
48763
21448
32037
37496
32278
21749
1845
14299
19715
27880
2582
720
2840
1138
34422
22276
4692
8856
8115
14804
2898
6664
20471
2350
5335
37848
10500
6586
4985
30681
7387
49991
1799
39443
2164
14419
38552
14057
25781
15001
13119
7332
14664
3661
17902
28189
12912
2881
27772
23059
5928
11306
28408
7881
42148
6510
271
16103
11448
14727
5128
9630
43098
1313
4282
4238
6484
3977
4538
14451
31931
8923
2290
8630
21589
46838
18322
12965
8173
53115
30322
10886
7738
52239
33602
4890
10451
22638
805
15432
1262
24604
4442
27293
2789
9026
32595
206
13656
6660
11640
5591
8429
32124
37760
9813
221
11683
7080
35479
24663
15485
44605
26145
6806
7663
8546
35194
13272
17540
5654
2034
31143
10674
1
6158
24329
5169
387
2861
1684
287
1295
49517
5827
20200
30474
4037
14247
25834
31515
28465
2128
847
16642
29312
13199
4165
2494
25604
21333
50913
3916
107
12341
7380
32330
36555
15336
15886
5617
44881
12583
28459
35713
12580
1804
20245
22058
14203
13420
3509
584
13886
6244
1311
8113
20188
56159
8406
10873
2351
40607
2855
1767
46145
4016
21261
17180
32846
20063
15258
4084
29837
18546
5346
10692
38771
5593
15691
76
4790
9235
22811
35028
9929
6666
29629
24373
7922
10111
3156
2316
1767
5658
20625
33685
4030
7875
844
2781
1576
9201
488
34999
35815
23016
7513
6791
89
11041
21765
43832
37637
30084
1117
9879
12294
3154
1826
25099
46877
30445
3960
8616
54050
14625
1
5553
4968
13659
6047
16148
13828
6376
5855
9629
6709
24538
6020
32324
31513
15111
31471
23946
483
1831
4423
8772
31126
12022
17733
6131
32722
1700
2773
4379
30263
3260
9604
46832
2897
3977
7597
6021
33382
3726
10793
1118
46377
11060
39848
42343
32
19477
24215
22049
10085
8473
14777
45323
135
38213
24246
38675
9096
11486
6337
781
9812
8617
1273
18059
246
5161
2655
15739
1554
22207
18082
28924
1
13842
22122
43771
10963
6161
22677
11391
2094
3087
5957
12486
46497
5930
14476
2271
1421
814
252
11026
14651
1463
12008
7139
41362
19299
38860
14334
3749
22025
29752
17088
29484
14218
1879
12375
43705
17113
11677
4776
31649
2588
48581
20310
1150
7747
15887
1884
31913
9739
896
9128
25515
31775
52308
1317
2632
6354
20966
7343
18587
14695
14219
4753
6561
5510
393
12631
6510
31393
33757
42832
2775
15288
214
9507
17541
13872
915
6349
27927
3563
10770
27321
3444
22747
7828
25753
5712
12210
4044
7091
1279
4797
42536
3639
17418
32424
9727
27252
16385
252
44461
319
2798
984
7884
4737
55060
698
49621
16571
37585
25816
3518
3305
13526
19837
5842
42406
29635
1366
28861
17946
5708
20535
4114
1171
2621
2177
10324
16484
8317
19483
766
29660
9630
8845
16383
2370
13892
6718
29181
2142
29336
9053
8375
19471
20005
4589
12377
22821
58824
12850
3210
2943
5128
738
35432
16107
239
6705
3606
4091
3041
10084
386
34677
30710
16062
12776
24783
8907
5067
14714
15729
35654
18638
7282
13
4412
6981
5479
236
15453
5502
122
15219
10491
2361
9743
52239
20788
20817
27479
457
9045
52845
30605
5154
23516
36527
17635
2137
27858
26144
35395
12233
2216
29847
12061
41948
26257
45972
48790
51266
1862
31579
14408
36931
3670
9152
15217
23398
18020
15728
25534
1183
17194
12916
6384
4098
10
20998
1915
3594
6136
4210
34824
7649
2519
4947
12062
10026
31719
2253
39375
375
19322
41605
2
55762
13214
7738
4738
30826
8886
29880
4357
1757
15152
27270
12996
9067
13502
7910
7
10195
13461
32618
8145
8407
2963
5117
32040
2757
7988
745
16787
11135
723
31610
9377
29871
3466
9533
3774
33574
17775
10705
14088
4537
29254
28128
15627
10667
6420
17067
1835
25325
5740
10902
2533
33338
3587
3544
2524
253
469
22193
44
12045
367
4402
21528
26030
9303
12324
536
39999
1001
4731
8682
734
35148
224
2642
37425
8471
432
11486
2577
27073
17327
4510
6799
8480
18780
15116
18645
1942
9963
7234
24541
617
3207
6697
5818
13971
23086
6
7341
4926
703
13690
41062
46639
21052
55
45993
11475
11823
12985
1109
2671
5528
23624
7893
185
1022
1
4522
2102
37621
4658
55940
2139
11258
9524
1032
34704
20334
4555
22513
55481
551
14592
13159
2726
20463
11465
2766
17763
42123
21153
13010
47611
22890
4767
17556
13933
16682
2109
3226
24115
13482
20135
2
184
2649
14469
29011
18690
39197
14205
7331
2515
10201
16446
2922
31888
2397
5187
24608
35444
21603
13110
4988
27678
10884
39753
16569
965
8753
1676
26044
29627
6604
11429
1273
1063
56419
691
20
33165
35140
11720
9513
456
21649
15778
4625
22651
314
3705
5
42889
15743
2390
4345
14943
5994
21765
30635
20348
39803
33001
8276
24372
21328
26322
12244
34880
7836
7086
19369
19471
58326
14648
23090
17543
25573
1926
4964
6914
3026
4518
350
1705
27767
42959
39649
8958
11017
22573
58197
24086
1180
6757
1872
22701
13231
1440
4350
19067
9612
4693
37722
895
10944
3503
306
573
35063
5308
3060
8941
21026
2610
12377
9908
8784
54427
26867
31519
6048
529
21301
28889
2350
1249
13807
15082
3790
13411
7254
10265
6067
1905
2821
30746
17473
692
1
11298
2111
32934
5155
21878
40148
9057
24588
51881
2532
1249
27422
5174
2002
8769
8939
2753
13557
14187
1073
23835
11027
1608
49038
6542
1308
10282
20083
5328
25091
44023
25027
10
31356
14514
16538
213
24547
17597
1831
93
17684
23011
12978
39621
6248
10201
31936
42684
1394
3
9463
13284
23555
1236
9938
8038
6815
14821
15200
2498
15544
917
2976
1356
2
552
2575
31014
5218
11000
31082
32772
3231
2408
33676
8720
51
2568
14516
24018
22001
14476
2200
18367
1436
1889
30709
31273
5286
1423
38937
20440
12320
32619
22717
4972
33848
837
3200
28105
1785
3771
20019
15106
32973
21271
3054
1176
12227
9178
14482
16452
1498
47686
1
9592
6608
7917
4992
6425
2882
4625
3
13724
3118
55146
11763
8410
34677
5057
25573
9220
5146
17545
1979
43617
31412
21807
23667
48363
10241
909
636
5580
1
2838
1127
3491
12436
4199
34441
24316
4348
641
41004
504
17382
15234
21360
57994
36015
22763
50564
11786
1069
277
7964
33992
10341
246
447
37853
15027
16210
1240
3174
1
2036
6555
9438
3257
43987
248
20122
4759
17204
2175
14491
18722
33914
11546
6284
9159
20250
3053
87
2122
30950
21736
32818
15832
23696
22007
813
1720
7350
7463
729
37049
1740
25698
13608
10570
28120
13723
6163
45319
46360
20668
4640
2328
9663
33
15749
8189
10809
2904
9074
21527
29706
8220
14288
1727
53548
10155
1356
3890
649
31887
5352
15621
36817
23094
4089
22905
15514
21839
3308
6222
28980
480
16561
24035
21390
13525
21679
6490
720
19945
22928
1869
25750
16571
24834
8560
5109
1510
33889
6233
11650
39580
5363
15270
15012
2699
2050
5015
17295
1980
10158
25316
45310
24538
3543
7826
3395
6506
805
30130
6585
471
10540
38759
3513
9666
21364
21471
23440
37920
2242
14376
25826
1539
4654
29765
8315
25834
2030
8383
36379
9931
9300
37256
5333
41982
6722
14040
3929
36473
5695
23476
24684
34346
14849
6948
7617
40317
21424
42257
3722
13569
736
35141
23479
15114
17727
36436
24283
27669
56
25608
878
16554
18691
504
20899
5883
38075
16810
5258
30074
48025
21136
2217
23821
22455
43711
16010
22540
22828
14274
14514
2778
22249
1766
43038
19327
42425
30126
13175
45075
14500
46174
14838
8523
20950
1467
5693
9371
12309
13152
3698
52247
19780
13482
1286
18011
25261
12551
18020
8637
15897
6226
34856
28592
8205
23577
1863
26147
10054
14042
8658
41214
14394
35806
1937
3681
15305
36934
4526
31331
44567
9799
39903
2604
7743
966
904
2482
10229
7928
4274
42061
28785
1162
3437
1761
2002
55731
2081
6578
22689
927
40447
12987
4439
25551
1041
15914
2236
19732
4511
9612
12156
16666
4170
3
4815
4183
39991
20188
14283
22081
24526
24301
21088
2905
22364
3005
6522
3076
34476
9988
11147
15503
1059
3072
24984
303
9889
2699
50414
10597
16520
580
5156
21479
16191
5346
1083
373
39124
13273
29242
24454
33491
6825
11803
21992
22008
11200
42318
5819
12066
3375
4777
6101
18180
6454
43851
41034
2267
4832
11767
7025
25721
1820
20795
1028
7625
6259
41792
16271
20924
6219
15202
11225
2676
25856
52382
10430
24647
18731
23008
24134
30888
6809
14352
6707
35589
2
4309
9176
4460
32917
4691
539
34314
15269
3297
3209
8191
4644
24261
33195
11482
18288
23761
35008
15221
45263
935
8774
1291
6546
1776
19870
21136
11454
18490
5017
13094
16796
49149
19989
38016
3549
9877
4821
3352
21783
3931
16
19175
5715
20736
3705
39958
10844
7852
4513
13168
23852
21019
25556
20610
3
1787
34547
2225
20819
44533
15460
46613
15159
33106
1305
3899
24373
4935
943
5698
11966
53158
45915
8073
3437
1641
42992
1
1
20234
49609
5923
6
4724
29292
1554
2388
32956
13704
2658
5800
15308
2818
45659
12758
29680
7529
24944
5755
5482
20931
1634
16046
8433
2658
9159
31035
2644
4295
14063
44677
3024
17015
1422
6125
30910
21403
17014
2719
19251
46025
5426
3199
7264
46674
19419
1878
580
5357
53121
26367
27430
8340
16113
12638
25589
37416
4340
362
1925
47542
6813
12475
38851
17634
6085
36268
17314
10243
18957
19287
15683
4882
54289
17
19479
19786
16981
675
3691
3564
33757
3380
21085
2581
11715
13397
17789
8764
26
4181
41717
17141
42378
4612
10231
17399
19339
1505
50354
7905
6577
2904
38836
17594
32712
10040
21651
23135
46232
30298
1676
39981
20004
4503
3863
22868
20471
368
28822
30209
17937
38790
7071
35647
526
525
9092
20240
1892
35501
25024
9704
14052
31931
3472
2
6541
2283
36385
10554
11495
1712
1160
21240
694
2519
5052
3473
7988
5703
11132
23920
59090
21739
1782
2041
2612
2947
3845
11119
11497
6343
458
1064
6974
868
8631
7106
1
530
3105
3898
15156
45576
2540
26021
17628
5272
44005
8857
884
1059
3429
28527
19611
14003
36213
19212
2738
8982
613
3923
1035
24
10890
34866
14505
25830
44266
7255
29020
10697
32794
1698
17811
12518
14233
748
20786
15843
816
33390
39501
5205
1671
8130
1713
43219
5350
3812
22307
5042
23157
5025
16104
29645
2
26994
3132
17880
10472
50881
1060
47424
1249
1555
15205
9819
17723
197
8014
6622
8017
21069
47565
143
12722
39505
5525
53581
15638
847
17234
9799
4047
9839
30428
5922
5474
44
24649
20553
5456
26537
24634
208
4441
46593
26892
53512
2714
12883
13364
10850
587
36892
2207
7699
1572
5078
56435
1588
34882
930
3809
1085
20431
3710
36950
9627
10136
7902
13208
4482
28176
18799
3158
634
3791
1825
30116
1629
5373
609
1613
236
2347
1153
20706
24295
4077
2449
32111
35467
25966
6394
21006
14578
6648
20586
18661
19048
20851
17447
3015
4791
1934
15969
18684
3358
8442
15147
16373
33278
29253
488
7774
18345
6286
12470
6508
32088
2279
43449
691
2672
5515
9793
36392
17314
21981
10181
868
5298
8586
15258
50106
45720
1781
18058
16495
363
37281
20286
1263
19197
11644
46536
9750
1863
3
20353
16963
18892
6148
9
6148
39906
6558
1500
9544
46361
22844
42590
7943
24517
28173
3318
23738
21796
237
32596
2720
30585
9445
29571
18697
1481
9946
17769
1588
4130
2154
6541
7031
2899
532
434
5465
19778
894
32481
6101
26734
15641
12279
13993
3753
16199
2744
9531
7951
33702
32415
27835
52931
8915
1958
10192
2250
5585
11118
7411
30071
2321
37945
51270
36108
17454
32775
2532
762
11462
24103
912
17324
5547
6248
4731
3091
1942
5815
21807
17536
13004
2499
32604
4201
34728
1055
16401
33305
421
146
1208
18104
5540
18728
24099
29502
4017
6917
12259
43699
2107
3627
14310
2902
17471
20368
47680
372
7433
7192
31922
23625
14586
25441
26029
26473
31012
10322
29641
6687
11680
1736
12198
5698
21372
23897
19686
35784
27781
37866
13962
32761
51301
46432
17770
4766
56201
15419
1718
8014
1073
46611
32717
10863
26716
1734
13601
5625
9824
29246
19828
21069
17468
11528
1882
9982
18982
11145
19141
101
7922
39624
1823
14540
47310
19951
1
7462
9511
32088
30536
6002
4522
17399
10496
5034
45024
1875
4886
1623
9
3634
9207
22213
9711
378
2495
19864
15783
10246
4714
3166
7389
8770
56547
43979
23382
21799
48459
2238
5859
1102
1682
8340
28879
1601
41969
6592
6011
24460
36139
29792
53824
9928
13234
841
5138
19288
482
37094
14986
6999
35660
42
43842
11712
11551
4833
1809
31133
38490
18067
2
2096
29793
17097
26905
9648
3399
23779
37613
10085
24064
9579
1061
5256
1011
7026
32933
26553
4087
9791
28215
43929
32159
38329
15454
402
22574
1005
8172
1113
24747
5377
4128
1
47
2883
6232
588
10382
41208
24672
30645
8112
2530
9826
1264
37054
14824
2841
4920
15507
1286
814
23879
99
16335
17211
3370
33156
9660
17973
8654
11856
50780
13505
846
8920
31148
14804
6892
12791
5003
16335
310
7519
24457
13853
928
17517
21419
6124
1447
759
32758
12112
20944
1
12789
39414
4526
23540
40854
2555
6610
15644
47922
11437
52764
26925
21780
24339
15411
8257
8667
19219
10706
674
25950
27268
2269
20314
17451
14711
5762
48087
37292
6071
13145
39822
18984
37211
364
26601
1824
14300
16649
10881
10733
2247
4873
18546
1
16795
55031
4762
35100
9177
31657
12861
21872
39011
7775
22391
40836
12297
32277
6239
15359
34332
2606
21672
104
11273
13174
19288
2276
22005
36759
13988
8405
1570
49053
39912
39304
23362
33607
962
20583
408
2
11211
337
2982
2843
12298
5109
6401
36058
38666
11621
28721
1192
19676
5120
14955
14827
2153
7286
151
1688
29017
11560
21029
2062
3
1675
129
12513
4368
16221
39479
28049
8327
14642
4922
32959
22203
30093
11087
34720
3230
37679
38662
39466
21031
12981
45704
6803
40847
7
3152
1849
24416
44720
9003
33516
22762
10468
17765
2813
1852
43685
17093
2468
12611
10752
44566
9352
1693
4807
15423
9201
1288
3176
2324
441
1628
25725
1254
1413
8130
8261
16500
19781
31544
12045
11295
19357
6421
10077
1705
22896
14048
18210
2587
11012
2206
28501
13838
2298
4939
9322
3051
5677
24085
4883
37795
7223
18695
25557
26982
1462
2226
1643
37884
10162
11414
14748
4755
4017
1
34813
2175
25657
6726
813
7118
31133
1349
19954
13751
5568
1822
2189
9254
25748
48805
33130
2492
5558
17850
19375
8737
21181
25726
24466
1263
50348
4533
864
20852
24206
22853
15821
1726
40481
8102
17779
7343
3221
3702
7995
13781
41229
26545
21311
3960
36950
1326
7488
10385
46526
7684
37522
6075
16052
448
13287
21023
4849
4170
10725
23312
16586
12753
2827
6058
34381
4911
18902
4500
14979
4974
418
2822
23798
11207
37172
34424
1
400
33069
361
12698
16070
6001
7119
15287
9742
359
18333
1782
31160
2095
17313
18191
1103
12330
4221
10287
13969
1397
22130
14991
8329
10638
16022
3421
8850
7997
2822
29574
19447
2422
13439
3270
33796
12718
2687
1507
10372
14584
17155
389
13083
20802
2890
15370
35663
53055
17868
11281
15252
5775
20842
646
12955
566
597
20451
60272
9995
39777
20195
12227
47614
23390
8329
22190
2907
5603
2547
11866
19033
9537
9157
30284
37584
15675
2368
2894
15814
7165
5943
43246
32729
8770
21678
30625
8904
13316
9773
34451
6758
10813
5574
5037
6130
838
16235
35849
11946
22826
27371
3539
14247
3101
4872
1823
3778
30012
517
43126
1604
12
20554
29452
19812
27364
7644
4161
13771
46428
8742
12117
21961
32202
14126
21148
5818
816
31945
35351
36018
8088
23029
15166
5778
19276
5557
4930
2790
18220
10507
28913
13443
7231
17838
2
6221
4759
442
939
1128
10340
22429
9121
30304
55
3946
20898
17363
3378
4682
57504
6624
19836
15740
25750
26
12114
1133
2682
36012
4306
3789
4473
38067
7040
10495
99
16059
11288
20875
42478
2143
4403
53458
4362
19305
26332
48726
11415
9410
22185
31912
6
11548
7186
21208
1354
17541
46435
4779
15246
458
6205
13055
4368
10053
24566
8068
10584
27456
2384
1613
3346
7890
24607
26943
1443
1745
53879
18829
28049
14107
3403
22480
1
6041
1424
38788
11630
7034
13354
31952
11323
10739
40045
468
397
5974
1755
20044
27834
6048
45
28124
17206
7650
43478
21434
6984
1631
22160
9038
11116
5295
6691
995
1382
269
10874
42856
1988
4674
29067
19158
1831
299
22153
8953
14421
20972
31812
6416
11805
5250
3192
28954
4245
1268
38725
1105
4499
29594
38083
16675
177
7679
14430
12692
355
4259
8507
39876
1463
23939
1578
11759
10391
776
18044
3287
20482
6068
12806
28082
20014
18851
7993
3994
4713
7157
13464
26458
9410
56619
13347
12900
22362
26869
6208
72
6739
57605
35499
8910
11161
5905
7430
41077
3380
3958
10886
33033
7560
4602
3989
12139
19937
4846
2279
33635
52198
26788
20809
16997
46180
8390
20703
266
41670
42254
22188
6182
26
11485
20289
16841
9262
1272
3074
22257
5029
5561
20639
2534
263
14149
2822
7733
7974
3840
37005
35492
2790
5800
9720
5798
34083
26436
3341
11290
1171
12929
8643
4149
3511
30524
16817
4178
4708
9721
44324
7909
10725
15952
31032
16145
642
9782
20465
14341
41221
50006
51
10740
12254
47815
15899
31934
4869
6747
11427
32570
3932
56747
4144
12124
18963
17320
12092
33677
19767
19494
34265
11274
5399
5175
16883
8390
9164
4338
16558
7679
28627
10072
32045
4432
4720
31568
10659
472
7578
12750
21874
35378
33334
15743
13875
15445
19722
4543
11064
8618
13531
6947
9937
8013
2213
39180
1
9748
7003
35862
17934
708
9412
12692
46706
4332
25464
26334
26749
9952
27392
38669
15085
38217
8937
4356
24522
39807
32150
994
12513
4023
34586
5399
25413
4587
27644
10915
1181
32416
8184
5686
24391
940
28292
16720
7019
9941
2053
13011
26502
14262
24860
20537
1078
30810
8104
7614
2105
13522
43154
29985
2409
20052
13298
10727
7723
32605
27534
5683
309
1668
17277
3528
3025
7855
3624
45345
20363
36119
20898
37190
7758
16617
644
35100
17604
3258
811
24925
1787
6507
20131
25892
31861
33342
29882
10511
29412
3994
2537
30568
47911
14525
41218
342
3025
13329
2898
4005
3
17269
29970
11808
24615
1858
45377
9533
38285
12577
10862
3397
2220
33886
281
49863
14990
9785
25376
15159
13517
16933
6327
14094
5012
684
10194
23444
7319
17658
304
6223
3699
23410
7374
28715
36643
6627
5595
3457
3159
14533
28708
28793
12905
5593
30825
2861
185
12973
12022
782
17258
1319
15051
16736
751
9454
3864
322
14749
5498
28062
9190
9037
391
2321
8000
6055
4321
24409
10381
25414
22437
5915
15033
15345
8926
21061
3905
13547
44814
1581
5891
6033
29896
6153
13735
2743
3325
26976
10498
9404
1967
1101
9586
23167
11874
26174
15889
13984
11306
5121
1675
5963
13184
36198
18082
15052
51010
7914
8386
7799
38991
11954
29445
1948
21635
18615
9285
20769
27230
1904
11549
13106
7085
20189
32097
1
17893
20697
13557
26671
111
3718
44224
7075
47930
1049
2328
12656
22800
19155
23573
39102
30242
30466
888
17947
12384
648
9147
7033
14999
31735
1299
9371
12134
23530
32587
4623
593
58584
1373
1341
16819
30660
50969
850
41075
17983
8684
459
39995
53492
14180
46885
8996
7242
9020
25104
5930
19346
32756
34392
648
8960
45412
52932
2250
12657
16352
10017
4928
5487
8502
27052
16088
33480
1932
3546
3857
44848
6088
4771
5248
9393
3769
4375
6527
1730
29824
11125
26381
5619
22276
31064
1133
19548
24642
27680
12731
38503
8271
30857
26255
27445
38846
1808
21351
28202
4585
9671
3756
16606
58034
12405
10158
18431
2425
6867
12187
12670
965
9030
3612
2
11779
58
11061
1430
2224
14931
5165
9551
18661
1098
6871
31058
37995
12629
37796
16590
13001
6998
44826
5239
39966
46105
4275
1455
7378
20366
23159
51646
37521
23967
16341
9980
31499
2965
53230
4113
15413
4455
40335
5278
27797
12722
8989
310
1603
6731
15714
36728
44342
7190
30696
6235
22265
43383
58312
32004
207
29694
3366
5225
14676
20798
12343
22707
15653
10996
1227
20813
20090
30382
42099
2483
19997
8793
12316
33086
956
12002
38132
1
11085
2345
18760
3418
16915
16254
474
20454
50173
15379
6030
357
54224
16941
9708
1382
7860
3313
8079
2530
44503
3120
7824
2618
7865
13028
32209
21589
38176
411
49928
11922
9533
5
48769
19217
9230
39083
4184
50927
39663
27667
5973
3207
8060
5982
43958
25467
23523
4267
9569
2147
3556
2122
16622
437
888
16564
10994
1718
5382
26838
25
20702
1224
10454
14748
11031
2804
23740
1638
1297
56747
7081
29535
801
748
3814
54156
33939
47922
36346
11720
16580
3673
15727
15953
8774
17944
14231
35768
30821
726
23887
24620
4302
35473
1171
27902
4756
15830
23865
5907
34890
12627
22772
12912
231
8661
5283
2344
23456
55126
22292
2055
14691
12313
8339
22207
7193
36017
3552
31004
36858
1126
42320
27904
31118
9551
1999
9893
2941
21652
43796
9900
2050
22249
1170
33081
14091
44934
6980
16168
1914
27251
9162
20000
7703
20224
2137
33738
19113
2162
50147
16417
3136
2212
6689
45523
1301
2
14957
34976
13583
326
13897
8032
34302
17942
59954
38519
16059
16520
22433
464
40481
5749
890
4479
782
16646
398
27923
1005
25796
23132
3396
77
53114
25087
9457
49273
18996
12981
2273
12857
16508
34172
8120
8081
26632
7469
33
6989
14628
2603
9381
40484
26460
14592
41
5482
27510
18897
12454
51321
51170
683
3739
23907
2214
781
18001
21870
15605
4056
31029
14248
9358
36389
17405
56168
24419
12093
1561
1467
3407
18067
37660
1390
21033
30767
46247
1130
18504
6878
2794
3518
26532
14465
122
5145
37116
35475
27885
2896
8514
1422
3520
12665
27232
8115
3025
1266
15484
33163
10688
5352
11523
16249
1030
1588
2208
25600
18483
17234
7086
37826
1167
12691
2076
2406
23372
44
2158
17814
2779
16438
5983
8102
34161
313
27850
28725
31245
33022
6256
11409
1894
28844
1608
1255
15082
4420
25036
24854
17731
1995
11857
12805
1138
1
28930
28596
48207
22236
1
1646
4888
8595
8668
10144
5240
6956
5033
5446
2004
1027
8341
6778
2265
8033
31926
22620
1
9639
5038
3562
30683
14712
22118
21907
23381
12705
2684
12896
13062
16473
24606
25329
9476
29617
13460
24539
17109
17660
4641
22469
25541
6118
16170
10471
36326
48045
3286
14057
24706
8165
6876
34680
7699
2
38154
13176
399
52662
27506
19824
10965
53062
1747
10745
32
24345
54108
3151
7091
9567
12868
7904
43684
9117
15345
5601
37064
24246
37471
3567
7334
1020
1908
25737
9241
30354
182
32237
32265
15489
26897
2757
38012
22628
12255
3155
32805
6240
9429
1112
5403
35391
14175
11059
29033
20945
702
21197
5440
13511
25773
25592
1844
1326
6268
21
5363
374
7015
37849
8652
7176
20190
18
3285
18655
814
28552
1459
32357
5199
17079
218
5824
6
15541
29220
24818
33328
3386
3465
13956
4757
18835
34357
14934
17727
4673
21582
6896
23779
3360
2427
59
14655
9683
49513
21458
9977
4099
1036
45975
6289
8997
15593
4885
3090
21468
14047
38305
15265
40079
23047
45635
35687
5876
1859
47302
36561
40375
3927
405
5781
8126
15101
17584
16351
6824
20236
6015
7363
421
23437
2306
12507
18887
16727
27065
19230
19552
23158
17140
5791
6635
14907
13316
33323
5570
30867
5156
20040
37309
15711
16632
23881
31336
11365
25806
9777
449
8671
6073
6
46114
490
3188
35708
6806
1729
16538
946
2641
3382
28216
39987
243
16919
32876
8312
9238
49234
3221
22699
39271
7650
4923
20884
9305
5118
16915
25580
12676
16225
30298
13386
23829
6087
9645
6479
9811
19884
1215
1514
1623
56388
19806
26502
47312
5895
33098
1311
2054
13083
662
18767
9754
11111
42611
10324
9534
18591
4150
44922
12580
4120
25483
13703
32286
168
20061
9219
21845
1705
33000
35094
7187
17296
3470
27259
17851
22358
11225
5
23366
14408
668
21791
695
16035
22067
12044
46892
5582
3499
16441
27079
16914
4876
2422
1835
181
14584
26088
25373
3752
1982
24526
39426
9644
648
13851
7271
46602
2425
12983
21582
6131
10560
16239
23195
42166
6397
4552
9426
16861
12085
9828
11654
6871
15146
7950
5154
46434
2501
21140
3406
15747
47772
13588
2017
42404
2
10406
11359
27546
7727
20886
1775
28962
8548
2798
27310
19463
50730
6000
6026
1656
45848
39197
1931
8697
7991
39730
28112
16458
28598
27744
305
9748
31894
36346
9302
9746
34601
28993
2335
36853
6215
6935
7974
33981
135
2161
13654
13263
5707
7662
5485
42148
10919
22436
5928
2683
15981
28146
49689
11525
16343
3922
17575
12029
47135
23094
20983
5877
16526
9287
5661
796
3558
1387
18841
24137
8390
3561
12499
1654
14042
11309
4811
40329
15415
353
9795
46050
34855
1042
14
14616
24806
8864
9550
27153
28878
839
30227
29577
3636
8470
15352
32445
44909
4411
38472
26749
23354
9501
2152
1755
34321
4982
9094
1095
20915
15781
30372
2272
9392
11516
14748
1218
32891
6137
8971
32320
10380
13062
48288
4704
558
11167
36182
860
23490
1331
20428
9214
23775
9796
9030
32212
1
3609
40435
654
20335
19064
9999
34112
531
25447
23759
3284
44152
24568
11306
4426
20414
1290
9094
11392
19309
28854
2745
14304
1390
20054
10266
1590
31668
25799
20491
33770
9596
7892
13830
14622
26558
2103
25040
2278
19026
18475
53188
7184
56228
29751
4
10871
2601
11977
29336
9291
19538
34631
21520
12588
42316
51633
12436
4782
1076
956
27645
6859
6592
15783
17585
8166
20949
11562
2777
28605
25905
12638
22291
7834
4043
27732
7756
2397
29978
39241
5621
5299
7793
3934
2052
28067
1
30136
1949
1133
626
692
12647
8745
16035
36518
18096
13612
7209
11496
743
46437
6423
1
29668
1217
14364
8106
109
3157
11523
51071
7861
13620
40188
36623
46450
853
7892
7978
10540
43487
20936
10324
1
82
168
11627
12607
1446
14645
1458
27561
24441
9691
18928
43067
51143
8365
2636
5529
17619
6302
20330
4432
5512
10809
4985
4564
4249
7712
16465
1558
34735
5023
18903
35
25777
17364
15
2781
1427
5836
3356
34824
13761
11705
38502
5259
2711
27714
21966
1704
13880
51837
37957
27
7020
28607
2327
18935
22958
38043
5042
2
24410
22127
12370
807
1084
44062
27729
2984
1547
34859
17638
2533
10321
45346
4231
17154
14739
12278
9177
8251
41502
16354
1862
731
42445
24208
14483
30067
25732
5522
25807
4157
28541
27432
2586
25183
3498
12632
3835
4623
12652
12595
2725
6867
11819
25146
2172
3805
25582
9415
30752
1620
6443
19660
4712
6889
6019
339
6392
28041
8711
3766
28894
3966
15676
5416
806
8383
15780
7678
34585
21163
10567
381
9236
27571
6147
6180
8331
24661
2400
33387
4
35223
20898
1
10676
504
10059
13023
8599
20493
3174
11713
46385
1229
3235
8051
6543
11456
1371
29361
10429
1466
32015
1153
5525
18364
55330
347
7568
9719
17378
29151
11175
3866
3899
13397
29710
7679
13969
6271
5295
4897
21884
52303
28683
3358
39941
3889
29452
24803
4085
24
2159
29294
3114
1953
35775
2395
13210
1981
13622
5410
1248
9446
15040
18514
11374
3323
13056
343
37279
9195
5323
2574
5541
698
40310
21730
7008
3032
2902
26960
12082
3339
20159
1375
3
33166
1885
10389
18674
5759
31431
10103
5226
47213
971
17621
35499
34632
16197
1
23188
4084
11350
25247
1111
7385
32356
18136
17974
27618
480
33953
17185
23633
9728
21756
43858
18868
3955
10489
19097
23725
8438
30996
12678
33949
33382
2408
490
22022
13121
16650
6186
19518
3351
16279
12136
1376
16199
5054
7568
477
12033
520
36513
33053
19679
1021
21830
34341
14905
33301
24871
9802
16915
1604
4299
12878
10494
3238
9564
27
14501
2517
22961
34471
9738
7314
21260
23867
45
6122
7952
43580
16596
30019
14112
3030
6044
21251
6073
392
21040
8909
41690
27184
20791
1
7900
12250
31759
28092
308
17946
7007
284
11419
15450
23259
190
16726
32781
20699
17598
2092
19979
11786
4601
29917
4308
909
11133
6701
47892
3383
29831
4365
577
20251
6379
3657
21381
1820
697
18715
4278
43393
21398
17985
31434
1919
1955
9998
2600
17309
1
22479
1370
21369
12566
1768
6772
6349
35552
557
6367
27540
1107
16938
38213
26672
30275
9554
288
2652
1570
5786
43923
16492
10464
7582
50035
8978
877
31287
27922
35851
10966
11791
64
621
19390
2913
6941
24355
23641
4496
33121
516
19301
35381
722
40713
4029
727
13209
8700
17668
7459
3980
14750
41798
14624
26403
5197
18580
3314
13935
30182
41315
46496
6775
37907
5549
5430
16376
2749
4349
6417
34844
25119
13272
20086
11815
40587
23098
32151
3760
7822
6
24197
6008
13822
7196
3671
46805
35723
3802
3276
5719
29422
21039
13958
15407
21514
10381
2145
29262
19786
720
2833
18043
288
26952
3094
219
47368
22131
10497
33828
24591
50970
6248
2158
34663
11623
9245
12593
27245
17727
11821
16877
7802
2113
5175
1268
3422
10106
16313
14650
36169
14164
1219
18578
878
3440
3460
5272
2416
8010
40525
9776
16
19572
13073
4814
11257
3758
5957
56391
53909
17216
45465
48708
941
37323
13790
6788
32069
420
9
12700
20892
20978
4189
19185
4123
12261
1228
6694
1019
6087
145
1234
2437
277
32679
25723
51846
7110
7140
5473
37526
20223
3674
15549
11712
3519
16065
40457
2
51630
21437
54515
24661
9823
3079
23077
6306
34637
13096
1193
20261
6865
18725
23479
6188
21904
2485
479
3597
193
2483
19370
433
11129
36498
10020
5159
12574
20101
364
3918
2502
16834
16023
3092
1463
10187
3213
2219
24783
784
40933
2439
30367
36984
4265
6505
17347
927
19193
12548
501
3789
9145
1696
25883
4756
503
3100
774
3039
52535
36812
9774
45417
10036
5758
3654
8239
18818
34866
1645
767
4301
21315
8480
2
12656
5434
6396
14872
6363
12871
27738
1871
14138
12412
32620
12038
13860
11399
27772
14187
24554
7314
4882
25320
6503
1
3721
35133
16338
5708
6874
16712
1713
4356
50683
5201
14169
5399
28066
1758
5023
13131
9959
10613
3048
4047
19474
21467
10089
1848
27618
26084
13937
2046
1057
330
8795
5844
3835
8763
8669
9956
11726
6386
28704
349
21066
9096
42991
24192
5354
4920
14348
844
14454
30337
14244
6180
2879
5068
3319
50885
10
1368
11702
12934
3070
35353
17284
9943
19377
20648
58281
13184
3533
5079
20157
15811
2428
7313
22721
8436
50220
17
1968
1920
28672
6370
796
1864
16491
10834
12842
336
2239
13796
402
13702
26026
9472
27624
29926
41999
26803
43293
3226
15195
31445
36801
15657
51358
2
2
14350
2127
18777
2310
9241
40717
15427
13748
11706
37657
1064
8
37037
10736
8757
12216
21311
45764
243
38805
3164
1976
2549
43043
4753
15863
18111
5542
54276
31538
20245
18243
9314
259
9609
4264
22588
31355
2060
24521
29948
10489
3675
719
9234
4115
3266
4947
7045
395
318
11137
27481
20937
886
40902
32327
17163
32016
38382
45508
5621
2844
6945
28255
19258
10210
31691
6406
3443
5102
9102
22372
5401
2994
943
16632
21882
9737
19350
8474
4270
4842
3872
6906
5739
1499
51023
10773
8934
261
16732
238
56725
14477
21447
34181
21658
10947
16192
12481
450
29862
10464
27717
2599
31
5654
16842
4397
7241
28021
2582
2432
9398
21758
13778
52385
830
15602
19178
15055
21633
847
26090
13139
2385
11478
16661
6341
4535
15248
28437
1505
10795
13
11556
4178
6988
6370
19135
30028
4180
1023
1093
5367
3367
6557
5219
30357
2582
11571
23282
8418
333
17748
7215
14358
8330
34720
2238
13721
29651
894
1567
30590
39109
31616
7039
16619
24536
5097
1
18798
54742
20072
27732
2656
18817
2908
13784
460
10504
1301
239
1199
12145
36408
1449
39729
5403
552
13949
6166
35919
47042
10245
18563
12415
35174
19135
38361
46527
13160
12411
216
33704
12869
30077
13373
21144
435
26664
1041
515
24989
5237
7723
2414
14457
22655
33069
30869
6764
8967
17536
18299
50139
2994
24668
40054
1460
11488
1161
22754
1261
5608
316
47020
5760
8142
23822
1740
26925
17930
15819
4140
46478
12360
17191
7364
12582
26325
14417
2780
1119
1281
5082
14384
17
31262
10430
18129
36540
1234
23380
1357
20113
22165
10346
4413
19501
14856
5
31118
22745
8866
6487
40172
11632
48429
37858
16440
916
423
14
51536
11072
29735
19371
9844
2615
3831
14368
14064
6759
3008
14404
6085
2150
38908
30500
14625
18007
11312
460
1628
470
2398
3873
661
238
974
13705
970
8483
16054
24506
2154
23746
13518
857
8754
8932
3522
3878
774
22677
45279
20434
19613
13634
18317
4987
637
27150
10609
4428
43542
14903
48175
27399
393
9971
1
5047
38389
2930
1665
4428
28691
30385
31514
29589
38505
40037
13125
40933
14368
5629
39950
530
31865
6646
5660
45716
10033
3359
1873
2271
2787
8921
19
1558
2843
3739
15717
4
6011
1538
5842
496
24488
17887
31844
17021
8466
1
2277
16875
24343
36204
9055
8695
27828
28597
13106
20931
10377
40036
10746
10826
17
20590
13595
29780
18306
45328
796
4676
639
4127
15356
5100
10520
681
30115
11845
24956
5327
13033
11794
13111
13661
20013
31202
97
12431
13440
7880
1753
13091
19419
2057
5783
171
12273
1105
3945
1508
20572
47742
19516
5615
2854
20126
2745
18504
53416
8565
20587
1219
1852
8035
74
17605
3209
941
44093
37883
4301
16013
6376
17616
3932
24599
7862
1105
12737
26486
5262
43987
25170
298
339
2895
52812
41397
11389
1743
7804
24002
38250
27536
9311
19935
14075
1522
1525
5480
20598
8643
18114
1332
5801
24672
638
24592
19386
16433
8542
270
106
35499
9228
7118
29986
1263
192
19986
5395
8586
17877
39471
5813
35414
1811
28841
12118
15633
25768
22858
4898
20079
35793
23890
27558
1082
5087
29520
10311
7386
1482
35947
9048
12805
45034
9407
7515
3968
2839
21442
4873
2948
49226
25635
16483
9294
1930
485
3277
14644
2891
1
2695
35806
16496
2930
9585
58041
3714
21117
51734
34667
4676
9647
11343
5594
34403
7144
11481
4811
4959
17957
34802
5099
30968
2011
6568
17576
17822
1739
38622
19511
1619
1242
2307
11625
10864
13264
2008
22925
687
9370
9684
910
20012
1855
11494
6076
16289
6127
37684
254
1833
15480
27819
33783
31659
21254
24642
13925
31166
48950
3105
27060
25941
19669
7729
25592
29525
46645
2949
22356
21022
41724
3620
42798
12002
14259
354
20571
34871
4703
4726
1320
3441
49293
428
30143
6127
2897
23335
4404
20885
1474
11722
10283
10357
4088
15841
8009
47506
4760
3242
29565
10531
47851
7141
2528
8841
2333
39983
6692
2811
2943
28689
34818
10000
339
39582
30251
17674
1943
549
3158
13
8239
42087
8721
22989
49193
6369
6895
4619
4116
26562
10207
3679
2689
5510
5271
19900
5391
12670
13215
6345
15222
13679
9940
18006
28242
5336
26559
8283
36697
18981
1301
20690
44305
48977
2347
2031
7299
27351
23157
28504
16100
8359
10022
1321
3478
7171
16687
50400
9191
28824
38924
5313
11084
2083
29763
6145
7878
1285
636
16879
12010
8333
5465
23781
20081
19187
1021
16072
20487
111
9912
11598
14083
4878
13464
5049
860
5618
9213
8049
37417
5381
24626
57
14795
18125
32809
4216
2046
39951
9551
11452
613
4428
12739
14875
42236
15589
4617
18005
24753
4002
1372
25506
4
564
25577
25686
4309
11668
8679
26916
5128
11826
42343
6087
13517
4257
10030
3111
5935
16475
5585
58698
58
45928
6688
4685
65
15492
44967
3251
1
9753
3588
19235
1465
1726
17408
15996
17377
16220
18567
688
5980
11048
10950
6755
5789
17499
10432
22264
53828
48493
611
13236
12844
469
1132
31810
4594
733
1
10465
23618
4295
48646
31322
2700
4379
18410
12036
1704
5086
25214
11662
26378
21768
33306
18508
9827
1044
16225
14919
16077
5836
2860
10364
41723
3233
30233
600
31496
7592
8871
15788
8674
642
29676
4621
29389
2291
2797
4571
12962
1268
7773
8937
7089
4667
22275
6033
6015
1857
14059
24231
14631
31383
1653
17643
39866
10296
15848
14890
31007
16466
15271
25580
750
50247
13864
10635
14800
23766
39378
28
30649
17939
4078
12197
12074
1294
18254
13270
15599
2189
2662
5313
38005
5333
20691
934
8618
591
8682
769
669
9273
31887
3941
31342
6487
29784
18611
5499
7991
5259
24408
55336
11165
30376
784
32749
22213
2911
2143
9259
521
7794
728
4126
2659
13916
3585
8332
6075
18204
4919
35091
1393
629
3037
11713
49648
2
26
4976
6046
47697
23868
8074
34653
9183
14102
4640
29170
22709
58490
17014
29731
12336
11127
48010
8669
10185
8533
14624
14080
6734
634
18776
49754
46300
564
21587
699
9961
8285
25866
23309
6860
17519
37818
50568
7484
2746
4635
12928
47555
21858
2909
27743
31514
6945
43577
25433
56012
4059
22913
9042
6782
516
6185
10285
2
3
2146
38946
8705
937
10096
2411
27251
17960
22929
18979
24864
43654
30156
957
23930
48355
2377
13861
2228
3015
18962
7602
1950
7656
12809
13035
914
9224
5068
29647
2748
36149
3768
11393
21957
346
10517
4727
11973
13002
2162
10081
4843
30674
19941
17720
868
26545
21283
13402
14248
1646
4684
44766
8606
2989
26155
20640
15135
8105
3266
137
8830
20127
14166
6559
6893
11731
34413
463
23457
6454
20284
22352
28329
16026
471
30333
13881
4055
47175
16727
53642
2373
22023
11849
6950
32317
9045
8897
7195
41268
15223
35470
1463
30561
9172
21577
5312
265
28949
49905
32283
51775
13453
31651
7563
35178
2857
10844
37147
29759
1547
21385
312
26183
15836
929
578
1197
7371
1575
736
47445
23187
19109
952
31420
17558
7545
9871
10719
19693
40558
33130
1787
3770
1391
15595
18701
5567
15794
32493
54781
2281
11997
13459
29559
6842
6522
4479
21519
33328
33625
1762
2360
1765
495
7371
27060
28134
13415
8292
48998
30298
17041
13170
2005
2827
18658
19809
37501
4995
6424
9163
5984
7957
42051
18397
1947
12914
2834
23095
2033
5637
2534
21649
47570
48388
1926
35355
9314
786
32590
1194
207
22396
53125
3811
19854
13718
18560
40253
49625
14285
50437
52552
7939
39994
784
22065
22719
1032
5639
17922
22600
39351
1964
21295
30429
14528
2299
24438
9465
1081
31748
28023
10035
17694
11474
38961
58170
9051
17646
16261
10181
17634
10380
22538
8766
21041
31216
14863
42740
29408
265
17168
13898
16364
8166
4066
23367
16058
30330
5175
40851
436
11794
15532
19917
21249
984
1
9438
13503
28153
23697
34920
2481
2117
865
7312
20515
1225
2475
26601
16244
29701
21397
3528
24408
39241
37253
24510
16688
53962
15678
30915
37699
7071
3585
19026
5016
4302
27485
6376
16927
2079
18228
3020
18416
40896
38795
30126
47622
50285
16122
16367
16282
3072
17770
5787
47823
27732
14227
36050
31014
3328
49313
1310
9914
37731
13537
27441
15106
6025
9434
1529
8941
11513
31368
1571
6308
1901
3659
522
4498
8832
714
28094
444
150
39354
8692
20393
7431
28938
11461
11182
29017
45454
3295
32859
50038
952
31566
5319
13085
15751
41544
2686
35324
7527
19737
13155
17298
1265
459
7681
8039
9729
37654
20807
18649
20947
7514
9128
35848
34096
25131
6410
7090
2433
41848
5522
22374
5109
37315
16603
9220
3040
21296
49664
23253
1270
1412
6651
1169
2246
3596
4497
41318
580
1484
4307
20796
770
8266
4403
16129
42791
8068
8544
9710
7495
3771
786
4115
18560
1696
18778
8828
24026
3811
29943
6707
11755
24832
1811
28364
16856
16286
10312
26061
21262
24181
37309
36954
2475
1810
2819
10899
19718
13100
29224
11444
9661
9337
20380
21504
9527
5632
5490
41996
14786
11305
25475
1890
21180
38443
2922
7948
2130
15643
9851
12944
2345
4217
21088
11542
4741
14181
534
19760
640
1039
32305
56691
31313
3247
3727
12
18068
29552
9035
26178
34226
42550
4228
3986
10390
5764
8113
6935
4036
7471
10659
890
35614
8032
4042
44853
1030
2544
57747
41804
51985
3397
2207
2910
970
9677
3424
36595
26626
35222
2081
1100
1095
10079
5769
7360
2265
6967
15132
816
33643
43927
241
1686
1707
11459
25043
50134
36863
12685
2773
47037
49065
39715
15054
19973
6586
37978
40712
10865
14066
35028
3962
903
8986
26
284
56269
3479
11548
19418
1510
3910
2528
4625
13911
6483
34646
7358
40161
41355
2864
20310
7920
767
2820
8911
8492
13931
20450
20491
20657
16651
32739
26709
3312
39743
6655
27847
7518
8348
3547
512
15785
3629
3383
9672
6890
29781
2513
8233
23787
5358
16466
30939
28495
24209
5224
24096
773
33748
15660
2115
5375
13729
2227
52573
39309
7508
7991
2438
3252
3521
9137
441
22134
35422
1606
16950
19934
7800
14881
6495
2
7579
239
6591
17032
22838
13013
1689
32367
3413
16766
13394
2775
38961
503
6612
508
20141
12732
39711
10923
22300
36474
7668
11337
11281
20485
17101
19048
12890
11530
11567
738
19859
15611
20666
8244
5312
16713
693
20098
8213
10044
30087
42433
13540
4552
10432
3842
18878
1703
12856
19135
11573
1774
572
219
35255
13828
29984
22049
57325
12976
1894
5183
18437
7393
12809
12732
31601
2297
11207
37678
13924
22143
443
22691
3337
23689
8003
4243
2
7148
26166
5472
987
39060
2213
6544
7842
6909
1853
11556
8258
12089
25616
2131
1680
956
6101
11813
4603
37522
33696
3056
39262
2962
2481
28137
2697
4577
1444
6627
26783
14553
37618
5120
2548
10154
5606
34647
6780
23125
17767
4736
2
44
4448
46863
18493
50834
45276
3908
358
4510
6864
16069
32981
13954
3737
2505
1424
14728
27821
23534
26048
2500
3625
435
16763
22974
10779
1518
16132
2376
28005
19132
1573
2812
10152
42598
49200
11128
13567
8711
15299
2852
15771
6566
38613
14093
29545
11132
47687
30834
3987
8544
7116
16820
35628
31231
6
50548
14786
6805
5881
57524
1768
55372
28726
12616
7552
542
35506
3604
1908
8236
6104
2
7935
5962
883
976
4738
37791
25839
1623
11390
18182
4015
11435
6484
27536
9455
18208
3764
1488
10027
1809
28984
8474
10224
17256
7856
37542
22527
26658
32754
22411
2
19647
40950
10810
11244
20032
11814
40942
11512
1112
20718
30742
10549
7390
6842
46300
10249
984
19419
3
32551
6904
30946
6871
21990
8501
10406
27080
323
20337
27167
13839
5427
40120
12202
14786
10184
48868
7099
9474
11037
40597
13259
28696
43054
35983
1785
1956
10512
10970
1705
397
16754
6964
26137
23335
45330
16813
2816
30333
5548
9494
12911
2047
8734
13211
3171
35963
16058
32009
10772
10099
595
48390
36058
18393
12814
8022
2478
5454
1440
17573
8
7012
19075
13908
7124
1
32077
43241
31424
4129
15497
40782
44806
46542
4317
30226
11702
28665
13562
842
1449
39195
9308
2412
7169
3360
35992
2888
396
3254
1663
2079
14026
38746
2
19217
9282
2611
12104
11687
2440
21031
31574
36
26456
17271
8109
1857
4603
16795
23534
405
27645
2046
2500
24164
52788
506
26097
1113
14087
2555
217
21505
1
6
7473
18695
18850
16245
1086
24112
13572
16586
26414
4060
11302
4084
677
1075
9208
28485
35304
26442
29252
20643
40635
14779
14193
1110
3829
1037
6888
18186
53343
39169
4005
2796
24270
19760
18341
4411
5361
3953
15953
40948
2233
8074
37210
50466
22308
14412
3259
8395
5428
8239
21217
3577
8730
7560
4383
2667
29737
7921
9001
11815
12296
14082
33937
1792
19134
1206
10418
200
200
2789
19072
22867
16335
9469
7217
21604
8217
9891
11679
13586
15073
20719
18856
1080
29848
48488
2792
4935
4757
27774
37056
30945
8607
16862
20250
154
568
365
3467
1337
23178
13853
43322
6696
4057
25192
9708
37716
5647
21306
6388
9584
31822
454
313
9855
3555
2570
40347
53689
12271
12029
17821
10923
22620
12259
44020
6884
13589
1218
22869
13169
49355
3563
3902
21325
24868
29560
15074
3521
23334
24690
31256
26123
1758
7969
21873
41785
3731
49
48180
13266
11751
28212
824
16099
9655
8221
2656
20248
21857
27316
10710
24392
1431
36014
19521
16787
3600
7313
1742
46420
20646
10738
50400
1246
9885
443
11284
34828
23342
6070
3377
30791
1507
3064
3184
2340
6231
1063
5859
36254
567
3369
2058
26365
7530
23680
3702
30373
37285
4785
24709
29886
39434
5394
17970
13394
6591
5527
6596
9941
12426
13848
25296
7480
12965
5433
21117
18655
2774
11890
23722
3431
203
49844
4711
11704
9923
47055
58725
28319
23286
14561
6276
5378
3933
2913
9391
8912
8164
11666
420
5358
15254
14982
12477
5662
885
38741
32338
4242
1178
5296
34683
7938
8761
5925
38037
22961
20122
38154
2065
54216
6
12322
44592
17589
4156
2
1169
19826
16510
816
9281
27292
3133
1143
4724
11545
1404
7108
12536
67
20963
5845
1312
24243
25555
34632
10891
3662
2945
678
19728
19654
3118
15147
10907
11331
48064
20195
37466
17990
32694
4657
17276
47709
18458
20944
17706
36236
12622
9896
19517
2980
10732
13563
4382
30837
1538
15337
18466
7704
7779
13145
8406
35867
38764
27620
168
10104
7839
35668
2383
15272
38188
38632
731
12619
3598
9350
3715
43009
1534
16810
41878
21551
23601
14446
3419
16497
10506
10223
3064
1136
34744
499
14476
25935
16063
10883
4240
25370
14627
28150
36412
9986
9717
14632
9166
3734
7194
53953
19262
5770
1599
3566
35582
5793
22829
21485
5986
5794
1364
35342
39439
41039
58399
1101
29613
794
5096
6174
22256
6866
11927
24479
13479
13413
41554
13660
4008
45800
5537
644
10508
12301
2318
44983
9824
3425
15629
41727
5786
26203
26573
5694
3302
17408
3278
47928
39371
712
48584
12949
15917
4164
25222
16940
2131
4059
2932
58796
2889
30319
4170
7924
25761
4972
272
16669
11990
17075
48697
5040
28375
32190
45148
34604
1753
567
9441
13994
177
25769
21
15448
7598
15028
9269
1843
22
15796
15083
2195
4422
5511
987
17025
3364
2025
30326
13699
739
7221
5539
754
25355
32278
8837
2033
4965
2503
24889
46845
12195
1954
3909
8167
46959
16100
969
3461
1357
17006
1568
6902
18437
18232
27658
24314
8992
40809
1224
1098
9629
21513
11221
2327
1524
2941
4067
10535
18330
1120
5836
6763
25391
6238
5681
1342
32199
2542
9628
19408
25239
14517
33793
29404
20555
11632
4261
17585
27064
1234
42038
8581
26204
17861
11680
19632
77
38028
11487
4595
13883
14513
26997
39634
21244
9732
10651
4815
20523
1134
15971
7494
2721
51109
5958
14930
70
6655
1
14080
35352
194
21344
9569
5586
3248
1965
7540
4554
9334
7703
1643
30265
1522
22257
31116
20455
431
15746
5561
5369
11283
28372
33779
13169
30042
3412
10522
4170
5818
12574
34201
11566
21564
11928
17570
4991
13121
954
17228
29528
40693
2667
21115
1224
23666
10260
25959
444
32116
5161
10593
4452
50382
14647
11352
4111
4095
28406
13
10480
3940
36948
35267
4234
40860
8999
48790
7377
46280
1596
7966
22681
36966
23036
6907
19069
812
6646
23990
34989
5433
13100
40231
11894
8872
43712
23973
3
32882
5685
28155
3410
808
12590
7531
4598
14186
18134
813
6982
44499
3369
50723
8751
4340
16925
4548
5594
18275
14744
5797
599
17
34514
10325
6990
2061
758
8153
16124
14159
1006
4709
8893
3198
4817
17682
39143
13487
18797
45042
12072
34267
8314
12282
27897
427
10298
1421
42675
28378
18640
25096
4980
7891
9937
44266
11042
23657
8487
8470
5976
192
55
15873
45367
15579
45026
35341
19588
1317
34383
279
27024
2194
88
12588
12268
913
14391
12918
19635
11823
6978
5248
3765
51787
11387
32062
38970
23407
15555
34277
11081
14456
8690
5952
9951
18772
2799
9959
17408
8563
21676
15370
23653
29099
33486
637
578
40411
9891
8008
4109
9065
4747
116
47979
21297
29821
10084
7924
6127
19325
6874
3300
22307
1079
29446
27973
983
3357
79
15011
7161
3797
1403
4330
2941
680
1183
30244
23132
9618
37810
11479
14743
39419
22615
7556
21449
25456
8259
23391
29842
5589
9349
21860
9607
22434
4173
577
7075
6016
30627
5464
9453
918
48141
18638
902
11689
2334
8202
9445
464
29486
28773
2728
4790
6284
1080
13095
1476
489
6240
16975
19166
31902
5032
31068
5063
2946
13401
1949
5782
12226
10982
16736
9772
3393
16595
9304
16313
4242
9560
633
1781
6459
12377
9452
38661
32697
2311
5914
5
14212
22955
33891
14214
15813
23113
29770
15896
10271
15207
1684
11706
15267
11427
5703
9369
20325
1374
16131
6067
5320
1111
22904
2763
15954
25314
10808
19117
35516
26561
33282
1274
6254
35964
42961
9473
6061
364
488
6934
1460
31152
44916
809
23134
12631
29803
36238
363
7924
21132
18973
4581
1224
44728
575
13124
30517
31494
23482
6452
9176
13410
3562
1208
22660
14128
19243
40686
2964
2886
4502
26897
39628
1126
3278
16564
7334
16459
31197
4715
4334
3031
53122
2241
3545
4939
3579
3
13691
1243
15716
3395
11634
10327
29588
35498
300
5171
705
4483
15200
26158
16643
29809
19385
3607
8810
9336
17982
8362
53039
11735
561
31624
7257
13508
11346
619
7641
7200
21149
9017
8021
16695
27807
2830
32933
4842
48268
1
12100
36281
1767
6062
4232
29569
34360
5877
24827
26738
16162
13146
10086
4123
6203
12942
9169
22498
39085
2421
45575
36723
3771
6798
15730
8179
46849
7022
19753
16218
51864
17407
5235
10406
26111
11851
7565
1345
971
33739
10011
12160
11266
15273
6037
8447
1358
26630
36871
8902
1490
11089
29244
6243
15256
7094
13414
42198
41037
1184
41260
2341
29723
2937
424
14115
1605
17434
16441
9253
7023
54204
18884
38821
4151
13904
4739
20073
34134
14758
469
33882
39122
14386
47898
307
11522
16905
9944
1079
721
35899
18577
14515
494
281
31845
24830
11912
4054
3706
21908
10753
19148
13572
18947
24394
34401
34934
34339
24083
3943
1
12024
2063
30386
25592
15333
281
22773
10057
9623
7985
31096
37488
2381
20955
304
3189
12501
1583
3740
5744
22240
55948
59902
780
43800
4859
13086
31928
16292
22322
6985
18564
11804
11205
4067
24057
12441
37770
1782
15697
7036
1483
19937
13365
28545
22973
20168
18266
2
7828
15534
9638
2133
51018
10001
1500
4039
16649
57
1
4784
4
33918
7597
10806
4663
4827
30211
33232
18068
4290
14399
1376
4687
6179
2484
16298
835
14251
28564
1685
37643
6001
5443
6432
11434
2859
2198
4194
1886
30640
852
51893
26614
13779
13986
16101
15975
19456
23320
14656
26886
1224
26538
34062
7518
15739
13812
31828
20650
31510
5481
20
6816
18644
5126
11405
11164
8883
800
41562
33030
532
14824
22987
2321
20202
40752
11241
10718
1536
13627
28998
6235
314
2599
35118
2483
21551
1877
7296
7853
5572
22850
2
3862
7342
4387
29673
22424
40486
297
44953
12497
266
10393
7225
9637
3080
8968
263
2304
29026
1073
8459
12935
1151
2172
10374
17732
10783
27128
1853
18240
21915
34559
4846
2419
5964
522
12641
21102
7422
549
16199
16483
12645
30402
3363
28594
13032
14160
42619
13072
14432
10686
51020
11810
11106
301
5079
1632
5349
8511
8144
1369
46768
26283
3387
25282
6660
2290
20621
620
8121
15364
10976
7502
30482
12861
1073
10873
13627
35951
454
7003
16129
22580
3460
1823
30573
46457
4004
12979
33578
2357
5527
13156
19031
4899
1967
28214
4271
4943
59963
21498
2462
230
2993
10816
17934
15037
38545
230
22689
9517
5649
10793
25100
5947
48820
1421
16182
421
20223
3768
18753
4400
37072
26432
5099
32944
10020
48338
40039
4200
9985
40775
11971
232
27514
18867
5409
521
6506
20305
3417
926
15936
18289
5044
3436
14969
3154
15755
1862
6522
738
29599
12146
19463
21052
14076
8758
26472
30670
22886
1590
2
6122
39008
8647
5101
10781
23209
6289
39333
8
435
18788
17298
11312
30208
26451
1047
4775
18010
9137
26866
1
4479
786
23316
27783
5989
20083
13066
10986
35057
11
5503
4051
17797
21515
3140
1516
46663
21396
4706
794
9615
1840
6312
17867
1537
22214
12802
13170
7644
25213
5915
36738
2242
659
25240
3116
11855
60064
18598
44742
18958
7121
14031
8089
11883
4996
43672
36989
20039
4182
13015
5675
1475
14999
18986
7717
727
4292
5735
267
3613
24161
1821
12191
21215
5246
35776
17314
5931
2541
39485
11748
25573
35803
7298
28982
892
1559
847
6178
1
1
7069
13587
4017
42
49231
2443
30297
31821
23337
5505
6900
1064
6972
33596
99
10073
8851
4960
5920
1845
54166
2
2016
30031
1276
31621
32889
16588
11216
5833
9041
8036
1447
23403
45953
11797
26932
2100
11084
22524
8164
5351
8551
9817
17185
14594
8196
13451
3114
21158
27740
12645
6446
9349
478
12876
1
9290
16858
6095
30978
12043
713
1871
1209
25868
3521
27568
3241
6522
42260
12441
14740
3383
42907
6551
5161
808
12559
21750
12841
25307
18042
20786
22726
25893
20816
5450
13534
1002
14042
4934
11609
14215
7115
41930
24334
16954
18043
6569
18734
4627
2958
3087
24419
23768
11217
26534
25344
370
11983
2767
937
826
35989
5908
559
14822
24392
2633
25738
30416
6656
9097
269
259
23436
46210
6841
7679
28609
3979
21286
26981
51633
13169
32661
12862
14209
12045
57856
35450
19853
13521
12313
19834
97
820
21238
34343
27044
1800
28601
1629
9283
45662
35420
10465
14508
14794
29885
5477
2625
1572
30282
316
220
776
25439
34288
28366
22580
25284
11725
6313
37325
12096
36928
4959
13684
32101
18793
29076
8587
465
8660
2879
38530
13389
46787
1929
3734
7631
199
11235
17131
3205
6991
11192
24695
17851
6224
12079
13061
1206
27227
3078
5784
904
37391
56271
13692
30369
15335
18730
31141
3177
36164
11012
25302
23101
4
5182
13745
6544
3285
3264
4574
27428
18022
5296
16753
41400
584
10106
1362
2440
2499
4008
4825
2812
14004
11952
25126
37758
15878
13505
34813
20982
16982
3577
13262
35792
21220
20293
47174
4752
7754
11916
39384
3706
14176
10552
5637
16353
4109
1054
3092
31714
44474
27188
2725
5066
2742
15859
9861
6941
95
16634
14252
1996
1390
2218
31909
1928
37093
25154
14654
16729
22063
40182
978
23175
15571
4950
5647
8291
2669
1482
8281
51128
3609
41931
9032
4993
21584
11848
13713
29089
59086
15215
7923
36657
48095
14235
4333
10033
18
15411
6016
10783
21011
26520
20084
5253
11540
22018
1643
16067
7212
8962
9021
695
4537
6418
37999
5562
5136
31001
19575
13549
17204
278
20939
18144
660
38311
11604
13194
29523
4576
26542
34194
2786
5866
7286
40456
12775
9334
807
1133
3998
627
13134
18984
40277
8995
3394
19979
29071
19973
2573
19108
7490
15479
4637
7710
10354
6947
55094
9579
9605
19297
46879
39708
13712
14607
15078
7010
34758
22209
59986
9317
5985
29725
13845
36947
8543
8248
1153
1826
32
3022
2045
13466
1277
5179
582
2662
2055
28320
3989
36660
2757
24153
47770
20311
723
6972
8952
23910
23034
24950
12445
41
14946
22946
47571
50802
5416
19734
152
37493
6913
16940
11609
28472
8119
9469
29694
6303
68
4825
27674
9786
25785
6121
5220
29152
6838
741
6518
23336
11787
59793
3491
8714
4980
24897
10242
25088
14029
4988
4402
10539
27825
416
6628
40599
48389
6624
37351
14024
47480
45376
9998
9849
2150
29079
6247
21983
11646
5772
43376
2971
305
27673
8613
4584
22007
35537
353
11460
8739
8916
3520
3140
23976
4358
14492
12757
26917
3582
1099
35901
11281
17170
374
9061
9190
37187
39739
35078
23860
11816
279
30102
35067
11852
5750
12566
10775
39188
6403
4186
17943
27575
11565
6310
363
40712
41061
1960
5800
26943
9799
19700
4172
22263
3374
4793
14897
28831
53298
8309
38197
36945
21
5062
36232
21
29874
10127
55991
17578
2169
27464
15562
954
13777
18094
648
10810
15872
17345
4879
17678
938
16084
16249
31347
14394
5126
39105
371
7053
3267
30544
16328
15794
4097
13945
2236
8769
2105
45706
15622
37896
644
890
18969
25693
11060
3394
2134
17610
20011
25175
520
19252
3188
26824
900
22183
14158
4370
2869
7125
44185
34272
961
12410
21409
822
20523
198
28552
31634
19606
2847
6762
7117
11312
2648
48059
10741
11260
34904
46371
26401
14111
928
12254
14898
1146
4882
40283
7206
404
8100
4172
6440
25408
1267
8208
1
30138
6427
188
3640
12308
17748
6717
11897
2973
28840
3688
1818
14163
726
22338
9078
2388
13370
4327
49072
26781
9448
3413
6366
25410
55480
24710
4844
17070
5
1731
856
16809
22681
11555
42597
17497
48399
7664
5226
44823
5660
7318
25761
30851
28992
40929
25037
1427
38215
30129
2061
23129
36191
32145
21955
9717
14553
5730
25678
1
3823
9741
876
696
38060
1761
41471
11016
28616
9341
19434
18733
10218
28720
2169
12908
1082
12327
26665
3746
8741
15024
13912
16785
20820
16267
8044
1
49619
8935
12099
2509
7438
8771
27986
2491
15487
3343
6777
18641
18116
9839
23761
15473
11031
14845
33848
5827
20848
10043
2966
25086
3490
2067
2239
9385
5549
16235
11378
891
4822
24964
2180
16752
13857
4294
12479
548
10974
6643
15077
32519
3637
48264
20273
2143
36595
23247
5954
13807
52466
13288
14362
20254
3554
16035
9321
836
25895
7349
2970
45006
38509
17570
13465
204
9026
8176
10633
11579
8249
4700
1547
1184
10915
15411
26281
6410
4047
16183
52430
37453
6826
1265
28804
11234
26841
44989
27980
2290
10831
7657
3768
25061
14187
11471
21082
34105
1668
3937
14
1
47213
13187
6058
12889
55908
46844
38217
20095
412
14596
4124
14995
6594
12396
4611
2309
709
18424
59210
23277
13117
29524
21767
13592
23146
49839
557
5764
1272
6644
4377
861
5151
20
7555
635
33283
26113
13741
7807
21410
1436
27006
1
1760
10020
34329
25940
18971
25022
1547
13746
29838
16351
6638
21462
14395
6136
5284
15646
170
901
7717
10835
14317
7131
14207
8151
1231
42322
39424
21135
2076
24423
1384
42098
2936
50897
895
22857
38644
33849
23258
56940
44865
7307
6897
22919
11695
36076
651
36179
618
40478
2397
20665
6923
9923
31398
28813
16250
24249
18168
5923
4179
29
14223
13670
43289
15134
3549
34252
7120
10925
31113
414
2541
13038
7767
2386
43596
9000
11608
26394
4544
1961
25460
7295
15882
7382
40393
10541
8301
551
2797
39216
26673
523
19285
4798
26907
5899
747
23238
947
3861
17547
7883
7699
15218
34372
17572
8013
3957
34953
2152
25650
19126
16321
9296
503
418
538
47671
256
45424
369
3306
10505
29209
16319
10659
966
21691
15729
25826
24734
24269
4175
3565
21392
28033
3562
27206
2664
32054
12352
378
3353
21105
10649
9279
14914
15674
34211
15709
2
3855
20646
44565
14266
24534
20698
38739
2778
3
26107
11544
2035
14997
6101
302
6424
4752
5075
19422
3062
1062
9385
34181
48876
15086
14204
211
22016
825
19816
10583
13593
11286
9
26704
3158
400
10572
29826
21573
4069
918
3348
2
23117
1077
6254
2165
11896
39275
11266
702
7631
12679
4734
10296
18845
1101
9227
46633
29170
7806
33877
4412
6186
4031
9466
10099
3554
26289
25352
23867
7645
10132
29990
46092
36515
12144
22059
58862
5574
29924
1303
28650
4390
12040
1827
18500
15534
18750
3861
17595
8785
3588
51329
11620
21315
15582
34042
9360
42753
12917
37851
8093
21506
16924
12549
17246
1084
56223
12935
14283
13211
21
13352
3384
27233
3365
1141
4952
25548
5313
6870
40559
10365
723
18220
10239
8415
10960
22144
27763
8523
35272
12522
20593
4092
19227
16266
28296
2265
14055
2666
15767
29830
310
16465
2593
6061
17494
31347
9688
1
3722
10058
10973
14130
26308
2854
31668
1654
27810
3226
11260
13294
9154
13177
6581
27692
2751
20556
5595
17709
1293
1142
30728
585
2662
10450
4463
28719
19701
4342
1427
55496
17300
418
15325
20685
33473
1679
18666
22175
1
10516
1389
33129
12973
17211
852
141
4431
11410
15274
7424
8756
25922
8665
1087
9039
8514
12238
33972
27
1592
18411
17165
25676
12769
10184
13567
4595
6168
4909
24717
23217
52801
16018
17571
11695
24703
25331
38539
20005
8502
19151
5814
9674
11351
52018
26929
13616
12913
840
11244
27290
18851
11779
39041
4
12815
24608
13609
23070
39401
37432
19961
2
2744
23943
25570
6753
9576
25452
30743
3
2591
676
15128
11529
15154
5457
28382
2779
8392
18210
2983
19889
1
3981
34106
1565
54579
1085
36472
4951
29243
27230
6419
23643
1738
4675
24560
369
36866
10786
2930
6207
13361
18841
28882
14074
1539
24968
239
4752
13079
14483
33936
17321
21384
43895
7964
19163
12436
26334
2994
10402
3868
35767
8274
20783
53140
7668
40930
10577
29679
12324
8022
328
5055
2001
2689
20425
7113
18207
16138
39664
15942
14886
7697
29087
298
18754
33003
4780
10705
28207
45642
7029
20008
5743
17002
47292
33296
19081
56
1486
2187
3961
30054
13435
6552
1287
1027
29111
2219
12576
33786
36302
9912
2737
710
23491
3390
12068
8916
7583
7260
43051
18895
14877
8132
1238
7731
18382
22225
26679
13807
39864
43455
21140
8888
36643
41606
28974
19920
9654
44716
20317
29774
29734
21384
22876
6149
2258
7531
16176
19253
5482
968
708
19030
2734
18769
5023
2643
36460
8245
25404
39207
1942
26303
7248
14114
984
3947
8972
47853
2521
26018
4149
1942
8624
29752
4293
18055
16161
31804
13716
215
17373
8895
17317
777
15052
41996
3347
24373
2530
14820
19501
6361
23966
10157
4642
1
25612
21837
27347
15019
5236
18168
2717
29239
29198
10
7898
449
1639
38046
49866
6228
5604
10573
8259
5640
24416
17842
42118
37657
3182
15062
1986
16470
36612
3609
22614
33363
5383
1562
15435
10641
538
3341
12015
13788
4019
4834
22355
37372
15513
14051
31690
6140
26317
21340
16872
18583
47088
3080
17386
8547
15614
46557
10284
6085
3815
41930
1996
4740
17525
3047
3851
623
46828
20109
4561
1
29060
6841
28869
26035
13685
12356
12196
5964
40625
4852
6229
25749
57351
2558
10208
8073
17084
43008
700
29165
5268
51770
3591
8141
9255
50786
4115
4748
23275
11386
27977
15557
26674
24262
28182
3050
37854
19843
2914
14016
12062
30399
13559
5609
15018
926
511
9627
40345
14490
24584
5993
18233
10890
13
24022
123
31756
12363
5739
7807
4841
13897
1570
8928
15133
42483
3100
3386
2496
2638
5303
5177
32412
8124
29128
13899
5177
3330
12394
22298
1565
14453
2991
3935
30523
27268
15796
1047
33750
15184
802
7431
34027
7402
3712
19409
14163
32625
8501
12418
8592
1762
36540
30510
17788
13153
26858
37997
21953
18730
841
1253
23203
1574
18676
239
7174
3374
477
7498
17605
13698
29170
19568
42163
16209
3574
9464
8174
12555
43411
1238
4143
1107
2343
826
9203
2499
1242
8930
13431
19375
15907
21315
8960
5568
6876
23596
13265
36804
10444
486
16795
29840
19954
28489
10800
6977
19802
10127
9111
11466
28766
7698
1755
26776
12465
10618
4995
2952
6125
17738
15517
13493
31840
19515
37306
7245
8580
3979
1015
3352
7865
41541
7037
25180
4336
2940
32408
4047
30126
6385
18462
52259
15280
4775
4505
480
1621
35219
36669
6059
22104
26250
4588
9283
229
42631
31519
10193
11379
5385
751
6864
18887
38595
23071
517
11025
2244
10398
5484
5146
563
10408
10242
8466
41230
20590
1001
4563
15944
15073
14591
46084
36064
879
10883
55926
32021
55053
21776
7437
15594
16870
20727
26575
2224
14663
33489
10751
4234
12546
913
12018
34527
177
22777
8232
13944
16237
26928
2395
12698
30408
9953
3047
5238
31704
25444
11981
3301
20146
9118
2627
2449
639
22525
6810
5463
24658
13055
37314
7262
34316
25287
5095
29396
1568
1216
14629
11172
12348
13317
1113
1679
5729
4009
2472
12944
17282
25409
13556
5176
5505
8753
11544
33104
38675
4935
3335
13060
20080
6796
2340
12031
32352
20129
12425
373
874
10357
13327
420
26158
27910
3212
25125
14564
37701
6866
3064
27384
34069
497
26202
11323
640
21850
38189
6300
8045
43144
19225
1254
3207
21463
21693
11792
6515
3323
726
11003
37358
1
11497
5154
6785
1848
48979
23467
1820
40245
21734
2230
6674
11027
13775
3220
28119
3259
4187
1139
52215
9498
21435
25927
14338
16979
1776
7865
24928
7501
4738
20677
479
19102
40480
38093
14886
33406
1050
158
11311
8376
8220
31390
43358
26454
25010
15050
14092
29427
31719
9169
14229
5754
36779
15558
22299
1894
11151
20567
13647
3287
21573
41519
5437
2659
31900
29865
31003
27187
30245
20674
28155
30276
19789
19840
22607
42165
27443
30793
825
27221
4
2453
574
34159
24545
11283
1292
24786
23520
17501
16142
9932
20403
38252
6993
24888
43111
53181
40962
45562
32521
25812
13596
28674
615
15601
476
12588
12287
14837
25120
19532
10925
25154
2339
4171
12557
18047
19147
10082
24393
4236
3762
3467
36406
3725
412
268
5206
18404
28984
2813
2408
3853
33557
15193
15030
3446
14781
1866
1862
1
7632
40200
6096
6970
49234
52111
4678
16360
43288
1
1440
29925
13696
24618
41820
1704
43384
874
41860
2875
31831
46224
40471
7916
36737
32096
2546
4797
11623
23583
4951
702
44870
41106
36571
52134
16179
17127
502
5428
42361
20871
29017
5658
38899
1070
9254
9349
10485
56974
26091
42961
2404
4574
16243
32322
12103
521
33038
1661
5213
23952
20174
49094
3779
423
14291
4028
1574
18569
25169
10235
923
49111
4607
10556
406
17772
1985
25674
45284
348
26
26844
1704
8998
38490
5057
6734
3561
26422
8543
34403
56100
49720
22811
11091
438
32268
11702
30202
19317
23670
3040
40499
835
30270
9049
10744
14365
30151
4784
18575
52214
10118
25040
10898
3187
3920
1563
30568
20225
421
1790
3926
4068
11671
16896
46742
20329
13218
1349
2141
55954
3446
870
13528
35685
5923
38010
19109
858
41198
14068
20541
1161
12587
50046
5289
8705
14503
3540
21242
5309
17951
5347
48486
4622
25027
4179
4751
26799
6161
4109
32897
31247
9131
33554
25688
10432
52867
25862
41028
41601
47249
8232
625
9968
25176
15062
11606
992
27181
7950
22591
4874
53
31351
232
11187
58938
13880
3120
17293
9720
28728
3570
23504
37929
43148
170
31507
18976
42211
22700
6608
1529
5280
285
4
23210
3404
3792
715
11028
1319
196
8275
13506
36049
198
11527
5668
9697
2546
31787
4092
31474
2691
8080
22467
15906
319
2088
27746
848
7325
59334
34108
22561
6692
671
45818
8562
6925
40986
2356
60807
6026
14871
19
27671
4623
6582
54083
6955
46446
10568
7205
6625
50448
8945
50745
12015
6637
565
3487
7
9974
32249
383
683
2756
22361
1790
21468
12088
32999
42000
11990
25203
14158
1389
3736
3770
8956
25660
2
12848
3489
18275
35561
15221
289
2588
37598
17533
15816
44790
12682
36269
23856
404
25498
36690
23527
14785
23688
28829
38474
6338
3572
15607
1576
5721
45163
5111
7220
879
14658
26285
37054
33957
1642
5277
316
5429
19411
23785
45010
7741
17392
22396
11129
3076
24917
1618
24996
25482
3403
15537
41674
6380
4981
2
5524
56636
19048
1039
28278
25273
8903
6
40017
29527
1224
3767
4626
4456
23930
60385
6288
23197
28587
49488
7964
41931
4335
10960
1340
6860
18741
5433
12235
15694
3071
18781
49696
21943
44187
12944
4879
4995
12905
3063
3195
30811
5734
11154
3512
10035
26844
36624
1799
27358
445
427
4708
6003
2838
850
3050
48789
51595
717
5679
449
9395
25349
26871
4702
38942
2
8085
31152
23838
2958
12182
19425
20411
25058
18577
22302
47932
7307
13423
22481
324
54371
2352
1694
12343
35082
17462
4462
15158
8937
7893
1426
14379
14094
34496
10652
463
6661
220
39717
5856
30126
3261
4954
46919
33209
9547
20942
20498
2784
11330
20242
1297
54639
20472
27770
9044
25829
31336
14750
2026
8809
30333
25470
8777
7560
11591
3839
17532
38215
24555
2992
13368
24942
6465
11110
16891
14322
4520
30431
29343
22570
22376
50715
754
1847
11730
10343
16442
1683
31771
1456
402
36134
26489
16694
10847
3382
29810
21269
30011
22024
12832
31886
20606
45723
11531
3699
4922
4208
13109
51846
17537
1
2577
5740
16810
36615
8762
4523
11791
14316
10008
573
19101
10116
13180
34670
18013
6004
29819
29758
1237
777
25564
10524
28333
30125
20708
948
1870
2519
18320
12887
17850
5101
3071
48030
50115
26322
13006
1331
9226
15102
1
9128
14584
7733
9593
4028
10124
40214
10225
502
2500
19792
20132
2061
40852
23127
1696
13372
21940
17317
30154
9671
33971
1274
38383
19174
35980
8462
33380
37239
28971
22233
28920
34491
36544
22052
30460
48609
26805
27906
4578
32907
37498
16678
15582
21324
10230
48927
2292
14997
6864
6786
1283
8491
8344
23879
11873
139
31920
12865
3386
43112
1238
4797
27911
3107
23313
12940
6170
20292
19512
19260
12965
30807
10552
2371
24813
12008
3838
10981
7299
19558
40460
29474
18608
25229
11502
2360
5235
15544
3916
13027
34647
21069
19733
14547
44086
27877
22913
16226
34775
21
10244
15053
10132
2007
39870
55303
29373
15077
2245
5333
47853
40993
55235
25500
35446
129
20200
6087
5244
8648
6806
12393
3319
6666
940
7426
41969
19048
3624
32751
2954
4467
20735
30633
33365
25586
12215
1597
6422
18282
58578
37529
41076
27485
11182
52264
29772
21385
10550
2631
24655
24155
20133
8419
22059
18771
6350
13601
5054
6529
1043
7906
6749
43190
21179
3747
5473
3033
572
12529
1021
7416
7079
30411
45343
1733
27212
5538
8719
9755
32056
6762
45277
7905
11286
3650
15617
55842
638
7678
17187
4570
46316
394
13745
57343
28108
55114
27115
14295
4773
48727
4963
13790
5436
19033
5318
6866
10970
2518
27819
33432
27442
12448
530
3
27617
20398
17295
24455
43823
49592
3552
5146
4617
30869
1118
20
16012
55878
14237
25416
4211
4
250
2194
37349
42032
23495
24035
7297
23462
33678
16315
8171
48567
53231
22110
8829
52919
18417
20277
6865
4488
7925
11755
1850
1444
34050
710
24885
39069
45123
1425
7905
3432
20340
27590
41542
6543
37232
9704
1355
15126
847
1299
5487
44082
7777
670
1267
1694
29320
7241
562
10553
12686
9941
1304
833
31722
44076
6932
5364
631
18146
3186
22702
12408
37917
790
2136
29
1339
17709
7917
3611
5158
21358
10465
1696
41773
45766
11085
22
35627
15894
47911
10488
40797
15565
649
21
1016
13022
22234
22394
7148
13097
3278
3106
17518
1390
22584
31307
1284
4479
14692
57930
34415
3691
771
338
17087
593
24000
43665
15315
14478
11741
38762
6500
45193
6438
1245
6066
15339
559
2947
27257
28789
2434
40261
6751
17288
3191
3055
12400
3949
43680
8929
2828
45928
37786
742
25479
6923
22713
36636
41773
15002
28429
14786
46278
8283
667
29579
37
26107
2217
22594
20549
27698
23171
6083
4132
17092
40919
54654
3008
45846
13488
22107
32777
11275
48780
20110
3443
44707
25575
45292
32620
3660
34718
468
10961
7554
4803
28792
19047
12369
4256
13333
1
9448
41015
49443
16946
23971
7259
412
44668
2124
26768
883
7
2273
43167
12780
14939
11075
6288
5964
2592
23699
12226
423
18847
18863
7755
29851
39840
8644
9941
373
18846
33214
18314
6131
28520
29681
6376
14102
9157
22189
1457
19657
6459
52915
4947
15711
25064
6259
42685
10223
638
5371
28736
36023
19774
39666
1785
4789
3586
4606
18
3568
11914
17302
549
445
37281
1137
8832
13224
6003
28676
11990
30974
6833
20820
13210
17074
44440
20587
35140
37213
17931
2460
12507
52
4230
3
13953
4629
26327
24737
4216
8904
3011
17728
1608
15667
564
416
21935
800
4425
38147
9369
29665
42565
51224
2173
2068
17617
13546
27535
5425
7
18473
53240
14377
2529
2069
36769
76
13828
14786
23447
11685
16367
20789
3
14062
1972
21153
23254
3513
18032
28546
660
13637
16155
317
343
1749
37917
8294
6338
2246
13077
5256
29
21151
13860
34077
6417
1750
852
2214
1493
212
29481
14570
2848
19810
14618
11411
681
43569
8228
54174
18072
109
37059
19695
16809
8693
3
1390
26913
49195
5134
12824
15348
3007
2741
41654
46973
721
11832
8462
4046
4553
2202
10183
54964
7120
33611
3635
2
47231
42222
19755
8620
24613
21962
33533
27752
19963
4975
16238
28323
7180
8212
551
6894
10258
7304
29296
24757
563
18276
17265
26075
39344
5279
54487
1899
8219
12146
26091
3139
1830
840
9026
8484
3550
1
12527
2321
6602
25825
21007
25572
391
15072
17067
5382
26716
10844
9425
10044
17961
36224
25140
1405
8101
6646
570
4978
16558
23277
23344
19427
11334
25303
45488
313
43590
26777
25424
10944
13253
4704
37049
6069
29967
2535
20197
4989
14912
24741
27841
22405
24930
1253
1490
13644
11600
41574
5623
4912
15712
16085
15340
10820
5497
20172
33520
7808
3159
13383
2958
21880
34359
36202
25728
45591
28413
959
43012
15678
323
2696
17186
2
11130
10679
5224
9727
9213
25125
29009
9887
8058
35773
14964
2917
37601
6486
39785
13328
43584
36475
9230
25296
7083
9957
1770
32647
10136
25927
8617
1858
13664
13469
14079
6873
18838
11518
43463
26711
48996
4177
8984
256
6124
12854
47682
2120
8497
25765
45864
4401
20404
50578
2059
3930
1457
5349
18122
5678
14104
10858
11559
5057
10358
14431
11505
25621
12945
24889
11446
5664
14954
18226
7125
30831
22984
863
7308
3437
720
36203
34321
15754
11621
761
21214
36678
11758
54265
20712
9015
12725
31325
5281
3899
9747
3970
24959
31605
41211
530
7373
21667
4082
14779
3596
26042
2189
21776
8104
19245
7031
23349
2087
5297
21603
13939
55967
41076
11093
571
38795
534
30551
21811
13706
12942
7469
2939
18661
2834
11340
8382
20657
3150
8584
27198
20325
4060
20289
21488
31125
18680
15885
11593
12463
9053
5786
11764
9060
1170
1
7095
2059
25827
1267
22621
10423
6206
13067
38845
4794
16508
16255
5130
2011
2614
9942
11020
5579
11802
5230
1351
8459
21234
23570
18112
10412
17971
1319
4
3508
15432
8018
3203
12548
31090
20556
1601
38019
9651
10236
26944
9702
49941
6013
3516
581
776
6405
9443
18391
8448
38913
22950
24568
26027
4441
33863
32082
9036
16
2527
5979
4218
19632
13392
13027
14700
4410
3050
26685
33551
1760
33784
8386
7860
1843
9646
11762
9328
24063
2139
7442
2653
1742
4827
17138
45558
729
30508
57597
5696
1204
4
9649
22133
3148
48253
742
12179
38902
12051
27172
2429
26076
30471
827
26198
11
43463
4545
3222
11251
3495
1621
4459
7707
16076
673
15015
2643
21246
12395
114
1383
12804
22236
16425
31708
14262
484
7641
22278
3385
35075
8078
26761
153
28212
1738
17311
11166
8478
18641
1824
3017
40544
3724
11492
34257
9788
5467
23656
47423
7893
19290
1144
4356
8410
359
24919
4931
3417
540
2838
17489
2
13799
1923
17508
23246
25937
1895
3939
20230
6545
3915
17098
38154
20979
9412
18018
3107
32963
14947
2222
16801
784
1833
19109
21576
10202
21508
14353
30427
9617
10521
43209
6652
16111
28027
49522
29574
8938
2647
7287
2401
42387
36218
10240
35108
24384
22947
11081
3991
9654
20893
3011
3358
11667
43531
889
4825
1683
10567
5335
8399
783
8996
18230
13775
9695
15550
12977
38106
749
13359
24308
1822
21187
5968
496
4246
53301
7272
18911
6078
14950
11743
18824
1282
2560
22802
11933
8802
5237
1880
374
53991
21994
12967
679
40735
2966
3468
26975
2612
26716
10607
2249
4122
19418
10
5533
19742
16194
50006
1819
36683
10923
20772
4776
2121
27934
34986
12076
2947
25849
5481
25348
10818
22945
2260
2144
17469
18265
6476
15000
28498
2072
29112
1199
49222
1259
7379
1710
1216
16718
22000
1624
14885
10749
1647
24401
4031
8755
51148
2148
7511
3886
2635
34355
40
5681
2998
22194
7903
17191
33874
53557
2258
5543
10719
3819
21346
25925
6384
17105
4824
2255
3101
3655
18507
734
3373
20168
35539
5013
3659
15554
2298
37438
26311
8340
23095
31665
25303
37815
6320
30210
12771
1182
32818
16567
27000
28024
50653
784
5700
3398
50400
1686
43987
30437
36590
20229
45934
29261
4799
5127
1733
7520
14
18916
29646
44758
4984
8447
16809
2308
775
5824
36825
1816
5720
11852
2408
14850
16612
33954
13362
7795
5290
2386
6010
56225
42314
17166
3292
51565
11063
17085
21647
34935
44516
5098
3464
7062
17073
9409
70
11147
58741
19603
3864
1065
1892
2
35855
58115
17953
4613
32903
3746
5923
57217
33839
3853
3247
5613
4169
12701
19417
494
11896
19859
8767
16265
20372
13972
2805
2459
10005
4553
1852
8435
59
4121
6673
36266
502
9907
713
24422
8635
682
25070
8389
12693
8577
3468
3907
42308
2626
1561
2
20077
21502
9393
9372
1269
4854
16209
19890
37079
18959
2385
12256
18109
26452
2632
8783
21910
10138
18687
37211
5844
5447
33085
8166
19646
23445
32978
53847
6850
39972
4811
1994
423
981
8944
5516
11962
12538
14522
13716
52712
3740
5248
12941
2759
4136
11264
34770
576
3699
5950
1157
12628
292
26172
40933
35809
9855
3824
20324
972
3526
11808
835
15580
29502
3016
2821
8330
47314
1850
2
29105
9789
8274
18234
13405
28044
16278
7087
794
26881
20639
6062
34633
6153
16830
11542
16215
1535
689
6309
5179
26331
2262
10557
3477
19991
2072
33405
3413
6401
5026
21010
48
3524
45444
28378
25486
4062
24157
20528
4198
40678
21781
15419
17640
10930
3133
3498
17848
28312
8699
12791
36018
30425
12262
11224
10821
8345
2
30165
10914
18733
39146
35412
1867
1731
4
11981
9
4
6515
9853
7190
3695
9993
53111
5
36238
26667
915
738
7386
9365
2700
46367
25627
8728
6147
13401
3455
15714
9478
4801
663
9968
39896
4
89
1175
1228
7885
10080
18936
1777
14496
15298
36584
26686
8649
3187
2169
7176
3965
4632
2217
919
13479
11313
15383
10943
6502
35981
37854
1
17431
20756
1304
766
45719
11983
40415
5978
24939
19230
13805
30976
4759
22850
1417
36946
38483
375
4396
36452
4498
17857
15110
2702
317
994
6858
39014
21
2641
8938
35938
27838
973
12565
20582
5812
591
23173
19077
31471
9100
10781
15603
33667
1
578
14004
38632
26670
7477
1477
17958
30560
18850
34937
2802
10762
4098
11677
3318
3292
36561
32180
986
4124
18475
22461
3776
20472
3271
37579
29381
2968
24
15282
566
16612
41391
557
4149
36332
7041
11934
3804
13509
4681
495
15925
9871
33
5103
7535
322
12044
7060
23777
3628
14000
27383
507
1353
4931
962
24928
31699
13822
29731
2107
22372
7278
16178
3524
10587
4316
9899
24603
789
47582
3368
5892
12753
13004
35916
14962
443
10948
14375
6449
29648
32604
13859
2742
587
16210
32413
44552
11739
6724
8131
9284
15488
13055
16876
412
25787
7375
2827
17786
10200
14366
12136
33422
39958
4383
43704
6107
2369
11868
20678
2613
13692
23058
2544
18200
12195
47849
43741
8749
231
5794
2506
2726
33997
21865
6249
33596
19714
36559
29090
15664
6700
26216
17682
2238
28397
12162
8113
8901
5867
5179
21296
1422
39326
39856
6702
4388
35749
1957
1192
3938
3947
6304
10989
19115
5093
1
6463
9463
1143
4452
24715
8550
6493
2640
11891
39933
32797
6377
13957
27823
435
2329
2437
34161
24009
49302
28506
36859
26575
18818
1
19879
537
16981
32574
10736
8418
7013
48262
10683
48443
4993
20253
9537
10372
5775
7206
15326
7064
13515
3128
12797
1054
7107
20662
45832
10369
10572
14511
17122
16411
26455
28840
23492
23441
40388
10563
30008
27357
423
18510
15318
18204
13021
1305
31
42330
13052
2
24622
1840
1800
16131
39406
9908
12914
21245
16680
4759
11447
2088
47590
9018
9983
5189
14670
10670
5657
7009
16794
4946
19271
28050
45996
1463
45097
10181
14442
34150
3228
3
18768
35423
1544
3594
17122
6344
20020
170
10487
20841
295
42534
9545
12448
3610
12235
9052
10475
8794
16566
18445
1212
6703
7060
15203
22137
19633
523
7094
29042
5389
2044
4114
920
1
20032
4
9496
22598
13426
16030
12977
8913
3353
4363
17254
24431
2717
6344
19347
51838
23542
27151
5925
52445
8036
4335
22377
25887
9285
3501
5337
8632
5374
35684
21122
21276
14165
1575
14218
28279
333
28600
38811
16772
6397
6920
14141
889
3077
50275
22855
47797
1247
38612
5041
12275
10494
3284
12106
1576
23003
9407
4721
47234
22841
2089
56081
2971
3442
5661
4128
52535
18386
37835
38321
17093
22301
5590
3266
12788
11492
5771
5508
6172
10302
2623
2184
29817
33700
11008
1873
48044
41271
2099
24378
3240
8742
30564
25880
4527
19213
18008
30654
34933
1245
16075
11643
6683
31263
43328
5356
18941
1152
280
10240
19068
51237
38185
2987
15694
10832
2103
6312
48320
21836
4059
38609
975
20233
15146
3049
13750
11650
3678
33089
7706
43062
9063
8480
42708
11531
1183
22269
38801
29415
17743
3029
2318
17908
37683
24866
3453
16412
21337
5603
5613
18540
48948
13944
18754
4
5242
10292
1815
17928
9614
286
19659
3306
15107
26271
41224
2148
3563
5897
22822
26241
4736
4263
27785
15063
184
554
22928
6404
39773
23847
457
2436
48383
11074
1061
29464
27315
19120
34290
601
35104
8802
10859
17469
3457
2780
2437
24692
11272
14750
49399
1688
22338
10667
28155
20635
10908
7170
27424
1733
15770
34392
855
43339
6974
23604
547
481
45887
9613
9633
1774
12475
12356
3248
11433
15206
30958
15557
7921
38997
28047
17350
16895
3
31257
41419
21875
8929
7309
15278
37776
34709
1358
37711
14328
45074
1042
11794
1095
51555
8890
3265
6754
6395
2755
19040
7321
10379
3767
326
21387
7581
25133
1862
12632
11239
37571
16017
14946
13186
1179
15101
1527
7975
13547
13350
182
10979
15682
43913
1754
894
15011
23417
48736
7077
10483
6089
50187
13146
7458
10325
30775
397
7362
25878
23526
29120
3860
3569
9053
2214
4456
498
8207
17360
623
1876
3578
827
1464
14080
31248
12584
28845
7253
2402
18926
2120
26885
5094
10211
1076
4370
21587
7965
1853
372
23659
4460
4781
30728
16953
26531
6404
9469
1816
1591
13077
17489
4613
32843
3709
3186
17091
869
50591
25621
15870
1742
15060
24650
26761
30858
29248
10955
1111
3583
9367
18614
27617
32473
9452
22542
9178
7089
18815
12088
18677
41210
10971
16801
6946
8685
5032
4269
7233
9385
6469
9438
25298
16576
40017
34283
45352
2722
3474
19792
5430
46897
26236
17313
966
32285
21089
36726
22572
4417
28132
13701
6831
1444
37529
45230
37035
14779
6659
15658
19260
24605
6026
1143
2385
2082
4331
18252
3845
7338
9092
41268
10013
1561
19667
26507
42716
146
835
1755
4666
1456
57260
10914
23977
956
16
13667
14108
6659
21456
7623
24662
29860
8947
34695
14910
124
1
17386
38072
9200
11609
6043
3397
42303
9748
542
11204
3775
16129
54242
6283
8021
25454
47344
38191
44459
15148
38632
2008
1298
31085
733
15654
53522
4489
4605
1492
10661
24403
2369
354
13139
6013
31119
26801
18407
4026
25824
3888
8136
12664
536
33103
48867
14
17684
3369
11890
1692
19126
24651
22073
16
15094
17849
13926
1970
1098
19736
14727
11983
13747
937
3457
6791
5358
2239
1862
18515
5927
792
33523
11406
38795
18937
24063
20673
4144
29947
32226
9785
27869
17636
13698
1109
18811
6754
1426
36810
42181
7928
27940
12810
16814
15502
8853
2052
14770
33689
1879
6048
19882
1205
42020
22135
43972
15007
9861
5185
7784
3174
2204
3198
32575
15764
8355
14778
24525
678
4817
6783
7520
1233
7893
4628
29156
46087
23108
20679
44843
9522
6987
18981
52950
10888
1974
51928
5632
13016
31124
7423
5027
17251
15121
4266
8717
13508
10470
8379
16068
26330
44024
1605
30197
6468
514
39529
23831
34193
27
16173
47414
26803
194
8450
10144
25809
14385
7781
2204
7300
252
1027
42778
30388
44040
13
18508
5592
10091
27315
19104
3772
42106
26411
1094
2096
26741
423
325
6811
15764
25702
29270
2633
35555
13245
1100
28093
16654
20355
17183
23549
12949
8664
27538
19065
4040
23715
6611
3694
22418
4148
1875
13395
3549
22036
816
27979
14036
22030
3550
23880
594
6858
6276
12274
23071
34199
3708
797
1696
3181
8620
40612
7185
22031
1228
4092
14813
3710
10184
1247
10457
24887
4946
34468
15250
8739
8802
28747
2626
38243
4807
701
50839
25996
20
2038
16113
38976
9047
3641
14523
4905
13167
21627
6289
46493
41860
10483
21689
35
31810
20904
12108
30772
11317
1705
47568
60056
4131
8131
985
22841
4
5440
1557
43246
5063
6694
20952
27139
3626
29421
10990
47385
4264
38791
39430
642
1172
14670
16788
3936
2780
38064
18704
12680
15804
32214
6244
28606
58415
18997
7902
4275
819
10199
10254
10297
6653
19355
2941
7489
33161
7948
5401
17457
10169
20
14398
2138
14933
2022
13279
395
6489
4164
3457
5880
16386
1235
2459
10543
1636
6955
18480
5083
9400
11620
5563
38977
8733
10502
6558
13001
37698
20151
10311
1383
519
35861
21505
24407
16022
3614
11808
24500
12046
5203
11934
5946
28044
39478
7782
250
11407
13255
8077
9162
30239
50477
8601
7323
16439
1417
4423
39208
7756
10909
304
38578
20201
830
39050
7593
1440
6540
13602
23467
3895
1257
32084
4178
9556
40817
36726
4022
1024
22783
3292
17093
10532
14176
11410
9341
17557
40894
18311
45518
4103
19311
17435
2999
24294
16017
1392
11868
24426
14436
16869
20421
52662
14265
623
10086
2947
12670
1130
21931
5195
11289
9935
1840
347
22907
28789
8538
23408
14796
1265
13612
55305
10136
9255
40437
25963
15719
15338
42201
7988
635
4949
996
10275
26340
7175
16449
26698
28402
5710
21666
23141
16177
8449
34640
12952
16156
25038
8234
4088
8984
27446
138
623
1516
33219
2627
3501
6046
1841
53638
24723
13626
19107
16900
5718
2347
19378
1439
4752
51096
9856
609
961
14542
34579
1532
3400
3
11396
16812
10416
29989
20642
4139
15588
25581
8518
15469
44714
18259
583
23272
86
42251
7553
4655
9284
35
15946
6283
25249
44386
17888
5413
6252
36539
158
35519
476
983
17562
28981
46577
24185
26899
14566
3414
31223
3578
5340
31428
37648
13878
3799
1139
50005
1
2327
50420
1459
10913
54314
42348
1
16137
27337
15481
18062
6161
15062
26733
4645
8645
25486
35
31408
4108
3258
12373
27628
6718
35107
56370
31208
3690
31746
6423
17994
23731
24331
19132
2087
1
6505
6588
6670
9021
3650
13803
15800
25630
5829
1507
4349
10281
2448
2057
20833
26302
20392
5939
24113
11717
18922
16468
17992
15823
10611
3742
1
34555
10212
8165
13412
1708
54302
3725
22002
5702
33266
10751
283
349
5580
11087
8517
26011
17223
18863
29769
17059
10072
17057
17255
27152
15741
11997
10393
5502
4436
40718
4198
29952
8696
9246
940
1274
52902
18075
33232
563
34312
41566
18827
14710
962
20840
3398
48596
17799
51538
30344
4401
7472
46768
9674
30048
4274
2464
23804
16601
563
1365
751
12749
17291
6592
628
8855
6178
41683
4091
2722
603
1737
32328
9342
8506
51457
35339
14001
17774
5354
40890
466
954
10596
20121
3256
17855
31451
10431
18764
20208
910
1079
47202
18356
9075
4743
15503
22279
11520
24391
12220
17866
15174
5342
40543
769
4176
1684
9049
2811
15725
8169
798
3234
44918
26075
2041
13614
5774
19211
29223
5815
31651
21504
43777
21550
11487
4036
17404
6690
5277
19067
10693
23868
4363
28764
17100
1376
31360
19242
7447
16833
43063
34788
42203
1079
14716
1223
4885
15869
18247
74
52013
4429
1096
26028
23563
4558
32153
1096
1239
10792
16439
36468
6190
29768
23073
476
900
21511
11530
5066
36455
840
18485
3467
20968
13702
39434
11396
50883
6232
3059
1141
5333
9675
4164
33912
3892
9363
22106
5877
7776
39737
16438
3293
5392
36624
4994
53329
6843
13507
50588
1395
11661
1104
1702
1901
19861
18601
15953
42950
934
36372
30733
4575
11631
7906
1325
3708
24857
29128
28950
25155
27865
5446
20166
51745
12273
23817
17932
6636
2162
11347
21019
38197
1359
4534
40432
22556
2982
20208
19845
9878
5751
9146
5562
8249
217
2638
1179
1376
12343
22121
10310
107
31791
19267
19991
50368
3350
477
30865
12055
4648
493
10441
39981
1562
55027
10625
14200
12228
52737
34481
18905
30625
663
14507
52831
10316
22625
9866
9887
49113
4132
53624
370
32769
3125
9103
12039
397
251
49777
55405
26092
16738
30764
28253
24690
10611
15742
5921
9507
695
1805
3958
2725
1425
20060
56870
12936
1062
12034
36251
6222
19860
1721
44361
5892
43821
20900
26318
40814
11295
24231
33263
1095
16739
20281
2835
7641
14775
32172
2882
2477
18989
25629
28822
15696
10493
48379
26812
9857
39708
6334
9994
42053
41004
25
9436
3248
841
4051
24333
6246
47452
2663
21209
16463
26833
5111
704
6723
6048
38171
18048
17912
2899
16199
33938
2221
28998
7327
42500
1911
4711
3764
29349
35666
6166
12342
7253
3839
6497
1276
17280
9427
6494
41792
17805
6813
10507
7008
37660
7980
3047
8269
8470
18280
39937
13652
751
40079
22
14997
6693
4650
15430
21388
43906
5787
366
24928
5313
6719
29156
20206
8320
20847
6626
644
19096
8048
3911
10101
311
8597
11280
1148
10906
15126
42936
8269
35677
42043
14301
8833
11825
2696
16559
25713
16476
19091
14929
1804
9046
19051
18223
7641
5979
12644
22188
35017
16106
44796
12244
55957
1715
2920
28439
39628
16593
51249
37085
2516
21828
5904
9703
37562
42485
23220
4083
646
29297
16616
4021
3591
6701
18948
20690
5425
10410
13054
25621
680
30105
17705
491
33067
45914
13845
27222
19189
451
38192
1363
28396
410
3741
10007
4751
1346
839
4016
10875
10031
599
1765
18918
38390
2274
3148
5383
3202
12647
8661
5
30149
44735
883
16493
1030
31561
46062
5401
1512
4182
4469
28296
17066
3869
14736
1838
12562
13898
25630
42097
37690
8656
31840
7431
8881
19277
8710
50761
9337
10170
6085
35204
50910
9277
1758
17072
19942
16621
43646
2539
1419
11912
21182
35643
3522
1404
11543
302
5799
28762
3298
27836
6201
27350
18933
12571
109
38978
6455
15268
1
1698
12937
36773
11273
5204
13253
7548
28026
12274
6266
15355
19442
15882
18027
1306
3424
21348
4110
26812
10673
48432
14199
12044
18397
4527
53032
26901
27333
8265
9483
3123
43680
6925
5654
10721
5366
6760
5
54828
13388
6504
16103
35241
9589
19784
446
9508
4839
392
47576
53
19541
45095
3006
21796
5613
42869
21502
28153
4734
1510
29865
7431
35408
997
9950
5218
21499
12845
9809
2938
2418
10443
29621
21915
13741
21498
11205
18697
398
35714
53163
11388
43238
4048
21994
24999
38
82
40156
3433
26451
20389
13810
451
20617
2702
1974
27607
13718
8904
9400
10959
38662
33394
59282
4608
19856
16703
10415
11248
393
5677
19655
18340
24999
839
1029
42542
11083
2124
12098
13077
24831
7758
27830
20791
25337
1164
3443
962
15099
24438
8042
12133
10822
21392
8155
33567
19023
32720
18524
3126
14200
347
8474
27612
28160
42417
54525
12737
10793
10352
10631
8209
30774
9134
37787
29939
9830
50731
31706
46823
13371
40895
24259
3185
3587
35583
7563
56780
5066
33784
4268
29999
23244
11037
3733
35113
1
19989
49566
2373
34366
10009
19368
6634
10982
20085
40464
851
5848
14600
12278
11105
37907
11939
39251
13199
5056
15058
26357
7980
13425
23971
29608
35474
5564
19025
12851
12335
21528
43569
10972
677
879
19143
13248
45863
35350
17161
2948
30553
925
14714
22007
6814
15263
17211
12364
13845
3828
35083
14655
5076
26633
6466
6662
47280
20266
39758
823
42077
2866
40583
3
29342
26747
4822
1717
8327
5043
49076
32928
14254
34995
25031
9499
9968
1050
20268
4176
6053
12513
13535
5274
26803
401
3508
15660
14404
11084
10925
3166
28077
7410
5079
6051
9554
3309
2
14404
8801
17102
8779
2128
5499
40695
2658
38768
5961
11750
8169
22951
42239
15054
3982
25395
4666
16274
39465
34464
12831
27739
266
7854
10913
12724
222
30907
40832
17003
2882
16789
46705
6731
21570
16175
5175
326
3982
41010
34894
2101
752
6840
6724
27094
28435
22844
30035
3517
5085
17918
1047
4172
3589
33569
7104
8926
2620
766
10182
226
36797
9772
23397
7084
9245
3785
2838
6042
37975
21857
1032
5317
10044
27411
42151
7070
14141
21847
5286
207
4693
30340
46536
2470
1260
14542
32105
8375
10477
562
13882
5192
732
13784
6025
20960
3637
22482
15620
43855
12736
13625
14301
34071
1897
551
104
8652
6697
40816
3401
34640
26643
46385
20667
16895
2723
6787
813
36458
14502
19642
3730
51353
14794
42222
10347
5213
2860
21618
3560
1039
16955
16050
35965
7406
554
8554
32682
9911
8498
246
28804
42626
18130
36517
7990
9072
9564
32866
406
46218
13502
21396
11157
14774
4472
5492
11109
14338
4073
6355
40368
6616
12323
1465
14684
16632
2409
6423
9146
16440
28529
2549
9579
34635
58256
11053
963
8433
34695
3513
30096
9161
4422
3064
14704
36448
40794
3266
36969
22287
4227
1001
1701
8745
15909
4250
29489
38003
20274
9296
493
41781
16291
30629
9012
8534
10735
17919
4046
749
8878
23283
299
1452
22243
13078
15085
16397
25783
19976
188
28028
35812
18695
3300
36111
13774
2415
10131
2911
38072
18973
32547
13455
10824
1924
2
7047
16712
26674
24820
20461
1357
8929
7922
28509
23590
10588
4337
2174
17442
30957
18262
1
1444
29155
2314
42963
3142
10146
16684
1844
27708
358
15232
13234
2866
29053
2847
477
5747
17378
14063
27537
42802
39535
15527
8820
2603
2119
21509
19745
27450
21776
13162
4797
2062
5391
10088
21345
18220
17793
4038
2
8245
6790
48099
21849
6944
11043
30218
1927
6643
493
4861
38542
28398
11816
27426
53035
16080
8823
6505
932
385
14556
526
8581
2875
27951
938
31087
22104
4467
1523
10675
5599
17497
1783
14234
482
5179
1315
3157
4431
10295
24973
35891
5410
4619
16647
15021
22451
2283
7015
8864
29886
18618
45012
262
30750
45737
866
13090
42379
4099
963
16202
1638
16300
32567
2995
7245
20337
420
49
2569
7709
802
1717
41778
23456
12244
23520
1569
44758
31125
18858
11270
17317
22512
26881
4
14059
49027
2467
10974
4421
27238
17840
13821
44654
15289
14754
6216
16208
16091
201
1491
54159
1041
1138
30305
19144
2781
23908
14878
7063
26346
10276
38561
1185
39344
33500
17169
2806
8214
5598
6383
4426
4975
4323
26917
4612
904
16575
14092
12870
13001
30813
8333
2842
27919
10511
21116
43829
4707
9869
34367
2943
33285
6941
34777
22170
5489
27572
9721
477
1274
1145
39
1006
2343
45125
3084
8824
28905
6994
44796
29069
6372
21895
12549
14229
33164
33942
15228
22820
30786
4054
4628
18958
5410
26894
23416
5127
248
51929
9424
23787
1824
5852
5892
2638
12963
10986
731
27028
3099
5308
8929
2582
25436
17040
661
10331
18375
3989
28392
1413
1321
8477
33662
13471
19743
8900
50260
6304
23415
3255
263
22228
17053
43364
695
2
3174
35089
1998
491
8054
25029
2335
13653
7902
5500
7988
16393
15793
23855
24984
1281
12115
6793
10581
1510
13670
13879
6954
45768
19531
40840
35479
25906
15567
4964
10110
9160
45736
35999
10764
720
7768
22278
27912
10951
5341
10950
31017
22879
8349
32629
32894
3806
24520
43917
31520
5726
1902
2584
1110
1214
23331
17835
19488
26283
1762
1388
18835
7669
4442
40687
22702
24819
6196
48965
10356
4138
744
22073
29267
20248
6594
7575
38620
2374
15646
20641
36872
15562
2500
32638
285
7856
56
14357
39264
11036
6403
32539
26442
27217
21524
33079
21153
9856
24128
25352
25708
21389
13566
17226
26486
3195
15307
44969
19730
1676
14169
5166
5597
17957
983
14530
11887
11719
5385
26961
9724
14682
33310
29057
39742
15836
29023
11758
9453
29484
6091
28398
3252
2144
24091
29846
23679
32308
38686
35893
18380
2125
2619
7608
20775
1128
12161
7842
23589
9540
39618
1989
47754
41339
10425
19740
14442
26750
29255
1581
30334
9599
3666
43819
1254
2282
23600
5502
39314
11181
26618
31706
8393
29332
6075
4
33313
22539
23175
9414
2063
2015
38063
8600
39233
14293
13672
41763
14054
21798
59315
17360
6170
53777
15354
35575
16994
6560
13698
54576
3527
16754
9227
14852
19545
29385
2484
7034
21605
16786
10773
15404
36169
33875
318
1721
5042
32533
17415
7671
13162
24522
973
3517
16164
46238
5167
24451
4207
2237
16000
1531
43033
27535
46097
35629
263
29911
38582
1473
19724
6170
17278
28715
6341
13020
48596
2080
23229
8531
46295
318
10591
6680
57892
17872
11919
3356
681
2359
3829
6227
18921
10436
10906
12006
42821
732
19551
11095
4798
14016
10886
17788
4693
56834
50907
11564
30369
2394
19482
1104
1
36477
2379
4054
602
13969
9460
335
14354
20558
10170
16356
5319
6865
15330
17024
2466
4442
11466
13486
7444
34996
11090
5771
7138
22922
9218
18380
1614
3370
14479
25644
22
47753
9291
15589
16091
46687
16211
9406
6004
23471
10673
33939
15135
27100
20479
27307
3522
24299
25865
1
30712
37745
11831
13906
2455
5153
25956
17976
7426
25713
8186
21988
7675
901
2110
2031
1960
48700
36517
24701
34163
26356
5134
5641
1348
3947
29470
27418
1587
12058
20259
6745
11397
820
25198
719
37104
22096
16404
16377
15575
41975
19082
1844
32026
4310
7474
28349
2167
37481
26190
5145
26955
7264
23807
7259
15249
49336
38833
29659
45455
34603
2969
8224
10938
30424
9693
16264
14014
4477
8661
11582
1
28959
6497
397
38656
2305
6346
5184
1360
13164
28851
1182
3669
16
12961
3565
981
9801
2961
1109
18875
37107
1742
8
243
16363
2019
19454
16424
3864
1
16007
45117
33608
28697
876
1
18662
21663
38847
20009
25916
19525
11914
6290
730
44199
1968
29388
12890
10023
36776
2383
382
15996
4828
1042
25398
546
3973
1762
39707
1590
958
6597
13095
24525
3286
32412
3
5524
10408
9976
10489
7046
1738
24949
1292
40779
18146
2226
7652
34969
45876
18952
33397
33530
5921
16150
25814
3713
15224
1428
17310
37117
7478
23078
30794
1154
25920
46589
966
42942
30599
30458
5162
7885
18895
10358
7309
28989
9743
21760
8844
12701
21335
6134
19979
20627
11422
41920
31435
2615
3473
10976
11806
1813
11707
20075
6196
10220
2174
4650
1090
27167
47526
1007
6113
1685
35022
658
1426
6232
1800
6329
26460
26013
22342
15531
41258
1806
12797
38693
21296
1206
4343
11253
12226
7736
21862
1770
5849
20484
30681
26127
1796
4181
7222
10102
16153
918
14495
14106
21823
19274
6015
20869
6683
1717
23626
115
26991
36451
23709
3283
14918
29396
19866
23949
36917
268
20408
19443
1034
19485
5442
667
11918
21020
40445
15485
20065
25085
10176
4618
12600
4637
10404
26787
24969
3424
39101
1811
26666
8662
17336
40254
1194
17698
23532
26714
2
5562
12177
49889
10220
17780
1556
9053
495
3189
2438
29972
1964
3367
315
40526
18892
18976
2
10556
18469
16654
461
27773
7795
3639
7443
17748
6494
27472
3077
5393
5940
10115
14606
11644
12467
42345
8161
26620
45139
23159
56737
1409
2693
27538
1638
8325
15431
7981
3
17467
30382
2703
17440
3960
3644
22385
3330
38378
22921
7484
4289
4660
32078
14213
5495
31520
3343
16999
6210
572
1405
2360
32429
564
13727
19268
1466
240
15146
2724
12053
30925
7356
24841
12335
21768
5966
15779
4922
15244
24950
195
8660
493
42644
50449
5028
8162
30722
28635
31168
3421
21378
412
54522
25501
15728
4206
1005
18058
28744
5205
2867
6813
8667
1622
4984
15117
2273
3059
897
3161
19649
35502
38538
17407
11229
41173
10292
1877
16019
1318
30569
53
12679
3823
18575
1584
4538
10056
16435
8420
4139
9179
2825
15271
10711
2933
8916
37479
25560
32647
28497
3107
6644
39
12393
703
33909
53925
181
31397
15235
2985
29872
17382
8353
5939
7360
19087
6796
30037
2598
19197
5763
4550
29822
10082
13346
33557
3129
1831
946
10402
31271
29054
7996
4696
6752
19880
6694
10424
25252
5
6984
15367
41203
10129
28
4105
8375
17115
306
37531
18736
22619
22088
38576
9000
22337
905
1121
42198
21268
5423
25528
3284
3603
26828
6569
19928
5771
37293
10830
24253
21380
7767
6558
59257
27444
24663
12615
21617
2892
1653
59899
37830
16716
1324
2758
1951
2534
5221
3305
30306
46621
1980
25029
33833
3717
962
23564
1
27395
16078
3946
29814
58137
4019
15215
5025
3177
7495
802
7133
10302
45815
22787
7804
5565
5773
19112
1649
20553
24956
3183
21849
27515
21504
1612
29128
10744
21360
17373
42890
38589
36481
19233
65
7968
1437
17515
3955
3368
20082
9680
7942
499
24984
4572
20607
20612
13969
3066
5229
23804
3937
13843
2041
48680
5617
33968
33579
22377
7326
25546
14784
8853
5695
40391
16571
52195
7071
5291
46420
10547
12481
37217
7192
12284
8795
12578
16321
21384
16381
996
5640
996
9861
13997
8239
7613
27275
31476
9456
5047
44243
11429
10090
25698
33842
21417
7699
5945
41674
31728
27139
5889
4960
37562
1126
1028
7505
10227
40514
1015
5640
39361
21418
2923
23705
4280
3191
2
13786
5353
44550
43568
5419
39805
13694
9933
33304
43412
27789
21880
10595
13030
34905
7076
2963
22025
8812
26621
9117
2259
3195
30781
48380
6279
342
29181
8434
5205
7354
1365
14103
23360
11621
31421
2320
11259
13920
15328
16633
32056
36529
30052
22303
10121
415
46705
18254
3561
14355
7155
680
18385
28285
7856
19745
11442
10476
14403
18519
22866
8295
3634
2181
11672
56686
11650
21045
5145
3219
6354
1010
14643
8293
2649
1491
36780
16696
21721
27095
15489
20740
30766
6359
10363
10430
19558
35428
8867
30019
12570
1173
32032
249
24521
5162
29812
24761
694
14358
5505
22535
3082
33916
30330
3578
20503
2632
21384
7092
24652
39101
15644
36353
1779
1474
38810
8207
1379
26699
5598
1474
21644
40548
8732
43996
28679
4
12652
40959
6102
2959
3198
53258
20002
25367
4066
21192
228
25178
13168
12893
27182
19333
37311
6634
1
21896
10709
12018
7317
17127
4143
28197
21149
1767
2049
3330
3189
33149
4933
3194
15806
8991
12808
33
3709
14683
4673
5603
24675
29515
6778
403
431
4152
793
3367
29006
10497
16581
5917
10448
4842
19602
28391
10120
22218
7168
33812
9584
23481
1110
11616
11066
8926
40731
9442
23920
39964
4696
3983
11941
21391
50801
7233
2683
12913
3536
40663
34206
24069
13731
35415
47637
713
1721
13777
10438
3292
54230
23188
4662
28622
27972
4576
11832
6436
10401
33516
3528
18205
6446
6619
24365
22442
25822
12936
3214
12871
39014
6510
4349
3979
2790
1095
32733
14938
11475
13769
2935
21971
25564
1990
56
12969
910
46412
13529
12188
51178
36519
4080
734
861
27518
6
9687
56060
7075
4794
7438
7222
2607
7816
5158
24489
23135
3805
48372
1462
27772
1680
29754
33738
6092
21558
51356
2261
14706
19055
11307
5022
25282
50288
2742
606
25159
18120
34604
52108
5646
4302
6824
19932
5497
19725
4806
39876
1602
1772
27075
32405
7860
2106
1907
3773
20
20927
18086
11584
1360
35506
24299
33658
30768
6704
12238
1252
3717
9322
12080
3304
9084
10208
12060
3808
11458
15115
4720
22566
425
9213
11841
41
35585
24290
18286
11777
6286
28725
23259
5458
9131
2398
6491
8094
33835
5592
1400
25779
16694
40965
9833
30089
190
5225
30122
6616
332
10901
16353
5412
22908
20700
13563
2842
10421
9043
6233
12272
37478
41228
1
1624
40060
35582
2909
41456
11993
4941
9773
9527
18393
18678
20760
8919
28558
17958
27024
37095
9553
11678
2274
13558
50417
7152
41770
30883
7701
30691
779
14595
10244
5624
2895
9863
5069
6177
2064
1526
18723
12816
7552
29
2725
12782
12815
962
14321
19038
1445
55206
11003
14085
3321
39788
17180
17502
182
51464
3697
25426
17155
11977
14942
23861
5052
17559
7842
148
18363
8598
16181
26157
5642
2389
7415
313
34126
32374
34667
5622
21280
29957
1938
17064
25433
6578
1173
11400
10545
7404
22401
5664
2978
40548
7991
5347
19982
23243
44926
13878
19613
21711
4457
48488
9628
7691
22984
8876
21084
11901
6969
19277
14482
603
10500
22446
20923
12443
20757
22974
29891
4858
7382
21201
27994
23797
1
11213
639
37521
1111
13404
2810
36578
34196
8870
2403
23776
11101
39419
25504
21533
8434
1287
10088
26327
3378
5309
3182
6133
3273
11509
17412
7915
8259
10701
25233
3868
24143
10580
2649
7703
8489
4259
14584
35047
1096
1923
861
469
4457
7113
4108
3472
33373
345
16033
23212
21053
2689
44026
17353
24377
3180
11648
5233
26520
32927
6163
27650
8281
12611
18279
489
20491
16239
53023
8466
10799
8519
35390
16562
12708
9670
20095
19797
24950
27939
26839
25278
38910
6666
6565
18989
782
8903
841
35088
5875
23680
33328
11459
12346
18171
22080
8880
3889
4622
984
55102
3589
23149
16633
22074
6255
35807
7968
1
5742
7758
6449
5519
18508
15578
2442
6321
3558
2949
24860
35879
30469
661
18365
12326
36574
57411
2057
1670
20602
8316
13322
34107
1205
38344
16216
960
2522
2246
6367
29703
839
7098
17761
5117
1412
31366
34957
6335
24299
4201
11097
25767
24640
17238
8611
28478
19096
2067
32766
8104
1180
71
22298
15602
14498
45624
10136
2562
32151
3874
4017
18823
20109
43554
4258
6681
9184
9086
4155
9638
3117
1866
12693
2361
1025
3134
4595
15151
23100
7724
3036
7317
7321
5253
31693
10388
45694
41852
42311
16303
18121
674
11799
13401
3271
671
10011
7155
22428
12519
37406
33136
833
26166
3591
52798
8944
29252
29745
1706
2429
26685
2554
528
19674
49678
19124
10983
8461
8905
16534
616
24671
11897
862
11849
11585
20616
3686
3625
19434
37371
15543
2872
21097
318
14937
20737
24141
22998
11914
15951
29769
357
1716
45
44395
9237
1126
7946
3219
7921
19571
39467
18860
45482
4744
46839
313
4623
12871
15090
3237
233
5862
6986
4912
6021
11509
4217
15171
26621
18670
35159
45330
1385
23186
14112
13055
39550
3729
1734
24880
17975
340
44167
248
41522
11155
42549
23479
5259
28448
17925
2969
19788
9879
5908
3578
7501
22210
21653
12381
5899
37172
7828
17169
3614
24247
781
22084
3910
5862
7054
12987
20992
2301
10700
8541
17
14878
1584
22674
6510
47264
18412
21271
699
9359
9276
7542
6983
19000
9289
8177
33888
34225
1874
9337
23169
3063
14346
5223
15229
16901
5717
29136
13568
1275
49205
15370
590
7256
11120
30471
32718
5219
1793
14716
10767
1755
4578
28821
10356
2633
1932
5667
17077
8538
380
300
3990
15745
29664
10449
30735
29793
6195
7936
29034
23188
15347
8988
29699
1
5846
14722
12606
4595
22798
28865
35468
21274
2607
2314
12736
28566
12941
25969
15803
24548
1074
22416
25809
2913
7863
28782
1207
22383
27714
11931
41598
20719
17202
1276
26790
31661
8936
21078
22665
5042
4
43372
35597
48277
2640
15793
27691
16381
10
5973
44177
2648
3783
1770
30068
15980
45742
2376
26070
560
513
21562
2091
1707
1223
1400
23248
6999
5216
9808
3391
1323
11554
23205
20516
6673
1963
26316
1660
5130
41200
11574
44518
11195
44132
24085
15215
36775
20939
6850
20589
9768
36738
21625
36079
3656
13784
5870
35307
935
30270
3798
1342
37316
14408
11655
7754
23820
27
27403
2634
28757
919
23777
51721
32417
6323
35389
3157
5324
1495
1819
443
7415
13121
38544
3095
1449
13708
3517
2944
10576
18912
13166
16912
32392
6348
9383
14395
542
22968
3887
4344
36239
24363
1685
7944
20609
52471
5550
15759
3903
20645
4431
993
47039
11931
30091
25626
6922
5594
1465
8751
8774
45794
12757
2488
1752
17569
40780
9161
28222
5528
2427
350
8906
34812
9
13530
36942
591
3406
39779
12850
8321
9754
21350
2252
7205
665
34780
1195
27725
5364
5644
9877
29749
15162
669
766
19896
27126
480
54387
15022
501
54588
3409
17151
1166
8052
16526
17500
35034
28751
2024
26550
14803
1339
20562
35051
27695
44465
4639
16191
6722
14866
8889
39354
8319
2051
66
1373
4160
50863
8746
3693
12815
18734
8642
25511
48531
27392
9950
36531
36695
8716
13969
3163
8350
12116
26404
37858
13042
15854
10869
24839
29921
18072
939
1858
29088
4736
6228
18968
23874
10652
16337
7415
30220
26140
8266
4278
10986
9251
13722
23773
31211
2389
30742
33655
3187
31134
33582
17280
183
6921
18207
19058
6106
3787
350
18946
593
9583
6
27403
3229
14311
1600
7362
12092
19432
19569
913
4101
16431
13532
21359
29558
23548
12453
26711
35461
49093
1827
3582
21607
8661
25310
1197
23894
14837
25115
1075
23239
37665
12021
31267
11356
39514
25452
39699
4923
44786
24148
13641
35920
7242
6777
10477
46997
9248
3096
847
43409
13094
14918
27
9837
12799
32114
18764
1525
28163
2315
6050
23622
8597
2258
6300
804
17197
7150
21461
48892
3613
9588
461
19377
37808
24783
916
26517
7226
1404
3737
7664
23138
4219
1876
12158
52741
14019
3949
18252
8316
29638
51455
13197
11004
5791
48575
8499
17458
14816
42974
24644
1483
5498
1060
2355
33341
9421
8840
3262
12050
7509
1055
2070
3743
22055
43903
13197
38469
8801
207
16663
112
4505
678
34812
181
7172
7569
21234
7538
46333
1959
43011
6819
3205
1708
7748
11614
8059
7197
28610
1730
35289
15924
26805
1559
25754
18813
8083
6656
52529
14371
49013
12055
18889
15167
6133
18320
2571
50
16747
13018
1
2320
13956
60621
31690
1613
2644
35252
16089
3657
6902
34173
12462
18429
27051
31710
11268
9065
4643
24964
47667
2553
24131
1214
509
675
10318
5120
367
2255
12817
23293
1
18365
11383
15997
30697
19412
3309
12255
561
5165
18490
16696
29433
4481
28394
8689
15350
50004
6781
6039
6834
26380
11459
14332
12948
34545
2685
451
2560
18999
20511
6381
25197
16218
14996
407
33349
51817
10031
25691
19241
39174
24475
1927
1520
24986
13645
47732
17925
13690
48524
2516
29969
9330
31307
433
59
20865
12890
1059
35546
2186
36480
14157
48859
18164
20427
39160
14368
680
10086
26043
285
10041
51
25941
42170
34137
1534
16555
23987
10217
54301
8972
4811
4062
22047
22960
5944
487
15182
9285
8764
31875
6380
2312
25943
26289
17683
22676
14491
14854
2387
7465
8516
18439
10533
4046
35251
8385
2400
25943
6656
44069
8032
25366
1970
52463
12603
19886
9685
31883
1405
37669
18619
15249
31554
24630
5038
761
10962
2136
13468
63
8620
1991
438
1211
1243
14560
2061
7443
34592
21859
8939
3448
2097
2675
23259
5093
1038
10049
33645
2537
20295
2234
26496
1571
21221
39352
41760
612
2396
48559
4
11425
31004
4271
3557
6300
17525
13377
6787
2106
14364
1987
1625
25551
1237
11578
9165
12986
12187
6786
2512
16255
56687
7163
3539
313
24059
3396
48041
1755
9407
19761
33037
35862
15882
22928
568
50864
15305
10982
10341
41518
6045
18324
16704
24860
2736
49467
7746
12
738
24860
9844
37170
29087
13565
14257
27180
387
8712
54331
5547
147
14426
1948
3015
39951
443
7254
6964
17463
27700
33520
3443
5539
45001
18793
24399
6080
8801
2
15657
12608
13086
49515
33413
776
1606
31712
15285
9278
12804
16861
19351
2
11685
4248
1410
26531
38117
31795
26468
39896
16531
12609
369
7609
50901
11015
6043
6643
3522
869
4848
9546
16334
3293
33904
2964
2
1593
5157
20681
20275
5655
42340
2970
403
25763
19618
26459
3926
34740
7968
305
3506
15460
17202
2973
9341
2124
1877
37186
4091
5694
18150
6610
6828
1101
3678
4624
9504
7137
14430
30498
45458
3708
170
5718
22820
1838
11068
14134
3664
8722
16695
18325
1714
6348
3834
4340
27808
640
11675
12174
33210
31014
20588
13608
39375
6842
15163
268
16375
21950
4050
12933
10347
7052
12374
17976
10197
7945
15661
7671
3339
11226
19300
58050
27658
13491
27430
20964
2127
13913
10
4734
11395
781
49136
1108
40261
966
12027
3448
6056
5521
7770
764
7079
35152
30062
24748
9
414
9824
37667
16747
21286
31977
952
23363
7392
37474
6052
11655
3388
10609
5856
8016
13797
21149
23802
31351
3353
7
33974
17446
35869
9044
4768
5280
20046
1408
19269
359
14464
18532
9814
5805
15149
5391
2302
29737
14344
5633
683
7766
14831
5857
12706
28632
12509
36269
513
4022
29102
22737
28263
35161
17056
26426
23844
11434
15732
9853
6209
8411
5727
1436
25541
17341
31372
651
1388
14623
19404
22147
34135
879
27060
1550
14243
13775
4219
35538
16939
1116
9852
27397
48444
12759
16562
23078
2362
6481
27720
14629
3727
2578
1334
5244
42771
44851
7744
5989
3986
26286
1136
41795
14076
13824
6356
9397
5101
5
18845
44731
29746
41220
23542
11855
1454
5405
2
6937
13475
32858
10035
9188
1
2036
3864
303
11801
22433
19985
33927
3134
6847
42380
6559
9058
18699
7465
29982
13547
334
56444
9856
17196
912
32583
18259
17461
5425
7548
5318
21385
33503
24671
18771
28814
18927
16440
8438
3813
2820
16828
4062
24
611
23534
9238
5076
1003
20866
10795
15973
40786
8859
12489
21659
5158
10009
3738
31589
49069
1447
14936
2391
22172
23414
21983
8428
12482
38319
37680
6972
57225
325
48945
32506
22137
16713
4418
21862
20943
14944
126
34444
657
9984
12689
7565
15805
37015
18645
2652
9416
6381
15631
36970
39884
8599
834
11360
33378
18045
2479
16998
1234
12744
2982
6771
21902
7985
235
1526
41614
2076
13254
32774
26945
6278
3930
3189
21603
5641
4140
26705
21389
1344
33677
37182
43943
6695
1343
2604
14080
2343
37418
1546
38036
4226
331
5886
8071
8347
18519
4254
1854
17230
4113
1104
10255
6952
417
28752
3308
16502
3971
15735
25345
26321
46004
5175
2271
26381
18372
2968
16542
482
29482
20372
36502
321
42106
29143
12058
4191
25680
8657
666
37498
12468
39966
1760
31425
16519
1262
22182
34797
14634
15331
10240
409
46829
19960
5517
4470
14463
25137
26652
5633
13559
13582
1403
9620
10187
54301
1181
3942
20148
5527
18542
21390
37712
935
1740
43442
32628
3666
22199
20157
33357
3522
16137
6433
3687
44766
43707
3841
20536
15783
1017
14579
1845
42851
8236
23270
4232
6587
5124
1911
1984
2785
60044
32254
12678
8924
40998
9261
38997
44982
8412
15480
7395
39099
6756
20233
26233
4777
14287
2321
8411
19414
48086
49719
13816
15013
9749
13125
6648
7865
6910
1213
10317
14794
10252
11809
8658
22919
20914
4947
13737
26426
2731
8136
444
3558
6818
2
6838
16184
463
975
5197
42975
16596
1797
9269
18631
4347
5518
17962
5323
9866
640
12773
4692
3933
11361
26285
224
3761
15987
14110
19304
12124
7396
28588
13967
43761
58543
7981
16518
18314
10728
34880
14134
5922
1684
6836
16861
5754
25970
32082
13528
1658
14145
15918
31657
4678
12168
3564
17079
4665
36944
9097
46864
16697
25606
2454
4192
19335
7852
21020
16744
19993
967
19184
16606
5199
126
19800
21230
46979
11801
8846
29960
29345
8
2668
13062
28500
5577
25592
38513
11305
4540
51
9792
8983
37135
5046
40710
3098
14994
16574
6534
10899
380
15338
22823
38203
26042
100
17703
50400
10779
4851
16506
4111
23663
25326
4490
495
29735
1537
22509
12379
31343
25471
29979
32118
1700
10681
19385
15607
16375
5112
3729
9236
41612
5748
3673
2087
10675
1901
1598
16774
17390
1472
43894
6266
33639
9167
56033
54107
16963
608
2756
26690
527
3474
1380
18456
30766
27504
4454
578
12581
36892
13927
18066
6642
19074
1469
9267
21901
56497
2
24052
6482
10439
1283
3852
440
30927
11391
11881
2264
8481
567
9711
15309
916
25601
915
22987
36621
33793
42967
28778
3652
16815
37843
30392
2440
27885
13478
14418
9026
16595
7239
2332
9639
4398
14698
38909
20896
13700
26753
32958
22679
5939
30671
22667
22570
1822
4356
8437
18021
15928
32581
7135
9742
4173
3648
15013
46941
27001
14269
19659
944
36223
8173
33094
43117
43548
37246
1763
11994
12333
31915
19629
11586
7739
14470
8768
19235
11
12156
13233
50282
1103
17693
29146
52012
8614
618
41395
5850
2197
766
26032
17771
571
2380
2082
10688
7926
1
50019
11664
43869
44078
37022
31033
2851
22636
5960
17219
51950
3351
1692
2661
47885
14923
1472
393
6275
31235
5487
36838
11598
17352
42430
4142
27966
1883
13323
8340
40325
22517
471
49849
6798
14884
10570
1979
19780
39583
9906
22264
27035
20369
13560
13129
1950
1474
7931
6256
11815
288
927
16947
14642
2057
25131
19183
14802
10617
41535
2000
31135
4363
10899
2979
13372
26739
13332
5356
38562
23
16811
2935
12038
4696
24102
49793
4722
3992
9272
13534
10441
6813
5462
3567
15561
14212
1612
28684
2992
4450
18852
25386
613
6803
632
12081
1922
5127
7907
15684
9029
10138
20152
9606
5284
42660
6665
15455
5471
13912
5095
46740
7630
15985
556
26394
6734
7295
51319
55
28362
5736
13919
3308
36464
17468
2569
2002
8608
24655
55933
22456
8502
20178
12362
17381
2296
10659
2602
287
1584
9931
36103
54873
3313
41191
14544
18745
2582
7178
812
45009
9272
5686
853
5662
11780
6714
26970
15920
4920
14881
34349
5039
8398
7320
20136
15246
6922
34
1313
39485
6393
4522
2534
28957
7229
21814
7869
6042
41693
646
8325
6591
43186
20083
3701
5517
51605
17649
27566
7283
9418
27480
400
32229
52906
11673
45604
24693
24367
2849
5466
3511
48707
46648
9480
6183
21559
18831
420
245
2899
93
31
27630
4111
182
11365
29374
1743
1
18151
19990
2086
18322
1892
7764
1613
39367
19086
6664
4452
27608
2981
12021
47458
32489
26701
17410
26210
6556
35530
2909
10177
2756
4833
28518
5012
12491
5263
23862
23081
6349
4853
1359
31596
25071
2799
5942
2581
9604
40949
23112
11655
14353
8248
6142
13153
21292
11096
14553
11622
37362
49649
2280
29465
799
49403
4811
4185
38873
4389
2451
54198
10796
46
12132
6471
1429
2165
18622
12378
5448
2123
17564
22109
36548
16884
22862
3996
2782
48383
26588
683
15202
28281
15763
2174
29077
23073
32290
3237
9911
1001
17997
25069
882
21803
48796
5213
6810
12016
23103
766
15464
2136
11562
335
5856
5571
6553
21288
26429
29060
34774
6800
3885
35433
38798
48325
679
1755
40755
27179
33297
16190
2764
9547
887
1425
3822
4280
39327
11939
15538
13005
22648
1538
334
13514
4612
8327
739
16316
38989
17967
19432
8735
13483
26381
11199
8130
8904
1625
30809
21232
38037
6392
43246
5323
13120
19665
29980
1902
4960
5007
9818
24987
10641
283
3194
2278
38046
15755
19462
21151
47
157
36668
4991
13150
7075
21168
294
12138
9424
21035
5392
1487
35911
12627
10553
15
42236
6834
16236
45969
8916
4061
3317
2183
17157
34212
1199
27851
36738
27533
8284
52984
35851
12288
424
7098
18745
3210
13498
9497
27408
5074
7714
18265
47764
49934
4753
3025
2650
6243
13215
6588
2967
26636
24393
1
12504
4450
2047
24558
711
9717
1335
3088
4246
48181
19623
9485
44259
1901
48049
36741
4434
912
39231
10479
43191
12328
30694
4288
8996
27526
26254
13696
19574
27176
3410
21802
13421
25999
31296
17760
15260
12800
561
14100
17290
22151
16
9912
4236
24837
12145
24356
2175
13161
17311
15810
13873
1689
16
18398
2498
7452
8265
1422
1722
11496
51610
2115
2548
2389
2109
14222
9549
8628
44671
24857
34099
49343
5646
9799
447
3270
19726
29006
3061
26858
28380
121
13604
36529
15046
7791
7166
18971
46865
3743
28812
50834
4003
21318
32135
27417
7611
4552
12855
31643
687
675
14835
30968
7059
10070
11623
8318
20908
9011
1800
17345
1801
552
12356
28356
9331
28025
10065
944
768
5114
1703
21902
1379
44903
3134
38223
14424
5711
15944
7782
48
41984
33125
16975
4850
35660
958
11506
15410
24968
26668
18571
2099
55372
8388
32542
54454
10468
7437
28125
12298
29783
21327
24153
34415
13415
2283
3946
21119
2263
12509
5655
5343
14761
10709
258
36698
47733
13889
26831
17950
3613
8516
443
23378
33156
2698
16694
2
14075
21830
5298
15651
11810
30340
1845
27182
4406
26957
1134
14346
2900
56471
45040
334
19452
39644
29762
15898
4886
12498
8473
3708
3328
49841
25717
509
16208
40125
29017
246
15538
20793
19492
15537
24441
22794
2684
21195
13426
12364
29335
220
10379
2569
1605
8429
17257
11082
13565
20814
17780
24391
13188
45995
46561
2632
2
1412
48653
23804
45880
25638
1231
3280
23237
15829
4778
393
4023
47581
27966
4889
18673
35167
57
3492
418
7294
33009
25754
17435
2316
13742
9839
3309
14758
832
15841
12859
9185
8824
15935
12055
3332
6718
398
22706
43638
49512
17615
19868
20336
5090
33930
31304
41131
35005
15541
370
3723
18715
12548
56004
21094
4474
38854
17378
48246
15684
35039
7412
18444
11491
8461
27104
10951
18714
4436
11574
53698
3675
17626
2794
2922
16787
8912
38978
14373
17365
14379
45190
1755
454
3702
4
4792
22410
45419
1691
2145
26009
53325
47129
10734
19605
15846
19475
40819
3304
4041
3657
35211
6757
27128
396
20108
16117
457
3063
4381
4224
6759
2136
6681
27541
6012
34938
2117
33103
46637
13096
13730
2
1794
18533
34981
5428
373
12786
12888
3791
32013
2026
13420
2097
12220
346
26679
27217
25822
40636
3614
28729
820
18029
21832
4113
1126
28221
12714
13985
5982
14295
7027
4549
8260
4418
897
34262
70
5143
268
17138
46297
7554
6761
3047
31289
1695
2253
6496
2327
12546
36941
1955
2062
13275
19917
3693
17644
39932
23715
32083
18728
11
28441
11954
3376
8864
14347
3929
23412
32379
15046
25259
6046
45397
6034
21107
21801
3219
15205
3317
3415
6178
821
31180
46317
23302
1258
4657
16658
693
36309
5936
5309
32779
9432
5029
22840
647
47979
44846
1098
20009
46709
3703
2610
17625
1902
44839
8342
16870
22246
10408
10628
4913
3420
14216
719
8203
7578
350
1132
24681
45789
47945
2764
41603
2699
19134
14149
32249
16445
1942
5873
26353
29035
18530
54904
12475
3324
2494
2223
8950
9615
31829
10702
715
11772
7443
27058
25562
7208
10626
27235
42786
30140
1700
26957
3168
2945
12607
27131
9123
14076
42619
13067
482
5452
8635
2953
6211
6292
3711
3538
6524
234
24517
28928
4379
338
9290
24842
29387
36102
25520
19383
7819
8043
31584
21256
4845
7888
10300
14448
11253
1493
17835
7178
4983
27719
16894
3487
572
47748
16648
34946
45624
41967
49606
15997
24165
36266
2414
8285
1
24758
22736
2863
3910
28163
5003
21678
10093
47693
16596
29107
355
9875
3
357
39818
1610
1077
35312
14985
9340
32745
11960
22725
529
30450
39187
39968
737
16152
15144
3257
17834
5966
32136
5864
800
42046
51121
49883
8340
25958
33148
48623
32428
4469
2497
8346
2363
30188
15682
10731
10259
37220
9303
2375
27887
3223
2877
914
33751
2634
6613
8807
8815
240
3634
32598
7650
8242
29301
12065
27471
44664
1608
17187
30431
18361
29884
1439
20369
1334
38750
26133
22991
4632
782
8504
2425
1786
2881
2127
18157
40770
1933
22296
19649
34931
33043
37447
45209
2180
1400
14727
14019
5757
27321
1860
34936
14807
2601
2779
20746
36399
11707
5184
16825
1164
9108
7158
23896
4206
1128
14561
28247
21010
3363
21966
15062
7478
1526
2818
10835
20099
20569
6081
14874
14579
21812
2883
1786
1704
15117
1489
13766
2166
9645
47477
11581
53430
16786
1968
361
255
11244
47475
25113
50670
17574
10086
17856
5461
5535
37184
29729
26554
756
13433
4126
41885
33870
10547
2
14753
569
60151
38326
47110
263
27463
2675
11699
5341
23816
7038
385
9553
2321
5084
4734
45205
10262
3505
7105
11718
17350
20475
3041
8406
6017
37313
30942
1256
11280
55216
23501
23475
10227
22785
7274
2759
16055
249
2384
27639
1459
30764
40008
4688
18198
32553
2108
33847
9933
6748
2166
21217
10069
9863
5040
31402
9205
5522
11775
25064
29772
35
14202
27877
28016
1994
11935
14542
22775
9248
968
13536
15298
7209
18013
5686
30621
7905
2478
9072
18824
28373
10579
7855
36378
17677
35032
29967
25497
4565
6834
7749
2064
11633
5128
26124
1502
3352
23873
22311
15577
27430
6311
7060
9402
31651
3458
32799
1637
1
6097
54322
9191
35129
20364
17451
4782
15215
3643
13974
9486
31984
33324
3737
16582
8855
2892
15682
5222
14754
6515
400
7268
373
12100
560
21784
11615
48159
12424
15348
21208
19432
33876
546
23576
11
11376
1613
12459
13662
927
24569
8325
1
1132
6229
11938
6170
7907
49321
23149
26147
10906
23572
2585
1555
41739
12988
33542
10260
41358
44975
15232
426
23694
5221
60213
42866
55342
48204
3440
27892
6035
25350
4617
18
5450
1410
20766
18247
1
26157
10249
34157
32460
14250
7759
1172
5706
4747
3347
1650
2
10072
51292
3515
8628
21665
35685
36429
15661
3544
9354
26840
25930
947
2150
9981
5813
35548
1707
32291
11025
25642
11175
13524
26380
3662
10778
4971
14314
19390
12137
13258
386
23205
11479
1378
25978
27842
576
9627
6633
17772
2384
20553
11720
50531
26366
5533
2262
16256
1
13853
27316
20656
10704
6697
979
4116
28439
4896
16178
17328
17599
2202
518
7011
11907
11255
33757
6454
49323
5915
1877
10271
13345
8393
1990
7339
14763
405
7513
18626
973
29845
2080
1816
12627
8985
25638
22330
43160
39012
32243
664
18135
13722
1676
10705
19536
16531
690
17237
271
1053
2998
18040
14225
22277
4047
13973
19302
48928
29644
468
9684
37253
40531
9575
13645
29588
13374
43479
28874
20079
13435
5074
5757
10262
6457
10843
3514
9277
2671
12589
8477
8225
2733
3759
28832
13743
32760
1
19275
23058
31717
31000
5859
25057
18165
6220
1547
1056
16050
1428
45357
24177
6389
21132
6587
230
9162
2611
27074
25800
14315
876
41337
41353
2016
808
2734
52094
4581
10386
17541
17028
44311
1778
17338
18324
7130
41847
22897
52211
12729
10073
349
46823
37504
885
31221
3258
758
2
14280
18356
12221
35826
13350
2746
28012
1806
1148
49853
28253
5954
48019
27683
8928
1525
29363
1899
20005
1809
3798
136
1020
625
39103
4855
2020
40946
28514
46854
40441
26553
15031
22207
7701
27871
21595
19113
5515
2069
3535
17580
4807
3373
5734
13685
40180
20271
8196
7125
5639
21280
13711
23123
541
11
35310
11730
47808
23159
16237
13835
25412
40029
5482
2054
17531
5286
42736
32
1566
35950
21185
5167
3996
56230
15070
12084
7878
17940
11877
13437
33871
17313
1
6819
24207
3169
28457
23566
44137
36815
13636
9430
53413
31163
2759
2962
97
7528
10734
4027
34446
6582
8455
1997
22572
2678
16639
7660
10235
24727
35689
5538
6648
5516
247
18886
24004
13729
29479
14748
2491
15509
10870
13812
13387
5190
43896
2559
11923
6016
29378
687
25693
5562
1586
2495
613
6449
56919
12207
9322
15439
27
4611
7537
42443
10535
16727
6542
5004
5179
7991
19616
11088
40549
24103
10691
4246
2179
4037
543
2
1692
19903
39244
7936
18576
1
3719
10274
15445
13586
171
2205
19491
3211
156
1342
12714
21841
11356
8022
308
23960
17769
22847
46279
5615
22583
705
27095
1591
2602
1733
3192
16095
5376
48356
32874
21566
41210
7123
21757
10582
43192
5875
21701
5182
34829
12272
155
42335
5613
2172
23714
8738
15485
3839
2989
2727
48129
18311
3810
2095
1783
13999
42924
4593
8595
6889
20369
2460
10713
20924
4872
6805
43387
8612
8605
8290
24985
4903
2457
32135
2511
10357
25914
6570
1858
4429
14692
351
5149
2251
587
12068
23389
14626
227
28961
41307
53213
10507
2804
1690
43604
13752
26238
6742
13146
41927
2822
8716
26578
9577
6546
277
407
10267
37083
14593
12618
14595
38455
22082
908
19577
11720
55242
18260
41452
3445
704
8764
10708
3488
4295
54514
4671
12752
2679
12308
3519
5488
26502
1282
37683
5926
22745
2116
30635
3142
2747
25
12134
3175
38373
562
14744
750
25748
667
1327
18524
41134
40780
2985
7361
44538
16677
8336
2790
5829
35490
9087
29584
3765
24648
11239
1612
19500
14146
45887
27924
19220
2443
15743
34514
14956
13839
832
4066
13565
14906
33902
12093
32351
17685
24971
1285
2660
34822
43645
26746
19572
4892
12411
27061
21173
3
9459
42880
34536
6065
941
42555
7995
4269
5605
11468
8476
15100
3617
29030
6786
8645
20292
8856
16387
1761
1846
18620
19019
8728
13530
16206
292
15233
35528
19405
28513
28313
3935
30224
19090
4136
88
9742
13015
14308
2349
39349
35677
18948
30090
46951
1810
13197
4009
1200
1720
25834
5024
22809
9054
1419
23233
35919
24411
58683
12822
362
11278
17586
14527
12631
18011
1039
19305
23505
24759
3695
26701
4
5043
6595
6729
6067
18265
4206
34817
26855
27249
10525
3797
15202
33518
19703
17342
34843
18176
18644
10432
5218
2129
3182
1454
1270
25701
37684
14198
34259
12104
4976
24325
40119
18142
4912
40422
24905
53327
16672
13430
33739
552
33685
3019
1400
52
45867
24363
2245
2676
5491
15769
22548
2707
20596
41
2288
20440
1288
7657
1758
25284
7709
2796
5825
3011
15597
30419
55
4104
42664
14325
8078
3939
9378
15850
18305
7927
28751
2577
2174
8084
602
20471
4609
7640
18543
2261
32815
2741
30799
8009
53088
28800
33356
1908
15882
16443
18330
19943
8999
10146
170
31024
3418
17603
31823
3403
27354
4106
236
3517
4838
476
11284
30090
20906
3
5801
3572
10519
26168
330
8733
12667
14061
268
6066
20847
11397
7777
18652
20497
14180
5466
14904
29805
28788
31168
4000
9759
27114
717
3792
10491
31384
7357
220
8493
30109
2945
25924
36181
9572
1002
28082
9157
46407
10778
6879
20751
32508
33915
15620
12399
2502
20545
19577
44052
955
10260
615
4984
38106
19269
14333
19993
13054
851
5279
41582
18963
14076
25975
3092
13045
3905
23451
36991
20091
59102
1462
35720
29115
26339
39822
16645
6420
12770
16678
8990
14952
3190
27450
15172
16184
35226
13
8057
15081
2580
9205
27856
26717
9832
2862
37770
2176
46010
578
32901
12767
364
8052
75
8055
4680
7201
5556
9396
29358
9013
412
4699
18460
2779
14910
16376
7376
19003
14084
23359
2891
6255
900
8707
6564
2659
5751
9
13751
14957
762
14498
19722
52739
2605
20731
17765
7605
17137
39975
1865
7182
29370
8631
31107
17315
2
6855
2008
29243
150
45325
3883
10842
10820
24744
1700
2042
1101
7364
5189
22980
6411
17483
30421
56130
32720
23148
333
7299
20819
40256
34167
6576
45597
4975
4590
24501
5085
11845
21484
27560
485
37881
27557
404
675
13739
3474
48665
8562
13056
12142
8555
35697
3257
14655
46433
3143
36192
38242
13235
21150
3928
44533
12798
80
346
11045
15711
36163
5856
2608
30521
21690
29773
23832
25918
49086
6850
4388
15284
12456
13920
22126
250
10
4612
19256
33613
11325
3903
553
12678
691
22115
4338
7361
8068
25691
22671
5426
29540
13103
27246
1204
11241
35056
3436
19418
18408
4432
15922
33651
41140
32960
29136
40998
11685
47569
15685
39064
2947
40543
6944
53997
30441
12229
23037
14514
1997
1982
23699
14734
44319
15683
2092
9767
14274
2699
21721
12187
4388
4
30514
11859
51423
2224
12770
25190
7272
18108
21746
10062
49834
19919
11284
6487
19490
3365
10587
41971
15405
14717
42912
4928
27913
55725
6887
9149
8386
5196
6339
13284
9825
10995
49215
18202
14356
7079
18663
27499
29711
38794
6940
43701
1181
10688
13835
1575
22879
502
3032
10978
32843
15701
21341
15090
32897
28004
17361
3478
10808
30040
21986
19478
933
27169
26943
36231
38865
11621
3244
16519
29421
5576
8086
6206
17231
45527
26010
8815
19548
25621
7091
20992
2
46654
22431
14988
9453
418
2987
9613
13374
3359
3171
19769
10722
849
28890
6220
25729
15964
1
10405
1422
1488
10575
20074
792
29886
2126
18031
16145
7444
6455
17135
22968
20958
22978
8095
24592
17
308
7202
2979
2002
14528
36200
12282
45470
49072
3456
8056
10247
38691
20848
17348
11171
10063
14960
20213
48474
15529
274
13287
7108
29438
54708
21657
14457
22768
51258
42179
77
25511
13244
52367
8404
10354
8848
47305
4101
31901
14545
928
1218
26798
25541
40252
18378
32484
29261
4437
16870
17690
262
12452
5449
667
12175
35682
39467
26247
21124
32490
7874
4282
31735
21981
1656
21464
6072
14591
547
5368
84
2
12214
14754
23214
19430
43166
52325
27978
15529
1570
18505
33599
18590
11913
40835
8378
9111
8135
3377
5220
15197
30404
901
3720
6016
14786
21551
6767
8828
2601
8494
4311
24548
36930
30635
2082
363
2
5443
40574
22327
17027
4376
2239
20751
47214
30772
19928
8882
34601
29068
34399
25930
15217
17780
555
4540
17023
45225
25026
26575
11201
15321
18904
35187
3804
22789
1906
53474
17871
3973
33370
2135
21553
38370
23620
29007
17280
45876
17855
8593
34262
29029
19710
15802
34924
17061
31036
26887
20004
1011
29506
18160
1519
3400
15039
18
22213
3232
7863
30184
1139
27840
25973
8270
18773
7824
369
9946
2373
24183
9687
7313
21714
21533
23294
2680
4284
1269
1
2764
6172
979
466
28927
3238
30456
22042
7563
1557
23625
4171
7331
24852
17636
9057
4132
13753
7814
28646
7905
12439
16875
39818
10340
1
18669
14196
7875
8223
29566
28018
21836
12747
13892
23221
731
1226
10517
43893
15997
9492
5956
31992
5424
7459
23476
8392
11550
49138
5222
13820
1379
27335
4994
3931
15934
6286
1210
22364
30087
16439
2695
6117
20849
36431
14149
18392
849
29184
1817
1604
20586
1926
12597
4947
41671
1108
25301
20147
35415
10580
21490
4162
23260
12032
45723
5205
440
7665
9570
14024
4184
7861
3583
35850
19265
31118
8686
710
17519
5572
3198
618
1777
1129
6642
3672
17637
29237
20339
17092
16961
7181
3778
49480
3395
50261
3179
4999
37405
25335
39984
4370
187
5999
9113
5553
5952
15940
15562
4526
12685
14563
11279
15738
326
6312
3369
10054
39886
19495
11648
9782
3
1288
9508
5183
9195
19914
29436
747
17264
32040
8713
9687
2550
8477
21704
13073
3589
583
4661
19833
18273
875
6757
14241
8764
14003
6328
18705
18532
9546
10091
14544
6972
39406
40214
31987
56070
1723
2037
1113
18403
3486
13492
43978
13948
4324
28041
21064
28679
28753
6132
594
5301
10260
14724
29041
12893
16676
15602
7327
10677
3069
6425
902
50109
1083
11373
51518
25800
8564
8473
36731
2790
19504
47602
10351
3454
28155
27497
35003
6250
3338
313
10464
273
8605
14552
30907
7388
8733
2160
17819
34160
38325
45124
3438
7643
18699
27629
43239
41803
2087
12618
15939
1704
31266
3672
25614
6976
2890
4627
13761
19120
11198
19541
6554
6986
35737
18936
24843
34594
22268
32169
3262
1510
14000
4594
4954
2338
16806
24088
6457
10719
20873
801
17403
9019
21
17530
20226
18185
5648
6077
6873
31053
5064
20874
12415
216
2636
10720
9815
17716
5331
8301
5439
5799
1157
18987
3517
4874
25959
1474
6328
14445
1533
38625
15331
46495
28435
6767
1249
12555
28024
53355
13615
1303
2083
16552
18118
22432
14446
21697
42697
9429
29642
1843
34393
33267
11105
408
3
14392
7159
34057
22167
25986
38106
7929
22113
30924
21566
84
23514
25348
19566
3647
27309
3448
15883
40437
106
4171
10266
47682
5458
11596
27711
37831
37150
8523
50195
7715
1533
25223
14701
4190
6438
8238
5072
20044
42632
57
4498
11789
4225
19577
15722
381
4246
16276
4679
38373
2086
30016
11139
635
2708
17797
11784
11057
3209
1324
35249
1526
21662
5538
3511
1620
14554
2204
577
3826
26599
20015
23439
54330
33172
46362
44794
23977
3882
1332
13207
24484
32043
6611
6257
785
7305
11870
9466
14001
15651
1
936
9023
276
861
1923
72
34417
14758
3119
4670
44539
4307
3509
1706
6101
28777
23863
27501
44224
5172
2678
5055
2119
21426
40036
17806
12812
2580
22263
14514
2115
10985
21779
10757
41476
42587
13672
37072
24107
23787
30042
306
13340
8320
53868
30425
1027
7710
27902
6313
19110
17407
5528
29023
6163
34579
9210
22520
2594
25597
19908
902
14429
22990
2210
23858
23972
22957
19922
4485
16306
4631
5380
50922
31933
19341
3174
43355
31022
16520
11893
532
19973
8139
2788
8804
7534
44910
902
8438
21829
24577
20449
2324
7856
26558
1906
20374
33454
15510
32311
755
5798
2321
4022
2511
31950
3287
13729
16665
27458
18891
40296
447
886
1068
1295
28459
27043
3199
5397
20799
23271
21317
28485
598
10404
21320
12418
22518
8842
7370
13672
15529
904
8
1676
26587
8229
194
9225
1244
29801
39472
5209
1956
29962
60022
3010
18392
22727
29086
5051
32534
4764
20716
11901
25946
14541
28616
1100
6820
20040
3474
2
4002
21728
24238
2725
1801
51450
1714
31603
13545
37713
631
1830
23
20745
45107
21570
17405
317
10321
2015
20801
27365
14967
26723
348
11663
16145
10560
9448
5183
20085
28362
767
23468
26420
16537
2100
18695
35587
33744
8942
24662
18
4009
6820
7512
2995
1318
7702
29583
22584
24015
18928
4928
1005
45197
19530
19878
18931
22056
19631
53859
8473
38883
31061
16950
20640
1407
6293
38581
24659
1624
19127
36771
1485
20342
25190
13
15957
6497
17129
8256
2183
14822
56160
14076
2522
35321
17964
15172
3473
22094
17768
23065
23032
28655
19886
9403
1437
21
22794
3026
12971
14783
17740
46293
33136
7437
2392
21577
11556
12897
2073
7592
2778
5530
5981
2349
1996
11930
41981
4611
4735
30334
24369
10224
448
4557
5001
3034
319
38218
10293
33374
999
20235
14040
875
7303
7742
32171
10212
41733
1285
992
12049
22379
45143
24952
50742
6401
43963
10668
12362
26178
42616
25725
6481
5909
46870
8702
575
5675
13744
2678
2573
14774
33756
3753
30584
25594
2245
7444
6146
50145
20581
8642
2940
7121
15711
9512
27794
4234
30148
32343
1227
27979
3437
15951
1201
35576
6
20765
5915
5033
37886
28644
7965
25698
33236
10405
15658
3235
14286
25761
27028
29020
50482
50189
22064
15760
7809
4171
5767
11861
26141
14374
50242
17721
10923
508
28228
36878
6908
4017
8561
23150
16245
5501
28866
50562
23503
22694
36792
2989
231
48068
44466
46283
22648
6257
15107
3848
21097
2341
8519
17412
3095
5177
18100
19875
10797
1165
18394
29741
30660
51568
38445
20987
11386
18397
10910
21293
1867
12963
7046
45035
7391
24022
20808
20048
4520
619
9090
19855
5035
853
2939
23727
2887
3664
20537
14333
2046
43079
13755
40870
1173
599
4720
15877
7260
8581
16133
14890
2809
7021
45930
18869
1930
42940
45563
34679
36974
5565
6540
33845
2830
14116
396
28804
53299
29873
5667
42269
7042
5149
17403
23071
17040
20251
24216
31069
486
12515
31841
11853
12999
39180
37739
24736
34240
25170
22002
612
2189
14216
9639
26135
3229
966
29164
16544
2414
2553
56311
18327
1230
9712
25732
1
3161
14708
1122
21772
16738
3
15041
3123
484
17088
19509
6078
7750
8024
35508
15118
376
3193
4365
1980
13277
22226
28132
11426
50932
5646
35965
3262
13917
11170
7096
23106
8360
5076
454
41884
7001
470
387
11090
13733
45872
7631
24623
8135
10474
2257
14542
12201
236
5559
12298
2186
8575
16979
16780
2756
2110
55605
16497
31962
17311
30619
15194
27615
2707
51534
4212
1159
30205
7630
6659
7783
603
98
11562
9349
22908
41404
32927
43989
1232
15650
39010
15179
21938
16839
17637
7806
22051
30067
33463
4367
2
34780
706
8417
18238
48148
11999
5181
2
5230
8371
11929
2832
14201
16928
27778
17869
45855
46310
21903
19379
3906
21141
5763
52430
13904
27500
2638
1638
26482
10684
1074
2217
6616
20990
37997
18405
14590
4769
2802
27761
10196
3494
42989
17773
3773
2129
26929
31718
46
18281
4482
9640
1251
47520
11331
40047
22858
3235
34681
2416
381
20184
21604
2030
5987
5783
16
22607
19048
9865
47970
19766
31765
21793
6989
796
54054
39909
35740
10811
7436
23404
13
18465
10073
18305
29303
16648
20756
35467
16929
4996
34571
202
2864
3102
7664
21488
13659
41245
11530
12396
30077
7037
20742
4017
30927
4318
19347
9911
2722
2681
3323
17220
6892
4095
34988
270
4944
1996
17231
23029
3663
4124
1596
33242
13546
33648
26165
24315
18887
48363
8037
43849
16211
19657
24696
14148
2515
44652
3531
47702
3617
3259
27217
24651
518
4672
566
14209
35037
26768
538
4366
6734
317
53321
4717
16638
22882
28037
6
3223
10608
10478
23848
18610
299
26701
513
746
1662
24045
36159
47861
43641
10869
4607
2185
48837
32091
34292
9058
43670
55
1583
3028
7912
911
3292
37915
205
14495
249
11161
11887
45737
4902
20951
30784
1669
35406
1345
16414
7182
25791
16309
2
50
19658
4252
17397
5713
2
2521
6257
17328
5969
719
9677
12281
16252
35339
1101
5805
3730
52228
7635
2218
19827
528
14648
18329
777
10223
700
8005
7023
22851
42765
4776
10309
21661
711
43094
935
39675
3422
33945
12873
16241
9328
8182
23197
24582
44409
13387
1781
9497
8226
478
2820
678
732
1939
22795
23900
14121
11130
2029
9569
9902
6182
2432
16305
15850
40294
18943
2143
21020
547
3228
9978
13187
13503
25109
15042
266
54352
1165
20987
39560
5337
1822
9768
1923
10836
13843
22159
2939
14218
19019
8860
3725
6932
15155
32690
3473
8342
13448
25845
15505
10283
7040
463
14872
10336
9125
9457
6106
27118
3531
3399
37311
1806
15905
303
2393
4055
2722
27991
29483
35585
31668
21902
71
27472
5215
15139
8285
3217
4093
33045
9031
36249
28713
26324
6730
21656
16181
3096
8596
6084
660
3600
427
27999
47595
6994
1651
9736
40577
7902
7658
445
13909
3563
39759
43751
30217
11351
39711
24511
22368
9710
25935
33654
5151
10063
19402
16814
46735
1958
3045
725
2634
10217
367
3913
27031
8486
38409
8641
17269
16933
28231
17587
43641
10030
12744
36739
8850
4098
31829
11910
2245
11102
10119
1646
6970
43829
9
13302
4494
5894
2794
7939
34076
37500
5625
12566
5614
16561
4278
18
1614
25345
21602
32067
1643
11965
5217
11939
8
9593
10383
25447
2021
31300
1199
53829
30573
24318
5
46482
48653
1233
645
3006
4782
31883
30095
19066
15002
4675
7970
22753
26209
4647
43581
2220
433
1052
25548
25537
4163
19426
663
4011
14591
2615
21921
38770
15979
37571
2391
7169
16615
5534
29082
5152
7181
1545
1973
67
26998
1227
3765
20723
13254
921
46068
2958
1333
30957
34053
4499
11309
21799
4637
26366
15807
27692
2384
18034
484
25498
3304
19748
7604
23145
19160
4519
47164
1280
2630
7574
2088
6266
15749
10759
7709
1377
10681
43905
21781
2921
1
2210
42942
14976
4398
711
11401
5402
692
29516
51264
307
13430
1924
1952
18134
28147
6868
26195
3469
16463
23284
13394
987
23413
1763
1703
3017
1525
45656
4787
21883
5640
1411
1498
16006
2301
34105
6153
1021
3407
480
8569
26474
19075
11286
8355
13148
6533
2727
24146
22395
21675
31128
5700
33702
26460
2087
739
21356
42855
11514
19521
48154
20213
1753
8317
23855
26445
4970
7769
42415
11084
5854
12076
32390
40765
1288
31257
759
240
15167
5520
2175
757
13202
31773
453
864
30517
3676
38244
550
22231
6984
9771
11372
28663
8060
11855
438
26771
24544
4590
4825
640
198
5398
5112
46308
28959
8373
21513
34180
2074
10991
40942
6915
4277
879
46257
53250
4367
20633
15767
6947
17232
20135
8140
29169
4236
683
40974
3020
11735
29381
27697
28372
13254
17524
22852
37352
50834
35274
1027
6771
2347
45153
8620
6
9675
27506
1771
4588
3150
2971
22669
26306
9124
41292
12782
3458
3183
27482
18312
27412
18328
4949
7882
31380
20890
388
5246
5992
8777
21017
11458
10710
38624
17242
3729
6650
4890
7830
4628
8304
31992
15035
6672
13974
15153
2083
564
3273
2865
25328
626
17111
989
22296
6151
19858
39634
2843
34214
29232
2375
29318
24
6934
4650
6664
47572
4294
4871
2396
25798
18174
2907
4968
48045
5057
14497
7910
3311
446
3660
1989
15160
26121
1615
490
1479
4772
18317
16
37598
2523
5213
45751
43727
749
33952
1657
3491
20028
57586
1701
31011
1668
5448
22402
12276
9769
27638
12782
21953
11021
9357
17962
10168
25860
1461
1774
2763
10001
8993
58742
911
21960
9174
17895
4641
9400
45752
12212
11953
3203
974
953
42767
1274
8582
21198
305
50022
18690
20154
10224
3837
23584
5581
43122
30241
40506
11703
7994
9134
12153
47110
1449
423
16895
19185
31711
28387
3384
4178
7262
1111
1587
30600
11908
55181
21643
9548
34636
6718
22419
3691
3845
5729
38987
10879
1
17977
1459
8701
756
16554
2948
372
22933
12923
24231
22234
7124
7437
3260
9627
24399
22171
29963
34264
27637
25410
7096
19225
9319
1028
7494
48341
28163
10749
18972
43658
19016
5878
38223
34106
19952
20253
29016
5569
271
12
14055
7163
25888
8933
23153
59613
49269
256
4336
15955
18964
2124
12549
47437
5499
2016
638
17473
4325
5612
15971
19794
31340
8241
48820
24130
10470
23504
42436
6190
10412
1297
5564
3800
40397
35609
4902
28980
4942
24630
5992
75
28867
5371
464
3173
2604
4201
43633
12023
34895
2766
37108
17485
27481
3577
19350
5894
14962
26412
330
13055
39228
10178
1355
46274
2192
7
812
1847
20942
3044
4584
19353
39418
23908
1537
21884
17649
7783
5129
8683
37063
8621
19991
5431
15574
37188
20265
40517
36580
2942
20023
50946
2493
18878
5611
2681
13290
40397
10922
23805
30800
5967
687
4104
16624
2332
15417
214
25939
19391
16776
4590
21272
12414
2858
4
1086
23408
12832
11737
4114
9482
24128
9501
4832
31306
336
9098
31851
29640
14169
9590
5584
6346
26049
13507
3548
27327
15689
5774
4210
3900
1535
34787
16480
47427
720
9102
39133
23458
14644
7678
10311
2649
3635
15360
24032
26515
22486
31997
5224
3804
3863
30609
56066
6800
332
10723
5186
2120
27315
30946
9007
9171
19839
35396
13616
2286
17127
1992
530
17064
838
8663
22034
6343
33857
25100
30459
16774
2088
6738
26436
8066
6985
2873
35501
980
6258
22770
1633
4793
6337
4196
3898
8831
7625
9945
21178
7715
27080
29013
3006
4268
24721
44322
2145
8773
378
8149
31528
24111
1151
36631
2
19992
2017
26283
5396
3141
3030
3633
19972
28486
25128
13773
1
348
3563
9430
30952
4761
11801
53952
169
6125
7644
8104
10818
10904
8273
29141
24522
16919
1772
18141
46773
6116
14133
3388
1703
1094
4986
9433
4685
8810
462
18209
21611
24313
8184
3358
46172
11208
18471
35636
6643
42184
7226
10773
35657
16142
16483
42265
25035
1813
1647
792
52107
25913
1126
18783
33131
1808
2653
14113
20453
1595
20026
7245
3234
19407
26171
24231
5934
2500
6786
45282
47256
44485
9964
1114
1883
6441
13496
3
17774
19534
28713
645
10079
13202
12357
7902
54270
6068
1138
26493
52
30687
26273
22547
48414
14331
30901
18364
48775
9921
252
19405
8365
24942
1558
24128
22635
9475
283
1267
1411
18729
14793
47870
15542
2524
32428
3111
1382
5460
12046
14212
6630
19254
18555
50202
20193
5967
1211
671
18666
37169
5838
13862
19758
50573
1332
270
22766
3789
21007
19822
32344
790
468
14682
11380
4333
32298
5251
858
15852
23503
4916
6930
44252
38007
43087
37132
4643
837
136
10732
11028
4968
2733
22794
229
265
23119
16109
50499
14870
6708
20262
6
432
36223
16815
3737
13920
21140
10543
4562
10150
1199
16197
5923
4214
42117
11060
1637
13932
43343
50837
19382
12519
25007
11583
23590
454
15998
3645
18830
24887
20648
11772
14145
38185
651
18375
15663
3238
8044
29328
1767
8607
35355
35463
2956
20203
7182
149
30106
1588
5478
6261
23469
5818
7086
1413
727
683
4704
6247
53476
664
27879
1593
13581
1896
24015
343
23871
33876
6666
31882
3784
6318
23411
15138
31019
10402
22213
21551
11507
1221
20819
18871
139
20820
16336
25571
32056
11693
911
44725
6857
9894
25372
3751
7923
336
782
2782
1502
5150
221
7597
28204
6923
14512
4434
23064
2617
23494
1153
35866
24114
51011
4011
24650
5517
6630
20430
5380
27453
37513
18892
28612
41
1074
19156
39628
46533
1677
8532
1028
4323
4773
36692
11751
4687
5242
271
2084
42751
16629
9732
839
25130
4383
40928
30390
11743
2681
22421
38627
394
15471
9024
19116
6270
41557
14
26683
13325
6040
59228
21733
33748
11716
63
44897
22022
17631
214
1495
8929
7178
1120
39488
18896
8879
7807
4978
29605
27354
801
8421
7930
32853
1
6831
14390
11247
9185
10274
28785
891
4282
38112
20260
240
765
377
18012
11723
46040
29602
9829
4508
7190
10660
4254
24332
31640
1597
3323
22064
11106
2005
32340
13193
23832
10266
28982
7868
387
2510
9490
1775
42113
30823
1487
30784
5237
18039
1248
3951
3771
8752
4219
1765
4
59
57019
29658
18620
20384
16528
9806
1592
8725
46043
6715
2621
41276
41190
24603
31887
27364
18958
52694
869
29055
27474
16447
2089
9684
22468
9935
49190
1413
13
3698
8257
9210
19731
13657
13592
32977
9733
4563
28736
19789
12693
10880
142
5092
6957
30606
3077
14922
2255
36909
9832
1620
33821
11070
12973
14867
39652
24939
2244
26587
563
54927
506
4418
22507
31396
13917
1844
17507
397
15764
15542
22754
52694
17055
13095
11913
21253
20755
18265
10024
294
24000
5539
24757
2
15761
39774
23048
20698
28851
41943
11987
27499
18315
15115
1409
13474
2946
4648
12188
5909
20067
2566
33233
26563
27252
19527
10
6462
1747
18520
1596
14553
18190
9473
3812
15884
20125
9002
876
6452
7231
647
23171
43320
28296
11140
33513
14995
13381
3110
40173
54833
4671
3437
14822
21778
4700
19805
31060
3502
36204
602
1250
3697
875
2398
1138
8006
16557
25616
29797
4369
33508
3738
3065
49756
39388
21863
19029
8271
3512
24976
39794
26599
5428
12340
12264
26460
2300
31888
27319
13619
293
16498
5554
1594
10912
44981
145
10887
8504
44141
1
2912
25714
6038
26389
1104
259
47020
30717
4028
16217
10250
39298
1559
934
2996
17040
5532
17549
3020
18216
3086
3654
12715
7513
6848
9872
11185
31629
12267
27853
37794
2167
52186
26834
494
10440
28952
4444
20023
19399
4587
28829
6397
30628
1666
8201
607
22203
9
19684
34787
4215
18202
1919
1866
29286
218
7401
38113
3666
28638
30249
6840
5223
2779
1562
4032
21460
16161
645
14752
9844
15748
853
1518
5365
21002
25101
37589
13304
24702
12424
33999
21963
2710
10099
4676
13644
2308
45572
11230
49802
1780
29602
363
3840
434
30649
1413
1435
29630
1830
22047
1522
31262
10923
14332
9294
1
7811
4457
11022
35177
13368
42970
12011
2114
3918
15257
8967
763
15307
3728
17318
9499
22146
9616
37456
16365
9427
354
17051
8979
3909
3044
33543
15
15017
33
18948
1039
1429
12613
435
40791
5308
46204
16360
27468
3020
1731
6361
4413
13975
5202
18903
23730
7377
1032
6
8484
14989
4216
1091
3308
392
20296
19239
36960
37505
11650
9251
8252
1707
1933
35257
32605
35809
1767
7430
8222
1
49989
12382
34263
2
176
510
48
5813
22142
3516
20286
37196
2673
7332
5219
12997
28977
32152
27686
371
22881
36654
25708
5346
1
744
20364
4117
5219
14088
14504
24868
25255
33938
1708
9491
392
1799
5577
5618
1
1
35705
14286
8038
410
16786
3248
9343
20031
871
21331
5082
35508
6288
8613
1343
31129
14005
11301
7398
251
45070
17992
3426
9749
2047
37507
401
6333
15045
21054
5761
5181
5143
12764
6823
39618
5779
24976
35787
23178
17449
1561
40611
3691
20862
8093
2591
17573
8442
6524
46277
10926
24097
100
12872
3145
22541
6716
12990
41989
5
4148
43709
5965
37448
25876
11405
2
2634
12100
13125
16955
27237
16945
1187
682
6749
11939
13637
6120
1115
3838
6149
3616
24979
36705
6774
2779
346
15649
32617
27399
8581
1700
13742
1849
33421
29741
26572
23255
20229
35742
21036
6359
19343
3968
31470
56635
26362
42150
3400
17429
47106
44902
43084
17718
2894
5864
819
18027
49239
10554
15083
2707
10062
37384
36615
1342
17329
17982
8164
9631
41116
638
4125
2192
24008
41391
42540
24827
1142
1563
24343
17777
4152
8740
12708
16987
7
20137
9615
9938
4618
431
2510
8
8445
4547
7312
7447
15852
1605
4090
7357
318
14704
16095
4194
3607
15541
3709
10240
2
19479
21824
20668
32899
13499
52650
1043
17245
1045
1745
42065
55321
2605
32215
2723
20207
13055
8167
4503
9241
1841
6947
20323
24898
2728
53752
36714
17031
6629
1302
2051
37009
34016
110
2607
3211
5226
9121
52667
333
15077
36777
7104
3401
21481
1234
1
1491
2093
4402
1428
1419
1643
13546
29018
9851
10837
20576
2122
1818
9853
16241
16379
212
23108
2825
30498
84
8106
4078
7418
8993
39569
20406
22148
933
15554
14862
4337
12351
3178
43430
4510
600
12641
2534
54772
8420
2071
16677
10631
32833
5061
4413
26340
47912
151
24035
29473
13196
54696
2881
27649
1189
24890
20582
24135
1704
22269
27444
42209
5739
46044
1138
9829
3770
5409
25633
5295
6241
36351
25734
12268
1099
5651
5614
40849
25538
15248
9372
41016
20236
19325
18994
1809
23694
5953
13428
130
3424
10195
8599
12392
8548
5796
8437
894
21374
183
3385
51413
58106
1200
15910
4952
26362
51639
5991
7961
7313
1411
1024
2361
2106
11330
2070
4146
519
22391
30819
18030
18387
177
42973
3985
25994
16466
5725
1903
21813
37378
32111
3088
13663
55111
5448
10269
14916
4797
5755
25225
2798
12510
346
32652
10724
785
13524
6791
3431
3595
5227
9997
32010
7356
23707
5
918
1
23606
1069
9660
5728
8236
32157
7613
11137
21166
6428
1156
8378
7218
1912
13173
21326
31559
36309
871
2305
24978
55103
26531
9459
10171
4085
12526
32380
21035
49836
1676
8288
2600
30090
10956
3009
11
5433
9594
1162
11075
666
6584
1706
10897
19394
19998
27105
13227
9632
1779
5424
26402
49335
617
43256
7670
13416
16277
11802
1990
26754
11831
7613
2613
3209
17773
17640
19982
10469
26651
41353
3087
2831
13199
7364
1051
1243
1518
4942
2566
6816
3414
11589
43622
21199
17334
10649
23713
13327
42636
4503
3548
3217
603
5438
6746
6482
39208
6645
46497
948
641
4224
186
35969
24177
5535
19301
27424
53002
19487
19633
14021
17650
820
33451
20714
12205
13205
39798
13503
649
5712
12252
13480
5156
10450
6816
1609
29328
1006
22977
8626
9541
28710
5376
10223
2141
5
17714
738
5829
1937
14307
39
498
26835
47761
1971
9086
19506
12532
13310
21335
813
11185
20424
38961
10300
13332
24929
7307
5834
7858
18429
4909
16597
9208
42166
4097
1059
23103
3331
8758
14038
2147
53362
32834
14426
33673
43634
6814
16
13796
1
8873
19173
3432
18902
1754
37106
16
6065
29676
22500
10675
21664
19689
38756
14271
11420
15897
3499
28820
10976
15134
10040
40146
13226
3308
44195
3143
14648
11413
4667
13526
8966
1140
6944
53556
22070
11968
5980
7214
22321
4949
12720
11045
7186
18907
1652
7498
4206
41531
2329
349
219
24768
671
4018
29070
13457
3555
1652
26082
5061
4712
13257
13979
6620
9791
48726
9068
380
9299
41029
41640
37757
6570
19787
17847
1352
1165
3915
16910
41677
31708
35562
7102
51370
20048
8919
20176
2087
3005
26834
2084
13737
5156
51793
7859
2031
30848
29173
30067
15338
466
3472
3155
31504
25077
16253
15339
32021
2806
29092
40903
44011
3
2990
13959
7033
9271
2764
29211
33913
12840
31956
24198
7633
2165
14182
55693
11165
20945
43169
33684
19828
10125
32880
1246
290
7922
17832
29853
46914
15946
3391
763
8313
30910
2
14933
3296
2485
4405
2216
24165
926
13476
32624
17897
342
1644
13434
11619
10430
26696
17117
20929
8218
15705
9371
1
4473
33845
2959
16186
35928
449
25064
21839
6599
35743
41727
530
38389
10456
4769
6671
5089
13907
11939
7551
5524
2106
18927
8641
10448
17979
39145
34798
28712
25584
5510
16140
5259
20987
14115
1424
1231
2218
21300
30463
7
22777
1402
13207
2002
45
10514
20962
15624
6316
2459
32374
8676
57744
2511
1524
2986
1097
14091
18866
13227
4105
58217
46407
18215
13777
54061
31264
4158
450
2260
4474
3765
6434
10418
8194
17103
2235
10531
39422
43
9640
37416
24010
26316
2413
875
2987
6087
9947
8301
28406
1535
14420
7335
1416
31517
14683
517
2004
8979
13792
2300
7058
3160
53689
19266
11138
27088
23453
13888
33273
55255
1501
9172
12790
35760
27721
9642
8819
19
1563
950
22587
1234
11268
47485
16466
1713
16875
50523
10315
10714
15242
42428
23756
27895
1929
2481
10046
9387
1627
4339
2
20682
1820
31822
10131
8266
884
36135
6241
3572
24834
3
35404
21802
20480
10590
11670
2281
9298
54650
13346
13193
22965
12580
7298
49363
14479
26741
7711
2550
11517
17862
12896
10494
24937
33676
21839
53036
2633
54934
20716
245
32593
7375
26915
4491
12227
5454
12625
16738
30213
51096
15267
1342
22119
1167
37037
8525
23246
27855
27723
2520
13843
20937
59372
35119
35336
20468
5720
29481
11172
27513
1743
10093
882
33981
346
7235
15093
527
841
2660
3788
8840
568
18824
598
2118
19599
2149
13814
34977
5122
21355
14228
52831
15581
25
36201
9324
44582
4393
11
2
1534
7903
10414
2447
40978
7403
14266
15111
9936
4095
48608
12394
5879
5167
4315
6307
19704
5267
614
6906
15556
26788
16133
9658
8954
26314
48062
8669
460
4510
1649
15420
24461
8879
157
395
12138
1763
6846
644
26471
35009
545
6254
9288
5127
8889
7665
4924
37406
3380
30336
13690
6744
19501
46309
23748
7606
14758
25275
19122
28268
18968
1588
19261
42992
13334
17967
38107
7625
4515
7213
4006
11873
4765
40129
6420
15284
12313
9480
14335
21240
58352
34614
13484
23989
2613
12780
2
26486
24702
9161
3221
21892
8319
3721
774
5844
6243
5864
41104
46423
17464
996
46268
1588
388
12919
6955
165
21551
15833
10075
176
7949
2
5754
24713
755
111
44020
9691
18411
43920
10915
27174
37943
3890
19297
3407
2342
14219
38258
35640
2146
2637
18474
2505
19242
8606
17243
1294
24927
5139
8772
5
33077
5425
5332
2594
29217
10458
541
31069
4044
4415
8685
13111
19436
2882
4868
7657
7837
900
5046
17319
33443
16087
9512
8690
1065
6418
26011
36345
27494
22682
22247
6988
15803
7942
2069
14035
7357
1656
4384
1360
21501
2104
3456
275
1743
3753
17628
39338
4273
2
669
52369
39619
50865
536
56127
9442
20910
22494
15357
8777
1246
4305
35652
59532
1155
4728
6986
21968
22685
6697
48197
35488
42300
2610
20859
8315
2819
3542
21344
4867
12560
9373
5168
36579
1019
13099
15395
3915
8028
1867
484
31737
1743
29422
34149
16016
1100
3606
20004
1727
1353
29596
3596
21662
56434
49692
16983
46543
12131
9497
11300
2460
9076
4901
21840
6791
3769
1957
10138
3525
54971
1617
17574
19188
25928
3549
16177
3413
35861
32521
25129
35962
22566
46549
37808
8856
6572
1871
29292
4702
3245
25948
29229
11182
27106
9350
1203
30075
20782
17634
4850
13864
8670
16199
20474
38214
785
17388
2834
43635
43969
43379
11830
10611
14498
8242
7530
27784
4320
29362
5121
12971
24176
473
9940
5079
17623
5798
7119
19668
22526
658
6752
11247
3017
42279
27755
1472
25167
5741
56525
6381
2557
700
8194
407
8334
10730
27886
22939
18288
9018
42919
32443
4785
29180
5869
3
3936
16480
6138
6463
24003
49179
11799
21553
1
1121
9641
36267
410
1
34217
56575
7957
15202
46468
15900
18
8
1156
1313
861
7357
2872
27835
19327
4799
10742
35174
23715
7037
32386
17452
3038
9865
1509
3069
21603
17631
1798
2791
1674
47994
47968
3907
42133
7702
4742
10340
10162
10144
6574
10757
8569
698
1344
12234
47909
182
15564
27808
5509
17269
556
5798
32869
11162
1009
13084
1668
857
18744
1638
9815
13484
4719
40259
32269
18414
579
18554
12100
28325
18241
13828
5360
50424
23440
2097
5091
8319
37625
7294
33925
8838
42138
33443
57001
27187
3451
1942
417
2769
26421
14485
11439
328
1741
5906
23975
2720
4999
3775
305
19813
2504
2511
3308
8856
2137
35051
18840
46633
11867
31924
10410
4035
38837
1663
12810
16104
10469
10019
1723
2520
22857
5924
1736
5156
6769
8039
15446
2878
13760
18903
16161
19472
12520
9424
27160
14542
13210
21939
681
4515
18388
18633
2778
21164
6135
4177
2692
80
14343
6366
22182
48797
24085
20293
25552
14858
30865
6189
10615
31125
862
3611
5495
15190
17228
2893
18496
19907
4466
6139
27454
12140
23016
21341
4345
39260
2345
21904
6579
2727
36517
1757
17006
14193
1084
12290
4025
30765
8470
13706
16438
20709
33562
10491
9376
3133
21713
5280
36452
8024
41377
42959
3894
80
8208
39891
52017
7840
17704
2843
29075
5148
947
5790
11525
10683
42953
19375
4779
13490
7717
11917
20475
48754
3001
3
1535
31803
30386
5229
6949
44752
6102
7916
2271
17411
846
16134
22731
22106
6996
35203
18835
18378
14220
588
10699
45153
4998
6005
22201
24777
6609
3394
15015
4863
8531
2606
3631
5756
16265
193
16764
4715
31981
37669
1418
5342
19287
39392
50628
15371
14353
10988
3525
33531
4670
1050
29717
50103
1450
8621
12141
4212
31776
6571
19496
454
5005
859
24390
36093
18705
47954
733
5526
15899
15693
11230
1996
33818
4582
15654
14266
13385
922
11072
6329
16221
19174
35155
43409
12271
24097
22460
10405
18019
33500
1203
15947
11226
20347
2102
4374
46298
23795
595
6149
10774
5326
4483
30577
18340
26
17567
2921
23615
13180
11676
40605
32417
36207
48395
24902
1212
12579
1768
36379
24585
6218
16966
40818
17304
7177
6695
3253
48433
718
24096
31111
22313
13508
3345
13862
282
32186
3833
17955
23745
5478
16248
38829
6513
3350
5
2486
36509
6451
19265
3997
23084
18477
8140
12904
49894
33163
11374
3203
13913
37
50932
12806
27033
15344
13561
25011
30056
11770
6222
2239
3110
47510
9031
19167
2371
73
4136
35141
16101
29252
28498
41447
22360
1087
6273
26769
15343
21130
3512
5151
26781
5295
14150
3220
13329
18260
2615
20180
8349
6843
17920
334
40292
53646
23376
12017
55999
8790
22725
16525
1738
8205
818
44531
29423
40302
15550
38066
5300
3320
32219
18921
4466
3703
6924
2
8652
41289
8547
2229
12567
400
2838
38627
8105
7226
22023
33728
17421
9227
10085
13777
7637
24552
16924
42724
3684
3636
30894
12708
13594
2379
37094
6809
15950
806
12472
4579
50395
38616
15087
722
6245
21712
40586
6302
29289
7454
927
40775
37748
7863
13292
51848
42746
11171
11015
5073
1981
23654
31686
3494
1981
200
22956
5897
10036
5416
41415
40
4362
13973
16915
56780
2455
13497
29280
7463
20559
28328
23306
39927
37891
270
20196
20607
43995
18185
30137
7962
5134
5268
2959
30866
7871
15052
4359
5185
50597
41412
32270
12892
17689
462
5000
14655
11407
16185
5144
53517
34456
10532
33214
4365
18034
16544
496
15852
13
9969
3990
373
2626
5854
2687
2709
15545
21102
43836
697
12436
7303
19965
665
13688
1444
5851
13117
13669
6103
25544
1120
45630
18736
1883
32196
21822
4496
20977
1683
3274
7125
55269
7809
24275
7645
2
24044
46662
28600
31603
4201
5704
29471
35249
988
1852
3550
4775
10467
10806
3172
1988
4953
10432
7013
39621
5855
495
4982
50075
8736
38482
10191
7067
11167
38039
9468
27641
2109
8538
32419
16264
1915
9978
2326
36756
40049
3869
10710
24203
12903
13433
14843
13621
3085
1255
47577
2059
14590
14231
33598
24334
53672
1764
15201
13211
35425
12976
7877
5958
5304
24426
11856
23417
16182
8103
10103
2993
16270
7245
27438
1025
14992
1918
11221
15202
6020
17869
16535
462
1525
13374
11208
13814
344
751
14336
1952
15947
7377
13227
15688
39709
5072
42
14955
11616
1548
19180
15271
5162
23732
3649
7160
10862
26413
9924
11741
4498
4441
22929
43242
6130
15949
999
1
48945
12920
39696
27741
25032
41756
6753
33130
8892
2826
12432
1993
26127
39317
30478
1235
24814
29240
1689
22466
327
53968
8774
2546
2271
33403
39408
17005
19629
22786
26256
17363
14191
18
4591
9114
789
33260
13809
19565
1916
1911
668
3474
11129
16318
6468
12953
703
16519
15653
2435
1512
9774
5765
16369
12503
31405
8003
42152
785
42054
2968
13167
12404
20
55990
1357
8385
8750
38783
1248
1311
2
1389
46481
29506
34863
40933
12276
6592
622
2072
28735
11223
29485
16627
19310
4951
34700
1540
38169
6047
57
50710
26183
15163
10471
28728
8234
8577
7035
7756
437
25503
5297
5643
8003
46583
2659
12121
8748
9191
39079
2716
20149
26722
3285
25509
30398
3996
146
5635
40466
12546
292
3192
35546
7489
14118
24510
25454
3502
754
23114
115
10223
7236
6628
831
24197
1
3692
32145
4743
14217
21718
6763
30652
22425
7888
14448
12380
13427
40985
43896
47884
2068
19881
5953
17073
11733
25755
25725
553
10744
17801
11112
15670
28299
7698
24383
3294
8719
8430
113
11234
47911
7295
36819
15749
18384
2852
23966
4624
42199
4092
20108
20824
4571
7349
25315
30412
8374
41075
17916
21979
27311
5917
2667
1383
11492
5353
15827
1332
28
6748
2848
2578
2525
33503
12485
386
28696
18
47215
792
16504
3785
256
3253
15133
14816
5516
1329
14694
669
38523
16840
3298
42216
14684
1019
15206
34935
29133
6905
8230
36508
29996
26944
18734
9529
19777
2080
29563
755
31304
2295
10119
19350
579
37216
562
3141
13388
10140
4976
26543
31683
13962
4326
1333
43112
2156
35286
26916
2118
36334
20148
26390
6
58337
27488
20923
18859
6418
19624
22759
26268
4429
1787
7602
35706
55
24782
14202
20802
12592
2157
13
966
10855
15499
29083
15072
18260
3669
24171
3102
5080
7623
11783
6920
5965
18486
3312
6979
5800
16235
7469
9394
429
1749
6424
49512
3348
42420
11154
35472
9518
3513
834
18388
6595
17707
14199
27808
8747
668
42469
17261
12510
25417
3337
266
38742
24590
16624
6254
1892
8687
3936
17425
1289
8744
10225
13749
3700
8126
18966
3097
13615
18261
19890
45266
1833
1273
886
2876
42863
7478
25376
15034
5351
22497
5623
33589
28630
20126
1156
37634
10712
135
26
15285
18517
5766
27423
7669
14340
11669
6704
3301
18878
25143
3881
6020
3957
20570
6470
5732
4574
2755
17128
24530
5657
42531
29114
2
36306
5853
2360
26690
3
15054
7047
21499
22701
11704
6989
20518
19752
7
2894
4673
17077
30660
17084
14348
581
24603
15429
9591
19546
14614
3021
1956
22930
10232
15021
6695
19755
2886
3856
54524
682
455
12210
8354
31340
3048
1249
56549
13605
24750
4294
26978
8298
17536
32624
1567
8
9393
7746
16418
899
3146
12944
33821
12698
8826
14861
3525
25494
30795
2723
22284
10917
21623
16245
641
3845
2131
13292
24082
17045
7279
4420
474
9765
1592
1392
746
49595
40017
48529
52052
24785
48392
35153
3879
2850
32907
37832
50523
6258
14368
5285
20014
11986
40388
25947
18781
45990
10846
10769
15961
21260
6261
15603
54026
15732
26715
5640
39624
5774
29212
14583
7447
11805
14168
16375
14677
27300
4189
4846
37575
12560
21567
35483
36650
12094
3861
19860
8605
19258
37901
6197
1006
8783
33620
29621
6516
42583
20889
18101
14033
5036
7160
19187
45805
42692
43000
7221
32032
962
4670
17003
2217
27333
7668
364
24381
791
12324
10838
6136
17005
3349
26836
34201
6492
25089
1384
1810
7784
2555
6835
8006
19833
19555
16628
25246
15318
3543
14007
19700
2906
14450
6212
7741
8107
20113
845
33874
10398
34079
20972
56945
1303
30203
1208
4203
32379
38476
17178
276
51076
28868
21186
7054
34902
12996
45923
27007
7955
25378
2208
4406
19742
19239
17814
11963
4927
2480
3774
9487
54936
3302
24371
4894
9985
9902
11737
12787
19915
1000
41589
30911
1602
16492
14542
1023
227
4892
15312
15245
35697
7287
2360
2130
9828
1071
781
19195
27220
54367
24179
3450
18112
553
10065
7137
976
29328
31853
42775
11521
31053
28694
13938
10425
1373
8018
16648
54958
4428
14008
33502
15264
3335
32688
8283
194
23403
667
3815
40990
19555
4747
12760
36163
10700
2898
5666
12852
8848
5284
14897
25778
1990
3328
10374
2622
2408
22239
11437
5553
10237
19025
19588
50793
9840
6480
10479
35906
1010
5387
31193
45631
2966
20974
1343
7908
27790
6476
29642
12328
1797
22
10509
24259
4986
42863
9048
1
5811
12286
10036
1008
2182
27949
6740
2699
4030
49245
2292
28957
38999
54746
16969
18722
22978
6017
42617
1797
399
21013
3306
26479
4651
19026
2
38915
37865
549
27821
8328
5458
5013
20418
2521
7322
16106
8157
20019
13486
707
20799
3934
22354
38860
8442
14629
23143
14635
25015
9937
12201
32271
48657
3404
12058
41169
22117
8523
17901
14348
10325
7918
5821
2956
8171
27857
11216
8753
2854
22481
49974
4882
1905
34026
34628
813
2348
7072
73
16987
7591
17594
24423
5766
53834
27899
4
2529
8238
25544
13613
25615
56030
4938
6915
2892
17753
1405
495
19416
1422
9657
10792
19515
798
6142
4
12036
16692
1549
20
4185
2847
33230
35926
5475
5595
15728
7143
39610
24341
41150
1842
33298
27476
34917
57426
5583
873
22095
41436
42700
4897
20846
18170
36130
10152
9918
11937
18796
15493
33533
495
42195
8479
22600
25585
1051
1904
16638
2690
12821
4021
402
16970
41619
2493
266
1066
1153
4929
11876
49534
8005
2890
30507
1239
8903
3040
34581
22800
7653
5028
291
5252
18718
4780
57250
4123
15949
15462
5471
8143
2613
12469
15598
7209
15
19764
22117
8097
2420
6824
43405
5474
2476
8436
16790
3763
16316
15980
25268
2074
26963
961
1254
24845
32502
2090
11087
170
11480
23235
10552
5683
1189
35121
10360
14506
19397
42014
1734
24078
2075
21361
32926
20615
10571
4327
4493
48
6477
13826
59284
25957
27888
31586
13916
31800
51089
462
31371
984
38
3503
54713
2473
33742
41268
3514
25630
4593
13518
58208
23004
3226
10029
22532
31591
31854
10750
19844
2280
37754
31881
38101
18598
6594
45443
11659
31204
26082
16353
4945
31243
35340
19983
6044
12860
9247
960
21633
18729
5537
25642
1482
10128
41959
33099
40150
1104
1747
2978
22667
32097
12790
15110
23190
32829
8987
30533
29923
603
32009
1505
6913
1772
28964
23992
22056
8306
48567
35034
344
3882
6366
47425
9833
6556
12165
13824
407
9533
7253
6350
35169
36638
22074
37262
4661
2383
10736
2904
11750
15186
40698
19056
2322
4545
29
18640
15709
12547
2173
9230
27
7024
2235
681
4728
15852
2613
4761
271
1822
2623
30771
1175
32837
16549
3453
18243
17499
29069
7992
17005
8737
1
476
9998
3
23973
13907
2577
5989
8283
4709
8702
47912
20738
7107
11096
10137
31259
1546
6037
6785
1163
20854
3459
7355
3015
770
6096
5631
28598
15
6088
6350
2105
902
10889
7082
15672
26444
13441
575
44632
292
27683
2078
7881
5989
50539
8441
13324
31150
17372
9452
16850
1112
21132
19896
8329
22448
21
4021
19888
223
461
5088
6161
3872
38562
10198
33886
26150
8478
20870
33979
6736
6667
47193
1201
10485
22844
12884
6
25119
8978
15056
7754
5525
9933
19446
36721
35266
44170
8277
34311
9200
5079
16712
1114
623
7871
26596
30283
29076
13018
3502
14726
584
20330
5410
4136
347
6185
19081
708
7657
5309
23268
15524
25543
3018
3426
9755
35791
5
26545
1659
7864
6757
14121
4302
8217
5933
17486
23265
39687
23228
15734
15840
4512
37779
3090
18449
1263
26193
13703
8953
38454
2182
30383
34866
11270
20026
36899
10
36721
5484
17995
9977
27560
44006
10304
23501
17
1414
13616
1670
9900
11102
49683
7728
3711
13489
7291
5771
4146
11340
42360
1466
1284
10699
8824
42607
1146
8556
10842
5355
15249
36767
5871
33698
48122
23633
27386
13017
52021
32537
717
1502
3720
12086
10435
20253
22925
15480
47853
22920
15755
24234
19482
39488
9126
2
21010
12517
9918
27762
33073
11041
23007
2867
31156
3271
16534
58345
1257
538
1297
1238
11015
3564
4929
1071
7510
33264
5959
2
50205
23687
446
51941
846
304
32185
14316
14124
41966
2032
3035
7773
21188
6726
19969
840
34185
7942
1922
54781
10097
26437
22039
8050
14182
748
29140
77
31999
993
13929
16435
2609
12448
1085
1680
44407
15765
23951
27030
33145
21523
18985
19214
18178
33060
3508
7570
990
2961
391
1419
15793
36691
343
2712
20044
13942
28634
14046
7554
7082
2493
41987
17362
18799
29957
10428
33063
39138
15262
11029
6156
12760
10236
2974
1527
23010
9148
12
25523
14233
18387
39172
3
27543
2999
15930
6997
11124
23492
10351
35781
6871
26932
19672
5902
490
2952
19960
337
5326
40395
4169
24516
4026
37505
15564
1660
2
10109
11745
10379
15676
18971
9147
24503
30650
15043
16379
8510
36351
42615
3869
29959
1350
5980
14680
13944
40207
7390
21764
3333
3837
28765
565
9408
663
15865
2114
31727
2916
32666
22085
21077
4392
18872
8208
697
16567
42416
8527
30221
48550
21711
42333
15378
25630
12951
28717
336
37322
19377
36967
14727
43418
3452
21664
23717
20467
2463
3945
21824
10783
17744
6176
13843
6413
14029
11696
363
19494
929
27063
18264
357
919
1
1
4355
18255
15937
3630
19871
12269
3670
9151
8590
8574
12071
1233
34957
55294
12274
40214
5916
1443
21034
11384
23353
16040
25617
4655
8899
2833
6472
20171
13969
27
20544
8615
6953
53479
26539
16886
9237
28070
29019
17726
12257
719
20186
1857
10258
5596
13493
1
399
38725
42081
14266
17855
11210
188
28722
29277
3594
13100
40162
7971
54009
4311
9190
10941
47865
4260
34173
12946
47304
49880
11725
1446
46304
20885
50798
9004
3631
227
2439
1762
5
24802
6848
320
34074
13426
36187
3695
12924
13347
30191
33770
21366
14654
21356
10240
21065
28537
1182
8737
21416
37156
16329
8264
540
7156
5124
7293
9627
2792
11774
14269
6293
6868
28938
269
11026
21927
35538
34832
26057
20173
18660
6703
26257
16137
4013
25567
23560
15923
471
21164
4067
19961
438
20248
35545
16529
2788
1488
43069
1918
4335
25296
2525
16310
6201
16722
14678
14791
30646
22342
47605
3
20400
2315
4718
1845
5966
193
5738
43759
15144
28920
1869
20110
8864
23548
9739
17202
4403
12474
48868
4247
9735
24088
10090
5966
1113
3899
40552
8272
27774
6606
713
39484
28461
468
11719
6943
2747
1289
7382
10625
24993
43870
379
34019
15053
21
9111
41908
98
27948
5886
39342
94
8074
9865
13467
30878
8866
15783
39011
1182
24327
44172
39010
9944
20165
42217
47706
6737
2886
19084
51756
934
6477
3017
7603
9392
2536
817
10474
8874
19611
1
45863
11879
10447
16839
4239
45394
13621
728
11424
18438
36678
8781
19335
30832
3913
24137
6758
3392
6190
50421
3807
273
2431
10905
16334
29231
10397
13857
18205
25463
15579
41421
1
36603
24785
842
12774
17569
9512
41940
29708
18611
7501
11279
23533
21346
382
43257
16139
58000
26002
20807
4454
5422
32702
10441
1396
8239
6157
20160
19316
14926
13802
4456
16061
11379
8788
32292
9694
5463
10743
31636
45022
9527
8740
29931
13882
32135
11014
1206
6933
1324
9547
554
687
3395
25882
7739
3310
2833
12101
9938
46172
29870
920
14846
33500
23838
1645
3220
8436
20231
38519
9599
5084
2403
27151
6985
1240
12577
2025
5689
8344
20080
1469
9134
13109
9594
5439
7523
12265
411
26389
49534
22602
9870
17381
10303
11716
3452
173
24585
26393
11273
9398
18224
4716
2336
27556
8805
6233
4151
14671
8596
13467
1202
31633
4205
20555
2692
8529
8856
9854
6778
19726
5311
2679
55040
2781
8857
17865
27536
21357
8364
10445
15393
1121
1490
23897
42695
10817
4211
2175
44271
31226
8327
13448
43478
12958
11904
1417
1822
18074
26934
37118
10632
5342
34988
12817
3142
6551
10778
45262
19738
15209
4533
18257
9820
3315
18737
3080
30875
25751
28174
20199
26985
4153
3792
19952
771
29425
42247
26326
5686
19621
23197
26337
14386
1130
30
13290
28748
33599
8722
7386
56939
22504
390
1428
4058
5879
15326
9727
9606
20133
1922
37154
9148
7787
3701
9970
11025
5123
12401
22432
14512
20977
6055
28895
14516
22460
287
37822
24288
17449
14584
26890
32124
17725
25333
11069
18427
33
6642
29909
30480
21129
7009
3339
45
2810
25063
13480
31273
49787
21819
25247
47460
1871
14844
1074
14085
17594
4092
3182
8810
25218
2265
34363
7118
5325
4849
12438
1
7573
7217
13195
8530
31005
12033
22578
3485
214
60978
21759
4476
4960
11310
16340
5176
9782
7507
21216
19704
25544
47323
19147
50563
32437
17131
14310
22278
10350
29205
5861
33617
12182
9280
44468
10097
7395
16205
4969
1673
4940
13530
37931
13048
33479
12142
943
814
4056
16535
6388
42789
22296
15824
9945
35588
31390
40977
15072
1650
6428
3672
9087
7095
13065
2494
57517
3443
2051
35211
19741
13915
48552
19062
107
1722
2011
4815
5045
4219
22249
16710
12390
8075
25
8701
7098
18065
24734
5282
1493
13078
895
18903
14370
6
1000
1916
19290
9715
256
679
1258
8724
652
20898
15560
4116
836
4357
14599
306
458
3809
28075
24141
385
4371
6903
6151
25025
12952
22297
1841
44199
14862
5776
3613
5365
27474
24406
57910
14808
5698
14093
15163
25560
30033
11075
2055
5533
14512
6457
10646
1031
7073
21188
8361
997
54187
25287
35969
17222
4535
9654
46049
10549
12343
1406
34169
13937
11833
15354
28158
17083
2030
21061
5297
3677
57318
19422
5086
21065
46625
9357
4489
15378
11091
24232
39793
5296
550
46449
2593
21317
795
1218
24429
24991
4467
17974
4316
18871
27759
4742
12025
5747
15583
491
24398
21641
1250
10001
2790
6369
41066
1711
3906
47193
2333
979
12034
18374
58271
9629
859
751
53027
17297
1756
48858
26552
26274
4997
9378
4078
32973
1773
5894
2
53741
24433
21456
13810
9915
2379
47508
1408
1701
1347
2842
14248
12972
9
2927
2150
25909
617
11803
43558
19260
823
37018
1970
4584
6060
15683
55035
49170
752
2589
40398
12649
30287
2432
23534
1146
32331
2435
1845
29234
13401
19714
14352
4177
5453
15613
42189
4214
28904
3545
16109
13513
21806
6802
21321
7089
5419
34021
44776
15086
30549
36816
12771
40712
8453
16185
29921
11852
26435
17941
23660
21189
2415
20388
26981
1372
14311
32387
1383
20011
5462
2601
19554
20789
8933
36920
28125
47967
28
38200
12511
2135
154
1309
4523
341
2865
20110
14081
11251
50041
4229
3705
1166
7
9762
409
9037
15682
20846
3206
39570
12276
34892
8506
2504
8903
41065
32100
18937
2913
26065
1593
2104
3663
10805
1673
1851
1065
11905
30970
7840
6037
15224
28120
870
8654
280
40320
10828
2011
24008
31344
17601
48266
11794
19627
3754
22074
22855
5994
7297
10094
12964
30610
33867
4868
1598
4796
15720
47951
6667
3132
39647
10113
7636
4334
10331
1408
5
2644
16322
5266
21309
6536
3356
36860
10103
44910
6092
1936
8705
4012
36174
12304
1223
2976
42163
4080
3693
16064
26606
3814
5301
11027
32090
24603
14667
291
7328
195
1980
6839
35651
18537
35125
3884
10860
11704
45243
1150
14169
1990
35484
15950
37164
33264
9802
21419
7229
1858
7937
43463
462
64
6758
10527
17967
7747
11
33755
1055
14203
2923
1334
2143
33248
6395
43398
31447
5190
9540
14045
8307
29428
11879
14806
5558
15434
36181
680
15985
61407
7034
11057
12120
23657
29103
12682
36135
47544
21720
50255
7871
4067
17853
1704
19233
12462
1541
22690
9087
48221
11828
5391
13549
15063
7037
30347
10485
52735
2182
38385
1971
14811
7311
20010
621
10532
13451
25240
17766
18118
2182
23360
46770
27670
12446
8219
13564
3235
5428
40061
9983
15214
13690
8831
866
9251
1056
302
12741
5099
22905
9663
21613
1827
527
6774
3238
20465
5241
7641
1
41866
6699
29010
4459
8655
19258
23272
29418
32586
11201
17764
175
4840
6491
381
2035
15705
2000
5649
10878
25764
32493
4044
11798
3096
1775
6576
16329
45921
1072
19221
22170
10979
1934
237
7229
2826
11739
18181
20079
2902
9125
3186
19482
26599
5414
12954
32077
11938
2022
53292
7678
5134
6973
25532
7300
207
20441
15810
5539
20246
19147
1118
30439
14676
6348
18604
8289
14494
3037
5649
10662
18319
19412
5997
21213
2653
7207
23898
39269
16087
10
20299
26219
37035
40336
4911
2597
38649
12200
43297
4600
13595
18947
6160
32187
24932
1224
4135
18426
33244
8655
6804
20553
53558
8810
19550
13785
11296
21928
1635
2513
1773
36
13300
5992
22505
7996
17506
5575
4905
10056
28748
7066
31220
29543
17130
5065
15398
39523
30223
6373
16432
6341
532
20763
14982
14139
21338
5676
39105
39159
31614
10210
51858
8491
32797
11616
3941
1746
6110
17612
12553
12552
34154
13205
7922
5790
19586
18
24306
32302
19658
4935
34226
8320
26007
24677
18816
12133
13734
6794
7082
15055
20522
8111
11350
22386
1440
11518
1514
638
26991
33042
38371
1947
1725
558
45976
5671
3277
14310
11483
5419
27833
3548
1004
23642
26388
13187
45340
16865
8607
19038
25294
6510
5833
10602
2049
26722
32502
13202
8946
4719
43828
13635
1640
20331
31029
42622
5915
32442
35030
5484
333
3507
4715
1128
8117
21874
829
43564
1312
18867
11484
37460
8117
10023
26971
367
14461
28699
13115
11862
38582
29260
31840
11011
23895
9395
4673
3151
795
6743
14729
10626
2802
4330
21803
5824
11859
8932
3
7098
42389
15454
41204
4710
58547
11944
14234
50653
4080
39577
7745
10200
27821
17372
44565
18468
16710
11904
40560
52735
35467
14052
16283
47160
4714
6408
109
5213
44776
581
1270
4570
56532
32297
6469
46687
25291
6631
17653
14245
15900
29979
4521
11599
33689
13318
38791
42505
14275
12511
24648
4023
17480
14533
8284
3725
52418
6007
3028
1580
8783
2295
1566
36235
28245
21678
42778
21993
15637
10198
492
7409
10773
15250
6439
5590
30113
27540
56290
43836
21003
23151
54512
18731
341
12052
23844
36775
33918
6668
25342
27521
7191
13125
48091
12564
25224
1318
26385
2210
7485
41028
18883
8449
15508
32690
15612
5872
107
4731
29670
21
15769
11347
1210
13934
13492
4886
45503
8369
3477
2034
37469
3072
6807
290
5760
7452
8802
1390
2915
24544
32707
12100
1757
5782
25230
41285
8793
2642
6148
10935
343
542
9642
16835
46639
693
6374
1358
39831
3629
26885
57350
26052
7657
42217
7234
24261
33850
5646
2278
30059
54281
2560
7785
23184
8906
25451
2098
13171
42125
12149
2635
12456
7166
9588
1875
17421
26631
21513
3290
31547
6877
2733
54154
11203
20877
9968
15878
8340
8914
19179
2999
1040
29162
2562
18208
35411
4734
28660
853
1048
25307
4992
35172
37903
20640
11568
24140
6287
12130
3
24237
9158
672
7605
5984
5055
46393
10198
1524
1226
249
16828
24605
2057
3847
1513
23156
6559
6862
4768
6062
21178
38124
28165
54877
28198
12755
3498
14848
24235
6196
15331
7524
13682
8445
3493
28727
18998
7761
56645
14554
2260
40981
11716
6766
1101
14040
2605
28382
4251
28385
16639
10779
39136
18602
2609
1438
10023
30176
14076
4063
4334
11665
21
4080
2629
50637
35874
5159
34382
2694
215
4425
17694
21179
30804
6407
26368
10269
8599
18977
2362
6147
4218
12986
22028
423
6110
153
3128
53455
7569
3123
6258
1983
26902
17010
12969
240
36835
10557
4084
1720
12649
26405
5926
31333
29597
12075
475
22776
7586
7441
2179
7466
644
6468
17649
112
1570
19600
1166
14320
40743
2995
9948
22394
35403
34472
4285
5785
25664
10873
14578
24693
3702
3637
30504
12519
1294
33269
5354
27623
10789
14749
22549
15195
17828
6751
13323
20944
17947
44424
10056
23580
12559
3657
48395
18096
1816
14342
7968
26431
5182
25696
3865
5307
1131
462
49397
6303
19093
109
29357
41272
28604
33253
12503
14320
32251
3240
3401
7667
27922
6587
3538
5331
18681
29062
3449
3333
4316
1203
15966
445
7680
18307
44465
48114
23014
23789
34769
4276
25770
38750
9251
20645
1758
20250
5099
2838
1064
25107
3005
3850
6961
698
16876
4910
2306
10265
18330
36113
13847
11013
23536
16157
17251
184
960
5155
19749
29901
2334
31482
26381
55079
1181
32625
8105
1052
14988
4363
1
1612
7054
22485
7747
13201
10038
35590
2597
8351
4723
11546
6778
20176
11160
24646
8251
16228
51021
22326
2956
2113
3668
25955
6068
17285
33481
26604
34643
7410
420
11024
4504
26589
2924
6321
9516
21540
1304
45813
12534
30482
9273
6
18333
15305
9901
48463
53420
1020
3
760
4440
24803
23078
16017
46668
23723
17093
934
5314
5227
23925
13621
4676
18031
6785
44234
13392
2366
17142
26165
5637
29137
23157
4385
651
1503
33090
4059
8976
5645
34429
963
9734
6238
18
28125
1726
13801
44348
17054
16468
26593
41070
28541
1476
18023
8508
666
1812
11226
7488
25266
11215
9803
27851
171
45662
12874
8696
6538
995
29105
7013
58
1356
7275
22361
8872
18826
19245
258
26805
6447
4303
54786
17593
21446
32063
16156
7430
31766
1837
26
19735
2102
821
9044
27444
36520
16425
52628
13216
14553
4646
31433
24324
13545
14931
6693
2060
3298
482
1476
5921
11902
23447
5936
36803
23832
18479
15356
5846
6963
11356
31936
6456
2779
26763
11299
13328
13
24599
20640
3135
1884
15390
5933
1559
2609
6
32982
46935
11120
22757
10109
34891
10606
2891
9683
10393
4994
43797
6789
12979
7370
27466
5432
5408
1160
1854
20070
1050
35090
41004
13323
4339
4215
17014
8258
1920
6042
19801
27011
19149
7886
3209
28087
15766
29240
15242
39543
641
54063
49650
57074
1861
11918
32102
17124
11966
27992
3887
16206
12897
2510
25924
7886
4208
55990
18337
2025
16685
39567
8177
11717
2115
9296
12780
2603
6274
2025
23748
19301
1
23919
19226
7446
21206
16512
2862
8656
24102
13199
5687
7136
10713
10371
11989
2631
13423
255
54387
3238
29926
40117
12936
4422
5583
31493
9964
18767
24061
20169
47233
3692
30968
13757
12948
27734
26555
26052
44837
22890
11049
5657
34112
4714
20705
3073
18353
17254
1163
18481
22446
1915
24789
11801
31544
40153
19804
2
49733
4849
2677
20799
17830
27481
49116
9065
2243
7201
18598
457
424
4193
4
30594
10828
9060
3440
28699
59
8413
2803
9084
52674
571
10016
8576
10324
53246
9801
36237
14316
3259
10570
41639
17640
9497
23587
1
42845
50803
54245
8681
1258
1284
20
44479
7292
7042
35789
7295
30
28419
18428
9840
40708
6680
12840
4699
19383
1
22236
15928
48100
5515
488
14648
3828
38881
8684
30842
5164
19138
35408
13360
16020
23965
39169
1506
16187
19337
43303
35327
3142
1261
1823
20318
13348
12930
5061
6538
32161
7539
15038
3442
55839
22671
48325
13421
39930
727
14962
10
50554
3588
4381
36149
2665
38752
18044
21539
34766
2817
17691
32323
837
11377
3331
28791
20728
458
333
38644
11942
30508
6229
25727
46509
7300
33322
3542
11378
12742
25573
11445
26180
43987
2324
15201
20704
11852
1020
8141
7367
39180
8086
27786
5650
4229
26963
9373
41354
8243
5398
28633
3585
30316
16424
9997
14979
2031
42138
13600
23364
7073
27132
838
22895
53576
35635
40125
2152
1181
2558
5280
11584
4349
53173
10715
45016
9232
6813
20140
29821
4520
9484
2
19325
8033
20252
5410
24626
549
4119
19345
4752
17213
42673
32805
4653
719
7735
1345
2279
11269
6916
2675
9830
279
14013
2627
9968
4683
2443
12487
5616
6528
31737
4098
933
24809
3406
1
5034
6068
4971
31593
25938
610
13887
20720
30326
2612
35814
12408
8235
1836
4608
2982
27810
47108
9821
6617
23973
1488
183
25632
26238
16138
14435
7807
26874
9006
34321
17545
18991
32493
4637
27949
262
767
11892
14232
27445
32070
11372
4380
25295
42073
23239
1203
37854
2387
7020
1
5431
1976
11644
2629
757
659
5672
10333
19868
5142
41058
5059
1408
22408
6832
1473
16248
1306
182
36787
744
2364
38623
23343
11701
28713
1580
38387
2366
11811
4376
14685
22249
10158
13883
6387
4655
50783
5963
26930
51747
19699
23617
43312
5222
28300
2958
33884
28472
41964
3236
4282
9640
4077
16805
24078
23803
36066
15247
12350
19567
1613
18363
32127
32404
3814
18505
10175
28721
23077
6060
24379
26662
39246
1338
4239
1241
477
11553
32365
236
35676
28842
35642
38467
9192
9453
8642
2772
27904
4075
26875
22732
30674
1025
26898
4036
34913
4455
1089
19790
12595
1571
50233
14280
17300
12573
30593
3435
20470
22417
3549
825
18192
46218
1592
11269
22566
21203
7427
14739
13481
33447
38504
28232
57396
764
1171
376
20663
4612
4604
2460
26225
6576
6569
10698
12050
20498
10217
2928
1901
1579
1704
773
2198
2046
4994
40903
21787
42525
16219
26234
11072
14310
5389
11343
29103
26241
9972
390
33363
13592
2586
6522
22165
3460
1002
1408
20875
13090
31235
27048
26737
14621
5526
6943
25267
45335
26224
10188
10351
38642
3212
5689
18327
173
1611
18198
35980
47711
33396
11465
3643
19884
351
3840
40237
14269
8118
10305
13152
3832
31627
32817
1014
18785
44
45478
7688
26899
30070
13897
3
7584
26407
34981
20525
36542
43415
12725
7240
9563
8981
27438
3085
2610
3747
11146
750
19398
27367
8539
3
203
24261
43912
16913
46563
9695
13981
2
614
11334
4916
18228
1547
24344
18914
869
37587
41860
43836
48115
9439
28540
28709
3440
10142
5681
8708
32302
39059
11457
7929
13243
30893
5680
39678
26832
17595
24354
3018
22938
7969
32222
16151
6389
26350
4786
7176
20420
8693
1375
12441
5024
2413
2868
25599
36755
1603
1928
7354
910
43469
34343
67
1869
22018
33313
17095
304
986
2582
39074
1279
11806
12111
2990
33533
3913
385
27412
2674
4162
3109
3839
13926
6803
17094
34536
33287
28520
25643
3866
37367
42734
963
7197
15688
21735
24593
17988
30090
6500
4072
2200
21351
22703
39308
12599
5716
7876
17191
3290
5364
5436
2720
41566
12215
8043
38528
17209
6232
332
18503
10618
15001
16079
46427
13032
14094
5781
23917
7196
9339
25327
1905
317
16761
30852
23077
4401
9748
25816
46448
18802
45321
1165
5675
15691
8902
28048
1476
44907
38720
6576
1579
36199
443
21880
6249
15945
31280
2112
10291
156
3686
482
19438
46515
1932
740
5603
5960
15531
37777
7643
37980
7409
13783
8740
2747
35077
259
17933
212
15691
34292
30309
24810
15944
1866
6562
9214
7732
1506
2054
12149
16800
33898
1418
1945
2026
14247
17428
7523
19777
10166
9307
1
8333
15928
35976
18473
16276
2250
7614
4150
17278
8700
21651
1124
6443
10540
26701
2639
11678
2548
3283
25691
47308
1326
13264
23969
34098
5658
8088
202
10131
1318
5872
15409
13079
223
34680
5964
9465
20500
8667
32287
11
9841
2726
28691
7504
12901
4948
6151
13014
28353
5
14343
31342
25374
28098
32832
2960
27
12658
336
47424
50703
41790
12478
696
10443
4737
12462
10714
12142
40872
147
16847
38121
16519
19225
12697
580
10842
772
542
11483
5340
16279
19219
6545
22951
22
49247
4463
22748
8391
10977
6144
13882
5112
1587
36138
1161
19840
19427
166
26378
37617
18
30833
5780
5867
16311
13237
18307
15290
3469
12476
9160
443
18304
5820
35614
12602
8706
2073
21974
11836
4323
11650
13679
8636
1778
22171
2970
5641
10731
213
12619
38200
9510
730
14126
17222
2396
45353
13788
10205
6574
4919
7756
21583
12861
4762
36808
715
23807
3225
36558
3787
174
4184
7347
499
1831
32133
11774
5596
6054
13626
12678
17873
27203
1775
22378
24868
36693
30374
38895
2907
1878
5953
6729
5161
31135
30852
30473
12408
522
1772
10726
6706
3246
16853
7653
27275
28478
22618
18416
20393
16328
45798
17604
3303
7658
42853
2600
7016
29689
5646
4092
34414
25266
7104
24146
6856
13721
35539
286
887
21984
12967
20114
5012
10237
9019
4063
16470
2171
30972
18401
13602
5533
5281
24058
2019
52812
30977
6950
7020
681
14547
3838
26068
2479
29638
23085
6692
1776
24729
2966
13403
13364
105
10485
4805
52962
16716
30072
28579
918
2684
1691
15704
16376
13119
15385
466
20260
3701
1033
9161
14985
30247
9026
11221
8059
20230
25045
1250
11566
31062
7138
2735
8130
1674
8
2894
37777
21048
8788
15591
294
9575
28878
7462
1085
19398
139
8963
18872
738
17247
834
15001
12532
2271
20003
1519
21866
32243
37260
3065
8147
2740
2857
30997
13989
23716
30051
16726
25389
36039
9472
17576
8675
8434
22188
46751
9294
13437
6318
5967
12243
3666
4085
1124
50257
840
332
5805
14350
10795
24006
717
55133
15796
8551
14
19415
13321
17984
1890
12032
279
15630
8161
12245
10240
11819
34519
26804
1996
17726
25824
35626
1587
10007
6932
16368
43060
45936
5361
27994
5
7166
1466
18909
10617
7484
43840
18784
21014
12486
27473
31084
51023
3884
4550
6536
2612
8968
10353
18389
708
535
11514
59216
800
4444
3815
13939
8957
4223
4126
12612
7182
28617
3701
40223
6828
2191
19033
3099
31736
21330
9034
20811
14496
6618
14071
45973
25759
1499
7674
11395
2215
4820
735
26206
20286
9515
2467
12428
46551
29934
35978
2137
16828
19720
2498
30714
21244
3421
6461
23316
3821
7938
40224
50701
5960
2192
9661
1599
18881
12666
2770
8972
7442
36957
2221
25995
8907
9272
5465
10244
514
20598
24551
28550
23969
4934
23186
11883
15403
10570
7429
32037
10247
4463
4550
10774
19563
26322
2112
22043
16516
12535
5768
29112
15507
8106
18233
539
4594
567
7902
35383
4937
37149
2868
39311
11589
31152
482
9
12135
54659
2661
36986
5727
24729
29443
46220
2868
28102
13983
2745
10458
13814
2918
32679
2
14526
5352
5450
16634
1147
1281
8498
32897
1633
12913
29297
427
21362
1917
1772
9177
43017
2655
9044
1934
46649
51370
27336
6803
2628
36653
9797
1541
1838
1211
6835
34065
16157
51110
2
1189
12460
3080
23616
18232
10534
1070
11840
534
315
12670
16103
54199
1127
445
19243
24733
36015
31331
2956
6864
24065
27006
1571
1826
34194
2466
5439
7282
22261
17457
19821
5791
124
5716
2430
24471
1876
14654
4464
35887
7889
16686
13580
706
51524
36852
51458
7004
90
19234
13289
32730
2531
19919
46897
18466
35034
1440
387
21565
26710
53038
11951
1522
18688
6372
7619
663
4076
44803
3433
19979
48410
24199
25008
45652
19050
1863
13140
3755
16698
54187
10895
5983
19824
3737
28670
9019
8235
16694
21278
3893
10191
17489
2282
253
29975
2095
42721
17633
5934
9041
35065
33221
41738
11848
17606
20889
18567
4768
44397
6608
17671
45904
4767
26771
12130
46326
12305
28134
4240
747
1334
1762
19248
954
34987
5184
4669
8478
36669
3457
184
993
6349
970
1089
28081
10918
3508
6916
8635
13777
414
10412
11480
5397
9364
15176
2551
12825
24884
8048
13112
27494
29062
5036
1216
18280
4455
8958
4987
20655
23494
4516
30025
4517
40085
20691
27401
19208
5094
9308
32009
1458
14162
19167
4179
2550
5922
1850
17712
3192
2706
390
2104
12430
21485
6479
1031
42636
10234
16787
1846
2174
3100
36906
5592
21576
19791
3218
34873
4552
10544
29537
28635
13187
2284
4848
31058
16534
45067
20605
1075
3205
1877
11253
2554
7577
6611
7327
11438
14588
1818
16715
51058
17165
43193
9884
17054
2014
43680
767
47207
19072
15585
37131
19007
13628
58348
593
18724
4255
7617
1888
42273
20796
7663
2938
11712
3508
33742
14298
4875
31438
655
2417
12034
20994
24535
15011
273
15533
2727
19828
36768
28024
1119
36654
44136
13735
778
11653
5143
22146
6795
15113
18878
20020
47122
37
3929
192
26686
2023
10178
11
30054
10018
18814
41975
40498
50121
47557
55025
6050
25685
11685
7
2003
3991
10161
22544
2
16959
2705
33421
14493
10598
18286
4326
19693
39066
39942
21243
16680
10079
34905
17165
26143
14667
24517
1751
18847
11935
833
201
47285
11032
26499
7108
45355
2222
3582
2336
10439
9718
37479
1660
21157
11005
13199
9129
17053
6574
2286
17199
15797
27635
24070
7522
37897
2
7599
13928
421
23078
2056
32318
5350
32845
11625
1
12070
11
19516
5478
8565
8092
938
42077
31674
3547
14115
680
156
238
31925
651
11225
986
15226
888
8632
31492
53165
6145
40383
5002
2782
9426
28365
56002
2355
7419
33652
29729
7920
20327
28779
32193
32185
13062
1043
814
391
35958
1654
12040
4837
26951
41405
20135
8119
5375
25275
3364
2196
23581
29772
5309
6971
20495
4046
17667
26772
15061
309
3837
35197
2882
7076
24354
2968
1508
11298
37238
24975
8823
3472
23423
3435
27829
11169
3166
45316
42921
686
47444
9508
7343
23811
10943
40080
6419
30845
21506
4861
1171
1504
12536
34409
26116
18487
4345
11680
4059
20173
39109
1802
44461
22514
3097
38
47037
1938
22007
10540
2446
33220
33798
3962
7488
19604
18431
16604
3981
14413
1883
27839
7023
29095
7276
46182
42112
7335
18696
4031
4163
23144
2262
5510
5033
474
31816
20444
35268
5080
43728
10371
13226
384
17477
550
14626
12552
14011
340
7174
5501
2840
8071
25506
573
6849
5140
6338
472
3
709
3154
50617
1557
20399
385
12854
8010
1611
29358
752
19893
3167
17593
49755
18432
19
1219
9287
17827
42524
896
12938
17354
9811
20462
11884
26992
12357
24072
7207
10639
20149
15686
35591
29558
9715
16692
31882
15594
4031
1303
26745
12992
8501
23781
2349
28505
46871
42038
874
26900
1228
1636
7788
30017
977
31926
2478
9090
4309
24744
23192
15153
1301
13708
10621
12708
33484
6025
12962
26332
38150
4863
19677
521
5
8338
4274
33693
24499
10828
24440
5108
10200
39396
393
12873
49855
11612
3755
10524
41668
14587
306
23281
5333
51951
10700
19393
20550
2577
3250
210
5127
12167
2970
1860
31265
4734
32212
27681
8918
9633
981
32000
7343
24017
34586
4443
15869
2980
8784
17139
28340
487
37746
3571
7376
31888
37317
11019
16319
197
12951
27984
8328
2401
11980
2788
30488
34071
5558
50964
50558
8698
31815
18082
3693
802
25239
5859
18077
4228
18267
27346
521
34410
22795
2859
16314
4290
3457
8812
22670
43513
3515
5433
5869
8842
21878
599
28387
214
49138
22776
1671
4987
23800
29791
12333
11815
4488
51812
1755
3449
324
12384
37396
10143
27444
8288
1804
6367
34830
8330
10987
9090
1983
23705
11331
39998
48708
41709
1929
384
19362
11455
1797
24670
25553
11393
4236
19148
30376
1091
5634
6645
31847
15736
7050
22919
8908
12577
15620
37752
18206
760
4593
7067
2
50417
478
48564
6253
4182
47417
51266
14080
37611
11582
17486
24495
2725
942
10833
19368
17361
11285
28274
27960
37866
1643
6101
6974
23180
4616
36099
1
18080
28997
42997
8121
7274
6343
972
10911
30069
4899
5162
3165
37579
15530
8552
8863
2098
5298
3619
50251
3723
23472
16728
18230
390
20933
53640
18859
3273
9984
14444
1566
665
48872
1806
31169
27894
14447
15130
958
44504
17815
5232
2480
3935
16673
35453
452
35400
15185
41993
1571
29330
2514
6967
48983
45361
13461
24408
2295
13266
10235
16031
1567
25874
32921
17187
7878
17575
1248
8208
9959
36873
87
23950
14035
18470
27099
36462
9436
9446
54123
33094
35775
1487
15270
4163
3
2
3423
37405
47
21252
2149
38931
26827
18820
12919
15829
52988
10351
35101
12220
40790
22119
32392
919
853
37097
13583
6362
8608
44329
7849
9160
3015
123
2402
48121
18675
18886
663
24127
32468
2372
15
6941
10435
14282
17230
5975
10492
37417
5546
22689
6148
29547
11076
26166
2976
4069
23374
4681
13506
21020
13485
10
41469
518
3853
16986
20488
17562
13812
18031
29581
12792
238
17909
51064
11172
2728
7687
20898
38637
2221
22493
6463
602
13257
4465
498
17012
9250
5979
22329
5874
16952
21170
177
1727
33398
8726
1140
26625
8306
19396
36344
14029
5558
16702
13572
20345
20839
24615
11516
3859
6802
28968
2569
15727
24572
30868
8528
753
25436
15584
930
12179
1507
16700
26438
1087
6997
15630
179
22409
1654
29545
19218
6428
54947
38710
36879
34738
1437
10350
9294
604
43035
14227
14063
12257
28918
44372
12570
29267
20137
1749
21227
13464
7198
16
1865
20855
24444
1144
6961
300
21739
10547
2554
14971
23429
12592
6281
4591
20750
10706
187
50997
4199
30999
21904
14293
5272
6374
8328
22692
2464
3
28294
19081
33384
36788
14988
1690
9995
12017
7133
40514
38490
21372
32753
5023
35022
13405
15966
14975
19063
21762
29387
6679
17081
29764
14193
3619
1
1839
9280
50164
18012
47235
13947
24519
23387
7141
4415
12139
12616
14226
7266
21203
1644
10401
20290
742
4979
2912
14885
39324
41461
4417
4264
3640
27896
10973
21610
44602
6932
4152
2389
1924
2764
8646
3922
8401
12077
16279
8398
48772
6582
18103
9798
18
10564
8381
7638
3746
14426
29992
1856
19035
31484
13650
5051
2543
4931
15820
27743
5875
10868
7672
3815
9504
13726
28371
2008
16890
4180
31033
779
4598
342
34005
7625
13073
6813
7761
3850
19217
34654
5174
7953
27264
557
1854
49231
11377
3765
20406
286
5191
8387
3178
17968
14930
10969
11980
3361
7150
18705
16372
8756
986
415
46737
15529
28037
2092
52551
23084
6203
2964
8507
1817
14759
5640
4532
28927
3
31402
1667
16975
656
6987
10621
3283
19178
6002
6227
11982
175
22892
22692
1814
21915
14099
40425
20321
40647
1
7749
29997
3918
21523
29673
35665
17609
10613
8697
37018
7837
20614
25653
18015
4273
5343
25308
3431
736
32392
20742
26363
6559
33354
985
6127
19697
5099
6052
11437
5468
3373
14342
8485
5923
1396
47684
6648
6157
492
3411
10900
6641
3828
22032
6763
3044
34331
31450
35
10463
32747
7041
1105
33903
29091
2570
2019
695
22476
51255
2
23610
3857
2818
9507
17146
13192
24466
2243
19926
10184
39105
12659
29993
58999
13134
29211
476
34539
53587
18186
6960
9294
12796
12710
221
318
8137
31572
13239
4824
10727
50090
10089
5019
10090
7578
17580
870
6816
16975
5893
37568
34984
29491
3345
6507
17465
6900
10199
11053
3495
14754
21671
17209
20625
926
22432
40846
22836
15127
2
398
759
1218
1426
12232
2
6059
40812
4135
33700
25996
2066
457
12796
22296
1358
14389
25378
1327
2114
1171
33413
3015
10555
1943
38876
11027
2830
5235
6459
1850
5310
31503
26145
14863
1216
5531
15227
32482
570
10881
12027
32631
42700
4192
1867
6762
1036
11513
20547
6065
12815
782
339
1087
11703
8611
20607
9904
35640
35717
34403
33853
1446
24196
6252
21222
2447
27938
61324
21395
9640
10411
16802
6366
357
38528
12310
16880
56551
6458
19276
37168
39411
7944
26184
30655
3611
6496
39100
45852
14314
34822
32886
21389
8617
28084
17301
1804
1062
11388
50541
24138
16546
3248
20404
31244
42851
17307
43476
23353
15144
8706
4520
24185
46097
5575
8448
35640
5764
7611
14998
2644
17469
830
7200
16109
33284
13239
10192
40598
9821
4402
12367
13059
34438
593
26472
4425
27921
4254
13131
7815
33263
17921
5192
2535
8761
2278
31300
5316
11
20994
33292
39320
114
6571
3234
737
8156
2916
13666
769
30680
3937
36446
20632
590
14643
12988
7629
442
5944
57058
23610
6593
30718
4072
11545
9765
33785
3293
10544
43313
11374
15905
22865
20307
9654
1305
3537
23781
1708
17796
10
987
9381
30452
7839
2429
39041
14264
8419
11
1445
23141
2298
9594
894
17221
13807
2895
31186
5309
10652
9681
1485
13114
10718
4265
5688
8501
20458
38521
13919
17937
25348
32523
4374
796
167
46550
40208
12003
900
25497
12641
43230
7821
18538
4994
5811
5950
17440
29971
18163
16331
19260
19625
7011
13349
25857
42531
26760
7445
1253
6245
39655
6255
2933
4822
22445
4175
41618
25308
32127
14565
1367
4899
53494
21622
2414
3
2836
45372
21221
11804
43663
271
14166
29051
8752
44286
17138
2065
2158
43910
13366
1298
33232
52362
13719
19323
29562
5549
29052
19085
34584
8914
27824
11
44752
35730
20883
7868
12715
449
21871
1518
11795
52224
16990
3023
5170
19228
2280
272
26460
1758
5788
311
38530
52849
8815
672
2603
18
1310
5834
7389
42450
11498
76
1966
29262
31166
42127
6495
21843
6100
530
31713
33961
2497
2213
1064
12144
3813
16255
14187
26129
15084
18817
438
37370
11535
44972
16599
4946
23171
24216
30465
21791
2445
1750
3671
20632
1
29485
7271
8868
13282
6614
1377
198
8103
9491
20479
1162
14160
11021
4502
4484
13448
1200
25490
5094
35252
8187
2127
25996
38544
45124
18871
13584
17104
23675
40043
38787
36929
24893
3932
3506
30186
1969
24363
8382
18241
2482
739
8620
1081
19731
17747
2328
19935
4249
24953
5644
30213
10842
22799
6965
10046
16323
6654
2060
22586
41868
10309
43738
19077
44096
19276
16160
1292
3793
26313
48596
22515
16667
715
18024
9529
5449
318
31983
23262
38661
15676
16720
1083
9830
30450
7134
1063
7353
44582
18163
22246
57136
6157
14214
23422
11101
52758
6300
5046
392
10058
8901
650
496
20119
6337
4
6255
5964
1040
10524
5821
5348
12394
2988
33318
18619
14391
23886
13756
5989
24228
57950
8725
26983
11420
1812
3629
32796
5197
44981
25915
18394
8971
15914
6193
50453
11067
31696
14553
875
208
12863
22216
496
8901
28425
628
8908
802
16444
9218
34658
2742
6859
487
19836
223
2340
14799
51360
407
18133
1288
5689
18598
2264
14364
19340
30351
20090
5159
7303
17092
7217
11699
12716
38086
7605
13463
2247
12680
778
21835
4559
8077
39016
11097
14211
6941
33107
22659
33692
30236
2134
9042
22568
22974
4099
959
15476
39490
37536
25439
15832
16397
3494
29918
10067
53852
2339
958
15883
19106
17849
2704
20470
13552
9510
4739
6400
34681
36037
23269
14147
7461
43059
12189
13129
3798
32361
5613
731
15102
4156
7
559
2635
1860
28092
270
4604
10097
35259
36638
13217
4378
18272
26211
24649
19649
6263
8234
5938
28887
11229
5172
53
4189
46718
23792
25112
12809
29764
6293
3454
6133
505
7429
4440
4978
12089
908
1214
47543
37511
21920
50892
18505
21381
13386
19859
20215
8654
3876
17182
10929
40962
6592
31257
10452
8491
53638
51187
3314
8111
11494
8295
21515
1322
43312
7161
21994
1026
7256
6981
46567
1660
5701
6964
3043
14803
7640
19982
2105
4109
33446
20153
29569
4896
6623
6495
18963
34426
1980
36909
8549
9911
15580
5979
11748
36682
12461
47925
2
16040
709
3440
29288
24821
15525
746
2370
20735
32011
11283
5045
33227
5382
26520
14511
13016
2757
848
46577
30603
5367
2590
27193
5928
1078
19711
10313
15917
1959
20042
8547
27674
23132
36838
23262
2759
42996
19863
23046
9351
25906
16808
3245
1009
10004
426
44037
1702
13283
55523
21200
16833
13789
689
14628
20341
2386
19173
965
49853
11869
15426
37818
22098
836
501
11566
6093
3810
7516
7154
36815
21352
4015
21320
46136
13172
5174
23962
1451
24017
5973
14
6219
24460
38741
22348
1838
35363
9908
6677
23613
21586
6621
37521
9429
369
36756
5183
981
9680
16576
7900
18580
29224
4924
328
2557
25845
6993
57721
1487
2601
14052
26401
1238
4811
2010
18169
1
1292
13492
6002
15579
2533
7995
2214
3681
7005
4223
1259
789
3771
704
4162
44029
498
21828
1560
21191
15078
30758
5298
12281
4279
7651
29545
9133
15594
20098
2914
45743
254
14026
24591
24981
16398
23300
20186
8384
5944
8845
13322
4094
6075
26533
12036
793
12167
5949
33740
27165
11685
20605
8365
11278
25971
20770
6590
28315
45816
4915
36575
12773
4309
3419
5570
24591
20415
12225
24621
2603
42488
898
38385
13442
21284
21436
6422
378
34929
4542
5689
30794
23949
38601
1771
1582
12334
4761
41174
37099
11008
4069
29569
40025
14987
12725
603
25538
11300
12032
11824
4325
6293
40395
449
5751
35049
5
809
6597
26791
12493
19397
97
1017
35722
37139
30283
30076
21908
30038
2245
35489
13287
4094
1024
30620
12725
8474
597
26917
9818
23627
13125
18069
9137
4194
3098
44791
1520
8514
6381
13136
39819
39833
343
1941
34495
32167
2076
4401
9395
12702
401
40768
9673
45612
1385
3711
22947
2120
10126
20015
204
34923
22726
17211
617
14549
1
3920
10595
2
23293
15501
24810
20058
1410
25802
24855
7599
22564
28750
36577
1756
13924
35373
6443
16515
150
11148
32371
48674
53549
19299
5017
825
33834
16473
10104
30888
5190
8891
7755
5
1080
5307
46109
2426
42838
11197
34570
7948
1207
12926
57
7320
5446
41661
4573
46580
23697
3029
4295
823
21263
731
1
6828
17171
9716
1351
34674
46652
9634
14952
10439
32455
24049
31971
12530
6099
46126
34314
8753
29922
33628
2853
6935
42223
4243
32957
9453
11157
14
6864
2641
1769
6665
14793
15279
46759
9606
23748
4627
1176
4152
1868
16554
5075
10527
22440
234
4514
34579
32835
3106
6124
26281
15142
13153
713
28475
5133
18
3130
10434
3971
14078
44307
20862
49853
32124
632
18400
43617
9470
4277
5060
13764
10008
30311
19143
10017
4307
8650
26301
10752
8978
26587
26652
1892
10128
15076
29632
7430
2082
5887
5850
4770
49396
12389
1718
9564
17403
22241
11699
34371
52180
670
13677
39913
3728
12382
10675
5790
23221
9034
6055
9710
2007
44791
932
21501
4910
11363
4316
421
3989
4652
15368
21764
21499
1489
2177
17336
6732
20825
38947
23448
1824
4679
21337
2794
10467
32906
741
458
2805
1
1
1194
6323
13484
10709
14892
23490
604
1287
2470
24206
1491
43367
3
13572
9885
853
10735
27617
10815
6984
2870
15297
15008
38253
5948
6005
13447
1371
7711
7355
2384
3569
16394
306
34351
2909
16331
15869
20871
3741
17585
30502
45729
6325
8184
44151
19220
2
1550
8470
1104
17457
20107
23734
2543
19339
372
11628
32097
35129
39179
22039
24968
38070
530
41439
17772
21395
6015
2043
33719
9112
5762
12423
9518
58637
3936
14189
2619
5860
13118
1122
11866
1681
19609
8776
19768
7641
29
21488
12746
1969
2989
22817
7590
8336
2938
12520
15009
9439
31753
15462
7903
38302
16392
36918
3524
10213
454
499
42679
14239
11974
35529
20846
11837
17781
5537
3347
11889
43043
31784
4378
3708
1659
29644
1269
837
6233
5113
8311
53244
23716
26370
1529
31623
11635
7503
10568
11020
14733
20923
58
8609
1634
23981
54669
2978
24209
1871
17784
1868
33083
10889
13028
3941
14918
8333
17201
535
7087
7480
6491
32664
8269
2310
8917
10871
12350
24857
4301
5570
11701
10126
1288
16481
6619
9023
12840
6864
14737
22125
7487
27095
19522
92
31358
14877
18889
11814
11991
10646
32554
11556
32892
7351
9574
39049
32996
14838
1256
542
25030
309
1305
11937
1114
16491
45514
157
11477
17505
11469
19045
9714
1594
525
1614
4590
2975
29663
18084
5328
4226
29776
24096
16942
4971
38839
41638
3494
30845
9870
1615
36668
3126
5603
4306
3552
29269
241
32964
30339
43592
9705
6110
14247
2
11221
22664
8947
25250
5760
1046
3662
48204
34898
3861
7667
1934
1442
15885
7275
16931
30363
14147
26333
60664
47876
33178
3181
28889
3475
5689
6417
48086
6955
30343
4374
45348
29928
30520
3266
5603
31247
3582
38229
30672
6
55387
5120
49939
19524
7611
37317
22056
12664
24294
42774
46345
4
15390
5269
1285
8836
27407
2643
1
19569
3998
10006
51332
34535
2978
7114
8
3558
4306
17797
3134
41362
37125
3438
632
4228
19521
4158
42961
15654
2736
195
40489
6935
28871
33503
14438
23754
17338
19367
1
3463
23811
304
22577
1683
40365
1126
515
35230
2254
16597
9374
19682
39547
2489
1027
42100
988
9421
3326
1220
43769
14056
12953
1817
1995
3987
5264
3615
2849
7535
2
44641
2638
35351
5122
41307
9034
27053
2465
2887
445
35788
42154
43267
31240
10701
37370
7355
20261
13683
1137
12345
37034
7465
2107
3263
34181
417
227
2738
2135
2476
3392
6309
34406
32112
15991
8103
7157
2726
5906
3
1674
3333
25388
44202
25808
20894
19999
10300
22098
12460
39827
4803
31794
6
16313
54183
21012
32849
14345
11808
51037
1449
10074
3318
34436
3505
38496
16865
2120
478
27153
2927
28741
23440
25707
21615
29994
768
11900
31615
15370
54225
40756
957
18775
48391
9362
6063
1173
9792
13032
27062
6409
2618
9905
2768
30797
1048
19598
16617
5719
57806
656
22762
608
22438
2146
6309
1778
20163
4480
41918
9602
19473
28264
675
25453
20555
2746
16390
15651
2563
8302
3569
1094
10119
55399
10521
12111
754
6620
10253
12903
7534
3275
44163
13198
15041
38468
11369
3767
2412
331
39767
15205
35106
43717
11321
36660
17679
13764
753
1068
34415
19557
17376
42974
17345
14522
16427
25355
23201
4
2754
32683
18866
19415
40937
4898
2207
41725
979
21758
14183
172
13975
2813
12995
7920
19615
615
15412
6766
39779
42733
28716
5238
21644
3054
3460
21215
2397
21395
19748
38227
13019
16870
1885
577
1482
857
6815
2380
15831
5797
9125
46360
25049
8074
13210
21126
1093
16756
9215
30056
8396
691
20211
5725
20272
4100
27310
2821
7626
9362
6416
23970
2143
1218
27532
21040
2529
22805
21133
13907
14599
15495
608
815
42016
11395
13168
38819
23535
7535
896
33873
7092
6393
7475
50450
14561
601
38087
5665
4823
9115
4812
8979
7976
18014
14809
51029
27869
381
5939
4634
1706
15876
35764
7187
1198
1317
4356
31402
3689
11932
25818
3140
29816
8469
4726
6052
3477
23404
12059
13036
22255
6662
22500
24444
8216
4497
11271
21283
10416
13984
438
19881
24921
10383
6482
29082
21494
39028
26574
19866
6454
695
515
54837
5709
172
5305
733
751
18991
19457
18013
20636
12063
2756
1689
4553
58457
7131
306
6365
940
713
8838
13238
411
1609
10890
24094
2005
18143
9197
6223
18396
16579
19353
5401
25358
37312
2156
6023
22538
42932
10029
3891
3746
4330
12035
10630
11148
29575
2456
21537
11455
3946
50720
8660
4883
2917
32556
4358
1335
13292
16921
2
1078
29969
49118
6067
850
5930
40756
8867
6443
21604
2957
10514
323
22948
2185
8391
20380
3527
4798
37252
2754
20353
6498
23227
3383
18931
14828
973
4601
26610
2520
22884
1885
6671
13028
1534
8751
13320
10174
2346
2802
2238
40896
6452
2518
37829
9859
1647
15321
22973
37034
30297
12412
11230
33279
7040
5050
35741
18449
9650
29289
13879
14985
9985
9487
7137
20136
15229
8489
1088
7499
2392
6743
17215
1278
18563
12070
29613
3125
30904
17227
31143
4540
16997
17248
40446
16043
56284
5963
55286
33882
5648
42717
10589
23089
13008
42930
471
11936
20925
8730
9264
2694
20745
19493
31176
1952
17066
18788
2547
3390
27891
16799
5308
11259
24243
7656
647
16752
10692
3317
31001
33743
2685
21372
34662
8891
2698
30460
30033
3999
5922
4028
21325
6987
2792
32757
45137
26772
27401
3854
413
48384
21426
8783
43068
4870
7019
45529
10209
54504
423
35742
20051
21811
15395
10978
36542
19613
876
16948
3369
3060
54228
4642
23
4255
15304
25202
11923
10388
7980
3891
43247
46
7492
19062
20305
6040
8053
10370
39966
24045
13217
45880
5
24451
18843
6779
32913
1331
49325
8123
29861
26808
21340
23045
7369
897
27281
2345
20041
7207
2454
10777
25295
7850
35951
23693
45473
8127
12310
2346
1982
22435
20354
54003
252
14514
592
28596
6476
10367
3659
6260
4509
17981
4231
2781
17024
29907
1378
40471
11039
7884
14441
756
4166
6869
5872
36612
37360
18974
850
11787
13249
28191
45733
13746
11855
2690
7674
3819
3684
1417
4833
30878
3611
489
9135
4310
12200
12280
22022
37594
9858
11531
83
12138
5707
24643
26333
17264
1162
27868
4619
1376
16395
11092
19137
2795
17165
668
11546
22949
25032
10339
7133
2436
9302
7625
12492
14275
39679
17389
20012
9488
50847
34624
10375
8899
25919
30243
10048
13909
16742
1904
12882
6029
22626
4281
3072
20219
21170
7885
16426
32212
15063
289
24277
471
7199
7468
41424
42363
3685
2718
1312
45718
33291
10299
5137
20580
7564
1782
26352
24795
30456
7056
1369
3011
15563
33564
54924
5615
12864
4
1111
42341
15468
39585
1533
2272
14985
17162
39353
43609
50251
4844
5013
740
3693
7675
788
9202
9948
1532
2458
44524
46533
36637
2885
53846
12570
16336
21304
24136
10333
11446
16406
32530
2399
18636
14479
3865
998
27368
22812
8728
12955
6073
46110
665
7043
19817
5337
48552
19979
11775
716
20130
2785
18043
41547
12305
45071
17505
8349
30738
3338
26461
50328
8634
32002
24791
3558
313
2067
3077
4982
6472
4701
4604
19137
3138
600
13235
14
4567
37166
223
19552
15276
46728
11855
4959
23499
2822
33745
25438
22842
3277
22080
16954
10525
488
49525
44788
12329
48985
20072
37980
35192
33924
2198
19066
4043
13485
6495
9190
7717
31631
1554
26653
9495
18554
2195
18187
8184
40600
15078
7117
3160
8858
655
1601
40703
19525
39809
27127
1967
3
15269
1791
18130
2180
29621
7876
1130
3238
27977
14073
5781
4301
25976
20724
2695
1684
22690
10319
12139
41306
18243
18213
53533
36797
7692
17870
44513
1463
12629
1891
9456
15407
11756
10375
3152
14872
31261
5017
11283
51605
56074
17958
8461
16316
28540
17636
23924
8310
769
33629
44671
913
33855
5136
3837
2574
17030
8684
5407
12238
35324
698
19066
24
11882
34722
915
12770
40239
1188
5369
16129
48
44017
13167
4782
14351
25746
6917
38512
27356
739
1685
35267
6234
24882
543
39281
1035
29409
6455
7610
13414
17471
18634
12223
34850
50529
264
19183
8310
22163
43917
31924
4369
3179
42195
5899
2455
18899
193
9491
350
40846
779
7077
23163
23810
22082
3006
4867
4177
1228
20581
28483
24648
39134
31866
24456
13714
10797
11638
24211
15865
28661
32956
2148
1675
23606
25882
44110
19968
6802
12409
4714
17883
15224
1639
9557
1632
60
2576
6878
1623
5413
6913
52225
6652
3678
15715
5839
638
35099
985
1490
2326
18291
14464
3842
1193
11706
2151
7569
968
54292
29854
8832
29745
24930
4774
5210
34005
3565
7743
25370
18422
1721
397
3821
13560
13219
8286
2283
6350
720
6927
6427
8724
14722
14286
43792
17165
7475
23468
1859
854
1513
425
5795
8885
4016
56286
209
19043
23931
8278
27596
13555
46125
29758
4082
15762
20272
39231
2877
4447
9192
7183
15161
48561
3331
24582
4831
1462
26510
9568
20074
1091
9561
9594
605
25852
3130
11260
48589
10803
412
44294
59680
14793
4501
22486
7662
13039
14041
19586
11222
6084
10882
5939
2961
8689
3234
42593
2515
1623
5436
30976
8679
20549
19404
28777
30590
13456
13327
14173
21071
15231
8442
6003
3852
17329
4810
22351
1365
36405
9815
16783
24574
44619
1693
358
18994
7247
33673
298
13340
3403
10788
1011
1689
1799
16060
1380
1617
7366
5729
30081
505
33143
15001
3332
42819
22728
7316
9131
23061
45572
22001
21116
6283
32383
44990
34262
18800
5508
24942
19813
10758
22965
12027
11907
6236
12472
12672
9928
8422
32614
37097
24115
14386
16608
4778
52510
6099
14482
2215
13013
5
49482
25443
9690
46872
24737
30477
16889
12804
2378
30815
10373
16137
17568
4669
46962
1028
5520
3885
649
13738
25057
5146
3055
7324
28715
20928
5757
2360
9766
2388
28548
69
14175
17123
6166
3776
12422
12358
22341
15797
7729
29287
10314
16
19235
23462
9915
15379
37808
3761
27243
10863
11243
25459
23198
23727
22771
9
4498
30816
41686
47378
58915
10714
4583
2010
2432
4546
18212
5
14821
6
15082
11765
31388
3991
34440
7301
41915
24830
19817
36773
39681
3851
31425
9823
1299
2206
6238
12428
359
8776
6746
2665
48341
22999
5259
3382
9812
32565
11567
2
11015
1564
15964
16873
45969
6723
26282
13173
8542
353
22724
41749
4301
3995
10480
20913
36411
2052
10356
26009
724
11936
1652
14347
10615
20853
4153
18583
4712
17454
6226
4941
27119
319
264
2642
28706
185
9541
646
14058
2829
20591
560
14576
1109
7940
1829
15841
25535
7654
40884
5213
10686
426
917
28133
2784
43
13517
35012
923
26796
48712
16598
33557
16840
54028
10912
714
11772
9652
1432
18952
33531
15289
5344
35136
3
10074
2982
54129
33048
933
12318
23122
5145
12706
6871
27303
2845
6965
2504
21428
18411
52648
605
3375
17032
40185
6490
15450
45833
1963
9187
418
11538
3544
16533
6227
42558
2069
20840
18392
6281
5450
1360
28879
22217
23354
8413
1209
2985
1391
6856
1174
7309
576
4678
2218
2176
339
40940
5069
900
10382
7850
3609
17883
2978
52111
6431
11904
1123
14351
4081
11764
310
6577
11261
33095
25690
207
44850
23846
28569
3422
6657
22352
4141
29399
5325
54074
4065
12182
29728
24907
26424
36171
51379
18555
4767
30756
23909
3197
27314
3702
4484
10308
11767
26101
18242
16268
5954
3313
336
42418
4113
5832
22909
44030
5353
6206
11627
363
1113
4337
6394
15922
14568
18181
2834
42790
30613
13795
32785
57856
24398
900
7139
5365
483
6695
13174
26921
23366
16683
12290
2685
25944
12369
16316
29598
9134
11202
3302
6586
25152
44218
12678
18291
14301
41469
6085
21752
15769
50800
37176
2052
217
8
7511
3043
38967
17109
3705
5470
7136
542
5520
17459
13326
775
1468
3724
7385
10054
19204
5727
48277
6843
21715
21778
32431
15189
5627
7
22514
5944
22464
24633
16288
332
6610
6933
30102
6316
922
17348
17729
10557
36384
49220
15570
12326
870
9540
10308
22532
49523
14535
13037
9968
23174
5607
3953
21837
2597
22191
14421
27716
181
11337
442
5125
17571
5533
16244
4948
312
9470
1941
51117
17919
12057
17492
8840
16
22741
3666
903
11036
4308
27601
6850
5416
2
12331
21626
21471
3655
32669
12478
839
11
1158
8992
6064
13848
21106
30719
16649
8834
4210
27701
12360
1111
1429
5060
24774
17672
46722
40886
20767
31960
7545
26921
16922
14745
3837
19444
31641
15473
23921
2149
3665
27928
2607
186
32215
298
17600
1022
19006
19898
16
37989
2561
8413
28856
2879
3
21438
13189
16175
27845
216
14936
15408
21429
38577
51644
7141
491
10470
803
7587
5471
14616
39686
26389
34157
32087
7588
8453
4370
13717
15594
10124
36063
10995
39753
7817
12108
9111
3960
3637
9835
2210
22766
34011
2047
38314
2872
2629
10516
52691
1000
12314
7904
36493
4710
19862
35079
46701
33803
13642
3705
8910
3141
4448
3544
4826
1213
11353
1166
14059
18324
3534
21033
29065
8799
11159
38098
14015
7622
6195
8945
15431
1367
2478
45449
10501
23359
22405
7385
13179
32231
1
4520
3348
28383
6083
2118
11422
1817
21164
3917
6570
7431
11474
375
41129
39686
49143
132
8113
32171
3849
1787
40692
4174
4227
7767
21832
10372
20277
13258
14081
18969
58926
10299
4908
10863
14836
19268
8551
24166
8277
2005
25967
30530
6319
11158
35579
3137
9949
1191
16459
13527
14292
1277
9138
11949
8844
4539
15403
32848
633
1336
47269
10948
49598
1059
5829
5460
36255
1171
5045
2272
33757
7390
9442
23721
4363
4312
10339
16473
13028
6411
1
33251
28522
27522
3086
2701
14798
9484
4898
20259
14768
5251
13738
2458
14530
10050
7064
6234
1863
11335
29489
10610
3283
7272
3186
13518
16542
3843
5474
24641
7072
23809
13484
45337
216
28099
24526
40146
11468
9663
9234
15409
20588
15286
611
500
33460
3035
16927
1925
15451
690
1778
49793
6510
11703
1
9524
942
8720
33550
8209
19668
2985
6872
7135
27493
40883
3487
598
9611
5867
49101
7580
11455
15910
19949
1
2487
15825
8863
30477
1059
9518
11625
30176
37682
5664
1625
32
13620
20917
15681
16596
37624
13642
2872
13412
5319
1093
26348
5518
7100
5411
18507
14427
30079
6273
30857
30568
14205
1528
4699
30339
2507
46890
53734
864
61465
16562
5237
12170
3553
10177
3623
32995
34745
16504
19220
4526
11327
22549
38673
34743
23071
2315
4390
22093
3628
17407
34336
48
5688
33910
19269
17290
4275
7009
11975
3042
13298
5546
17465
17819
7038
14293
2022
4088
26458
2421
4065
1611
11964
3615
1208
43553
9121
2182
14928
24733
9365
49283
6493
4953
15347
30923
17729
668
19195
20809
22815
30083
5895
15120
12960
5564
12523
8576
5812
14388
4483
32624
55323
1433
21274
15405
349
4614
4847
28223
5125
4600
1778
14898
2655
8727
38841
1134
26427
22575
5740
34752
6922
3600
2156
8524
32092
3747
5564
28283
1860
7531
7775
5898
9425
5616
6251
11074
13846
43952
2765
26079
5422
6380
39757
22935
7180
25315
1992
18837
11981
7968
21694
5706
2
51032
11833
3161
23442
20701
14083
5141
16227
19953
26728
1714
340
29964
38953
11055
502
3361
11653
1571
2045
20383
17101
36520
620
19920
10896
34283
38434
9159
2549
30171
4643
8260
6745
19358
14725
21452
1430
18341
8448
3677
26236
29479
3372
7921
9610
18837
12042
24343
12966
10307
6254
1106
16522
1267
11752
47296
606
28670
43033
45837
11378
591
2696
16693
15248
22271
40652
5016
24929
34904
27658
28685
4418
8189
2741
51184
2502
25351
21630
6530
8604
2151
12705
57463
40937
6072
20656
16650
13926
584
6520
6060
43220
41409
15783
31070
59814
36974
12003
7885
9851
50637
13340
35877
13932
1234
3721
39150
25412
5809
8685
31513
11133
44722
36312
8898
15613
4085
2585
15733
33838
27161
12207
350
8889
22120
14110
45573
2445
6165
2078
3278
1770
2677
2387
14628
48838
3953
32082
7671
9664
26036
37196
24838
6066
7516
17002
30474
4114
3057
42178
6928
3108
17014
1
3372
6933
9202
11918
18563
5724
11435
34491
4545
1474
16885
11656
563
233
13858
33979
15161
3468
3628
14381
14484
17265
43094
25035
28357
23342
35027
19658
10297
5305
6930
1873
13948
4010
680
28565
4480
46490
16836
12586
49658
28414
8219
8456
10834
23787
13300
38492
4452
11538
1165
14178
8683
25660
6540
1145
20839
25084
55732
10616
3684
31062
47794
743
33467
39109
28147
14222
20784
3775
6332
1644
798
14456
3243
34802
7765
42739
37486
527
1761
24552
11341
7478
6674
338
806
2823
26410
28138
13614
18851
36544
26661
31394
4693
9768
1932
23294
1777
3662
12443
37554
1376
518
10497
2123
17645
6033
15363
17136
26055
7784
1044
1923
1
28660
3087
15487
2481
1555
262
21392
4968
1481
27020
3356
5276
5336
262
44379
26496
42478
26236
5257
15650
18956
31093
13688
2893
1177
3796
2353
35949
43852
43794
32538
22520
16068
12495
18059
20583
2836
2854
4775
990
25410
9368
26615
1058
1101
13306
9162
7981
29096
29872
1225
5778
17604
23499
2854
15266
29820
10139
2561
21190
4546
18814
13254
49348
1471
46532
1300
13574
1974
6118
15633
8654
34047
40207
4048
1489
1536
33942
920
273
25730
31149
9741
15563
27159
8160
10645
2712
7959
49928
15303
11693
30864
54718
38573
30699
21304
33468
965
1738
36862
77
15408
17285
11924
4775
10234
17791
2738
28803
23515
1269
18150
3273
10091
5201
3392
9609
5
6201
24934
11654
23140
8988
2806
25106
12347
32099
56512
31246
52318
29083
16687
22542
13632
8327
24331
44651
9529
3694
6481
5187
42974
47979
6766
12638
1058
12031
12769
25454
4628
29666
32329
25265
11260
27084
15790
9861
4230
738
11362
34424
25226
4719
6317
12000
34688
3838
25457
27164
4091
7762
2338
16307
554
22486
1217
25003
7405
29203
2295
8979
9604
25008
1245
1201
2613
537
20099
9714
35907
2358
7887
9121
9772
2124
16285
1144
27021
36028
7932
8123
30027
436
9853
1899
19600
50021
26355
4720
1357
25108
34028
51478
7942
5634
3545
33816
11842
16014
38966
3438
35372
11881
1624
5825
4834
38115
16272
14665
38640
47831
30617
575
1218
5996
3673
4796
6384
2841
26957
10779
23019
5712
29647
6594
22968
8362
3550
4431
8780
35104
5392
6421
50851
30999
10863
11584
18401
3554
298
8571
7071
852
725
11836
6497
5168
11161
5724
13008
2121
33533
981
34589
9913
10603
23808
16153
16885
10191
24469
34039
10766
7473
5921
26660
49433
2998
6114
6435
21868
5900
11227
330
21023
25579
7432
38480
24256
31636
2766
8374
241
5127
15525
20121
15110
32620
33436
7058
6679
1423
9915
21519
25894
5029
6800
30514
10107
31459
6376
19495
14663
10813
3893
18237
16602
4287
24108
21003
3569
6754
2996
30326
7784
19539
325
7951
41577
17325
17943
46350
15678
1450
50481
19720
12875
8434
23482
20360
1495
15769
29765
38839
1609
6726
4983
1862
14867
39901
9004
9907
3618
28868
11086
45621
15142
20620
1041
3379
49329
6322
14905
6688
28124
1844
52248
57405
20577
29079
27025
25725
254
825
44848
243
4516
6715
26200
34861
10000
11601
437
2510
51760
11322
517
564
28720
47064
37594
8817
17726
5961
9178
6203
13001
10919
5674
31185
4620
8475
23279
6549
32779
7467
16594
31905
4436
49463
30362
4070
5574
11020
18428
49671
2946
411
53251
23044
11092
10684
12092
14530
4322
4900
5032
14129
5648
26727
5485
3327
13682
48020
14573
15466
3095
29158
308
9825
7120
15736
27257
2710
40692
25076
9897
8361
1024
2468
41988
18717
439
2775
43728
13368
29436
4253
2295
6406
6620
44700
25240
1761
37394
23811
26710
925
24473
2932
4027
14114
8802
50231
7996
34812
10123
4441
1627
11724
25392
23763
17335
14002
14290
3
4933
6996
19945
22869
15997
11228
894
7765
35848
7596
16670
8998
1408
9743
14976
5883
3951
47793
23043
2477
4271
24422
2708
7060
48380
7665
10143
56451
15851
45217
16876
1460
12463
2214
25938
432
8732
61034
18961
10534
13870
11901
5629
23185
2603
16485
5709
10116
18002
27828
43121
1193
24485
7595
21222
5567
9282
2013
2671
4651
2189
4099
50243
14042
6590
24223
25608
44951
5310
36499
38043
27077
2422
1736
3684
23737
1168
1627
10024
16300
7210
21924
35138
439
2648
8768
7381
15799
20220
29947
6641
2486
1000
37010
1419
18314
888
36522
1646
33944
4501
8659
25734
50537
29481
2658
12465
53182
9495
49102
1144
34837
10636
25051
29608
6
3984
22319
9452
6586
7664
531
9740
17991
2101
1973
7105
42134
21970
8828
14679
6318
9192
26612
3354
15492
2
6517
19309
23610
27785
25236
1
39579
19435
39092
49523
11482
15314
8451
10651
7036
261
32750
12739
2577
3271
5615
16118
9830
13672
11050
26978
19763
6840
2
9253
12952
52969
3738
2935
12992
14924
4988
2415
10856
2430
4876
17807
12058
16304
14689
39582
11433
9022
4764
13851
44860
24407
31276
3981
3653
20291
37170
12836
13732
33060
11124
9646
24575
5734
6658
6666
9032
47064
8
13958
32147
1145
8672
2189
10964
3359
2101
8606
35970
17378
40973
172
26658
823
2941
16931
13488
2334
61902
21164
13635
4
14837
30773
46258
9289
14303
3209
2334
38914
5313
1877
29052
7084
19986
33028
22878
27189
13016
6301
38958
324
6169
630
11096
6912
2268
514
16934
6106
2207
310
25240
9004
4667
47290
1409
21113
330
10489
4685
872
12532
9976
9831
4340
27550
28209
7322
28268
30977
6813
42149
16321
20894
4665
2087
16480
27501
11812
4785
21563
2873
25662
37790
26526
17300
38852
857
39079
1579
2296
10670
26396
9522
40968
168
16803
10341
1893
13905
6945
41005
5331
23809
15889
29432
23414
15448
1275
17471
6502
609
42829
38105
600
19810
8167
36125
13288
19959
22452
9126
42212
1420
3301
4136
6701
14637
23045
12976
29299
3153
29253
11069
39121
47759
1029
50281
31161
14452
2101
7020
4074
14929
21236
2698
17993
14442
4721
14697
12965
301
16812
5649
8278
17033
1205
2383
2
5672
15078
12550
1191
2221
10798
27603
30762
37064
30820
733
10065
8416
8493
43436
18793
1393
4627
12127
23950
8603
44476
18397
4208
1729
3465
6444
21693
257
17294
52466
590
41492
12723
46331
22658
37864
20243
53064
2623
21056
13034
22342
3011
19370
44372
38456
9181
21949
21818
8660
9575
30851
18077
13829
225
907
2726
4341
5653
6284
18484
48341
9062
1218
547
2507
40160
28308
6931
10650
12050
18832
5497
1273
12788
3021
13642
34525
155
7701
5220
19909
1095
9667
36335
2145
20333
27496
21475
3416
2418
3812
4108
6382
44405
19767
2641
3361
8992
10033
9922
5666
8832
6787
28758
7323
26818
21412
9868
482
23986
29312
1044
15066
56803
4323
1432
7096
4995
18484
18143
10068
10619
7327
37044
14086
5552
8091
2
12284
27757
17520
1
383
25032
24228
4642
10330
24198
24973
39646
10307
471
10384
34184
11701
4052
18189
32073
20304
323
46598
5301
12375
29490
46921
7396
2476
3830
6460
26324
17727
46232
23884
6230
5050
40227
5462
2146
18818
28187
28107
11427
4527
6131
48104
3831
6291
389
3
28009
1323
14428
1335
9243
5974
5915
830
9765
4996
21733
9904
28858
6319
12178
21777
3475
506
15989
18305
29565
53544
29357
20664
4503
12673
17597
10156
6715
24735
4207
7098
9878
13009
43351
15854
18360
1977
26059
5305
5649
1073
43707
48350
16405
883
2784
40596
7448
3571
13586
22361
3083
3
22402
1499
9449
6993
9152
6750
3675
583
4103
13193
49178
339
28709
25801
19692
3998
23886
32258
12151
23773
14205
2612
13467
6786
33665
3797
5333
30839
16801
1574
8628
8509
35640
25867
715
40877
3105
6766
3432
15920
7484
5679
3656
45551
8772
1466
28
20878
7149
14500
18147
11250
16941
9281
38468
1586
44480
47385
11146
528
15404
20463
13295
1
17987
19694
2064
35253
36378
2186
32336
3075
3005
21077
846
21350
6710
24078
13875
9952
1894
19026
40864
33463
39388
4286
37657
682
2326
37635
605
3885
3747
39764
3929
7122
19866
21249
30907
44079
35195
4291
13988
3434
4178
4327
31764
32703
22860
2028
9413
22065
21030
25639
4235
17378
30615
2861
1279
27151
40745
23272
5879
7827
828
20696
2134
13039
37887
779
16019
25710
10780
25016
17853
15831
32928
1616
6869
30260
15185
8031
42837
10832
44821
6560
9444
29104
42312
30186
21564
28633
13912
7919
38115
10581
8140
12822
26646
16406
2580
586
45885
4118
2619
5716
1863
7152
5433
3553
27632
25692
15644
15055
31239
3882
20961
538
3504
16878
40977
31349
15375
46059
1000
3798
28512
25049
17770
13047
2763
38591
38
14802
14450
6540
5177
1938
25170
27246
5416
10699
4784
15780
19109
1449
20474
30025
7115
301
51212
42029
2062
8017
575
27598
32050
4698
28674
31049
3220
27179
5055
4101
8013
6132
966
298
50215
31731
1872
3254
2187
6287
15602
1691
2571
8420
9746
1148
2429
13580
18958
31037
10114
9695
22061
8835
35870
54246
14574
6668
6084
3298
4745
2636
28411
6690
23557
38263
3878
10270
4457
6353
6188
4188
7391
14335
3647
24181
3765
880
7839
20366
10759
10589
10954
6029
19004
15725
25295
22413
38315
25327
41651
19972
2435
8586
18047
5909
26278
10773
31735
13240
5435
662
2534
4476
3172
34214
2
19635
24943
1982
50777
7301
15231
46499
37956
5714
7835
650
36367
644
11781
9905
6267
1066
1926
11719
8035
13979
17706
7527
6871
509
5789
21955
2431
17349
8641
5736
2066
9820
340
38455
27057
1764
10643
4606
477
27439
8364
26658
22729
49617
26866
43717
12923
13529
4075
34084
10076
647
2793
24261
28270
8078
8541
31760
44345
23828
18375
4147
7259
44881
28078
3398
25583
41040
8067
4048
5991
71
35261
3658
352
13038
29642
1
7584
6029
20992
18293
23551
1671
25482
10328
41013
28281
492
6110
25306
4477
1879
33542
5851
46435
41887
33453
29451
20530
32342
3522
31
12203
28055
729
10164
53653
21221
27338
3444
13144
3450
34947
42176
4546
529
52280
1330
18832
36091
1480
7173
1517
1632
10456
12785
976
45906
31918
28264
4248
19765
14254
13784
22993
1740
4176
2213
13889
5595
8805
27229
26051
26960
33401
16156
21723
30209
11635
38510
2429
22301
9720
9668
1353
10561
10551
327
13747
748
8817
11620
1518
3501
19080
36845
440
27160
40067
16087
19913
16648
22502
2319
9895
25223
285
1462
6782
13953
23393
8989
5468
4792
17359
36513
3102
1045
1
48038
47297
9102
5265
1655
3235
8369
30878
7162
22456
5140
17605
2644
4711
7050
13944
630
34129
18585
11321
27750
6886
37082
11059
30587
4947
13870
1956
10897
32823
9115
17803
24415
1033
19039
26006
25565
13798
4745
17710
40343
340
1
10036
26027
3733
26241
9558
12706
9787
11525
9391
7275
3203
2375
3654
2
6344
33563
54011
18145
26715
19964
1529
25545
9058
2333
4437
25135
32299
8522
5805
7256
33506
12730
1096
53808
12787
11549
5321
14796
7892
15913
30675
35893
586
15172
2011
3598
15204
6326
7169
11198
2972
12744
29204
22994
162
19902
44423
377
28177
45397
11723
15316
3418
2
624
14177
12616
2447
2
8791
37764
9347
24184
8619
17887
2946
9075
48550
15286
14572
17709
46818
9636
3904
26372
2891
12462
9721
20588
5275
13126
443
286
32
12299
4151
18816
7639
187
1689
5618
31624
34311
18860
7301
11383
21997
3159
7341
13346
10090
6782
14913
9966
5142
1023
3421
30834
4770
3112
40822
25541
24546
26202
16208
18973
35927
4450
33284
27027
3023
14918
4505
20188
19656
16147
1449
28454
12307
34816
52660
26066
6420
3318
4737
4994
12746
6148
1259
17031
3537
32632
7548
11680
399
7276
1996
9368
7044
17986
19977
545
1
20286
3175
8036
254
19528
9969
5675
1715
27229
34936
41817
383
2616
21758
12012
4767
26100
25295
13658
740
7917
23
28140
20063
11666
759
20109
34088
617
706
262
1811
3390
1738
6372
6942
4638
10043
88
36960
4836
6021
14065
4526
2960
8443
2987
27828
5495
23351
8765
9674
14738
17081
26404
27132
8452
12129
9250
4132
22395
31800
22883
4628
3168
1759
24
10058
13787
3119
9324
38233
2087
5856
41645
7860
78
21686
10121
3064
7948
1
48920
2280
3748
11481
29612
5513
43019
22831
30414
48598
105
14364
32570
50320
19718
13052
30489
13597
35045
20313
4205
14585
1
30048
6744
2
24927
539
796
14344
2935
36510
20
9861
5790
2512
2238
25300
41403
12730
40101
2127
20786
9563
32015
11297
15216
59683
28835
791
17717
36421
93
22631
1322
6512
6727
6291
9399
5460
20860
2439
10431
27096
25473
23232
32624
2425
28132
49608
3206
32715
8402
11650
23247
15229
6072
34298
9616
14555
22593
32007
19342
7727
46915
24929
3675
15266
44659
1
11412
33635
10079
1422
13062
23048
14590
10227
11282
47370
11582
29323
6419
8867
6452
31482
48309
46347
4195
33876
17467
15981
4922
25330
7
10034
14140
7700
1712
8478
25143
22776
2503
58197
22060
25947
6486
24189
3858
413
821
2102
12860
12993
7337
4331
18331
4547
1092
3649
2901
8284
16523
8574
51
3798
19262
380
31111
10944
30984
2084
1537
7146
21032
24881
12560
30351
24301
12814
36563
16755
11500
10020
26289
13928
6596
3856
2521
8626
7979
6086
3452
3862
4439
9627
587
16440
13135
8032
17166
5652
2525
18000
3528
9388
10227
1054
7838
9419
7442
15322
19111
9943
424
2936
52270
2397
27034
6190
38813
26131
31425
8867
7133
33026
6099
21067
20880
38665
26287
56604
13485
18173
20096
1285
42587
8249
10579
1285
43197
7447
13229
805
466
19784
3407
1820
7656
6440
28349
30630
16190
42555
20121
2246
3528
4704
827
6786
9102
9639
14753
44106
5880
43871
8897
4960
388
3858
7711
23321
1930
671
4872
30254
18002
10240
3487
25632
15237
13694
5258
18155
6302
403
6530
16567
18908
2624
1463
38855
26635
35676
3973
5791
20950
9591
475
16425
23374
2073
12587
930
18564
1652
28507
1461
279
33494
7495
3654
23248
31552
8945
21722
5049
4633
5496
176
13126
24227
2735
32207
35513
15524
21060
5240
42491
6377
819
48267
8691
4
6365
16177
48277
28528
14119
14213
13094
16235
3838
5043
995
7167
27915
23390
21453
39307
6688
13915
7069
724
19931
8102
35380
12559
619
16697
10676
38706
531
7034
22761
30814
27721
1802
25026
10095
20246
2413
25925
7789
13486
13797
32908
14247
40706
6973
3378
3734
39004
31338
26666
35265
29542
14301
1101
15177
9104
39763
22870
1772
53760
31155
8217
7445
10122
9260
43985
49194
4187
9117
44680
23543
6240
146
1266
7962
37779
15959
21769
4212
21789
11973
24742
8013
24193
6736
17624
9565
8895
3719
5689
2666
297
22166
18184
14526
336
39922
270
9908
43192
11803
982
34664
54198
27370
27683
46007
14996
50651
6034
2752
20745
9803
12709
818
53218
11383
9851
3341
7730
1343
43997
43774
3978
1097
20237
11572
22488
11961
15984
14803
6806
2261
268
9354
38471
8075
13362
3616
26902
7617
1250
41341
22834
5580
32431
6156
29203
7474
51045
5094
10923
14436
26572
22506
621
12341
825
6054
4261
7353
3991
10240
3511
43479
16488
3531
536
21726
13808
20258
13762
38948
9911
11104
9865
7036
13660
18446
47605
17985
35288
13513
36594
20730
9836
15631
38931
2910
16110
47647
2461
952
17728
4903
6712
1489
52174
8464
35946
15620
43207
3533
18905
12502
15818
4462
22932
20010
36337
34744
26845
37715
54104
4451
6181
210
13601
34139
7593
6797
18678
2504
3684
7084
38003
17148
6787
27600
1658
39845
3595
13735
2289
9350
34684
2412
39066
27530
35638
14031
15513
6899
58545
3054
36893
24200
1651
15022
13958
7204
49318
702
54174
7280
40802
7126
1495
26844
33179
2747
17014
39948
43307
44914
11036
19397
5203
2004
1433
2364
3614
50273
14606
21088
8905
15573
7556
33692
42
216
7976
10104
24379
9792
2999
25763
14592
15538
31111
3397
5105
1146
19493
4037
20973
5202
10359
8779
1734
31585
6957
21975
26761
749
4057
25236
6975
7422
33100
25717
7887
6035
23975
320
36272
461
29575
30527
13934
9
26518
7127
17769
9611
2375
30976
14750
11245
47843
12320
11106
21667
54073
666
13982
15168
20351
6495
36538
15555
7073
4
23387
7337
41025
649
3583
28454
1085
18441
29901
8173
3612
4227
7421
27081
6723
25877
6262
16620
15071
11996
387
35277
6316
50198
20705
3
838
321
13411
2
19896
892
27105
43684
13488
1442
16974
4283
12334
13357
25181
37623
11633
6255
3522
16361
559
591
24501
12537
15709
3754
38216
56111
14502
7081
3229
14776
3504
1501
13206
30908
20893
8208
14829
15317
6005
56
12270
32490
35476
344
17149
41788
7297
44346
47071
36505
28141
11627
19110
1620
12013
2072
2291
764
2847
22054
7462
12997
2877
14131
17791
7553
7920
46693
1157
8070
30369
1602
8919
19294
1354
10986
26567
30541
3457
2597
42305
18611
31414
16633
41465
6212
7892
7430
10154
32724
3067
51528
12506
27080
5854
52373
1257
5202
19988
17349
43731
32606
29488
7273
29965
19541
19215
9787
8952
11620
4678
6904
12
29688
12650
5194
9635
1939
14939
329
208
3270
18166
750
7287
19175
871
4505
23464
17096
25142
2507
21247
2509
31
8082
38074
33966
1746
367
17322
1309
15335
1299
13778
19111
46669
178
13266
8843
2006
232
38863
9502
1
20247
20165
1464
4428
4543
8536
18528
2373
14553
22965
36353
7002
14338
17074
23484
20570
1
1588
5701
31288
5550
1271
6788
18714
35763
3234
2268
32175
16148
30985
25127
18737
2259
1083
8863
36960
26229
28681
47157
19753
16344
1558
16857
3614
7
36575
23215
212
38706
8808
9532
30792
5692
243
13315
15884
5143
15070
1427
13675
29921
923
2096
5884
26709
1274
8474
6489
28078
599
22975
13921
2707
18052
3546
19609
1169
6604
19192
3003
6666
14440
2021
7079
2286
3856
38466
4996
8793
24436
13512
31283
13156
1669
23076
16481
19526
57326
26709
9933
10415
2173
19569
36658
142
43697
44098
35533
16790
516
16432
21383
15892
25415
51651
32369
30237
326
598
8283
37488
51288
19878
25115
4288
434
929
9741
5026
7480
19210
20401
17088
7623
3700
2018
5335
8898
5811
2017
1162
16262
4261
8255
5675
36342
58215
13357
12209
7
778
26564
1630
17150
36409
297
4380
35748
11153
6847
1353
15006
11131
4185
4746
23327
10878
17898
53081
9373
230
641
30429
26273
14891
11660
2635
16398
15839
22088
6224
28385
20366
10994
4441
50800
2
695
14514
13385
14400
22349
1636
3711
5437
15632
4213
1430
1798
4650
4465
13737
3758
17856
14529
26979
2925
37941
24141
1959
9836
18066
1324
14684
23609
13111
19544
15188
3192
7415
30111
1726
1577
23329
5648
9488
328
11017
1928
5448
5157
3691
5356
1768
19329
1497
1240
5616
10056
8488
1448
28407
39745
19673
7951
4647
1192
10438
40395
11611
486
13494
34598
1630
9124
20709
369
12396
2102
41326
6095
32322
10980
14694
57161
10582
60100
27481
1177
12857
36052
6546
29094
22123
59968
4150
8130
42869
5306
2511
3375
797
10162
49151
3328
2402
10383
31847
4942
10523
412
15951
1193
1369
5489
1300
41656
34535
19275
674
30755
15554
7540
18982
20803
18890
19517
33405
15753
3757
15453
17801
374
22191
12223
5
6411
1203
3404
1866
12576
25332
10102
16359
4568
1677
13052
10128
487
704
38285
16099
23257
19
172
5599
8515
8954
20760
13398
1881
604
20002
28366
23924
1221
15832
20031
32404
5474
33907
18381
33524
3569
5106
6074
5306
11649
1247
26633
24478
6084
9565
25338
3056
17301
6908
2932
5414
4826
28144
24366
14400
2751
14427
6049
51447
22681
791
11200
1562
2739
203
29667
3459
17104
17607
950
17997
24673
11406
109
1042
5148
225
16372
7863
32050
9293
4534
17630
31161
49070
6653
19
5433
49
20899
566
14134
3795
37501
385
2222
35988
4334
21978
4318
13416
9997
2297
1949
2964
8315
5719
19193
19483
37562
43884
7608
45970
8431
3801
353
14232
2801
27394
13938
7642
29542
16
19611
50717
7111
2755
620
14872
14860
51478
1504
2130
17740
25158
1790
20162
31040
15430
2526
33185
10917
49876
16986
416
11671
25671
6700
30093
1018
21979
15953
1018
11738
13322
27445
508
18222
1207
8603
9972
2223
12751
6142
27701
4596
25322
1793
6480
34426
22373
14028
9453
9967
16498
21413
12167
34523
4
15808
2134
8362
21617
11912
35902
1423
15822
36070
9362
26623
2611
22101
7187
13214
9580
9070
6275
30502
7973
1094
27069
3710
23199
4641
23292
7594
13828
40525
6908
1049
11645
40998
3930
29168
11583
5583
15105
7669
333
4755
54253
39114
16176
781
25695
12309
26017
8301
6053
28014
623
14404
22187
13276
1313
22454
1844
35555
1181
4052
9687
20139
7826
5043
8
29891
45596
44382
31379
13968
3598
19955
19401
30531
8315
2702
11823
5674
23014
54446
21131
7723
19212
16986
7148
11932
27069
3582
1786
5570
3968
10243
3689
6956
29181
27333
7325
25003
10403
11619
9143
34285
15235
19167
5053
1114
1370
19
880
9154
34875
2440
442
23409
43518
12693
4071
4238
2423
16917
54631
27571
14003
27310
14991
17187
8042
709
21123
10837
4233
17127
4564
5044
5463
1226
5325
16633
34388
14044
11428
434
21876
15330
1902
196
7278
3871
14389
29297
36055
1654
37775
19211
15461
4435
2957
4839
25530
10926
1074
26017
26275
40683
42516
48886
3507
4167
17592
41950
48389
17168
51581
18409
4860
11567
3565
513
12752
5797
3592
13985
1115
4627
10466
368
26156
307
17637
36630
3622
18746
18080
16114
42457
30006
3486
13605
20915
1
2879
2449
1688
14441
54470
4306
34780
4055
7635
10675
12044
23051
18114
27691
15505
24780
18507
33187
18952
11166
2575
1486
21321
36765
9291
1675
19392
2149
4771
1248
7588
27324
4561
1
35508
25506
16000
8211
8936
14279
7697
22097
4242
21824
13940
5363
23700
24808
12577
11824
4961
27108
3531
53092
1626
17337
15274
8694
37037
7959
22248
893
16492
3884
13300
1358
17293
1301
3340
10809
5169
38998
40381
41368
7551
4011
1032
15115
13025
1995
21330
9421
18141
5958
22523
35057
3400
3757
31421
6066
5308
13440
4103
28370
28180
10950
1822
10365
17613
27748
48091
25508
12630
39271
23541
6571
9761
9648
17799
347
10124
24980
2582
5812
2207
37343
19170
15926
14282
35031
10689
8711
33598
225
36277
42417
25033
33623
14926
26993
15380
33851
35672
34866
5946
322
18143
52612
10633
14461
16601
10295
13365
22682
10298
13417
998
30609
30054
2445
50131
23468
38924
37024
1880
28725
10351
52176
2640
10975
26092
10131
6337
4334
11009
3010
3087
1447
4397
19932
10056
15809
21915
26783
19692
363
20224
14338
9617
239
49395
14273
15546
2748
5441
29267
4486
21452
8216
16164
13262
34800
17635
20935
5471
3418
1786
1
29547
3534
12381
21017
20420
4914
12035
7677
2164
50721
28581
1564
4060
35690
44804
2003
13331
29450
24158
3412
10326
4095
1
21315
9311
25571
45025
6891
37681
51544
13855
21115
55550
12312
2333
8904
4694
8870
31001
7801
357
10247
2322
13144
28082
3316
23912
17863
38393
7866
1
7730
22462
2708
587
45504
4582
6417
17118
11844
19616
21084
10423
38402
33655
24590
17637
38433
42643
22300
216
48352
10733
12411
2185
9829
14926
3917
27897
21816
11875
1714
8929
50424
5208
974
5175
26419
3678
413
2594
198
12286
3
823
23110
24283
17300
433
42288
15049
47556
26111
16192
7448
36597
44810
2243
4153
881
11098
2174
14160
6194
6746
11865
690
22247
45339
154
34161
24259
1311
36441
37165
47373
17984
1198
20465
1257
17677
22496
2155
2918
18067
15271
23319
37236
49705
5603
2362
11973
7817
26042
9222
5314
13232
21401
27592
1877
44654
28386
4966
8919
3044
7713
28119
57682
1878
3268
12296
4264
12161
12011
1595
32318
7610
21148
19266
10690
4570
5954
31345
7061
27012
28771
899
3071
896
3833
39003
12319
4813
12645
19726
10923
9213
58819
19874
18237
28927
8277
2421
32130
3960
24186
27471
9020
50141
22497
2038
818
22478
22604
5055
17460
18473
44290
12569
12992
1714
1862
14645
25107
1529
24108
3677
6393
13367
34991
146
1329
53108
389
4952
22110
4780
26123
6971
11070
8472
4422
8054
4950
52361
30271
34399
27181
6371
39264
3626
29807
12190
25826
20918
31215
13059
11841
3897
653
1184
26797
12661
9501
25202
13926
18841
840
23784
1
2347
6858
288
27759
4397
6135
53987
5258
7776
2145
33201
2218
6953
442
10447
14525
13386
2481
1380
14911
38938
392
12292
3692
42628
16526
7304
28445
1742
44656
14471
17312
20169
3703
5595
9763
1080
3117
30332
6961
2439
161
18513
45641
3789
21478
55458
37831
31531
5066
3175
16940
6154
17263
1376
17625
452
16359
4200
8622
2658
17326
38899
8193
680
6493
6780
38544
23014
1046
7544
55272
717
3117
15280
26561
42025
3659
30110
6700
1574
3231
41972
35332
23189
21795
16576
3840
3961
13084
31850
589
30396
7257
21031
3052
46839
3031
26309
7772
19271
32701
697
21
5296
8575
2441
18342
7964
24644
7098
13198
26852
43237
22484
1439
339
24401
4500
43570
23713
1837
18159
485
7491
1314
29480
53328
1
33604
1041
28386
2
2252
10232
22222
7972
28021
18432
2879
17827
14892
24714
1999
6278
21549
2454
1495
4719
12432
19964
12522
7615
37276
26830
16014
26814
39804
36096
12424
21371
515
10768
12084
46420
25364
15516
15423
27047
2130
11339
15074
2419
41356
37869
48958
906
43327
16168
4476
32492
37175
37602
10700
12470
1850
24298
6365
30944
44158
1998
21507
26272
8321
1894
10466
13595
18439
7657
1881
6642
1851
4653
10510
12721
19448
4361
1
2109
3563
29582
24157
17017
11095
1398
55054
9249
10996
27818
29622
29123
19442
4455
4670
16305
11523
30640
18672
46320
5995
10722
17138
7187
44725
6541
3742
84
14331
24477
28404
4679
4272
41586
12195
8990
1
15350
25448
24990
41027
1812
15852
17
47911
21563
12681
19380
1036
22314
17390
15493
7504
34459
2345
7482
22212
10449
46429
32441
13421
33397
12056
40318
17279
5163
11748
1
584
12112
27032
26300
8292
10418
12745
31369
48602
10588
15537
14149
27714
35081
989
35649
30330
2987
56312
5214
2102
41816
3091
4061
9724
23670
8342
29422
5496
311
26061
3347
2686
30313
558
12379
43278
8896
1312
6165
6444
6765
22166
26122
3565
3710
21856
9823
54429
27982
23252
6865
9438
23753
20318
9140
17059
4033
7906
20155
23970
893
26247
13592
1495
14873
12132
5204
3314
24340
7826
45713
12715
18394
53758
4225
16830
39379
36988
11198
7114
507
4775
18759
3205
13882
57061
24756
26526
2200
22189
18670
12
4604
16099
1660
54249
26692
8970
829
7406
1589
19617
6754
8828
1675
19421
3539
12684
2030
1236
23516
16371
26944
16071
1955
33955
5054
12522
3619
11608
9223
2426
3581
6480
12375
1710
759
31172
32885
8699
1268
434
11760
573
14006
6449
3527
28627
7692
26008
7128
8786
10661
3327
1186
1785
25642
5716
15838
14022
13807
1375
7526
451
49678
7009
54778
3746
8783
10953
517
13954
5278
14532
25626
2210
6249
19401
56280
13671
9146
4908
17054
19232
52825
26257
14209
10692
21635
32853
1382
5643
364
31144
6751
1490
24950
9847
41570
18934
2556
33418
2
4949
6450
26486
20283
27178
26234
28794
18262
3332
16083
7091
5936
31374
12064
6086
4348
3430
45967
10206
19582
1203
8033
41089
6358
1998
12915
3704
12737
3062
2068
7506
5857
9063
3878
2806
15809
14183
11396
8074
463
51254
6483
21568
3825
10969
22359
1694
17829
39098
29814
10889
13033
9735
19185
8038
2190
4002
580
20966
25986
5418
4620
27524
4832
4503
21610
7808
40892
2472
7972
45446
3365
17215
2173
31452
32803
2070
45164
14496
15141
18895
4651
2891
20158
13191
37969
13173
37377
20703
368
33884
3720
1980
9592
24305
8184
19526
7057
38469
23310
37608
20626
520
36203
4694
2908
1
28780
3506
2692
19122
6415
4419
12567
24683
8271
22167
34899
28142
2631
51992
7462
28870
4189
25684
8496
3612
582
43813
31929
2034
2847
7735
303
18018
11757
60101
1499
495
21083
25966
12157
8985
36459
1059
712
29754
1071
1
41078
8100
7099
14830
42234
15799
18557
7150
3188
36491
32518
1557
12302
8843
2902
1031
279
8420
11859
12331
10886
5894
28497
12299
11883
17162
1752
33474
28589
13538
1136
7753
5469
30373
544
15319
531
31661
15507
25443
9034
54520
159
33699
1169
34142
14076
1
6667
11976
11415
38416
17947
1486
3309
15786
25007
23523
623
1145
13530
44928
638
6884
30273
19759
6894
23066
544
3414
7092
18994
28953
32759
8482
4265
38324
6947
1189
4891
1451
22111
21246
49469
10633
7641
36566
17318
5254
16578
2787
4239
6924
13496
2973
7327
21733
5617
547
1676
14605
21173
11897
46841
34245
5126
7924
20930
9034
26928
1756
1
29592
57930
13247
4677
6319
12031
1567
9204
25799
46547
12358
5499
29160
44928
33931
23144
14757
1462
10652
12886
5494
16421
20620
27659
2673
30903
1765
11472
30753
16353
46171
29439
12708
17564
7960
14071
3198
21594
47133
952
15155
10269
9116
561
36968
28898
2068
17152
35006
11750
4820
50777
17719
51869
27866
680
9576
16227
5305
4661
16137
6478
36136
35900
5445
42275
839
15419
4755
17532
22077
167
779
2522
12844
6666
1984
31201
754
1185
2808
50978
1833
25579
21142
2649
20303
35326
6790
2560
13321
38054
21432
19815
39260
4802
1717
36458
20084
2705
8225
38554
10637
675
471
8156
646
36752
5401
38957
2520
30046
4112
33337
1798
1841
10944
6063
13883
3002
4661
12117
15682
7548
38184
38344
303
6690
2601
1091
8863
2131
22541
1926
29057
7695
4380
14877
27464
47758
18873
38538
14193
10984
2439
13796
3605
10423
22786
815
37651
14210
18346
1915
750
23678
8196
3920
4799
14485
20875
11063
8833
23980
7569
4715
8039
4235
9168
17367
49
5801
10807
4767
7320
29347
6151
19402
17604
20051
10367
2735
3518
19674
4657
16418
8968
38428
54730
11936
37076
1260
14773
1391
9351
3421
23696
35306
34492
7298
10916
11908
45372
1798
19584
10376
11978
10102
12896
12877
22979
6847
391
10430
606
4093
1901
28380
27625
19213
21130
530
4869
22827
11927
13639
11621
11532
11938
2432
13622
3851
14884
21752
4277
37954
37508
42029
35507
25679
121
8885
1968
13585
501
7533
13145
15374
585
5475
6848
2427
4886
5687
5558
29582
1941
1200
2563
1398
10775
34595
27511
318
2282
20556
3208
6407
50171
47128
14556
1111
28785
3276
14140
20062
10386
48327
20925
21317
3860
548
47661
18332
11127
37691
42641
8182
42743
9334
48301
10374
9912
25091
23043
32193
24158
48080
14922
5598
15213
652
6109
52106
18808
29140
26913
2092
32051
2782
14110
7547
1928
5043
38785
4991
563
11948
21287
36608
25588
20119
15265
2984
1097
34112
29589
9829
50975
11012
37281
9331
14940
16548
22258
23382
36841
4404
18002
659
8097
13208
1222
868
23882
6391
21287
19378
10054
34145
25511
16419
405
8214
40389
56758
16109
7122
1098
265
28710
18230
9442
3049
29009
21191
59
45814
14740
14298
5121
38026
22538
1065
3748
8323
1
3115
21880
12699
2561
10315
11383
37135
2310
10022
12
34637
42377
47736
7620
39795
7270
1645
17730
17165
18296
1682
42283
670
29252
38183
16928
5580
6927
2684
49746
1120
18157
7010
39812
2634
4936
9076
5092
36046
3020
6771
21272
5835
17883
54256
25589
51476
1987
378
6599
28861
17110
13842
1
850
27219
3634
10818
2128
8532
39423
10966
5616
6542
6257
34153
36965
42617
9123
31708
5620
14499
10117
31960
1601
38932
7918
22877
26266
724
41250
4534
16231
5708
4302
22172
21846
39464
14563
27377
18568
29802
2711
35812
3677
11637
23061
917
613
2790
49363
10334
47884
826
28944
2142
25377
32877
13243
10121
15679
1642
9797
36520
21534
18856
38247
28555
6769
11399
24918
25876
25211
495
3196
577
7509
6932
16069
287
4951
15004
7245
4390
6581
13437
27597
25157
4042
987
33501
1957
2906
2717
17887
7899
9488
23760
11014
47535
2061
13362
14942
16043
19661
45086
17669
1933
3720
20518
35078
17640
2263
1459
14436
6677
16902
7559
4025
29336
9465
23433
28068
4310
8901
7594
13303
3453
7491
11837
6511
1
30275
984
29652
42276
28002
19905
17674
23081
7787
8243
3594
3504
748
32437
29703
25160
11721
9787
11291
19
5042
1366
53440
3567
2112
1167
25745
54990
30452
1843
1558
7586
5291
5014
21632
5
173
9490
5470
3972
5033
21075
5995
11024
4659
22440
47543
23477
4982
10805
21204
2456
1555
40473
15111
10695
44981
38109
14322
22893
6962
6861
11945
19219
1683
11112
4474
43009
20028
1187
22059
8592
14939
2696
866
18877
6001
7579
3707
1
15575
749
2440
12499
2573
25043
2255
5032
26075
27486
5596
1735
3079
8850
23639
2510
24939
27206
29989
13757
3284
30385
31205
2576
2337
17526
27615
18971
3528
31065
20269
38
33874
1968
15621
53172
14884
10087
41875
494
9442
34720
21684
16140
11891
5
27930
23428
2695
2
41584
23111
21640
486
538
9268
10018
2185
48415
44218
9263
10019
15042
35
25881
14870
20433
10323
3482
45180
1086
1905
1666
39423
17947
5366
854
5007
15423
3331
5449
29742
3098
26884
35619
29477
27471
13624
1134
27985
23505
19894
11638
3356
23922
28037
1896
10030
1028
1661
25337
16353
6010
4985
731
7456
36708
5265
2232
28630
524
1933
37226
23202
521
18199
15952
13758
22356
50489
29173
36367
9048
3698
14394
10893
17202
744
49739
14022
24063
19385
488
850
28338
3648
1483
11145
31710
71
7982
6476
27980
5053
143
302
12362
3602
25969
14673
11219
38637
5619
28489
25169
5193
41882
17038
3995
10045
5856
49467
23293
5536
2084
1195
3264
15267
11786
16180
6787
1
5262
25309
16840
14308
10039
8825
37367
18207
1519
6856
6760
23466
1330
2063
1479
5335
653
10768
6741
2856
32151
3182
34650
33845
2554
1409
1300
49954
9243
19350
4831
18996
1
1137
1121
3133
83
9229
4047
15247
9807
23061
28643
33538
7505
4149
6739
16695
691
17090
11921
34299
14076
9480
9950
19409
3029
33300
47574
87
40828
28546
24580
4506
1498
16862
9288
20840
57200
1814
13197
9298
10683
20670
33659
15908
1253
36127
4266
13891
4897
21888
2749
23508
8933
14160
45721
8474
1571
958
4475
21176
31418
13662
2338
10063
41737
2447
43792
924
30437
14165
14449
15634
3630
39522
20670
6650
16075
28281
10272
36338
13183
591
15700
30478
3082
26827
15556
6689
39751
35551
447
607
31680
1
40323
9946
10581
4782
30720
36553
29060
25713
3482
24485
1789
8711
10788
10254
56562
25313
1545
21586
2954
25289
5679
12710
14171
9671
8495
58677
2237
11356
1386
35705
11500
40376
1746
13981
1722
2968
798
5271
5404
44406
17404
32801
26346
19630
10051
1659
21298
17805
10117
6297
10153
32175
1361
29663
19068
14936
5714
3731
8126
1998
20141
4089
22976
15037
2051
21362
32695
16405
28657
41225
2898
16376
17273
17448
1188
1579
9803
14292
2081
37553
22135
43566
41027
10935
20247
1512
27845
8866
13308
21493
25283
14968
4670
6869
28671
22518
8
4736
22356
33915
47599
5871
39267
1717
13512
5845
6828
8947
33763
3070
1246
7995
11538
31985
1176
6393
2090
43381
13957
36329
11091
3304
37109
4722
16239
41332
25828
42776
2179
15722
4240
1983
22289
31038
679
2860
1870
24096
11953
15916
1883
3
739
12057
6868
15658
4709
2673
25035
14391
55167
9181
25085
1310
24061
13543
35768
13571
20285
17593
10176
9648
2593
9573
32999
2004
366
33475
57448
1675
2765
11214
43029
6667
17217
1
28077
20940
847
7121
5055
15522
6749
11490
2357
28352
1485
1140
18217
14776
11950
5443
33469
40155
2
24966
21497
10440
32649
36273
7524
17735
27392
11669
21390
6968
33178
9159
45642
22478
4450
3275
8734
24793
19784
22776
23364
25816
21111
731
12964
18513
42735
40161
14554
45215
24165
17753
20164
620
3549
28151
34011
6844
43759
7394
12969
13327
171
12859
33505
19021
1268
31367
3900
18670
13892
4790
12347
4305
14513
3
39098
10551
31684
540
4664
1337
35335
35686
39001
37865
38904
43414
7541
5365
11950
1380
57580
42661
9309
20781
52090
2521
3727
3160
10265
6965
13687
167
43154
7314
11981
36581
9377
5300
9225
1
25320
43018
45478
7721
48980
32910
301
7916
25808
10766
1488
5107
15998
1
1352
26062
15874
12035
36444
38300
7
3033
2820
3718
28380
39113
5086
11003
1662
1012
6171
3837
12656
1175
38877
23980
11249
3326
827
2172
30649
7063
7615
23579
457
13459
23008
17754
6213
56489
1735
920
2123
6386
42445
15895
23266
27872
48599
5408
35947
3017
10899
49139
3975
3555
10685
34823
36666
19509
42565
313
53323
994
10837
17700
698
34878
339
11021
9622
40650
504
8624
4
49307
22304
4257
7354
2831
4577
16914
1381
30897
36261
882
16247
9217
14837
42208
17827
16274
11278
2654
195
9269
3862
17931
920
23736
15072
11559
15879
13182
11179
25142
13228
49658
374
20848
33875
6060
11155
26799
20160
51202
4531
21634
28736
8590
33985
38638
73
16747
17747
9206
27525
634
41469
1256
17392
8145
4713
19927
3878
21897
33949
36606
28448
20473
2607
10016
3913
29351
4773
29420
31957
2433
20039
1602
6666
5725
5253
6893
27371
30306
2387
1787
16647
23152
4615
142
2426
14574
30261
18325
11775
15783
4776
4804
7835
901
774
8638
22258
16948
5112
39728
362
7533
504
17020
5870
6424
17585
20718
2714
17038
16914
28000
4628
11881
40246
14552
7635
14207
2616
3926
5293
22004
23708
48298
22122
17351
5809
17816
50151
7204
27305
20842
6293
18181
20865
18678
6902
1635
24881
6613
51432
39306
9995
6051
16824
13339
32271
40950
21170
18996
16324
18411
9551
18029
1260
20110
27138
2724
2605
9
41203
18383
4783
21019
9387
423
30308
11630
12746
3444
12230
13371
7756
43747
34784
4096
36776
34261
39649
9158
716
32894
6291
19137
2178
883
7964
1281
20373
31923
7697
17301
12187
9090
14087
9518
24188
22267
11072
9034
27102
46599
32085
7399
6636
7592
15278
5024
13432
16403
42047
4136
10890
21590
45
994
16212
7984
12168
32710
17067
45245
15271
3498
2346
6955
2681
1812
2605
555
29527
20670
22666
11181
4827
42815
39427
1160
50651
33368
5776
2453
13141
43538
16903
14245
8221
36192
5312
33776
17757
8496
12064
25077
29115
1209
26190
41272
23311
8083
1291
11523
20507
14524
10977
2092
21579
23248
32579
6257
26912
24573
25397
24683
23793
6650
13882
28648
15820
33059
12823
10213
46763
27203
5572
10944
7496
8955
53991
19988
33402
34710
1097
8042
29376
39910
21562
6234
15088
6155
38971
146
15840
31069
25675
1342
1051
43119
2148
11544
15641
597
8599
37365
19022
12408
2764
3073
18959
33506
6433
28457
12062
41672
18420
30
2745
19311
15742
33802
49960
28622
42582
37665
28833
4885
8287
27524
4431
38055
3242
4397
8605
20776
739
9650
11824
6714
44309
21771
2712
32940
2351
829
14553
5946
12544
20154
42728
19267
6440
40268
44402
9407
511
3437
22777
47350
4927
12072
5935
28806
6136
5
7198
4714
4890
29016
3722
3474
10
1612
4311
3232
10634
9964
8933
33162
8545
15308
5071
14554
3783
19109
11010
7205
18524
1338
17554
1109
448
5887
8790
26068
41973
11663
13537
37061
8773
2391
27866
11481
24301
28597
25842
16071
7591
3252
15348
4099
950
17148
5316
40341
33176
1205
6909
59211
2910
3822
19808
34148
6867
11396
7142
2865
747
4038
28575
27083
2471
12158
22261
4186
3830
6885
21587
10395
3489
47073
14121
8955
22362
5560
38061
1
3629
5108
184
3079
4195
27639
6273
11526
36241
21542
2633
1308
22702
4900
16589
17754
8004
2107
42537
12880
2455
27
44547
1198
26324
9964
6830
50666
9482
7194
28024
9183
3272
26280
4736
6103
449
11926
47149
32577
1434
39030
7729
5036
1372
3102
5739
4184
4062
15015
22297
23569
1
1090
34471
32569
9156
5202
55325
40298
12381
41553
35788
15390
734
18097
27445
1
17879
17255
24334
9513
7803
13091
19946
28451
10363
24792
31591
37897
18863
14421
48941
8872
9677
29453
7094
16234
1778
37211
15901
10130
3895
23941
1722
41369
23640
1515
44332
20221
5466
2752
39486
4034
13676
965
18165
15259
42891
3659
9542
1
109
4180
21577
7964
10914
53886
5763
4229
4483
4684
10463
9395
13663
30217
408
11566
932
19559
1851
17757
11676
876
11800
9730
7888
3152
17933
11461
28864
4013
23298
18141
12673
4968
58926
17676
2109
4357
13676
13797
29003
13096
16014
30174
12879
1122
38095
14663
9335
724
15191
9427
3208
7376
25360
6727
20454
6168
7994
24284
19941
4168
267
11430
40843
3092
21721
10274
10768
20764
34180
1579
3138
2189
27439
6955
22900
22303
7185
4185
12917
57703
12297
6608
7964
48151
4246
16086
8276
21123
11821
22569
9497
7064
16176
18816
6494
36728
2126
6392
29098
5339
4600
35240
36267
45206
11123
8993
40598
16995
39102
13062
242
3713
7498
16730
1981
17737
37603
3280
25574
1292
31896
1916
4761
28350
14803
2478
414
12999
32538
4
7515
38022
25050
7266
4536
5703
813
18801
24779
11229
1892
7086
22920
1517
39008
36329
537
40314
3716
11334
37058
14899
33702
14347
17807
4510
38365
5457
15108
17183
18739
814
6581
14307
33530
5257
13308
4458
2117
615
7376
25224
36563
5229
16383
2119
21532
47269
26789
5944
21741
2079
1177
7400
6182
22827
11156
46059
26281
32189
8206
1919
1551
21163
1470
715
14023
3355
8636
5092
23718
46866
38246
21103
30154
14493
39308
8069
13564
23540
49578
20740
8551
13302
35359
4571
1398
285
39156
848
9250
53555
19714
25675
10482
626
2749
27
3129
1101
1687
1130
56394
28538
28119
12530
349
26784
20765
295
21807
13874
10622
15383
5704
13774
9884
29900
30243
26378
12420
12236
1915
21299
1186
1055
405
121
32581
7743
22596
44291
2193
5655
20037
7258
42774
45679
1
41698
2990
7140
2927
7072
28952
38921
22894
12406
1883
1
16521
6670
8820
333
14818
3184
622
2309
8635
15756
38751
243
17326
9621
14947
23930
21130
10878
7611
24552
748
23796
11594
9504
25902
9556
42951
11954
23113
15328
12996
24658
20482
15187
26136
12603
2293
12224
25573
13359
18955
26940
17485
3916
5592
12015
25966
1930
12320
35644
37915
15595
8042
1597
10193
3523
36777
14918
45300
6061
4444
40212
47953
13094
30932
20762
8780
14092
18569
6986
23993
3087
31485
44169
953
13673
27290
3525
4788
52221
18449
2803
1229
5534
7182
10995
16059
55366
31977
14990
2248
1524
45103
21318
12500
24199
19015
638
21228
34826
10444
4194
1098
7212
54898
4789
35144
631
27186
4430
32296
1941
5918
9448
16851
837
619
42373
225
19525
8
6217
7337
14672
21150
23059
16635
11849
2319
38002
20850
1748
3335
30181
18056
21854
8725
14659
12785
13719
41320
4758
8016
19989
37134
7937
7736
35038
4956
20118
16644
12223
24640
38132
1446
869
12747
24878
10016
882
26922
7953
25947
9082
8426
8188
31073
38559
5510
58587
3825
47310
2523
1523
29918
25892
12238
907
1624
5499
10561
26103
7022
1115
16040
3431
56481
350
10247
16499
7287
4833
45220
1304
12574
6219
21468
14454
12634
834
6247
25957
6448
8123
26272
6754
200
8729
5653
19323
3873
24865
18090
29090
38485
2670
8284
21760
3919
26681
26257
4653
8367
7154
894
4369
6449
28119
57138
32
42224
9694
1306
9897
2628
22144
23666
4453
23510
14638
12616
50289
10771
17207
16499
4567
5013
13313
58391
34394
34193
8051
906
58698
14247
33043
23893
16860
4772
35426
26099
1220
95
20603
2608
29831
16547
19259
54403
15406
16215
467
46772
25582
6988
1653
31627
10222
14613
11531
13569
33804
14928
18711
25783
16939
20648
29967
2693
2688
345
3772
19249
10783
14564
9129
7561
21068
13019
27328
11069
44168
65
34786
29374
9640
32229
16340
15640
49724
937
37186
27300
4014
1791
24556
906
4699
11035
5355
7807
287
2328
3174
25327
33952
36366
39307
48611
17897
34387
21436
3316
34898
18192
9952
7182
37195
24515
11100
46603
1343
25786
5921
28875
6585
11488
7089
36567
24875
2918
2878
33866
4680
19062
13648
50560
2275
8478
20145
13695
22137
30479
606
19087
31292
5232
15925
21898
18098
19988
28775
13941
4088
16805
3839
35289
1268
789
17882
4485
1451
53501
1
12128
25268
39869
14048
5522
29348
22458
10389
12388
12502
13983
1016
18648
22977
15493
26695
6018
43956
5266
21811
14464
9961
19874
24802
2312
32963
3122
11563
25433
3
5238
16558
3174
6730
25541
368
8391
2864
8727
12933
13408
59915
40317
18209
19457
5227
25723
13550
11748
7065
6261
3621
6872
28676
15820
7830
29453
19580
1417
13296
9417
48170
11995
2234
24343
20
5341
6245
12915
23228
232
2214
6050
3001
31
28997
12855
1034
3714
47617
624
11976
11274
376
41760
9012
41187
3282
33421
30618
11548
23452
17416
14163
5004
36892
17296
2115
22896
32882
5860
453
14212
19987
37173
340
13003
11502
58144
1013
5611
47113
5906
1282
10671
5911
47652
49428
16381
6582
20219
3559
18105
33754
4303
8589
36413
9391
318
19183
27956
24373
35332
22818
2842
20773
2454
1
4383
5174
3897
3060
18881
5286
3807
28870
37443
8325
2080
8524
26655
25500
10801
43135
43633
55805
10878
7346
7830
31661
4569
50331
20421
33799
7407
9290
18433
13387
29267
7109
52961
9977
1344
25033
3800
48911
37333
46720
7198
42820
27406
23670
675
23409
13972
31207
21850
6013
7762
13992
5477
12486
8231
12894
8414
2
24662
21773
30143
20482
16200
8340
17879
6268
3823
38890
9232
2779
12030
7957
15797
5450
10850
38251
28628
17391
7821
15107
28467
4921
197
25318
1238
9445
6447
5153
3981
22241
3153
6338
29237
34633
9410
5768
14062
8139
20852
17303
51655
28228
10873
13816
41745
21073
52889
15541
3486
361
7679
13027
5487
1169
8947
35287
23772
36071
3157
42458
1716
43213
4497
21397
6158
11321
24097
25395
1
10647
30537
23119
225
3057
9128
2221
28825
3834
13866
8136
8954
46243
25931
47614
5789
2461
25457
3219
22404
56827
19729
29880
11280
8842
20566
1214
32150
43705
36556
2417
14516
12435
18266
318
41797
31903
9559
17394
50688
39057
12928
14331
9593
3555
26649
28218
9468
786
55652
2949
6113
42779
7588
21212
8134
19192
1920
9388
544
22527
12817
36658
20587
24072
2224
558
31160
16039
4439
1768
2774
3796
16224
5051
6792
1234
11968
19846
28693
27137
7917
1327
607
27796
41388
27117
9981
2421
51783
17155
34517
2405
4304
16514
806
34665
7192
32398
40687
15003
2405
20138
12148
27894
7015
3333
7805
53505
1599
866
34904
37712
7695
1327
229
5330
8596
49640
14643
16724
5445
25204
15159
2
44737
38272
6864
18793
9020
1634
29887
2821
14332
4365
17254
7624
33259
11017
6289
12350
33374
2122
6515
6076
2371
24841
5328
23254
4797
187
41572
11838
4226
8439
12364
32758
1388
1734
12140
10850
33594
28178
19939
905
2046
35336
14236
68
1731
32
23591
32661
9730
13919
25904
29069
43400
1813
44241
18538
5309
6205
3140
15631
15814
9680
26107
10025
430
9389
26649
13441
22552
1735
11727
4174
13437
7498
994
28970
5524
2551
22198
38163
5716
22110
11
46498
14632
49281
20210
6330
44739
12527
19105
13278
37955
17467
39953
25892
18029
7911
756
24123
466
3283
25280
994
11310
2026
11965
18862
41997
51183
33713
12985
18826
18398
5738
5221
1325
14793
19902
27299
35403
30019
11532
3951
27127
8960
8628
10857
2443
3490
13012
31197
20923
27414
5637
7400
24697
43190
1614
27840
2734
922
16722
21926
3565
3531
2661
6345
7857
26948
730
49096
36617
11984
5680
228
3065
25140
8952
13479
11658
12226
15224
2658
19096
8160
11820
1183
2586
15477
17288
1036
7777
770
21120
12544
39511
6115
15035
15928
586
8017
712
28573
11874
11069
2294
36631
9908
10547
6836
4090
833
23610
32034
17672
2918
28793
12258
6123
1915
22704
14603
24473
4129
7355
31810
7422
12533
2640
11
13228
1242
29165
44468
23239
40302
6863
2747
21033
24321
23242
26229
1033
1319
40143
2
15079
22998
16405
50217
4976
859
13353
43946
4202
11264
53202
31011
20499
8688
7041
27154
1713
2276
46709
7342
5110
25856
9866
28269
12474
19169
15316
9274
3712
30699
51475
12445
9481
7343
3588
57122
29499
542
18675
5354
2305
12267
4687
3566
277
20069
15066
1333
23542
42597
17959
668
3233
9592
52101
8955
21156
16512
1780
15540
1384
869
18308
8264
13261
16633
30029
18985
19142
9484
35788
4021
8368
8332
12373
14032
15983
3758
9085
6
22040
10448
17166
25236
17371
22042
6634
32557
20760
5074
994
41430
18200
1812
7127
13759
50953
34655
31437
27798
8723
49083
9051
8095
29433
16756
1
42387
6101
7104
5539
3376
3573
708
6295
27915
3474
40822
23848
33707
5578
2734
38153
16010
1314
11883
45689
16289
16455
432
6656
4366
20592
32001
925
11788
2455
5067
10936
16667
7972
20776
5493
55607
20586
4884
33957
3069
4945
8453
8641
1133
885
6102
4148
47364
3564
41174
11084
5239
7078
42124
4877
6959
9076
14910
3649
7405
27597
25925
3384
28521
10529
1563
1214
2
10933
34897
7759
29966
2133
23260
4135
8275
2419
3919
3338
1436
17374
7422
7745
319
3531
2194
1
14063
15662
11788
3368
19188
20213
8820
32305
58934
46876
5
5098
38314
8457
1285
26530
17153
30
1887
4449
29335
36218
508
31205
2962
20508
24144
1182
26118
7997
19672
3746
3108
19624
15525
1030
1057
201
27873
299
28771
3907
18016
34847
4398
11685
22383
6397
6162
2555
1223
42589
22540
35503
6017
49193
6989
8373
7014
34491
15788
14969
2494
16209
8122
29430
42981
1952
7807
6939
23883
8729
7300
2511
4821
868
4790
45947
9930
3624
1406
49285
22495
21248
21126
22090
12582
30012
7169
17530
39424
25346
25914
28629
25391
4832
8165
38264
8433
28373
32358
19273
9020
30910
19313
35196
11485
11502
37819
50519
22273
56633
4293
14833
1036
25094
54561
15
307
12551
28891
18814
1626
33345
27643
13772
885
40323
642
14023
22590
14019
2519
6517
23268
1917
11057
2529
9348
9738
10429
17955
38310
339
13475
2109
4354
5644
28009
3565
14021
20723
6719
5250
20416
44516
18614
7960
14290
17790
36425
28436
22944
30647
34458
11046
8196
17114
51758
18205
1064
34353
39796
56702
9434
1258
1749
50604
406
9924
7934
8419
30170
6095
2520
6652
19829
34045
3310
27208
12597
24732
2556
18329
12355
5030
1804
11511
10280
16478
775
20913
8247
12042
23214
16002
4710
48984
9685
13522
7409
8271
53479
12007
759
19473
1333
11072
26582
2767
4300
42606
21293
33584
302
7490
21321
14100
21325
33774
15892
3151
2321
6884
22398
35370
28350
14640
14753
30404
24642
12700
14969
8950
4876
23254
34300
14221
11590
29836
10249
13371
1405
15028
36886
14285
7046
2814
1
39
6050
45135
4
9662
4497
26249
273
4751
51830
13492
44315
49
8814
15339
6803
1877
5248
12593
564
26547
33519
11994
4810
475
18137
17875
2151
995
19008
3712
12769
5324
8596
805
35779
14099
12695
1683
57644
7670
19265
5215
8916
21348
14355
49811
2138
13341
21225
36633
21759
8259
1448
234
30943
4810
10366
37959
9495
2961
17319
16733
45937
19465
3177
15916
11555
35699
7664
39098
38999
2299
1988
36805
17842
1886
24602
67
4398
22147
19986
34533
760
4723
26536
13136
23902
37161
31149
15660
52001
4856
3387
24128
20774
15767
11239
1403
14055
14293
229
704
38470
16579
13801
7152
7
14440
11751
26703
17631
5395
45327
8209
11582
15635
40045
30667
36266
11158
13959
2543
3485
7754
19310
26337
21189
4789
337
42028
20265
10542
23550
9246
26642
19501
8120
1333
7821
9066
8044
11083
3801
6202
7840
16890
356
27008
9412
1467
5711
204
34494
35825
28507
21817
32739
12627
294
9512
204
1926
710
352
12748
48058
13207
4211
24390
1444
8901
21934
3585
2314
3496
44771
38128
29789
26928
2376
17423
4473
903
24246
34643
8345
1756
6908
25417
4305
8534
3208
3739
5695
37914
2143
5165
39586
37190
233
1389
12053
4626
16435
20358
1704
26422
1779
4083
32692
2213
12452
1010
22167
20406
6320
3856
48408
5209
10292
20068
17906
14208
3944
16842
38279
9612
1614
23202
13698
28008
1
8470
31594
18210
21542
1713
3739
15620
34861
1392
555
555
20353
24421
18351
30010
8195
38676
1536
24943
8224
7341
47734
1745
665
18915
10391
31436
2055
9967
21532
24050
14149
44500
3721
48452
4537
11034
309
16254
21568
19384
9524
6453
4983
2192
28423
12120
6754
17821
24679
47078
27531
15182
38307
9781
3700
2266
3684
20910
54182
7823
27777
21759
4089
5416
49409
1533
28826
686
13561
26222
8644
2479
26348
20174
31914
14804
621
22905
466
5758
340
8011
10317
2397
22076
15629
288
30485
6926
1
29793
1060
31628
21993
22123
43657
5730
2228
4964
22247
8170
7506
45140
34261
1594
15863
25223
25270
298
16048
22405
4962
13936
18329
10218
7233
15435
7007
2170
2624
14379
35155
178
13752
13689
24962
3532
21795
15646
16872
2880
17994
26643
22660
2509
4610
14054
52061
45498
2215
10187
3095
3421
22511
17432
14692
10084
3325
554
5753
5092
17532
24974
2058
11365
9439
15
5031
11874
17031
285
21258
20384
15124
30050
4656
7822
22604
998
38
12210
2926
7683
19112
40320
5488
6495
3895
856
563
3200
2931
25403
6293
38511
28842
6158
4132
24472
618
791
535
17093
1169
15980
18279
28997
42040
47564
8452
3261
5848
386
33329
12
29553
13671
12636
22840
5275
10066
16674
14886
2511
44697
40743
5493
1663
2955
665
46150
4943
355
12495
4014
27147
3459
6849
11882
4286
20634
4300
16608
20207
33696
25964
45464
910
21072
2394
706
3323
8536
27788
25244
10099
19421
1056
8549
1515
22835
39731
11747
7029
9281
35797
2996
12076
18983
2962
2250
375
1405
29732
2253
1477
3380
15420
6721
21912
24371
20
195
13377
6731
9608
3527
9245
3130
14484
375
5546
3498
6854
23348
24219
5803
7206
7823
4636
2079
5242
31777
30509
28503
9369
4699
15198
17024
6819
1963
9771
45365
27691
9890
1863
25299
306
52347
36616
26012
7895
52668
11664
23800
16373
23250
6819
855
9892
9666
26529
16851
7324
7591
46829
9470
15135
19210
19942
1
23215
4089
7674
14134
16634
33512
2251
10965
2135
11299
37658
26625
13652
28953
35506
9816
39927
25364
47350
10529
53420
53878
14564
20783
19956
8382
14512
20
29
1606
5950
6339
815
2257
17474
46903
28978
20499
51152
44859
21523
3949
2777
5347
9397
51075
5975
578
9574
4335
2877
7701
29052
4470
30009
11176
1149
16448
47660
3397
16706
15974
12531
2531
43909
3193
12158
27430
545
10330
30889
27827
38455
6113
10030
31118
15225
25366
2184
25896
46972
1010
7589
2574
530
374
42613
10410
15820
37745
14465
34309
55264
22910
6101
50823
36183
4991
5994
5028
421
6207
38926
42690
8724
9438
9521
2819
9735
21161
3268
2769
12370
12455
44293
27899
1546
11199
15611
19059
10228
10134
27632
13994
2230
2011
21340
30769
24038
2989
14967
7029
30874
29755
29595
40775
1849
5238
40284
34576
14684
5752
16
21287
13190
17137
29202
6600
34213
3751
25441
38863
20776
5
5284
27684
12975
23835
3095
2694
9092
26183
16986
32588
13902
35315
13499
3954
10526
25133
50650
52376
7144
16021
23573
26081
2911
2788
14218
1
1696
832
19981
34971
5811
27190
57
29850
39972
8856
4662
28312
2698
15277
5407
9889
26281
4507
22520
3888
17771
18689
29750
3091
2431
5919
32387
28308
10480
33462
19562
18195
61
16708
2134
915
49673
32729
519
23076
2405
4
21026
5330
27801
23689
7537
47695
2088
6492
27436
32788
34799
7313
33493
5121
30593
7642
30251
2022
27440
11749
5030
15599
24830
36886
3182
47086
2477
15395
3563
15986
25225
7071
20469
53781
15435
2728
5225
778
15104
1040
16046
41291
14662
3083
4472
40745
13590
20272
23773
37517
8393
2372
28453
13039
36554
2930
26187
17836
26099
16769
893
16505
407
4322
27259
2676
3767
2382
3220
19471
34888
3024
1083
22
27361
8019
611
5410
19728
622
22493
4181
51691
2737
4349
13545
57418
47079
7080
2812
25666
4409
5546
1310
2132
4837
13153
18427
3672
16374
5191
6367
357
307
7923
23208
773
51060
1386
17160
17003
48534
36088
302
6177
3033
1144
10837
12841
1785
7929
4849
1810
4563
5761
10909
1260
10615
41426
37115
2103
23581
12152
39263
49956
19035
993
52526
28005
12067
1282
21879
15175
15073
2752
23398
1507
2559
33502
17973
45749
46812
3983
6208
21950
26111
11
27552
14670
19186
32591
24138
266
7260
792
1
1490
28222
40316
20198
4753
3589
48411
33875
14172
34300
42494
11669
43204
25824
16270
13889
5580
28329
2807
13186
12717
1709
11927
3757
47166
36874
15
41674
24639
6119
37613
33945
109
21245
47694
10931
1
25303
1608
3087
36430
23321
4424
11991
20462
2439
456
3863
8184
7154
2335
2564
13005
29066
47162
17737
14964
1244
6967
16393
44837
1013
1858
10
5930
2145
54508
3
2288
2008
46101
881
6429
3625
16255
28799
55013
4768
13309
6858
6226
16553
7058
4064
442
31209
14135
8423
41939
2212
3509
4291
10870
10385
17080
52072
993
15830
6020
23521
13836
6147
14886
623
17268
2601
6319
30676
21233
1128
36583
43652
43569
223
738
20902
50510
624
32394
4463
3057
38201
7015
25022
30240
50702
18206
33885
37856
22985
20347
16600
1152
29398
9451
1
27710
32393
21493
562
10586
18715
3105
50683
9109
32918
20503
5891
45793
32821
25487
10490
19971
1192
9042
23307
48902
7177
35407
43665
2
35993
4615
32816
874
24530
1865
17603
1603
42087
3228
19890
21587
9802
10587
2895
48248
19608
2179
2136
1184
13502
13653
8165
35152
4796
6500
24865
38620
41121
44411
20390
46167
12832
14717
21504
13756
40382
11130
11769
44842
28465
5033
24438
32502
10230
8253
429
20052
46607
12647
53153
2557
6248
1436
6861
11496
39524
34422
27362
43573
6439
16914
13043
19248
13797
12964
41918
23110
1172
44123
30361
14073
40373
1786
25375
8658
44681
3904
44749
57002
35641
4820
46085
6692
22300
4202
1759
7963
16128
17915
20120
26449
5006
19192
44644
25887
14852
10201
2
4384
23319
16584
2646
29162
7695
6601
24502
18
843
838
3772
101
3664
15382
24116
8525
21083
2
26553
39447
32087
15626
15172
25
7616
18958
38991
37128
16186
29271
19133
10630
43550
5107
5769
18722
4438
21485
23198
34023
1872
17620
382
14706
12639
5762
11375
52595
1739
2748
15363
16690
38237
15812
16445
14166
50809
49581
50163
11520
11884
31
3947
24270
3340
4033
14347
16673
30150
10860
35866
33930
24242
57246
1556
491
1855
844
448
26264
14239
1617
17596
29547
15765
4982
2445
20115
21315
25532
4837
15760
30351
3023
4774
22890
60135
1450
19140
1750
10343
3158
20082
19753
10294
3015
15289
32472
29911
6869
3352
27923
6716
10692
7488
1687
29833
3178
26459
4435
4693
1483
8481
50005
1298
22249
1034
7264
3758
17213
10014
4428
12007
22873
14238
22330
16029
6910
11832
1137
1968
3686
1126
42906
6080
51310
8069
30924
31721
2963
24591
16557
1878
5662
13032
1637
18371
21291
29963
11653
10781
16171
4624
41135
4102
2446
3928
16707
24779
6091
35832
12117
10118
39918
2066
36540
30095
3461
5860
1899
22746
17657
7737
7652
37884
13619
1285
1678
15149
9537
19777
14949
45093
4471
573
20247
1268
14752
3763
2087
24519
22409
7427
2974
5734
12800
48
8232
3690
6013
5102
11169
257
1811
6134
3453
6244
27409
25504
7522
8781
47529
11864
44406
1727
5459
28843
4053
9524
24700
30780
22100
1
4149
7899
16599
1267
7848
15932
790
26683
5002
22457
6333
5610
10683
11014
16393
16530
3472
8699
24266
25189
17426
8404
14729
5747
1373
344
488
20460
3749
37075
10643
774
14569
1905
7693
6278
760
1608
5121
49611
40284
4873
19189
1842
34860
8301
7908
30131
43750
25886
24774
23475
47299
5063
4796
40113
36556
3590
13677
35347
17765
11745
9061
28124
1797
13160
44153
16989
22
16834
33619
13013
22811
7265
27858
23622
7021
18171
33955
15831
4335
1334
47513
35475
6271
3424
7607
11298
57743
3917
4137
11388
41802
27252
42107
471
57307
40168
1
37051
9044
516
13805
11660
46675
14026
28733
13336
19223
33791
49950
27473
2
30380
1491
2580
7633
22008
20731
1596
5318
38256
405
16978
29325
9921
11148
34988
8042
22928
10384
17800
12045
8549
20046
30179
31752
26988
8351
9083
11159
511
13975
255
22770
6846
37437
9107
53510
13596
23808
473
38835
279
19330
10874
39993
38673
55348
11314
56045
6765
8986
26094
1328
28660
1712
6589
2524
5949
22682
4656
11638
53059
18941
5078
5529
1922
4607
35575
45653
29449
583
27377
5026
26819
16738
33817
49181
28029
8898
10608
1219
8384
2612
24453
518
14055
32680
1864
18223
22994
2908
21279
16860
30437
9234
19479
7796
3499
7477
5534
2234
7292
4010
19045
14347
49223
10774
11898
10866
1291
4732
20417
26654
41929
1926
736
57611
5070
44797
26106
20145
13
32428
18844
11524
28425
25705
22073
22748
38217
10361
8288
16104
39065
15658
1
55340
14854
858
18848
7327
7453
3
8562
34605
7422
15957
20730
13511
8685
10209
1563
14448
7503
24821
16784
4606
3300
1353
41257
3046
30428
11722
7772
27070
38183
25560
16104
3996
24340
15143
14506
22398
6102
12381
17190
33180
25963
16085
3785
11212
1079
8146
19408
28386
9
27369
14216
652
32886
6865
27192
501
426
1904
40583
13853
3
24390
4278
17955
833
840
37489
10712
29
42972
29326
4189
4199
2
325
4600
2754
15447
35398
17774
17757
12714
599
11272
13868
15164
2918
31829
14789
26394
36424
8248
2348
8759
22414
5637
1461
9095
25409
6333
8613
15407
12313
4382
356
203
6193
5536
30151
21251
34773
673
6897
33339
1370
40364
9568
11206
19665
9875
5418
30978
2
11306
2992
19494
9371
28077
338
2160
6190
8849
16979
194
3921
1218
1285
13507
2760
35197
1358
4601
1536
6118
12133
32347
9807
16272
11204
16525
14110
2083
5757
12466
6279
54813
5125
51241
28489
9106
2216
12610
2585
2236
2641
7818
14845
2848
25472
8284
12190
18771
12766
2582
33794
12275
12083
36099
13321
5628
2592
39913
3122
2531
21662
362
26186
10048
15974
11869
6875
4611
779
11419
29970
1
16044
3555
2255
31899
1549
23
5739
5420
23576
25975
22735
985
2892
22167
23392
10076
11375
37394
2270
14196
21049
836
30753
47357
30310
8522
26276
2098
10874
716
25684
15982
996
49042
19470
12567
47245
5638
6675
22100
21313
30276
34497
11316
13422
16432
19787
33222
53619
2320
16238
14555
33172
34070
5059
25916
477
2720
8327
2777
2546
589
430
7948
44569
12998
50250
15787
3897
17496
684
14672
174
4838
12338
8149
22944
20424
4426
544
2229
1380
561
1076
14810
9038
45809
27540
53383
12816
2394
3585
15461
41687
14
25681
19453
24010
8352
44644
11251
3685
519
22269
499
32591
14219
38668
10774
28021
57193
14705
1518
26162
14587
8200
17911
7029
1137
16839
57994
426
39973
25947
16752
6961
13697
462
24511
17062
27491
1323
28687
83
44898
8233
46286
4919
590
14774
1830
2908
11305
39998
32945
17118
28051
19849
10300
39257
3572
10199
7628
27752
17298
28307
31885
10453
12364
12129
54232
1707
5581
488
10992
21068
6938
20396
2532
1399
1638
4642
1
2113
10522
29463
37900
1434
4922
23010
17192
488
4387
10942
24823
11
435
20594
3395
11881
40081
6555
14724
5235
8211
21590
31177
33833
16729
40854
9393
4861
7006
8057
36516
17327
2505
2414
15601
799
41123
15866
35919
23223
7906
664
1523
27038
13745
10624
9814
537
16748
28315
6757
14270
6697
2852
10793
10877
5032
46606
3234
2677
16613
31632
18075
30557
9371
4007
13343
9956
2608
15381
23605
1926
26015
36549
7870
31233
38254
1625
8363
32477
14816
1815
9747
1202
3255
522
3524
5262
39057
162
10658
4324
1
16
7394
16071
492
4576
3862
11976
5726
46306
19759
1
27082
36306
19946
2956
3414
11788
20574
3380
4420
44917
4432
5873
32386
4329
12733
28942
33299
11980
39861
842
2220
13905
18791
12195
28993
8957
7428
12170
574
15953
13224
2335
29416
9611
209
16819
40751
6116
12095
56019
13935
15950
17279
31919
2539
26185
5611
12311
16405
19453
6763
601
22423
7652
13116
3664
155
19632
9725
4847
21578
23238
32296
8889
36082
5268
39907
19967
17042
20869
10709
24495
5180
898
14431
32333
37987
14211
8077
11121
14739
8432
15672
2113
9329
8169
3322
5128
36391
31193
2
2014
16477
37355
2
48886
29502
2854
2466
33517
42169
3432
40
12292
11965
6901
1133
2585
30370
8254
9005
4098
7326
45412
18156
10694
3645
33595
4950
23630
771
24473
20610
12544
7122
21847
7516
32405
16176
17089
19729
52587
3402
3141
294
38630
3095
20887
12517
24702
11510
19683
32111
2918
11872
5
14054
51195
2429
36717
38561
8326
4683
19204
3401
24181
434
33129
1920
37748
30358
22366
5775
12668
32855
9809
5100
26255
29098
3613
26811
2094
30514
58443
10820
14899
38696
4846
472
7843
790
5973
14889
14343
18850
37871
20962
47535
27972
4991
7324
41758
26975
23039
17051
18806
18758
40140
50481
586
39810
48568
4425
10140
28882
19858
11869
17241
9
18789
3030
14074
25331
31036
16776
7826
20275
5073
9764
25352
40361
44752
25180
16469
18300
14848
54621
1125
50816
9
54
50474
3898
32384
8766
42961
17002
5313
23193
4255
389
47800
7
3185
14963
12266
15404
4970
34252
6960
11496
7193
13521
1027
18500
1696
1610
8170
525
1
29401
14172
8597
25433
19807
18102
8569
4861
4752
10662
52190
17444
2771
16040
32975
13332
20575
11182
12127
12463
1554
23797
3437
19512
17267
29232
14892
4587
51524
14951
12203
1157
38855
2626
5581
8324
35202
6612
41399
24539
35517
25845
6368
6885
27881
28628
26453
16954
24933
7299
19844
43743
17831
24707
14303
9442
14087
19308
350
33201
32710
10181
4408
4927
22069
9683
8130
26363
20158
35564
37813
35425
25130
15946
53877
6701
8175
4926
16296
6927
36811
6307
1
6648
46564
29147
3725
157
11525
44092
23716
9820
17300
16649
28084
10359
36049
11477
13065
3973
4315
51489
4468
58790
418
29554
1262
47180
26304
17598
16913
47449
38682
6648
3854
175
731
6803
5795
2552
25750
998
15397
6305
21308
1126
3294
23081
7142
19438
5539
16370
42461
12125
15063
19868
16690
33713
7580
18259
3553
47390
38857
40021
5720
685
11761
4445
4169
4267
989
38095
7326
5488
10300
1995
3544
17577
12065
9686
4038
7631
20281
48990
47338
37674
10460
10407
29467
10990
1764
3728
32105
3113
631
9338
15381
4133
31641
2974
492
316
16324
19048
36409
2047
9783
36340
21475
50423
19466
3821
24736
43866
48949
5099
24496
4183
19567
8449
6680
1784
30465
18397
54820
1713
12548
13294
7564
43130
3580
17388
4407
29551
5108
8752
6553
5754
19572
1533
27922
621
36894
19087
302
4
33104
6085
1115
8115
41721
591
35372
17457
8434
46701
350
41362
29958
23161
18926
12058
2647
10508
7021
37431
9462
4772
8890
1694
5004
11412
11736
4783
40881
55094
36547
43071
22742
1007
17602
36468
205
5436
20670
955
27063
2145
17841
3026
12208
22
5188
11966
19117
21638
5977
15352
2146
15330
2445
47263
424
123
23239
3310
3560
35484
6571
1080
9501
3243
19934
48743
10546
9936
2607
26401
31771
3225
6505
17795
9537
39998
20125
2
12375
18429
6430
55926
3806
5684
19671
1867
726
20943
1
11125
21873
9354
18061
13395
9733
8274
43826
29496
18742
14366
46682
8830
2
16213
20933
21031
18685
314
5002
4466
27906
7679
44156
33293
48678
2078
1541
21994
11504
23732
40651
6916
34883
27790
1805
32970
1221
4464
5963
8229
6668
9205
28391
9979
40861
1415
22066
10142
7499
608
10833
23134
5080
27507
36512
20690
25521
20251
737
29051
6877
7750
15818
3
616
1813
193
10338
25073
16466
8898
12940
8979
12363
14542
41612
11466
9945
24407
40514
13090
2402
1211
6351
2238
23540
879
5730
2979
48860
11040
19341
43851
13474
1505
17977
10973
36
2573
25919
18750
6306
24163
21143
992
22983
6187
15260
1926
26933
5268
14982
25716
10677
18062
27805
2713
10554
11232
1773
26857
34752
15723
6052
31148
23923
948
26949
20834
27820
5758
4259
5846
25698
4726
318
1134
2467
7849
7308
17083
24998
2082
6167
35905
15028
21743
40595
14767
32018
6548
1251
15065
9564
2969
8434
4666
17363
39845
7701
13981
10475
28424
8858
47065
60808
27014
15455
11734
7336
33145
30144
39031
25415
6025
38200
2511
12803
2633
6616
29448
24021
24603
2589
18447
4807
1639
31886
1551
5531
10522
16575
14747
9771
6829
6200
14790
8690
9104
18044
7471
31989
6001
280
4978
7135
7374
46499
56472
24039
19999
38245
32662
7180
29617
33713
2403
19376
17545
3748
4047
28015
19214
7964
33802
11685
13852
7782
4351
1836
18556
11674
21623
36786
7263
6714
26840
14439
19529
1164
32866
10273
30298
29108
3615
6402
3288
4901
2444
13302
29802
28356
1156
44518
6816
25652
517
35894
17366
24136
715
3431
13473
282
44247
5290
28445
10550
16020
13358
47041
13261
39881
7415
23957
6378
11557
3278
38610
1448
13423
566
5016
20779
22320
8075
10642
5970
34748
31455
17161
521
39705
42231
1766
18494
3623
10965
8581
32581
35405
5561
27788
28689
5804
7026
18589
19018
33562
23801
16279
1033
1781
4199
3490
11358
38163
5182
45432
4329
25549
17479
2527
2881
10815
2855
2559
13427
5009
21914
16968
8640
933
2385
21084
829
2053
539
10228
3190
15443
42941
17911
17718
5722
7394
4513
26264
5048
24862
637
6005
16494
15574
7334
3040
1087
8836
21936
11869
7264
21239
20529
18562
18839
20883
6718
12488
999
30221
44864
33188
10974
21325
40568
48341
6170
57587
30375
7372
26114
6829
23655
5875
2
6742
22908
16014
1
6254
11238
2750
6114
23727
6997
8084
31280
14916
12343
41152
7333
18952
11631
448
564
572
15360
21151
1710
30474
11591
39456
5288
3038
4439
29014
12795
13967
13328
22071
14829
4540
22642
5296
6694
216
9691
4301
22461
21738
16981
2760
3
36533
323
3820
32937
31258
13098
13490
37051
37170
25940
1816
32645
51743
10054
4070
38288
48295
1068
1672
28943
51799
15130
17189
24267
5181
1767
34196
10872
41743
27549
1495
3370
14311
9956
33347
26805
30137
9783
12153
35756
44365
8357
128
6261
20132
2419
5533
20626
30932
43457
2369
3482
20293
28786
2848
31821
1587
19122
43183
36015
34719
39493
2570
3292
23109
33044
369
11221
8325
8697
9466
3927
9369
4127
5477
12365
18340
11899
21367
637
13951
2820
15551
6941
18416
22150
24604
11908
706
1898
24405
2472
6717
7948
5217
8891
704
22788
13527
26771
31468
16080
4646
13388
17656
644
28394
5459
285
38058
11986
16815
24490
8802
41393
27323
4961
18373
54879
11033
4056
15656
53704
1002
6423
714
10772
33443
57579
42142
9640
11685
6943
1752
15168
32744
15495
25251
1697
10664
1526
1043
3737
16015
18559
45360
12022
3501
8712
18838
6695
5133
47583
22228
2110
3338
31720
6618
5354
29319
5829
10218
4225
11003
36448
13633
36720
5622
44400
21438
14483
1154
24144
476
23858
4950
19832
19322
36086
17703
3950
36857
5167
39021
4597
1411
52301
548
49044
4934
5827
23544
39033
12833
35496
13163
18144
6804
37618
5375
6773
7951
29760
20955
2658
5209
3672
15655
34126
22919
9297
6991
17574
30636
24153
27880
8926
6159
26619
18927
15564
10847
10178
8623
33760
28871
15933
2881
7972
29249
3018
11855
34422
825
28580
187
28790
2726
24737
17340
365
18368
11593
39898
28677
38243
1704
1
16154
12613
1
1677
339
38819
31218
36634
22376
2206
8628
4379
2408
53121
19535
9445
49963
14139
25700
43102
27173
2957
1060
14294
17476
24987
43904
12911
5142
5592
13208
33317
8952
12835
11543
8599
44503
22937
1372
1825
3
12979
19135
7626
695
2935
3721
3412
5653
2706
25974
32021
36658
1936
44598
916
23057
12742
33918
6009
13725
19653
19574
32482
6683
8813
5414
14160
6031
13832
10828
1897
21434
31686
2094
3004
11183
4837
24987
32329
20764
1171
45823
4391
9748
38995
25676
10130
33644
4327
1594
7886
24211
1417
14311
6959
752
12386
2201
18
28624
13
30
11673
7506
8663
44090
31904
3
7918
41740
29104
25523
31138
32266
18244
6942
3183
31843
11724
3800
850
12476
20297
14887
4524
2784
26955
7237
13459
27122
14299
7310
30073
13440
7021
3700
18692
10079
1521
2087
2061
11701
11939
28843
11646
8990
8208
3106
4518
1030
4171
1
31332
5832
21164
30439
1302
7301
45759
21150
8532
4206
9953
19404
17330
2175
16643
8265
2416
28017
18783
13828
11553
29487
5180
15334
38833
4696
16814
123
14040
30108
27521
5592
21063
1246
2086
5667
6372
4883
310
15798
3
11287
6549
1167
3172
295
47168
25909
16436
14750
19358
21566
24986
8366
20688
4373
9423
6505
13081
408
45888
47833
9084
12906
5120
18784
11269
14292
8631
1380
21115
1902
24004
7435
4677
8761
29368
3198
10844
10951
15361
28470
46
8826
3975
17596
20806
3615
16710
26137
8062
1505
2
32159
15214
14610
37305
761
2094
22735
45873
9608
15649
57511
4552
35824
12322
8960
8982
47291
12054
43536
2726
9421
1512
5949
2726
19454
20
3170
239
2635
6508
16328
36058
1262
17320
1682
21387
28413
33996
2198
3727
3744
19058
7423
10204
863
26310
5377
25996
2767
1131
33075
40877
3505
6797
19136
7128
13939
34873
14667
20774
22117
9140
2547
25019
24147
11239
2028
3705
7910
14149
28338
2082
49708
37549
4465
433
14635
34248
4852
27887
24124
12959
11848
2127
8436
1802
4305
9864
12920
11023
7139
18653
23343
34996
19428
6307
13415
5018
7792
1236
445
32391
6647
2253
19205
31733
7807
3942
2764
11329
28757
12154
3938
41678
6553
6048
25134
9000
36341
5585
39594
54959
20859
23950
6895
1147
51548
567
27016
13040
896
732
34395
11112
3217
942
7288
7570
18938
3389
45059
29463
20881
10284
31089
2953
32531
49329
574
22959
36392
31381
7929
1122
7012
18863
11129
16816
4151
4084
30302
8568
27338
9438
1153
1097
3341
13431
4945
1957
9942
5857
11820
9298
38052
31355
28573
5092
15003
513
47646
52330
35023
28164
4167
477
4817
23834
12998
1630
8795
3015
21651
31879
25187
10886
1624
22426
10607
614
26894
44317
2275
8822
9680
8849
802
2905
3949
10692
999
5972
12527
17069
30621
369
9277
5581
55951
18433
18217
24875
25473
39540
14167
159
14460
12272
58871
11293
1614
19057
7350
2860
33386
2865
17769
3005
35173
11265
1227
9425
19951
18707
11824
20580
12697
2970
12182
45805
15378
18930
37353
5074
11931
32434
18581
20211
26973
7088
8601
9265
231
2899
23934
48143
28
17068
1977
676
1364
386
16428
37312
1297
3184
7912
5527
18508
8027
764
546
2345
22071
15141
226
20551
5419
38448
38527
15227
10119
17936
17272
6226
4776
6685
16020
31986
9592
15625
29400
16345
43448
14508
45572
33006
7523
9595
2783
32519
15609
35891
12756
10500
5623
4319
17700
18105
13917
50161
5585
8733
15013
3295
10084
66
30267
51094
7104
15870
17630
13062
9338
3876
4543
16534
34209
343
26048
1880
13972
36609
7300
25314
16049
3542
418
15574
2614
392
43037
5252
410
4179
33280
38366
39599
39220
13651
21991
17242
9906
14271
1451
8904
29014
1797
5355
17055
26330
6134
8253
8442
7095
18978
10212
33577
20989
6858
6000
10175
22689
21075
19203
7430
3919
2858
16359
56605
13365
20632
36269
203
34627
505
26892
6409
7024
36478
6007
830
25894
1168
48799
34422
7396
5423
5749
11305
6189
3865
41206
9226
262
4631
14459
885
921
9448
10915
1754
1372
10514
4215
7991
50145
6262
2365
19307
15757
33898
38375
1172
18991
38140
6089
7368
1521
2338
6610
16398
3210
28121
20761
2100
32041
23789
33177
26694
8889
451
12964
10342
14309
4253
15079
51051
14651
13257
16180
25157
22820
10474
41498
742
3803
18559
2507
968
376
13581
719
4458
18304
33004
1179
17620
33
48520
24803
6542
2395
2724
2576
29561
37021
3
11661
18705
28740
39487
25421
454
33225
32810
2504
25321
18298
12153
1563
10329
4817
6435
309
22808
6287
3231
20329
31027
30763
34012
25189
24684
5184
22740
15354
12182
4052
25419
5086
12627
32528
5060
31203
5912
19573
6504
689
8869
5995
41096
14108
29005
28931
28447
48119
53404
16439
999
8794
32370
2231
4100
27649
40554
26439
33940
49995
42911
2
14402
230
29391
37380
6019
5226
25881
6162
40415
31535
36489
23450
7088
15516
6190
12023
26284
16501
19154
311
42533
753
1724
17545
18850
17817
23778
10861
22991
20100
12385
17469
1
9307
6063
38771
4768
18319
23009
1733
2715
11333
32625
2568
39638
33001
11416
15862
34309
9766
638
2896
41584
23259
1380
3775
231
226
3187
6092
3415
27158
12810
45381
31592
312
3816
16467
15812
7697
25362
5759
2193
6328
2004
1567
18684
8807
4722
17048
19904
32277
39193
18464
42237
13581
29441
1866
24942
8720
856
11917
400
24321
11026
15142
17207
17837
795
5097
13028
616
1379
8963
36863
518
3365
40620
2639
17866
19530
15
1708
17067
24752
12888
4390
2513
11876
4418
11196
41441
2009
20358
22364
2923
483
23399
47549
6258
11653
6756
26986
1148
38914
4137
1532
5290
1160
5378
478
2626
17190
25151
37175
21004
52226
17163
7102
12205
35362
982
20631
2052
13381
10
3279
12738
2399
20589
5466
11069
7373
40552
6213
2568
6217
31805
1
55209
554
22730
9590
400
26439
1192
5790
4577
5683
11799
3288
21691
614
2515
1004
15952
1053
6011
14843
34768
19333
21108
15986
1203
1961
5954
2864
5582
4196
21318
2370
4166
715
1
34864
16282
1094
9765
7829
33456
16348
40124
1932
5212
9217
34788
9532
4542
19960
45662
38164
35603
25602
1106
8189
1457
4133
5620
10826
41897
16149
45277
14618
1048
1326
19491
33054
26227
2640
42757
32884
3067
13856
29603
20513
21759
28652
8096
11644
39007
24756
34636
17788
5678
16292
9841
3659
770
14265
46308
4889
4717
4206
10860
47686
20561
40013
262
40508
10986
1355
22222
4787
45862
1473
25419
18573
3523
15939
30086
37466
28750
17555
4591
14053
24118
643
2360
21944
3223
18064
12950
511
9332
3911
22604
17145
19637
2933
31507
6877
33683
12202
22144
13055
28236
26248
1728
1689
11399
8552
6504
20003
29084
39683
2978
16368
8989
7193
24250
3561
3882
8759
7487
12171
32986
17650
45424
20913
15830
38390
21673
46463
5430
25212
1745
22823
20128
31876
26203
7927
8155
6534
9991
51799
4716
10241
6870
20129
40636
5925
9534
18552
34375
13033
37331
1645
166
8740
35204
12191
22902
16475
15301
4667
10986
17737
25799
20156
44942
97
28523
6277
389
20320
13854
16869
13073
10230
12963
20935
3793
27011
59123
44123
8877
27702
3548
2615
2112
6229
8522
1993
5132
44242
6385
18847
9203
4818
49008
13877
30787
7080
27021
2608
18542
28095
3081
41098
54704
13261
10698
27068
6482
22865
2142
30607
53700
14559
32137
28031
22314
4268
37724
1877
3284
26390
319
19334
10182
13002
19723
36507
2048
2940
21372
6886
23018
1024
33010
9599
43983
2704
1103
11603
4571
5551
24082
12240
7082
3409
38601
1720
992
2360
8238
26046
22368
359
1615
884
16184
36187
11901
8641
47726
11725
9509
7908
1040
14069
824
30076
4646
30792
6705
9657
2647
3073
304
3461
3648
26373
19243
24631
6031
494
2476
888
28828
22034
24695
221
3348
25278
19802
1710
2037
10715
55392
35987
19995
13411
27944
972
5368
19693
9712
34125
6366
3936
9807
1797
6024
31610
41313
39426
3477
4170
45794
5170
778
14873
6553
1659
3192
31469
21720
20694
38430
14523
13326
28181
9596
15920
40780
5495
2372
21403
33472
3650
10344
36120
4884
6391
640
180
24532
2849
30692
22855
10313
21719
12862
25281
17611
8773
5528
2386
31797
32630
2995
23537
2047
5089
16205
5189
3031
11656
15909
35204
2601
6649
34186
32050
40364
3597
2992
2266
7815
5174
899
14972
8699
9508
34530
11395
5375
14381
35576
10220
10434
42800
21833
6339
1156
13687
20699
842
27108
8593
15435
1516
20647
29586
39351
19808
18102
29172
23463
5106
45236
34044
2518
32586
33925
38385
34952
33597
54172
2094
13058
7842
888
39355
8101
41686
14170
6868
13486
434
42716
15570
1946
14634
1100
18505
39237
7481
7382
16261
1082
20131
30939
24578
7625
4029
12528
7194
20962
1784
18281
22848
1176
10458
12157
22305
4628
13447
438
21619
6801
1
40564
338
132
1894
13318
2853
22036
18635
1354
14063
3545
23192
16305
4629
10803
4
20936
8509
12180
16138
43342
12412
15356
3160
20514
53840
4887
2631
3948
4605
11620
21648
51935
536
27320
2
15030
4822
3153
387
456
37674
54
26738
27755
969
4213
8256
5471
57864
8847
53521
2263
32915
603
10210
38967
4311
7950
5040
10449
5919
29197
16361
1813
20325
4995
34860
38216
23370
2
10453
27135
42227
1676
7393
35224
21110
3900
2415
14663
3806
12827
2614
19510
7278
189
4647
16663
36524
3631
2962
5737
1773
2082
19979
1906
14942
1188
3007
5706
22970
5956
39138
15020
7317
17506
40281
33643
13455
10396
19940
1561
6710
1
21615
14560
14867
4808
8061
46018
3837
15457
22135
22886
23650
3611
16364
6679
13458
10520
1266
35743
4145
28285
13675
33447
1788
7385
14450
16784
27806
5167
20865
19529
20382
22276
12984
12817
25401
788
13421
13698
5256
768
3752
19284
17781
14760
40615
49075
7595
18241
3075
24905
20697
12295
16151
8622
27364
7573
49747
26361
10872
2213
8287
16451
28665
861
4720
14864
15634
43553
3596
11602
17876
51224
6463
1777
18275
41319
1148
26234
19118
26565
26286
27596
11419
5745
21325
17080
35764
13681
4591
126
9764
342
6225
3314
11235
9788
4295
53042
1250
13046
11127
46558
41203
2146
3710
1715
744
20727
5800
39818
3155
6979
8018
35052
7378
14909
5562
3592
14619
12138
39776
27965
38223
32500
31568
23403
18317
38588
3891
16467
13873
23300
2736
24054
1
9362
9147
23755
7894
16734
2399
22850
40783
13750
5937
33952
3392
22403
6532
11385
29618
21389
1423
2569
11350
8895
760
15691
45303
30985
37742
2766
5829
6407
11714
471
30583
8358
14167
16099
604
27355
2068
2
24011
7311
8714
5289
8960
2714
3566
36035
4076
53785
12347
2048
21741
15966
19515
31528
15955
27276
18
32107
448
22676
163
1332
28000
424
3041
5709
3486
10687
9547
9954
2801
38328
24344
225
12685
34665
3055
21920
10739
12160
8350
8785
1303
196
1
9997
14308
22514
14700
48596
195
3221
24475
16691
29494
14142
6904
1284
44626
9987
3908
3198
7887
2160
39190
25261
4153
42392
8175
344
23623
2633
3361
3365
16737
37626
17715
1180
35119
22770
10347
2240
1447
55722
17495
13455
1122
869
18433
35290
2849
9274
18526
34990
15072
7286
13021
28724
17209
2297
14452
2614
482
27007
1
15061
15111
5154
5171
44498
5983
46731
4080
29295
29468
21542
2085
18393
23263
26017
32256
4145
2284
2787
1259
25569
4310
11093
258
25240
47883
7471
647
11374
32022
3692
9705
16733
48816
13900
39853
4159
41719
2071
405
16179
6749
1131
6360
16208
37719
19947
6084
14158
2101
2637
20910
2482
24162
4896
32252
5508
38941
27562
19389
41506
25293
20058
10372
1036
20693
3172
20948
294
1321
835
23661
4949
1001
21997
12020
4383
3307
36300
6199
3448
48921
19812
6191
5557
9558
431
10619
38228
23654
634
2337
31538
1580
9799
8813
51446
10294
1934
11494
1544
1222
2751
15536
2500
4686
20285
25099
31371
9600
8803
41011
32269
8686
22073
27138
589
24020
4342
17428
17056
11849
3175
1224
452
3763
26086
22553
26842
9096
6627
14699
31001
13278
19187
39618
6989
16104
550
2178
240
575
1343
6029
36522
5061
42953
45980
1022
3403
21938
42908
6755
13621
47546
6063
9169
6792
2928
10125
26398
2115
7297
47057
7194
3172
1026
44246
24963
3671
26349
2043
1108
10342
2634
36543
2413
22490
756
21022
23807
2605
31627
21125
3686
33174
24768
23156
8256
3284
4905
2811
22124
3967
783
3441
4263
5637
19569
871
30814
52461
25013
2366
13915
10565
10260
1278
8598
2517
4437
12044
2452
46210
6820
2823
3502
266
8816
42680
40627
40648
14957
47734
4285
18965
19931
27299
20812
1616
22536
8495
5810
147
28905
19997
11142
34210
109
20427
2544
2688
34808
18050
45370
17787
27115
281
20568
9184
7205
25415
3692
10269
10694
14905
17535
19131
11939
3033
10247
2642
60534
298
19483
3461
1700
17685
39955
15005
5239
1156
1696
2365
13547
6270
4231
23681
1301
496
34425
36642
2189
6173
6959
39900
37885
1180
5984
42896
55299
33392
21108
16711
16766
13960
6365
27090
15849
301
210
28424
4349
27996
19878
7268
17520
10142
3473
6267
4015
1505
22453
3162
4513
17113
27764
42549
50091
3512
10284
30857
5330
26006
11493
24909
24125
1746
34039
28344
2149
42916
1233
30126
38882
26207
3810
28286
10945
15449
869
10442
25238
21315
472
599
870
32273
9104
21882
12909
667
6421
17285
3375
49927
8976
9834
13559
4086
8894
3820
24043
35273
36986
512
6846
4162
47025
2934
6107
21292
15226
11186
37571
16601
8141
24940
22446
15678
45848
9340
9886
1725
11443
545
1480
43328
22979
8195
5733
8301
38861
9707
13434
28927
36985
2651
19848
9632
16476
1
10496
18583
10223
3040
718
18438
41535
7809
2397
14925
13495
13370
11424
4610
8555
8429
3339
7251
24320
18439
30932
7591
26597
27106
24006
30945
27059
42954
35735
19245
34091
19019
1917
6009
37436
7604
32
30783
24984
49697
28374
6208
47603
51031
17264
56081
34231
51599
33064
28261
30195
15228
5395
13405
10754
7527
7903
126
23582
1018
1406
30321
37668
17722
31863
11000
2580
3156
40186
3
21037
4148
17802
4235
5148
25696
17598
41103
10274
3489
1560
2938
15703
521
45967
3922
6716
7672
38189
16079
24675
26890
6105
25379
1860
29214
2838
17968
925
18688
1062
1718
25272
13000
17028
23120
1977
9811
10279
23839
8931
20921
20577
4246
15406
6111
20518
4303
30341
1393
5248
41543
25421
11688
6907
15938
7318
34538
16477
1422
297
37460
2480
39425
40894
20143
8101
297
14069
8686
34665
25950
2117
17332
31944
21816
41567
44066
8505
567
8833
3928
9683
41928
27461
51580
6692
7100
38388
10996
17310
26441
34969
29473
4846
7617
20521
24215
22464
5874
36824
14795
11917
26132
3673
8765
49206
13499
22207
15611
2964
8207
375
18539
7903
8627
43119
23292
2
36592
42074
456
1799
31738
7933
46433
6837
24060
279
33957
30622
277
13118
1934
17211
36295
52208
21274
28681
3603
32366
2101
8993
19919
11839
11182
244
34009
6009
1796
24599
734
25624
17810
27646
17184
22206
11313
6620
1
25637
22811
299
12236
10155
2642
10229
2428
7557
2146
1113
13300
20775
25611
14414
43315
8667
1655
24947
231
5146
18292
14800
20375
45367
8753
5455
11468
5375
11041
1100
10854
4889
3691
8446
1894
31237
27104
498
35103
23669
4453
4606
11047
11744
30483
13971
991
22439
51854
655
16442
1521
4
3756
5368
8598
11456
5644
20362
16626
22238
24
24416
1739
3753
313
13577
35703
15768
4612
9120
16653
18574
23379
38221
9807
16403
5790
865
1208
2991
6368
16001
7788
6319
2882
48697
8526
24596
10516
20131
9570
16232
9772
6040
44721
15183
48753
43407
1641
2573
14893
12293
15870
19834
6724
11474
6006
9422
38337
17016
4002
1666
3594
35907
30034
2577
1796
6498
27570
7556
5352
38954
34206
332
7022
3974
59290
13902
4511
2884
45595
2329
29206
2524
28661
3343
3046
1641
13205
2218
7371
3204
39470
753
11185
10166
6243
2472
2853
35745
18378
6866
23061
2047
5181
11243
1897
12089
26677
698
5125
37201
18730
2162
2666
11837
18
222
26368
244
1819
17092
56964
375
1421
1222
2032
3
8549
12739
26157
39467
14523
810
35769
1318
13588
1278
37342
303
6415
21504
29874
6151
23673
14769
35578
58697
13354
3924
22807
25213
38
4441
4480
1842
32
22388
24628
14068
10385
49980
5433
14985
33415
1971
15620
3565
21121
10583
49666
1876
9853
7413
15803
34416
14250
8337
7625
14675
19238
18164
14504
25096
25750
20745
1465
31432
6067
1521
30779
16465
3298
7615
16189
11520
48095
1024
384
13391
39353
22423
6619
11881
3416
14662
22087
51428
15102
6255
1052
30559
14334
13309
8196
41379
27718
9555
14199
3551
3000
6958
18645
45893
8744
25036
31383
3444
1355
11284
17281
6072
23579
42365
5097
35241
10633
19043
39356
16133
5364
19990
4
12129
57948
17314
12138
10766
39923
48316
21314
4346
39038
19841
26407
42341
52021
15171
4030
23768
8074
6309
8351
18761
32350
40645
697
5463
16168
3254
26
13590
13117
21128
44724
29167
49308
1769
38684
1774
2514
5020
10305
26815
3224
2197
7818
23302
10390
7339
12630
18052
16823
39759
14320
657
8439
7645
12426
24319
20368
6028
2213
50294
8070
10593
7808
5824
59944
18121
20732
6064
512
3419
29758
6418
5737
13194
18220
2131
46573
16336
16449
6191
5417
1850
19409
6156
10485
10261
16605
13251
44995
19001
2344
6664
1020
3867
10494
7548
16006
13986
349
13420
6302
17570
221
42282
30726
5108
2319
30021
40328
9476
29406
35919
57084
29951
8353
10050
2908
2160
12538
446
15894
42647
1520
7804
7706
17751
6094
13193
12479
7741
2983
25469
2509
25119
2371
5603
4656
3157
19190
11048
3031
34127
22496
10745
6230
3629
30393
7533
18754
10412
3310
7135
17943
8491
9589
1939
49092
29687
31125
5828
2109
4634
3591
7489
365
30121
33582
5783
27945
5742
2
2073
7001
35521
42553
548
1253
18252
25585
1554
58327
4063
16557
10018
14717
7245
51684
176
8840
15443
41415
9337
477
4107
4594
907
23009
1860
32706
41033
27362
5045
6548
38351
8590
7129
6687
207
2562
32258
36116
10269
31563
4797
38087
45821
16405
26078
5515
4863
34700
30196
486
53841
1325
40075
16677
22937
33314
14937
60171
20765
19407
32176
28703
21952
1120
1565
30128
3573
29608
14115
29950
12838
32045
2598
26729
9
8490
5183
6816
13252
260
22673
1322
3241
12910
15994
52021
11932
1107
11409
2231
73
12103
607
478
15941
14707
50558
43468
2519
2638
20887
5363
24357
18583
11044
54225
10840
25794
4229
19853
3145
25362
9738
11651
37015
665
1292
11926
15096
3581
8832
2636
47856
15457
1283
47074
9033
44609
11062
767
6734
24367
7
33231
11614
6072
6956
6996
10104
3285
6782
2982
43926
855
10945
12828
1
11796
6360
25703
7348
52731
23292
56105
1
2935
51412
3104
1718
7164
9430
17863
13694
6787
30230
3893
28686
22522
15866
38280
5097
30455
44456
49574
4627
4570
1615
43720
10930
2758
5508
20808
26243
875
27877
16793
11796
41515
879
18977
2918
19981
16045
276
12219
5643
20269
2846
52798
7517
36132
37767
13543
4628
15343
28713
2150
6145
22605
5654
3334
23392
5022
1811
2627
6732
7481
1355
24117
10303
3802
758
33962
1958
19365
26270
31514
14385
20265
34830
9397
5531
3740
851
3965
1513
19308
2638
12599
5850
37112
31027
26362
11292
1487
12537
28187
367
16260
27723
6718
14567
35260
10338
39969
11461
16959
1173
4330
6180
4989
3060
34389
14153
42949
12200
9393
7467
10073
2975
9386
243
47030
3055
4594
49
16362
29089
9713
19805
333
916
3812
34101
13632
31527
22200
418
24823
8986
11366
3840
40390
3135
8294
808
5662
46757
11052
53067
38300
18329
28518
2528
18293
11670
23
21026
5833
25535
1
5019
22990
5530
37391
14771
1717
2734
20477
3630
20897
16002
18960
2513
5798
8369
1614
32091
11057
29997
31686
1753
1111
21798
8697
34847
2088
41407
14621
37145
1058
32275
6731
321
12124
5725
17156
29646
1928
9960
4079
20130
43148
26938
7826
7584
24346
7095
5548
1803
21057
15382
1131
1653
29823
16857
3967
23595
24095
40057
14260
12103
35171
41801
36407
2337
2623
7690
23428
29394
24891
12747
40597
1091
42311
10246
14357
3247
38445
13045
13686
5674
15546
16909
7605
1234
33103
15958
52217
7738
4545
4870
18658
23658
29228
46357
10583
712
1105
18042
4214
1550
37663
42177
16391
12985
5916
9085
34997
9822
1080
10969
684
7029
777
35269
51723
35653
40772
1157
9755
24076
25526
6676
1
15475
1059
26486
22630
31694
31788
25901
49508
5046
32347
16693
75
52191
29783
11631
2647
2387
21148
49621
18823
20786
521
2565
34828
43601
914
5020
15283
14117
56737
7466
12397
24991
4846
1885
3429
8905
23572
46197
10294
16701
5157
17650
33498
26433
1733
15243
11204
4348
19093
5535
664
6459
1997
1284
17239
15159
4246
1928
15932
8203
27556
8403
7485
8724
3677
231
7357
2080
17534
114
19932
1080
40677
4753
20034
33183
7458
14485
1861
51777
22307
28016
42836
11816
30578
5328
39368
8057
52372
18711
2680
6838
19053
44227
32534
18071
4774
4397
16620
25390
14382
41712
8740
6253
21739
36167
15518
35067
3667
33567
8384
816
26721
3345
50751
26697
42168
20786
9522
18795
1355
22889
3642
10929
44338
2477
16544
1275
21859
31400
41421
3474
9067
11189
49328
18100
8238
21462
8869
2522
28314
9380
3525
54961
31037
15181
3526
15976
37281
4149
7148
21219
3617
282
13302
39061
13
1743
12974
34983
8522
6279
23078
35076
44723
6706
10954
21205
2547
24220
2
46250
23654
1945
9735
28651
125
17381
14722
806
10410
420
9528
3418
31325
33378
2601
12513
5338
14159
33705
33728
7286
688
1737
44962
3721
28607
30088
10219
16956
13329
4033
11664
13443
17185
5751
277
2337
35347
19012
25284
15563
15519
8324
1627
3856
18067
16782
23959
19690
34760
39818
15398
10403
27727
38638
4974
1847
23465
42784
38112
54288
37381
16637
8519
6989
6298
3799
4232
23574
36972
4437
14606
17365
1922
5599
11863
4319
22059
31383
50646
3922
14958
7812
202
26783
30605
17559
49290
18
19294
2518
45470
28672
8765
4023
25787
26210
47849
38954
39551
977
33351
7221
3011
29046
30140
15731
21199
18786
41532
5810
12740
19922
10597
22690
29011
28173
27091
19789
30831
33865
46217
6579
23423
20403
4343
38487
7584
1404
37097
24585
53566
1140
9219
2624
1056
4173
5034
552
20189
28482
1553
3222
14915
7830
8032
24262
38187
26956
13792
23480
1628
49642
37001
470
432
4817
18988
41998
14833
3642
854
42859
10598
6495
7263
5714
2
27551
2846
27655
7782
12787
10885
22245
11890
9954
36603
30014
1
950
9596
11859
9373
1035
26375
528
4614
3764
17035
41000
18677
28578
10035
2254
5024
3719
6227
32436
32038
13051
30530
6007
26630
16535
25241
12580
44751
4720
1481
1036
6735
31697
7359
17501
10799
4974
9221
13813
30906
558
37110
13305
27417
34852
1611
23199
8691
32060
13149
6919
1624
38275
9917
15139
3180
9372
10607
4465
13980
2685
6233
569
1381
7657
39804
8790
7719
12022
16740
22950
20454
30912
5300
52164
5225
14892
15474
9876
19822
11159
37605
17148
3241
10775
16888
6535
8848
1432
39538
1874
14652
2037
11240
269
2189
48
9251
21777
2637
19579
42277
9273
373
8681
43703
11727
12712
3745
44573
36930
2914
710
30370
15557
1483
17330
9570
1
24362
1058
13286
1288
3367
10989
9863
33313
3087
761
23675
46692
42739
7300
18099
31657
55623
1710
465
398
2691
2
17816
48621
21920
901
633
10040
10428
11316
45251
44665
31245
1248
32905
1634
12680
7859
2213
49000
15147
4639
26810
44151
1624
3746
25731
11583
26929
15967
13914
1041
45320
18450
25090
7881
547
48771
32339
7955
4019
10246
21981
2449
2420
14629
11065
2372
630
11939
9964
15473
21403
14792
3167
8954
11588
47115
2872
45779
23209
579
37428
51276
24754
6054
12523
954
30774
25805
27013
21099
32676
26130
14855
686
30946
11378
17464
40637
17880
2435
17563
11749
2528
1311
7507
24373
5360
554
48991
7023
3073
48576
1
9387
24714
4019
24890
22515
1031
915
10944
38708
28748
8731
4117
4439
13489
594
1898
6877
14098
8079
18475
17842
4289
24928
17859
2
24963
2766
6212
6566
23919
33176
51673
3084
42819
23285
33465
15407
16513
4857
6234
9218
41724
31716
2
15406
25164
9373
2455
1493
17830
17525
1598
9748
11527
24268
27100
19514
2655
39811
5623
37959
13535
7321
23858
7897
3115
47483
12172
15544
6257
31566
12020
38510
35191
2656
4731
30934
39977
905
17509
20257
20
3492
28320
3237
3268
22008
9410
7821
15733
12007
14084
4032
42206
28552
1173
2276
9310
588
13041
9023
1090
5989
22322
4084
34557
12783
8712
19626
9649
54781
20871
28239
31781
30413
26227
17220
14595
24470
342
5836
964
8929
32036
2
19378
1699
52417
6038
1578
14
4662
4767
7923
26
3671
647
38120
20462
31501
6531
4863
1987
4
16077
10699
16
9865
19388
48720
15972
2880
4465
9992
983
7067
3969
49854
26910
802
53896
4490
23795
35025
10057
20352
4293
4691
12854
3770
22593
7860
16834
49739
6868
1039
14653
3540
31240
25048
16146
5939
6764
908
13176
8529
971
41953
20904
836
43166
24053
3351
32979
4394
21285
7123
22716
6506
27322
29076
33420
24499
5335
5325
4897
37708
20116
7656
10051
1482
13978
34769
10482
40251
1903
1260
2691
23110
14403
1435
18956
12487
1282
7836
1226
32231
15758
10543
4660
10068
36879
282
25459
6597
29878
38102
3232
10474
46641
4002
34615
31800
23731
22473
1908
17452
1030
2773
1
4824
3747
9
833
5577
29084
39575
32095
19494
36106
35690
447
7813
25981
2
8894
9462
1970
121
7461
3687
724
13471
35645
4083
12936
4571
1001
45931
36559
15120
89
41880
12120
10580
6899
31850
3267
24118
7671
1927
5012
6384
1450
330
22615
36344
180
11412
3482
13260
7308
22056
6446
113
8593
23029
49176
6011
2579
22266
11179
41370
28480
6182
19909
3656
12682
9263
17753
20542
16341
24919
26221
1514
36494
9126
15384
9295
5608
9487
13668
1830
3524
207
7342
6979
1
24498
2562
13114
27374
724
14990
8191
3830
21216
10192
6181
19935
5157
3559
6495
10869
22429
5498
4459
975
12658
9770
2000
25516
14922
893
51541
19656
12643
2
3070
25702
6762
18888
9857
1459
40237
922
14274
33594
7902
38376
216
20425
22387
2686
12166
2273
12853
29346
6587
26546
10544
696
19200
16760
25
17640
25192
10777
2280
5642
28266
16709
17967
4469
9528
52089
11
7141
18746
17934
1945
9069
2874
32405
4942
12584
6842
22755
32556
4072
7652
5474
1582
1213
36266
2451
31555
16174
8075
25824
40908
10147
19020
40688
28
43406
7807
4607
1854
16737
10822
31282
10056
2803
761
10937
41967
21039
5179
465
6851
1488
39914
21129
1755
464
637
2687
34576
6751
6505
7060
58462
35417
4489
11467
16592
4926
8973
1777
723
7282
1015
7388
4249
15903
4951
14085
21102
7362
29900
41642
10721
40065
26641
4897
36961
32570
2062
117
52114
26378
27402
1426
31384
6613
14464
7198
3617
11016
25069
9323
49743
927
739
16115
16413
24289
13030
44471
8907
982
19977
9167
22597
12769
1352
10325
2985
17818
14789
5608
6637
32141
30490
1254
11261
41506
4887
12023
8164
18297
13405
5449
200
10942
16821
44283
14570
2262
2070
23218
19634
1279
33811
15095
10538
25234
3633
17733
21048
1482
42566
2213
6488
55779
18417
5322
18047
10578
10614
36302
12905
32239
19644
13838
19259
1305
15412
51764
24975
3828
4405
2531
32436
37442
37332
5729
22810
1294
14492
16438
26404
6815
7255
4112
20881
8893
16231
33554
21102
29624
30802
22883
33815
1049
25301
294
27261
29253
2
22288
6008
54390
3871
20971
16015
16573
3
4659
32630
926
22978
14938
26532
10836
4759
26435
429
2383
28087
53804
3185
40192
1520
662
3377
7329
2658
20760
10012
1068
357
4185
15060
30752
2290
599
17969
10063
30017
1598
19891
26000
14782
6955
3218
3613
11193
35803
11012
12800
42056
16625
8788
5342
4951
169
7921
2258
1383
28904
190
11266
6260
16332
1604
2539
11532
4666
22788
5281
22404
36994
34025
46522
2034
20305
3708
6876
42
26376
9960
2497
33880
9182
17580
30448
22730
7446
2998
13592
26279
5098
6838
6635
16100
17761
8979
2638
2608
36215
1910
8969
4466
24995
5603
2025
15763
12824
8188
3994
10736
37860
31
659
23695
2724
42515
14531
8676
3891
21764
43470
6244
11283
19896
11106
40699
33462
29818
42235
24097
8379
30182
15490
587
31221
47277
1886
18839
18858
40198
15578
10225
32803
26166
1482
1829
30107
6171
11756
12318
2171
4879
1344
11858
12149
24157
30386
9311
20169
14888
1594
6909
990
18603
23777
1939
593
60107
704
6
3396
13146
29916
46818
5716
17918
11595
26183
13111
2048
7069
8190
39504
8177
6810
5037
2539
6919
3945
9621
1154
2917
6795
2051
56830
15790
8948
20207
6400
60
17417
7869
2433
16290
4655
16020
23877
22535
1354
2291
4449
4105
4883
4498
1048
9463
10239
1879
33066
25339
10039
7075
12171
798
15176
13929
2801
16692
6314
24283
15557
34945
6292
2
9739
4859
14519
46154
20744
16171
3736
3014
12539
17286
12859
15365
298
18661
15073
38608
45296
11345
26241
10261
5864
7172
31615
13056
33960
21264
17478
12240
20971
14371
7504
49
14981
12124
1817
10135
53970
11
14145
950
15973
15887
24101
45941
3421
6262
8306
1312
3
17026
1304
25521
16183
6923
4335
1020
311
11026
1142
36833
2079
5533
9789
17972
29514
2731
6808
2510
780
5250
18870
12032
34846
11835
43240
19203
13074
19811
344
2856
10308
20118
2143
933
11234
17841
28266
45534
4042
19585
13673
17851
29835
8439
25207
33263
34167
31111
48680
4640
4089
23949
10000
20401
20787
4479
26420
7195
46152
9185
14127
8916
33902
6466
36340
2367
14131
9462
14576
30219
37921
10446
10509
25911
20952
7350
31295
24824
4563
1423
42290
17750
27708
4417
756
14319
1376
36361
3178
1808
6775
5011
28137
18000
7145
2870
31903
17663
12587
3824
12169
5918
38912
22456
1221
16839
15012
23189
3202
472
8848
5736
5247
36242
49733
40785
50542
1565
16176
15430
31487
4324
9004
4636
25418
38165
14335
33031
42827
31863
1449
6424
13995
16807
27850
8449
42811
18
1551
2760
24298
5024
3636
15063
42006
2674
4553
43390
12255
6805
20
10420
10048
2373
2150
380
2485
32633
10827
43839
8684
32320
38179
26996
40077
21603
1007
11661
37034
47091
12446
46871
17657
6867
8583
17593
46576
523
36065
6059
35642
19029
10342
5847
4200
37235
23997
10370
5529
439
13460
6636
1048
18538
24558
42413
703
6819
28623
5
9242
4245
3742
27680
25497
19165
6284
4
12798
15721
8715
3261
32263
1022
21936
19878
309
2904
2736
21512
5661
8448
13744
25253
1779
9
7896
24351
5389
18776
34356
10810
8792
25364
69
15473
10066
854
6787
13047
16661
36559
21584
11588
33858
10763
2363
59404
14047
533
5608
11777
40971
11783
798
31830
34518
35634
25686
45637
49390
17991
19603
35973
26846
12647
29401
25807
19559
6082
36325
52568
46861
714
12031
16920
2059
406
13613
2342
12235
418
384
2133
11349
14497
20001
5944
31047
31607
25920
36158
11651
1918
3809
28636
8542
25566
30417
27452
31807
15212
40373
31413
1110
6581
18052
25511
15927
9765
3845
13477
7745
47286
7223
13827
25772
4040
1005
4793
1777
4362
16078
25403
10240
7673
1916
24021
10987
29788
18756
18528
3229
31884
28555
37934
36124
637
31878
3173
31786
27237
10394
6720
10049
3462
476
24020
24579
25304
4422
2459
39248
35996
28858
1688
4530
38916
16393
856
19397
24063
24701
8681
20408
23662
28975
7388
13310
1019
19023
24280
12119
24318
4153
858
28474
15597
15433
15613
26329
1739
20299
41642
18934
50855
19971
2987
19164
11779
30038
11013
34358
13753
9546
31663
31254
567
24888
34282
9756
3
17592
1
4529
6291
7613
27037
15988
24538
1967
5840
7626
4757
35381
1421
17651
1269
6932
6992
810
15669
37717
2579
18138
35200
9962
50944
15201
20233
437
20407
46213
26768
2619
340
11872
1344
1203
9780
3378
6544
36761
22794
20460
4430
17473
2474
16904
21210
1037
1992
4469
7627
15751
5894
26430
1144
437
6408
26018
755
14004
3803
1861
34353
11579
5
562
1720
23971
1412
1790
21513
18904
9846
7339
16170
12979
21849
27216
4055
13700
31098
45438
6934
1764
6953
20850
54706
6547
3304
17237
9845
3201
13011
1467
1880
8694
4399
4107
51807
16307
44300
17880
25751
59542
17633
10324
8950
11117
8821
291
19945
4551
4017
23668
8506
10408
8430
13131
44602
2341
38219
26838
5633
22527
5618
9609
5495
27012
9298
10016
7344
23015
13324
9981
22712
18169
9933
10833
19698
18053
8916
12389
42552
12541
728
4530
1082
1346
34509
47978
1772
11480
46249
3937
37976
2546
31213
1674
41533
3936
8052
7093
37140
13397
14214
17343
10472
42519
40559
1471
18433
39600
17947
8894
4778
12811
5917
755
16
9322
5296
9438
4302
25204
747
11181
19702
6789
2839
10532
11379
22323
17517
714
6544
25136
3007
50599
36460
790
27928
1775
13268
20762
23901
14519
7049
823
19220
38290
8951
27937
2583
4672
49
371
18420
25722
44857
7863
18199
3435
1205
10205
50631
3321
240
7969
26632
9828
7200
13270
15681
6335
1265
786
28093
11830
46151
28003
3757
10607
5085
5431
8068
6009
10470
28666
1913
10948
4985
4874
28126
16486
7959
22610
46880
8393
16132
4172
27609
6437
10417
12575
47025
37413
2679
2395
9436
7295
34036
3096
28741
2540
32471
17879
3687
1153
916
4418
1154
16
11820
10041
2813
11232
8086
6680
2882
27708
45664
15953
7076
27318
12
5849
15634
33073
32218
11400
35565
4694
31207
14559
32115
383
8250
1837
5505
147
20572
14220
1929
14782
31880
5577
48016
406
22362
28399
32517
8329
29346
33276
4836
39000
7588
14559
32394
11495
7350
103
15523
13263
23239
1788
5061
1
25526
23024
1
6236
5334
20192
26186
3656
22124
2767
11
3778
20162
617
3651
3603
40118
32070
13777
1112
1400
41038
21227
9269
4560
24088
9359
1935
1109
2602
42513
27340
17615
10383
5573
6947
7368
3974
2842
22880
23922
2756
24723
6076
2389
1692
6571
716
6585
30354
8057
19774
7657
32088
1132
11944
9157
45557
46453
41985
10013
3651
3036
10642
24704
36132
388
1513
34077
980
18696
8913
10968
9343
8797
27347
2011
9082
8061
50538
11086
50967
9631
10668
7711
12959
25741
5607
18694
3632
2296
14267
29255
8165
11208
10399
31549
55190
30971
8352
36527
1957
136
24223
19412
14598
27961
2651
5485
49241
16035
1478
5117
3516
41601
7571
2170
25913
12341
14562
16949
5115
15648
7151
22349
11948
29669
4499
17325
15459
10244
9242
30130
18197
36521
57211
612
31170
5799
10737
18663
13910
29455
3
9513
9137
41984
22749
10782
18096
26586
1131
1518
670
8620
48679
9707
9815
8918
4474
6859
13982
755
15620
18771
32178
10493
5844
50118
16302
3664
14278
27688
38123
34401
14935
51169
44
4654
10824
7964
26259
967
31064
6912
13559
40962
27413
51631
25649
15394
21555
14391
23043
27008
25173
11569
1073
26474
4033
19962
7912
521
24059
26709
18863
15028
4158
34153
24759
37287
321
33999
35259
28052
11131
3765
132
21014
17882
25642
2536
18412
12327
2095
23743
13061
10682
3527
6036
730
17073
4439
1390
49387
22104
30425
14840
24847
16563
3653
9384
22150
6308
889
9990
35360
16451
1
31677
18128
33048
31027
16554
542
10856
33859
236
14647
37132
8856
4977
45569
2254
1108
1401
14
9228
17489
597
5378
19653
2235
4494
2190
21581
500
44528
22490
34393
7532
26026
28505
4102
5140
2242
36601
23260
3722
43947
4693
11273
7488
29200
11132
25175
5252
15
37844
5848
54259
4083
19820
11361
42215
32438
3965
3370
5700
2941
5097
19382
18969
15110
2769
7072
18772
30211
20348
3895
20236
18146
19041
29754
52344
18607
20811
6645
25321
946
12537
15016
522
29920
5358
6481
7374
13888
2114
28918
3
9966
26316
51551
44933
51053
722
6183
23243
26672
53987
214
19671
6742
1212
7626
54738
2344
5878
34805
2162
5534
21481
6882
6408
10466
21983
5219
26468
59562
144
7291
5881
47940
16414
8594
7778
6700
3489
21012
21705
24343
25121
14062
5337
9333
2792
2895
24046
19116
484
26913
25338
40045
16451
8327
16254
9027
3096
1963
34044
47186
4875
20473
35593
7825
1059
9204
43851
1827
13456
8818
5912
34537
49399
18479
25210
1431
3645
6821
13042
11955
2555
29302
12326
19104
23142
9814
3376
1638
10393
15683
13107
12
5203
8410
2280
20348
22833
5695
41378
25642
45193
1492
55249
16685
407
188
27085
12974
40205
31230
3200
24069
7703
1495
6104
38723
23682
1257
2421
6402
2938
34190
7975
4073
42258
3529
534
446
32533
18896
20072
58596
2280
1291
24566
8369
5886
48712
47443
16955
372
1343
9773
27611
850
10137
55820
521
20685
7004
2319
23332
8106
5179
16905
12706
27773
21012
6773
14529
33854
11106
9919
13111
8469
12414
4861
24701
25367
8932
17327
17494
12099
22857
12932
3835
25427
5064
7014
7673
2514
6908
1183
12216
47545
13276
11781
1506
2565
2361
5658
4696
9168
8123
6963
4669
14561
4376
1490
28537
701
16665
10479
9914
13477
19800
4968
1678
38292
39747
1843
21134
10174
20510
7591
789
13291
41894
5479
34327
17298
1281
41931
7693
5295
9374
55896
29087
6858
13023
7848
8932
21502
11629
53113
5472
1676
15522
13130
9465
7855
27052
30539
28264
30492
13976
9491
26584
974
14248
2228
9115
10483
23351
8976
19628
3134
9548
3249
14008
10638
10432
29715
4189
35987
16862
27414
4833
18089
18477
16731
11069
2966
8604
785
2134
2812
2141
741
35514
42796
14469
3132
34079
3805
1140
2656
6052
38399
36418
4895
23991
21367
16520
8806
28027
55911
20840
24623
16424
7962
10838
13181
580
5706
9732
43547
1827
26282
3002
24396
3649
7281
159
14720
2391
6319
1237
12077
37215
2
24123
37771
30736
14825
6817
2914
17419
1
22183
19361
5403
30205
19518
1674
35412
47515
3058
23118
18709
1880
50176
7718
16830
47674
24000
51400
8876
35477
7173
29347
33483
21414
1010
23163
41902
14003
39669
7164
1537
32973
17132
1876
3
43938
18231
47299
35037
8553
4602
2159
582
22223
23818
2616
49
1307
662
3272
24356
2759
5477
34197
2364
45237
31414
5585
3177
15463
5010
6163
4527
12501
7827
7041
17548
26617
20539
1251
3075
15492
4324
29260
571
19185
726
4396
7875
430
2654
19480
3550
33321
2
14095
6057
1519
7512
16327
34524
24586
39195
30450
6319
23321
11125
17145
8050
6436
1365
35251
2550
12852
13981
41522
35213
1797
20689
36746
21836
4474
10120
23920
36680
8879
45789
39308
28322
13812
19047
3946
15855
695
9394
11882
22638
14561
4442
47442
9974
1327
30233
16933
17719
26376
27493
1115
12039
518
31022
456
21376
12567
29541
211
12177
4514
11033
28260
25065
3403
12455
980
4475
20160
23602
17507
7840
16598
8248
9867
14652
21820
4055
27443
1442
34324
37279
25102
9107
7167
2184
14668
19758
15100
3914
22029
2223
6942
6278
23339
19396
19481
2583
32712
44517
7945
18623
3676
6397
11084
32675
3455
10522
27539
15007
27420
24486
21101
35387
5315
15355
14720
29889
635
3197
41030
16323
750
27948
23806
4024
27287
27182
7293
4430
32139
14124
3865
230
23903
1898
27707
4789
18160
49074
2588
727
12231
14422
43246
767
15120
181
12136
2968
15057
11805
47605
13508
68
966
12925
15773
23501
8733
12784
2565
49529
52513
3871
35753
3499
3457
2448
22951
1529
3271
24351
2357
246
9012
15786
17174
22781
25064
15081
41638
18520
12250
17172
29022
27715
40215
15091
19078
8022
34229
9742
3154
27848
34606
9388
17830
18
27702
8011
8190
21891
29116
12395
21763
11322
9592
287
23034
2723
37012
4598
2086
46086
13254
3339
20371
9
14382
9146
2685
43533
2179
18624
20723
37796
2951
3551
6480
10980
41065
4695
54936
12636
21112
7719
25924
4249
31255
24098
1380
41563
8312
15227
16343
2808
28097
9945
21247
25515
16018
49191
8575
11540
1892
5713
8946
10308
28410
32433
1107
24201
15424
15331
20633
9060
45624
41443
46078
15850
26084
5744
21030
28399
33688
1737
9768
54194
20040
3351
21472
12894
24369
5482
12061
451
40130
6409
3
3689
21528
15693
12255
7742
33647
10713
22466
16298
13269
2487
1128
19213
27137
27509
10726
13101
13
39150
22550
17738
5398
35459
24520
4833
5129
1721
6189
12912
29590
984
8200
2141
37141
5218
20606
18305
39908
12246
6560
10711
10189
25323
11177
7293
495
9941
2936
25399
12037
4799
46658
4381
20923
6299
9990
6677
47130
12195
46122
25448
24026
9727
14824
38597
17362
4972
12345
27948
713
12215
43476
39600
18249
39461
28251
14017
12871
569
4753
20868
38629
5979
13557
11864
4425
31239
12789
14440
9696
44578
15047
24473
15934
6473
16294
31110
16247
43886
31998
31019
14073
14376
12193
8367
5590
24751
11663
5347
52772
26819
10725
14503
6740
48084
16414
42209
12633
23401
4943
46532
16845
30076
21530
430
12125
51331
29239
45656
1234
6542
89
17513
12686
20713
3343
7151
254
13598
26900
849
24045
515
27590
3452
1169
6404
10389
34771
25960
37261
23108
2858
705
6430
18595
25302
6075
9140
18298
661
16907
17981
1012
6823
10029
18523
425
718
7819
20327
24104
41354
8368
6945
8846
42805
7625
28123
33217
20991
14837
2906
19655
22546
36247
1272
12614
32731
3069
15483
29586
12863
13216
18180
18242
24342
28207
1609
38573
4020
14670
1223
7386
5043
5347
2789
35
14133
15830
503
20614
15992
3720
11972
14114
46776
8401
921
719
5408
26522
3506
12200
49046
39005
20087
8894
19613
27254
17362
31613
5858
2976
32841
411
23959
1190
34343
21011
9538
13842
7833
912
31587
9788
12628
830
178
17702
20102
25267
60294
33742
6602
21491
20416
32033
5323
18003
8761
236
8185
32575
15
11171
1300
35961
18824
31348
17324
22865
28719
3452
1543
39107
10926
378
21660
12463
5100
3636
9527
13922
1653
881
396
17779
11171
925
13227
6792
538
10388
2685
17236
3187
809
42603
3254
4270
19190
5411
30772
18970
20681
17352
2105
56647
8986
4948
19518
21123
3275
1206
85
25860
26108
822
11164
17422
27809
6243
3014
14676
18907
18122
12468
8159
6555
9829
3757
30374
393
20680
2428
6397
6391
3983
19184
1011
1172
3
20193
19190
7713
774
9221
6937
2885
4645
27462
33985
26145
49115
12131
4475
26363
2998
34032
33854
3487
18630
16594
1012
22246
2031
54310
17963
14239
27231
23956
5065
16584
41856
22198
27999
36252
57436
19706
11875
6205
17770
16609
10272
3528
1052
60830
7
54169
220
8111
1566
11908
393
13185
33947
17508
31143
1133
12767
2179
5768
1843
16619
13481
19765
6040
35916
6250
15831
1665
13605
37555
8355
13887
44117
3517
14514
6921
22897
7321
255
940
21752
4765
4796
32881
30434
4051
7642
1479
5956
1387
32044
11739
1614
44065
29751
12046
1697
12249
35334
12086
22023
367
7865
1835
4384
14101
25660
118
16705
11903
4885
5756
33031
31711
39568
2352
13639
7610
32933
9542
18249
38179
1230
10631
31098
57284
29554
2527
9893
5408
28529
50385
16839
4674
14134
6713
38100
9354
12201
6411
10808
37182
433
19564
5151
16246
21453
1711
31508
12911
38118
679
7
24443
12377
11912
13242
7285
11029
25063
21684
6724
4225
3597
37585
17026
43692
5058
23746
1882
7386
9702
4648
3288
12689
31127
7112
17676
21476
1429
4513
6716
7680
22317
5730
24159
4035
561
653
27870
8522
12106
1716
28904
6481
381
24631
9265
5547
487
7586
18120
10127
16597
36262
10326
20584
8255
15
36582
955
5649
158
25025
24826
29681
26169
6595
472
37720
30443
320
3130
29983
22533
8393
19815
629
11306
7130
17703
539
3230
30929
15020
2574
21684
17160
8720
45876
16351
11200
1135
8224
22753
9542
2
24001
8513
296
10874
19190
25396
5270
26325
17839
20019
13298
36777
3099
23040
3764
29971
17092
15095
5299
33933
11085
14872
41940
31732
5653
2829
9514
7540
8970
9689
3323
5526
5498
27848
2766
6315
7182
1184
17842
1958
9168
26369
5792
16487
9205
5764
6469
18990
8162
6593
16067
3020
4786
25976
1168
18502
9589
28036
9949
80
20671
44089
3667
8847
371
8690
540
12972
36479
4562
4297
27029
10227
38636
1123
4959
515
21780
302
6728
2426
9404
6592
4006
1419
32357
12656
8423
40
33071
14489
717
28120
9918
11633
2223
3223
9467
31943
1667
1970
691
15292
16391
9716
4538
23263
32
3135
47339
6309
17715
30222
6133
13588
14246
5918
36257
13409
1039
6188
1065
7450
19353
6321
11302
2363
5693
24020
27218
10417
35430
5691
7773
13228
44997
234
3466
29862
772
3514
43718
1195
24430
7547
27103
590
8910
25966
18369
1611
4096
20984
5410
22
6375
9326
3666
23406
1209
48105
12951
18015
34702
3430
24982
1055
13197
46748
30698
27192
43445
6775
6053
329
4310
4913
3994
9956
12804
25105
10604
22682
36997
4875
112
21400
9942
6047
8584
3561
35034
33624
605
23660
2119
256
9118
1
952
3885
8616
1033
3271
4442
6024
33755
6005
25832
139
17676
16576
8981
415
7106
17818
993
5502
19189
2782
14911
9919
14056
32816
40759
449
52832
1428
520
12864
8821
12745
11115
3984
3735
2968
19298
1359
31283
13925
334
1818
26007
6716
10915
7328
15213
3969
2746
5041
6427
7618
17477
2202
4991
931
34287
10928
55110
4127
23934
52830
139
6470
2372
5133
31564
46871
33795
7481
1557
10684
16727
33870
18280
1159
40787
1914
35626
27444
38448
8011
8207
14013
2229
2
9717
26915
5574
484
7964
1758
109
16764
35481
24788
2606
26002
23
4576
9941
3207
5290
7536
7627
1167
4260
2901
1
268
9584
2878
1131
1486
4370
5466
45968
12456
23789
8040
13229
1923
1530
16112
601
21731
21226
53010
3208
19379
16824
2169
3620
846
14101
9731
16638
3458
9966
3313
6449
23427
44020
688
17513
42101
11829
3630
17923
9929
484
1086
4186
1952
6422
2620
21407
2393
4549
4571
11339
40705
4125
23855
23252
1757
18865
5445
9848
13708
553
6552
12471
24995
2
45581
40173
8163
26506
3455
7725
4882
6378
2109
12642
525
4117
1478
17237
19913
1768
5093
5169
23170
4489
556
1745
26594
10162
28099
4343
3193
27208
47696
1954
14
21055
27985
7691
10716
1715
3770
572
3543
4
35873
30910
2957
8404
6907
26076
6579
15880
1098
5841
936
51975
7720
1202
18173
17156
6577
936
8749
15
1830
3662
5396
7395
5
16496
1460
26361
7613
9097
7542
44622
25310
19836
12073
2422
17896
42887
13113
4913
13919
5804
20832
4387
5750
10281
4348
5784
18679
48
23094
8772
21403
16622
6494
6252
18363
15436
15778
38313
405
17726
1
5783
1767
43779
4675
18294
43964
5194
335
14421
18325
23138
48391
25378
11832
5273
2959
2041
46935
19842
1057
52043
4722
6055
33
14705
583
2394
4194
49770
13788
3789
7041
17472
1803
17404
3164
416
20400
23020
7291
17089
6177
6872
19814
14257
2748
1224
3365
7995
698
44733
4070
678
1082
18385
20311
38362
13079
5024
2224
11835
40270
21978
8738
639
3118
2456
21409
4887
29589
15527
44493
28442
15370
14383
1
7590
2479
11589
43176
16629
39633
3708
9135
6566
50213
456
11622
1055
15339
26897
4287
877
10534
32
34032
9855
6459
16563
2536
31853
10521
7310
26136
9527
2685
6169
33393
7614
1633
25722
31761
8383
18370
4639
5541
37633
2364
10312
13684
9186
10652
811
6566
14700
4741
7400
35093
8094
26684
26291
7332
3923
3567
6717
41799
3155
3114
35982
6119
4112
2673
2986
15408
8846
3014
9384
6154
5035
3871
35027
44059
451
29093
11027
6061
11336
36122
9348
42803
22605
16397
2376
26127
2730
7121
20778
29266
1788
3989
7203
29609
16071
16178
32672
18868
3480
29365
2642
777
1978
3643
48574
15946
12723
14699
8266
16251
29932
38984
34121
7316
30340
17472
23509
1472
17999
26253
576
4900
8646
5654
456
14073
20743
7671
8734
2113
6243
711
1149
13761
10986
16258
5232
12708
9573
14925
1869
11861
11988
29403
23471
43893
15093
6372
16939
10344
22727
2489
3074
29764
4429
1326
14597
8446
31209
10552
5652
44835
11340
823
20028
10135
5856
29771
20776
14198
4881
3549
33387
5684
41
51319
14343
17174
15756
48412
4838
178
38979
26214
31242
1621
24597
4824
616
551
32168
669
4506
718
6733
27672
27523
7057
16432
521
5644
15620
8216
19683
10120
139
12507
19091
54525
10373
4597
17349
17099
16067
21205
8775
25126
5234
55121
27069
1364
2197
3072
43183
29576
732
33970
8048
8960
757
1155
4767
26372
27268
1
8986
7728
10593
8109
1768
18428
1427
15021
10613
9587
5286
35598
2242
1799
8077
6144
6454
13626
28412
5604
4436
59860
11545
14390
47056
11850
52819
4685
12284
3515
36709
4221
2413
41547
14573
23540
19314
9604
31588
35173
26128
9323
1373
4499
9436
10631
10108
720
560
21310
6739
9784
22844
8584
14283
7534
6662
20610
1901
45473
19615
9524
1852
13455
12442
1101
1312
20493
39826
4658
1753
30763
16973
4889
6072
8244
19428
10811
23998
1329
43275
17264
35938
10731
38226
18368
6695
17940
2979
28899
52299
13020
10561
26665
1233
37291
45773
30655
12256
24648
12412
34794
32597
5485
58668
7004
542
12468
3054
8320
6088
2
12621
36466
6581
45797
37407
19461
7592
20723
27634
12183
30185
14038
25818
14445
617
27921
10955
22222
1478
11906
32126
13543
11455
25364
19311
31027
5534
9
10912
21798
5192
6715
5329
27395
7684
263
1762
4556
12569
1066
1272
1437
4013
7306
1862
17686
55563
29304
13615
13582
23407
7416
29253
10426
18163
23601
803
6622
23197
45583
49219
16775
1642
14990
12904
31146
883
1332
20713
1058
2298
45433
37469
1874
36046
24538
2647
1506
35632
12718
15685
3342
35405
7449
17356
3755
44149
438
4079
35143
23538
21669
11904
35099
31847
10547
12295
2858
7255
40422
21408
18164
10
38988
17494
43827
5004
11789
22001
25840
18829
13481
11730
21525
37177
9153
35443
4745
6176
39833
4689
2878
3287
6841
56313
4434
7434
23653
18332
10046
9229
2655
6589
2808
19521
7763
17321
34441
4010
1176
37450
25114
1533
5152
23610
24797
14271
10988
13574
9539
2389
4259
11028
3400
10265
10921
10569
33731
13689
9113
30374
27577
7896
4897
90
22043
8441
22520
11274
385
118
1012
7160
45767
32886
282
8628
10414
21143
2787
23572
3759
11211
5400
2551
2064
10711
30843
2376
7572
18717
9611
3063
19392
43468
7920
15813
5766
4411
894
11898
2296
20
13238
7389
47088
40904
35906
10013
2205
12060
48850
18361
9460
1247
12919
52362
19312
1091
2680
906
10035
47936
34793
51538
17253
8791
1388
15582
3582
17979
12215
51315
11252
6165
2
9665
336
31754
18907
5176
672
56522
32661
8017
1170
2219
6249
1795
41866
9811
34273
374
5719
40478
10461
11093
31624
3887
32622
6266
25996
2323
31915
4922
20124
12502
2691
32443
18426
31096
1657
4917
6867
1607
3214
6181
1160
26439
29926
36495
1025
5085
10810
26924
20669
24920
12505
13516
19726
30456
8620
9440
9407
6629
11919
382
23518
7340
1912
11789
16959
1812
21423
189
17545
34110
40106
8594
30735
47821
1291
18757
17281
39602
31755
5058
6161
3869
11894
4292
26671
31240
57093
1185
314
1127
16729
30451
44548
43360
12359
12709
4742
2580
436
14835
17825
11898
29031
13949
8614
12975
34953
47337
29237
3910
1949
44588
6428
2499
8347
15280
17153
6003
36536
8677
6435
5688
45364
13118
1022
22744
9668
1643
24856
2027
2222
1015
43292
15019
11846
5435
36564
41649
22799
26372
39398
525
9368
19967
49077
27802
19954
7616
3604
3728
35257
27626
12968
9398
21925
372
7063
22493
8454
24567
17721
22447
1913
22143
20281
13651
20526
6993
3403
513
46234
1513
8067
793
788
32100
25611
11798
1724
53714
23251
51786
889
33
2597
11392
8099
55
11027
13944
8889
1730
538
525
17461
15795
20036
50323
38515
5764
30885
859
3077
30781
7140
428
8486
30100
1625
19987
1540
20711
3288
22990
28634
3971
5347
52242
6622
3706
22064
10041
22166
3719
841
17262
5163
1716
10351
2516
8057
22960
22145
21756
39441
1778
3973
34787
2985
19282
7737
30330
46550
11261
4138
8129
8105
11976
903
8722
954
8060
23503
131
14065
2224
13987
4337
922
2852
5955
9183
31742
4905
20046
7525
10286
1
14224
39421
434
43324
28607
36392
47620
13587
14641
1857
23629
4677
2914
5152
4204
23406
3098
14839
11848
41738
4412
45221
1988
1752
3268
19692
22748
27223
7424
1474
51336
992
17287
16103
4186
481
21969
2167
3263
32323
25745
16848
475
5552
1671
34882
40521
43445
10867
4477
10234
7279
1612
28217
38859
2814
17784
14585
6967
1789
1666
15197
27277
27294
1979
34204
21680
31030
15439
23391
22114
43078
12093
18207
1467
24542
10272
2750
16825
15660
36608
9649
21814
14440
14532
22543
14071
4694
33537
13122
38007
36068
6289
16225
471
4
5849
10922
46893
388
6836
3627
8079
9172
17
502
16912
16809
6283
34736
25231
15428
492
8688
9912
32504
42561
39326
41022
3181
16230
19575
2268
3775
4397
3897
2271
20818
12088
5670
19082
16326
7667
19088
3570
38583
26698
12779
41703
25043
7135
1146
27630
6164
17737
16838
26871
2891
36870
2788
1498
39043
13853
51834
9091
1176
20569
8715
314
2587
33534
4472
29196
20681
35099
37441
936
46883
467
8374
5511
13561
26353
5419
3081
15614
7204
12642
3402
44528
21578
3065
16000
6189
25272
49000
14081
19532
30450
4232
5445
25589
8726
12345
20940
26467
34383
4326
27763
6033
14422
37712
32506
7552
3921
12237
16693
32986
17903
9898
33573
536
7201
5059
12556
9343
15078
44528
8800
8830
12234
59286
3376
32669
18793
3629
7072
20549
7099
38409
41196
5084
10595
13707
8289
44304
1842
6795
8206
4278
43470
7105
46509
13469
10410
5084
59
409
19681
19339
2443
3809
7534
5889
9290
22262
6948
6669
12813
47192
4173
17851
3126
14480
33126
444
5597
50127
26785
11162
12810
21974
400
23225
14557
40998
7641
988
12366
6086
2462
2016
2246
46061
5008
4980
3454
26494
17468
8091
1208
32189
23075
13717
1
55487
286
31681
12744
12351
2472
28299
7393
31514
8291
25975
2978
19278
2343
32998
26409
6233
30518
54434
22279
7769
31551
1332
9036
263
31133
26732
25477
13141
3859
6782
17922
2180
2220
13105
47342
23394
12319
1603
15255
1047
4416
680
1
22339
39859
14030
10211
471
2797
9901
2612
2999
10211
43157
18815
8805
6940
845
35788
237
2182
32825
35768
2793
3857
16225
7570
14040
7079
29522
1909
12631
13680
26842
2595
24477
27269
35714
36709
22881
19774
25426
7549
34881
25736
20014
3949
1013
451
15600
34484
4665
1442
11484
6941
6783
12598
8381
17508
13110
40262
3507
270
9143
3092
4406
21940
1815
5958
1281
39614
34522
7863
28079
32579
15410
22007
10681
8641
36689
8026
12269
12487
2204
1169
5716
12801
184
3797
8331
17562
33641
26075
7684
17044
20128
709
15604
20222
2152
2961
1692
34495
53863
11154
21382
7894
12941
10107
31
30385
728
2371
40132
47850
13148
27095
14396
5
46304
10356
34457
7573
1
2146
13791
44258
43521
14942
14893
106
3917
22662
6160
25717
38392
32524
31756
21229
3293
24457
4698
3935
24795
26932
8071
458
12652
2
1
1788
6064
5162
31318
2540
6240
14049
11144
39451
1741
766
7693
6754
3515
50429
2166
6613
16399
7565
50612
2787
7653
1770
25233
10458
19225
11162
17808
27985
26900
39996
1414
3625
45098
12204
22729
1
179
13446
5905
22749
2172
5979
34468
20730
556
13998
308
11511
23373
14361
3099
10835
7148
789
2374
11106
5011
34616
39174
25306
22529
25659
1518
13338
2144
28383
24
44808
702
6044
721
15178
44569
26402
531
42289
20821
13682
4835
8362
1732
7752
4523
15948
9146
20044
16849
2423
5077
14
20719
3117
42204
10853
8587
27258
7555
8679
28337
20974
7273
41532
13916
13221
24418
13520
5800
31743
97
625
12787
53895
2573
19550
15211
29759
61
24854
44729
16160
26947
26380
28175
33267
30149
10006
8842
22916
5607
14495
27643
21202
564
18768
18141
2111
6296
13494
4405
30491
10626
6159
4665
9165
6711
9601
1566
40886
22119
18101
51996
17980
5282
4545
41059
1727
1673
11529
27967
25379
4810
6994
7943
2946
10321
17248
12155
19397
7452
1623
4742
13685
14920
28977
25334
10188
7723
5512
26666
14809
8898
17856
40322
2191
4961
16460
2564
9865
812
41845
7656
9911
16565
4091
5090
35870
27703
5365
5451
1272
18251
12601
12723
1353
1331
10371
18381
2345
2885
374
22439
18717
8953
27423
35825
6648
15778
14222
4447
1424
23656
579
17619
2139
40439
52893
5135
1460
379
44853
2322
2532
4536
18113
5903
14607
41046
62
43242
1687
12522
3807
300
1
22973
11006
7040
8537
7210
3996
4089
25893
7237
16843
9005
19318
14733
22719
36087
995
5060
34121
3573
28030
21089
25456
28047
679
8147
38598
2558
226
47689
11127
1053
4829
29112
2023
3826
27564
9830
2
32121
18892
13002
34148
7545
8285
27174
28199
3620
229
37697
23020
4502
5289
5406
1092
23912
18458
25385
5731
19059
28998
31427
18889
23791
817
26074
5258
50919
20328
3245
47197
9203
17815
22291
26083
40488
3
9418
1410
2803
796
763
3073
208
28930
33
23939
1256
46812
5956
794
17585
31048
4366
39760
3751
18527
43554
19473
5194
14612
33685
2975
36179
11782
1506
10349
496
1903
1
15281
55622
33212
3064
16479
43029
4067
1829
35278
36785
1414
26216
13143
2837
10519
21340
1041
13019
3251
1636
16326
33270
857
57960
5866
196
46645
154
14317
8164
3335
4745
20298
6412
33138
23628
36598
37596
44868
19597
11386
14869
1738
33184
6391
4836
2768
11500
1577
11750
1060
1866
33605
31554
11059
2573
6520
7320
9265
52483
3354
25547
4486
30606
20074
3704
16542
33072
10167
3080
11712
3720
5797
52392
20965
1512
31505
20502
15953
174
1069
20220
5220
16142
223
41953
21076
46166
29746
2457
18666
11744
34714
33194
6723
18366
10190
16195
37013
9328
6313
35246
10211
1678
17565
13410
26163
29105
43333
15943
11153
7967
4651
17567
2395
27173
343
4670
12293
5648
9922
40502
6500
15646
1716
5689
8940
3488
12844
6721
12365
2423
11774
12495
2399
12781
31681
19306
750
41258
26472
7912
6743
41322
1319
2326
38495
4356
39754
5977
3431
54172
14770
8532
29720
1342
22473
20296
28941
12222
55129
1749
1836
1583
149
5199
11484
21340
25431
33801
8
6210
32054
6901
38961
2093
9428
1773
5978
34168
3057
23212
22211
46856
17598
5215
17746
12672
11356
2130
5850
353
10981
5433
3511
10588
40577
1645
13240
25820
534
5992
7426
2097
6177
15585
8119
37207
11651
9470
6907
496
36335
32469
18657
587
23699
3614
18029
34637
16359
50910
10069
9092
28431
32211
12755
51724
33211
3521
6123
23315
8771
10530
27884
13512
39429
241
4113
2110
8423
7329
34352
9259
17723
29774
30519
22012
39782
21296
10298
16911
11827
1911
40337
19272
6330
8502
3394
39312
19100
17414
2933
32373
5794
345
15941
12746
31579
3451
1354
9879
9107
29354
6661
27454
236
4931
19396
30921
4050
2077
2901
3415
3
7326
6624
26021
9556
8305
10970
6062
772
10196
23465
8466
9463
3395
5765
11851
2
12587
6455
15687
3900
440
1047
12271
4532
692
10078
1940
28540
26546
2257
38560
1554
16193
23504
26503
25
11712
48912
9778
33809
13484
10842
16162
14061
4843
17383
18533
2292
11220
2182
24662
15890
28349
37745
3596
10984
6010
13979
170
1212
5453
14605
30031
8094
35763
16045
13411
16429
13716
5
26519
396
2727
40742
2551
25522
3147
11357
7224
10757
23779
35087
18082
4513
7893
53824
8573
52540
34297
5266
24250
26119
38904
15884
17850
14194
1665
12453
4956
1871
58559
2980
17210
3752
21077
18145
7536
4238
32112
25243
1672
21090
15706
3577
17664
7435
15157
14375
16200
3508
466
1606
30809
30194
15472
29516
10512
2197
814
36243
40138
31373
2119
12711
20735
983
1799
3968
16798
2161
12409
1
4776
714
8661
13036
10639
32088
35048
4278
4370
51423
23917
27939
2523
20102
1250
12719
22566
9887
36882
1820
12310
11780
19516
1221
18224
747
24184
29636
9960
16573
40791
27026
12231
59
11999
24003
3875
14251
10988
11879
26859
341
7064
17655
35991
27907
3830
24137
9256
1815
14895
7956
44127
4635
29258
5210
9827
11220
22805
15580
22184
31137
18
10153
1461
43215
407
3431
32211
100
19031
4916
21174
1096
7406
24205
26690
777
2
2129
17662
23411
37774
19851
50023
11116
25883
21904
37482
48788
12774
27448
22731
4773
427
24479
2867
30430
2154
24054
32050
1
3
8170
11824
10308
907
21439
8166
9447
8948
11229
487
11806
4117
1267
7765
9292
670
13052
35812
14236
18048
7465
21295
36417
18239
12078
8257
15821
27591
19330
8559
9879
9025
16263
14287
5035
6884
7065
8770
42363
7796
14332
10475
27497
41094
4219
1426
3190
12396
202
24986
9141
29039
786
6534
17305
9003
1984
620
12564
6649
8107
6829
11172
30540
14114
4299
60050
40874
15096
2703
21998
21466
22702
29929
2612
2478
11896
2741
1251
9665
3548
11876
33738
4013
10026
1051
12696
51925
11093
18091
452
2299
11065
1989
1072
3219
13437
7500
6694
22983
770
943
6184
38792
16355
35041
17987
10816
4717
24197
6150
9680
2256
36876
10385
48710
29697
28022
13561
3847
49231
26652
3354
23227
20522
10728
299
14311
40017
3606
4206
31470
20457
1390
30926
30955
6254
7072
22
9047
24101
2894
6806
14861
2
5599
6284
13049
27798
15947
6785
32876
15323
28385
29171
12753
47961
6236
1494
35103
32507
15732
7099
17103
42082
739
19674
2998
1144
19458
21152
1243
264
7405
5782
4505
20848
1361
16162
4204
51200
41716
12182
1606
13304
2288
4466
21042
1044
7271
40926
12476
22943
11840
19542
9903
6999
14248
17078
23526
702
45662
23570
15739
10842
18035
556
14177
6160
12477
1104
29698
6037
11802
36947
8659
36252
14887
31175
1492
1686
32292
9444
21938
7432
1830
11242
2456
36411
20506
1040
28734
33971
7098
49291
8785
11954
31734
10814
27054
13316
30729
12826
25529
27632
21974
2825
42154
10440
50336
7788
38871
4532
15090
8251
20313
32219
22401
8213
5577
14526
30852
9030
17033
4971
4035
2397
27054
1568
8207
44176
814
6651
10432
1032
13928
30635
3360
6001
5841
37957
3577
913
17784
541
6128
5011
8323
8304
10520
3325
1489
3844
41633
28018
5574
550
5723
25259
13659
24553
19885
481
28760
6265
32169
30058
34905
14291
7709
21872
39717
1364
20903
2251
18351
41769
3094
4669
29816
51304
4688
49812
22041
6783
9333
35689
25797
21315
16037
33364
19086
7364
8300
42943
39516
17489
1706
790
11313
10449
10124
2270
4864
42234
31007
8646
32182
10034
42377
26710
15822
8768
17550
7592
537
10600
53147
1801
56228
5754
6162
14221
8160
15277
10206
1249
20072
10657
2806
2905
13673
29239
33960
3974
927
40467
19137
23073
1320
37773
11503
34397
34271
15000
37428
4864
18961
22656
758
7925
52330
23428
2453
119
2901
34964
13419
566
17409
5407
8007
14418
4493
42937
2139
3054
17882
36493
29837
4524
13863
35593
15225
6729
19591
47258
16912
24304
2503
10111
2514
2523
1
40621
17952
23109
22979
9173
1368
13871
6469
7856
166
3583
2967
1866
2940
20967
56053
15827
665
24278
21290
57345
3727
5240
13341
3467
37492
10061
35325
2713
10797
807
3199
11174
21282
17812
38857
4149
16191
26449
2890
18854
12569
2280
2217
40709
3052
23380
27910
35862
11991
1498
53
2506
435
21742
37381
6971
10193
5643
59550
43705
28013
34383
8615
14600
22793
23374
35967
641
11317
2832
14105
29346
10717
324
378
3292
18458
11779
38933
20000
33953
32327
2000
5615
4594
17886
2125
38855
1524
7607
446
27423
16382
6910
27020
1609
19913
11343
14205
16510
26993
8025
10179
35529
12323
18381
402
10827
1779
40329
9546
3648
38985
8595
9877
10625
19922
17133
12112
18100
6888
79
3967
4460
13938
26234
23400
5018
15009
548
26392
24842
13689
57509
2445
7764
16733
7
1971
27849
31458
12710
4351
34
24521
436
7844
2264
34835
4837
2057
814
18890
18476
32209
14817
9975
15121
13788
33864
7020
10560
13120
38951
27636
2626
4086
1682
3572
3951
3563
1282
7697
34849
7821
2098
15177
1096
26037
6430
6976
27219
16864
3128
14856
17441
19930
30595
24875
14315
1419
16810
8697
24810
17347
12987
15160
48577
9600
4426
15484
10801
3934
12780
1103
20159
28140
17689
33476
16469
4888
51262
13165
46422
5563
37502
12631
16464
12522
840
50060
6696
32885
1527
18115
5200
46646
48983
25148
2530
12890
4476
8518
25733
559
14593
25361
12242
9689
3196
7755
109
1367
7618
26413
37323
8472
32357
22465
834
32553
753
13590
27534
56382
15812
3
10135
25253
9958
19063
6753
12473
32444
27143
18
3006
23167
11829
5328
14654
23737
4141
6750
8940
45398
16644
3484
19291
811
18228
11037
4351
7878
448
40281
20378
46522
5938
8853
1190
5269
25199
12749
7699
9974
12740
6473
731
3379
20932
1309
6072
30822
22887
5765
2955
20264
22863
24103
24281
1184
43260
4307
25626
29665
1723
467
7730
14197
42978
6385
16483
44601
27085
16724
14258
13712
28015
30408
7158
29881
7473
6374
5277
440
2788
2162
11107
23873
26817
59415
14459
16339
45320
14281
21777
4320
6250
26009
19525
22726
1358
37018
47794
17223
19902
8168
21645
919
4028
2901
683
3115
6978
24993
29116
37105
7686
13466
5096
2871
13365
6681
7144
45402
31847
3388
51339
3485
649
22457
38471
9492
12337
6700
4063
9436
20362
2314
10273
27317
11
5898
1796
6817
10162
32031
10237
39042
29872
349
8
3115
1817
838
1841
18087
4953
8740
5466
20307
20713
4812
9570
20034
14323
14179
19389
13606
2611
2396
25606
12798
2616
50933
25773
20756
509
3416
23605
4098
54305
7909
8310
13443
14767
13379
39415
6220
1130
47
10382
4280
35885
51046
20931
29051
10062
52414
36956
24106
9445
3520
521
9379
6251
595
4369
39740
12655
10355
11177
8201
7488
10928
11581
9242
10209
8737
2469
83
46249
20159
31726
13812
14724
14378
5424
4841
24287
1499
30195
14215
7121
25554
24326
3078
8380
42430
16690
4804
14866
5251
5965
19007
22786
12657
1638
5224
10910
555
32690
46750
5121
14742
45784
33947
43760
2
1581
6075
11488
11385
9757
3689
7564
5354
30318
37629
525
38621
12667
817
15592
51117
964
14511
1552
4335
14971
12278
975
41937
8719
8143
4282
12456
17828
7603
4774
14559
1555
42441
1061
872
2606
962
5020
24532
13326
28701
766
49841
18444
4963
16304
1263
56826
532
5318
4780
23534
956
2730
48264
3843
11495
1867
9923
5878
25571
5524
1
23865
29
16647
11531
1
49935
1
5013
247
2444
4885
29641
4
4587
18838
19587
11030
23345
565
2965
684
538
1348
37047
3937
35371
17518
28965
1450
3011
25046
33034
25773
1672
39207
5241
14869
18040
4203
1816
2688
4291
13960
756
36244
60432
1338
5945
23494
11944
43784
6884
584
6650
20646
9674
26220
4513
8891
1873
41717
11964
13143
32229
15087
40274
5563
28474
30742
13204
11891
1985
18893
26094
35500
8825
15127
53485
41105
8080
12719
5660
27442
10633
1924
14998
14262
8447
10123
2236
33932
393
44298
2663
40436
13707
15722
5799
12514
786
8195
36632
4303
3758
6271
4015
23412
47801
34118
17218
600
19977
7724
2401
49535
20776
6526
19124
41287
9979
5231
10405
2458
23942
1943
23
1700
6475
32512
10758
49848
39593
28074
16030
27799
30501
1972
1721
30788
12374
11266
19926
53312
4410
536
6363
40578
16055
13780
505
17152
8732
1625
21335
15700
4761
1406
59389
19804
4565
442
2429
598
1009
6477
45017
1276
3798
7070
32821
3160
1
4381
3009
1921
8540
100
5408
26172
6129
4247
11973
8767
1
1596
3943
1602
4425
21457
1649
9062
42082
3457
1264
4014
4748
3258
5804
1
3333
22558
20094
50608
31221
40996
21891
12652
30257
3167
232
649
50052
28402
1770
169
23357
1167
1296
18922
13560
7683
10741
3771
25060
13381
25251
5171
1284
3503
13828
2372
53564
44864
16946
51335
609
186
31597
468
21834
62
23917
868
16360
5099
25263
5318
42883
6502
1584
7742
14819
3275
2061
3175
10115
1657
33901
7760
6409
1197
15797
5258
40348
11946
31927
13
29579
1379
8073
43104
13224
57260
11599
16479
33399
19929
15115
19536
11615
29868
28069
6818
550
3129
8083
16860
15394
17199
5808
25045
10617
1808
8040
17266
3521
3846
29691
28622
25813
11048
21754
2483
24842
247
13686
7588
1616
27617
2389
3833
5518
17573
5614
2228
3225
14927
331
17929
3
673
1993
8461
3456
13956
31848
14486
36317
26607
21553
50462
12744
5360
10182
7945
7999
33260
32064
430
3824
9866
21764
3878
1877
17399
10275
893
10058
26937
2
1457
43942
2505
28088
5449
2573
25195
21469
3200
4420
25335
40125
27466
10164
32127
28445
15
32245
5626
43602
1163
21747
18578
38984
45910
3333
22096
29693
20427
2562
616
4117
14424
12434
4192
16783
4584
31318
9015
2033
34230
34128
14141
5447
4238
2451
3166
4460
18611
20856
267
38957
1694
8145
16772
4778
39878
320
7533
24282
5316
29840
31067
1709
29189
2832
36874
26976
31284
8027
5267
29408
33000
530
17661
5044
26027
952
6746
2548
16701
31035
32421
49659
1076
1165
43983
13893
10780
5336
33691
2451
8143
16986
5879
12690
12389
5177
4850
413
7775
118
4953
10756
4128
309
2555
21067
4293
25413
24224
2557
24606
2732
2310
12966
28127
46751
3617
12280
39961
41498
7471
16928
25561
22252
38802
2027
25399
10724
23851
8
6180
19629
404
35408
40621
2637
6088
10270
3797
33827
18282
16947
2740
34836
46569
44808
20949
10985
1573
5857
2964
6119
4648
4945
2845
2
14988
5583
11533
293
43335
7058
13319
7663
15667
1466
12087
20271
26318
9683
1911
11827
6667
17436
19061
15325
2241
20681
14210
868
4217
418
13008
2236
11051
12568
45
28244
519
6981
3841
4959
16447
7457
35166
2104
2924
8249
8297
5986
4301
4567
6
45156
2477
2017
1134
36161
7203
2287
15271
6421
4896
34024
32260
1094
45871
6877
3213
12129
8764
5675
16984
18133
2646
237
13177
19454
4444
15439
2845
27237
32516
3664
35014
12759
50670
510
8777
1155
21487
8566
27073
15094
2832
23983
28099
28127
8848
23443
29844
3502
574
4480
1199
6121
21751
9190
444
2637
16881
7368
11001
22649
17214
29657
15341
8955
10765
2273
8963
4806
10331
15669
4765
12322
14834
6964
13355
22181
29310
230
45254
32437
9615
5137
4084
45108
19019
2348
25518
111
9124
34259
8443
18151
3300
1752
2753
21494
318
1794
42351
15748
19765
8413
12903
24410
258
44196
12230
42368
691
9561
12543
16067
15349
10569
13670
6275
13310
18439
508
4396
9810
5244
1885
13628
26380
30086
8071
3950
12537
1991
35055
17506
33731
8926
22927
10682
15116
20
32648
4445
31956
19395
5336
1422
12125
20397
12673
10510
10850
4649
646
6646
391
9978
2525
35013
4352
18289
37002
31445
24592
33910
2887
13133
783
463
10270
38882
28924
18126
19424
23795
2706
12327
16493
15750
10511
788
7501
13946
2214
3192
15733
11161
2996
20832
2784
3522
3083
912
2669
3185
16259
26967
11323
19963
16721
7941
21341
44322
2397
9984
4980
43637
28314
9494
6017
11890
2723
22020
2900
12769
28034
1599
847
13558
5695
39188
29714
1389
48596
3844
7300
777
10483
6639
31495
32131
33636
3131
142
3133
19383
17842
20909
27469
13903
51646
7315
10790
26271
10750
14892
18313
8746
45785
23771
38566
5897
10485
34013
3066
30531
19606
3067
18845
33689
12843
6855
1639
12330
26246
9048
14193
5371
32259
10190
225
53079
8621
25857
8477
616
6565
11349
9630
7017
27513
25612
36404
9997
18398
8276
5732
9528
52090
5215
524
18897
32432
489
9716
2607
26134
14989
8395
4890
2828
17867
11114
4723
5680
664
19637
3247
34759
1834
3370
26835
59272
43296
16127
23894
18205
28261
6209
8824
3475
14758
17818
18728
37250
2936
27649
29150
8391
15861
5732
1470
5034
21172
54441
560
4499
16681
1246
28414
16133
5543
28326
2564
20378
157
12357
3617
16849
4288
32387
12692
17789
646
44412
954
379
13868
4900
12720
31212
18094
6131
26749
17556
7708
14818
5416
3743
26849
15580
5315
4386
18748
2933
7051
839
4773
5374
51361
34820
1775
8333
17663
6284
4631
26194
7702
9612
15597
23546
4025
31436
16391
761
34
1804
7525
11124
2128
4241
35583
15186
3861
7699
35360
39018
4354
39536
2760
26826
31989
9148
24494
21760
5350
20320
15677
23299
16344
35878
3069
34506
13576
14995
23253
22691
3921
12427
953
35342
46084
28619
5321
26790
4197
16899
10152
31986
6430
351
39492
10
26353
13508
12899
5091
7675
5119
21573
4241
21847
5736
40899
5933
42533
35327
3256
48128
7223
18148
31561
7110
51018
5244
15919
11403
11862
19843
9714
473
14694
18016
14803
13055
880
44462
2161
1005
574
26325
27290
41338
14253
4708
32841
11189
3809
13642
1
30598
1779
26992
20868
33430
16301
20015
17689
10583
3791
276
3878
23549
13706
20886
35595
2393
5590
1574
25396
27237
15552
7806
19559
11165
14886
17606
15375
16899
36497
10572
34650
6870
9193
26228
35737
38627
18981
4561
36690
19186
7837
33592
9980
11473
31450
10089
36963
16561
1278
13441
11073
30625
2503
6040
28300
30310
15947
3904
19920
15026
8552
8696
28641
13320
6857
1048
9737
16166
8927
1023
4970
4431
862
7234
13951
12270
14021
23587
19297
20379
2941
5754
31347
22252
3955
31209
13138
14880
20654
42047
26414
12646
43371
18462
7658
3905
3127
12742
32361
14689
14911
18128
2461
21084
5
51863
25605
792
15755
1669
9069
15822
404
19253
32197
18008
28266
22940
3385
6122
22464
2573
34336
16419
3605
7318
5957
13145
38935
3361
47839
23091
35832
32117
30040
27767
16482
1022
13006
37811
25751
22937
13314
22733
28570
2776
54840
44364
28760
7907
3906
9433
8272
8337
26
31517
665
9453
42286
32897
8691
1093
36958
1402
9712
30165
909
7199
4479
626
6984
347
2
18514
41787
969
18921
2900
10526
885
8684
355
10890
16114
1642
14244
2207
16323
2977
12718
1092
19276
11758
51341
9858
883
7072
122
12019
28563
11844
7328
35245
11643
36430
1898
24908
7501
1858
3217
8724
45642
11007
1002
25407
28092
9071
21198
17922
4895
5018
10981
22414
24440
40788
357
32101
45891
7999
24532
1089
30484
7430
9916
14998
2242
19214
1702
7461
32954
2674
443
6064
1233
2
17132
14455
6985
2520
3261
15748
21963
172
26925
2385
1288
11233
30586
1464
26903
18673
8057
4267
4268
6512
29141
9399
2526
1334
47030
19893
23834
34473
23610
781
5295
927
18601
555
19072
42921
1
18364
18641
5006
52688
17550
2330
1632
25296
5727
18958
36738
11749
2848
10120
50977
49569
48724
4430
5532
55128
768
45053
40550
918
17015
10915
6832
35092
1859
8238
1200
11769
54773
13329
5518
5681
22873
18513
7340
8197
35520
23345
13261
3947
8563
2811
3611
34023
9509
17300
17231
25008
1852
29046
6446
5497
21325
18542
410
10559
276
12001
10628
36958
7076
27301
13818
33287
660
4893
4567
32607
14291
21290
1397
5810
9047
3877
2368
7529
14264
12340
28865
27010
27932
1678
1
15785
13358
26069
60712
4634
920
23675
384
2540
14353
34624
16935
4247
442
19808
2
360
6209
19619
3612
5190
5860
9483
806
18612
2877
11310
794
16052
3329
57698
2717
29252
29211
23424
2581
22045
12290
27501
24560
18369
17233
1944
20491
20474
23259
5453
15011
2647
8870
802
1
34944
37794
12589
26530
27715
7565
8742
25604
14516
4827
38880
10666
939
458
1143
14364
30667
18045
9145
25926
14037
41566
375
5289
15728
3582
8620
6549
16443
40053
7
1024
19986
5263
26419
13175
17846
12879
17124
3996
33033
10917
18503
59516
6401
276
29829
10540
10003
19531
5344
24775
40114
26971
17441
10661
1
12348
18090
20204
11250
223
3562
7403
6074
1065
6166
10965
14423
18733
48457
2529
37356
3
5547
1310
4166
12864
32862
13150
25544
4908
16477
261
385
375
35982
20999
922
42240
26899
16629
19577
11423
31628
12786
3895
23585
15202
13410
5566
13353
3158
41544
3647
7811
28435
425
25789
2756
4712
5385
18897
26228
1307
8601
23554
30173
8840
865
5949
8035
4635
41365
30951
17706
1980
16517
32828
8227
10369
14296
31375
23995
16915
7128
29770
10958
385
43451
24667
9315
13756
2314
3944
2713
52
1698
1504
243
28969
10507
17270
3500
29847
11487
43485
679
3128
12474
11831
13654
30175
1719
1078
11289
23232
15730
5907
2809
3195
5018
27582
9401
35514
8677
5317
2106
4477
10754
7016
7136
6028
8964
7181
855
5112
30242
51174
1297
978
10281
10423
1966
5791
39072
24938
6664
9733
16278
7743
16283
12561
3162
40453
8896
22
1
13417
20726
7464
9249
39707
54189
4523
1310
7074
9855
22047
12485
5772
8992
8769
287
10723
32387
19112
18775
10561
13331
19853
20582
5421
42751
2234
19063
7162
50204
16435
5161
15425
33631
4001
2820
27114
10844
14260
2445
3734
43506
90
17528
4113
4424
284
36775
11748
19526
12207
8089
37315
1390
8743
32366
6462
16131
32619
9766
21349
4219
345
52
4453
35465
41014
17327
8268
5771
3228
27984
2200
11799
32206
14807
25910
19888
28765
9937
5418
42794
21952
29673
14725
18408
11289
22276
2334
38357
10489
10303
36459
14657
5306
2073
5701
3964
2720
3936
15490
204
27789
36284
814
4689
24385
1441
2845
12738
11822
23000
32069
1736
15939
10662
7224
18084
29521
18127
1761
1989
1568
10657
21306
174
24948
25063
927
26338
24753
22663
37019
32851
13283
23147
21274
42453
2408
4761
7682
9970
4364
7369
7577
7097
17145
41099
43409
9134
20538
2289
13610
7122
250
29128
28803
21899
7970
4581
13857
6021
9517
3861
6
10980
13538
24111
14771
35305
38468
10857
1122
2
33473
46676
3058
17521
29842
2491
2698
7343
12849
45399
13357
6273
4844
6303
23470
18589
498
25022
29049
6749
11040
13918
990
13635
1145
10673
39185
7907
32798
47705
602
4659
52974
7192
1633
33751
3814
37887
931
4883
8819
33124
496
3115
12770
3257
4126
3986
35133
44338
22
9706
4587
19009
446
30588
37533
2
11089
26668
7178
6173
12855
42395
333
8734
13354
18607
644
20927
3368
4229
347
12568
12188
5182
21589
9978
7620
14195
1534
17153
30306
38667
46896
13660
13408
12931
50474
4243
17192
968
298
11211
13096
42061
2144
44150
2698
34544
24394
857
5005
858
56094
2957
31636
26764
20
9751
8921
21360
8995
23103
12296
2359
3178
13181
2121
20389
26206
38572
14298
9203
5502
4848
651
22834
493
5047
2
12225
6229
2712
7832
26613
11325
9974
4818
8395
2792
39042
3002
4459
44180
10430
21680
13299
10090
13454
12702
307
6532
28300
8009
4382
13406
18888
11084
9959
581
35562
12290
3201
946
6798
15321
407
20254
12800
15766
25656
19526
23039
42909
3775
31222
5016
4014
33429
11591
26848
4780
9986
17153
4158
5081
4732
8523
10055
4023
11416
14745
994
2505
4146
13475
15487
1206
7071
5386
35155
8177
1273
35197
35925
16691
9717
11404
14747
16242
6955
13318
38516
2530
2846
1689
4977
41373
25070
1210
3122
201
15531
39199
41377
23095
32505
13113
681
16459
18082
13917
6386
11275
11628
13779
11558
13522
27235
17248
25981
35756
14250
7543
6919
3857
11413
9762
15039
15439
51486
699
12916
19
21974
7758
33136
18985
17923
9461
27434
12638
6802
4185
24602
801
42146
27146
10647
61284
18613
10024
8426
44251
27317
11916
41326
5238
3412
5509
6349
18105
10527
10907
4783
25062
1714
1732
7312
8840
550
48482
26665
3775
9453
2623
41800
16280
2253
45953
4347
7848
5203
10295
26555
40992
15503
6156
41
9463
40
6691
5227
12624
17508
907
6632
16090
1971
426
2247
3305
10028
11432
2637
13439
34735
26427
8601
43533
7290
23412
46782
17363
2271
23150
11342
12674
34987
4017
22023
12195
2989
3
8876
17433
22003
55891
11519
2484
40320
5943
45277
752
24151
16843
47069
779
15185
455
462
3102
2734
6398
566
24435
33872
34408
13974
42635
37128
5640
485
9019
40546
28853
28422
27673
6254
23313
11831
23739
23420
2116
2091
36882
16465
13566
7594
24496
14031
29281
5376
46209
12117
26600
42208
32
1425
1942
14781
19468
42289
23427
25101
22457
9234
9617
50669
2
623
13426
10179
15089
4262
20499
23718
34862
2999
7388
27282
12327
3
647
17672
5084
6098
44481
41109
9981
23608
24721
37300
2505
13912
15721
1826
10316
314
4905
45062
5505
13371
1281
2799
1246
31843
20483
22551
11810
21296
2276
46392
2962
6954
21528
34341
17768
25512
7474
14207
14877
44779
61607
40611
5728
4170
5624
1586
17770
2118
28685
33
15973
15537
16583
31664
47240
1076
2193
12098
14511
18351
5872
25008
13437
42704
3255
27458
23480
7547
8230
8403
31278
1134
19822
8401
29919
34841
25952
4067
14735
40085
29079
6294
739
2336
4404
7521
14151
717
14836
28419
1584
3793
4926
2820
49
4475
26658
3169
19208
18328
7601
6520
38719
40920
2755
3157
2154
27846
52750
4825
1031
19289
31870
2362
32628
15280
36152
7704
2283
9821
17934
11922
25043
48451
23925
3
6207
8873
222
9677
6587
624
20206
36034
1722
23048
1340
20359
11831
19493
1
35400
52949
40835
11588
8265
50431
1998
7946
18926
12602
2999
28462
24209
17156
431
20531
5959
18130
2825
9350
294
5205
4114
17899
8654
24414
19948
9413
9185
12240
7871
1167
37807
16219
6654
11634
30461
20956
43
18085
3284
15899
6345
41297
40383
2159
19539
3354
5093
10805
41133
15355
32448
22647
1214
5519
4427
22605
17500
5806
91
29325
6850
1734
19596
7230
12206
5747
27034
16804
41
10908
8804
1400
30665
10720
10742
17181
9296
29377
8926
7663
14518
29281
5757
17808
6003
2411
25574
3184
59691
8778
11129
36206
1490
11973
3771
10781
307
757
19070
6062
16414
471
22264
27313
16804
13397
2745
4030
20838
3347
4664
3251
13558
7050
8623
2873
24894
14558
15390
43613
20315
10590
4329
30020
13334
5814
11122
55844
14744
5595
21491
3800
19039
12681
7752
18510
2210
4876
4446
7104
438
1
34258
34035
45206
12013
1
57653
10186
2239
42205
7197
22850
7808
54597
10632
11856
2945
7180
2999
19448
15162
11073
1267
16968
20353
18653
14566
35347
5511
10870
6823
2870
233
11178
13907
5502
15207
2718
55493
11303
20449
30348
39269
13526
6050
8115
54164
9773
15673
6530
834
14157
52479
2488
12083
5174
21572
2065
20203
3388
29911
19173
13777
50663
2958
37952
2
7177
45581
24311
19414
10417
6496
7581
18368
10775
21503
3825
58730
19360
39629
28849
3126
2069
28613
18626
11306
23663
16686
19837
48138
3941
14798
5280
9023
35191
19368
25083
16324
11672
38458
5521
54106
428
11552
19896
36930
8921
1137
36119
22146
2237
3474
297
52078
2802
21162
15029
14262
4874
17762
23095
3887
6715
4987
22538
23483
13450
21320
40328
6451
44729
11788
14964
9595
1237
14011
9131
2658
29980
12369
25182
45996
3737
21562
3780
317
1927
6831
5431
1131
4147
12547
10903
14937
15484
27982
5
2577
6268
6582
1
5038
9585
5296
450
6
29880
13851
7287
2555
30627
9
12068
650
10867
24892
16242
7841
9567
21303
2212
783
11047
24888
2701
18080
27560
11233
23347
8610
6446
44803
10970
22923
31019
11122
2904
39085
30353
48824
14230
12411
32478
252
2258
19004
1907
2759
6438
992
7341
11852
1705
2213
10126
822
13548
26317
13379
29794
718
7668
6572
1726
7175
18907
10020
6318
9633
35569
7094
4706
771
1756
13033
44618
21638
25182
5348
5705
27355
5984
4225
39551
535
641
24256
26450
20182
3967
41502
10258
3335
52905
21460
491
20663
11396
7400
6082
2930
2838
41968
8365
14391
23542
5231
51139
13254
28839
5120
9086
357
4085
26079
593
6495
2
318
21413
2599
2391
7000
34407
26743
13041
32771
625
18459
13639
19413
31416
33635
9857
22275
24105
2879
35038
28173
3360
53822
31642
18437
1468
17894
7
21153
9133
43040
365
4581
28031
22051
1
29290
2537
243
6455
21345
54741
13680
3717
10578
33480
10456
9451
16149
57332
995
12258
5577
4237
3672
1737
10699
12782
1893
11519
3160
36986
1017
3776
2596
17647
9254
40157
14570
12852
11733
360
1582
8093
448
13725
73
11387
14178
8646
8980
10616
49845
33670
7091
22433
27531
21512
32421
35083
16107
2814
20576
10214
19760
3020
6489
3112
8746
10598
16
11952
24968
29096
35357
11247
8788
2708
11732
3769
53896
8884
32908
15595
10871
1
12193
797
30059
5749
4099
51855
19809
18116
16279
11273
17450
441
14292
1238
12319
562
39350
7275
35004
2120
5184
36973
32446
12371
1
10362
23424
2055
4356
7713
13780
35019
26898
12736
32416
6867
9942
11067
14782
25617
10715
22676
18668
2
7516
18399
462
2440
14240
44030
2023
19411
1495
25316
15383
21401
4737
8113
10373
13189
26188
33462
16058
6575
6637
17550
2319
473
1751
7534
610
2750
16282
20626
49651
26431
3786
28289
9399
448
3352
8004
33912
27670
7076
26811
12415
7687
43309
16857
33073
3
14379
1025
47018
47491
8232
11273
18673
27938
21488
1144
31744
18345
5563
35320
21621
28864
6695
22268
1056
5715
3508
32690
1898
29797
37893
34644
425
15877
1025
27118
1871
996
19332
10846
39460
10506
13463
29370
6560
25499
12069
12687
41732
11932
5797
3413
22484
11061
1923
4508
35956
15383
26771
15079
252
26
21727
30886
934
2306
36097
37611
9406
42217
18477
518
1034
1184
7163
17518
30640
478
9480
10629
591
26578
17692
11619
13238
9258
16689
30422
21878
3313
16547
1022
14718
36102
3858
10816
46301
26995
29298
13518
1468
22574
573
27798
4683
29303
6894
16128
47867
30575
23552
10502
17687
50
49929
4990
20817
1575
5753
27344
9317
31228
2176
1582
4024
5407
22724
3628
2383
1460
1799
26504
3891
9192
22730
9177
29351
2087
17976
255
4073
23060
15522
38243
2939
9278
23535
215
28715
3221
3369
40891
4691
11086
12492
5245
18150
2389
34504
4556
29250
9086
2716
21371
10534
10753
27772
8901
37301
786
15053
15922
10139
18901
6263
19770
21270
14320
17166
31986
1529
21658
1915
22857
53514
20234
20346
9932
20308
6508
29896
4518
684
26923
11666
17765
10997
33810
4177
6777
2902
5253
759
42080
401
2009
19972
22961
13404
16424
45016
14057
16147
36146
40745
8969
36418
4921
27371
60374
2738
3719
4304
29681
41397
12216
2386
31219
1971
50904
305
1536
15982
215
45598
56124
6056
47328
6562
9368
10691
3
1271
3495
39672
2182
1499
2744
672
24030
1
29798
8306
41589
36
17724
16271
11927
1647
11223
2349
20631
17952
29234
34867
16395
47354
40382
48192
10343
9467
4587
3470
21196
14155
7298
37639
1573
5155
174
31193
2690
13832
30683
8355
50496
32169
7058
16512
30249
2761
20126
52631
4146
19740
16812
7580
21666
12487
46167
22401
16971
13324
1764
3
5448
3637
5902
27536
18801
33920
3361
5106
16658
25148
27288
10575
39387
6946
34508
29360
12901
47693
16115
28748
47115
49572
6442
10956
30188
8926
20788
4103
38349
1179
19140
4555
21420
10780
6026
45779
18796
21504
37297
9355
3837
31501
18804
33083
17661
2323
28021
30995
11390
8358
1630
37688
34911
1664
46688
2590
36234
2380
28642
14468
7387
11526
35666
26821
6982
31287
14343
23910
20139
9537
47041
8288
21559
1579
14520
36811
541
9618
27774
29752
3699
43421
31610
9908
8733
33099
49356
3968
10260
21944
36864
10547
17979
4258
21643
8151
9718
46320
17707
1628
38871
50912
49376
46751
17988
273
12231
1093
27015
1150
27746
29342
32053
1398
11654
2166
11486
27525
3475
26266
681
1209
16847
272
17168
6721
11319
53069
27685
10907
4419
457
16978
4357
3818
1559
56408
22764
2711
10314
1694
36386
21523
1136
4790
6640
6037
25244
34865
3430
9705
4070
4593
170
12712
27660
34792
5590
23869
7584
9284
6483
4476
8211
22017
14167
10840
4083
551
15544
6633
35366
12524
18021
10480
22950
3807
19429
10691
5104
13476
51358
33555
46646
20684
6321
21561
764
18564
21943
369
11450
22272
12412
10737
19623
3708
2255
8856
42128
361
3524
4301
6013
6436
4395
17037
28616
22660
3033
10599
16177
45945
29586
3557
11008
30536
5856
5392
41834
5867
2698
5753
2934
8211
15430
29143
190
10230
19060
12555
19000
14614
3221
11105
28749
11567
5307
13248
19
30668
31016
2027
23207
43338
7766
20037
29741
1642
12477
10726
7239
6336
1309
16003
1560
19355
39084
616
25417
7288
2965
4289
23778
1129
12715
1868
587
8063
12069
18130
24866
1192
3539
24354
29743
796
55026
27818
17984
23220
24971
1641
21024
12838
17887
5189
26992
4369
16113
6096
11015
19387
18934
18874
14520
33841
28621
1549
6209
29275
5455
4799
17
14686
42312
11244
1580
3350
14396
6075
12602
15388
46265
18701
34872
21441
2203
5090
22278
7468
1907
23056
8517
4964
1777
5357
7490
35393
2007
2028
32555
9354
13632
28739
3029
16940
11032
7416
24950
13225
12946
2648
45373
14742
1602
6516
6639
6029
5126
12901
1326
2216
43706
9755
15001
810
1691
26595
9471
27135
7927
22735
11847
12203
34590
5267
16971
23401
9903
7143
3522
26957
24931
7991
5376
3904
12446
674
13177
25333
11606
963
19727
697
9177
23866
20347
9174
25647
9161
39
17104
32854
10133
5651
21712
1552
24361
27871
18149
28
75
1289
13827
24262
1461
20060
8306
34987
22152
3602
4987
33397
705
14970
6260
5830
6537
11774
6618
10204
5734
6740
19918
48975
3139
447
5357
12249
28889
1881
31620
36193
446
10805
11852
18458
22812
37003
7763
48587
39
5810
17691
16202
1393
12944
7019
17210
11028
17028
32873
13055
12614
31273
620
19691
21010
6552
3115
9808
6039
27570
2280
13974
29543
5796
22591
25558
6013
17016
1855
15496
5783
23611
1744
26388
8964
13807
4825
14306
37222
45592
37328
23744
33615
8270
3657
1624
1336
12116
15572
7272
22056
20804
39792
3088
3879
3748
36572
30443
29263
30779
7926
4408
13052
427
18946
19877
29297
11220
39104
37475
2805
20106
28474
20163
1019
26212
12751
30990
4700
10390
17191
31136
759
34256
7779
2376
4950
4796
890
7824
46003
46530
58811
50402
2699
14513
15389
16343
25308
4781
2376
18007
2101
41774
44325
13073
12668
3670
26936
7850
20476
37318
1050
17215
3486
25247
19147
24564
5795
35040
55453
7863
16020
19388
1273
43004
56657
11843
11063
12284
8698
5649
6065
2150
37384
34867
2036
10716
23362
6396
13375
4304
48041
15828
3539
5499
33232
4340
35030
4152
27782
15836
29656
24821
4705
41606
10668
1787
2328
27179
11049
36213
33158
50264
8613
15667
4967
31793
2588
1913
31243
10152
21071
24944
1233
45772
34791
585
3460
88
3657
4553
48655
573
8987
7388
31759
32646
14621
6116
15007
38554
1417
25822
10040
17386
6304
34398
12559
14185
14899
5407
40242
1490
10874
9752
18209
6624
15909
38876
19448
8457
9574
21032
14247
24243
24536
84
13549
2546
16963
88
2421
240
31841
54285
14141
11702
19750
5612
3563
13372
12916
16856
13794
1651
4733
3341
35913
13258
14225
5006
14428
14026
2611
9602
8670
13955
24997
30642
406
1676
5127
16020
25872
25894
36090
984
56159
27040
7
885
3123
7416
11882
1162
28078
39803
23773
8467
12026
2174
8478
4305
1916
20294
9872
871
1784
13456
28621
36992
20673
1804
11120
32898
296
13513
5223
7652
14214
9512
25695
4669
448
24543
1724
54811
5216
9816
13036
1
23840
4081
52269
933
3785
7429
19576
34774
18496
6779
9662
9524
33007
9363
5445
1338
5623
21175
1817
6533
13937
47203
2499
2632
28107
24395
31550
366
215
2068
5389
16124
19881
3967
2626
21744
34348
37192
12116
34602
25250
2221
25430
13988
2793
1530
9518
27233
15445
27164
9803
2389
57429
2889
36357
13813
23486
4650
7926
23379
10002
4244
8943
28731
4621
13554
46069
5124
41404
6899
12700
35812
8263
18516
17957
13844
16516
17590
9191
8601
26856
362
23853
6268
10810
3123
13685
19807
2383
2307
13627
40518
17389
25903
368
29390
12052
3715
1734
40452
5765
18538
619
13169
11109
15145
31240
862
13054
9748
8313
2314
11561
36135
11867
19131
63
5116
19073
1469
36253
35142
23577
9057
36839
320
9296
26549
1441
1
1
46055
30148
6911
4941
12155
1155
1223
29939
476
10329
2140
19927
5006
3529
7058
57185
7524
18157
39440
41195
4284
9115
27110
2709
20527
22981
14522
3304
23367
387
2007
17697
771
23450
756
735
44478
20506
3133
3823
18919
55250
11962
3409
698
2
24457
56689
1549
10685
39861
9917
9215
18222
3031
4220
10709
42193
27196
1859
29483
2793
28840
15673
3949
9776
30847
2
7991
3004
16305
13769
4945
14268
16209
39
52129
14881
4152
16669
8670
6819
8546
9004
5494
10728
36081
5233
2982
41772
11233
7626
12851
28918
10576
27264
15397
4564
6670
9509
5446
23243
9588
20369
43836
2
31027
7847
20190
5531
30788
20798
202
21586
15435
16478
14478
36150
26874
14588
22044
46449
32172
6419
5548
3158
12124
10702
6962
26107
6439
378
2899
2154
13990
4892
14527
19375
21737
4068
55925
44456
20856
31286
1644
11382
28279
11564
4
12336
54569
54311
19520
30369
1239
7674
26674
35673
5861
3969
14525
2265
46788
18123
3616
2997
155
18746
10255
20890
17097
11252
13432
47578
44458
4157
4128
11114
11594
13175
22
16735
682
3215
19225
7670
35374
158
6376
41388
4352
9003
35574
25512
2795
815
9116
43387
1512
1845
17542
37581
12949
15922
9890
2666
31687
5464
12066
17608
5251
41048
36712
10054
1974
6474
17337
4279
13465
22917
21466
5641
49166
18544
24620
8353
4128
18026
2562
1466
8315
48514
21464
12094
46481
56247
9026
49458
18539
5886
307
18869
7162
3335
19316
1699
25115
821
15495
5048
7764
42720
21264
9485
41690
26670
19971
31401
5159
13358
835
1272
430
8988
9074
13626
4988
9184
14117
5189
11837
26191
38063
48336
16079
21424
19338
30359
6519
39730
7643
22227
20126
7422
5804
8518
24263
7575
23874
1484
1473
37961
31426
17282
43929
14306
9824
9616
8691
34652
1588
6236
968
3257
34239
6258
32467
32612
45914
7317
27176
4040
8601
10404
5851
1410
11236
6518
3500
10242
7755
2404
6139
5338
10921
35864
13700
39633
8805
3932
4054
22283
61
22066
10393
4436
26900
35769
34451
845
3075
12535
24257
19835
45813
6055
18850
27339
9213
8669
6987
3692
20821
4050
47141
9976
35050
5671
6625
33622
13563
4332
22979
23964
35296
6966
26530
19247
4383
1054
12608
11183
25658
12760
23180
23607
19600
24960
17703
1098
2986
3035
10735
43631
4270
4648
4109
8467
37862
4895
2584
5231
38656
37553
19505
3550
22674
45573
26682
38118
47800
3167
47109
10795
3433
31462
5617
434
1221
7008
37977
44888
5372
11897
1950
32500
18672
38977
1454
32307
6547
749
15560
3587
19476
1212
3481
29456
20305
18663
8265
636
4313
4991
50262
17535
692
43140
1011
13746
6191
4728
38248
2353
50944
11001
44581
7835
13688
15107
5881
1324
35195
15170
12402
6555
10113
39779
11311
7687
7216
16576
937
9272
13575
7723
1584
2206
32994
2463
7552
13138
4071
18827
39803
2871
742
9711
8210
2962
2824
23815
36225
13138
58506
1864
14127
46176
3819
44459
21303
10683
2349
3204
10412
473
771
4474
13448
20604
17164
16273
1677
31128
1771
4207
19362
21262
40627
12829
47657
3629
48294
1193
7727
8187
57
33538
851
19686
27988
11786
4244
1658
4520
54885
34893
15778
20188
1523
17236
1415
4
36118
3162
38971
7637
21372
25255
9327
3819
1436
41142
9218
6366
7772
391
6996
23599
34756
14995
48110
8581
1
29680
3965
46317
4691
4347
370
15139
42413
9121
3447
43881
17375
41842
38932
10
9071
602
18081
17604
18439
7247
2874
804
29603
4730
2924
20128
11172
857
36227
2284
34604
30550
25724
12607
2
4819
3820
21784
6855
17443
28717
20433
19998
22502
17745
4747
23097
2084
19
3961
22050
34841
30435
332
45903
2378
37128
10426
1087
2194
12711
1555
15309
16329
55747
13132
36332
25860
7805
17687
21621
12618
2074
3776
1518
2947
11227
7640
11922
23874
18671
22444
18068
18039
11453
3186
24046
33174
17671
10869
7872
27309
9313
5035
4308
4277
20954
7835
33454
259
34213
2798
2568
19019
2889
3228
5837
15284
27622
1567
30928
8787
1318
1223
1814
4743
14572
1752
15630
13228
75
23391
212
6311
67
1678
20698
21810
44441
9943
17209
2570
41544
2143
19230
9368
2560
2468
11332
2286
1
1538
20976
19447
11113
13940
2574
11858
33688
2039
28193
8247
15387
16577
32344
38263
1937
52628
12566
9670
6830
27782
13218
31408
35451
2367
1089
8417
3469
17292
28731
4731
583
33807
10001
17865
8903
38917
1456
246
3998
17017
5297
19927
40204
15605
1796
7121
26097
29348
4488
598
6114
23192
2628
24504
26113
11742
9892
10682
15789
10133
1527
4696
13259
35327
21103
29901
7
24074
11166
161
40633
53881
7842
26274
17445
10781
14783
4773
14782
30741
18020
8843
3386
994
17199
21931
8649
27791
4363
3630
31528
22315
9965
7005
21302
11176
1237
15656
26750
148
4675
26397
1182
2822
2210
30846
42686
27312
385
11557
51750
44017
348
37353
37456
31730
33190
13876
7402
7625
5063
11327
34879
7311
15882
7197
8328
7562
8197
18108
9990
7267
47281
6747
22346
6814
22515
16981
6194
1389
2944
8461
18567
7182
10134
3951
11093
37242
14317
11560
1175
17082
7651
4991
19681
6314
10307
28557
30596
12729
25172
27030
17495
20692
15939
35401
2062
9647
5135
42177
12817
29072
9648
7100
15891
8564
34828
51459
269
7910
3868
29487
9773
23540
27023
5037
20232
1150
1327
2880
8547
36549
12425
35704
21363
9394
766
30405
1668
12887
17365
411
2877
7545
47
4427
1294
40684
7596
22439
12715
19773
1615
428
14045
291
25416
40961
2732
18359
30087
12067
12433
13368
50017
23406
13304
2
4513
45946
13539
2874
2587
3221
14798
24287
23416
12481
1236
1
23525
19916
10601
8756
4079
2846
27454
1636
5612
1037
19091
20784
2539
42249
9989
12632
56208
1491
23470
30765
11928
53783
5062
28077
110
54817
24719
2061
57264
17168
18775
42273
5286
26798
41974
11367
11948
1095
7457
4948
16173
10881
15639
8675
43354
14628
15081
3781
1578
18633
21929
6517
1576
6555
20161
1232
9393
7874
650
14739
48365
36824
1188
1988
4870
37711
20034
33
394
31454
7430
2636
452
1027
12760
837
4042
25236
2484
19964
28468
435
1952
8292
5147
12614
16320
3255
2694
1017
25055
10284
1
12433
20886
25551
3112
8764
13125
4
12345
10096
14853
29071
14477
12182
23079
32841
7059
7938
20847
35644
10621
34526
1371
22521
54258
1898
24771
27922
10961
55116
2011
24757
36974
464
4111
26871
8288
1955
6912
9983
1992
149
43713
5415
5932
19361
2171
848
19478
34540
4504
12087
8057
19400
18085
1598
11070
4796
9734
18270
22587
5310
1
16925
672
8344
12925
11297
9507
27961
2786
1553
30244
46379
1702
7020
876
7367
6988
493
2914
6618
33831
11962
32
12935
14563
10894
8180
28825
6165
47131
8184
11519
23028
2421
47315
2956
3018
718
13153
9140
35592
3692
25631
7625
25620
9475
19197
25555
26391
4137
25161
9299
2396
3722
37942
11878
7373
48002
21592
5208
32580
7951
16834
12531
14708
41544
553
30615
13691
1710
25340
16910
15928
4386
12240
8808
5224
10870
18590
5703
8943
6177
43659
15336
457
6183
11286
18835
2017
3438
10860
2736
12821
30280
6362
19604
10661
4030
44188
330
23482
49137
24587
13056
479
3526
492
23846
2709
10502
15008
14710
42451
24380
36899
19135
38710
30811
15626
10213
6431
787
38123
5194
7095
34489
21413
6943
9343
27543
8984
5806
41994
6828
13604
37363
10176
23555
28205
11667
42023
4682
23521
22345
12810
8226
3982
15613
16142
16117
16492
1371
14016
2845
28085
4927
420
3876
44804
10567
13545
2470
30287
38568
7289
26864
3197
11471
326
13158
2939
38217
20309
32119
1365
16426
28440
469
27495
6560
2203
26551
57170
2822
45749
7639
3987
27469
23075
17837
2962
30520
3188
11655
51850
8162
6906
1566
10011
1408
16127
20145
2762
827
11377
5470
40520
5685
1897
23513
1599
4738
13617
11415
11342
46190
3257
22440
9927
27352
30839
3803
2751
15928
36425
197
1309
2628
23964
50751
12225
37503
11025
36993
4484
5558
12365
10115
9127
15707
14464
19158
13960
3510
31609
21065
3850
726
39834
13550
6607
16104
4507
19500
700
28001
655
257
8172
405
32816
12288
9203
17024
1753
11590
4245
13526
2834
3068
15869
29520
1311
48548
13005
1100
7326
23310
159
1552
12335
38229
252
19048
8418
15908
29041
23662
15385
5648
2923
35586
43001
20032
1324
5530
10570
22713
6140
24630
2693
12
38500
24345
9708
24487
1401
1425
21947
29769
9789
12645
9060
31583
7247
2188
23923
43913
32858
8407
18932
13936
6993
16502
26947
616
45854
11737
27040
33191
16756
25792
30280
16558
25817
1704
8600
43040
9189
36482
27290
6365
5731
7949
6270
4325
1479
1192
28462
8707
4295
1386
9381
15949
37362
1397
1839
23786
8946
4063
3489
36894
16164
46689
42276
9663
4823
18870
10926
28364
23405
30939
15498
39
11018
3946
30546
2190
3751
17448
17263
37985
10426
1070
965
15619
37324
557
15903
3810
22333
68
54636
20082
13799
212
799
2647
23866
17583
23261
24384
17851
19
719
14078
24985
6945
11506
17406
720
3659
13700
15526
8997
36684
5662
7331
1
929
25054
3108
4644
10175
25087
10225
40252
28690
24693
14558
6634
4867
13992
218
28916
23903
278
9418
14437
48113
15805
1839
3470
25747
1493
6710
29766
4170
4958
28333
19559
34942
18484
14723
19311
18707
12896
50897
20714
4517
19087
8137
24800
20217
31836
15817
1589
5934
9156
294
28624
30292
6440
12859
4418
16305
11383
37965
3837
12200
45005
7968
21229
19633
3988
21967
2324
669
8823
10689
641
3437
5985
18824
4380
35016
42028
30659
5829
38508
23847
6993
11258
43933
36744
15838
32101
18000
9542
12827
11252
45159
7082
1267
3170
33791
26560
21126
8084
18103
1945
7176
7395
39715
34676
37134
19467
29105
46843
1993
23453
11828
27831
29117
56636
32113
27700
30338
12675
20268
45469
5918
623
3534
11019
5154
6197
18354
13115
361
2274
50509
12024
8108
27392
1194
11414
34852
599
32333
52381
14781
9248
20396
3436
39716
17227
7390
16757
9024
15351
9538
13789
1742
11585
10412
8124
11990
7894
1426
1601
15476
37219
34126
23016
6419
11558
5236
9141
7448
41876
1230
12832
1
24891
14888
10930
4223
16
1046
5854
14746
251
12208
3659
1166
9590
15448
7453
708
7622
16988
31311
1449
25087
22522
41149
53373
7830
24838
20252
25113
33042
3893
25539
59558
25241
26625
17738
21386
17
4295
18823
1053
25087
3843
4453
7511
3086
5093
37428
16019
9957
8869
3993
15
394
25227
20198
33970
3241
3112
13338
12442
5634
9152
13207
35754
2163
16562
820
35269
7561
11926
5903
5334
10553
5978
1257
7325
3601
2339
17926
23939
1650
1197
4250
42819
3214
2311
7079
18930
6119
10022
40940
5936
40586
1455
17993
26
21773
2102
4382
16982
29573
2276
368
11532
58
9468
15605
37718
47413
9029
7077
12477
5233
2735
5292
39747
40290
10110
1916
21352
19960
2405
32493
1207
40725
4784
34494
52135
40151
21367
13486
10849
9330
38946
324
14084
3050
17189
1469
59406
27072
4469
35187
13381
1651
3963
14341
5289
3656
21406
30588
1306
1417
459
9556
49380
928
939
43167
18227
11704
11560
12140
19051
2158
25532
24546
15809
6736
13643
58132
7328
37461
10017
503
14867
44665
7014
23457
23419
14161
4716
6620
12416
7563
51601
7255
2306
7036
4
52525
896
1095
11990
30729
6967
5853
2244
23599
14189
27167
29211
54410
16159
19986
11303
50422
13567
3468
49111
5224
17391
38031
20148
2557
7312
44874
27202
5814
4432
1625
28636
21043
60584
3263
8397
11883
25141
2780
778
11229
17188
16631
5821
44596
525
8465
29738
2062
33631
12301
2
394
6644
23050
39911
15318
15599
10176
17856
8483
8200
39121
36146
17687
47854
2799
1352
6
33589
2744
19678
7535
34294
3488
22701
16931
4804
15451
2203
16348
27452
5155
31
4505
5689
18215
15048
5785
31667
20863
42536
21045
3385
4135
3451
18119
17204
27783
16033
52663
49823
290
28431
8748
507
44508
2817
4803
26224
3110
24590
5172
6177
14731
5145
19732
54679
544
5639
10
15342
16922
7555
12139
5807
36736
426
2056
38895
7069
29493
2923
33287
4079
25259
26448
41628
1274
5509
45601
928
35599
26251
4107
2854
28546
9682
37882
648
20281
6143
1151
6972
3225
16442
5733
25828
31193
4185
21306
4970
3096
29310
14058
14472
5071
19750
37115
24222
18061
8969
30508
21081
17297
7332
9323
10334
58543
4864
49949
9648
12212
9931
5149
17330
35937
18184
22791
12525
42938
32792
453
23554
7182
18929
18141
24338
46746
37835
68
15131
5144
7073
4699
42138
3106
9800
30638
32417
22519
899
16718
5444
10642
13370
1089
517
1934
28553
2873
8086
816
8431
349
30126
3041
587
776
4037
52637
27552
3
3245
10536
190
21023
8431
8673
47266
429
13712
23977
5206
15371
44022
23490
21670
11620
2904
2528
11223
25271
3830
11521
13905
8249
2193
37363
38457
1432
17437
3198
16994
10799
29496
10105
21673
10317
3695
13556
18737
21992
23819
2715
27762
19518
7807
6880
3950
39617
4923
43925
811
1409
28635
2436
35924
2111
2126
4349
59182
25953
26019
931
15490
5
20433
6802
2876
3234
21335
24226
4904
11680
21311
7
27554
14699
6521
3700
8463
22228
3282
4204
7436
8748
16731
787
1884
5095
22283
5856
11175
2514
27092
14803
31130
31851
16741
37506
16719
6769
14808
29755
18290
9326
2215
21765
4210
436
828
28560
12841
16934
4168
15363
6820
30933
4662
12356
20218
12376
3575
39807
11424
3061
12824
8084
21242
8857
19572
3393
26449
331
41730
3625
597
1736
3846
16270
32568
53257
2931
4977
6710
26899
28907
23439
13513
22165
45014
4209
13211
1176
27681
41470
5401
24132
26460
5643
29048
687
25185
22290
52559
14352
3488
54891
2759
24309
3929
384
7215
30081
21458
6299
10373
2755
14255
10372
1971
6529
2528
10233
6403
43576
27276
21667
18144
1915
7886
6771
2094
9130
35738
6343
958
14329
11312
50259
5205
30515
822
43962
3503
1632
25516
16531
2173
11569
15259
1949
10134
235
25
2157
1677
8628
15146
48651
18581
2916
11409
12320
6991
20760
5532
2806
16026
5447
2
33209
998
3105
17611
38914
8032
11681
1724
3657
4031
6658
436
1939
27772
4007
18858
1906
3021
6610
3853
46934
12450
576
2365
30246
3381
24343
9932
15796
35251
11989
26472
17916
48981
15171
23493
3664
4520
9671
24542
8229
1544
21378
3372
8479
287
9046
17399
11916
24687
376
487
14573
7021
23987
56032
10326
5600
30141
31110
18108
7750
3889
2737
2643
42146
20861
2135
30947
4414
25151
18815
1837
22612
14614
33969
3069
12585
14637
10376
23834
10133
9688
20179
7800
10641
6094
31072
1025
23506
1540
29731
9015
22154
15674
10327
3575
11634
18262
1241
17983
53741
23827
7826
14518
36307
14186
47798
31504
3125
13012
5094
18413
30129
10815
9264
14930
5274
7312
16286
1533
1692
10189
8383
596
3328
3969
381
20399
10209
34521
8953
10195
1967
26400
9031
4757
12223
44911
20724
20060
35132
11097
7546
21924
7578
14938
49298
1541
17370
47245
28701
1715
11101
21256
16124
45532
9025
8891
1131
6888
16209
1252
10819
5235
11161
56738
6561
2739
44064
49906
37287
17759
32206
15900
36763
24832
3491
49503
5585
44
12050
2066
14019
37009
7767
25078
5591
10466
28587
8779
11655
13452
9825
6932
1
5701
24197
4792
5971
4298
42739
2253
7956
14518
6328
10304
22631
17822
51785
27883
19868
3883
6547
38081
13975
14466
1767
22083
410
16788
4969
39914
14867
46432
15
12402
8969
19692
9067
1838
9351
224
3
10165
17751
32605
19213
2362
4439
15879
11578
49609
14272
23627
54889
19273
6157
37474
13319
40999
25459
6322
42095
27312
1528
18093
19597
680
2735
29227
11359
30598
7429
11552
2358
2102
28944
9485
21883
3445
37774
7344
51478
5529
3753
243
3157
9028
3238
29936
1052
3751
13695
2498
15659
20195
2894
2583
28507
17641
35504
25002
613
25220
2502
1965
9752
51314
10297
34018
6526
8146
21691
10878
45593
1625
2599
29022
26725
11113
34725
40367
44470
5188
7217
50001
3513
3000
18654
4498
7296
15846
10339
36616
15179
1813
25779
540
473
4043
33415
32291
3182
16238
8895
5090
15366
3517
1602
526
22
7961
3490
2671
27437
827
14812
22069
45430
10733
5208
6424
18455
44488
18529
4379
10848
50277
18564
9006
6115
2835
25173
9535
28878
3150
4210
5308
42162
15181
16450
5533
58283
2903
4591
29881
37371
514
204
930
41130
2400
38944
6581
17374
3553
393
40010
1479
26685
5
933
8825
30872
3547
11612
1084
3298
1277
10027
21909
357
5752
15663
24067
673
13363
13702
27179
3206
2611
3602
10669
31452
50578
17241
37471
11101
29516
2624
29728
7260
33079
4379
1132
14197
5973
38010
14769
1284
17029
17869
5239
17849
12041
478
11200
7761
1987
60241
27717
13299
36462
9850
31922
449
11882
16055
4410
28682
27427
15123
4190
683
6094
5477
19201
19296
5949
22754
10268
6217
2
10
7038
42047
24310
6491
13612
7679
3708
7866
34841
4841
2101
47700
21370
10470
19699
16075
17554
8960
19787
13329
31192
7226
3489
24473
21055
41006
12937
4350
5996
3163
6891
36152
47842
48827
10244
5991
49036
19759
29957
3457
12294
2645
1
4687
30777
2839
36368
10886
12127
11349
17749
16380
23427
3476
1814
33765
3714
884
51751
4771
4268
7070
17
9161
926
5674
8036
5356
6619
9569
24987
57856
23692
11790
26975
13637
3709
10865
37157
13547
19334
1617
19775
11605
3184
30266
16948
248
2433
5588
1605
2689
24444
12242
10918
6007
18428
34055
35970
9350
4062
44177
32274
21889
16094
2613
4277
3553
10133
9958
5411
734
10511
8836
24065
17630
18921
20141
16371
19262
5703
17107
39049
2206
14092
1613
10591
889
18467
4712
1451
1891
2360
25032
41197
36378
21459
7389
4966
9067
7241
15627
10437
1004
27115
4294
3162
7682
11825
3141
16108
15204
49482
19383
26978
33417
8532
10160
8528
18436
1628
7846
39578
1636
8983
7114
14485
6333
1879
4334
9405
31142
4126
166
4102
4028
28212
595
2257
14784
11212
361
3641
3857
2926
5802
37269
1947
1843
4290
9985
8584
7038
35271
34192
13027
12702
7861
66
7940
2842
6211
3436
26951
33279
2307
8724
8783
8439
48656
888
6834
6429
25223
15530
7003
9417
37496
12602
16663
2109
6403
7685
14373
21299
34221
26810
18531
34051
2036
49039
24211
34113
41209
32572
29200
17479
19290
13447
1091
12453
14177
5881
17870
19928
7601
27218
8544
8
705
16394
440
37575
15278
36409
36069
433
1441
15023
3294
18801
20325
324
53377
21797
6312
34563
2044
1020
17397
13508
29652
7173
3074
8905
13995
10063
50464
9088
1910
10294
853
14682
9780
27813
16260
12313
6105
27312
24933
1424
2171
2102
10599
6907
1106
22777
11310
34369
1614
40540
9735
1375
15944
1035
20750
15158
54992
487
6908
26137
12887
553
24032
6084
1801
32919
35389
28596
19298
20717
27896
5702
24802
15433
9592
6439
11931
15349
10287
10640
3079
9400
2252
2844
2792
2225
5722
12515
254
14102
27330
3738
1307
2296
10345
51671
9639
5389
3360
3765
11174
16564
11579
3841
4191
2889
14231
31416
474
15680
20077
56742
4908
41789
10561
16689
1813
2350
7312
24638
1363
828
48742
5362
25331
939
19729
12
10629
13935
19413
546
14099
50012
1375
3152
14327
26704
10178
13247
3724
4700
23497
35787
4484
2983
33046
430
24460
32007
1201
10245
3325
21857
52439
389
8780
11287
14340
47333
14425
31281
7857
6673
9664
943
6789
1440
8413
1269
36650
18216
33112
2655
17898
15077
12861
28131
33399
766
3105
2876
7720
23360
13765
18403
8887
28426
48119
939
1365
6695
21484
5084
6500
1698
11838
8381
33290
37954
13806
3530
973
4097
39890
6313
11754
16795
5227
404
10293
12698
6668
14819
1630
38419
3520
6052
6234
47477
34128
21792
11177
21070
4669
6279
9670
1233
2917
4753
47280
3904
10589
20631
194
18623
31545
4591
1991
6295
11051
691
33234
36166
1851
6436
3763
34352
38271
12041
4209
2502
41524
4312
9156
1074
1463
16997
33109
22593
14242
33613
15344
4751
50698
9150
17216
31437
1483
22309
31512
10210
1017
52502
11957
12
4665
4932
42622
24799
1695
6284
8347
12072
18552
18151
34725
12445
6496
4130
43566
38346
1910
49294
1873
2651
38142
16010
31567
2419
1819
21847
6396
6441
8629
27365
310
6383
30300
23912
34181
9267
26994
7099
4175
7948
6536
1233
30856
11312
2639
16854
278
12173
12974
30837
16806
9976
16756
1347
11040
3057
638
1533
31157
4540
9641
19316
8027
5907
28616
18012
5944
21905
8390
28559
13457
4332
1789
30428
8673
15201
47673
8721
4828
43895
1871
6938
1807
5996
19240
11812
31906
1309
7440
485
26534
14387
45984
6985
17003
11231
29823
6694
1766
16395
46934
2074
13784
237
1542
34720
38343
6725
29246
301
9498
28392
3458
42922
12578
29246
18333
1726
32930
17929
6460
14145
20260
51477
1587
21867
8408
5164
42756
23055
7396
21583
16024
2620
12847
8471
15323
21526
36608
22958
15315
3380
8307
3670
10659
4303
7156
49306
8334
5447
35532
3385
12733
11445
1093
31519
48425
2389
3205
20956
11067
24606
13561
31075
1419
35999
438
9686
22684
2078
1963
6499
6854
10124
2002
3860
29455
669
30814
16453
26677
6804
34715
53198
16659
15117
14272
7
2319
18215
22698
7589
9025
1
36935
1378
10424
2932
1147
875
12492
275
390
405
13243
26604
566
22359
19748
20502
38044
17284
25076
13386
40892
14156
27668
6997
7881
6923
31533
25287
9612
27623
39255
24015
19141
6690
2578
20941
8442
21082
16021
1376
329
21331
28292
53
2652
16303
12115
1713
2551
22548
9851
25910
14958
3600
7861
14409
11703
37351
1
49201
29555
7286
33473
17911
28925
34281
20659
8276
1427
781
6141
8669
1576
2570
8006
5344
10668
29359
2421
33073
36238
464
24891
12023
51995
14302
17542
14841
4562
16148
12287
17967
3773
1
49328
5750
14556
39010
34799
27819
55
19572
15111
31719
21704
32896
28620
3540
602
480
8865
1394
16604
12936
2439
57078
3722
2233
1302
16822
18100
156
3599
43311
56842
19
6563
54
50523
25993
24070
15645
14191
3625
16857
29125
38230
10726
5690
7210
1433
1307
324
20816
1193
8929
11401
2239
299
26583
26466
7508
8801
5100
1169
23679
34863
1517
14582
30617
37347
4097
9229
1004
31471
24172
19447
17688
17481
41871
20026
17579
41232
8573
7152
27786
26709
15843
16689
5047
2638
8380
27662
18659
1739
879
568
5531
9957
19892
35639
11101
18577
1120
8391
12774
29072
12920
1171
718
30793
19120
15964
17225
5472
25576
3452
4752
9989
12353
5733
418
4188
50480
2242
49266
30615
21105
1135
30867
1055
9882
9323
29428
1286
6805
4977
6657
1149
13598
26477
36616
6976
829
2078
1275
2990
8774
457
19382
4504
16464
31156
15869
7507
6279
23517
10318
22661
5708
52204
21351
15668
20462
10650
3773
1544
18246
10956
15555
10187
21879
58295
13001
3965
2266
7164
2107
21484
311
371
17194
12425
2662
8582
437
2723
13089
3335
10631
22935
36146
31985
34296
6220
71
4504
53553
6333
3924
30594
7432
3368
5585
8643
9574
6352
2109
37256
541
7005
11016
10373
751
8213
43338
11015
5724
1039
32953
14868
45182
11053
2
5455
23579
28996
1221
39125
47770
5
2047
6885
865
8142
13037
26812
7526
31657
1928
10833
52011
7847
708
2384
8757
14549
14869
44601
309
3905
20173
9237
11362
44131
23085
5702
51211
20562
3413
18322
13137
14579
11848
12992
8320
28851
4726
3012
27892
25980
49199
5986
15242
16250
15412
20167
6113
3964
14747
20619
9145
6688
8511
2720
6363
1781
8815
33810
9913
647
1375
23891
5974
47269
497
15927
50548
3543
17108
18101
3097
14818
10795
11465
12097
2309
6345
24378
1002
46838
3221
36714
19132
2025
2427
1659
3160
1892
10753
5724
31037
36377
6606
443
2
103
23470
5274
2600
40488
1254
5141
17352
19061
25519
8685
16171
744
1142
286
2986
2412
21754
7690
1769
836
31283
536
9231
55788
3583
867
26196
2389
12317
45026
11604
13123
34341
2416
43179
15604
34437
852
2293
1863
9448
5680
36161
16670
15174
1391
25164
2541
32647
8965
948
26468
28853
9369
20830
1386
27022
53941
35279
7182
238
4993
16718
22015
466
22242
18610
11272
30206
11724
487
8854
22161
6932
6756
7726
5164
46302
12779
8927
48
46328
53376
1604
12386
10223
40022
31267
553
30715
9684
6441
4727
50386
23977
27304
32361
4839
1901
8797
2572
566
9319
2023
10330
21616
6664
32038
48095
38929
4293
2188
7635
37616
4050
5351
22623
29169
453
6638
45421
6415
276
10881
4744
112
22399
30677
27798
6823
4419
6159
23991
13654
15440
7780
18442
47522
49670
1745
13952
2788
25434
13746
977
5269
37105
2294
8001
5726
39367
5866
28983
1802
31611
2346
31107
51085
4766
1723
5882
2477
29145
6877
7488
19605
1287
3093
15028
13319
1302
39334
1132
5429
46858
6919
282
1241
7838
57666
47217
26032
18838
19149
12270
21094
5505
3116
7437
16866
8116
5582
6305
7656
4239
4262
826
21038
16026
16897
23214
18331
45704
33429
34840
5112
4418
1146
31781
2848
53486
12134
11242
8457
13196
27432
20534
4739
31855
38432
532
7324
39464
9404
7951
34219
3689
15191
5057
2466
5532
16314
5342
23253
1118
8557
37581
24632
15604
27136
362
21654
22206
11804
873
29480
9209
53
11322
33423
1240
18890
13749
2829
14772
6557
18976
14
2003
20646
41649
6321
15143
5051
2989
23774
9131
25958
35241
21569
20921
12517
12087
30878
10660
10192
1522
2427
641
37345
6795
35333
22068
24262
29535
34807
26014
5999
8458
4974
6402
10851
11297
2574
12016
48049
21202
10767
10520
2467
2410
5270
900
2773
16851
41128
1884
33498
4569
17805
11656
3830
1451
934
331
473
4049
20557
5252
34184
35714
11733
5827
693
7207
42900
1781
15656
32962
45116
10765
2161
36623
45575
28737
20889
11856
32988
37477
7509
13601
22008
44862
13880
3363
3324
8176
3750
37110
52765
15863
7177
34818
54188
11962
7779
36182
755
2726
43110
48389
7324
9118
8886
4470
16159
4907
1239
24072
42791
1921
33173
19347
9237
318
1673
32856
17101
10043
4778
190
24283
15812
1742
10651
12298
3767
4416
6832
36657
1699
3820
25250
8200
2206
3507
5254
49939
12429
6972
2752
14734
36942
34450
1558
6388
12185
19027
33141
46174
7361
56790
30619
27139
8227
12835
46615
21853
22127
16665
6435
3929
6679
8047
13925
13188
45890
26795
5601
13611
1602
14960
23377
55232
1813
16204
4681
1854
21466
2936
7482
20993
19820
23511
5834
21187
23254
18597
32799
9
4400
12142
817
6058
862
9519
47362
1394
2956
22349
34885
42145
20051
6738
9654
576
6970
3078
28143
34224
688
27228
1640
16726
10394
45006
11249
2895
8406
1607
4947
15223
15399
6691
20031
12909
16653
20052
13287
8812
4537
276
48171
1666
31942
4075
4163
4098
4464
7521
23656
2
17032
5612
38003
7807
2252
21128
20125
10873
29109
9077
1
699
1
8465
22481
6632
5848
9208
35854
8811
23037
7679
786
14489
9077
3169
11303
9254
1539
20988
1
18702
5540
6635
15916
10942
65
32858
6134
5946
24688
3882
3791
7616
29266
13436
4065
30225
9022
7216
24112
12807
43597
2796
55958
2521
7
30224
26
6934
11997
3201
1099
8664
46614
4791
24387
15
6085
1291
668
14356
31382
692
34639
43847
40998
46101
2235
19934
5898
5003
5460
17476
49871
21707
35130
7840
8713
55099
7998
26575
13927
8379
1048
4304
5496
1162
5499
23879
39686
3705
8207
11448
27878
45197
5945
28217
12009
6703
14785
26659
8764
2487
10042
13923
8690
5482
12852
3320
21926
6844
6998
13928
1893
31584
1962
2650
38709
29387
604
8585
12205
4329
30364
659
16463
34844
17790
12270
8285
6244
44508
8
1653
891
24676
9206
40
3512
24000
46438
23597
19711
24410
38697
7748
1183
2021
25798
36920
6118
18970
6487
37491
15376
17294
659
3508
926
2007
27177
26292
5241
8197
13584
27582
9187
9138
31972
6195
19096
44691
11728
7731
34306
51250
50872
15995
2197
13127
4591
5890
1638
874
47257
6523
40938
7765
46752
11059
29037
38016
5759
28732
63
11086
6250
40810
6
7838
12302
10437
25058
37129
3616
3103
18225
49732
10577
23671
21723
913
8301
7651
11369
5734
2158
5081
21420
48294
6851
586
5096
18326
19239
9293
5227
46308
29170
542
11802
25093
6809
544
4750
6840
1822
9844
4022
20061
26865
21693
38969
31178
27832
21721
3806
21475
3171
414
14414
13006
27614
24127
13607
21730
38032
3634
4465
21317
13665
1367
6403
8672
19031
37120
25245
3093
8642
13973
18983
3487
17106
20434
7099
4036
35280
28115
15342
21230
681
5573
1814
16252
360
25856
13206
29394
3724
14939
24934
21431
25118
4519
30971
20506
12232
4412
16909
27646
351
1866
50843
35720
8481
10233
29501
34355
989
29075
1231
38190
5489
1728
7289
16515
1450
48734
52
15703
51451
9177
28535
18337
6535
33174
24785
22230
9229
28465
21976
16342
8770
27437
688
2120
8325
14367
1409
5891
55991
9234
49085
2404
968
11240
3583
3221
27862
6147
31933
588
21440
13129
7607
6606
21142
81
26823
9158
56629
47270
14468
14931
27938
2884
16357
21156
18860
18315
6493
951
14
19116
4217
11958
26378
19917
15905
28264
13686
24832
39905
16416
2083
12691
18001
14072
16092
43798
28997
9861
858
7366
17133
11734
8233
42457
15956
10701
5406
10664
7354
1889
4942
10682
10017
7475
3370
7094
36248
3858
1192
17420
14598
32262
18687
26305
21549
2570
916
15558
45614
1365
16688
20020
5238
388
269
3051
4232
34478
18861
10305
10033
7010
4428
3524
6527
42656
1983
22330
31012
4559
26413
2503
13109
15546
17636
50769
2575
9011
14013
9133
40348
18525
8572
43224
1152
22382
11635
20528
13922
1332
3350
59418
43782
49289
15110
6784
5410
53347
8434
21189
1836
4047
18942
3518
15793
13827
10122
1812
40025
9430
34
47974
26876
4383
19052
11550
13026
17242
30808
1738
37596
978
13231
36310
356
13613
4408
8209
12657
15600
29438
5148
3614
10731
29461
14227
21166
22094
5717
39346
2646
3881
22999
10633
18805
3624
15184
28113
47433
3416
17076
19096
4233
4112
5379
135
31937
761
12852
18961
21742
19013
11949
3145
2385
8875
23983
29624
11789
27263
7080
26243
6041
6486
14763
45403
1014
6428
27950
2347
2329
577
25854
598
10131
51868
18160
3712
20448
11369
5119
25149
16622
14300
12912
4435
1634
5337
1613
15665
26110
9925
31301
20625
9023
794
22361
5201
21785
2295
25367
3418
27070
18915
15617
21595
20106
20254
15858
269
237
15556
5212
10568
5841
596
2692
12740
17836
2348
10901
21565
4969
8288
32694
5956
4471
6
20881
40094
1962
12027
34104
15934
17683
7709
3901
18410
25639
15411
1013
11154
17032
46034
17241
19964
40980
6885
32283
5406
4062
10231
6265
22850
49905
39578
2928
733
1657
2014
587
19430
377
1932
527
35
15592
34285
7903
20215
36393
22186
14773
31701
44005
39784
8779
3179
59977
22031
19899
10128
11622
1136
8338
3779
2551
34987
3594
4238
19052
4584
22962
13519
7796
4050
1274
23455
267
816
13733
1
83
8925
5138
5694
22759
14729
35933
28
10397
6651
1965
11254
21111
34453
2463
21457
20008
26417
41984
1921
5881
6995
10263
12334
516
2734
8200
15867
4705
35892
767
20512
8212
12715
23441
3642
2345
20686
10818
28017
18293
5785
53105
5747
12461
45345
10065
40670
1861
22805
25596
2545
4972
3687
52553
32607
271
45258
1665
22523
7305
23878
13646
39534
5169
6805
69
4427
47437
16957
2381
50376
14400
6040
21438
8104
12529
6314
2105
2282
52189
7189
46468
40631
22768
351
35893
2710
11974
11697
18563
1479
45062
14247
5198
13688
105
352
5249
1316
8878
24535
2636
23618
11199
24958
16180
10097
7609
12045
456
9215
8487
13410
21811
18329
10792
19482
540
7266
24790
24725
51628
14409
28217
1010
14982
1551
1413
15022
10082
2240
43904
29444
8499
558
46765
4051
12032
37355
14996
519
19373
9587
37973
44311
6257
32014
2983
19103
8919
15862
5331
6736
25536
11364
4903
11132
4031
16650
18590
35949
2500
26896
4914
42414
16870
14757
4685
1930
39465
16323
41904
9207
27368
3044
10732
19504
28662
42203
1369
1542
38720
16692
1
32530
1712
26999
23019
36384
6762
18896
1575
3454
977
24074
9363
11589
39228
8264
35907
33574
113
3675
2540
3117
35391
22577
22237
912
41211
54
6704
36404
16515
8057
20802
1482
20437
53918
326
53376
9642
27014
7016
2993
1596
16719
16932
3854
8608
3869
5771
12038
18560
21364
8836
13511
8178
271
9733
655
6749
5654
1122
9686
14031
1276
4894
739
39264
15265
26439
39299
3997
23466
1995
30030
4871
16474
27282
6177
163
6495
7869
5187
8193
4378
24784
1362
30654
4353
10142
8929
15213
2399
10685
10444
8551
2767
18645
4338
1062
16929
564
30011
3856
16439
9600
21148
2243
51438
38033
3248
47862
5974
9667
9379
46330
2701
16508
10856
4187
5684
27916
25493
30249
2440
2533
22238
7505
43446
2189
30549
29436
1739
18843
22018
42407
9678
3508
18116
9465
8376
58252
1184
6515
11047
52346
4243
45711
7628
8101
24244
5157
1494
4996
16124
25334
1473
15910
24558
7764
40082
26967
5825
18535
8510
8081
35
14747
3144
2717
9908
14820
2940
18023
14762
14416
9195
11483
10125
44135
15863
20670
14563
3914
1590
1649
13552
2490
12520
11043
11218
8437
6314
24110
27364
13525
1067
8683
37599
16927
38448
42630
19834
40516
2055
14862
237
2685
10803
2380
8025
32965
4905
9779
6179
42467
8943
1292
11248
26000
16231
6246
7919
2234
1133
5159
2562
21639
2332
15043
2173
32222
7233
6388
1
4882
21639
4863
16174
15045
26469
2771
1
48987
23848
1
15153
16047
53522
47054
34545
2127
6562
6817
11196
17135
38802
4574
37884
6733
4461
2770
35597
14689
40735
8972
13175
7432
24553
10244
30881
42150
4365
367
37469
2279
28445
249
1163
12730
7147
6
9919
1042
2175
17963
3322
22137
14835
3530
23071
9051
5363
47613
15749
11449
18235
6641
6260
34478
1
1011
2593
5048
19221
58244
1156
11676
7580
47468
58205
5819
36703
5520
3419
6404
9481
1976
10318
41780
6558
24131
9564
8398
18192
12090
5494
3495
53608
21657
8595
5945
27958
2186
9955
48666
14763
6918
13649
612
15884
13861
18209
697
15351
10524
20057
19829
2034
3579
13481
5911
1292
16396
56471
17823
410
15269
12940
35041
6847
1620
8922
17763
12259
6272
45145
2241
2294
25034
2
32974
23654
19632
6387
1872
2045
24741
2890
17438
12551
14803
11923
37366
5638
5588
31030
3363
10237
25080
9702
2472
29136
1282
10166
24325
9772
6164
40976
7760
30001
11774
6606
41852
11013
1396
18034
13867
16953
47452
8
14730
3987
29535
2064
33426
7738
4266
7528
14879
6359
44712
37123
6307
3208
6213
5637
3328
498
14540
8580
16547
2320
14210
4640
13
41083
11247
6207
6518
33657
50381
16490
8248
14741
9843
6398
23429
11865
39577
1128
19727
15668
6942
7597
19815
23393
10951
1734
14912
1790
5139
53386
2102
61863
7889
449
18021
1444
9184
18373
13565
3112
1281
36830
23847
1352
28737
2027
10477
5081
24013
514
10963
55710
22041
23658
31755
42370
30816
1775
6891
11181
692
26590
38475
14672
1
9291
3651
27085
4273
1391
8509
10999
2794
33502
429
14241
7395
24199
10212
30941
7110
19495
36091
19275
4980
7819
25990
6505
41633
21295
44061
1907
42298
18612
28900
1137
13625
14794
3222
3564
9630
7319
3731
2026
4161
8116
35115
13325
19516
16449
21164
3991
58409
19042
23882
49618
22370
15454
11357
3030
34486
5602
12713
89
14381
24840
3191
46327
19920
5261
1041
30837
5792
18095
38302
23754
10399
1250
28404
11056
11058
1115
32887
12258
926
12071
2
2184
8923
7153
6179
6315
8294
1460
10496
1396
8347
12511
253
22048
18800
18935
14653
36011
22850
10891
14920
15651
33497
5679
24777
31753
3334
2
3084
2
38281
934
1970
6286
9789
40940
1517
15495
9299
19319
2416
13482
34836
27323
41670
43175
16241
8011
5139
23030
29182
7047
5910
25328
1383
6297
44806
14749
22764
4445
3524
23376
25117
14408
17915
19914
30359
38747
4087
11901
1691
9
33089
43832
6101
7072
662
42349
3747
37829
2146
28714
38536
3307
43572
59086
14074
23021
5338
34370
14058
6790
5625
295
7132
21476
34179
33117
55222
7040
3814
6620
4628
33398
806
2958
17524
815
1940
10866
26050
38796
30308
1386
2531
5146
30563
128
52782
10507
43682
263
7357
6548
20656
30847
37306
31228
2457
4459
15203
6523
4556
12386
6755
6236
20834
5004
58912
30422
28472
16206
1795
11172
15347
9392
20221
6494
3989
15509
41556
133
25300
44135
18347
17869
36030
15322
7221
43349
5050
10472
1211
8504
10229
58626
8887
2243
32685
25739
616
12753
14060
17074
26034
2457
21461
711
27975
20264
4124
18139
116
16690
6920
10606
10954
22126
4774
21608
9390
26987
39583
25021
5631
22025
22065
10625
38463
41105
869
22691
557
5948
20215
2506
9732
48798
19907
13645
5573
33247
5828
17554
10133
23997
493
2244
13226
50219
2339
11691
10054
4202
13884
879
10671
26428
25597
25390
53696
8222
17026
6288
11225
13473
1861
12437
15395
14853
4820
1815
14229
18250
6211
769
5064
20251
28575
4275
7397
48315
38792
34716
7218
1
3573
5396
2875
8949
15236
43435
19680
11737
15586
