21165
2255
5725
16777
6007
23781
963
2642
12319
1516
37498
8080
50559
4638
31754
6626
3116
1691
26921
24523
54056
1787
3571
16063
9762
21862
28032
5136
2441
635
18351
46298
3765
45948
37726
7190
5954
15962
6528
11856
16360
26169
10450
5233
33995
19496
6044
545
56063
17252
10440
19808
416
4814
37125
24333
3201
19786
33936
333
7608
2236
6520
12536
6771
18301
11691
7837
12069
21632
7825
20972
4753
5589
1993
2393
19314
10611
3091
726
8803
9553
3477
5177
6996
35277
16157
5838
30622
6385
1
3
8901
6393
21369
3785
24879
1529
13876
12168
16503
3969
9293
40457
6999
30718
4835
1171
5054
3194
5067
28183
15323
33335
11569
39541
20914
2962
9010
10940
22435
6931
482
18311
9504
40829
7459
25457
26054
21838
43542
17657
9861
29949
2819
16281
2490
31083
5109
58420
15296
5141
18072
5880
1
3
42126
7396
25914
40139
6089
5760
10745
27647
12121
29328
53866
10500
10087
11473
20330
102
11401
4265
23934
16479
5909
26787
4576
30811
25212
31055
31728
34583
27030
47680
42394
10696
4526
934
17636
12166
7811
34669
14974
2209
45821
718
13296
17496
10888
35098
4860
246
6049
12160
23529
28097
41537
2800
14969
31991
14845
11401
1244
17916
14411
52908
14590
41153
25136
24234
20601
328
19822
42722
59347
9813
1926
8858
4750
8105
10677
16754
10252
2290
17114
11
3020
21375
16203
6272
14099
39165
5647
1293
321
20765
50829
16573
295
224
41480
2092
23178
40614
10281
9160
945
2364
19809
11911
13390
6877
19289
20632
7900
23179
358
32
17156
5402
54474
13
950
1
28480
14260
6864
14195
11282
12791
1
3489
26299
19012
31209
26547
10735
32692
20645
18980
17102
17519
11856
26484
4357
14102
40045
19510
10143
1615
27904
2236
4283
564
26146
10620
24307
3309
49436
15369
51800
21435
11766
23516
11796
9912
55887
17918
1266
26133
47300
29047
24223
28996
4821
24509
23008
18042
3540
28371
14373
191
7815
11051
13314
646
20049
6639
29669
16533
7380
22175
33246
32120
13140
16259
21355
10178
20555
11551
59110
792
3834
22757
16862
12928
6437
32451
5979
30200
16068
11662
13936
46894
4656
9247
20692
6249
18270
35131
36158
10788
11895
20417
8705
49318
54085
2264
38645
11123
3422
8780
4303
8960
1134
3412
19033
10308
8393
22175
2770
14902
52112
1593
1
9697
2467
7607
2003
7498
24504
14703
443
32430
398
5682
9169
10368
8858
1680
29934
1409
29765
11739
42036
2340
32805
31828
1962
5036
6092
625
4446
4655
25103
9398
15016
21530
10729
9737
16264
7655
51976
26456
22722
4137
1
14306
1099
59693
8096
12173
35389
5372
29844
2562
4680
5611
3515
15524
34201
6224
41350
15405
8371
12380
5659
3907
5961
18665
5768
17780
40197
18930
3223
8
16064
13654
1898
44406
50853
10933
27211
10025
20394
538
261
28247
12903
26986
15746
11388
58583
5205
12331
4341
2336
11188
15771
14556
6873
4058
3952
11808
28065
41591
7872
8945
23525
22066
16117
2380
20979
6019
3535
11556
42966
890
3227
16235
9094
18294
6
22507
7392
6132
17067
23235
47617
2437
12173
3731
19455
20791
2643
21674
2
17283
13939
2121
18001
10836
23361
6776
17312
49812
8591
2094
5325
5402
24258
29350
1
10021
5
9836
12068
34100
1983
24238
11491
32897
8976
11177
3611
13554
15557
8858
3264
323
7623
244
1496
981
1358
5672
53292
1053
39464
5112
38255
17660
315
1642
1329
23331
2334
37732
15052
561
9313
1352
38460
13139
573
21270
9588
4360
5162
59674
14972
26489
22477
49006
8033
48846
1465
23806
6160
4661
5063
6871
9
9597
25513
16245
2287
15100
175
49708
2560
18031
5026
21913
8214
41399
27098
22589
24235
24631
1036
19656
11391
7130
3941
17360
31656
41203
8246
6057
18144
6495
1823
31494
3213
33503
46550
596
6709
30075
17582
48138
12411
5746
46130
4873
20283
2491
1427
13555
23364
5025
669
23831
6745
2206
25599
6172
13733
2742
17698
23432
479
31520
55757
6907
6720
2745
35327
708
28882
34289
33498
986
2849
15391
1
3282
20279
13263
1142
5532
8497
1402
1218
19479
31867
42468
25862
31201
6627
5329
10618
30796
834
8979
6975
9431
6181
7795
7367
258
28319
4538
5086
9915
53357
895
22354
12465
33751
682
16517
3167
34806
46189
3
31738
266
23191
4919
39920
35670
12974
973
28141
2086
3881
15837
1471
17185
1803
46456
29511
55895
20059
49453
11911
9599
1955
3081
7126
51128
2183
2699
2
4633
3399
36786
881
6656
54684
9550
528
20557
37510
23742
4720
12914
15711
20828
930
4238
15709
1003
5518
37450
23095
9034
6851
2972
9
19016
30219
11937
1030
34577
5854
14069
23614
22904
13342
17717
29442
40154
16968
15698
25559
52809
2944
479
19905
52393
11
3541
20485
4363
25296
9264
12221
20340
20086
4872
8125
2711
6203
5411
5946
22019
39017
1338
1123
28861
11788
3222
1540
180
2976
2686
2222
46375
2638
24861
2631
5985
32949
1029
10231
14923
7452
12539
11155
971
3405
7275
17720
30677
3942
1416
2917
31998
8600
13918
33215
55157
39331
14623
20204
13785
1
16799
35421
16196
6629
5459
258
22408
20432
37948
41126
13728
29429
40289
18942
26527
1755
7332
5534
23573
39391
12690
4641
14129
9010
11026
57
40901
23497
23958
9953
5211
23445
15587
4390
51624
12480
19793
8233
4271
21316
7402
22249
28657
18510
18029
4570
553
6874
23032
57885
20719
496
1464
839
35517
3103
9175
1044
23004
14148
730
635
5833
1074
35905
7708
22282
23687
9851
29837
7004
47653
24027
6906
30862
1184
3431
11450
15088
8550
6540
27859
31799
33925
3167
25697
22393
16896
1007
13697
17974
21939
1255
5627
5343
37935
4177
40280
5297
7829
49354
31641
23694
22208
7649
6512
21494
31198
8239
473
16073
1578
3831
17398
26404
8045
41562
851
3217
55409
20724
8259
13783
10512
605
470
486
7136
13495
29266
4805
28493
33698
19191
871
39320
258
6519
6273
6722
22594
4004
2304
10512
29996
3294
17247
4491
23455
5978
12168
613
26562
18556
13336
685
18929
30093
1152
23164
37190
17146
10171
9176
12092
38408
3141
22177
5136
43452
49729
14654
49129
4985
45364
20210
7267
776
21829
4390
9202
20632
28317
3918
18122
12900
5612
11782
42060
4706
19387
18743
2667
29533
13101
3852
287
17634
15453
40651
46818
15232
32621
32869
2857
4957
33202
11381
15405
7432
883
12644
16316
24924
709
33334
11090
4348
975
4111
9506
36855
4882
8649
3536
3633
17602
15588
17473
3395
15646
5454
884
37190
13598
1113
7924
51755
16104
3775
54281
5603
21549
70
17249
14734
2382
7766
56041
38137
13796
3783
6041
14260
1
5327
30571
11838
32210
11084
2190
3166
1105
30543
46317
9394
10201
2597
4
757
6895
15420
25333
2482
47366
9750
35966
11462
37157
42166
303
5653
671
2557
20277
40227
11917
6713
689
6391
6182
1053
18895
39690
362
436
1813
35985
1929
52721
9966
5871
51066
12485
20410
29655
660
9080
8327
4667
9055
5978
14365
36554
1083
17587
849
16173
14541
15089
15303
18026
21639
9707
4593
10567
8810
2349
14036
21456
22087
15780
2784
15058
5409
362
3729
2087
22083
405
21630
394
12194
17680
7231
21950
38083
26134
15159
373
15009
12061
7779
52715
10225
10969
1
12150
33980
15774
23652
6688
45049
1405
8248
42731
28404
3434
32781
11699
13978
2494
490
1396
7878
13864
1386
48328
8932
17553
2899
10241
3714
5102
53551
1412
30209
1716
431
28811
18031
4568
3587
1
23144
27941
415
1599
11263
25694
220
20509
17313
3830
558
5557
18496
15100
17224
7300
3608
6724
18060
8055
11937
18605
16199
12665
24174
4
14787
4539
13105
17189
30575
4935
45430
10297
7011
2624
4053
1160
6805
18440
20970
17330
12516
898
1325
22230
12121
7976
4236
5612
9528
10771
11764
3647
46800
3696
8598
38833
21395
3155
6284
2920
1266
177
56368
47055
3106
32832
44343
49286
1729
1723
19477
24963
3568
25799
320
2045
192
36833
37400
26753
37710
8442
1464
6362
1471
7582
14070
10545
1599
2006
1170
24411
3783
20632
24717
32493
47041
18827
39901
10787
28719
26907
27990
22602
6445
20257
13699
15247
23662
4897
2446
8541
10611
5588
33632
5793
16238
18011
7146
6904
8227
9140
4135
20093
7764
1708
7474
18909
4670
436
20031
3019
4782
8479
33860
6705
41870
18522
1204
29065
6643
18421
2026
18355
6915
41905
946
13
2174
14480
1482
26136
17048
24887
1838
7056
8138
32035
7424
8183
2140
5876
10505
6719
26050
483
7554
191
41401
12491
12480
1701
40315
1354
15129
36948
20211
14180
9779
6099
22515
720
3254
19274
4276
4715
755
14292
30167
1702
12575
20038
1072
30519
1778
12829
4104
1415
34619
796
2078
244
4055
5045
29619
3490
636
21832
532
1827
42552
32125
10522
13482
10173
4429
5945
11864
5273
11790
11150
960
35356
12391
18502
1349
931
10018
1966
20765
5199
17862
1789
6458
13532
979
23963
3280
11494
3662
24331
14957
11947
9246
7635
21519
1983
4940
18581
7444
377
5918
33908
9644
742
17179
4836
11681
22048
12422
1271
1834
285
19103
38676
9900
608
8658
36419
52809
4026
6623
5479
6283
1201
40859
44514
24326
6968
33589
23400
2114
55093
858
731
11227
12627
34397
10578
5779
610
8734
24691
47415
6348
10227
4696
3661
2196
22977
1084
33736
32120
17761
6149
1548
591
11341
34518
1
3830
13199
14675
11293
10110
13743
7843
32096
20100
16394
1584
5848
11518
8702
4725
20510
14067
20444
11976
6927
2598
2016
33779
50633
7263
3
20222
174
1300
3319
17034
166
5097
12236
20876
1668
14667
8248
15310
867
26124
11867
7857
53906
5737
47196
2082
12856
12144
26109
26279
1313
18775
5196
25532
3232
10090
17046
6405
8716
1716
14482
21103
25404
6312
657
9538
25684
8079
41293
33561
1422
13349
23451
1950
30680
19839
8432
13303
33096
20876
1758
15150
16001
8619
496
25752
9396
8362
49309
29321
11363
54183
42426
5731
27966
7344
18950
39709
8005
16637
39569
4144
26927
29309
530
859
490
9401
4462
16979
464
8685
15136
9144
7580
26658
16956
6488
2104
17473
322
2943
5021
3025
28639
6998
8406
4352
2315
9864
50249
3258
20398
1
1295
15433
30487
37412
4498
28256
5477
52842
5013
2
16925
57598
16240
5230
22278
6065
19319
20968
11475
4482
1187
13927
4182
7248
16729
1022
21640
6578
15191
6700
16881
20978
35397
1688
17958
19499
6107
18357
38640
3965
2831
6972
16193
20280
25063
23703
26523
4940
7583
37072
8750
1112
4380
53714
30570
20187
30631
5958
7628
2510
57240
27128
2534
16603
12291
2012
12033
40221
5843
37877
3355
649
21261
6726
1692
3263
9809
22564
18975
8594
21839
2132
24047
3382
31569
718
16100
1892
1758
26540
15398
443
12057
10525
2859
5371
6934
52345
11069
1106
7478
3772
11951
24929
22403
14110
6678
29268
3369
28052
29203
5104
12058
12773
36568
3781
762
35626
453
26132
45889
3594
45427
5190
1460
15617
6974
7168
15657
1478
19468
36490
32647
7949
27588
28679
2225
11301
8070
5529
8557
30433
13999
1691
1
2400
1021
2154
3677
18385
10119
7
23043
5513
4605
1287
903
6750
955
6
2070
2643
21063
5592
1751
6241
41507
3826
8773
29715
9643
1187
6022
50690
4423
17401
17053
1637
10542
23656
663
9029
35467
9283
83
3772
1
16329
12284
633
1260
48287
6387
44507
38824
27408
10214
26565
4821
37075
33424
5740
6848
6100
3297
13159
9023
23178
2664
1713
10156
7110
28998
2630
28872
17435
22854
51002
2336
20916
36046
39473
27889
42652
9204
26556
40033
10143
3082
11127
5923
11514
2248
31205
25603
27776
14945
24699
1184
37808
48499
15943
29327
48915
23469
2171
1651
16355
3169
669
53681
7377
4745
38562
6331
2470
3185
14701
19166
248
11365
1182
43067
9233
19129
4039
27469
28508
15001
35169
3764
10340
6174
61733
4987
48119
13076
35401
14286
7048
29766
5275
24214
19128
36918
5016
21230
17014
1088
3206
27900
42835
2333
17507
14576
7131
10264
1875
204
3615
12087
23167
34120
41285
18680
10675
25504
765
3198
36985
5525
20895
2891
17855
4135
30778
6561
15737
7468
2981
40552
414
47658
9617
9883
4905
4031
21393
1779
29337
42
1855
14305
41085
1122
14463
14727
3602
3598
38163
2315
11264
1553
858
14387
4162
6939
8978
2830
16997
18466
4582
3832
23644
26021
3143
10
20363
14432
4638
11528
24482
4198
1854
7172
1031
7231
1
1215
6612
19192
39315
24814
14389
61445
21924
41983
4935
1853
13428
2137
20667
11203
8592
42982
22408
3922
33361
23281
35804
9661
21692
351
6677
24611
18941
1499
2916
17890
1840
10609
12968
1138
49898
14741
33987
6134
1126
27613
11002
17228
42648
12631
25201
2916
1
41434
10527
35872
16477
15056
14706
581
30842
632
31524
631
33463
5245
2266
1906
30967
13334
259
7090
3852
2467
37358
3018
9253
10189
20989
39352
30709
3980
47315
23608
3039
7110
13225
8392
2
34161
1992
3824
19134
18775
2754
7884
12986
40951
19045
21594
46720
10256
17216
23988
7155
38035
4530
10523
507
10859
26458
2657
17948
38388
3348
37510
1367
1765
1166
23732
6731
15367
7725
16338
14
1484
2283
7378
19606
12170
16407
37774
11633
8319
2562
9215
1818
5707
857
43196
15630
29968
783
12597
12404
15961
49002
279
22253
13805
31200
21244
23850
4141
1572
1899
10699
23931
17483
55096
34987
13278
30319
4183
16492
8442
21387
13772
53308
1920
1038
39469
11954
9950
22437
1682
52705
23469
14915
492
22895
17634
3348
6282
15935
53588
3617
25557
6968
10734
3326
20030
2095
7753
1846
10257
10173
2314
213
1861
4702
6600
849
17162
581
42155
3390
37257
5685
33519
17065
21252
6038
39668
9716
2338
24697
55650
16931
14131
12511
9083
43198
4210
18937
3867
4521
2581
3018
40272
11584
5421
14183
24409
19002
16148
22222
46001
31065
23651
5217
31879
40823
20851
16699
8115
45807
32444
11173
29212
13452
83
458
58091
976
62460
1353
24017
20570
7251
34307
13059
3309
443
20915
16384
2868
12143
36
25659
787
5489
10980
3638
848
35005
4
1273
2225
4982
8049
30793
3104
7256
8677
23149
10936
6748
5443
25552
2672
3026
10009
2317
28798
22332
6678
1
8177
682
54
12661
2837
16244
1378
6458
17351
10917
17638
17528
16455
9765
3092
28237
18674
16361
12989
26774
9592
14035
7044
15658
8515
15633
15579
63356
20786
6663
33530
26276
20787
11219
1
17770
15025
18010
792
12042
26750
1034
22469
36950
27
31067
7179
15899
37255
12942
26173
20078
35337
3780
24515
7
6
2217
45921
7329
1330
1003
12900
14595
47235
2420
12059
29753
25558
273
3866
25651
57019
28797
39342
28758
8771
4664
18680
4561
16443
714
12022
5428
27167
1932
22830
9452
11635
219
19637
622
3926
4144
21763
37932
15250
9376
33439
13621
4448
13058
3986
3857
8027
569
2731
3103
11930
6850
153
19014
10205
11630
33244
11031
31942
22925
795
28215
10514
30335
31724
5932
27710
718
25122
4939
1897
13984
2409
7142
5226
1797
23754
7002
28843
12415
638
18700
29967
38601
21384
35120
17690
16948
14296
30811
1907
4695
16136
1507
8011
2590
594
12369
8971
10562
10339
27791
15266
2505
2652
12557
158
11339
5728
25308
10730
6576
41298
33381
8391
4114
25034
13051
10956
36178
14975
10749
3266
14535
2217
4389
18695
4266
14873
3516
3540
4169
21652
2765
4364
2075
42917
38397
20
14214
1489
1
10268
8113
11536
39078
1898
767
5130
4610
7393
4331
29407
12257
8619
6385
9016
27310
18212
20866
34359
12558
33188
13508
24927
4829
37892
20718
17564
1617
18582
24927
10550
39052
33555
14398
9160
5632
11400
7045
4756
4309
25616
23596
6757
12293
1185
12432
23913
2364
3268
28063
35195
15014
16243
9121
146
16436
49058
32304
5298
14396
10573
17981
47641
13792
23112
591
7785
43019
5151
4422
2276
17060
8020
2763
1347
5309
17743
23034
34221
13557
12441
19241
2170
19081
7982
3732
17297
7822
9170
1749
26713
8251
23786
27629
17752
1253
5628
11628
26911
12535
13301
8594
853
36803
5804
17628
6235
41890
17267
11553
12139
44216
1006
22276
186
12993
34866
5945
44025
96
2928
25891
2617
44542
4619
41980
1130
6172
21197
11580
10780
5246
39038
27957
49262
9850
12160
7593
30155
23
15184
363
43220
26298
22144
14055
13501
1244
18548
27833
22050
9236
5963
16531
2613
13303
17173
37005
17093
14196
51489
4486
45288
7079
36804
31320
13743
33216
13861
25414
6523
1329
42256
29518
12101
23401
8104
16362
14362
23751
37203
587
44670
13061
9460
2383
4
10416
1194
10711
21890
46812
19989
1941
4502
30810
624
686
30759
583
18866
24122
8300
23061
2792
11176
24500
12366
687
30
599
16125
7378
16227
13358
7799
638
7162
12374
50837
15737
2457
17968
4056
24953
22083
3075
4532
28635
4274
1395
21979
3773
58976
17954
8369
22480
18650
1620
17733
1187
9485
16778
3021
5676
514
12852
2
5493
2042
1361
44564
21092
47999
1538
39144
3774
23309
8965
4802
2202
38108
7969
5419
22707
9664
41052
18108
25668
25563
41771
16467
46823
40008
6079
7241
1123
9850
42963
41482
40788
4791
4603
31273
10945
13836
15504
8160
16303
41654
51960
3882
2421
1287
3898
30981
15395
30443
5609
6354
4461
6616
18219
10737
8554
13
3147
21680
20440
688
5353
17182
186
33602
12574
15108
25081
14705
48151
16883
8259
23189
14511
8699
3051
19462
4332
9763
37872
40397
24666
30457
27399
29656
6852
10787
896
350
1421
41613
24739
3217
23915
14629
2375
21676
7107
2707
40414
34980
20710
11698
8926
40167
54
2545
6233
85
11999
8665
3270
17289
3796
18990
20050
22586
10641
11901
9438
28184
13574
388
19299
18280
1988
5328
12697
11084
37203
11275
13846
13435
2508
10
11824
37200
382
19996
28105
39695
29843
7931
9166
4974
7701
24183
31530
36048
26318
11087
1061
32376
4861
14475
21897
490
20413
29493
24773
16081
8164
20283
1426
14648
16372
27349
10937
1682
32221
2015
4122
3208
11653
34163
4462
6553
16776
21851
2825
4664
9650
31099
7
2439
25244
3290
9231
19872
25660
9008
9419
34929
626
56001
34765
3573
24615
2684
52532
26643
8281
10032
2448
16726
543
28899
1003
3550
13619
4972
5672
23723
11607
25365
6266
428
20058
31851
32429
1537
26441
7840
41687
18762
13258
19828
10046
7946
610
10592
1779
26851
1211
40730
18921
23662
9543
14294
1686
1
18479
4780
4837
8891
16976
15630
5018
26162
1480
659
19812
4776
23249
27801
15404
22778
2204
16060
31584
39674
2832
18073
6388
1105
220
23822
16070
1447
15184
8450
20654
26
25768
3217
8875
776
9484
5029
20421
18515
16921
12377
50694
1855
30478
28418
30293
13231
23445
3190
21395
1
26889
34581
59517
43171
4232
25
19609
11936
13821
18276
25680
11656
4595
25637
37731
28373
22847
50006
39516
36688
15775
19287
9571
1551
19470
48206
5633
20126
162
25344
2619
36139
22620
27994
24632
4548
1157
1602
8867
20302
9208
5602
8257
20047
2845
5496
9647
16912
24031
8301
2016
32916
2687
7350
6323
11640
12758
19619
19745
42800
13183
7583
13788
14927
4335
43426
3645
45672
24421
29723
17529
30779
18160
16679
27169
9829
2934
4574
11225
10581
3
3076
4923
18660
41316
29867
22438
12967
6845
7448
13
50304
19142
15778
20818
44200
15210
362
6363
6630
7058
7719
52808
2000
13866
20833
7024
4941
14612
30582
3175
7097
26389
6457
9348
11784
3841
3149
412
3614
12445
19525
47958
29008
7676
11306
10018
13698
45343
5079
1472
6331
3384
27297
7459
4900
9000
2314
40477
9111
2552
16867
22480
805
29076
200
8258
12449
11992
7649
14647
3276
15273
31199
28932
9828
25233
56547
4123
9236
36053
2872
7332
7057
29521
22575
18385
2439
9038
26674
20757
9227
37
3417
30784
6382
26661
16317
4445
2
14420
18283
1682
10146
6700
4809
4208
9100
41512
35850
2
7407
4205
32756
12090
14654
2892
32172
5436
2890
18125
10195
52190
57801
20804
40415
4937
20505
28595
605
1326
23683
12376
44704
1091
16202
42339
41325
6946
12368
1884
31596
5284
26771
1757
43506
33980
970
2979
36258
25409
38102
8859
4355
46794
664
33453
16927
16535
5538
4687
1883
13283
172
35706
1513
26792
4949
10862
2285
5954
10614
35346
2109
23690
1183
20011
12400
9629
4561
4500
16743
401
11605
23763
38068
21255
22380
16151
29005
8070
4767
14229
2722
1857
10644
3154
1701
4985
48495
2601
34331
1638
32905
13351
4765
6542
16302
25281
2
13208
389
32758
12510
1550
2833
4799
26853
4900
2758
19943
11145
1009
3221
16989
17
12411
462
37832
8304
485
13263
22
3654
28342
2071
8427
8282
44864
1965
5416
39557
569
43445
2207
28792
1408
30182
9281
20480
16645
13899
15821
643
3590
2595
15137
26942
906
37792
24524
2535
906
15995
35009
58984
1376
42712
21119
7220
14039
36714
1617
5658
20
405
809
15724
32984
7587
5745
9695
16027
36635
33833
647
19423
724
39798
21886
40310
7245
5054
5179
421
4193
21323
23796
31378
39159
37863
3062
16735
23461
18982
539
11106
18830
2387
15797
7065
3426
32705
5442
6005
5015
29697
3059
14519
1961
47910
21775
21528
37791
23742
986
39958
2674
10257
23692
520
31421
7974
17025
43633
5937
13495
2702
38038
28148
2499
1886
32488
2427
23401
9810
6345
4082
7237
1989
16219
31157
47801
12482
16151
40206
1
456
22726
23055
4880
14810
36378
1294
1970
3
33369
37673
15595
17811
7068
17870
25204
16820
2363
2905
10309
17487
39316
8105
2165
7690
14112
779
20389
15156
2906
18836
12085
1326
310
18251
11031
244
4784
20200
26462
8480
5772
21244
7886
8426
17782
11704
22536
13862
15620
7872
10109
763
19191
9260
19275
281
30333
1
3232
20918
5384
1087
49409
1391
1128
2582
17697
47669
37678
24389
10614
17153
34357
11262
15087
20267
24379
5111
8225
23933
14223
1053
5
32986
33999
20338
4983
592
35945
7190
1015
52898
22667
1311
7960
12150
2912
1174
13005
16468
8496
49229
12232
29790
25400
18487
17289
23691
21384
633
8195
11204
11822
4636
34523
2
1228
4207
7310
17
3239
29775
1896
1764
3816
39208
50537
7395
30110
4392
14945
682
49385
7238
21598
6126
4980
12522
20748
9188
4565
8779
32882
831
921
26709
4788
47587
19627
9906
3581
3887
27667
1253
19232
26255
44
1154
29711
400
8900
16880
10207
2325
11151
16814
17577
45215
37035
679
2400
3017
12756
38901
20118
1994
276
12438
17521
25605
314
6070
20762
4144
17278
2591
53770
1553
125
52389
9234
57152
2281
855
17128
54275
3040
18392
1545
8976
49357
17301
22572
5568
4512
36602
41721
24661
1753
20985
8901
10739
1926
3738
2025
16179
44794
558
216
23985
21369
5847
12560
2381
10329
18604
7138
13717
5990
32351
9444
8362
1511
197
35449
9304
1611
9848
15672
10955
29555
9933
3398
15393
356
50357
1153
42127
14655
1010
13320
23517
23884
3058
2096
61553
3201
17381
7091
5948
39991
1331
19196
3582
18871
14888
1
11839
3445
7550
2
9913
7019
462
15411
7215
31044
21633
1388
4819
2670
4111
3719
5662
21548
14883
1470
31
27026
1343
11683
16136
24762
27945
27628
2831
6191
13290
27451
8801
19567
62860
18244
41659
1787
24623
3391
20172
38043
37511
1551
12772
5548
20018
15699
18294
6407
8949
5026
2875
8919
2862
22544
20735
9667
10
30766
5953
191
642
22095
20615
40152
15838
24804
34074
55890
7496
1356
4747
5373
5451
7730
2666
47996
5916
60086
3602
2249
785
26388
23970
6194
233
17019
886
2009
8761
48274
43451
1412
2923
15691
52240
31509
47822
14408
28164
17115
38652
14509
3221
3160
43724
60890
14878
41320
1941
34650
29122
1865
38619
51264
6978
21575
22817
166
6141
1145
33086
734
55034
2113
884
16314
1757
7979
1969
19371
10525
6967
2236
10816
605
10391
25
15100
58286
11619
37530
17792
14288
15880
4168
26620
4682
36509
7197
18333
1913
25433
9451
4505
23461
10092
13283
338
32843
14934
22898
37696
13301
23648
13184
2013
21191
3303
1707
3410
6899
508
18484
21482
15184
1049
21394
15823
44684
23227
1335
8401
20859
2215
16968
56239
10188
11078
17330
36445
2343
4564
38790
1723
22022
34350
40306
10947
33781
16793
2412
12953
11018
60709
786
7280
11305
494
7052
989
25320
32282
7767
28624
5461
39702
45706
9270
5519
8749
357
3175
2725
4613
19239
21368
40101
15150
11239
21426
3631
29793
190
13442
23783
43578
18437
1138
2832
416
1446
43927
5801
11611
6176
12244
10178
21199
5178
9269
4931
50
900
7268
8659
20953
7011
11883
2420
31509
3425
36327
1500
4209
290
4145
3990
20256
24553
3270
13633
17092
1244
5902
4404
938
739
48391
13250
1545
12310
27687
17350
8972
27197
1520
1038
23972
3108
5706
18842
2826
7862
16549
5841
17717
1190
7236
6495
14153
11313
22199
10672
4455
17087
244
28102
13726
25949
27305
6489
1303
2409
13515
1391
25142
36336
7520
28803
36582
39478
29106
41479
3181
571
2
28921
36796
41862
9454
10988
39149
8768
2325
5410
8621
13690
21605
6416
22528
12419
12065
13045
1189
17868
1587
3920
3961
9797
1754
1886
1806
33943
14837
28988
20793
15074
574
24691
23098
1534
19460
25640
27287
3001
5425
1871
15373
8830
37078
12475
7264
16
10448
277
20123
28901
11800
1
51428
1717
61516
35140
2499
28449
22874
23426
360
30242
558
11464
23448
16128
11667
17222
12787
21299
22859
40431
13924
2240
42312
10143
20323
3725
10654
20291
8305
9282
19600
17613
2043
21835
33251
54426
17331
7635
4397
52502
8880
25080
12790
352
10383
4774
14931
8314
2444
3325
25617
15159
39698
7442
11640
10302
4362
21262
16481
3325
25494
14301
22036
22343
2333
17125
12519
11869
10065
21439
38248
1605
28852
4022
36042
16730
9761
12402
24796
13882
44335
4333
18291
6174
30997
5022
31303
5391
15146
51019
6575
22497
14011
32338
7293
40018
11270
15135
41229
31531
17109
22929
11048
11896
10311
8152
1803
22669
14725
8675
6
38801
27062
7260
5836
9060
923
2966
10714
23527
1982
31389
7229
24125
31123
25652
36587
2234
14826
9934
23413
15326
4567
17810
15325
14559
11428
28329
46479
49940
14
26901
5384
15000
18007
24223
10166
27072
18045
30003
7982
27112
1988
33745
18764
12901
22576
11552
23401
11692
557
3041
2786
15697
9211
13848
4209
15350
3823
9187
8311
35734
46667
2
18531
31758
4048
5684
43520
14903
24948
845
667
12877
7499
1980
14555
1230
23455
5845
13147
31067
26494
9603
1041
24812
1976
34731
45562
973
2801
32425
17604
1799
25870
13901
42674
13119
27923
48535
5365
3471
4633
4975
1643
27344
20604
2799
1990
14069
2
43601
10790
249
11314
18746
21710
472
7465
243
45713
56341
25345
21179
55050
34388
13517
13678
12933
7270
33455
26345
5799
21
7954
31754
34014
55775
1787
43731
46091
3357
5201
16876
31134
7111
28741
3209
657
44343
9501
267
46807
32296
237
8559
21452
4992
21076
18004
31314
32452
49179
2841
10298
1579
8128
1359
7111
21761
24514
13101
18555
8897
1400
8980
18568
43516
20421
30895
9306
1968
32626
22271
19777
4744
28148
1
1275
26190
38850
18996
32033
55196
7573
13031
53254
23948
2308
12796
62079
20083
9758
48190
34477
30026
35091
28356
7822
6227
34109
10817
15694
17088
13401
7754
16248
1890
6560
13175
17817
16598
14962
4749
7056
28681
42129
9734
19381
2779
6605
34431
8563
17227
4073
13602
7692
950
6305
42801
2568
8268
14415
24227
15068
16761
5352
13028
1093
11629
16030
18261
30341
17839
8054
10791
1960
7603
5784
16565
2173
13069
2462
16194
14849
3674
11913
464
1
2851
4471
19588
4160
1396
40303
20859
9582
21722
19374
8684
2
6504
24758
9141
3448
19533
5344
2263
4421
22472
10698
1231
33525
23305
11738
35935
1524
4769
19384
9043
20918
1589
3447
33124
16944
5689
408
40202
13134
3626
6537
29876
37484
1282
29278
24864
31967
13129
830
2672
4906
117
18337
35885
1989
37241
258
4639
7813
34577
640
7747
45102
22163
2162
12323
18365
22711
22128
20997
10781
11504
200
48854
56652
6810
49484
9430
702
12240
12266
7083
1794
46980
9786
5946
4622
38977
1059
19731
53226
43924
16372
3517
838
963
32905
10355
31876
51816
31650
1642
11657
1294
7480
1988
7611
20308
9546
35331
25551
25081
22029
49888
26557
11123
479
13913
9975
6073
15287
25653
47224
31418
11275
387
24515
27787
19311
29370
16905
2691
52585
19568
7135
22013
1696
44523
31202
22815
9294
5762
986
47593
1251
17362
3283
39920
27983
7136
7386
7292
3
41088
4474
17949
18094
1899
6374
8002
23866
8597
52845
45793
46844
8801
2056
32426
20891
749
12693
21485
25734
42264
36402
12407
1461
2332
783
2739
8437
25102
5630
14486
10783
17514
8976
6057
25624
46174
18973
5739
14346
2752
3893
17194
24462
8701
679
19224
14350
12335
2066
7116
34341
48351
17723
26464
4797
643
24286
2446
33786
860
35694
21741
19137
24578
6860
913
4078
7624
21731
38868
2614
50546
1370
19834
1770
282
1
21002
18851
6324
7183
12397
917
2336
19370
38808
16158
14565
39103
5884
4327
40554
22252
16853
48488
42213
37764
14908
33308
32428
18807
10387
2367
33407
8538
21765
681
20521
11875
52068
34931
1751
6193
39385
2067
664
24060
8133
31701
18906
10372
290
44948
5315
16916
18069
36864
35483
51129
7308
23516
13584
6036
18800
23127
44792
1348
6601
27605
55564
1999
10514
1993
12653
22
2524
5398
49283
27342
477
58966
28155
27837
18132
7218
21065
12747
401
13998
495
16419
39411
22282
14834
37209
17516
33291
42800
419
23318
24749
3306
45913
17606
27248
12785
3412
19784
23837
126
8278
29379
10505
36283
24726
20837
1493
9069
20557
27991
13248
36117
1425
42078
1729
50507
3644
16464
24900
38142
3970
2471
10826
1140
9
1347
3387
32802
18691
7758
17865
2544
5049
5467
583
5981
28982
7750
8996
3265
37125
11610
1
44510
34513
1902
18594
632
6702
17523
44813
38296
13641
6237
46603
29332
10718
19732
37913
9458
1969
2036
30704
1039
22560
427
5074
29775
45397
32602
53620
16685
22342
17326
18757
43970
6641
2221
1831
32505
11193
7874
38075
15000
13126
3337
12159
2020
575
1479
28566
3431
16518
19301
2622
8561
16804
2687
48354
9589
435
705
11807
407
5821
5006
15917
6003
5963
931
22998
6634
2383
5426
344
32406
23905
18202
13919
1
40307
12929
8576
28984
34055
10590
26253
12236
2678
22692
15
4151
329
3276
5170
18058
16
15764
9015
31630
28703
10584
5994
4932
4959
5602
3738
19768
3601
5247
853
715
2237
13117
12701
2563
10886
12007
55768
8335
2
845
2314
7193
31536
24128
26194
19265
23039
7722
26245
51174
8139
41715
18251
6674
34866
802
6102
3210
12769
3729
9711
17009
13906
5455
39296
1945
5371
1309
22061
36784
8628
12296
25649
2234
13547
13
12721
25320
16358
1552
6908
33399
3821
31800
24471
10344
24240
660
302
19968
787
27930
31912
8751
7710
39463
25398
16389
17038
106
12463
25620
6230
15478
26659
2669
16889
33831
16399
43442
6127
5866
33919
13670
6670
3114
20987
19809
20140
44970
4183
315
329
36392
24862
28017
6589
29952
2
355
14004
640
37432
8118
893
16300
8438
1529
23701
1157
20513
9775
14575
11339
1573
6632
32558
1106
7320
4691
295
35788
31884
33561
6621
10402
31804
4077
27560
32119
35507
19656
3614
40335
27594
12393
2068
7585
21694
4
3007
6364
8827
3583
5553
1590
21175
49570
7786
12499
47359
5335
2233
10096
4514
10361
1784
22950
3650
28476
38541
3532
18077
8670
12390
5549
7008
4347
3170
8423
21954
9788
262
389
320
1178
9536
6673
11206
235
1940
3261
20374
29967
18445
54256
8243
25355
981
35762
7570
12179
5726
44383
25008
14887
31678
9155
19572
23222
8262
3702
14324
128
4192
3160
9411
3913
879
17979
29160
2759
121
18087
2362
34862
24042
28689
29791
11511
2770
3505
4222
19029
6814
20208
8490
42653
10077
15582
9721
11307
16092
5887
23577
7629
582
7442
22246
22464
48146
41029
3324
10947
8869
26561
2830
21567
18913
3917
7155
14545
10497
17165
5410
14051
21008
11721
2607
41473
39582
21993
628
2453
42023
18890
2129
43914
7316
4543
2846
277
50945
8029
985
4540
8641
35331
3936
20735
1289
8588
7310
26278
3577
1
4723
271
2245
6992
58836
6370
1044
4035
13518
39168
9539
6178
22136
13501
20199
7508
44153
33015
5140
5235
50323
5370
28084
4263
6786
4045
30398
2839
20850
32237
23118
5306
35
13709
4672
48743
28945
11060
948
13496
30445
12156
21179
20790
9677
27025
41580
32249
18177
3490
31357
2214
13431
8639
36856
39622
4
6102
15480
3487
24436
45492
693
26690
5619
24013
44417
28984
10685
9981
3198
11451
928
482
35144
8096
23751
2
23225
36264
29060
832
9783
7459
10143
25042
35059
55046
5
2044
19963
1605
5674
1703
21800
32690
2201
14297
19092
38082
16619
7659
3723
9480
16665
14528
11232
18721
24615
19093
32325
5398
252
9975
16659
1925
9573
7267
43793
10035
43543
37455
42187
1862
1889
20009
1248
45760
5603
739
19184
49564
26994
9291
6053
1086
26570
4444
36005
32226
9109
39138
42040
35892
13802
27312
51047
11241
4312
9753
23441
40007
7438
30481
3869
30002
40723
29876
18517
32781
4902
12424
32802
12195
47397
8316
2356
9704
10994
1094
3822
19195
7000
11183
24283
85
37330
1242
42917
3866
26981
4241
28810
1807
2745
33341
27299
8302
22017
25325
1949
3183
21179
5556
33477
21085
45766
8260
314
49713
41604
2320
28796
26549
14008
302
19008
27759
20194
30117
14940
3166
256
26784
2297
14275
5112
1423
2378
11152
2384
6201
6725
11
26066
402
30930
15196
9434
15275
17121
43063
639
55726
4142
1654
33570
8218
15416
20588
6380
12396
17287
6588
7217
946
17515
38022
12532
13097
24702
19660
51838
20121
6300
7534
5554
23849
9796
48002
4371
7826
6762
4606
10865
2835
38891
43641
39225
30569
2823
15630
42590
4764
5850
33021
59454
51109
16615
5009
8279
37437
24930
17
2798
43550
50967
5827
4785
34603
6543
45390
32466
48749
12381
27549
23021
8522
11264
9796
31089
30498
13400
8301
1202
7129
18746
591
1376
28985
5801
78
2543
4511
4132
3057
8234
10239
17712
8882
26307
27193
4633
27159
32911
23623
23167
7565
33340
45057
2412
3225
50987
20376
18351
17878
5057
574
5759
23731
37050
7859
414
3624
35942
28152
19297
5873
30367
21795
1854
18150
9271
1788
4715
9137
38797
9464
6749
20276
53457
20
367
7136
29967
9807
8205
12267
30890
7553
6898
4809
39081
6725
22046
15301
10450
10185
14380
43744
14510
5490
6920
5294
38743
2748
25207
19414
20099
10853
19166
32207
33017
30524
1122
40751
15543
2568
15274
26938
7208
15548
26130
345
10407
7072
15769
226
8229
19109
38361
34741
21251
54621
4390
3747
10760
33915
11461
7175
10259
1049
15251
35870
11421
2190
25036
12609
18514
52287
29020
11813
46207
10345
8121
284
31779
1312
4089
38040
10101
21292
17272
46390
6397
2918
2799
1477
8041
1088
10761
22823
21111
21194
21039
53833
30316
680
23254
6674
2383
11888
7066
5954
18498
9914
31746
4157
2423
6333
1756
28070
6576
18809
7084
13595
42027
34781
51790
22035
858
35188
7976
15969
2304
1000
10789
30700
9788
14942
28359
31579
4
12412
8047
3624
9785
22141
19356
13039
6237
40724
18700
4418
1559
4863
16647
37664
13540
32938
24754
6453
1554
3885
8390
45780
6198
10702
1654
9151
12743
44775
377
16259
10617
14337
10878
22632
356
5640
1419
3847
51274
886
4904
29031
6132
21796
37
31961
17190
487
41348
3507
3392
34407
30692
4717
41392
9841
4012
22355
16389
15486
27164
19114
20
8793
25119
14481
12571
7055
1
27275
7980
1791
407
8155
29795
22836
14144
8309
30869
5273
16930
5271
6402
23565
8
6533
10098
4972
28072
16089
27397
16291
2637
34588
41614
18226
36412
17616
27956
7287
3206
32918
21247
17323
1463
15989
12648
40172
20405
1363
31467
5822
10094
7174
39140
25958
25883
382
4175
343
396
1
12514
26360
2091
10105
4722
34196
10544
25228
18516
38457
4308
13088
5643
53057
47990
5774
402
41427
17579
27597
45959
11743
30629
31248
2658
986
24485
6311
12890
1839
8808
24004
6533
20067
16910
22779
1294
2168
16976
10639
12415
14357
4762
3218
7174
18751
5771
23139
6648
3581
33676
43200
2732
17548
22253
42884
35953
1173
6548
8432
8267
31829
51356
2682
16052
41111
4376
897
7012
11648
9943
10368
18381
4284
9981
1263
15502
14905
8922
1365
21630
20293
11478
16906
51136
4894
9616
6628
2989
5422
16753
8022
1076
55108
14012
11574
7819
17421
4323
5894
34754
21816
8336
23070
43557
8362
1932
565
8223
2759
4683
14077
29736
19490
25665
15508
129
1180
3814
2258
3707
1188
44072
24830
8140
43345
4707
1762
3863
6526
12128
3061
19050
3122
4014
28444
15549
24513
3120
38021
2
35921
11650
9016
26299
16554
2271
24412
2021
11720
18973
4083
722
1314
10957
6978
24026
4429
27985
21681
41772
8682
7349
24183
567
7806
11542
30255
11353
24706
6991
2242
4209
25954
50867
12352
29080
6398
5424
834
5773
15821
3346
39867
27684
1
2839
15112
15613
3573
3728
946
11143
873
14972
43547
11338
630
39535
613
19335
4354
17735
9851
23916
6547
21957
34399
933
1443
36811
5203
44814
26551
31538
40636
16107
11566
4274
22388
3199
10422
45859
29497
35352
11287
47463
5042
11964
56296
8649
27374
6342
6493
4043
5987
2101
44824
57762
2091
47594
5915
13130
1849
6001
14409
6657
25491
11773
3604
2028
4442
1888
18562
3
29424
25182
15936
10693
1349
15387
4881
3556
11520
3876
40160
41389
1
7134
4303
2531
1440
30764
29946
50036
22366
29526
6942
20171
29796
22135
745
4319
27040
16210
667
17068
26315
20253
4316
6353
1774
5783
1147
4219
27962
16385
4163
10319
947
2963
502
1219
9260
12187
12680
10115
19842
19344
14073
14858
17904
7959
6548
2299
24399
12344
11985
23148
14583
8762
28082
63835
5465
2443
11397
22922
25804
23538
5246
19033
23163
3721
23590
38202
37586
47816
1
6936
14525
852
298
8977
10987
3900
11272
7993
22275
20622
49253
10761
9237
6490
24014
36804
4382
24433
25971
8038
2600
12820
24974
22101
7271
41969
6797
1993
39345
7888
47503
5650
12266
4421
3185
20270
6622
25544
362
38800
5630
3831
21408
7273
53030
49425
5316
35183
1089
50447
25278
54036
52540
6037
11396
5766
28366
6637
386
1049
16604
3753
384
5552
60319
6573
10664
2628
50816
13274
16708
7139
10466
8972
5596
6095
3697
10306
1791
48006
8698
21103
3039
17570
2208
7151
6807
5429
3274
8794
383
10086
20614
42722
660
3671
25138
8578
27264
638
45485
8065
34413
7177
18217
10649
5542
2146
16628
22176
29406
4873
16993
2658
1977
55443
17392
34455
4406
1863
28110
9649
27689
48294
3947
2572
27059
22285
29228
18841
3427
9872
6435
3037
20944
441
26609
13097
3726
24350
38218
21048
3494
20232
3267
33651
47647
10776
2303
49620
33955
34786
25278
42363
10906
17856
3067
7014
31411
447
10129
45514
6907
14684
7768
12125
261
21740
23714
35414
7413
16527
18543
21996
22355
38711
19379
20436
48353
7328
14498
2882
18452
15181
1237
50225
1624
4425
2831
36728
4105
13431
5132
16931
17479
17925
9882
37545
34729
11345
14467
11779
12269
636
463
33228
1005
34227
4352
1182
49556
14929
35869
12468
2071
2
9488
13188
11988
2525
7565
5873
235
28004
33881
24925
6002
16795
40081
8950
19769
19666
49236
2211
5873
31460
3030
25367
1227
609
54837
24893
23722
14062
2159
20198
43622
12
1076
37905
194
4653
39746
7013
1027
29914
732
9
23184
24718
4884
5031
11306
27918
7988
4372
3627
3035
25337
9107
3500
33648
22108
41139
18356
1062
19774
4746
4776
2850
1135
1488
12893
23
61559
6021
9668
1439
27246
14478
3069
8930
13484
1863
16346
7596
6840
49013
4582
11350
431
11046
13652
2257
5286
27437
36341
18003
2784
3578
13734
3404
2460
1125
20585
1828
11139
5061
10086
29798
20834
13850
34058
11126
3857
9330
30929
45531
5441
18542
31301
35564
6684
589
4365
5186
22821
16682
830
10090
3309
23240
1235
17536
76
3068
25964
18583
23820
3298
22433
17466
22985
6417
17192
2208
28130
37900
2219
15369
11220
4959
15390
15857
2714
16174
44647
10802
322
8245
37281
9595
1
31663
22775
18295
11972
16078
40851
2836
31404
1733
5900
21061
18342
31629
25026
874
11566
22121
11145
5811
9591
26699
29590
4049
1
7536
14750
35103
29715
22522
5771
5865
22979
35035
5424
39858
4513
11066
24216
45535
19191
2238
34675
11947
31459
2046
6145
1231
5304
33656
23546
38727
8613
18472
53329
54785
6142
2936
9025
14583
3930
19625
9475
11830
12789
29474
1166
25664
5857
57741
19527
1340
4137
16266
26008
999
7062
22758
703
4873
27088
21199
20664
42838
21
12851
11469
16208
6429
33200
9365
9004
7709
12260
6559
34976
3921
2428
1825
6183
34618
29172
3670
786
416
9881
43024
15393
1122
20836
26329
24323
46224
17379
4
20
24076
17172
7263
31206
15993
1062
16934
39455
52665
33974
263
9042
728
7643
15747
6363
29876
4484
5147
542
3114
14494
34787
39270
2050
21
38700
6699
610
33238
24952
46190
19023
18950
5099
21913
7454
19266
10105
60889
4351
3675
7509
5904
16044
62238
2
10750
18211
25860
1405
23601
15480
717
28745
33212
331
14394
19836
14455
575
12336
8010
12039
38974
4478
33738
1189
56006
16634
7781
5617
370
4633
12055
1559
5809
28206
10677
41185
11155
21307
8033
745
33438
13486
29908
1683
17778
224
6807
36792
49163
4521
45124
27557
8598
17109
32298
12580
23848
25696
4979
28566
235
15284
43404
1624
1791
8679
27350
17481
26898
2434
18444
13048
8576
16662
1753
43452
1303
41840
4613
5585
10461
709
1052
16258
28061
6905
10759
5188
14753
9041
29724
35571
39710
6621
19157
24805
16399
26847
22905
47832
23250
6206
47353
32348
14384
4934
37999
9419
620
38524
458
24017
8523
23373
746
2811
3586
2861
9525
27576
3430
40545
5200
38652
27271
35504
11999
3580
42082
24424
14627
16920
4544
10205
162
35717
2655
3174
16665
5459
25328
5133
15873
5450
16485
25687
5556
48552
5474
3782
21005
3892
9872
4420
923
47027
31665
8048
8808
5
2009
6094
23423
46011
1691
30722
9064
444
3182
5080
33
1120
4072
9669
10310
25323
1473
964
38426
22164
7413
683
1516
7345
39387
10069
7301
5668
10
41723
32625
8772
1211
38468
4140
2939
597
7200
32223
19143
806
2101
349
15244
3750
28670
12420
3896
1994
455
34031
1875
2441
9757
6790
35921
5743
5355
2968
12405
48968
997
30
9280
12371
17485
17933
1258
11840
26956
32094
6895
6695
602
4783
23895
3897
802
4260
32365
25684
6139
35384
26252
6997
37226
2863
3362
13016
10639
19528
16694
31296
4149
5938
1390
846
40309
35071
10167
5476
27612
6950
9053
10794
2405
744
4833
34102
21661
5268
6257
6315
33897
9359
15981
21824
762
10631
38
7248
44941
8295
4045
34627
16536
34351
5628
3434
27898
5911
363
26014
482
14564
13031
212
420
1644
4279
760
5891
8985
8262
17145
18802
21200
4104
10638
37196
32549
473
11564
5642
11978
3881
11799
32092
21222
15130
41479
2258
14964
41741
2368
4490
36707
50106
31144
23187
7667
42561
3340
19783
9229
8296
32856
18508
19150
35422
50825
15662
9669
8822
46481
25445
24945
2278
7220
40074
10446
6159
31854
9559
7733
7942
37727
52533
16342
11050
2827
14140
19549
10290
33207
845
52613
7329
2706
2383
3773
18987
28568
5433
4048
5322
6362
4690
42444
13157
31113
12421
30806
769
1357
10224
38406
5520
37
3266
5881
844
7384
12760
4488
4080
953
10707
12544
11846
4830
46638
10815
103
48041
18039
4325
11957
4551
29773
2408
54200
5982
44948
21012
26741
19383
2265
12762
107
31640
37528
7435
637
1142
1699
19758
23641
19904
17623
10181
55400
24898
1976
1254
35081
33608
17607
1561
11816
1853
25679
19710
42345
7032
28104
24423
20801
31901
2893
20506
15705
15537
43884
33813
487
22929
9359
8959
11904
20231
15390
47567
27
8304
2174
7508
13286
21700
7607
13673
38676
6488
633
19310
1977
23410
5338
9109
35541
26858
71
8807
10205
3976
12598
4
16779
2574
21446
2564
31098
30558
1804
1038
2
19230
2681
1904
15987
4607
11547
7335
25243
26895
13540
2578
1
1816
5496
7095
3843
8412
50311
30862
28852
14638
947
1529
29360
36655
5687
446
4794
3954
38676
3663
27517
6604
12530
13248
4951
20469
5469
6510
12439
10619
57884
19794
39037
17107
5852
13828
17773
11956
30388
28571
33621
48987
16515
6905
42733
11577
32990
30882
40903
3849
26956
940
13421
5636
28698
3013
44181
2120
44781
47359
49600
7002
12397
3430
1313
13076
1487
10568
2203
19888
10385
6877
6605
33345
37304
10218
3785
13504
3383
28678
17384
1042
32051
8657
1575
10959
18166
9558
5271
7778
25687
58855
5561
564
13370
5156
28153
30
14539
21533
23942
4335
4797
5392
17368
697
2311
31994
39
19950
5641
4490
800
105
49464
3547
3123
36421
3010
11391
2708
43872
5587
22529
3213
14451
2254
25175
31056
1068
47706
15718
12743
33628
27226
498
7288
22378
9034
9
2601
36515
2414
1156
5647
894
13363
986
18511
8881
12602
2306
1673
2466
17957
50829
7822
5436
34362
2955
23055
39456
31244
4201
2339
6836
5241
59189
33145
9032
11268
21601
43211
3756
21550
8887
5789
19212
5181
36837
25347
34158
6177
15072
33351
29301
14190
8001
15044
36844
15074
1881
25852
851
4739
7036
27409
1279
23375
38797
12442
47743
13179
10674
39161
30048
1879
1910
31772
24224
26314
36727
35121
22576
44963
10066
34266
11920
12118
27117
9907
36515
5673
2451
36001
20826
4724
468
15479
8669
14992
3194
5012
20007
6702
3931
5241
2976
32397
48412
6450
6873
22805
26147
7975
8667
11093
720
26285
24431
10693
4744
7226
587
5162
2827
13347
961
34350
26328
15351
38917
26180
10171
5822
14470
332
2040
42528
25612
20232
12813
13539
1085
14304
8378
6279
46631
14962
30224
38197
29721
33938
14311
10123
3122
4649
8327
45900
9113
17502
37623
24232
26567
34000
50491
14942
2659
1878
12238
17152
47008
11135
60366
1255
9634
29693
3109
1929
4415
8850
4290
2691
19040
4800
6912
6327
1726
13118
16312
5514
41226
11603
33331
17217
15879
44133
3202
2646
19706
53632
6332
35744
23807
8601
23073
11361
15424
38558
9486
8670
3769
5006
17734
12511
41864
12337
5333
9438
46242
41674
16383
4835
9904
26072
26312
11940
2212
6543
16900
42015
32194
7943
7856
8547
6870
8541
24714
31002
3536
44604
41978
7607
16212
13110
9915
2849
28044
12751
9616
51482
21933
18748
1940
37626
13345
13130
3426
41300
26563
37055
1082
11778
24868
9765
10245
5907
27572
1586
21216
5525
10501
46006
9174
2649
17474
1708
21265
13194
7038
27203
3704
9339
127
3815
8684
24426
9143
1333
24729
8139
196
48806
42398
41671
16882
6841
38607
8297
8315
2512
74
14605
960
53820
47793
12616
9697
10288
31823
5590
45100
12330
46342
14227
14931
2300
580
18461
3736
2068
14772
1211
7234
11185
18444
869
3104
841
6589
19578
60972
27739
4718
29580
25316
5472
6713
14824
600
10282
23091
23840
3677
6558
43455
3966
227
380
8295
28352
19256
7603
22311
172
268
638
30065
17513
20410
18024
18455
44763
36644
13205
2212
7567
44270
25821
18
8388
38833
6662
15145
7746
24470
1145
9952
34081
22001
7196
52082
23463
2313
17602
1205
8132
6078
7019
34442
5051
2843
1048
823
2285
5105
18020
7563
6489
6230
777
2280
986
16804
6846
2932
238
40506
4762
7092
40510
18351
5011
48120
15556
25422
27871
17836
19323
1531
30804
23664
10647
9514
51365
30175
14045
31204
8213
4325
2741
11249
41645
16489
23262
8013
1145
18595
255
7163
9569
14223
50157
9990
30153
1062
13125
199
24294
11423
5253
19495
2563
46419
659
1272
60711
1638
29997
11261
16277
27577
38423
9722
1912
6623
5063
36195
19299
35159
2149
30734
751
6298
5851
7103
40152
6138
7983
35887
10633
16002
6613
13805
8617
10801
40934
56827
15525
4236
31694
34892
43158
7678
21514
24887
52309
9677
1
21084
40408
16987
7289
29675
1197
26150
20671
37291
1533
4320
40936
8231
19039
30391
5692
6
2191
3051
36224
9067
8971
12487
17926
6557
24240
35747
4278
50871
24178
17387
20552
4060
3250
24710
32176
53119
7407
2279
4404
12622
31112
18637
2256
74
17290
2997
42030
26459
6717
23110
10801
2208
43607
3730
26078
1483
48342
1317
42552
20629
23319
26795
4369
3631
16131
7534
17497
13935
16878
9158
2180
2566
28385
33542
11867
3504
47554
19186
2690
3381
1641
30557
5113
555
33082
12172
3289
29820
10808
35687
19152
26710
54208
46052
16807
11660
3
41463
28490
31693
29699
1536
15315
38228
2410
354
33953
23103
3224
18227
52701
1426
8088
13455
14606
29564
23461
54393
16647
15489
3342
6635
55730
9779
24972
2121
3170
13903
20324
5839
19021
19130
24018
41103
36809
1275
6177
43664
2529
7736
63
8674
4275
23516
38274
1492
9409
12170
5424
22404
6866
4621
37128
3979
1052
33049
527
11420
4903
16333
1
29231
2116
7839
29605
53743
20037
50452
13238
59372
32179
47955
34494
29661
20230
2448
314
15676
3045
17145
27577
3206
8708
8540
560
1
32623
27152
919
1255
2539
42745
34305
561
23142
2621
24193
9816
13674
2722
26590
1261
11229
1138
43614
4005
2422
32408
6801
481
6744
24815
4159
10171
23327
10184
23589
12604
11457
10588
31121
6813
6604
21486
23918
46345
22132
30589
36744
4228
1550
1474
510
19011
4161
544
13633
6266
12047
5110
28920
2148
31476
8761
31028
40720
1393
12876
26180
12998
8930
16947
25155
43311
3901
5898
6784
7240
17469
1962
10611
22049
18028
17212
15672
463
6026
6758
6327
10214
24559
6748
13889
10314
8572
33139
14073
9830
18280
4245
27064
30530
1198
34819
11269
122
3110
19025
35799
11885
14540
5657
5356
1000
6950
6362
1315
1242
5474
14257
14654
5174
3152
6189
27218
26487
6804
49440
7360
47535
36183
10483
8161
13880
16182
31902
1478
31229
11822
38812
257
15776
6754
31755
10423
649
30180
54142
8327
28103
39531
18277
3540
13057
810
9534
10531
2288
21201
45218
4
6348
5655
57560
22028
3174
33149
18339
24895
52719
2903
7800
401
16023
19549
10951
13102
5419
40297
13020
46600
18257
10021
26873
9721
5807
28014
43604
561
8874
12317
753
7314
27371
19811
26733
5882
6907
41412
11371
3007
5695
1703
920
29885
3962
5488
23057
2975
27455
16616
21890
17131
4159
1891
15876
6210
20101
12245
29868
566
15237
48791
21962
8279
12875
28279
33349
17637
25992
24382
6406
15385
37096
10732
29150
10791
1433
8494
2454
7171
8202
21953
31057
14212
227
29996
12851
20049
2037
26439
19557
3449
9844
27969
5066
11478
24977
2191
1469
13481
9409
3208
30995
12271
19667
11108
8704
1356
50015
3829
1
33739
19276
5898
1952
6513
26810
30001
307
21268
7009
16265
1629
2572
22706
24539
47728
4783
3477
27271
41676
14518
26239
51440
50072
27523
6123
22403
35210
4928
3180
28800
1518
8607
8297
1027
31123
30366
13178
29015
15645
13986
44833
21
4685
11712
20104
6829
11052
20086
4886
11822
42711
18510
33495
49494
1064
11054
3814
12681
12878
42098
30431
18383
1550
6370
18856
6643
53506
10954
13702
34925
1386
2992
42782
18579
45775
39277
7171
24979
2878
7150
29502
21550
1029
14833
8444
15273
9554
2642
3962
24025
22681
9781
2078
20210
136
3067
2191
13217
17390
19931
42668
19415
493
28273
6408
5
4837
87
28270
5015
25068
9809
13883
7081
683
9926
19917
9352
373
1453
28298
1043
3972
2381
2184
6869
34337
27153
12036
12389
2435
15775
18008
38267
40874
7322
503
31430
34044
8823
1575
256
11310
12957
9604
15863
10911
21
8911
126
17522
21629
12635
2185
9087
2372
13906
17287
7476
35140
8895
36203
17080
13932
1477
27491
13481
37370
5994
24741
4714
17514
7
26003
53923
36926
13376
6154
337
12749
48677
13231
23230
9052
7744
4964
4127
4956
27200
4136
93
2722
15614
31470
8321
14221
4093
4037
18930
53190
19207
34714
24294
2442
83
20474
9934
2279
2811
11165
41846
9827
18425
11858
10892
5362
16820
21
3288
31991
3800
38856
38613
14893
14000
48882
47791
3422
12831
12044
33045
369
4611
6423
4345
3130
26508
5389
48076
25573
986
23754
11721
22848
2750
49294
20957
10303
3998
11427
1094
42361
3
2002
37249
3644
33833
2641
1
49316
13980
16802
11744
15350
10807
18039
1050
1282
6984
2059
12215
16997
7701
2976
29014
1485
11149
11924
6963
51133
35698
1161
52988
3184
3696
1757
4586
32530
24568
45698
2120
16362
55886
8169
19773
8542
46771
11436
1050
8128
701
10177
6406
40088
50687
19956
18327
10566
39144
45744
32725
4582
35880
2428
731
20936
35746
29541
19328
8940
5330
49499
33277
14212
20069
26624
646
2609
7220
14828
12771
8289
277
27472
3745
9179
644
32511
5706
22322
45512
7833
22456
1474
37678
6610
27647
3987
17796
1944
9040
5613
17185
21996
7783
4386
15336
4371
5134
283
10139
20063
2406
21381
1694
17592
23171
57247
9210
13761
1735
1364
10132
20164
10670
28138
3656
6855
1881
13740
12513
2162
1077
328
11876
12491
20599
22053
2131
52148
3977
33607
7382
24120
13854
8335
4859
40102
1802
6069
4270
7497
6651
16244
7492
15654
26432
963
19638
2539
18533
8963
26970
36035
3382
14120
16204
20500
29694
25416
7435
33075
3774
1249
1573
3704
25867
2941
293
20089
8031
673
5392
230
18995
49884
36646
3097
29211
38380
47916
34737
7473
11755
6134
45891
19671
2512
11646
7596
1998
2342
16446
8937
33588
1073
12154
10267
9017
6073
11168
3194
16241
5889
27117
14459
17613
2964
10289
6839
15977
6379
444
906
9275
14749
11687
1515
18885
4549
12729
19046
2760
17814
644
7149
17259
9409
15636
2410
34806
20027
9924
3259
19659
11144
2037
6285
4478
46705
14081
5513
52250
34
5442
1349
34409
28879
13193
37697
23777
7799
1185
18219
11677
36110
3079
640
12794
27028
32600
44915
3896
8136
5967
11791
1297
13525
15423
30046
35222
39548
718
7819
12882
25920
24424
5852
3954
707
11797
25408
204
5571
887
43427
12820
14728
8003
28635
15579
32591
22265
7775
37975
5702
4
22303
3867
27655
27772
8294
18491
746
43618
722
613
47452
4
51083
9838
48350
17866
1018
43796
2051
10409
7108
1224
1
2829
7646
5188
11783
12830
51174
24172
29673
3352
26249
24256
27452
18627
5430
15103
19
521
12941
2748
7
48470
1953
6087
19236
6154
690
19217
4619
41491
1333
23999
6812
14672
32756
8786
6958
2052
2791
21341
30129
3985
2124
7723
2761
10188
52449
20589
1038
2060
9779
1241
32258
4499
2496
1749
22704
2439
4998
30978
851
23
13879
18642
15432
26430
20885
1001
55705
1221
7075
21051
3829
3603
1310
12032
8495
17470
34866
3913
1604
16710
10676
2856
11979
9065
18071
28132
1494
17823
18354
38120
44934
23419
9795
35604
3693
18202
37212
624
5655
43
26278
5815
2643
12603
9460
56993
8286
5940
21655
8245
30626
18652
10112
29276
46536
895
12552
25949
370
1307
14042
7439
383
1684
7755
8018
29015
1248
49287
31232
51375
10930
11352
36072
36683
2049
56
12685
14970
17861
3480
37
13696
26042
14625
21493
25097
13648
1743
350
15135
35634
48425
14996
702
16321
26654
12558
14238
22857
1093
741
6717
1049
31357
5330
7185
42875
10856
7326
10196
17706
29313
13964
26348
13534
34202
9568
2165
6
31649
19164
7810
7434
20523
1506
1278
4621
14169
19776
1025
12923
33810
26376
20894
103
46320
47706
16995
19474
28393
58934
14946
8508
10405
7529
3906
1688
7160
4773
2837
5312
16770
9996
44070
10267
2986
27393
15035
13021
14394
20345
6104
24
4556
2194
20509
39570
25091
18876
3435
24632
5462
26816
6416
23892
7170
3011
17047
4416
6186
4
4113
32304
10430
15498
1328
13304
18771
1019
54195
4830
1147
17038
10441
5224
24569
32252
15014
3234
2856
9885
19575
54400
4888
9260
8106
5063
11828
17901
3278
932
793
4764
9777
3868
42029
34546
51295
14020
14778
21668
19665
20
20666
5337
8055
2160
52277
8153
35106
15167
2088
2011
25301
14381
1783
13971
4206
15307
40417
38719
8295
3373
19262
7070
2898
4268
9617
40394
19779
28134
18498
4726
2552
22973
2085
15869
1171
2300
23099
1558
27796
1993
8302
29959
41167
44272
612
44695
44041
26096
23433
4130
23338
28069
4949
52988
18851
27448
18339
11814
32360
3866
35620
24569
29680
29069
3362
21824
139
18092
3104
30445
26446
20127
29413
17426
3932
162
169
1625
2579
3731
5769
9338
9134
9150
9602
28218
32688
301
38964
13444
31747
3033
11079
3
18404
14587
34815
14846
5821
9128
18109
1783
2393
18866
13041
13612
14476
10458
29356
8801
620
4969
36615
11561
35
21282
10803
18279
3499
3967
4
27206
10451
739
43907
44183
17102
7
31098
6549
28294
5320
346
191
352
5476
8051
32948
10525
10984
1460
7703
2965
31717
2362
898
25496
4671
2117
712
3176
1815
36011
16953
8767
53768
767
28958
2054
4
21654
5262
14598
38693
27377
52844
20010
29778
32172
16585
29626
47896
15046
3239
19466
10589
26659
19752
10502
18406
12914
31678
2215
17582
4152
6898
4689
30834
17759
20903
4782
2923
40004
21969
19540
2039
1874
6064
1661
15791
3989
18747
43554
696
21689
281
5221
3444
12012
10390
6354
1718
36115
22158
23770
15658
20147
15750
16939
1029
18343
20615
5187
17183
12787
612
579
456
56301
2759
29562
20719
2903
21219
3629
275
32175
7694
24334
10871
33734
18465
5982
885
20048
31579
2452
17285
15183
31920
5431
11545
51868
8716
19150
1333
10922
18779
21233
23686
11989
2515
4618
14336
16027
1193
3546
29175
7718
4457
748
2488
5392
1628
555
1058
19844
20189
1355
13247
2626
1555
2821
11027
30638
8355
32989
28833
1308
15399
846
15239
23743
2325
16597
5214
10306
7251
2849
14409
18584
16821
31722
7591
15026
13524
28617
53194
33489
13025
7783
1490
281
6622
10690
911
28564
5429
30554
131
16
26448
27537
8
4588
54128
14534
6477
2948
15402
21278
10335
9182
14947
1995
49929
20331
36759
701
45512
15655
4481
47724
11727
5559
25901
1106
5755
12831
2266
19406
14436
6339
43428
1081
11489
17185
36829
5914
48113
2319
668
38749
46586
8361
2912
14427
4656
9629
26
8634
16500
1999
39217
39117
28691
5106
2932
3261
17166
3313
8063
20684
9236
40511
333
60624
49608
15969
28505
40837
13221
6104
41350
47875
33197
27147
3305
2677
5943
13940
27334
1
61716
11111
2675
1315
6651
26746
14915
2513
14622
17068
1609
22160
13006
27053
3110
36285
41358
21787
24862
35050
29408
45063
30641
7602
16507
25029
698
2061
44127
325
11237
22909
52997
7990
9933
9691
35591
8835
6492
36472
40876
32589
2604
1547
4962
7562
7196
22785
2436
21738
41194
5742
40277
27911
605
1360
20655
7443
61
20528
11947
14666
29302
2409
26992
40717
14404
10097
8790
16160
31207
967
47293
22908
1059
3004
22025
3340
6480
30853
8
9227
22059
27396
39678
2222
4558
17202
7794
34633
42968
20158
44518
29240
1280
2789
3538
25194
47488
1138
532
7534
20621
3618
46310
17465
3748
4995
30267
889
6005
985
30891
55154
9350
2746
8233
46702
19750
16622
8607
26050
6233
23303
13975
30155
16231
4652
10237
7924
29749
3118
1620
76
1354
563
13010
10676
11297
24204
49109
16397
12269
23956
1353
16927
1713
19516
33858
22637
8379
13576
18763
8895
38978
39352
11172
14760
23692
9732
9490
22260
42189
31161
26618
1598
775
40808
42610
34332
40281
4965
839
38290
16737
31132
28048
1289
12835
18491
14005
16090
772
25207
2984
4778
21189
7783
1128
2176
10236
2652
2668
29547
4851
4087
14460
9297
1419
40309
35890
1124
53231
2207
14424
2563
566
34802
39541
11898
7822
21480
14590
6273
596
1100
6340
6563
30498
3847
2270
9787
30898
8976
13886
759
223
49747
30355
943
43465
409
12408
45187
19814
7846
33661
10438
34529
1421
5637
20725
9043
42968
22495
635
1591
15230
8842
17122
44641
26741
18929
8032
5039
5821
283
34187
3400
4649
1246
27030
851
39345
597
38169
28527
47426
769
1191
12223
6884
9009
5994
10269
2278
17385
15185
5327
5826
7535
25043
24874
38278
20268
17171
3798
494
40456
3056
23759
1388
10504
3817
7870
6122
5527
6002
9164
8348
15519
902
33443
10295
707
25670
28398
982
10796
41359
6144
2667
45920
4838
41314
8627
38701
36521
6536
13522
15159
12889
16408
1750
9801
10572
453
9725
41586
42436
14672
13706
1441
465
2194
3280
13281
18281
5666
3530
1386
1401
5470
16807
4472
6212
14625
23671
34228
1733
18809
2753
9045
23967
15473
1862
2523
10920
6515
17760
6979
50604
1047
19986
5880
11131
7960
32869
19406
53538
41676
6550
9846
11430
43278
17368
215
25710
3631
19595
33302
10545
12828
14352
24064
25841
393
42500
10953
56678
12461
6701
2595
1763
21014
23876
19127
991
18016
44238
34101
1363
29345
4823
26171
20407
2577
3407
7579
30380
3721
9028
24594
15634
11830
3116
6575
17638
23124
16495
1631
33161
3809
14928
14245
9208
24657
6883
34385
18119
28137
3734
12326
40726
4770
24158
19064
17669
50791
27581
17120
9022
8241
2675
43183
23989
317
16509
7266
13354
2449
18795
21309
7871
13753
6783
27867
3649
35173
2758
557
21179
13739
7266
36766
36973
17247
6679
4530
23809
37057
19706
16190
978
752
1660
2506
1605
8716
5088
7638
4610
23057
45808
936
4298
14926
4387
24499
13554
7600
59521
22
37457
16398
12163
1721
10791
3261
11992
41377
43199
8639
21686
5488
504
14734
11
29888
42521
34825
4509
7766
4118
18465
10231
24737
6105
6204
2360
24185
5831
2813
21688
5135
15710
39929
13
14743
34606
44114
20040
15078
10688
2005
3740
19464
2073
2
2421
13726
45019
16991
18505
5114
6171
8071
20842
26806
10227
6381
845
30989
11319
5883
50586
7687
39660
3133
30487
798
9542
11936
45023
21139
15068
37122
8262
10789
1329
19971
20879
2697
9858
6590
6651
331
962
31164
14786
2681
54025
2866
12801
1027
669
37760
6036
1855
23608
17100
7675
23793
10997
210
6550
664
3402
20010
7270
4273
3200
12307
18683
15365
2454
28580
32799
51344
375
21043
42990
9473
12471
10853
15500
23761
14946
17116
24225
5504
50722
55226
29874
26103
7673
1217
18090
5187
1162
718
3798
1282
6485
31397
14959
22549
1035
4346
10420
5683
5923
38869
18956
8379
55786
7415
7128
21461
7026
26472
44086
25755
13181
25272
2956
2537
25851
12024
55869
1189
18379
34929
1666
1371
9536
425
406
1127
30417
2303
6218
6025
26885
9970
40705
14403
2557
54297
4748
22723
11961
3356
9200
55351
32845
15654
4606
6308
6884
6354
23881
15640
17790
11140
1238
38522
50505
91
11586
246
52715
20392
42242
2334
21341
23421
29628
7944
32764
4281
168
5691
8723
4742
2
34111
27091
4007
8888
7916
19849
15238
38783
28119
26400
4188
14265
6618
34623
25562
32443
9361
36155
425
4019
6431
31222
21159
15948
49117
21470
3893
23677
25922
3762
46627
27308
4861
3638
20294
3882
32926
10065
23638
14319
17491
22419
8964
49136
3145
1971
2811
9480
8162
1121
12205
13473
12179
14252
41087
2750
53550
4636
30717
3578
8062
1308
14814
10906
22831
7964
40786
28011
20913
25650
2820
43116
15367
6217
4591
41506
15477
23426
31165
17515
1719
22813
34028
3285
24230
10492
43841
43027
17284
19523
32659
4050
9803
7906
8555
2221
24579
11866
13641
2301
3042
1363
823
513
25437
4461
39290
22157
31367
10408
14005
13051
2214
28183
9867
14638
36
5196
16791
8735
9178
50418
31059
35315
13268
6047
9411
22317
28697
2643
329
24625
1281
9061
3845
30421
8316
32299
6622
26891
11788
33594
21600
12695
2655
21707
477
7
10170
41873
5987
2928
3869
14895
975
8386
15996
31811
14795
692
30509
37494
282
7550
24680
10460
1192
41606
4242
4216
10556
59510
12959
7163
22334
37682
884
9755
26761
20962
19909
4745
1451
8759
1483
12807
19495
11824
8621
28714
6592
17305
256
3626
4296
18686
11460
8881
12405
27091
6918
11590
20141
20495
585
18275
773
16123
23436
47776
4682
12494
1522
10499
17195
22109
4133
22566
13677
48023
1824
9440
5648
50480
1
5001
1110
49621
20458
2491
41651
40177
1276
17532
16290
12854
38800
14067
40440
14633
1405
8070
39990
5109
5284
6245
2882
26492
25111
8
18106
12494
13012
9792
16557
2821
9497
8805
37523
3275
1101
55989
4634
16883
4651
16146
6217
41721
2028
11515
2287
24737
7034
37877
1028
6992
3683
27316
19571
2412
9211
3355
758
5787
57493
16704
43968
13168
30565
30870
37522
7634
900
39579
2025
2212
5657
11900
3687
10049
9176
4646
14631
2175
774
6939
51001
3852
10962
5088
17636
43087
2045
8218
8579
39980
15785
48215
23938
13805
54463
6242
16911
6672
1950
473
6679
49948
17127
1800
45716
259
26802
18066
17729
50216
52847
18264
33158
29289
420
944
16795
3170
24437
20937
8164
9844
9585
2170
19575
34684
32637
65
19643
26
1749
20893
18941
28567
18840
30850
29766
19248
3205
14880
32351
34798
22997
17028
48378
22894
554
24640
2104
4775
10164
10928
1
4607
38312
5094
4372
11074
50295
7065
8584
1201
41436
25894
24804
7514
1677
36330
7107
21255
13069
18374
22850
3807
34013
26568
1899
7613
34844
38840
1541
10351
20410
8133
7058
4547
27293
44245
11621
16831
24433
49846
21070
9531
14058
690
2946
19272
4228
25115
9725
26205
3194
2145
18127
9944
55587
3096
11793
16594
23
22006
810
11830
28044
9185
2526
721
5246
4149
30568
12901
6213
494
49204
4225
703
4510
4580
9262
17648
32805
58218
56332
5906
44704
8752
7842
3136
33152
20307
10156
7136
3038
11618
15426
5606
1073
17150
12181
8568
26814
1185
11305
29245
13407
3222
33920
2309
10784
8036
53539
32138
39278
2586
10230
46776
25693
42452
3227
14071
32703
28816
3085
1803
10619
1386
20363
28593
30635
316
7664
59772
7738
6425
3185
2978
20052
2464
31524
6936
1495
18605
11720
307
26451
9243
8394
14453
7392
6359
4971
6232
3333
32099
19487
15046
24086
14752
19909
32381
7904
10306
10402
33815
6269
4480
15839
1541
43097
10659
15302
2846
6400
3022
39575
11101
19188
4420
14507
13426
11157
10293
6420
27835
25773
47452
4860
7924
5121
36866
1807
104
4603
22999
9185
18449
9536
11608
34230
31206
55894
4649
21409
16393
8162
1423
58331
58466
41329
3828
14682
7303
22154
7393
16411
28058
4582
7662
30156
10738
602
12519
41887
22141
1505
35310
19783
35978
39872
2595
30863
2157
12254
2065
1422
23208
1941
12599
14570
28477
34119
6431
46143
25105
759
7910
15731
26272
4191
2514
11993
5194
32918
540
20373
47346
7441
107
20012
2448
36613
5009
24291
14114
3341
33656
50180
8568
8097
8322
40538
3139
32586
3418
36865
23230
15406
12115
1839
25228
910
25616
3293
510
8464
33164
52183
6428
24371
17830
5190
17213
33429
1442
1
16720
25199
2407
3169
17247
20163
7228
1793
9964
13877
2410
54203
15050
15809
11
44270
9499
41264
2751
25793
28944
43946
4843
28255
13221
5090
7775
4551
4537
46736
7083
5657
9833
39585
10571
7350
20522
33482
9754
3479
14512
3494
32902
23367
10233
22535
10245
29862
34778
1009
42923
6046
16863
5582
24285
1901
23198
17784
15113
15783
4350
7149
7441
18052
10087
9579
21865
30677
3211
27274
7692
1868
4964
3014
492
35533
7565
42504
3280
25648
280
7465
15586
4
3593
2839
773
8313
12607
18792
15834
24056
30397
7562
51942
24937
23813
9830
4629
4784
11439
50099
15636
5839
36515
1968
24408
8719
42115
46216
4493
17191
9420
1939
16748
13082
612
893
15995
23864
27584
1005
11663
184
177
19790
4565
1715
15713
7662
23387
2093
17596
15321
38597
48837
7545
8269
26454
3025
14181
7306
9316
3
1531
7037
24091
3342
10247
14872
41496
16617
17065
24329
549
18064
53712
590
14395
21277
9715
12222
31
9557
2844
13383
15976
927
683
36522
4206
1768
11711
24299
1847
10469
7799
1434
32395
2210
1866
31061
6044
37530
6
7486
16112
1598
37859
15520
40730
835
21045
6006
35353
4309
56296
15406
35890
1483
14704
35413
9
31826
16536
3836
8080
4110
4
58015
28840
30429
700
47241
36373
3756
9700
13330
29142
8627
9341
39515
2888
21296
16982
4442
36243
24111
14068
13430
51263
31377
6373
39149
6732
14143
3131
21579
11734
25538
30618
2454
4095
5321
397
12315
10819
14992
38579
19266
19882
6358
480
8554
2083
43402
21524
14011
18044
47672
13144
6
32395
16098
10771
3109
1618
38130
19734
6602
2499
21816
34130
1365
12057
9321
1417
39551
13818
7427
5263
7958
49329
3922
9317
32176
2774
38067
45248
18183
5694
10647
55636
505
52046
2054
10319
27132
17980
7010
3802
5388
1391
24456
30884
5091
177
4074
16255
2326
30062
10845
13684
43138
24946
10005
15103
28044
1471
1828
6288
7387
10765
12610
514
1
16962
6736
11997
5349
31168
3872
23234
21807
2578
17517
27563
2594
4361
9202
31142
4142
8285
4101
47993
1727
1018
7535
34815
25428
25109
23010
1734
5340
11417
14522
47249
7972
35805
8034
10943
9633
43221
99
4030
24794
433
14218
32515
5491
2253
50277
6145
40081
1731
1228
26886
15708
6338
10807
28502
921
27188
3347
14095
6018
31045
611
37154
4223
15604
60238
16338
17399
17421
6465
10393
41466
26264
10949
3857
11415
31272
6499
16016
5424
8420
9509
40307
28361
4665
4206
10478
1928
29022
9852
34256
33138
18459
6301
25251
13977
8541
21606
1019
13111
5054
263
17364
12745
4331
31196
2708
2342
25790
10
5872
38955
30893
26140
16134
15716
25648
30209
5431
10451
4492
5634
35942
31573
258
8712
4699
7608
34009
3003
6474
36640
11051
8619
327
14516
9530
23976
235
29732
3467
4061
59920
841
5193
21134
5540
20082
9676
16757
6667
7967
18677
20588
22653
36689
2985
1599
5073
21853
4044
4619
17
19197
8848
6497
37295
6849
6538
10276
2630
3817
32307
3502
9781
155
6410
8258
40495
7116
13877
13305
9479
17270
1007
39988
7733
47470
1340
11639
2200
29256
52218
16865
8183
24481
22158
43065
4976
5796
22672
47148
31307
49787
2489
21300
4623
8959
2639
35155
30097
1459
9996
1580
11698
8175
3534
6607
17247
1096
1305
3640
22739
2452
49891
44836
10435
31323
13800
20532
41253
11404
891
37990
5613
596
2836
16791
8363
41088
8850
11066
55682
16116
13930
3060
51407
15770
11213
32290
12470
15586
44216
16603
13028
5796
24751
2557
12711
44543
44448
21829
11324
43119
14
11621
1287
7159
48876
8097
6415
14976
17374
4096
4525
46537
20305
11278
855
31591
12662
14306
2183
32
14900
17466
6053
6879
4434
2095
520
7703
5457
3223
6348
8407
49429
7447
42327
11302
4
642
14657
5493
8323
443
12993
19521
5849
36616
6819
16156
3306
2216
3595
10658
50007
4574
8944
10172
12497
1935
40775
44418
12584
1554
545
4542
11293
2908
50675
19978
42770
17950
10565
52713
4767
56487
320
3432
12697
11519
9493
14646
53811
23011
25
329
1906
801
1
29812
26326
15991
13825
3530
35102
30267
3113
6379
18971
39255
48968
9201
7991
7848
13632
4889
9548
29368
17420
505
26920
30027
7863
40648
28839
24778
188
5339
14902
2
24547
16151
15073
15598
17787
19066
9151
13596
3704
32519
2787
45016
19262
23706
4464
15011
42642
23491
4090
15526
22488
8403
20686
17077
7010
17231
10233
4751
39232
21404
2442
491
13957
27730
55458
18026
3700
35190
8653
2255
10285
4276
1192
19768
1494
3176
14929
279
27594
7800
27717
15133
10053
3477
3820
43337
6051
30455
1683
35019
874
15183
4
443
16773
10877
2995
39985
18103
4786
24694
13818
1166
21377
26852
5663
10761
14366
22250
5884
9305
4476
7394
3578
25855
4315
33045
17539
9967
8246
4863
15772
32906
6722
26387
5244
30961
9401
4817
1632
608
175
27346
3586
20256
4020
18900
15779
9041
20849
38930
717
47543
23261
13799
2368
12817
13487
1737
45525
5
33850
10334
1165
33619
24770
33933
521
3984
3374
471
19863
46357
21699
20190
19090
27010
10190
4580
11396
31849
16842
16006
11983
22690
11027
34943
3371
2605
33893
23715
48409
4518
50838
14467
4414
45931
22102
5041
8654
22808
314
3145
4
6575
1383
17822
4159
23925
2446
27483
22390
8194
26672
8295
3544
13869
22837
34204
44320
18660
2952
17496
18246
30979
10375
38809
46059
14822
13632
21089
5435
5108
18799
12033
15897
12933
39612
1682
14937
24126
6176
16916
12890
19164
14682
47525
29418
5199
577
36757
11357
7712
1499
15451
8801
16765
12598
10246
27973
12807
11966
13634
36674
10455
18773
28243
3718
6387
13599
2206
12766
37140
4130
60151
10955
266
34367
15434
22704
15432
17816
17893
23763
52761
3069
8305
16186
307
12383
4411
6280
2997
2943
47080
7753
20542
3231
21
28774
3917
14809
27846
2621
35510
12423
2590
18593
31404
15892
15535
44
3620
21360
21715
18160
3207
15988
12321
3427
2990
38308
37171
10120
246
24041
35745
29335
4027
20284
27649
10127
24492
17676
3850
11842
17020
5286
8746
11175
11017
50502
9305
3027
51287
12427
4912
37572
5841
22966
26124
20601
2458
14
1574
11023
5806
5578
8755
39656
11092
25311
2612
8010
38934
31584
6407
1115
25193
37768
4091
12177
22020
3395
47385
4987
14077
29583
4858
2318
387
2748
219
10797
1865
8289
10328
26857
44093
33200
22355
15835
13443
828
30403
1165
177
16708
12895
2893
1993
20112
12931
4155
36537
2641
30362
29635
6439
24848
5
15013
3877
2
22455
16793
12231
29327
9922
24953
649
12679
7474
20127
13500
29083
4470
22848
28856
18277
186
13570
15018
22738
3747
309
266
16905
14412
2922
4439
19190
32543
1503
21632
36904
54573
3948
12723
19683
619
6834
8079
45292
15095
15920
16874
1506
13126
10543
6763
1
56464
4253
15473
13831
6872
1385
7833
14303
1
9500
31875
23485
25274
6195
13236
27709
6261
40306
8931
35476
34854
4044
11887
41743
22365
4568
28615
45191
1697
36684
27399
8679
17441
3044
18796
55915
51475
2965
9692
15791
101
12228
1883
33289
8837
8503
22314
20653
5422
27097
3335
32832
6493
31043
44760
15816
37733
17983
34595
25460
2885
3811
6104
1178
21463
9061
11628
17517
10457
45728
41062
5586
10283
15070
3666
4210
661
3438
12150
1788
30380
29102
21076
24837
3603
48745
21070
45964
32537
5908
1733
688
27181
33576
20238
22762
8168
22219
33096
20524
49399
10853
6946
2718
14860
22685
29627
43016
2760
11757
25888
27392
5113
21514
10220
7468
37167
10143
27377
11436
9563
13953
5708
14006
19068
14029
3695
31491
43365
33977
46767
61063
3553
560
57
2892
2129
13038
22711
19
23708
853
19798
4293
22461
758
10160
16911
25303
30432
7874
9726
22409
20960
19823
3680
9274
9552
7337
14899
11331
32703
28838
44961
4078
4568
24906
7853
42353
1282
5922
34373
12017
10843
27342
2870
14372
1704
32657
7016
20479
30795
3451
7704
29610
31214
4275
30323
14328
27500
20837
2784
14523
56026
19195
40886
6389
18332
26539
57739
18039
6444
14622
18592
10846
28278
21150
11736
27153
2109
6202
16834
12348
16742
4837
7675
6796
27537
7442
12606
6403
10650
19054
3201
12274
2686
34999
1581
7119
36021
25885
87
15522
3401
9
8703
2908
17994
1314
8902
15975
14768
12520
4772
28796
864
4711
9447
3161
11886
22690
9
11652
5001
5352
25799
24711
13840
10634
12262
24256
32594
12529
17064
12083
13129
39419
494
34826
8338
1711
10464
27140
19253
41457
11552
10577
4394
9682
9045
12105
23620
6278
367
33469
4432
15826
42745
14903
31831
33132
771
22597
46983
16210
14076
1997
1540
8
32170
9761
21306
10652
4449
6485
4212
1613
1095
8453
18235
19097
37683
32640
3365
25830
60599
28681
35934
4968
1737
13013
28182
37698
11905
3575
6275
7107
4635
16799
1
55016
32277
28828
9790
17376
393
18
10804
10564
18301
13114
8183
14405
21119
39040
958
9595
15351
36475
22167
14222
8737
23833
5541
25389
27515
6975
9437
1944
717
556
46421
5350
26635
889
14576
9397
15024
24596
43655
4954
20323
1162
240
88
36633
359
15239
41705
3633
9870
4052
24720
24003
9106
32736
7345
43443
29945
5697
14371
10820
9341
2
20376
47148
30605
4076
22080
1545
23434
42795
58103
3970
6685
20473
10591
37737
3425
44429
4558
5319
26852
17964
410
11000
666
26849
21956
21097
15584
1810
421
797
8393
19498
25742
1034
14330
48080
37107
4289
8794
57585
5470
9921
15839
19
1648
31349
25030
16889
255
24035
654
15659
1418
1992
34944
24357
47741
4366
3575
35624
31758
25059
3231
8677
337
48638
39621
16416
23713
1293
14466
20504
6793
8498
36939
15537
22696
48273
6887
14363
27791
585
36188
26
1519
3439
13021
22239
2422
15823
566
33866
16854
28930
7941
31525
43583
46259
662
23142
50323
1494
5252
10840
11144
26940
5094
6193
3011
1784
7278
10160
35391
16408
7309
9188
19893
13843
7829
4139
23983
47555
4673
25443
26634
4343
39769
59804
1519
9586
4
1689
10693
12179
35297
5432
1220
29008
18313
4575
14117
24
25115
26246
30815
15849
5140
34184
2464
3062
5098
16719
8889
36407
702
7843
15877
24509
460
1990
11014
38744
4258
5816
978
16153
22118
17614
6419
17102
2609
3
649
7716
2612
1585
37909
1601
23841
7901
16809
35596
17897
18941
30159
1263
2645
27316
2517
39232
13155
9411
39766
48778
4177
477
5861
1
1
748
33111
10906
32014
17183
2744
9726
8908
41745
40967
32898
40456
28389
28060
3833
197
51974
37149
7992
37469
21867
18684
30278
2695
3017
5551
17902
38888
22095
12577
1419
27712
48774
743
3743
19451
18752
1197
7859
51815
14455
12314
65
774
1559
1848
2456
312
26675
6266
3857
7
39442
1141
2103
28626
10713
29417
17796
33967
23539
841
1318
12117
37445
418
9036
43769
3229
2415
28017
40799
4907
6008
614
21038
36654
843
31449
7
15408
2583
15732
11997
6336
17130
3462
1545
1114
71
8575
19334
389
56769
7124
23530
4876
2966
14505
26366
11316
12062
5280
30311
8932
18962
14079
36736
865
264
28504
4807
16251
16805
5373
382
4356
7955
32332
11210
32712
26688
49914
7989
32119
19348
6140
13301
3025
28542
8
20880
4199
12604
10038
5364
34835
7372
3404
1386
380
22
8220
45702
17534
26105
7441
15001
14696
12657
5423
3809
3663
37371
2738
24153
7648
1720
462
20687
23854
17454
36141
4820
3820
2290
14978
47505
25269
17658
25336
13093
13449
10517
12204
21888
1
22900
22890
20064
6155
12411
670
17761
6716
8928
23874
34088
2801
15255
6145
197
11576
28084
46828
11050
18445
49271
15682
2686
2182
10223
4352
43588
1071
12
19778
40764
11526
18920
28231
48054
21324
353
25870
23075
7054
28313
25365
10942
14995
59713
10398
20746
21005
20118
45163
7989
2362
14532
11814
56141
34217
27888
7562
15170
18010
1879
30886
2007
15809
13487
7744
47527
10979
13786
10799
24938
17050
14070
21215
44172
11188
24569
14444
14437
13479
1617
49881
5122
29424
22036
5907
4026
2955
4986
39638
2070
3069
291
1456
10627
989
28488
21241
9695
26213
18877
19520
7077
2982
16707
6971
9019
18952
26728
6103
1505
15817
5613
19158
10905
27877
11140
54042
24684
20784
6577
17986
15498
13879
7155
32828
44627
4491
8997
21912
8012
15629
5839
8216
27701
25315
11883
41318
9046
8355
7699
31677
5003
26574
7129
9327
12218
1039
35246
3449
13527
4549
33111
2280
1719
2633
19265
8460
31494
1644
17312
14561
26577
4650
584
25708
666
6376
34105
937
15631
27822
12480
29905
13694
20341
7293
10902
7266
15154
17544
20067
3614
21718
46986
4176
41167
28496
26352
5516
37663
1367
1078
2842
20290
10237
2144
17022
42503
32318
3616
20499
227
14148
8301
9713
2644
11682
762
14908
38182
4035
46773
43751
4095
17742
238
18538
14928
12771
13709
6477
5284
31618
1843
7964
2605
16567
6354
15233
16362
1412
6571
5089
10785
15927
23908
16208
36858
8723
29298
13574
33292
26646
5617
4
5997
26341
2507
5953
16411
2367
9833
18807
29702
27691
2422
2476
34381
11192
4018
59387
47241
10078
7945
52830
22114
26505
4027
32428
2379
3275
6446
17669
5426
19429
8567
12696
2667
19678
5241
49676
348
20448
35568
6790
23659
4
2591
24533
300
29730
6646
21766
1772
6877
14813
30314
53299
5903
4505
9747
1490
1626
48207
641
31447
2990
7301
1462
10946
5
18513
12587
23302
2929
5056
23495
13488
31908
5275
27089
2108
6205
41230
30194
12720
6452
5306
29124
6364
753
4083
2687
41689
1825
43
13987
38107
14436
40620
4557
9428
7307
8485
342
29485
38909
48063
33794
15884
23859
26689
7113
12683
13452
9115
25143
14267
9890
10468
5732
10931
2776
3795
554
37988
6162
18636
21028
10960
4940
55572
2574
20436
20871
18517
54164
9837
2834
2093
3416
17204
44868
20197
37520
2853
19390
11159
24272
105
9967
10565
8004
6615
55298
23871
6872
18711
2914
970
6810
27520
30841
13404
23426
8095
19636
35103
340
10119
14621
3941
9019
57098
2411
55728
14798
15095
2634
55983
33067
2223
21910
5567
27466
28970
44576
14277
15468
9029
12907
18209
8408
19985
24976
20601
31523
316
40608
7957
8797
11779
21004
13514
3412
15886
1469
12961
17026
434
6269
37768
1513
18862
51418
10653
3798
30064
6869
42191
10315
4571
35138
23908
785
3888
42532
41193
19970
15725
24926
17334
29102
49908
32494
32433
10040
43272
37855
44366
16015
4099
17942
3725
12315
1860
2998
16246
27264
562
1485
15877
41463
3508
41701
3169
23654
56247
23
1713
12739
2
3738
4864
17631
6510
5275
23553
40561
779
20733
32868
4844
3180
26006
24715
26474
593
16263
11224
3132
230
13540
15455
9308
4737
1005
4391
13771
13927
44658
51295
2788
4517
4130
17
1842
11383
27192
5190
17180
11480
15728
1363
36214
42093
5588
5241
21536
10031
805
21080
16265
222
9581
23780
2644
7087
9322
4145
7319
6008
3512
1
10465
3685
42747
8223
4366
37403
3477
25383
17308
17422
28058
39226
48079
32063
2879
3228
51
102
52314
4472
2974
4097
6004
5410
29212
4248
35691
4262
31762
3713
1732
118
26197
6974
3078
21074
18485
12213
13499
19265
48410
8613
6745
927
1402
22497
704
26464
36708
17292
4576
6648
59991
5362
4799
5538
50873
3
2053
45192
19824
54036
10454
9191
67
19185
10134
10587
5867
26361
1039
25671
19010
1363
18468
987
37153
12714
13131
16271
16499
10999
7870
15392
40122
1516
9
26561
11705
44849
27909
18279
23020
294
2527
38487
12026
5095
9533
13244
11779
5362
40888
9167
7038
2681
441
29442
2548
32951
16253
10364
22956
14257
709
4207
16210
1874
3703
9093
1593
9456
13263
16384
2207
29822
10690
8349
24378
1
27047
1082
271
13818
20056
34814
24713
49218
7269
21399
29908
8609
40321
15934
48430
38570
21929
4327
31763
5107
21616
28404
14003
4796
36160
1932
23176
14381
24520
474
9797
3917
31750
21697
11758
40247
24596
7194
924
59573
4488
16
20806
8191
1
3137
4117
21077
10602
62001
33319
14711
7351
48095
21776
5740
6979
5657
19261
27973
3393
20307
6122
4037
47236
10106
984
9474
4625
1732
9015
1999
99
3292
2359
38456
15456
14552
30680
9684
19400
12592
35357
3026
43348
57538
339
2585
42943
1689
35629
8045
3875
37170
18462
13754
1913
26413
9701
10659
8662
48123
28972
17157
949
7221
34071
12485
35158
9137
5807
2913
6926
718
45017
16167
6598
7368
14279
6725
1621
22
2100
24605
15434
254
36977
22488
7876
10074
19950
14212
17630
27443
34394
827
16612
32791
40340
28307
21419
7150
4187
1481
17284
782
482
1920
10326
11095
12348
14909
26543
51787
23255
2336
16706
23854
40860
2603
8520
11175
5110
455
13773
9753
2691
3178
2361
19322
10442
9410
28829
4929
10068
4351
12979
16928
585
7128
1
2820
13203
53190
24031
12774
2237
2800
13549
24814
22841
22814
9802
604
3918
3971
11886
13817
500
942
32312
3615
6601
45954
353
1231
27910
39295
20332
17102
35116
27501
6062
1952
470
6472
29238
11452
10038
26497
43325
493
58797
11553
35584
15932
4290
21413
14220
13291
17533
17142
18
428
27332
42415
1102
45922
10458
28549
16444
36908
40203
30694
1111
7162
21745
2915
6083
4155
13214
56576
5655
16103
1898
52698
16018
41331
355
30113
15072
30691
25142
293
336
18164
3092
8985
1416
17503
16544
8193
45058
1833
637
20873
20239
23525
15529
19441
24007
988
32365
31241
54981
1708
36245
15185
19835
10979
8367
5983
12740
21305
3458
4201
4942
25641
27388
15805
3
12692
1328
854
628
6
26539
18307
20795
14921
17321
1646
54279
17652
2109
51657
2484
16127
15404
7390
380
3856
14267
18802
1815
10319
4981
6912
30068
14653
6393
6282
23979
15703
43028
2511
18504
33358
11158
27692
47737
24994
29722
17028
15693
39261
12582
15974
15395
40277
5258
389
1
1281
1071
51719
9508
15604
27623
8593
15988
6283
12265
13726
7233
3280
11092
2008
5569
7897
9272
21512
16241
6108
25005
15689
3951
11807
2046
3669
8363
7318
1158
6711
34520
3334
8748
16802
20026
30193
38815
45665
28447
170
35627
7369
249
10404
13207
13897
7219
28423
28385
39733
21243
12086
21903
27007
34488
18200
5120
14868
1470
18658
7629
9037
40018
34854
9727
1878
3897
20810
8799
25398
6526
27172
399
10567
3582
2118
16759
5788
20
13930
38754
24810
23261
16988
12896
16833
5794
12756
10557
30446
22680
8944
14508
12025
1214
30495
23301
19789
4349
1036
16319
2
8518
11629
10871
11995
7657
20490
28496
13057
680
53331
21672
9764
27969
19306
11511
11544
23732
21308
18518
1926
706
51205
744
35959
30569
530
40802
2897
5690
18952
59
4664
17980
16558
10399
30168
47832
52293
14015
15160
10623
1641
2846
10345
3131
15550
3207
1117
25594
2404
21904
9125
20271
9879
9510
194
48206
4804
8087
48678
57091
37568
31986
3686
6219
15643
2406
1194
5771
2620
1749
423
38099
33658
423
17284
26398
10612
22247
5
17188
36710
499
31
22295
6676
30902
16
21680
27695
53363
36960
23438
295
9497
19215
20353
305
17958
22722
593
1295
11077
15999
14122
172
1821
11482
21972
13277
13761
9951
20193
4677
33078
230
6205
36126
11207
10263
17966
4091
30617
20874
14888
34497
48591
1494
16736
851
19660
13479
36511
12543
17263
5289
13992
23869
23774
15052
27542
3223
289
369
25032
13464
2658
10672
317
44485
1687
864
21546
41568
381
3190
15996
1614
36443
32388
4114
23390
26898
31404
23636
9591
13422
16817
12382
16303
2501
4055
16931
10696
34339
10442
611
1059
37215
25991
12759
3503
4689
50996
8339
12094
16272
3471
10624
7072
41746
27893
909
9
25695
306
13979
13646
33437
6625
3755
10940
8686
10849
47115
396
7810
18852
2791
18595
11222
18141
6187
34390
16297
12098
3130
16235
4335
2886
4
10237
6376
50253
3
415
20887
39125
17592
365
49869
12324
1747
20984
4019
1166
26340
14846
21279
2309
2034
6844
12521
1322
7088
13167
13985
2285
5809
4062
3549
25091
15086
2836
21634
29172
38199
37556
160
35683
50576
50774
14988
10640
847
9237
28894
40729
782
2019
1446
2477
41355
10588
53220
402
6875
547
49617
46069
12361
23122
29215
15264
9599
15848
8816
4831
10905
8372
34874
2001
31284
12187
12114
23639
5746
20105
36502
961
7081
46216
11594
26973
28615
32857
6
34031
2810
12041
8272
22916
2453
19661
15949
23907
31082
8945
4320
43159
6907
41650
24355
36458
8386
26298
5260
50
4512
14309
17961
41120
40426
8068
27561
35306
13460
24195
2039
21873
212
9415
8046
31579
20
6571
12394
3023
29164
9694
6001
1
22034
724
22
4845
17495
11428
28048
5253
10117
13048
271
15229
24769
6999
25912
1030
24357
5216
47390
44628
34916
29250
7473
11500
41443
35937
12398
12035
13980
9953
32307
533
42702
9802
14174
23340
25901
5759
7387
25010
4024
36631
13860
4
16591
11634
1387
8545
4143
45675
15352
25395
12955
1318
29039
19489
2157
25547
56951
12176
28017
11823
2641
3044
3519
11441
736
10249
33019
6149
4701
20144
40731
9262
36310
354
1041
2269
39088
24068
33091
26359
42935
22638
4707
2636
29863
6016
20179
14874
3115
27581
9601
861
731
54961
6367
4642
25486
2362
3787
6753
21405
13691
3976
18192
2682
13144
54596
8933
32261
59575
11374
25
1
37240
20330
17312
39141
24909
487
32703
2133
25496
9845
39567
7006
51371
8044
7606
1
8493
306
17185
1030
3041
3329
6039
780
18736
2209
2381
2750
12919
12315
10691
2267
1582
4833
49502
1253
38644
32461
12072
21323
7924
39846
1700
28906
19599
14348
6938
7986
1581
20495
2065
780
6144
10713
4797
32013
8206
3139
9601
9
27902
25983
2972
32779
1212
26979
17292
5089
15396
9036
26101
47733
4048
9793
3634
20607
51338
11298
8513
47443
58349
1299
30339
5540
36536
4129
1511
43230
4626
30864
6840
10021
2011
17690
4084
2235
14909
3114
28842
3270
953
10401
25564
834
36515
7877
991
25488
3535
2709
33954
33420
5094
1045
16793
6580
44
5370
2689
26920
2605
2967
5
37732
30955
689
12945
2471
44908
21761
10106
10211
41511
8333
12926
1838
36902
5966
18492
18479
1318
6201
52458
2998
53267
46387
3856
2903
42602
16341
1215
19591
2640
4439
20855
16704
28882
4672
45359
3217
48517
27187
55778
2272
3979
15272
6220
757
18481
1079
17831
2992
23746
23414
5639
9788
29756
21037
4809
45
39456
29575
3355
2347
9793
1046
9345
30680
12571
12855
58339
52471
8733
50454
54981
36987
49473
3406
1316
9841
15105
7824
26
4042
31181
637
5077
891
4165
2355
8726
6727
14134
1956
30203
37430
493
51151
679
15752
7831
26011
500
33456
14554
15870
19638
4489
3414
20530
2171
8910
2
5065
40322
1750
3748
11982
4700
4241
44129
25
57355
1718
30963
34076
2520
27427
36510
4791
3236
9865
15922
24199
7442
19904
3912
13337
40405
6723
24587
3524
9124
24665
11488
15310
15479
22759
29034
17716
26506
23866
15379
16718
13004
30954
10859
655
23706
12539
2299
2644
6494
30810
7043
28723
46960
564
9327
26027
2000
43038
12402
9636
2989
50472
25303
8294
15565
21727
10375
1725
9384
21785
32676
436
10620
28277
13768
51318
4991
5911
842
16786
22924
19137
11507
24639
3394
46798
12587
13241
22460
4635
3180
18371
45869
5541
1036
29976
18029
19124
106
1496
26811
12047
6235
10240
6265
15183
11199
14094
19350
43600
5048
447
12615
2484
1349
2498
19009
3032
21701
6812
5229
20327
6010
15446
36858
53160
1188
5899
1233
3326
15579
2484
7405
1566
2698
24115
7072
22421
9220
6367
3078
17552
856
742
29457
17257
21013
573
7709
4654
12871
30431
35865
17294
8777
16640
7557
41716
29804
7664
12229
1410
29690
3295
18759
10876
8209
22795
11883
24259
24252
25031
24580
18962
7977
52490
4468
52165
7395
19381
2758
3233
12282
14864
3034
58762
15742
4883
35202
34555
33520
350
9782
6593
46473
8675
5156
42908
8040
35963
4187
39335
51168
46708
24272
21023
17567
8142
7409
9294
1466
440
3386
6081
1844
24005
10971
42110
372
34427
1505
1292
3364
34611
2225
39532
8428
48483
35201
3168
30372
6842
5021
27035
6120
7524
29164
1021
3653
6527
41756
40512
2629
28943
7822
903
7
2042
17058
17635
9424
34708
16502
18761
9641
17960
28022
21610
41146
16861
18180
14793
23398
9949
1251
13789
16507
33177
11052
17752
58
1895
242
9018
54290
2108
6789
44740
7112
19704
3708
26942
5907
36510
18332
301
1118
33077
8149
35039
3302
12608
11556
8155
125
19875
15630
4829
44935
25500
20944
4178
24379
13233
50749
10856
29543
1772
6284
4079
40624
3192
6068
5416
6232
4308
10447
18607
1847
1
7696
19121
10993
547
1
1668
9938
29948
5644
2833
14235
19340
28688
12104
16401
21660
3857
1478
37651
20
8274
20966
35837
3772
7763
8259
24308
1501
4061
9802
12098
36437
14596
11361
2635
452
42952
23837
55632
11276
13234
32358
22017
15194
1356
6279
9474
17341
19355
20872
7132
8
2935
8619
13378
35556
23
39263
14428
24998
3
6185
25867
49093
37102
28484
44345
46338
500
36882
15571
7
11091
2257
5846
8166
15612
24765
17780
1
38509
579
15675
3494
45031
7964
596
23923
13958
5632
35791
17649
24403
25106
10906
5353
9481
2641
1224
43018
1338
3309
6054
29502
16643
29553
278
4258
37356
5963
12388
24672
15735
42973
2154
34311
26340
6142
46621
55803
40353
359
52477
6297
11504
14814
6108
17088
39496
3674
8074
9316
1731
23362
2655
698
1
20755
19218
27633
7
20424
12098
3747
15277
52442
42264
28547
14916
38713
17277
14949
5777
52212
16545
23557
38135
19124
11766
29990
12572
4539
4231
20982
3262
21
10330
7473
9442
5387
8286
8962
3877
13614
8749
2776
8641
9319
4051
6212
7291
4362
238
6334
17902
23099
25924
22528
31451
45906
51230
13238
8940
5542
8615
6977
8661
1743
15986
7894
55982
2598
52659
37824
1014
5
8148
3527
43244
246
4569
5219
43007
21976
22452
2
2
51364
6892
1047
7705
16995
13196
4105
7190
17313
15822
48374
37016
45675
5450
2706
4182
3644
2301
9290
17287
22129
21187
13444
8510
2382
10816
16941
13460
1273
7185
11228
14309
25889
576
29123
40576
2
23
24671
1750
3803
34295
5195
40527
357
13815
50476
19887
2486
24811
37289
4890
9561
7411
26055
54065
8784
10086
35462
29324
25653
1
27569
51366
21924
2186
14986
716
6697
994
783
21741
3126
21464
2205
33014
3523
22319
33215
16655
30661
3108
22185
3245
10500
6198
383
4652
38246
11658
13410
1036
19424
16929
22838
4932
54823
24120
1411
512
27886
9323
1311
8333
34687
10210
53405
37929
2802
11486
7626
24563
845
26832
15105
18312
38980
1949
2579
34440
2495
20742
7163
31471
19823
20207
12281
14973
1826
37823
1
15691
24499
29729
10639
8015
26373
39451
1278
19713
12120
12992
543
8068
22325
48609
4773
13274
3959
554
866
14494
13994
648
1992
2187
29275
3851
7318
47112
26859
6082
21175
390
25667
22245
42265
12618
13640
6666
40937
29
38128
29254
1069
52854
8744
5814
24793
8686
5
165
11751
10883
532
18936
20763
7284
20831
44
31362
45678
5433
6454
16313
2549
7508
268
2175
1738
4241
35012
13690
2209
10787
3169
22
30350
1196
16513
26099
23786
32969
764
10850
8733
45931
19679
22432
932
2076
22686
17224
7499
39472
20856
2818
14818
57234
14229
10776
14198
21298
8782
13063
5518
13559
50833
18769
4881
28750
18174
8
18229
25092
378
22327
3794
24675
1682
24395
7672
8234
22552
19928
25048
21892
9317
39199
7090
1836
11867
20540
43210
11093
2046
11648
31107
609
42686
19668
6272
1542
1308
5225
41498
46231
17051
1383
3278
7925
9401
17823
39313
6777
2220
8723
30362
13790
1647
9001
2681
9845
35932
15224
490
3079
8299
41660
4473
12531
50973
1459
2239
8566
20647
24250
33694
10470
33121
10554
5670
8520
1961
4260
18165
3269
6900
14279
34419
14388
4031
29180
45473
908
32804
1811
69
5314
31713
6899
43042
17272
28852
7447
11879
19236
3030
2959
2343
4963
27993
45791
816
18568
552
5197
30493
520
1845
8092
21123
4435
1141
25364
26986
24120
62613
25606
3376
2353
39232
9568
4483
32128
11719
11926
3516
24234
27806
30299
25882
31140
12490
2196
1068
17833
33368
11274
8372
2217
25099
17901
762
698
5386
8758
9869
1142
12412
20461
25545
19712
6036
220
2456
2944
13354
32285
1369
9973
14055
6788
15762
2344
12556
11716
5445
1581
834
263
4399
1770
10444
1573
8084
8054
4
14768
14308
8782
7
7941
44972
3099
24445
36542
47860
3819
37446
21007
9765
25948
47815
1373
6143
14617
3718
112
23750
38296
44029
26008
39978
3060
17976
19889
21133
7498
8014
4413
35244
19728
24413
767
39036
2351
8449
26879
2225
3335
42
7458
17
47608
17927
29890
12678
5786
32640
21247
47131
6726
58650
20086
2301
33004
8373
1523
3356
2293
37301
19621
31296
6709
24208
11465
2317
1000
2077
39151
19159
11891
8648
4323
2869
5319
21562
4137
9476
10370
22740
1746
32322
9240
5749
3105
9505
13279
12567
34470
41823
1575
51286
12043
13006
51558
35899
12645
6505
13386
12521
8672
13150
20705
20496
29792
35103
20984
45025
57568
1184
18930
42351
11684
31009
32420
13353
3162
1132
46083
8780
6482
21429
30950
35671
2122
2153
40620
15325
874
23270
13838
2832
30565
46584
43177
1353
24576
30920
37701
17558
20576
10856
6318
8698
9493
8500
33933
9145
1309
5157
17018
5216
23153
12325
9119
13682
1884
11382
19815
5688
54579
143
238
55753
7556
666
18089
3209
39551
12432
4764
1603
23210
9121
58961
9712
24631
4664
1719
462
17047
3299
38024
36446
24014
22981
2098
21376
984
15395
15935
1179
30356
2127
5800
1129
25449
1783
3648
9974
48491
5500
9391
36100
799
21230
965
411
9304
4686
1519
3908
5326
29554
36788
13758
9308
20792
7153
12683
10356
6060
2363
10564
603
2043
15090
3880
5076
1938
21141
18
16043
11104
18403
11990
2326
5622
38006
13649
8337
25304
9876
3275
2162
10456
13184
12243
25717
25876
15916
6649
6685
7370
23059
3161
20032
225
34819
27017
13208
30170
24793
18817
8514
40777
3079
58965
2344
11723
49877
2623
25878
2155
35773
24820
22779
18642
5295
2827
4325
32951
43615
10461
22865
45061
1381
9957
37003
7363
3781
18452
7450
8670
38759
42078
14102
14842
1927
10970
59875
1520
4426
44169
41397
43283
14724
12143
1099
12534
5402
17484
2198
1
18752
24852
51010
7148
10791
5793
3644
2603
6600
5502
24342
3992
4892
34769
11333
32001
1313
7822
10866
26996
6553
1
1450
1817
39488
11655
10979
13416
2723
14878
2694
32559
17286
36898
2580
16194
19882
3424
6969
12930
36574
27185
12932
788
53413
5
2603
10537
11518
35291
46166
29710
8008
4761
3101
7229
10152
1766
7959
490
2420
33435
4197
23163
21978
5660
48555
7228
16100
4327
55302
25058
1777
1911
2559
1138
482
6368
2241
26198
1726
21065
29302
8433
17786
23555
5823
33268
5055
18658
7324
33131
15780
23
16186
7691
4821
18465
20935
31241
9
12474
35963
11898
13997
22657
26974
4435
2607
30050
12286
63
45972
21
3074
21895
30539
21303
24620
9606
24341
1977
15199
4
15209
5878
19228
48121
337
32829
4443
4323
1481
11396
2669
38642
3154
19062
1469
35231
9682
30272
11765
36672
1525
18813
19166
57403
21713
13038
1
45162
36308
33624
27716
19637
17763
4647
973
11676
7752
7160
11565
1205
22306
29694
12109
25910
29676
25571
8506
8324
50391
650
38567
21881
16917
10878
4518
26196
7068
174
38354
22501
35755
39572
18914
7420
5900
9391
7523
5122
7643
53671
11317
21185
17038
918
215
14395
17283
12193
5847
2263
4769
5322
12988
3091
4704
2263
6204
23064
8561
523
5550
7136
460
29310
36835
4685
6847
9293
9370
7505
27216
10339
358
6601
771
2446
4814
2636
4642
1793
13
27619
5545
29201
12099
10478
4793
21300
37882
672
5670
7172
50954
26975
4978
8233
49256
12537
2437
8080
1352
12012
41265
13242
1785
14194
24202
35680
36306
1260
24396
7117
25405
6418
2461
50131
22359
10864
23498
4420
31995
17574
19820
4444
33837
33788
13590
1578
6724
9840
14081
18236
3
2916
14215
4483
11072
6374
17367
25731
21734
25673
26729
26189
17867
18499
1774
96
1633
14368
775
1406
11146
1431
9217
41907
15106
4615
3950
33479
20541
10811
13766
21542
4432
31590
7624
2165
18202
33161
14186
9444
8763
37534
42429
11815
27260
601
1413
13583
32749
19840
2467
30616
2938
3372
13215
51183
10906
19254
30847
27775
3622
2824
17106
15363
12379
45836
10762
4445
10332
18812
6943
22010
34752
5481
4611
24510
36776
1969
1108
4679
5697
2
2187
13342
8634
17298
19382
3550
211
47062
3855
28218
4831
25164
4451
47521
27298
17786
10136
12433
4931
11721
1854
4664
9761
34534
11438
21684
10718
30939
30981
13438
1
34946
9133
6116
1375
11678
23966
18139
391
4339
33757
13227
21924
20547
31660
25610
8187
29437
6
20737
1595
18010
17163
33798
7476
30120
13455
14426
4576
61982
50449
3123
11880
11929
34280
10093
3327
29218
4069
7070
53120
5075
51874
1279
5116
32513
18636
27185
38542
30673
2891
2
4756
16926
15713
4257
19435
27044
11947
3088
43108
19841
16457
12284
1016
13343
4080
7875
31164
3599
13058
42569
1
35711
24857
13472
14907
25582
9621
4833
1000
37619
13160
49596
39125
13
8260
3987
360
28632
19700
17394
22802
1495
44478
6461
17430
2969
25546
6881
23
2562
3080
52018
22207
35936
2041
15980
10636
23383
23513
4014
19827
34095
2916
29517
12969
6402
920
30426
24251
20613
14498
24222
24146
9560
797
8038
5468
8
34406
33706
4958
39230
15308
8573
39396
2728
41476
5880
29736
4223
2770
14996
14762
9791
31468
12536
3999
10705
1695
416
6673
14686
5288
8992
3770
39072
30236
32727
6640
11000
21091
5599
16157
22069
4870
2677
25373
4146
23861
57822
35989
37446
27131
1279
8130
12431
39571
18597
39453
9673
10820
30987
17989
1177
30913
13215
15990
1043
2478
15569
21627
13927
62058
15860
36477
24225
2726
12533
12828
10222
9049
7451
37742
27992
15325
9432
44788
15345
23913
9214
13631
27629
3101
26017
3454
2416
1645
917
9131
4844
13289
8224
4663
6692
5159
8156
13768
15304
37220
4802
32675
29619
23092
5538
18717
211
12380
57132
12835
3566
14433
5373
13473
21601
12747
26041
46855
2919
9066
16228
20084
29121
16456
57974
1633
14254
24711
23763
5365
33160
4253
8439
19904
24794
26237
19097
4386
2052
32168
43029
14752
34882
4194
17265
37009
10796
18746
21021
23643
40957
1650
2089
30915
23899
7137
52037
13324
13945
48979
10905
994
3045
5394
9316
48485
20686
53734
11506
988
915
57
15017
75
6402
3054
46171
928
3262
633
24811
26174
9866
7651
19468
5255
6550
31140
34808
14215
11820
25568
409
10583
10373
14329
2864
30317
3536
29347
10667
2531
7784
8587
11329
8825
2965
23828
2410
14924
24192
1818
22246
11503
8342
2188
66
4958
47835
44267
37083
4229
15525
32926
3064
15023
17956
10838
42620
23685
9441
25810
1843
764
14442
7104
15170
9096
9353
18524
1106
25727
3469
28747
5289
4528
12086
45862
10000
3046
21745
20007
5271
29333
23188
276
1360
20533
2633
31275
40143
8986
25228
5554
23685
11645
10009
27766
18888
5633
13225
39026
36574
9867
5577
7670
34652
1
1765
1691
8091
53180
6804
35595
33085
24867
27477
24772
2434
16938
20019
52511
4704
15053
973
14635
44513
2527
52939
2589
4288
1697
13375
4976
25231
35529
19682
45893
18811
614
25608
1840
22383
12388
1591
4451
16037
33798
9671
9874
25499
14481
9506
458
10019
18914
5115
14423
23322
6263
28393
45004
19464
63041
25021
9011
32031
11990
1
2435
17237
4358
8069
30576
15812
2196
1850
44437
2044
24197
8163
44561
56077
18721
25665
541
8903
6676
22320
5527
22755
52394
48537
16732
907
1214
8315
9510
3852
6222
3209
22185
8020
22692
16898
12997
34169
288
22288
66
29445
13586
8339
1120
42780
18530
3365
29390
20015
27561
3075
17003
48828
37062
13118
45831
49580
3172
42123
13490
5836
5455
815
46459
3492
26634
7884
29959
46491
2515
10500
10597
8697
441
62632
5396
8951
854
2215
33374
2829
10647
45568
37871
1621
990
8231
18205
33945
53075
36777
12469
22622
6258
13740
10200
9492
14537
16551
32536
8685
366
11003
27541
26923
33476
12597
24019
21044
2
3422
39937
39782
1297
25790
3173
6637
25527
22345
470
8267
25979
48532
2661
13047
45910
27404
2896
20271
28467
16494
56448
20607
2071
32391
2677
34121
34657
6507
15254
2902
1820
40819
7640
14617
34227
13119
27069
8980
12580
39254
396
35586
1196
24446
470
692
878
4190
5594
28161
1171
46671
1425
16975
46554
7899
8382
2581
3276
10917
5138
4242
28081
16135
15624
11667
17634
8838
21810
27069
29237
37630
430
8658
3784
18890
11850
22551
16000
1699
15843
43676
30251
14699
3526
15061
46034
2277
14264
895
17911
12767
13711
41574
2999
21000
4377
28054
27155
62133
23425
13821
38177
25036
9958
32152
40597
3898
16673
17186
19931
13880
20874
1171
1781
26443
1002
13560
1
1
15369
12273
32962
21141
38558
14630
7417
22133
6336
31966
33
44670
33236
2880
1975
4354
5587
49179
6170
25247
3920
23702
24014
981
1
18304
24079
30514
1251
431
12617
29402
15263
27185
9777
15700
1565
10128
6508
6415
17252
13581
6221
42090
6196
11729
7646
3664
41441
1765
17544
3731
2510
16760
10799
7748
48897
15684
3912
12925
1939
23508
1
3003
19337
2493
15093
6906
5454
37059
39947
6307
12692
20418
34768
43586
3260
1647
19294
3952
6373
7773
1193
32340
237
1166
27142
2351
17620
41090
9966
23630
1621
23709
22883
10808
14815
46775
14408
3227
15546
7503
14072
3812
27676
7469
24137
24739
10946
2760
8512
29061
1940
5299
45058
13318
16143
5086
47121
5838
3915
5740
19153
17316
3640
16909
55950
31888
27599
9881
1405
11476
28907
478
40216
24054
5705
26659
27565
21356
6355
311
13314
26011
25923
3689
30280
29829
3925
12788
15558
31263
11701
22880
30912
5808
1049
35477
16707
4210
1161
21436
14516
27297
6201
18870
35163
16227
13593
24091
16558
1579
29573
16866
3632
37019
10505
8047
27742
54041
18373
293
1538
12041
1452
865
1078
11753
25886
30458
16281
16518
4361
11473
32722
30094
1962
7415
1657
10529
20690
22603
3716
11232
9957
5995
12919
4838
19895
2
12295
8
1128
36339
24397
2283
13001
20219
56615
7927
1546
15102
35559
19032
27308
42053
39717
23008
14557
12670
17581
20710
3693
7830
6114
51049
2228
22349
6946
25440
41906
52240
1773
13379
23930
56853
37
3632
43109
27971
1419
42592
38355
7292
55590
2335
1270
23720
6497
28052
1619
5069
7408
28348
12078
13764
1049
1137
41300
6327
57893
22553
14774
3076
27843
7067
25392
56856
26565
10029
4831
30029
11303
32819
9248
17603
7587
27948
10169
9350
2006
29169
8919
34226
38058
43855
23700
16065
8197
23291
32181
6907
4276
6530
5136
18022
16604
7828
4257
13405
16415
6631
24741
3548
13054
5918
36567
9968
4091
15106
30505
579
14829
39011
43260
11506
5123
402
9096
4898
25668
20096
46295
30569
28781
17911
4624
26497
629
4546
11080
1418
42047
19590
9516
24876
24963
18293
18192
35106
39692
6166
27573
25020
6964
49890
30456
30205
7157
3357
54598
10050
15679
7608
11128
11149
17671
34057
509
9496
25503
34423
1975
37356
6773
10362
26973
32808
4491
3851
406
17076
1196
259
9033
2571
41928
30810
24221
25846
16346
575
2547
22545
19275
20226
14231
699
46794
23333
1389
55918
17893
2360
1515
22
24612
23763
28283
13000
14172
4603
6793
30391
30900
22946
14284
29641
4296
10
7133
3936
21805
615
1007
16474
16785
25476
16886
5574
2723
20983
2189
19398
11755
32047
22635
299
5161
1622
9594
4048
12581
6656
20036
276
6461
7871
11717
4379
21790
2054
22202
30473
41343
1710
34625
7018
23404
5876
9946
2350
10834
5086
9804
9859
2433
17393
7240
41707
7602
39531
37858
4177
1052
1798
20205
5604
6372
2640
20438
7529
530
35636
14129
5282
15444
6045
1011
106
33674
21279
28449
8077
7717
7896
4865
5548
28691
30598
2257
2964
9103
6616
10091
35107
1053
21205
10099
32589
7886
2963
2468
6325
14613
3896
36667
11938
23497
1153
16990
21591
30263
11202
27645
24816
19229
1117
7198
16038
2656
1646
28910
31288
22021
8054
17423
24435
23349
3710
16697
748
14897
2285
4067
36991
3019
12121
1322
11621
12290
7417
32506
1257
28333
37232
6944
7982
1337
13304
21632
60485
29
365
9265
36676
50530
19493
911
2819
5898
5074
14016
8384
5317
30194
28547
31849
35817
5914
46111
10791
9474
4686
16911
2489
33461
27073
29513
31029
15112
4806
8633
2792
11365
716
7685
18297
3922
22811
18456
3990
16
35584
8019
8700
11301
6450
13
22193
16734
1091
25130
56216
2
2937
2749
34583
665
514
34524
573
2010
2663
12902
3077
35192
1192
6450
5911
28238
4036
17507
23343
11293
5042
18405
67
2332
23724
1791
2999
6076
53405
22396
12206
3331
9540
15710
4570
12290
24596
17417
51546
3660
23084
5364
3752
16084
512
13919
10271
15129
11464
7407
11959
11063
1932
10111
24367
25093
4727
41246
11598
19
43508
20086
21412
15480
8947
39522
8249
8152
1432
19017
12396
706
47736
5881
28351
1211
33818
4779
10132
1129
30789
6
15487
5154
5230
36412
1401
3153
7740
1234
13404
17849
911
36644
15021
30269
39532
5155
46819
398
3468
796
10623
56825
32053
5723
28182
24398
4655
46723
2301
3950
28823
9773
1884
38984
1459
10300
29725
36498
12536
18649
42681
2150
35818
3373
1637
875
23064
2851
49516
18613
13322
22482
1680
6861
57737
21404
25694
22386
27251
17174
39851
6768
2919
56
2
47485
16392
25501
17894
33375
22454
2276
16784
5434
23118
3708
547
34456
3739
1170
16298
1219
13571
32334
4534
14565
6714
9982
15464
31109
3268
9342
960
513
10791
29279
33997
9535
6281
1678
3883
10689
479
4283
664
9798
15926
337
9510
4972
21403
7
29134
10693
2564
20638
13483
33534
111
1819
20213
8140
1666
47839
4362
3055
1896
7283
2216
9238
40282
1147
17502
36388
41525
39760
6249
3275
11
41657
8740
14709
54152
15910
21434
38120
4
34901
10615
37662
39521
5630
22431
22028
7924
8621
25564
12257
7263
4226
836
2007
3646
6502
45582
19844
42930
37268
1518
12015
5050
586
30655
37641
12014
8264
17514
2847
4267
41709
1762
11564
8996
3754
15486
300
47
22282
831
3135
8063
20280
1269
41051
11096
15297
48590
25644
10281
41686
9211
3829
6589
6312
15483
1623
29108
7595
26411
3346
3001
9370
20198
12134
11356
25825
3937
47694
51984
31844
24563
3006
31694
6414
4293
5904
51474
31191
49975
37316
2372
10964
7396
10038
34663
9187
2791
45647
4106
6958
11978
5319
20993
19482
9192
17794
5391
39994
1561
56262
1
23180
39415
17532
5469
5437
23144
31681
35255
27390
30255
60191
45678
15995
3258
9825
47110
3627
10591
8778
23171
11815
9480
4
3088
1287
26597
1865
1282
35474
21237
1869
1085
35553
11179
19143
30355
9600
1298
6361
41765
12954
7
51122
2870
29994
22912
10400
37704
37418
18989
36033
21702
43
26832
22078
13463
5079
2631
26286
15287
32482
10246
419
52247
3504
19288
1856
29696
5230
33415
2401
25372
2273
31066
15837
580
10239
9155
14332
9939
3403
38835
2763
37372
7226
7285
32125
3446
5563
43506
16761
12861
33029
60373
20346
32590
69
3306
11708
12761
28457
33065
3712
10747
23766
54726
28296
15120
40603
57679
4107
6617
27526
6447
11029
41899
632
2552
32147
19505
30446
19707
3278
355
17089
9061
31706
17950
3857
1415
13111
7898
14991
761
34345
17863
9357
581
11593
33585
7567
1905
10843
22467
12192
56393
6852
6
22748
32664
19484
9914
19093
6259
6715
3880
8289
136
14448
13040
9019
470
21188
17705
11543
2447
29389
16303
25165
13808
2956
3504
11025
12174
4757
12297
12561
1950
50248
4669
5621
27871
23497
26468
5311
17747
16457
27717
22117
16253
1491
3610
2453
8006
4439
441
6455
511
8042
4260
541
32
2055
830
25873
492
38878
29749
509
15383
3471
27386
5678
34795
10379
12107
4620
11509
17238
9466
10533
9748
10
34199
165
8355
32197
12556
51710
8925
24876
10566
12119
20552
1
28081
34001
25842
12686
8972
14404
458
14647
12253
45012
18573
2029
12570
9597
33663
15200
8025
38471
13498
26284
4826
1941
36790
4548
38132
1659
3390
9264
2223
30827
50401
2584
21923
2507
19460
25190
2743
35517
57951
58056
3514
21580
13892
2002
35774
7858
45982
8375
12056
24547
6833
2890
1632
46393
43894
14353
10633
5554
8124
29579
25178
16359
14967
30368
14352
38277
14174
3184
490
17108
798
18919
54018
35446
13776
2628
5887
3763
35150
10907
3088
35271
23465
23884
5532
1057
16031
101
20
32455
5091
858
4137
52296
28165
17194
6984
21592
15369
33671
14374
14014
9258
767
20201
44873
8481
34672
74
5668
21975
10354
24234
60714
2997
2109
1162
13497
2966
36814
52935
2656
28188
5664
1
20307
7125
4800
18573
8725
3688
11387
20811
17303
4392
46109
2361
10167
50795
5038
29443
30969
12461
9157
907
6119
403
5024
21663
3225
2716
180
26526
12813
2898
9450
7556
24371
8535
21349
33067
30816
7190
364
5284
17620
15018
41138
2300
8773
5593
10
5339
28655
12724
5044
3902
4567
5615
38279
46050
23115
301
12236
1638
22
23768
9512
8763
47575
305
5217
24605
6034
5223
27405
11225
30673
12299
51260
31466
6823
61513
12984
26728
1378
12021
3323
11446
1965
23689
26197
57333
31931
9816
45167
35136
48690
24050
13552
3
42189
28058
4655
2900
24823
32636
10052
2772
22165
33371
11220
6112
17756
11159
19296
11064
5026
33316
4539
28929
33529
43939
9228
18315
14547
431
15615
10460
6727
5073
10365
23377
22308
5114
5112
25
5044
4770
12047
12429
4
2853
38435
767
4271
1172
32512
4038
32317
14151
27637
18174
7330
15384
52431
940
4764
9141
3743
17739
11957
875
38596
31246
14427
3398
28375
275
2117
5719
1834
2773
17824
55962
13981
22378
21979
22936
38710
5434
706
28582
1275
4309
11543
28050
14565
6942
35455
32407
21539
11591
17577
6221
4585
1655
16766
16249
42622
24957
3771
4161
36080
16745
37912
1986
496
75
46316
2
17945
12747
8835
19516
25861
4210
738
3232
12039
11543
6158
5145
26691
26057
2785
10288
24275
7054
8292
5100
6340
5542
17834
25464
16156
19207
778
11842
22509
13127
63
19560
9538
2
2187
27944
30461
16511
55025
14223
14294
1281
1889
8908
27424
5443
13884
20194
42454
18768
11076
26749
1304
8654
2639
7717
16064
1325
26514
20922
18373
20082
13875
34651
8796
62421
18944
21158
28623
656
5431
343
3494
35238
42010
7468
11372
3891
7392
6779
3
27469
1291
35412
44007
17442
8668
10012
3840
3917
22238
13863
7946
1011
1887
58989
24458
10059
8113
8114
8506
319
3306
3525
10738
11583
36095
6410
12923
6133
6065
26477
35992
49441
37448
13309
20897
19
8397
24500
28600
6903
12059
2589
13094
13421
4571
25073
14237
7878
21453
6457
4455
2521
5125
11510
19685
34284
11040
5812
8644
15125
6529
6717
2915
27405
15220
4464
35721
27051
21053
15280
38838
9283
11148
152
52941
10981
4
1385
26679
50198
39742
1689
5418
18642
1149
3517
29955
11584
24584
36754
355
15793
213
18036
6608
18875
20068
1795
1595
13920
2046
20980
1736
335
10672
27218
23952
41730
23801
8890
12574
15261
36001
4748
51359
2932
4265
14858
21502
13896
5631
10791
13285
9081
35387
5202
33359
13735
34960
2022
32138
8769
1106
40338
40259
19812
5993
596
8806
15534
28729
6074
37460
6178
15656
21287
9974
5209
5702
3351
356
7524
4260
12109
6593
17474
37776
19773
1273
12696
34806
23080
4916
4101
17226
28418
40668
26487
1476
5301
20130
2796
5004
7505
35426
10268
2596
46562
4259
11685
19557
14010
31320
2224
1397
22878
25666
9465
6343
11695
15872
10894
19301
9586
19327
23945
8656
882
2168
15653
8653
10740
43534
21372
7614
4129
41500
14380
2934
788
57997
247
474
3991
11490
18392
24033
26393
1313
2
11344
19585
37401
21071
18756
14647
14537
3021
20197
39417
18241
39172
34732
5869
45907
25835
7778
27970
921
2301
32381
5863
3108
5837
7034
12502
4646
8621
31148
7267
23947
33001
2000
10288
13417
902
7466
894
8953
4054
38471
16231
3731
5050
15619
56622
43393
4990
10563
18481
2443
7097
7091
17671
22153
820
2818
6548
5017
30506
13631
4812
245
19465
844
15022
5245
6984
4838
11618
5074
2565
18925
31110
13784
29153
26560
7440
10784
18175
8295
16133
11526
1029
341
4166
21672
39843
4987
19880
3920
2167
8877
13509
32201
7113
14232
17917
7708
10504
48068
1
1333
2954
50881
1911
5614
19
6824
987
23654
1883
18734
25375
17
54350
16079
3182
912
18775
23144
30564
11552
12627
13842
508
27757
3
36140
26242
2
2348
13223
2887
43932
12722
752
20212
6221
1269
20967
25610
7409
31914
12496
22413
11092
47910
32851
10983
31180
18785
5817
55878
12279
58053
44
11816
36448
15382
6381
26288
3386
46801
39954
37349
6688
35121
7799
770
42424
17564
16495
50744
46112
2367
17708
1479
4
3992
38876
4
21193
12058
10880
33385
7081
5816
28277
1310
9562
13259
10885
18394
50044
3
31247
24448
22388
17246
19176
3374
28430
18083
11606
25486
6
12399
1591
24387
53744
14513
9194
15400
24257
6653
31411
13828
9975
20750
23279
2957
63482
15594
42035
26906
31969
2685
7471
30244
11273
28749
15126
30919
12784
40047
1833
50954
31683
1316
38859
775
13411
9532
19804
3387
225
46807
51712
3012
543
14748
16972
11864
57936
8878
37503
32096
49308
19779
555
1052
7665
13957
2560
15138
30615
3144
20266
668
19037
4334
1670
47864
16407
10673
18405
21956
13441
22202
46359
13929
11406
35548
14114
24940
8748
378
30989
19503
23666
33628
36593
9320
3221
23481
12200
6198
2396
51183
21817
12167
24212
21243
40660
53591
2252
14372
6683
5471
5346
54339
21970
8747
3094
7333
2568
8946
9333
16278
12933
58765
27659
42157
31003
32131
630
7763
6863
10517
13084
1180
2841
2052
31133
3065
392
1454
26328
21579
39
32440
32525
37580
8916
5013
870
2766
5516
5331
2203
28343
1103
6823
15399
34337
8958
5
9907
16141
2590
25760
10985
17925
15348
10688
1174
15744
1223
24790
455
6920
13368
4352
16850
20186
17083
37049
2787
63
15937
18430
8017
22953
3963
3180
436
11750
18052
19812
364
16645
3491
24236
5462
8722
23140
4334
12207
6315
15635
31623
49494
24255
11550
9271
3135
12849
33150
12410
8140
7215
7405
9127
22315
9698
4843
6301
42399
4463
30438
13645
2213
12383
9498
4912
1677
14605
38311
25184
2982
46269
16191
4436
5002
17902
46511
12545
944
183
5646
3798
5982
27158
21579
17094
12055
41452
21756
1
32792
2256
5269
20406
8334
10942
16482
34997
53774
9870
7814
2857
49530
11796
2687
35480
15904
1745
29
26387
10861
153
9392
11891
25567
23804
6177
10878
15307
4059
12759
11553
23
3101
2841
6916
31639
1
24768
25983
5806
463
4927
3574
6409
12758
8795
7440
540
430
16721
24967
29637
26594
22069
1452
21540
1387
26895
4812
39358
3201
32224
22975
8176
15351
2706
8165
19167
6723
48471
32614
6235
17073
1830
6769
2
20362
27865
30294
12818
30969
15240
1945
6304
692
2630
2405
12883
19064
7621
12285
11598
12039
10678
2075
36238
6595
28934
925
27775
16953
1923
5015
19659
22349
41406
2379
1341
1358
21207
13842
32920
16537
26293
1156
24569
28995
9436
5313
2164
2658
6925
17734
52370
1026
8604
32018
23329
4308
44010
20039
698
23114
5334
10173
23394
1243
13097
2159
1023
11616
83
13925
34717
3690
36635
31566
56515
35
5134
2393
22433
25543
7975
27766
21877
3669
16335
1591
22499
17719
27697
2308
2036
29192
3294
14563
5444
10665
1751
14310
5154
18894
13144
6688
19163
1517
3877
14088
11524
323
11586
43953
13542
2013
6332
6093
21945
19698
11493
7258
24655
17754
19756
26975
30771
529
737
13598
2394
1606
10826
10662
11794
297
20921
21322
18459
7824
28798
3202
7058
23390
10543
9306
46796
27292
10735
2551
2423
28093
11864
37464
9078
36374
22648
2199
35529
9697
17291
3310
969
4923
5172
13335
17269
1128
778
6271
39782
5350
19401
17650
7166
50
24905
11638
8005
46931
1487
2108
6986
36073
2914
6150
21830
20564
6631
1380
2282
23534
45898
4678
30942
6958
16183
25825
1326
7090
11585
12302
2867
22711
1633
5241
30056
14559
38938
50281
4361
48282
20229
9937
16206
6649
13302
22710
17336
451
2541
16112
1182
22704
1460
20985
45820
9738
20933
24056
27976
3823
6645
2605
19399
3810
7343
14492
4910
8066
44979
5855
10452
11939
43345
817
2943
2
20673
3383
6062
44637
887
13209
17218
19702
3226
9069
25610
21570
28541
8843
673
54700
414
12284
11956
19772
14860
3022
15183
47045
9571
34252
3996
11674
1894
14220
1425
13828
2817
10927
26493
3013
6986
10110
2
30787
14287
17821
48172
5228
28293
34111
41235
24498
21330
1618
14760
13315
36560
3045
30279
4695
12866
7528
38150
9262
6928
9825
30208
4601
5514
19824
8571
14527
13062
21021
14
1351
58816
34266
13541
24163
718
25601
2316
24654
14706
32769
14805
44633
32098
9533
23476
28294
1056
1585
34680
8790
2128
17366
3875
5873
6926
12064
14997
8551
16201
7929
2822
30206
1732
2985
23803
7711
1672
44277
1828
9337
23804
17578
50181
3926
26826
7947
53673
267
4466
13811
358
51041
7424
22543
976
42300
10318
3199
33619
32781
17366
5509
45478
33344
4811
5898
7359
47508
23693
493
12802
39792
6991
51699
29290
43116
5680
12807
13186
1129
6042
2573
1898
8668
48199
28972
5215
1326
42481
2297
2070
30211
19282
20014
9037
12583
11751
638
20259
38605
25538
3068
2421
45872
49604
6366
17511
5052
40840
3517
32413
29969
6504
13937
3152
7822
22104
18039
56302
36443
11769
16
7720
12676
30370
30024
27099
7016
1868
12151
24958
1499
13159
21858
9534
1279
17955
3029
20014
5489
13497
7829
2976
2596
3362
45093
31917
19786
30390
16649
33240
37282
14668
23756
4570
915
13834
4972
20939
11239
7362
15489
15329
26315
2476
40526
31489
10310
14186
41823
11207
376
38133
13905
13549
21163
36515
9399
605
1403
9100
2113
5963
3306
8229
12731
41012
49327
37
211
2733
23430
32474
2
8839
15467
15006
12863
6739
17515
5449
9598
20417
14955
22651
20434
13707
183
12571
48850
17608
2147
21947
6851
7123
9219
50730
6127
9619
22027
7261
1720
32631
20341
7074
23664
35
13320
22115
3314
2799
16265
22228
40652
8629
983
52259
7175
9267
31487
9733
5690
20931
40750
38187
23123
802
23085
9916
35079
6562
25757
21271
2987
14435
2047
1979
3111
1006
16821
52301
40856
477
13608
7896
1228
19811
29577
15141
32619
395
33340
1450
912
1141
38308
35422
19011
19800
11279
46995
26245
7949
10638
4
1105
37899
22649
10313
24186
19931
21492
24406
43225
4505
22602
1549
23235
41177
4414
11216
960
5486
14378
24693
15559
9506
16111
14728
8324
1100
7632
4175
28760
12915
6955
15897
6659
27366
8448
7974
1096
27687
6977
10975
10494
53666
1404
48759
39459
44144
18614
34156
4524
11224
813
14456
10527
39436
31011
12566
15832
37928
27955
24966
30536
11560
30096
18687
2237
15663
971
43670
33097
1134
26005
12187
15192
15001
31357
25497
8186
3039
516
11314
18355
48959
934
22177
20342
11685
34618
14284
4241
4042
16850
3043
11529
14133
585
8146
4002
44860
32248
9106
3797
6716
10466
55940
2460
10106
6968
43753
23632
15735
3476
5434
14149
30217
4546
12174
33092
48090
899
10217
55774
29414
11585
9709
36202
22113
9366
2436
2336
7924
993
16765
13096
24801
44376
11685
10135
18840
41560
12877
58451
17655
48055
15734
20695
4535
15180
11174
1374
3434
21048
26031
2631
28
15226
6593
13693
3437
52528
1258
5015
429
47700
6352
14597
14735
11302
1130
29119
17620
4589
2588
4109
54250
3037
24503
19432
12062
1443
27871
19057
32611
50183
8686
1674
30067
12026
7023
33
28237
11530
1281
569
759
12858
3541
42556
6009
36322
32130
59133
20688
16665
785
23555
2544
14860
8966
42273
3793
15824
13705
33299
41567
5650
30385
267
6826
15659
20397
47548
6376
20486
6880
16015
823
1376
1210
10506
414
19989
1413
1305
10577
29230
10351
46605
9565
15457
38118
8986
5708
8456
5939
1224
16838
125
11185
22305
12658
29451
994
5421
18470
6011
382
16999
2
383
3196
20675
46
46400
9541
1555
12421
13073
5397
31
8697
23053
13816
15950
31784
1038
8387
11099
2414
25173
6370
6654
8663
13683
409
7622
5383
31495
27788
12426
1002
28613
9109
38036
8080
2968
18256
4590
20077
27783
23343
16180
29586
38753
2587
11058
26822
32718
30645
27445
1438
40550
2366
11904
8704
27214
23641
3041
3110
14444
7044
7633
55869
4866
16653
12916
499
18961
1917
42437
14756
5020
17074
11605
29241
5537
8157
242
48220
10354
11999
16484
12282
2294
46904
17211
15829
7013
11974
11985
16620
7158
45929
1139
5233
11932
22378
14451
9337
8619
2466
19089
31084
4631
31698
15304
11830
11876
9296
882
7382
1531
524
5017
22586
5480
789
2424
17806
269
22050
32743
8672
6910
30142
26808
53314
7326
24698
10414
36275
18885
12069
4549
21624
24179
3944
12379
10610
2073
2695
33929
42840
26257
27787
5333
2
5669
11913
6482
7234
13539
6772
1811
17285
15930
1806
21642
49413
3546
13039
28674
20611
5419
5283
7285
5295
24274
17187
12234
9572
2707
3096
16130
6853
2115
27373
32442
5685
950
20922
19633
44313
8335
17491
1064
9128
8361
4854
20820
41402
16603
28065
955
7441
5352
1478
15370
21964
2711
1895
7104
21631
20957
53554
22858
41409
2452
11160
8493
2197
12003
3623
1739
27319
9381
24685
20289
27258
16836
3430
1
10158
33376
31013
25338
20514
420
13760
13354
12333
910
29278
8772
43267
3317
5517
11541
9023
11798
6476
8584
1689
16327
7009
59718
29913
15537
13527
12871
3008
32852
39872
3503
7593
12576
1272
13933
4444
6123
14986
8648
17270
16647
22857
2298
5551
8374
35122
5068
3373
1
11006
28510
10586
34934
9530
22780
907
22737
2552
12552
3545
4436
8508
10868
12613
11676
10169
7649
19807
30426
9153
34664
8504
72
513
6407
10827
44187
12040
47091
2
3126
4353
8455
18215
911
19951
18824
5954
11825
16739
3733
8254
4714
5173
45106
12369
2401
4033
2295
20491
6898
16342
40037
13198
54083
13646
10273
36030
28050
18058
2
16234
55700
15309
31005
25411
6507
6819
34344
9114
22561
28248
8696
17146
35362
21942
33064
7066
30090
16914
43477
8606
18874
37601
37753
704
3482
3499
40213
31834
28752
17039
18468
1842
19987
13636
241
21383
10635
28671
20871
19916
10143
43143
23780
12735
1169
16812
28776
8615
540
36618
2636
3511
16225
15403
4862
8854
15856
26471
1273
10412
8313
5519
14149
2326
11320
52010
2379
774
18619
13575
57644
37601
11279
36215
10969
11808
7485
10117
11966
13270
1164
8636
13706
2764
31836
2875
22636
8965
10962
40274
15863
7718
42565
3691
12230
4387
14323
16072
6470
2766
8076
8256
14174
12953
34143
280
5902
3272
7598
29944
2738
13054
10568
7337
19603
14024
31930
18831
6271
5580
26754
3
5282
44007
15054
16173
33990
1489
2914
11883
39006
4723
23736
9474
22108
3824
44096
3376
1
5039
27572
425
11238
42899
3075
14997
3922
18550
8363
18891
2433
2403
59532
12429
25849
12821
23565
28705
8863
36796
31585
6051
28101
6241
2001
6097
616
344
13974
618
827
9585
1961
30096
12060
3768
460
4820
37310
48165
2322
1705
10840
23741
17705
37268
2355
39427
6464
22009
10003
14476
28665
5765
28417
8154
375
21947
3758
8641
287
5546
9852
44789
1100
10340
17909
4372
17184
41514
2346
16801
12297
37345
2919
39504
26184
33082
19598
386
4033
2072
13347
38661
29537
3439
18594
894
6947
20071
24636
26427
7
52266
16617
32964
4922
36977
49884
13086
43655
9195
35318
1275
519
20562
13844
27621
8123
29197
14915
19013
50136
43023
23384
593
26812
2285
1308
39605
21576
8678
1597
22808
1498
5396
11981
521
531
6527
18572
8840
49755
1840
19306
25740
11163
18676
8247
6206
21322
35980
6923
5592
11287
3709
1340
13094
7694
4918
12365
2000
43420
71
42116
13320
5828
13867
13335
28343
11951
1866
2658
7422
705
42908
18648
1720
20665
723
389
1818
5420
13914
19509
18755
4023
11284
10674
32481
1561
11207
23059
7317
33929
33996
14434
6
44918
5174
16637
6039
14392
31258
7934
45581
28857
23704
3940
23181
42533
7519
17449
6458
5462
23140
26287
37165
45600
22270
5
57695
26071
1
16318
16995
3129
27112
59
2966
1589
3025
28609
30911
29537
6394
19077
35406
1057
5005
9205
10957
12318
10322
565
33659
44792
2390
16019
15144
12138
432
22673
16341
10168
29194
14761
286
1663
8003
2313
39560
9474
11000
2401
28154
1005
30278
1060
15703
3710
663
4606
33175
3474
10879
23716
17667
19150
15282
1113
11068
2265
14642
3343
5149
26731
12110
31090
7256
25894
2
30176
1563
56436
20594
18574
5781
1590
41021
15795
2224
17950
4446
2167
140
2151
3949
18244
19305
465
14478
31725
29468
7159
9777
14514
10573
57524
24727
1773
9802
42889
1053
4431
467
11299
2240
37455
1714
30288
303
23198
2328
43145
9759
1571
3698
4188
7411
41287
13473
25359
21105
8320
14876
1181
29031
20263
3
2826
43468
6778
20192
46367
3219
21514
2363
30433
17216
15399
16300
38742
28398
22
19152
28046
28075
11163
5463
30582
1791
11887
8004
1916
44483
7846
4313
56499
4
3039
13749
3559
4278
36895
1545
702
15
15694
45180
5367
2179
11410
2975
25681
14109
6106
28495
24144
5542
6969
52733
17676
8624
12622
24232
1023
5619
5130
6524
13275
12581
9560
22427
32206
5021
5260
36257
42195
10979
1
40577
26685
653
13070
1255
17
17849
5929
6566
21849
20136
17098
1558
13016
629
6719
30891
30377
3826
22553
30294
8395
1365
4561
19364
1295
1663
60043
53275
4005
6059
23829
25034
14685
1560
23481
16782
10889
41325
26194
812
45920
57103
8360
213
9014
18022
5067
5821
2403
13284
483
15365
46685
7310
3028
22318
10641
5536
4280
12965
6256
3305
463
9683
11102
28286
5310
43749
6143
10559
7681
1077
33229
40473
8165
3045
4703
6957
975
4552
32778
23581
7059
762
66
9718
3436
9349
1539
8319
5
4744
17307
1192
44417
26329
2888
20573
2543
4147
20633
182
44264
6645
30069
2776
10747
10415
7105
779
5949
222
4545
3393
10677
40759
390
5397
30503
12056
8973
43496
1243
10828
38893
3243
2907
354
18772
8259
38074
1607
7563
1967
8393
14283
25
498
10195
18448
8941
11569
10116
30857
369
10535
2248
26326
753
14141
31412
16393
8766
35377
1715
6703
37772
8842
17523
1980
24640
654
25243
15266
25458
18
3340
10444
24235
8367
13826
15378
46359
14387
60879
5870
50027
56467
35092
7314
1013
11866
3735
19172
34208
3756
12573
30493
49402
30539
24576
39664
5255
862
17458
19715
9641
1923
15480
2877
556
40
19619
23183
14526
10595
10443
23604
6577
13154
35544
249
35841
709
8421
45628
29168
36887
25615
4959
2327
22651
25225
6228
20352
8370
14812
5831
32251
24943
7590
23638
6416
46280
17882
1046
38061
2587
13397
9167
2619
43108
22007
1479
62964
9464
38102
46726
26148
6698
21051
20491
32786
23395
22612
43188
10691
33294
7232
4462
43157
2969
10843
2
3509
10001
8641
10853
10368
41895
11982
945
9704
23449
11746
18443
39626
36372
106
13876
3180
7154
4692
17906
49052
8857
2174
16163
20806
16870
4585
1084
18634
39949
1743
1487
14050
24415
25637
21179
2581
1735
6302
2892
54124
4636
33926
18447
7974
4102
24209
11009
1005
33088
6251
19194
359
481
9510
8863
12702
41454
37821
8292
1309
7669
25416
30932
9291
27236
1246
13115
9820
20318
23594
379
11669
1340
30867
1751
5699
8776
30876
32116
1349
22459
38280
6248
41985
385
3889
8686
15774
28981
53277
14029
938
405
7905
10210
4106
48186
16802
964
33964
21553
37665
43834
17068
1743
7093
23709
3890
56778
21613
13181
16969
8999
2143
48363
5355
15457
26172
4390
45705
7847
670
24607
2178
1252
6226
5145
3827
28290
18153
13115
17386
40367
28780
35487
6827
5928
24794
12955
27695
22087
9856
356
7986
12922
505
26287
28685
22367
24
3433
22825
3950
15852
645
20226
3424
36000
9402
28347
16288
7824
9338
13066
19666
9114
23024
9283
26646
23045
48182
28261
29043
22002
60568
15168
19222
27505
5084
26391
21402
937
14213
676
20063
11922
28695
12103
10188
15057
53275
37629
26311
10298
17833
4252
6123
2079
1568
3112
3879
4886
8341
40530
17297
39543
23960
12497
22643
822
7725
49963
43779
17961
1279
29684
1215
24562
3557
12663
11739
16
18584
5563
28474
14427
3768
47770
25792
19487
6402
31901
23685
48319
9975
4895
32629
29907
31726
2245
44112
4192
24712
22182
6848
8976
39858
10641
3571
5323
3895
5657
14393
4078
1
8
37611
50248
970
1477
53841
7910
15161
27109
23454
13900
12145
31486
34934
1
30966
15300
899
22136
28061
10548
6461
21003
5056
61727
3981
6279
25493
29098
2310
7517
12773
5273
12992
4558
1790
3418
15746
54279
7041
27868
37811
3635
18355
35892
330
1268
26481
16821
6918
714
4497
44073
8105
363
39701
4699
7854
38704
11439
29966
10617
11498
1428
12416
21775
30379
2567
23193
26087
15610
10544
13598
12192
48955
7037
5531
2
14765
12616
11371
30096
14943
4355
1351
12846
39483
4230
5654
20272
26990
4825
11885
5735
1514
62382
12252
6737
13451
10744
22731
14214
612
1751
10120
550
33180
7511
613
21206
695
22885
5640
25848
12977
12553
31712
34118
501
3312
47013
13521
17851
416
23423
4291
7334
68
23815
47182
13138
17173
738
26342
1789
11834
39131
4518
5373
12471
3532
10408
10503
26415
24137
2399
15807
6791
8586
7287
2703
23019
18393
1326
8780
21767
8745
7816
1840
14093
51295
2228
43268
5730
20911
7997
724
23805
5106
12526
9042
28191
1686
16705
33777
502
27368
8937
4932
57554
20613
16601
3479
19171
856
21226
34961
24447
30295
39664
19292
408
13523
31783
6228
35883
36491
8243
27923
10144
9923
3227
23308
18863
4795
11070
6938
16921
26155
19793
8
1710
1866
1408
38533
24682
15252
7586
1840
47466
59201
2459
34824
12900
1582
7
14145
19103
17659
15631
25137
8412
969
4499
3256
10577
9342
612
26324
2234
121
21561
17033
30017
36445
15554
584
4695
34322
546
1316
1853
2870
9173
20796
1696
2122
55919
4568
8885
8553
10118
19
27777
854
6655
5929
4117
25506
10069
3122
39
4732
7473
18281
18961
28837
36262
40032
1308
5374
837
20659
1566
296
22717
2971
13413
21282
7588
7368
33020
10475
46470
5680
20706
7963
677
23537
7785
27465
42926
39111
27987
5030
31422
7880
35020
7028
32390
34414
4711
3371
28147
13249
19781
12071
4828
9830
44506
38156
434
14612
13371
2215
1865
30945
14399
1788
4232
33053
652
21099
22547
16978
6666
471
15800
44503
15311
21510
5228
1396
24912
56132
9458
23182
26223
1097
9466
8722
51990
8
13129
16551
14043
33989
866
4870
3907
18147
1302
4023
37526
23095
4354
10465
27527
8457
34625
42851
2993
6873
2026
19328
5611
33441
130
25328
19207
34399
20313
631
10801
17846
12136
20920
5951
27947
11081
50482
455
11119
13913
17332
1646
8885
49771
19371
9636
26533
9324
25372
24988
818
11739
10889
1385
2
8856
10222
52814
4523
3224
2993
41982
3934
7044
4800
433
342
607
11900
21570
8684
22790
3319
22873
2836
17366
476
13165
34903
1877
13855
12695
790
28073
17471
4229
22423
8860
4504
485
14421
4685
562
8274
25467
14512
10132
6576
11064
8189
29525
4105
10302
19948
12560
33417
13565
4652
1857
30652
51061
274
4937
8803
4627
5511
38401
4312
8881
9341
2875
4349
55550
3637
27623
2578
35701
14384
31857
45030
24308
10798
35927
16303
10863
2441
5868
37997
11097
36292
8216
3216
52940
5378
1367
3250
2596
2075
16618
48029
5843
20274
8817
8965
2919
1258
8904
28921
20477
434
9129
23906
2573
2829
8255
850
2555
18800
11905
30961
15475
11356
11086
4155
5468
25127
7905
24776
1305
28115
12438
1166
23805
8842
7816
8983
3034
18977
33486
11316
9313
32211
10613
11955
5341
7424
11398
4151
4223
906
10224
9937
27406
24486
1968
306
3305
11715
4
29196
20059
12108
12319
4816
2483
18913
13831
29129
13079
52037
5565
11955
11121
51
9728
8329
29837
9680
7907
31682
22507
36990
9024
29285
6470
3315
6031
25302
36675
525
11705
240
4060
54725
487
3122
17309
3622
40256
20488
48506
12169
9644
38368
38051
26458
10274
22858
1236
17954
3300
22181
27228
19784
823
26185
3735
10728
27124
32454
1505
12661
37358
12817
44871
16508
6454
4055
354
19811
20368
16860
13002
10170
7342
39086
2980
20981
19055
5881
5647
29977
10591
805
22181
3991
11759
1134
3594
19778
7324
5917
15503
19650
9789
10281
30410
33043
15838
48028
1
6522
36193
3622
5544
5888
48314
3536
44333
22441
9713
21624
40803
13504
27808
359
16530
5049
29515
13181
27995
28
1552
24997
26367
18810
4124
3721
3883
35135
14938
2713
1795
15321
1544
6301
29415
6437
16273
42640
17593
25958
23596
25135
45678
29729
18457
32207
27824
6769
2825
1342
16204
45060
964
15721
9669
26578
26098
27868
10168
2845
5007
937
23629
6905
5813
6696
2930
3491
9171
8835
34301
1400
2323
15077
10934
2477
14025
38348
25854
14222
16012
2840
2180
4972
22535
33380
2105
37149
5827
390
5667
7360
48098
2259
7374
20019
13654
13856
7199
44871
39018
674
1406
27560
1226
55038
52417
3189
45287
37572
25619
21658
12866
30711
19730
8803
10933
59528
138
13866
20020
640
3041
24628
13805
9180
7211
1688
3477
12978
13919
8399
51028
6936
37841
25532
7615
2226
29986
8196
23587
64
2370
30346
7978
716
14369
5112
23283
8077
8630
37051
354
5988
32654
12061
10593
5
6563
32262
9594
9951
28062
10317
25057
16540
30228
10097
20673
18439
32941
60948
41096
6102
11207
4756
867
45965
16749
3221
5137
5853
7311
12147
4548
5
11079
5085
15070
9699
5363
25793
38408
10453
7954
18361
5153
2754
15478
29458
45171
28412
9397
1362
7488
38088
19218
24472
14937
53708
17400
17391
13496
33719
20837
37189
834
21668
27722
22600
18219
5673
2070
30041
2505
9349
19326
447
41180
13908
20288
13381
724
39454
26849
45774
26179
9548
21500
47998
6594
19653
24414
32281
36581
20466
54243
29632
451
4732
1399
29576
10451
29854
50370
39050
1619
144
4219
40094
31597
33981
42774
1914
18012
500
19783
6983
271
742
752
26134
12409
25795
2732
14175
15696
18849
12975
34527
6484
41007
890
8458
7090
11554
4646
17472
1505
33198
21433
7249
28551
19007
4262
559
2764
15235
19442
613
920
33847
11182
8000
583
18730
11844
21026
22404
14673
39150
4424
7
35995
18912
23244
6571
6491
1024
43238
20123
48690
32258
47774
44879
9155
1
9197
37312
40101
472
26386
11860
11048
3035
6058
2289
18146
21418
37127
19168
1469
39137
13848
1342
568
2116
21599
14663
5278
686
5723
10453
1354
14767
4702
40211
285
2195
12352
31783
14571
6078
19559
21970
23714
8323
23051
25990
3983
13
6299
1265
28205
889
19853
719
2594
27883
39190
16234
5
18326
3472
31216
13930
3762
39792
5346
13147
11551
24002
8533
29262
535
999
10513
3244
59187
40834
742
3655
25452
33650
2402
30102
17857
1390
5123
24049
6879
5130
4468
16064
57653
48504
31902
36560
7445
5399
48717
3136
6434
7824
15604
13036
24093
34751
28901
2406
2524
280
7607
6552
1671
23701
21527
17593
19793
29968
24120
1596
16205
12086
26559
35834
23198
6721
2608
23846
14719
14762
3016
10196
87
33117
17141
24
7323
19156
26363
16749
4301
3691
26133
21699
37
10118
5
17931
3433
10697
11736
1952
13574
41287
2852
3275
30118
5333
31991
809
12665
25651
4697
37821
8335
18811
44616
3361
5915
33193
9493
26104
3427
37503
21967
14544
32511
15859
1976
50362
24884
31518
17191
5572
31716
4034
16772
31410
11973
152
18431
31470
33483
2573
26513
31717
42053
36240
33535
30998
18716
1944
1041
1162
25415
18554
685
33020
41999
24391
5796
8124
3938
19111
21302
6
13398
21746
40386
238
21550
20492
27390
19838
10922
2037
2535
14104
7291
13962
25348
27039
29969
10437
25929
819
27109
27182
35064
8419
7037
27379
13512
4363
26373
19489
3071
41253
4313
9107
33462
16136
16499
5671
21502
32
27938
4816
3149
3449
19173
26057
10506
2583
28180
13183
4319
6097
36744
8295
4548
21132
51501
16701
5514
23559
723
1616
6021
25645
18660
2513
2665
37269
10499
3583
10540
33730
20365
3320
1534
9619
9860
20132
2492
38944
8942
3957
1143
35329
30637
11155
8458
5334
23740
15879
9216
8294
7
12616
26811
18703
13881
8894
14673
8
3040
5214
22845
428
1909
6033
24454
23740
28982
29354
36083
22692
6622
44375
43073
9228
33327
14372
17034
35634
30125
26016
13693
33332
4507
39447
13034
25135
23810
33408
8421
14396
33839
16485
9731
11265
33241
12354
3456
13149
51574
26863
5181
58420
5891
55171
39094
18242
42509
49665
292
6193
3065
27565
33227
9579
20848
19089
2817
1333
19
46979
16006
39474
3395
4744
1420
3656
29273
8860
5938
3315
23562
9010
51937
6800
14963
34781
3335
10102
1141
15592
60146
3016
18802
3160
31687
5368
4070
2079
50940
4808
888
2656
8770
4020
12004
35007
4090
1421
851
3870
46181
1662
2187
16815
9215
3955
15225
436
13045
27811
12883
25923
1235
1174
592
10599
4002
22473
9248
17768
8407
1024
4015
741
32583
13540
1881
21655
7729
2800
8821
1304
553
7954
28791
2
27265
59162
2283
13326
25203
29154
9356
27764
2962
2250
9279
10130
13409
7624
2367
12338
338
33404
49723
7819
5904
36098
42219
5603
853
14083
10951
1212
3038
36773
1073
7863
42874
13725
14019
9269
16607
2
6213
19
19667
3440
45623
8183
6011
10969
13846
13093
20944
23184
26015
13204
877
4467
60978
34749
21181
40636
25700
46772
31929
443
17830
8116
5334
5607
9320
30788
27954
6135
11521
12990
4714
9101
7862
9556
10703
6426
1
41546
10955
13271
23988
13374
6186
23438
7258
15621
6233
55439
48874
12150
18859
5323
4230
16269
12152
21958
38030
4482
35559
19975
12134
30927
24110
6871
3557
923
13328
32538
5546
13378
52737
42214
17858
5425
22541
406
1695
31242
36876
25501
37797
8864
9
4977
12214
11855
2229
9751
6247
56903
7160
4163
15365
15117
38340
21505
13932
3533
16243
9081
8549
4182
1264
27587
32436
705
31736
7439
14
4990
15759
11103
196
25465
38093
15232
13987
32295
24622
2671
5128
36830
3511
3678
54336
9950
19995
13960
6162
2134
50513
16
4831
8188
33965
16090
3967
1880
1
51476
4568
15727
16702
62404
2445
7815
5826
20046
22964
22465
1723
18323
11578
15463
785
29478
18553
12416
633
5824
12365
5525
13115
10012
34586
8093
9770
4916
6
8993
13129
8455
1897
5453
20966
8126
34439
12250
18413
1080
14402
3660
4947
8323
521
4891
46835
33922
3871
3798
3778
21355
5348
28609
26043
2188
29152
21736
31090
10463
30563
42722
10143
747
366
4177
16430
2246
3632
22148
23719
20110
14923
32688
17373
30303
56713
6246
25300
11959
50569
34251
11143
12302
746
9611
29327
32246
14852
35581
7897
5663
19760
8399
1959
8477
15235
46644
201
2046
431
13641
16823
6
39859
50928
8247
54949
45047
6858
752
9137
35732
4294
41264
10682
16348
10595
18130
28826
20847
2978
4202
56427
1702
607
5106
33409
11207
21458
14643
777
1948
24937
1434
5947
23286
12893
17733
18258
35058
8069
3575
3215
5397
6240
19575
7212
7452
5870
35874
18347
25998
6531
2202
13580
10618
2868
19899
7583
1300
28402
37213
16334
1007
19735
3243
47373
11004
13298
45489
12837
21944
38978
1646
14138
15219
14710
7530
24479
10502
2686
6688
548
25770
63109
12763
8627
33524
27720
20536
13380
13493
12571
8488
5537
25112
13097
2723
12710
1942
82
7554
16361
9557
9691
2371
12366
2072
42963
34673
1828
13606
607
14839
2395
33660
8956
24435
11741
9011
14319
12034
6231
22195
23165
14789
2683
3639
11228
2364
12797
11479
2849
11636
3960
9285
16400
29794
28918
1698
45699
3851
65
474
30597
13896
5699
38277
3315
11259
681
3760
45171
6661
11365
6723
15087
5079
390
30147
10887
25713
22227
13256
8602
8038
4751
43187
18411
42432
7050
28732
1624
7595
9718
19415
3070
4492
30717
4167
647
22355
11784
8264
25261
806
3036
3042
29132
5520
494
40077
13354
21
46840
27572
17756
14245
36135
30938
34734
36160
34588
16124
11588
4635
9058
34086
3036
7683
44998
17109
27803
16398
9506
6859
25300
9382
27305
18852
31590
12383
21464
2091
570
2311
318
30379
52112
3426
31136
6839
16420
1627
10784
7300
53654
18672
21012
26680
266
12927
912
58421
24664
263
25755
23487
10069
1377
7315
13383
13176
5607
27747
19707
5853
10851
12433
4211
20723
19809
21354
14433
7026
6194
27737
5178
21067
2680
24077
14093
48092
33291
10873
540
26929
13560
44707
23745
11436
34188
7086
3293
11077
32003
47243
3737
8266
23887
263
37202
25817
32033
5695
18586
38
1273
1871
3709
2672
8060
18083
18213
6728
34159
2106
19266
7302
43167
33121
6541
56061
5211
5986
37276
9647
12455
1522
10957
23203
53996
3173
3935
29153
27438
30208
22861
2004
18929
7384
29422
2580
4165
30783
41451
13038
26657
9864
9787
8463
44353
4058
8332
12115
3373
34170
4441
2984
11421
121
19345
7461
19697
2404
10224
1541
26796
2006
1719
16977
20114
44084
19538
6009
57896
7482
27805
1061
16938
14281
4113
3649
27080
8290
5039
26709
3124
2711
1
38928
5027
19885
4304
5652
3515
25594
15076
18031
22263
2111
4507
10331
11657
9347
63
18580
8040
854
35223
4317
8089
31816
10390
3158
19461
22867
21595
9755
30139
25484
2759
13761
14353
8780
1544
1472
21543
10393
11770
4280
2053
1768
4891
22904
42052
29462
4051
6376
313
18007
1070
1008
6193
608
6711
7224
12357
7016
755
2445
18157
1479
2072
46317
1210
2
39112
10010
8402
17381
4867
47821
25718
42729
32137
1
8712
15870
10338
53152
41250
3805
6861
5673
4427
32522
955
23011
27191
23289
30854
17932
10875
2030
16121
34553
61937
17359
47990
937
9007
24869
5437
22311
2835
9402
794
7436
5308
28771
3700
3988
8298
18472
18691
29656
325
48596
7125
7359
4567
5461
32470
4023
8903
27675
43610
7872
25247
3031
54927
9100
10445
48807
1971
9851
3060
3603
30256
22234
7685
11591
2159
63
48944
1528
6404
2375
11137
1348
1105
14283
22379
21401
22480
41865
452
33487
19878
14116
44477
3751
1704
2329
14427
11200
36482
301
3120
23540
9740
31457
12883
13880
1526
6547
1835
3646
33086
5218
46247
30413
5074
23609
747
6822
10006
5529
4
18871
23667
47685
1171
20381
24584
1429
3096
31540
1501
25024
162
26232
1353
34746
5990
407
17995
37751
36032
42369
14315
21949
1783
2454
21252
710
1
6644
3237
10506
42973
34082
12824
5
7492
17025
41348
5999
37623
17721
1660
16574
31034
16654
1753
21520
1851
22578
28617
18563
890
9272
23575
24344
19137
739
7522
30153
27718
25964
8937
8939
4077
4710
10533
7735
56954
21447
9309
4859
1545
11224
1046
18890
2791
20306
32201
14272
14878
23584
19443
2457
25444
17072
18138
5600
287
2694
5698
9909
25929
39776
24379
17960
39402
7960
29935
8076
424
17958
6925
12210
11370
14934
326
3
9130
2458
3814
40916
39407
16673
10823
1507
6422
2814
2839
34759
2421
12795
1086
12060
13094
1807
4326
34405
12485
6540
13588
30436
2281
17201
13728
417
5784
27035
9462
4769
2544
7082
32790
6354
27751
2986
12516
5372
3766
2510
43761
51295
1610
9358
36681
44931
5371
4492
9703
17453
17924
33629
4404
2200
6220
14
7771
33509
16628
11575
31459
28041
27615
5064
50659
3639
5046
15686
28
53693
26363
23852
17536
34204
9450
1399
4757
8585
573
46738
2288
19759
4424
1103
485
28750
27298
20678
5993
11667
912
34098
41653
30777
1543
10367
2190
406
39067
27155
29143
600
1246
39264
19828
4192
19417
35428
4985
48700
52747
6627
817
18475
21002
10317
31447
1316
28234
6
8019
31573
22489
30805
6573
16156
489
30068
3137
8010
14896
33581
29117
56936
25109
10741
11769
7717
7897
18206
4586
19677
6149
50637
36527
7090
2316
2184
5597
12198
36027
35218
22280
4647
34023
18901
25469
19516
16193
9846
9163
6990
5430
19692
9078
27251
11211
22856
43238
25692
5408
9593
11138
372
2301
11938
29542
14277
26599
1787
3990
7329
2597
23750
5911
9693
2943
10666
12655
2
24290
2374
58844
4104
1690
29906
21348
12184
5751
10567
14282
18886
29954
6803
27086
9466
4986
2475
31575
4930
2717
6687
6792
8089
18187
31818
16
5138
23427
36829
15307
6550
26553
11150
14592
4925
3500
29601
6324
1170
1598
47136
8751
15903
20663
10610
22963
6120
9361
56476
13127
52014
6019
5993
55869
11143
12253
12
17513
19018
12775
43595
4291
29579
3337
6425
27738
5564
5804
1502
32619
56639
42644
849
3017
10485
19583
11238
13726
40525
1969
6008
37553
21386
27494
3067
12503
19918
19824
9393
7406
21211
4424
26160
45185
3010
3855
7053
32109
15941
18430
24163
53605
39255
53578
14189
4528
7599
12216
4590
11248
33482
34904
13329
16110
10021
230
3888
48976
1039
25824
623
7652
16165
40976
51747
2805
4
16384
13444
47073
3651
7776
7372
18441
3639
831
762
18639
7141
41161
7736
385
12777
4183
20137
15157
4768
48163
20115
4779
6539
3285
28129
42960
15525
38927
2068
14314
34784
12190
7189
17126
5907
13451
12697
8410
4194
44255
18692
1305
10457
4016
31750
3881
1143
25780
21218
20049
957
15926
11668
15335
415
11071
24199
5298
23992
39781
22154
4808
11582
7512
358
8220
32519
19520
11181
9678
15267
4301
6699
3463
17761
19466
6678
10029
37603
5058
45770
4963
38400
13122
23801
2
14348
14481
9774
29289
16063
5680
3085
11649
2714
1244
18
15335
21679
4752
14336
25548
18778
19674
27875
5412
29418
8848
2238
20
38664
27130
780
28404
47764
5779
39540
15655
633
27494
19819
29527
48836
31244
31969
1838
43859
31623
14381
40996
1
18344
2098
1022
2631
28741
6192
44513
17691
1374
17889
26242
8665
22023
2062
18145
6727
29080
28435
15460
26315
40186
5318
3408
3827
6824
27151
9483
45261
52626
31384
46886
49573
31169
8602
12042
3206
9192
1450
36304
15231
12829
26252
11884
26108
43240
5349
15962
3112
3263
7864
3795
2094
18239
20709
28029
19306
49516
26260
20071
28880
7099
5865
43343
21711
8420
39462
15375
14651
1913
3731
9943
23191
59036
24501
20054
5482
24226
6310
492
26273
10627
29383
8778
20411
506
5199
11327
20216
1
35424
1602
614
3843
1387
18318
54723
13006
2795
18539
18605
21727
11233
6403
28819
10893
38275
856
3602
33674
3449
7047
3803
5041
33533
23883
33276
15611
16203
32501
20391
500
11877
20147
35964
57892
4498
864
16657
3344
14139
1022
35234
1302
11528
45014
46996
5705
305
23723
3268
15140
978
15597
9048
15097
11
21235
5628
3179
2083
28739
39641
32540
15595
8211
25644
2585
8260
4
22542
5890
18227
563
8651
31950
11388
13672
10256
26498
4375
747
5642
2615
29169
30732
2549
33152
53187
9028
1079
19509
16191
31577
4277
37169
17179
31889
4954
24193
29996
11083
23731
22703
53647
580
4016
15364
7785
62060
32386
1552
251
21466
2214
34326
37856
24192
15931
40039
30934
28848
19155
4437
3829
16574
3183
10830
1312
22558
2061
34165
6805
13777
6803
12595
26107
25285
41962
15809
29395
878
32954
7107
4806
2405
2676
32254
30181
17113
24514
2059
1625
27102
24610
6698
4569
6711
4831
2937
30744
9341
22872
25999
8920
13577
2054
4664
12022
31545
9540
726
6374
12971
15264
7
11972
58044
6773
57442
19301
25996
3259
3335
12593
1924
23122
4958
9024
51335
9502
14506
7850
42997
41019
22740
1170
11035
1392
10188
5639
10568
3609
3100
15969
18090
4960
20112
4795
9137
15792
2125
55340
473
19906
1503
1626
32938
4545
8951
1239
69
20439
13931
22138
31088
34831
3065
15784
40009
2787
20114
57558
1025
51048
8106
2908
56915
16813
10379
12181
4337
36985
2899
8412
20904
53932
24907
16099
3334
13077
22433
36514
225
25640
9321
1781
3001
19766
148
9816
6396
548
13141
13267
43103
38067
4012
3518
2650
20450
1039
1978
17951
33784
7453
7317
36559
1229
10674
20996
7014
3485
7960
27660
25857
12207
26384
19728
30168
812
166
22896
19768
22279
41944
2614
27133
9856
463
11035
24467
8820
3880
11927
17599
15675
10096
26676
9536
727
1894
18610
18413
2402
4051
27606
1037
9090
24831
21061
5240
16326
13804
31905
4107
4535
23015
37310
778
20203
23350
3200
14042
749
28502
1564
9375
49682
17072
20884
1233
3177
13068
6684
22651
5868
7480
16810
21609
2733
18447
3866
28805
7658
6115
1359
7960
51387
7693
13238
6219
35428
23008
998
56829
5351
57368
1250
24434
4475
22756
5386
9427
575
39828
17898
6495
21654
19487
219
4672
9622
23463
21092
5045
37891
30766
8261
3327
12375
1721
30085
828
55844
4
33867
10776
868
14086
4816
37149
6728
1980
12140
1491
1347
17951
15525
2385
21725
2950
23418
7264
231
14866
3494
25240
10066
10180
8720
16745
44871
17309
37182
8525
27204
5956
20772
10350
54232
681
6973
8403
13882
762
8486
16061
30321
13479
15945
5076
6744
24503
7168
4720
21917
33263
49661
1947
27
27450
8556
11196
17235
35733
7233
13004
8926
49499
6278
7055
1318
359
44155
34134
22167
333
53671
22787
3160
18559
11075
7482
6136
10359
5866
39880
35710
32349
8323
29373
270
11606
24474
18740
7236
12047
13276
1348
5775
10215
7630
11109
1647
33801
1663
49522
11495
18998
47
40115
10182
21528
8063
913
4812
1701
7216
4033
40705
43554
8980
16456
9462
953
30790
15120
1432
4211
2355
16085
309
8800
700
28717
33817
20651
10811
32249
39158
3996
4720
22077
687
15924
17748
3785
23411
11066
24179
24141
16436
26301
47927
3193
8551
28021
627
4209
30624
13870
4591
26320
8347
14433
4715
2768
14043
2758
8238
57418
1427
49473
12033
26078
996
17379
7528
617
33425
8769
27465
1719
1074
8811
34452
1634
1663
14259
16252
53313
42219
826
62363
4195
36531
3290
41675
10112
18995
6700
22767
243
27330
21357
7213
3045
25803
7754
38510
14154
16702
3419
5296
9506
45792
9770
1493
3541
7378
12512
8206
1342
1
12241
5455
23243
11008
5725
12066
53055
46017
2917
11137
7854
50554
6583
7194
12206
1891
12986
5081
19724
11
18653
646
36047
4337
15212
3489
1749
37709
3165
16061
11561
12445
45715
7684
820
59737
27603
6018
32361
10801
46928
21912
118
39461
29413
11480
8905
3432
36143
43408
8387
6020
24613
27369
13454
4519
23770
52652
25993
19983
10538
1023
4175
12416
42143
15505
22907
52814
2684
35713
4189
9470
17090
8533
19077
9250
969
23068
6790
16732
23836
38199
179
5761
20648
10903
49827
4500
7341
27600
5164
15840
11683
23074
3563
10093
2090
22931
5948
12520
5303
19187
7015
11986
40767
4937
24101
18698
3
8433
13025
1697
22251
23207
46716
15245
15865
32715
6548
371
13160
21699
14886
20125
4593
14340
7622
16373
27215
30104
2599
31725
17258
928
6589
49228
7
1208
8862
1614
480
1636
1217
40760
3271
8765
37339
1228
28823
19857
12503
14321
10365
4125
6130
8904
49245
13173
12921
854
19787
2968
69
9507
25840
28283
10914
853
14094
492
39639
2962
5714
2
22465
40444
21420
42814
9954
9618
1930
28071
19184
1635
42343
26
25741
2244
14310
26006
54965
2207
2002
4808
11030
21969
6171
7829
2235
460
23866
25641
30594
10719
57246
1984
18840
3474
27834
21137
3861
28
7835
2040
8778
21260
4514
1684
2725
2652
8303
21459
33474
2135
12465
7615
1176
4516
203
20010
1129
27629
10
53690
5749
15964
4556
7578
3929
23617
10281
2174
33661
22671
30366
3247
5548
1952
41636
3013
15026
438
7243
4581
8078
2358
2436
21364
9508
7025
28445
2268
3582
4776
5195
6
1
15535
1424
2274
1113
20854
12088
16663
764
8730
10700
30815
35934
59644
20393
13233
42080
45339
1833
2661
10329
35550
37243
5300
3690
32497
50977
23471
3071
11441
33853
3512
3909
5102
16598
6406
1848
7654
18862
9
35801
3060
12131
4301
8611
3020
6288
11675
34155
50863
4716
9527
22
13227
2614
5532
8708
12969
3411
30763
48436
22215
5445
10391
19151
8724
52
1028
8646
11368
9489
51166
1799
15073
6290
21051
4992
12947
11202
52575
24016
3008
12
28417
20535
11998
19638
3023
22912
19721
15218
21996
20377
2438
4632
17536
4250
6428
27307
19699
235
10359
6665
38964
10121
1489
11958
22744
24592
6508
29528
29061
22446
30459
5443
21565
18737
25175
3653
16730
31870
980
9310
14272
24523
12136
14744
54987
2766
2722
17185
48677
2435
289
10418
3803
5786
28419
1600
38782
5285
48409
25056
3711
14684
41697
899
29747
33835
33614
12321
3817
10830
31751
44545
1401
37055
2338
8822
2024
39730
268
719
45029
27382
40342
12008
29506
5619
35791
5436
20277
17796
11928
2720
19290
39634
3531
3856
23391
35179
10773
10521
1521
47017
4552
25374
3988
24891
27822
17209
306
13952
1374
8098
46743
5295
16363
28957
2317
6361
17
5852
1682
18483
21568
26962
28917
30326
19568
23398
5407
2
30693
12661
4194
5688
6832
21041
31660
11352
7884
2752
14923
18791
2927
22632
45397
53650
41730
2273
11606
2374
37092
504
25959
13294
13022
55415
6
46945
13268
9354
18797
12306
11548
55380
47315
763
16227
23666
38568
12450
6911
26056
304
38467
32729
23227
478
38589
34262
45120
16791
5485
30858
104
29035
273
4904
6213
9250
12
18047
17555
35079
5466
26447
857
25283
11558
2021
45806
30135
3160
17547
8818
7033
1229
3331
21964
40288
10064
32674
6366
26491
29810
336
21328
3635
27403
51760
4154
12050
509
2485
987
14886
14586
2592
8255
5572
37
2231
44884
43906
5985
19430
1064
55679
2896
32784
9659
2176
5586
20612
28090
5187
829
6053
5488
22309
2318
17126
6909
31944
21541
7963
25347
16019
14271
32990
26715
22133
25755
21726
21050
1455
37520
279
1050
37642
2540
35937
2563
348
6356
20310
26908
1246
9149
14477
19956
11668
12087
35673
1087
10256
1412
5081
42402
57333
9209
4538
29449
4866
3129
13349
43557
4738
15626
6506
40611
10651
4976
3226
15762
1088
20459
10778
24430
29635
9477
14868
16353
251
55115
7313
265
1802
40537
1324
3190
26565
36583
9803
6883
15407
4091
7036
220
6077
2473
2050
9931
5858
1372
34327
38057
2010
10800
9747
34453
42251
11104
34456
19629
2581
224
42916
31762
10414
8584
40705
4208
18350
9690
945
54102
4503
13477
9711
28708
5897
383
24363
22252
4358
36871
18976
19089
11169
4779
25758
9383
30008
20372
22947
692
2635
3601
25349
17150
16131
5812
5302
26
26243
39029
7909
895
457
38781
6444
45379
3548
20474
3038
45747
5625
29619
4842
4605
841
6527
39004
406
7662
20558
6744
1562
438
46831
5220
24113
22138
14936
12752
13856
24848
12659
987
34976
24231
29505
750
3473
23341
1191
6439
24800
1429
32459
19937
45704
3252
13890
25353
27926
3271
8678
16362
33429
16598
42483
384
24958
27200
18025
35898
8593
30066
14891
188
55650
12048
3657
805
6815
15401
28938
6538
1502
34095
8549
4524
5547
15480
6344
3069
11758
4824
29569
8463
16414
6969
5096
42410
20727
17361
5591
8621
5559
9874
27569
845
22553
29677
530
6113
22852
6170
17614
666
24388
14062
2403
3310
17312
13912
28537
32633
89
4851
60382
3435
878
18298
9459
1241
7847
25496
42752
526
11982
10249
7633
17679
24171
3813
6858
21693
437
44424
5381
15549
24573
33084
3801
34066
50866
15961
3911
3261
2039
21
18498
3721
144
9918
1
8157
4921
850
33620
20419
30842
6025
2234
3920
16001
28546
5537
16765
5523
16720
8586
57726
4712
1204
12454
2136
11100
28809
4971
5159
2241
4048
13030
1115
6753
21494
10456
1690
4359
23833
27154
7504
20026
5819
2289
5036
30411
2832
2574
7159
2106
10517
35692
13955
45692
2472
24488
30884
17351
17880
2403
31032
16969
631
23843
28143
21342
8671
885
4028
43965
16744
32133
23577
3735
7083
157
2402
22018
2402
23861
21881
2390
15
9110
9329
46486
58217
14026
5890
1681
2409
24438
54144
45593
21110
6845
17304
20965
10053
25458
8265
2472
2574
8168
46134
22971
21843
15708
10798
4212
4505
882
35532
2891
3601
15127
1240
48700
14537
10299
12929
12515
11593
386
4219
1084
19004
4214
2305
14442
9184
293
2
32353
7287
9596
24192
17231
2069
23497
1988
1130
39773
4406
9118
56271
22023
23222
17616
12837
8723
45633
15799
26448
51524
6841
3793
20530
16592
6804
16555
32598
2227
22537
1610
7305
9137
5398
1094
2418
20133
20933
58705
9962
8906
10151
2859
20143
37253
10071
7124
26966
1246
7612
16619
6610
971
35561
3183
32929
53682
10072
20907
13389
17436
22979
3499
23225
18535
11857
15121
11757
8452
578
5294
5915
6150
39275
1748
24
26985
3623
25725
5284
15854
22561
24252
2428
4676
2033
15162
31867
2961
8224
11282
7056
11486
49191
6645
26855
313
45406
37271
1639
11783
20264
5906
10940
6018
26162
35177
10
39718
42436
23474
54260
4444
5376
16101
9795
33032
35283
24210
9923
5853
11788
44823
29410
52881
2662
9092
29829
31986
27209
27343
9899
33856
8668
919
2568
2
8747
10340
3867
394
11371
11856
8260
4789
40775
7861
100
3671
16065
2103
9571
4905
48422
5384
53891
51724
9719
22626
23612
15964
14357
18218
29786
7193
9379
34099
23339
10423
28496
8811
13957
8380
39649
16627
5208
3558
4805
13386
12021
1512
373
565
3115
24903
4728
3372
8478
8184
24197
49746
4042
48059
48373
20716
24650
2203
16847
33809
56092
5990
14706
9971
9746
3401
18953
21659
59833
36716
2013
9983
24975
13796
9786
18634
23846
13775
8
9303
29526
2898
8502
1713
1412
13230
10717
2469
7367
6134
12448
439
14086
210
35736
36383
707
2066
7006
1658
40596
8842
44311
15687
35810
10977
23068
10300
8666
36039
33157
3102
31534
6297
46248
255
8246
26765
12359
14238
12848
15786
46878
5260
6291
959
15108
10982
18557
1755
3443
9916
13490
8849
1951
242
3242
6271
19121
2638
23000
21702
9937
16429
24821
4
18986
36978
13844
1970
3149
9941
31311
29617
3473
4582
24214
6280
3914
16915
45216
33075
15306
2335
19331
17231
41366
6882
8720
25009
2272
39396
35337
10492
1779
16657
8821
16980
6932
677
28055
9834
38542
28267
5
16809
26643
1216
35024
16146
3734
320
34732
35382
7533
5514
10521
1824
17552
28347
24721
54053
30544
9469
2840
9166
27068
1377
3411
12526
137
24772
18436
33243
9777
4290
32124
11014
7818
33452
1373
5527
5958
9790
29810
11033
1282
27936
6223
4965
6098
12252
2906
17647
12855
51104
9053
55245
27383
1791
4891
44588
20057
427
3
34084
4072
8025
4070
36454
3347
2291
10
10941
2560
9069
25666
27757
22310
11553
14669
9672
37653
605
36092
2793
34657
2455
668
21204
22880
33624
1705
1487
22147
31358
36156
4778
2150
28921
18980
45452
7297
17931
43612
2537
7324
1605
13846
20713
47923
48404
31382
13987
6762
6174
6862
3546
28489
35992
8884
32054
4690
49622
2219
9907
2714
5336
2559
1965
22847
2207
3844
847
9381
690
37480
8573
599
30781
9034
1782
4655
9829
6169
53621
387
307
14741
14102
8359
47702
29222
7544
752
16638
24507
974
12062
12636
14230
25136
8246
18946
12947
9778
1564
29768
18163
23609
48891
9779
2067
11427
16473
6504
1516
8489
16438
13182
12920
21528
18933
56417
21337
16730
6008
16593
21812
24903
38801
7083
39913
38130
18389
24664
1902
19605
962
16061
20246
44217
7673
1786
46759
8154
19717
29755
2155
425
38519
6781
15978
27192
2232
3254
31408
3294
34371
46227
19675
4494
9316
32702
11619
2722
5011
9613
336
47950
2979
19615
19462
812
35454
30607
3694
11185
13535
20829
26414
6552
19518
5103
18809
21148
4679
6484
16082
24766
9070
6434
6915
4421
34216
2879
27794
6720
5017
8211
24539
15534
8387
9897
2511
23573
311
27616
35349
37844
19328
7783
6670
2325
18245
26035
11986
38210
28031
1543
14827
10106
33361
10368
29677
1030
3976
33195
25104
7476
2206
33220
5934
17013
13709
12860
37776
5918
44698
8457
16031
1382
2308
13130
47961
30330
7032
16712
27413
3456
13420
9364
30251
22948
8633
23913
14614
56
9700
26137
44312
13853
33857
1984
21880
2930
13916
3934
6086
9673
2223
5226
11057
7672
3350
40730
7586
7803
12911
6199
10722
13953
30082
23562
10295
23526
32678
1344
6669
3465
2340
1547
3862
2047
44161
1495
24204
23701
9176
12
3845
24613
44225
17267
12322
5506
11197
2329
6397
3762
3038
9863
363
1046
9595
5149
27154
177
15405
530
22730
19093
2831
5050
38416
3226
53650
26564
23006
1677
5875
2924
670
7758
299
9017
3782
2329
32636
12147
3085
11049
41154
15493
39081
20805
7137
892
4657
21256
17302
27755
35744
5174
19129
18063
4751
20800
5607
4863
33287
15014
42345
299
22302
2832
51034
35427
8143
26456
741
31976
14835
3397
11047
1269
13375
7407
32276
22383
13731
14413
14713
5697
4409
3790
44723
2648
4973
13
19618
7176
9571
15806
12337
31974
10435
32653
34461
4095
8132
22643
31156
48886
815
9863
33911
37661
17169
5776
13351
2480
1287
14135
3501
2710
2354
31011
13470
4599
44362
3312
3463
3489
8597
556
32359
5635
4111
17123
23761
2585
6566
21495
13
6788
2357
7802
16578
12107
15739
52277
5353
1924
20030
3897
22798
5893
7485
4894
31265
23411
11427
11040
23307
13091
17768
30779
8573
18232
2274
32724
50578
17673
19791
16686
27218
32698
12089
37714
1673
20119
1
25737
526
4044
29229
11279
14848
23278
25885
45447
3585
61
22387
3869
4878
23854
51163
14131
1291
55329
49147
9979
24838
14699
2067
8758
30614
1993
1648
39139
1346
5517
35641
4422
11665
27892
775
18867
6958
811
5774
1743
43087
14224
42367
247
52853
24389
42756
14656
46815
10703
21462
9582
9362
263
41424
4776
8298
8009
47217
13923
20118
375
13692
35503
2140
3
41555
6288
47045
22177
16257
16413
31392
8170
3709
5859
405
30724
5679
1858
2558
30044
19254
9395
11450
31935
3706
6940
6168
41161
6850
6032
43713
24774
35777
3217
4237
36024
32132
20357
6276
2961
5196
39605
33884
20354
15481
19822
49489
28230
23347
27741
8599
6124
8377
30279
18125
45505
16880
31915
6316
11007
22876
806
38636
14276
16620
17224
7042
13593
4331
27804
6264
53845
1292
10501
13459
40034
553
8982
26526
15034
44
9279
17706
16871
31005
5052
8481
11171
1772
2500
41926
35119
14539
29885
4721
15972
43344
4884
6979
3098
6154
14571
44295
13434
19687
14306
517
683
36478
23131
55532
20446
4
672
10538
22660
39497
16954
33703
26056
4948
17907
1483
4223
316
2874
27372
7891
20677
31181
47004
58064
17321
10489
8050
1
3949
3915
2251
30502
16444
21991
33122
15076
17692
8768
14470
17614
5189
43232
14261
2877
12722
37854
827
4181
5441
854
3855
5663
16451
45146
39847
36403
7982
22610
19791
3907
16
18806
13694
38790
49505
16356
44525
2253
2352
13443
1775
8913
22446
31728
3437
12331
9384
12567
33974
14971
10517
28830
10652
44623
23474
19645
8062
13454
7590
1411
1948
52903
3169
7365
2471
9666
28088
48018
5503
19585
38559
10786
14206
5409
2791
663
6729
5886
10688
486
5510
2399
687
973
8805
9091
10788
45554
28817
911
12158
10583
7556
40615
6681
22715
8233
8850
1923
2070
10770
1711
674
1
9494
13153
29822
315
25947
6260
2196
44611
715
11053
36668
17015
3733
1630
29612
23796
2887
18938
14613
6113
42893
4482
10861
10351
1438
2632
10360
14048
41254
8571
45307
2939
5217
45340
55070
3953
8006
29966
9456
5497
34848
8354
22607
16192
5703
50600
25725
28365
10752
10739
55271
702
23609
3633
15595
12941
893
25290
5418
34361
48539
45399
12426
3695
21185
5582
9070
659
717
44202
15470
15206
1640
44619
797
42957
7606
48226
17989
4373
14631
8745
292
17255
9851
19938
28513
1649
8699
11360
4815
12276
25974
15865
24080
31682
535
26
17831
22937
29472
30562
13454
28417
3
3195
8589
954
33814
38748
7951
8319
12384
718
23667
1088
449
17975
13750
47323
10858
1019
45846
3469
15107
21731
48900
57297
10478
17812
21358
2646
315
11442
7339
3816
9825
4656
2172
5395
1915
29329
1121
6430
7281
14512
40611
2376
443
6739
29717
5831
3783
5796
49438
37271
13113
261
15596
25641
2556
8126
36305
42457
20878
547
15
27042
21578
15370
3450
7622
13522
340
11909
19846
44123
20900
13130
3908
15593
47382
2159
32605
2228
3003
17667
22934
4000
47937
1886
8021
2039
7115
16314
1230
25624
25876
5946
37452
17164
11481
20966
1201
45479
15637
40051
15705
3946
16143
2056
7304
5260
7559
3330
13028
1822
50062
3052
31103
8054
5229
44361
16295
16924
3856
34900
16694
8028
3412
919
7412
27799
9456
25340
942
5275
9877
11518
1956
7749
1106
1367
6492
1855
51701
24825
8362
31452
10815
3364
2147
3605
13908
4353
37824
53488
18053
2350
5887
7999
5831
7267
4873
39507
16185
10852
5052
1391
6345
29413
15189
7568
17745
36722
20869
36472
11792
25033
6124
6694
14393
60752
1318
6820
8139
14785
2612
48053
17245
1374
7747
26457
1409
12091
15484
25890
12572
1874
30719
754
7758
5137
1064
2508
476
43496
881
45598
48512
388
4964
1918
23482
114
25299
13364
41956
12319
6859
311
8910
2782
4242
40904
4577
3834
1499
1563
26078
28398
25249
38705
7086
1475
3216
52319
3842
49
19488
15272
49758
21166
12605
13298
9253
11223
2700
3637
13778
621
56249
13262
24324
10788
15313
34408
3197
2934
3160
5918
7431
37499
11431
42568
16535
18643
41618
28649
11541
20283
15314
11434
28431
17881
14855
1947
2857
54131
4662
1017
6003
8523
10484
7568
4916
27120
3905
1089
2086
3164
7483
3330
15329
31789
21672
3882
2167
27037
5864
19004
22901
2319
4595
30600
28871
20538
2890
24032
30177
5470
22420
53406
6674
23367
675
11072
501
38127
296
748
6070
27709
13907
22251
32890
5759
1507
8970
11029
463
2985
6035
30252
32804
1
8813
41468
2947
8640
11078
11029
15677
8703
30053
2713
15773
8483
6175
22599
36185
14040
12458
17884
38636
9505
3460
873
11842
5108
4167
14775
3875
42282
12200
29136
22410
23207
946
8705
18263
8812
1723
14373
887
1582
1739
52340
26557
823
2942
47686
7773
2833
1173
23906
1976
2254
3342
18813
4117
13403
2612
10267
15927
14513
6230
55146
17906
247
5763
3575
15031
20275
4596
948
3912
10796
205
14888
25587
7470
1995
18776
13482
2364
3881
527
4665
2538
36472
44532
4005
709
26314
31139
1435
14823
6884
10826
4570
35773
19053
15761
10885
5453
5894
164
9344
18331
3479
11762
11929
24017
43982
14453
5164
148
35056
8961
2065
8477
17178
9509
14552
21312
3003
1
1000
296
32509
44048
21668
9571
25071
4358
5928
5970
24634
14601
6843
4918
23674
22722
5509
4091
39269
17087
15056
21453
13093
24852
24606
27723
2201
20328
18907
2500
8363
30907
4245
737
11135
21540
4647
795
40521
5174
1670
15533
17519
3407
34342
32742
31396
34928
8137
26007
7139
2297
15445
55482
17058
6214
14713
22450
50
26713
10515
30213
11085
5449
8944
34261
8970
4036
12738
8824
2443
4564
22298
3512
17120
28688
25148
14366
1350
34199
59025
1940
5805
1956
1604
54549
4032
4665
41378
11017
4039
9536
25368
46877
7897
27141
1929
48652
4739
11314
8711
25357
20140
11641
11089
29337
21067
27465
6294
3605
712
22031
55696
8361
4027
7138
1830
16313
57787
11232
2897
7000
30657
1664
18342
14796
32253
1220
2201
19
2507
37847
24431
14139
25222
16909
49900
1074
24596
49647
14666
1661
18882
10629
3047
12120
601
34628
36790
17981
6253
30676
34101
19937
29500
15736
40131
19323
2519
4467
4186
15216
27886
3698
41936
20864
17447
29785
3328
14568
3786
14034
47224
44875
14675
28068
33850
5051
49
8560
1168
1079
14316
22165
9470
13670
9911
13001
53251
20530
34446
6175
4932
6932
20908
16334
11
8502
546
6589
47159
1956
23
15858
13260
10124
675
29771
1609
3027
4974
10883
30095
23982
5849
4486
51674
20643
4086
1670
7254
33884
211
5609
18456
25150
20910
23371
2265
2356
12666
48191
446
2287
14465
33297
5059
32006
7973
5819
6152
16089
6261
13963
3732
2133
2872
1560
12451
9768
23023
1086
7266
27500
5847
4998
20829
25118
21067
3551
23063
20795
923
5838
2829
3553
11349
10133
2609
28650
40708
8166
18441
4722
8578
34293
11635
9758
2119
42675
12865
5395
2153
1669
3237
465
8102
28507
420
4398
6064
45637
1911
35229
13332
7815
14923
47402
23385
14601
1
12734
37132
34679
30571
11923
13831
51629
21
987
2282
6956
24277
658
16642
34916
2780
12804
53371
47078
26026
11978
33618
4745
2907
11699
9181
19604
2298
601
13681
887
6884
10617
15913
22510
7734
7049
2928
1748
14359
1801
14893
727
1312
3625
23806
17542
21255
27635
1559
7553
13622
19562
2264
6766
762
48672
11003
17485
2780
7820
7469
2880
11501
940
40337
15946
34399
4295
22402
17928
6737
3085
5941
7270
2444
8362
29188
35914
9
52703
32268
38639
927
20172
16313
37283
365
6207
9299
3594
10769
43478
9374
20568
7417
6544
33498
12889
7371
2204
14728
7862
12249
2216
9150
4510
38637
31233
1099
12010
4724
18780
1233
7268
8919
738
9845
30723
39570
22136
11599
11076
24890
7394
18655
56662
5
444
1047
415
3799
2146
4736
3935
1479
35357
412
5330
24744
9852
34297
29698
7872
1121
28400
9246
34648
34763
7909
7961
5213
31958
3791
3078
3042
34191
6856
13956
37673
4443
6817
3959
20022
11655
1350
8891
8789
29098
329
5636
51989
12943
25940
3670
40606
16911
45528
347
36253
31408
5889
51057
37518
27412
17623
2435
21526
1031
21596
35501
33682
55909
26831
2554
7383
767
1861
11437
40648
9741
5329
17168
30590
18081
28050
40208
7367
30558
928
26349
25530
34527
2896
3941
14590
8685
18726
3433
5684
38882
26209
16047
26146
314
4721
10232
18829
13787
10300
20414
1351
3090
7871
40932
13
9662
21380
18782
521
39394
17975
9133
1789
1103
4697
8510
10268
22308
36283
6259
492
39004
8076
11351
6
24508
10185
696
19302
38580
18
21516
5786
6246
9775
38698
14047
15133
18929
45962
3082
14449
1605
10408
6507
22154
31960
53660
5867
7660
7990
17281
4
17033
6791
13154
287
15893
21993
18584
34786
4508
6653
51652
11473
18736
5614
17022
6803
9235
4878
1698
12437
59702
2645
3944
8167
35658
24435
51969
7425
11266
26420
3917
3145
25170
51111
13830
2834
30777
34404
551
12785
44795
25675
3740
9897
4760
4353
22372
23023
13957
18633
6575
31456
4858
26824
15786
26346
7729
44373
21576
28373
16
10052
11932
39658
1652
16476
6206
1363
8901
6603
34033
30200
10584
12018
2880
32945
10774
33714
439
21620
23487
589
4862
11033
1861
36425
23849
28135
22092
7174
6299
2858
11
15625
2605
11125
8070
20182
3665
15169
29585
31094
9781
7375
2796
8697
19494
23045
35772
15475
4890
13343
8398
19197
8712
1008
21621
31662
34885
33488
35901
29769
22019
48201
1324
12340
6799
5404
3611
12645
12871
5312
27864
705
45709
31112
19511
23942
4540
22494
17044
4080
619
24214
20
10837
2060
17211
20865
1354
10651
23247
38122
185
673
22217
21544
52596
5679
16279
22145
18603
26104
14231
24082
412
24974
3362
12545
34085
887
18651
8150
51504
7100
17706
7851
8343
31338
14906
14294
13477
3320
5567
15366
19432
30909
956
4965
7648
41
10537
1
11784
23747
27948
35216
24488
24103
8160
2284
13616
27950
10808
3922
5371
12464
38
14758
28220
5194
29467
15874
10284
3703
31307
5
106
3305
44286
3299
9905
38951
16501
2779
4131
9775
10830
30460
27137
4930
640
2539
3852
4710
3505
18915
35034
3143
2707
1396
17406
13717
10632
23919
23851
15164
822
27646
681
1868
12625
1572
4727
4721
2444
11575
5195
19379
20475
19082
13445
1525
40374
15171
3688
35805
1945
13486
24476
675
10385
27879
677
18698
917
26228
2537
10313
33792
3865
37962
12339
3
37735
4323
5186
11180
62638
19802
2559
8396
29215
14190
13085
875
32331
28652
10486
28413
13264
23123
15591
35694
6030
16188
24059
6599
7118
3361
1750
378
28768
4936
3206
24755
7015
33
6846
20856
34095
23412
5278
32584
3191
44159
30134
22119
3021
14080
16936
1048
319
48470
2238
25190
6036
4093
339
28492
1875
17545
26102
47275
13270
1645
10705
19
4858
13974
5568
20979
1306
10366
33530
30733
1315
19657
13296
8274
47788
23687
3982
5856
18826
7226
2972
32706
2
57731
6921
6102
9988
3109
45102
2162
15706
10966
27457
32769
1491
6550
7044
1683
58318
28553
20787
8015
16853
1050
33533
16641
22948
2080
3681
6286
49098
15068
780
2581
2294
4640
1079
10474
27058
2697
19340
16775
13253
16625
5156
3310
12560
9776
438
19294
577
25376
2729
34431
42278
18645
10920
23843
1094
10189
12926
22367
26975
5962
46483
602
1157
25793
18400
2789
18741
48834
24670
23279
14744
18983
898
2201
29670
25303
2537
11107
3439
23722
14062
10868
4624
4427
3460
13154
22038
1313
5689
27224
3264
20
10729
17247
5265
19377
3649
4685
26378
13348
33530
13686
38500
14747
10449
28330
7941
12647
8274
14571
9581
55825
23878
7891
12832
1563
9246
15588
19616
623
29157
6307
14811
8472
44445
7389
700
23395
30369
14994
25533
19848
14213
16254
595
3896
13266
25
39123
23735
4530
16088
11116
1535
19382
15044
18848
19764
9079
9532
30167
50203
2745
10923
16022
13494
2710
20824
30183
62587
10217
2416
6661
12088
46354
14884
14257
45179
6923
10679
2336
3894
25745
8886
2425
3492
22095
53869
20297
52394
7462
8732
36863
25470
1
40178
2370
47840
6891
24658
10746
17073
11297
1452
2481
20514
6521
9456
28979
7683
33893
47397
30599
2286
54863
4690
6050
9186
43975
2542
23097
12051
1829
10179
19538
51001
25307
35188
26466
20364
777
14760
56059
25825
4214
20993
21085
1252
16140
25456
2
23696
12855
4597
12922
8729
36092
6906
5217
11666
7955
2
14458
800
25266
884
15662
25143
7593
2682
510
1
1523
782
28691
646
18122
4194
15060
49355
20891
751
3046
7027
7348
347
5910
1710
1987
9514
7171
5927
30064
25630
1428
14684
22286
30238
6694
7661
38697
19456
6040
2892
48477
2224
36969
1
6876
8114
7042
5
62
9801
10693
24246
1282
4326
15457
39617
28551
11717
30547
9521
3480
2541
31150
1938
9305
5337
32986
5167
32542
11776
9511
5198
58723
290
8602
27035
2400
13473
4193
1467
13813
39413
10571
25857
4148
51921
639
37084
56981
24744
9060
24919
58433
702
2202
62563
18069
7820
1588
35745
4698
883
3167
34189
6019
12940
22107
2739
35977
3698
24478
29050
8129
16416
17284
25825
146
19318
37714
3575
33758
6662
5607
42256
24216
572
33129
3287
14275
33652
475
12427
3858
2820
1281
4776
28294
8891
727
9334
25125
14456
8093
41479
14583
5967
497
21086
8191
18448
6805
19967
16490
26086
2618
56170
39712
25046
26588
9647
50538
25660
16791
11584
24596
1080
6230
18243
17502
7928
8208
31904
31840
446
643
12448
5953
1079
48520
9894
38833
2397
26701
5994
19640
26841
4268
32531
17796
14786
30121
2179
30756
26646
8143
27875
38582
36297
17539
36715
20723
1014
144
4307
14527
10083
32285
8780
31295
5857
18540
4985
8241
2731
3458
21708
2399
24461
26084
6618
31233
20029
26760
4335
17290
26649
34908
52579
4066
44632
12796
44561
5689
24332
2272
6623
1855
21273
42518
25073
10109
23455
6257
1151
2580
13837
49492
25140
7584
28686
5401
38369
4371
4295
35672
3625
45854
158
7471
35363
39672
37263
3462
12264
4018
13337
38265
3380
36631
31570
21
3279
23357
26813
42449
12203
3904
3850
23876
11463
13648
24763
4991
13
8338
27885
21521
5371
545
18560
16774
48985
7511
7574
32946
2111
42202
10584
173
20499
1489
39097
15314
6884
1763
2300
1305
26027
18005
4354
1144
3365
1396
5080
2771
9556
6799
24545
5043
34028
31921
6125
1392
14454
33114
3766
6703
23698
29010
17600
8539
9744
5648
19316
41283
18540
13184
18050
9699
8030
40881
10327
26185
794
22341
30894
20207
2866
20022
8432
4676
19640
22546
39306
53914
27813
541
8063
15876
39067
5312
6072
1162
6174
28646
16937
1
7
745
21159
45191
22434
16371
1511
9869
19146
1508
1780
9608
871
16945
16490
10436
1760
24273
19832
4059
31083
8072
9634
43161
47726
11390
17126
3843
3720
34399
42023
1316
32585
6286
6870
10895
6585
36817
6421
7868
14499
914
22102
4424
10337
51607
553
35786
36482
21635
2356
49630
14183
2654
11757
35840
38628
4781
15986
1123
21185
6879
7288
2478
3194
51153
426
6721
13402
955
614
13737
17365
13742
21105
34087
2359
1786
10845
42861
7986
6334
419
18051
6893
4510
633
4830
44016
11767
1301
14808
2347
606
2530
10175
24948
1544
35762
11991
18618
865
7098
577
22853
23271
17145
28095
18980
2175
6107
24304
40965
18320
15569
21066
2670
4904
27486
15365
2002
5660
13263
9149
1563
30881
8273
305
346
18451
19018
18
17681
2721
5640
23282
2260
29460
2240
49878
11998
2522
29022
25956
6633
6375
50159
4814
8101
43842
14747
29056
2433
41309
10443
3259
5971
2375
14099
20890
11
19123
18219
28020
30387
1678
28486
45544
317
9120
50063
5626
8413
11246
1133
3491
7676
5655
12549
4886
18729
13379
13419
8741
21372
827
18797
9865
50265
33829
274
1952
38674
2100
22253
9425
2661
40067
32619
8502
2118
743
18431
33305
35051
3213
5327
13842
12393
19477
13738
2442
2905
7054
13889
1436
4663
13624
5720
1734
20675
306
7690
15431
33541
25739
20459
4991
7484
22936
4255
12337
34053
5655
50752
7935
33076
10495
2235
6612
9127
3098
37085
23230
12347
11037
6444
12993
49855
30989
3604
9836
1397
1
25588
31781
1041
7635
10835
23171
18825
10479
1126
11701
2820
30522
7279
34590
30325
30434
4914
41750
2929
17288
52531
2231
9269
8822
20758
27790
8048
29047
4558
17440
29585
38625
928
29408
28530
8447
2105
23082
5164
9282
15817
34335
18971
6890
33327
20182
40553
32022
3355
4067
3703
4454
22770
28063
12724
23646
2862
10571
21403
949
13288
5499
1740
34575
23817
3265
44839
1750
12377
26194
7973
12292
16002
365
29896
37943
22493
41307
299
8561
3310
21810
6545
40316
1835
10725
382
9480
7512
4369
38964
2280
6457
21057
13912
38630
29373
176
2532
33119
19615
9945
11433
50144
30845
5547
31057
33564
43615
17200
1402
48440
3572
2546
20410
12492
15823
16462
13646
4235
1671
1949
8025
2384
45789
5372
25585
2489
1985
39934
1535
9601
54218
4327
4427
5009
12697
5418
11662
2026
5990
7469
35884
6899
2073
12975
41636
6612
1280
2516
37982
1178
4858
27626
10785
12978
2411
1
12382
2764
3611
1854
38385
2232
39345
22633
13064
2092
1591
4157
21857
7
7549
31704
2150
8290
19315
29720
18248
6065
49721
34741
8423
30932
1459
28473
8081
4454
5582
9914
7183
3624
12107
15110
22845
5017
7700
1907
19071
11995
14462
6127
30541
15899
14436
13350
480
264
25953
15733
230
4487
52183
2614
21181
2081
41229
1994
331
30187
16398
2
20930
2135
233
815
15674
50643
3828
21507
16523
36098
2792
28
984
9915
11523
18559
29027
17175
19737
4508
4122
383
11286
22285
13377
532
3285
10146
7079
27499
50458
46179
546
39548
15699
40571
7089
21119
27969
51733
5070
3607
782
991
2413
21467
19083
5
2676
21742
19717
13165
7869
18798
2819
7340
9087
21071
52939
13821
5196
20051
1625
29414
228
47677
208
2222
1923
19631
28461
864
31427
18023
10436
498
30700
4913
640
22423
5845
42540
20690
1817
9907
369
8266
32983
16179
20861
11912
7221
26495
819
6414
1612
6849
2425
34736
37991
1554
14099
8942
34040
3252
42775
25422
7732
16031
1697
507
1922
4234
1018
3418
6591
24906
651
4527
10991
2562
7
31135
2018
6866
31954
9853
29372
8465
9008
38318
19200
46238
57624
7762
43624
12583
49158
20155
17916
26132
43467
46606
14175
7962
22019
11114
48765
31389
19661
6146
208
5539
8906
40071
14822
15656
17809
1550
2154
12062
16592
11293
10642
20222
40301
3819
4960
13782
22570
33262
13994
33836
16021
29644
22129
7373
12044
56182
4356
12725
29017
5280
2246
12614
5894
3521
12336
24428
11469
1976
9324
20718
33831
38646
6329
24398
18976
11138
29031
33147
38718
19090
14589
35579
35395
22946
38921
6133
28572
4666
24539
15061
1979
30634
5430
9723
16882
14688
12597
13028
9481
18475
900
28619
32541
23936
9632
7552
7311
20371
36776
6362
34788
611
17285
54801
3793
5456
5276
34477
27737
15042
2599
36790
14867
52819
32224
39328
21762
2945
4019
12051
21483
25751
49204
6459
53775
31811
636
26106
35674
6305
6206
8442
58789
14440
27328
9615
12442
7408
21641
37738
16399
44991
4313
33031
35231
1377
8605
2892
1435
1612
30719
7373
7788
17799
29191
3663
12304
1893
23445
3942
6921
8034
16721
27753
1062
8420
10492
22153
22126
23099
4160
10297
2045
12115
500
30601
18224
10319
22687
21697
11760
6926
18864
13964
12015
1547
55278
11623
9261
23194
57350
5375
1179
5091
44986
13246
8751
21260
1400
1437
25419
2027
17247
6332
23028
2231
8222
24080
12059
16915
19586
8479
11
1740
7274
10937
23602
2968
24853
13068
9344
2793
15679
910
35670
1136
46880
6828
36054
3368
376
50958
20813
11039
18922
28580
15702
5038
17198
7646
9642
17972
7197
23088
2436
21271
2277
36016
13361
5494
2926
6004
21159
392
3044
720
3949
38385
40810
1753
28205
43109
4510
28414
57594
50663
1621
28045
485
3220
2095
8479
4145
17734
3153
6854
118
299
6616
5385
25927
23570
17482
3841
25188
5297
32133
10586
28182
28449
35336
19373
1681
52377
2756
578
2631
4084
4016
13199
4460
16441
23073
4932
31564
1
3610
17800
14774
308
28128
17105
16579
9083
32572
16627
39181
17419
6161
1621
22911
3649
24639
10487
3204
39945
16032
621
28078
1682
21798
21203
3246
11128
24356
1
43537
15433
53928
10224
8771
24535
8233
16359
25045
8847
2000
30827
7443
15371
23748
15170
32691
16076
7454
10681
35267
6724
1340
37061
23413
7716
4961
18789
13524
11999
8212
14762
3849
5514
9940
49637
11562
500
85
16257
26414
12453
28141
256
27361
11636
489
27163
6984
5
7393
16
31627
23305
4439
12373
20307
8767
10290
1963
12569
636
2065
3875
27954
37651
4055
25911
27939
20354
17731
4966
9084
25913
908
4416
38020
29817
13884
5534
32975
3294
9534
8321
17871
2585
4725
9001
1486
49624
6827
4601
15423
1004
7582
26576
34680
45071
23163
53556
2698
13031
18867
229
24145
14922
798
6705
6126
18849
30809
31180
45470
33531
23721
12013
3047
6476
23079
15230
10663
1882
34837
29798
18692
15566
2194
427
34009
41467
8620
6948
5370
52327
7271
16067
10821
7557
19960
5039
6743
16
13315
12262
562
15619
39056
31960
4187
5600
46811
21439
785
29817
3837
4632
7238
9333
6040
4657
2469
19991
18813
10857
16015
25756
6018
6095
6156
15545
14826
30987
25996
49738
4121
39580
4539
3437
3845
30914
9442
43246
4
47033
8975
4782
26882
34362
39631
14580
1415
43494
17643
10758
8254
3146
13351
32280
4555
1340
25593
40252
6142
731
12372
31501
52173
51488
4937
3851
34680
28110
10435
11189
8565
1610
32080
6303
2373
5709
38929
7738
744
18749
59889
20660
25088
13210
4040
8554
44680
13279
12147
15837
7557
15957
8285
1185
2051
20911
11291
33991
12836
9465
20592
2087
23829
23315
16143
38
37492
43905
7854
33495
20744
39947
20302
10403
34783
13727
23459
11214
6408
31237
43478
6669
9194
52909
23073
6092
4237
5954
35816
35551
3225
18317
35422
3393
1253
29786
40560
19515
36795
8583
32544
11076
556
26580
1194
9416
14423
9554
3996
992
46601
6705
2431
5142
34355
21174
47901
39477
637
19834
36155
53742
14
7518
53456
3948
31650
28846
18209
8699
7601
44837
2768
14061
9481
15740
5700
21922
21088
22709
3084
10551
24717
32220
2212
962
33895
1000
12887
16906
6453
4959
3181
4291
11556
9940
6964
13933
61585
21652
4362
4030
15422
6628
1098
22277
31384
10419
511
30681
13130
46574
8212
7234
7450
2963
7554
10824
1035
4185
8653
17035
12284
35156
3406
19202
13423
46633
28719
16817
31982
28687
8375
337
19255
10384
1345
10122
4179
5872
13130
12336
7673
4264
16548
14570
11748
52594
4170
26127
25636
7101
974
2529
21614
8580
11540
32208
7079
15618
25826
5574
9267
5105
3138
7707
15072
8555
4205
328
38113
9422
22614
7412
29677
1049
1243
15433
7708
40918
7888
11537
50841
2076
9564
2199
29068
394
26032
17965
17874
19
4676
2938
31243
37996
20522
1579
1861
6227
2641
3049
8342
19666
50352
10730
24487
1211
4917
15022
7411
5063
5120
13896
7155
38427
4684
7970
9365
15195
35418
47919
4441
14588
24262
14681
12341
2277
5474
9969
29288
14220
1560
11169
11282
10962
47896
5934
3321
29725
1148
14889
3041
21499
4886
8390
52112
23636
3103
2322
10
10682
18034
15412
2916
38550
9661
3435
5860
1904
6238
12138
20999
5784
10690
19538
21378
2748
10681
40638
16890
3486
42773
1696
7842
2344
479
38601
70
1967
7598
3607
20026
38056
32133
3671
18888
12681
26350
24767
2588
27461
7824
47506
20585
630
6582
4543
7479
1258
10996
9702
5898
11424
16241
1462
27917
1065
12435
7214
1818
25403
3261
19921
2471
911
17087
1023
7805
35635
43552
47241
14694
22321
34775
11861
16415
5504
24601
5792
36290
3238
44169
5811
6375
5854
28405
12919
6146
5973
5659
17281
28611
149
4526
39070
48362
16154
39642
28093
907
8789
32175
5677
5856
29167
7068
3167
5294
7439
19070
9678
14906
8910
1
50463
3483
1699
18750
37634
24250
16058
13915
5710
1720
27471
6226
20355
8389
35843
38568
3353
6272
19783
19117
50964
3233
8562
11198
1973
6088
1416
211
22391
5703
41890
10589
19331
7849
7841
25292
659
8281
24393
188
1917
12332
5322
23856
48418
44454
6244
28115
24805
596
6060
7114
1313
771
11323
29832
2819
19962
5682
31939
4005
5823
4544
4138
4018
26721
440
2213
9790
20042
10690
7780
7553
30452
35414
4583
3918
9796
10286
2690
38232
4319
3598
19297
41723
46617
11140
4155
19526
18433
19406
10144
26030
32768
1539
40044
37629
5359
7686
20520
24470
49059
16232
293
542
33630
17975
30749
846
45784
22938
36782
6873
32615
863
42118
5759
25993
6955
7938
44466
37051
803
22937
10187
4
1794
20646
24281
10782
43132
16703
5704
3010
12315
21
41778
999
36207
5822
5894
14668
4910
28782
10852
9631
3104
20462
58931
8282
9903
5332
23154
8396
57764
26535
2831
16149
16971
34023
9139
49203
683
21701
12874
4176
8388
15308
41252
26503
18844
28843
4290
395
31049
591
60513
46208
22099
1506
16412
12663
8274
15241
30826
29605
38570
4029
13533
8908
20191
16244
62337
28984
18091
20012
11971
26170
9906
4619
14065
3536
412
7325
3039
28763
45920
3557
5929
2659
37208
5692
1412
35702
46420
7658
22465
36728
1605
7679
42435
22151
37770
12655
25976
25095
1
2108
2998
4810
2238
2141
24065
45524
2384
15906
34891
11110
2
23181
5458
3299
4597
26058
6895
36809
5134
371
56544
1585
6784
5425
1847
26668
45377
7519
70
5133
24962
10146
21515
44273
7440
12550
53940
4617
29548
22341
4962
11523
50737
22731
26257
1226
16177
25003
35806
5479
10297
7316
40083
11241
1627
3391
16859
1194
10341
16416
18255
36218
6905
7090
15688
669
223
27934
4162
23006
2431
10191
14185
639
9811
28831
2705
14414
1593
19276
41733
30405
16501
30064
17672
33237
36560
7551
1980
9192
17725
14676
3846
22097
24282
12908
3144
11375
17231
24091
32667
44844
50673
22373
13888
30454
8289
20766
16188
2611
30159
13461
211
27846
24143
3308
18978
34112
47748
20797
6888
5249
10283
4405
1399
3182
30381
12130
48800
19823
1615
6945
4712
24934
26074
18941
3378
57482
33708
16584
4922
58511
11749
3837
1313
21370
38286
3973
481
24101
13409
332
33151
9984
14325
2399
12671
22487
12989
34315
32813
21223
8296
18151
45179
7562
3842
709
9989
58774
7573
35607
16147
42372
34833
3558
22660
28325
3834
2822
7904
11070
19145
2416
33819
3
32549
2562
1088
11279
645
7693
6364
29506
7337
43683
55154
59922
28219
48817
23024
5202
455
46293
2196
6145
20325
2143
3749
13599
46278
29344
29214
24212
59721
40392
10530
38500
555
431
618
10808
32325
17759
8479
9
33686
23980
1196
5963
25882
40377
1229
15399
8991
2549
14873
40494
8985
23254
5199
20984
30150
34092
2579
53766
28775
18925
15743
20393
36347
4498
4269
34372
26239
8094
23866
15620
46026
137
19407
13552
4954
1
1121
523
22400
559
39983
7973
8466
140
1866
18047
46424
2442
32472
49081
1681
7107
44802
30022
4368
26420
20771
4542
9483
36665
2726
39947
8877
3650
1052
2375
32746
1295
5539
46165
10860
36864
46457
2093
23965
16809
2144
8986
12238
28022
13665
732
22959
24194
19709
19103
31981
60754
2933
45447
5952
2820
22791
4388
36766
3571
1056
9
12382
40575
26147
12673
25021
11278
1626
11286
1861
6692
6441
15115
16777
9346
26029
10644
17068
58863
2177
15825
4344
7178
3374
6248
3901
40832
24649
15193
5567
10495
28802
17927
24762
5729
7890
11711
27395
11818
33393
44692
4020
14717
17799
2647
4540
638
423
4937
18792
53
6030
3736
49817
1106
1635
9867
2135
7262
26100
6964
2767
10882
28811
6374
15755
2659
45875
19199
727
4996
978
18343
8714
29236
985
35956
47318
9073
5681
5170
38679
53368
3626
6205
3617
3051
30255
5312
10757
31150
39479
1590
4795
56566
1266
18438
1723
2848
50006
1758
9065
1270
345
21942
11616
5945
16982
2179
3645
40521
3454
10875
17609
16391
23594
6950
13
11803
3184
1882
41564
4646
16576
13756
5505
9226
25317
30944
15982
352
5529
60219
34081
15914
4269
5446
7247
31426
15522
11884
1073
27376
386
6744
4230
5788
3128
8874
8300
54516
10325
52028
9612
1382
56428
24523
10278
10185
19213
4829
10
5484
44897
8769
12105
10937
2443
9755
5332
14408
19577
40011
10906
10394
35970
5886
13447
8613
9130
6190
22057
6009
36801
15121
7582
33871
24625
2388
21784
21738
15274
4236
8605
4465
8726
5546
21197
38012
12172
15131
243
36816
12786
16143
1528
28685
8604
324
12044
40867
25062
22108
31
33864
4241
21146
15071
12475
29714
32922
2420
32283
27491
31512
9608
13226
12363
38335
39127
36050
4862
17971
11685
12368
5542
3042
513
15703
3911
1716
9698
21460
8545
23185
4988
1618
2232
21867
12098
26581
10574
7241
16446
3414
15318
10509
21935
6302
32956
28752
7004
1788
20642
5527
13139
4641
306
6371
43618
28687
797
13393
5801
480
5604
7276
38064
13252
41717
14335
26039
13631
330
34701
1954
956
54367
1881
36818
56711
9422
6575
26816
4808
6827
31223
1578
13669
18396
21884
8102
7905
15024
2587
30274
21833
2334
2126
38419
7920
17829
8098
5632
1887
58640
14672
38436
186
51225
10580
13761
6014
12781
28135
18846
3118
57601
1399
12818
34952
25716
43790
54858
13763
30594
26139
33078
10892
14790
4806
7826
35971
10212
27940
24352
833
6702
1815
26205
16402
25996
18137
1477
37033
1390
1461
9982
42752
3224
2989
17324
39314
2304
34159
2811
18670
18591
48803
114
7564
23771
40020
9546
11600
9198
8293
26248
23950
7808
2573
23100
7282
12248
3321
16128
54897
956
1245
32035
34147
1180
759
16458
3005
23095
4191
3073
18786
3178
10938
24740
44066
23330
1399
25317
1392
327
20071
3489
26430
20701
756
1266
15577
8
16285
33728
48348
33074
24687
24061
37648
3084
2936
35132
13874
8856
27794
972
42928
571
14933
5137
19636
18066
1244
2199
550
5038
48917
25798
4837
4594
17742
5847
593
8881
12264
24
11741
718
31212
10477
29355
758
10334
13712
24040
8529
36153
1429
40765
26755
4234
3587
26280
7325
8556
4495
39452
11679
1495
13667
31962
689
2808
2790
21771
1526
33946
9136
18664
8342
5531
31517
5272
373
7830
1222
34989
1263
3296
12143
13108
4523
2356
26388
17147
4382
16258
30270
6344
339
6658
4473
760
23
44253
7352
1805
32460
6266
666
7967
12532
8888
1160
19
33865
704
318
682
34133
8729
37963
9908
2616
7569
11649
8792
48444
14245
24870
1066
25733
28784
11424
774
45200
42811
227
10387
6651
18517
25086
2258
7453
23571
2285
40315
42420
6373
27223
25905
8492
14687
10695
26685
2160
6066
5657
12756
8036
16635
30954
4212
14474
8761
54420
357
51602
2179
3769
3208
6341
11539
5033
4852
5609
12094
23
40662
9829
14332
260
10993
12895
13098
22774
2992
40064
1522
8584
23678
430
1260
478
53013
2353
27603
25094
19959
33610
3733
13148
26867
20619
33682
29690
31407
1023
2388
15100
949
11500
9483
31850
15943
14014
26278
9707
27675
1171
7308
15921
3125
13529
44851
25906
3759
24018
15262
1
7470
4574
3933
12211
21145
854
10548
17718
10052
18150
2864
7467
3903
15667
21799
16669
19694
7169
45778
28029
4516
7433
6368
13951
14214
47850
6294
8094
2096
11379
18282
3857
43
12443
33404
30603
12074
7449
4246
25402
8651
5875
20130
19666
12185
3867
1624
12948
33229
6912
27723
7935
49950
3380
20548
27874
50467
21563
2117
7196
29952
21815
25471
27438
738
7703
7224
1887
14105
42706
50244
24550
699
17326
300
8910
4993
1705
1863
17527
1598
22204
8030
11713
1355
5793
5728
38468
1210
20238
4838
10119
12118
14716
612
2286
1299
36151
25760
37742
28365
18692
1017
1257
7947
27690
37283
3433
26806
27994
26317
25025
22254
14613
3095
55194
30064
8612
972
26365
46803
18668
9233
36425
10619
8854
1090
22126
25543
41288
14674
36604
12188
5789
30799
5143
6508
4561
671
7619
8210
20870
17111
9169
36671
10557
9104
22986
21917
1291
226
29475
23085
28140
59277
16600
12224
27647
4809
40775
1453
628
484
5314
7842
18696
15795
4027
4157
1078
29279
35607
27710
37391
11489
8969
18850
16339
15072
3866
24630
41239
33029
31103
57326
10558
18963
2
51432
71
21338
13930
4200
21501
21778
56932
290
1593
5943
23197
5953
58
27797
1368
11847
15521
32635
17659
25832
4667
833
7983
10075
1965
734
14868
919
6091
9446
22556
11152
8261
14783
37280
23399
11043
27233
25418
1295
13041
274
25
11504
19421
496
12408
17583
7733
7442
10253
17225
6770
466
11995
19715
2874
1934
14761
15986
6839
42519
11867
1513
33543
17676
12106
2890
12
11224
14414
8213
11468
23917
13593
25339
5867
40429
307
14209
7860
489
30917
1449
10390
945
1166
16003
9640
522
2735
57159
1620
47802
6093
709
4150
2472
5668
618
20282
5600
4368
14
23066
4710
1698
9459
1555
1
36228
15351
24643
2935
5186
452
2876
23232
802
24078
23949
12419
15536
21505
22225
20701
797
21669
24268
18088
3741
19281
2
14463
49868
10204
272
3477
26534
1873
12287
2389
600
3636
16970
260
3935
40036
7587
8269
3150
51118
12533
1764
4011
20458
4868
10795
24358
6887
1380
5535
3240
2742
28521
8612
20905
22479
12828
14208
1657
3464
16597
30662
19763
58567
18620
9529
25245
24758
1476
23291
22953
5432
17357
5163
16347
21796
34586
43489
33613
6757
6346
7945
2569
21207
2320
46201
17863
3195
17891
3968
4
20490
13057
10257
16976
2619
38911
39319
32194
9285
35268
31340
18818
14042
11167
52490
32337
49207
12267
33550
30656
25499
16615
554
25945
32674
21898
35478
54112
13104
16149
21169
632
4373
2540
10844
1053
46441
27298
11514
3206
48740
18668
1913
39395
25010
193
41319
1301
7884
10791
1187
18766
35094
33621
39908
759
10423
10368
5783
27969
55669
16895
27503
32547
35504
12118
4625
40734
35398
16634
1379
17863
6524
31742
22587
28340
40553
48519
22945
24757
26027
13289
9270
355
5457
8827
33475
5078
653
1508
4504
2358
24485
42381
1032
4683
2542
162
17279
7008
9368
3741
41589
25250
46727
6151
9741
37102
1903
9882
29252
2843
11365
18682
9126
27411
43383
1566
27633
32877
2766
18909
10268
28197
639
7318
23695
19935
2071
1251
23418
26352
2099
14049
42129
667
14796
6765
934
4171
25219
23578
1980
47160
32801
2026
1661
14539
51903
4241
62389
7952
23653
8910
2404
4953
2299
7639
13607
5187
304
683
9730
1553
11388
7425
12678
24906
1
8775
16347
30709
34728
2840
8440
30267
18255
11736
29094
1362
1246
30808
1097
259
436
1296
7384
6778
43806
4780
1287
25480
23260
22218
14167
13424
2094
31655
52364
51226
61850
2841
16464
5053
30713
18577
4304
1176
11344
3608
11080
9803
21781
391
23065
13804
23024
12141
8260
2581
6012
3807
3354
36848
12794
14982
34550
20139
39783
27724
2872
6281
20649
29708
22389
23144
959
31676
4401
13535
10547
24936
42204
41206
52295
18905
18508
13993
12924
20210
17440
9765
8977
3866
3799
3424
52516
308
21439
7539
1589
10569
8203
3715
15601
5060
2856
15357
11333
7226
16715
1445
15298
4434
31563
9789
21451
60786
3830
987
31130
17710
14795
38569
44059
16
3479
439
20115
36081
2
523
21427
20117
42638
7650
4366
6603
30588
29977
25494
4742
424
30965
54622
49998
2006
28830
17946
14051
30735
6324
9765
3356
25107
735
3470
36012
5444
3957
3862
45446
30637
414
31671
39518
4177
14470
23267
2314
679
2661
5256
26699
32387
4572
32670
6225
5567
19092
3569
31868
11404
30179
6215
43685
3163
3300
2259
5070
12496
30130
15451
10901
19904
2872
1251
45744
11241
6705
11781
51398
39500
8296
12039
29066
34930
6889
2064
16234
4338
19124
449
33504
31553
14887
21065
27267
215
4830
6620
20766
5101
32066
46361
49396
9844
13089
29649
7859
9503
19863
38392
2401
249
24
35545
15131
9918
23405
30752
10996
35071
20687
1168
6524
6529
900
12297
17935
39
5351
2689
2082
15799
36883
6008
754
2304
46081
32254
16411
40554
1018
44205
10526
21472
28385
53402
16905
11874
8311
1
20316
1194
3051
11627
14401
31871
11860
19811
34148
10961
9046
2172
21692
11109
9176
2607
8623
18486
11763
15254
12534
16074
5751
12730
2166
37791
4805
17906
32113
1430
29712
1196
600
23059
1154
17364
7002
5778
1749
4339
8035
2380
2749
1
14132
13298
32328
24527
18798
6254
30928
1709
16825
906
51513
37056
51804
12308
1369
7897
7727
25
829
12125
2670
29446
14685
3906
15945
15675
58607
10947
8596
37272
5696
6807
28470
42318
16238
22907
7840
31107
38001
410
5037
3699
856
604
12970
7132
29452
4035
11072
4967
23668
8914
4371
48696
16409
26614
51793
26466
3812
8814
1375
69
42945
5421
55869
28374
17547
3149
4154
17682
34221
9270
21329
9405
27210
2304
4595
659
4921
1111
4756
11884
17970
20346
14406
21469
2119
22822
9513
37408
58044
14263
31502
20746
37219
2519
2772
13163
31006
31083
3945
29046
1715
28667
9462
6834
39495
19044
3709
8093
51590
1767
20419
12426
3464
22728
4754
13906
25527
891
9558
3535
2887
26033
5087
38693
38251
4377
8308
8360
54457
7226
25145
5003
19022
33158
5912
6859
1
235
33079
2347
1335
6764
701
6479
852
724
22437
29344
49526
4681
1664
4738
1465
30000
1599
2807
17110
5487
11575
24019
27279
8227
1509
7970
9826
16574
40453
9193
2256
42784
22094
11963
13224
5963
41229
45685
2280
11587
43675
1123
36494
29860
11958
23631
21894
7533
6377
13298
2767
16466
8572
6799
39303
14787
5395
12606
4169
16208
25847
41982
24800
1134
7851
4936
30584
33059
6387
2489
26328
31
15432
29364
10235
15372
25803
15349
10961
31979
16702
2439
18456
31686
44492
22678
24572
12606
45814
8408
730
2135
38972
556
19368
4930
2955
15080
34775
39046
30893
22818
197
8969
44494
28681
7005
8640
10083
21829
885
37760
10049
17204
3615
14353
4707
662
4489
23672
15101
15291
8827
16802
10529
43577
22192
18361
1194
20044
41542
35041
18230
14957
44185
3361
6508
6028
17520
6391
51197
5849
12413
14404
18212
1834
35701
6810
8570
2655
17769
10347
5454
28694
3138
2008
27562
21154
9862
21997
170
7607
51247
29639
30057
26664
1780
4409
183
13429
18568
32032
27129
5881
11047
1099
14769
7347
450
46561
3673
48404
16087
28423
18962
4961
4059
39108
1
13902
3134
13996
32807
4382
10111
1456
280
19169
19240
30325
42407
34161
428
23031
2128
3420
24196
34929
25327
38132
5308
35367
426
9335
5756
1
6819
29630
15765
18533
5117
5129
13129
10227
18172
27641
21576
26859
1323
17720
33953
13881
8698
20563
4819
2622
47766
7852
43917
2162
41282
33467
2376
23234
42012
2300
26810
891
37783
14969
4111
7772
6888
6878
20404
8344
8815
19938
41709
32476
1883
6509
10963
2777
13371
13316
9210
11285
6727
10140
42663
18080
49442
187
1634
8059
12361
2710
41098
3571
10713
548
49040
11978
36206
2274
11438
37634
2123
19092
2376
41687
28169
11725
13977
27156
8672
5940
1158
2175
41653
843
8797
17519
5868
13931
26923
8756
7253
8366
9481
7092
37127
10780
34065
9788
1990
1583
1222
9838
45889
39241
9921
41533
1409
12296
15531
6627
570
18964
1703
24004
20227
28772
43960
33656
9084
26219
39475
2183
22029
6632
8184
25158
5546
26584
37799
25346
4253
477
8649
19044
9519
30935
51421
41835
33927
869
40480
29547
428
2487
8692
13241
36563
2019
550
6849
6188
4747
713
12599
10067
3722
818
2420
8559
474
35456
1004
35376
51351
39532
15015
4832
40275
19728
2005
8807
35141
13336
4000
18920
2298
1431
48531
19520
9739
898
9768
49736
1180
45517
3056
40081
5796
17101
21397
28752
7010
13571
3930
30226
9407
32886
1089
45816
26015
14644
409
46608
1047
367
25816
3727
13583
6946
1923
778
6139
14979
19800
42853
3563
9200
9737
10261
3460
24442
59
3896
18901
37462
32895
20252
32197
18791
35357
38483
3685
225
27135
8812
1448
12419
18607
20572
10213
2575
9690
6068
15917
5992
32036
24051
3920
5101
4476
25930
4779
1305
26629
23467
8513
37494
3554
7017
45050
31805
22556
11279
9714
37394
933
12976
1634
6972
22881
1657
8714
18018
25297
60256
16378
5218
9325
16211
20223
594
3891
22451
1329
6307
36529
3979
7017
33006
6875
23780
8417
10390
24476
6233
13905
33376
6301
11055
19992
7772
608
19622
34984
48356
31332
16165
9433
6839
24034
20922
2252
9784
7660
23627
20715
576
31812
21302
11867
14202
24909
20117
34833
21068
1330
37107
2425
17062
19774
42993
21219
39001
14327
40147
567
5763
10968
10005
32267
6493
26817
1596
618
5186
46458
1052
590
9218
515
24557
7041
7076
2
8141
36064
17601
2598
1070
10499
29232
50872
24713
18713
1247
1608
2700
2588
10923
29939
26
3462
8113
3425
31575
13766
7638
22552
19880
4595
3362
930
53211
10359
13681
3347
3811
851
15432
24447
4729
7184
37213
48713
4878
53382
16568
30693
4277
2747
977
38361
1219
10458
24947
21627
16298
16410
16187
1985
5277
18220
4920
16155
2191
13606
13871
21173
5026
4243
33207
1307
13875
21601
922
2678
16163
18434
18088
12601
37799
1225
26733
12516
11360
1280
10203
6827
1881
22381
2301
3058
27649
10368
8288
20343
3617
9418
412
5550
4098
48163
4582
44508
916
4506
11510
2393
17076
18
33029
3
5790
122
7418
10696
19407
41451
1049
3250
3461
45801
13927
898
36886
12497
1901
11844
19290
6035
1275
698
9139
35415
5188
24837
8025
4082
1541
598
11228
1921
8610
32819
21309
13745
4707
15818
30225
7963
31035
3459
17544
17372
23558
7751
25191
5853
967
1703
9797
3524
12942
35183
9461
28194
6656
53
1465
15887
12624
40612
24556
23725
56506
5184
5791
2575
25878
56077
2860
5357
25630
22869
4725
639
22816
23002
35422
24061
4172
8275
469
40821
26851
14125
1139
1655
11236
4828
681
20850
25003
27940
37
55752
15688
2771
856
2681
15395
12880
31084
4
9101
34743
47
6623
1263
11169
8039
6908
22285
16376
32426
19790
26190
14074
24039
21467
16587
2770
4266
13
1
52505
10740
1749
22972
13054
6616
11721
16512
32190
9000
7687
2
9604
11842
695
2126
17721
1245
1156
23098
25916
27686
33752
17822
22412
5327
43504
20483
4787
47471
1994
5717
25471
1617
7545
8786
37581
7678
1701
39140
25822
4082
9398
3773
12336
25704
7311
739
3827
14932
35020
12391
1470
14241
19696
5190
6847
26362
44860
36
15127
33760
13741
5738
13300
20508
1326
52514
43545
22272
14072
15681
13217
21860
4074
43530
5958
3875
8483
35589
13785
1
9548
522
25502
38152
13379
3900
28124
466
4826
8492
34083
12076
5294
22171
3092
16368
10959
11770
46885
4808
8201
3975
16488
30942
36752
29157
10340
47444
13496
17583
52294
20548
13632
9307
28196
43116
1355
178
58080
58975
153
2740
17042
3912
6291
49672
4534
24165
29797
12783
10617
22
44499
637
26780
694
19198
20319
12652
15486
4
11151
12590
38449
10856
31527
6051
2154
16900
30216
12049
21477
12631
736
9072
32183
14942
15918
12944
8656
27587
7501
18696
12114
1
10390
1462
4436
3562
17304
2773
320
19354
57975
7
44961
38637
1724
46763
8724
9581
34116
15835
6635
8077
12903
9170
1108
19158
5869
3516
2074
553
5265
31393
1902
4230
20276
110
38120
2847
19999
6470
32448
5905
3830
15226
16070
8484
31446
4321
21582
6283
24679
16262
420
5686
26294
22348
8255
222
861
31770
3246
14117
13025
33862
18912
157
17358
58217
30318
7690
5615
20195
5703
25812
14029
6419
637
11103
777
28819
9951
548
2767
4723
1066
11067
61115
16667
16462
26805
23086
23115
6176
30747
20788
5096
23751
10933
392
41492
4034
41009
8410
1984
6799
18408
7578
5993
4718
26995
2882
5702
3351
6753
3011
12596
34419
2717
21166
6546
18735
17091
47450
29697
4203
9668
15244
3417
15595
56843
23914
2795
1642
8152
24189
19474
24437
26374
20215
8134
24462
1330
11598
20938
21161
12913
21504
6967
17444
57349
20573
13454
46632
17261
13401
1948
4354
35472
20029
867
22719
10628
1928
19386
18848
872
43134
1864
1008
10030
20002
3013
10171
5450
13926
38664
27235
13108
4594
879
10174
34739
6724
8056
12736
21931
11731
504
16863
7751
45034
53293
929
17755
36254
6661
38045
13781
9233
4688
26909
11893
5982
11
2895
768
21142
7385
2937
28295
23730
596
23486
5743
37105
33599
14395
8448
6326
8240
979
1451
5745
1087
7
3757
11979
47029
16835
9469
15537
21215
28211
18073
11773
18708
717
9919
46372
29904
4172
2742
30263
61
2369
2581
7787
3458
4201
29277
2773
18391
23171
1048
1735
33031
1614
35331
1129
21608
1353
8312
12612
261
11518
1472
3969
12913
18262
10383
3868
31305
19038
6433
8467
13175
313
9747
27161
43695
2762
39650
47425
19920
373
6945
2697
8917
8040
4854
35720
48862
4471
357
13064
1440
834
7703
31
5233
8754
35108
9505
42922
26347
41949
20416
860
19288
4947
31233
6743
7458
25414
496
3977
34766
5071
31509
41625
53566
4429
38901
465
1280
42164
20957
53913
694
4909
16287
4382
2091
35994
52817
2089
19685
9725
25591
4933
14673
408
26594
2349
21701
59577
17963
26792
8298
1239
2759
29611
19359
1329
33340
44092
53584
36723
1791
404
1513
26775
47155
33225
2368
33156
958
38253
988
14217
13459
1891
174
1963
24126
34868
4395
25707
6502
35429
4
2041
29828
448
6178
5566
1718
31222
16
19583
45313
11222
14552
21969
3985
35262
30714
11287
6116
5623
33995
1353
738
714
4545
12
22100
32486
14916
3471
24063
13179
1193
18378
9706
4764
7232
49153
35446
8035
16147
10062
8471
16111
15126
19960
35165
39486
2536
18518
47138
2052
37841
1017
20549
6101
32863
42555
41236
1900
8387
24832
16295
1219
1126
755
8429
2173
18525
1423
303
25771
1287
13769
11916
8263
20559
4566
4022
8158
28791
28528
1568
7584
6902
1250
26216
20858
2230
34106
18916
27856
3748
7074
25294
7948
3342
35000
25858
33315
3164
18290
28767
4031
19361
34488
24319
36518
56133
4793
1530
1451
28261
12287
13608
19537
26401
39591
33682
4906
2070
21677
4326
7665
38205
25135
38501
1599
17586
21606
13202
9888
2561
17841
11037
9838
27275
1639
13148
37985
16492
1299
16717
950
21990
12255
525
12629
27450
25691
40331
1853
32435
15175
5771
2938
13271
3316
8080
12076
21006
455
36007
22240
3491
14921
27440
13544
30903
8047
10998
320
56812
34938
14271
17336
6346
6776
3594
639
417
10168
10754
7974
22390
11548
15276
46728
22097
17791
7259
14035
2529
6280
11725
391
17959
3673
9113
44818
4279
5508
41914
24918
14494
6765
628
2622
30692
20908
771
34794
15592
23662
1352
5183
31553
19314
4113
21691
48516
13096
15538
5651
44457
1117
2336
14398
2383
933
44753
22095
2574
20985
4808
25802
48335
40666
2048
23020
9667
2410
4351
13337
11163
31612
51633
19887
20465
30752
2592
4787
30515
416
30812
24569
5230
35113
13208
295
644
4502
3491
49058
1862
49537
3917
9102
41894
2084
21233
17383
24271
22333
36750
5779
48790
10143
7995
30449
13106
8235
387
952
9589
23389
8017
19685
10513
11875
5623
28957
1312
37237
48304
3924
9723
34921
11528
22995
1316
12582
30111
25973
24426
57959
2911
14415
12801
4
6933
40954
18579
14307
571
41197
24831
21961
49230
28002
19008
13638
32472
47831
755
287
11450
24258
16065
6180
17330
50956
27033
23047
775
32773
4149
24226
52702
23623
6976
7728
887
34102
30918
30871
8546
18014
2622
48907
6146
16259
7084
8442
36485
33490
10970
1722
26247
11672
15454
1486
12694
5983
29501
4074
5887
1592
12757
9026
25754
26583
20344
13723
3771
1
26792
1816
14460
6613
9285
35756
37776
23165
11441
6063
52706
14187
19
57072
3221
21446
6227
1058
41336
4601
775
1419
3011
6965
19118
17012
13892
11723
32364
3151
100
15982
39740
25173
464
47025
1506
38309
1665
13105
2923
1799
20017
1696
20454
29766
24356
5665
20490
9082
15946
13855
6136
14875
33295
12752
10899
1414
40733
18243
25680
14707
14822
37776
33471
24828
2073
9141
45912
4987
14839
6571
9439
32404
7185
16354
1477
1697
4261
21223
17965
1248
3164
25610
1019
7361
20123
19283
28309
30596
21335
27872
17283
13041
17054
45894
9281
24192
9434
29076
43169
21877
16109
16431
9800
3095
15648
1
2947
45248
29889
16965
14886
1644
1918
13381
16293
42227
4953
1976
8275
1074
739
1387
1025
40123
28957
22157
11040
35614
10252
46360
48836
8646
3031
1862
35720
3085
6004
63454
2
9790
8342
3872
28
2658
715
13564
59421
14081
40483
2317
12079
375
24785
19061
18044
1059
4035
47425
692
10438
6377
14093
2559
9918
57819
9158
5530
11003
16626
1195
10334
19887
3074
18028
151
3669
6374
27373
13054
833
32206
37817
32562
15225
1949
14532
5818
4712
28767
11735
7157
2
20792
528
7657
8966
34942
15429
24141
2282
11421
30960
24980
42138
6082
2389
17991
2448
12565
39801
16822
11007
6423
762
20804
8716
397
5662
40950
660
2010
22951
30564
5066
25169
5622
8734
28157
3016
10113
1283
2758
5822
3551
6723
55238
823
10210
23943
18710
18146
7997
22575
6483
2300
6936
13157
9461
3182
1614
52531
19101
13924
20885
6749
13023
29017
8582
21503
5167
15080
41538
23573
802
11164
1634
11712
931
6989
7876
6159
13226
49435
20927
12241
17173
6828
12497
23498
36388
35113
34734
13529
15879
19473
7296
21508
9666
15181
2704
22032
17116
14427
31624
9501
4265
4683
21651
17381
7757
20518
555
11461
5374
8632
22270
18
4149
27111
1659
4253
1853
26762
5706
52697
58260
6297
444
1469
19467
15659
25512
16763
25039
4319
37284
25372
8979
3361
30833
19264
31131
1106
1133
42827
2530
27477
513
27665
47634
14210
11627
21848
6210
9813
38714
2452
9266
8901
11329
3759
1646
3515
590
12124
55807
4257
6636
13313
10964
8093
37337
49672
31775
21026
11281
8651
1961
2292
18899
21853
7352
26246
10894
10839
18585
12613
43143
17196
4083
16365
19725
1336
3024
30232
26956
1
6224
24488
1272
42971
7261
22114
1751
2706
1019
2464
33062
6349
15529
32475
3862
23831
16751
4562
56794
6103
2687
1273
3137
7477
347
13591
19849
29511
16610
2799
43239
1604
5520
23632
45778
1
3400
14321
1037
5810
16560
361
20539
21675
1204
14461
2032
18602
25050
21492
14128
39638
17633
52696
12713
23784
24993
29166
7581
18420
11086
53490
18279
3
2388
20520
1
10052
37385
1162
20119
776
22962
27576
41073
27762
11542
5198
310
1074
11721
39056
24712
25213
13142
44253
1335
2977
5164
19986
48364
23346
5227
8525
735
12972
7883
42310
10581
790
928
29191
8426
13776
21141
21270
13049
41098
4260
39347
44170
34198
23427
25304
3030
10824
18386
22152
7308
10079
24006
210
22472
13617
15058
12402
7929
7957
23790
39030
3191
10100
14558
4886
7058
14701
18056
28463
3671
7391
17370
1392
4150
27240
6735
43276
32068
37
4532
26582
62559
2329
405
458
16447
26833
60442
5846
22475
10422
14380
25914
27697
7788
1176
12940
12289
2917
2625
6563
1757
20233
1206
20936
1775
17188
18094
21070
4855
52610
1297
34256
9304
1030
22279
17310
3932
8409
581
7566
4767
9846
1103
6341
15844
36385
6379
22443
9598
24413
3838
2892
4060
18146
43525
558
8179
15370
39852
16068
5407
12404
2454
60
4508
38694
4493
1681
17617
6198
13016
17355
410
7190
5698
11503
44391
21492
17403
3066
12835
63808
1478
13421
30838
5887
8026
27551
28438
34006
31448
7395
18270
27932
30016
44332
699
34333
23120
385
15615
8360
9393
7720
16057
2376
339
11474
6555
9373
11316
17980
47754
40310
27101
11516
11394
732
7059
5105
10753
33566
19834
4996
53020
27923
32274
48164
3
11020
56372
18479
9742
5827
4457
15391
2185
2835
10703
46676
24772
14940
13473
40149
22470
5
43646
38301
22364
15724
18629
44192
1266
14288
16200
48421
48247
13182
8612
5402
13842
11708
18997
41673
50517
6035
9645
12928
8644
22500
5818
13827
14109
26366
27259
20737
14627
7198
3831
12237
21699
3465
835
5480
253
21921
41614
5982
6488
45792
1
16489
16264
31651
6328
52657
6313
17064
21796
812
2815
38128
8731
5654
821
54553
31418
6372
10645
6105
12037
12075
19420
27139
14664
39655
14695
23523
2064
976
6712
5995
3069
11904
8350
4946
34133
33483
22591
28919
20598
8203
2343
5561
18313
41152
20111
29260
17845
27370
25253
12768
213
22453
8248
12895
46284
8513
4815
2779
285
7193
6943
1
9439
7122
9898
13076
14558
16414
2706
10350
4320
8348
122
40648
12118
1846
4659
10521
24140
43546
21316
10523
14149
34985
11487
694
9850
28978
18625
13148
18442
16317
15656
16988
46232
10628
5883
1340
7434
1622
9466
31054
20506
1139
13451
37420
19128
34346
546
44673
44374
25047
3031
15449
10810
3092
24423
11395
15777
7770
10701
23286
5311
12306
9003
5904
18305
7305
5786
17187
1045
9413
24469
9495
1138
14750
16997
3
29741
17043
796
14149
3142
3140
20069
15448
12514
986
13871
9179
5277
24668
12222
14022
5330
19433
1682
6982
22423
1216
23732
37034
2697
14870
14804
2233
251
11182
33499
18127
7865
33103
11633
6857
585
27232
14663
55479
4567
6669
1420
21316
1380
10523
6737
7914
2478
44314
5294
504
22591
6780
688
9850
28973
6152
30335
7489
6091
1467
3163
41933
15254
33861
40268
9430
21152
3646
11689
59954
14221
4463
13033
16944
26241
3205
6321
2758
1452
23169
4088
37767
24940
13248
59250
7272
8923
4140
3004
1651
10952
28969
5240
2031
6857
9422
3024
3735
34876
7443
16896
1774
1872
18574
15486
7817
60396
17909
17534
19778
6804
8662
40645
11986
4312
14527
8586
12052
16970
3496
5599
17
27107
38837
15149
14157
17988
16728
1667
4386
34478
8822
29943
26585
30999
46739
40639
4960
10712
19901
4690
25877
33816
23070
4587
28878
8682
14921
30928
50675
12092
10695
293
9548
1874
6345
4971
52172
12663
23
4215
4045
2925
45433
19059
8586
23767
16466
16679
4021
6025
53179
50373
6394
3
8684
38215
34186
6147
19053
27673
18806
29129
30892
7879
15250
19698
26434
20598
44047
1167
41722
3813
7245
3550
1221
17036
46831
18800
19952
9627
5590
5567
17292
25185
6912
882
20522
7501
3239
1484
2411
18186
2315
1573
519
4120
24298
32904
2369
3964
11099
5209
1
29595
3781
9099
3816
11742
13516
5730
36477
9
9614
17398
11382
3042
24921
1231
18237
504
18
23858
22973
1824
3114
7860
4649
8848
9161
7691
14096
16776
18074
40985
4005
853
28194
4605
22004
25066
49355
22405
12142
7859
11090
12215
8143
1694
3418
8097
22600
10611
4829
1162
17288
21014
6625
1817
447
10607
1431
36639
1094
7073
22817
5815
4167
1921
16506
23061
15911
46791
688
23522
31989
552
20453
1364
316
2871
725
19930
6751
30
3257
31782
43832
1
10195
4584
10875
8028
1146
42596
6687
4954
10818
3080
43500
3437
13371
6128
10261
18858
1686
19777
18861
4765
11135
52673
5900
16541
11
24402
32286
37886
10098
41658
49081
5308
2122
40985
17008
10854
5700
38978
1257
22023
21492
6486
7975
1563
7941
20019
11630
22941
1329
18395
55801
9872
9477
42561
27796
3181
11268
37959
1391
1317
6814
369
50342
9311
26183
15253
5263
5580
1276
3637
3
48416
4115
11082
32347
2575
23155
10842
4160
18169
32342
18912
318
8412
10999
34901
15759
24010
1
2752
34627
13064
44378
16381
26297
8645
17092
16077
11583
1506
11359
13009
18814
1662
3623
6907
1938
844
2170
12993
16856
921
12982
6639
12203
1723
44117
8622
5870
10706
22424
32490
13659
27180
11297
25802
35000
26141
22433
13388
28907
40407
12615
9957
1670
2326
19304
46648
7594
563
16281
28742
28487
46742
1012
32544
42922
2068
11272
3083
27075
13613
10644
11252
31660
5728
27079
14800
7233
7555
11341
18173
744
35869
40679
15073
11005
8208
5056
3037
3759
12593
7573
202
17331
11999
39003
40869
20016
38804
6186
2855
3347
20419
13664
20708
365
3348
3769
205
22921
15682
11285
13475
16545
24241
24000
34511
45807
8270
796
19430
11136
18731
15793
17295
11930
44045
8824
23719
7837
56912
1921
34687
6312
14946
2194
26283
5886
23988
13482
22207
40927
2721
1037
2635
15655
34272
25380
4812
5170
29240
30540
19302
22202
9528
16027
29373
35871
624
7200
8765
15480
1020
11207
34516
19684
16936
48167
12215
18225
7366
13176
12571
5813
8210
10569
2006
5787
2806
19434
36580
25131
9373
11790
706
12583
4153
11316
23122
360
2914
307
6365
21688
30772
53647
3920
16021
4950
37440
3106
39025
46097
18982
1041
5553
19006
26317
17517
7449
8291
8938
13743
16881
22049
1389
663
47811
30459
6976
13404
15924
34339
3861
8704
6198
8769
32083
19082
19878
53716
11185
39806
4461
366
8590
6970
16351
1155
10556
7662
14087
4947
9312
3745
14140
2475
1656
6411
5594
93
31720
19519
10918
7452
9261
14484
10584
18819
20259
20430
6536
1242
32582
16976
665
19450
6116
3638
17591
9347
34740
15947
52922
11755
21881
13622
1654
6396
9619
1392
40588
51882
16583
9171
34147
11820
10682
4420
16596
17509
2142
5597
35222
29271
12414
5071
51194
7628
21018
30146
30136
235
10887
8151
8188
16793
8512
4580
48066
11632
9516
3164
15986
4455
7536
4268
5445
709
34808
5219
709
46690
22958
2963
2401
892
19382
40805
7683
10657
3183
32488
4226
16066
15750
1075
5032
8208
20854
10265
29638
10062
19715
5998
460
417
17324
725
17777
37299
51958
1976
12093
331
28428
14624
3310
33638
31286
4679
23518
15158
398
46656
33205
38199
5034
7825
22985
2107
41201
14228
80
5855
16946
17279
3406
25910
16256
32795
19178
7155
55056
6433
3274
4462
41223
43497
1933
12942
28072
417
28711
50120
4967
9541
11181
18198
2493
17679
1512
217
39862
8661
4593
4075
14199
35246
4792
4865
14326
8645
4626
49446
13476
212
19513
1295
19087
10863
11892
16699
36155
5953
21828
39267
23364
40219
37352
20290
1519
31146
26326
1475
1122
1089
5392
35439
15676
11561
8798
4904
13366
22378
7950
17160
9577
25987
11077
47971
30285
11737
9417
571
15120
51530
5103
3472
27919
13070
15097
21192
33574
431
31724
3030
30242
39916
673
431
3430
1
25878
10677
26364
14130
12477
2331
13130
4290
6340
13522
20127
38884
4315
24230
22717
9831
14161
3621
28497
19516
50929
16239
2169
39194
16714
10232
5327
56141
21776
219
102
8633
15529
10199
17379
1916
2027
1822
6482
4281
4402
15317
14065
7191
10
28342
7253
11338
6250
15378
18332
17485
23795
25550
20422
12703
24629
17399
14024
43367
13924
46207
16380
7037
923
44522
30926
36928
20532
40026
5459
26848
17089
16681
8967
11341
4108
15012
27876
7967
1606
38208
9877
2411
5423
6392
16769
7403
28063
7152
17562
2459
4474
24697
4153
3556
13363
9465
6261
42392
24588
9375
3134
10331
1463
26339
47394
24177
40996
7298
1425
17834
11199
23712
7114
30622
2198
7423
49472
3913
11418
29759
5265
815
28486
20718
20288
5473
9840
43355
6245
21603
14269
25370
22467
3159
23659
33976
12204
8574
34877
9111
26004
23073
20823
14038
31303
50316
18357
20300
9659
8153
324
558
20068
21476
31231
43408
3861
3772
41584
22255
29812
17902
16914
1595
19363
4725
156
44
4213
21
17552
6294
2317
423
14797
540
22962
38713
40262
16121
5899
25406
15194
6498
5374
41434
2176
9754
12063
3508
42377
6304
4
1921
27143
23354
5558
11753
24447
6322
15848
14067
2342
9301
6766
13154
14608
9301
27101
43915
42810
25950
4371
1247
12789
29654
28701
6841
1858
10087
1874
11671
1791
17
23740
21862
11121
3072
9782
653
4001
11414
38314
19005
16288
6547
1366
13391
55131
6537
128
3328
5541
4191
29803
1131
47245
12564
791
1049
32014
36896
39270
6450
538
25942
40705
10193
29332
8162
35153
49172
50626
26725
862
405
36176
8375
29412
2227
2425
35794
45668
18325
44245
39129
3267
3637
19614
23231
10359
20438
45219
14897
17419
6
806
16786
13628
11259
46149
32698
5588
25104
2395
35819
57050
626
272
1458
7716
3269
1765
37847
29017
2487
1760
2367
28304
30313
2374
12638
7771
4073
40833
835
4843
956
21920
13111
27491
18962
11327
13479
10332
32416
21886
6223
44271
367
12451
1087
5061
27985
24387
5701
2442
53326
5684
2901
39024
15078
41804
4807
4495
18
8479
33318
11245
35259
7653
37
11
13099
14813
12560
44
9637
30989
10607
9698
31266
26616
37255
1481
37844
4981
6632
12427
7584
29007
30119
16941
41842
4597
12591
17531
3935
8287
32286
13603
1695
8387
28449
6629
2486
847
5629
10728
1860
10966
6277
9555
40749
2689
23300
20260
5179
5616
29648
4061
6313
13365
448
17238
2826
1940
18478
7484
42959
8929
7764
706
1659
7690
7019
8498
23232
13841
11482
15521
13074
23837
43643
1262
34967
47068
893
21766
15967
17221
2388
51802
23222
46046
1646
33719
5915
1438
15444
17409
1614
21892
4025
1447
52912
4432
30646
11747
31522
36189
10395
17376
4644
35424
12048
29755
5662
59038
35994
714
11435
3635
20696
29
15484
6913
37092
1692
6583
30981
26838
12919
916
1
41469
481
39430
3598
16
12777
9629
10306
9281
655
22147
7521
32184
61015
1668
6609
1730
17853
32169
2913
16360
20066
1995
8365
43171
1188
29993
5849
3883
30
2965
1591
1364
2858
2391
10403
9887
20076
6414
13057
3975
2656
33204
20848
21622
31489
10331
2181
20332
50304
7036
5723
22941
5093
1307
10747
1250
18682
2519
27274
12729
38262
12804
3
13393
6778
528
29869
11128
5106
25116
48517
4131
29677
9730
1748
36886
586
18364
33228
11786
12030
8689
19539
1302
1000
7161
4940
3442
8911
23893
1685
14027
8524
2891
3358
29665
3614
4836
4763
8432
41802
28721
20423
414
5554
27513
38473
6769
1962
5895
17115
4588
12318
10474
7860
37986
444
27292
41534
7653
13683
4092
33780
39470
10838
2074
1
24235
25183
20003
7705
19979
42416
1166
23297
27216
5639
6017
15183
886
20910
3854
12962
18796
8743
26151
27251
8304
8727
7383
19052
3741
36174
33060
5334
25905
1962
14354
8654
6584
19767
18674
3019
17074
50760
20318
12663
16596
16590
6778
23404
19875
10606
15146
26354
10650
22673
7409
3369
9360
2821
5677
1503
18006
2218
1103
142
10072
27441
324
18667
2875
21463
61472
17052
11383
1
17996
349
16185
12852
27055
23556
41799
12770
11055
13764
20481
34178
449
8815
7881
1920
9632
59201
15887
1055
4300
13876
5775
51880
4646
18347
1253
28232
38361
2572
13578
3632
14161
16866
17542
47613
8070
29925
7284
22705
2434
27830
8170
5828
21104
14256
11547
11696
2106
23110
52
11379
26432
36325
24215
23854
2021
9190
47913
3693
12022
9341
37781
16485
5416
5725
3671
7049
330
4511
6917
50960
5224
13122
2365
18910
19109
16444
45821
1406
39429
4262
20768
1427
15238
6105
4033
46284
13413
1920
25715
9531
906
4511
289
3485
1992
4909
12895
7783
2963
5345
6513
6726
14276
40177
4420
17905
5184
29236
27304
3878
19847
12267
899
37497
892
2447
4342
17162
54965
25335
13944
35581
751
26848
36203
49224
36779
15135
7906
5097
23771
26909
999
12657
35595
254
2
3395
8782
3073
8547
4474
26831
29833
13034
56078
6516
1274
4396
5762
21222
20535
1899
32470
27042
10901
3182
28131
16438
38816
1396
16709
1321
8438
2195
755
7617
648
45816
6836
5575
2046
568
38920
3788
22630
8853
17850
2122
38776
4284
11225
1759
10367
4533
21187
6182
36293
4881
648
31179
20488
3108
42291
5205
44175
658
16006
24669
8947
20842
21053
3173
9234
34064
8081
35269
8646
4891
21846
4006
32857
9450
20242
18434
7750
4402
7794
2890
4013
27377
41880
10
2
3155
3274
17759
30291
25777
12479
4258
15894
1498
15538
32704
352
12345
2518
6714
206
11182
21075
48785
33236
5134
1104
2582
828
20872
26721
8134
2
965
14495
29720
19770
613
271
3520
8021
1145
13216
43179
48323
35061
5216
32904
40024
39698
19871
13230
25118
12931
20350
1393
1035
28203
461
5314
32651
7359
6871
3940
9651
14671
2
58166
53751
2794
3615
8476
31892
35422
1081
2595
12208
14370
4110
2579
4590
15606
29149
9185
4593
41062
8733
3
18775
4069
289
12885
32479
5816
17752
10682
3238
12720
12187
4644
4579
16136
3353
1
34878
9212
3037
5716
2673
18
2104
54753
36800
375
7599
15118
1
5182
728
13797
13314
6
27533
9228
993
6377
14212
11732
52522
1693
1676
22391
20842
21458
13657
297
33383
2155
29638
2145
20171
4803
57153
42236
38953
665
16753
12103
7419
8115
31224
20978
1016
27917
4119
13062
2114
26121
41951
2729
23
6592
33233
1996
14258
1
47795
7846
29978
17727
11652
2984
29686
30998
49756
1422
7450
9364
27764
14673
758
30123
49113
2873
16118
15279
1047
5706
4341
11422
30712
25196
19306
44814
1969
18011
18497
10156
6021
55421
37767
32761
13045
13582
17900
5136
17136
8624
29252
8251
17312
894
17761
4675
1607
51882
1648
5708
11848
32385
48340
6858
7424
3368
28366
36918
1912
8469
30841
321
22281
43182
54116
16888
38992
14485
12503
49704
1553
2248
4884
12186
10118
741
20827
30794
15998
47681
6023
17925
4208
34162
21300
37558
883
1433
53950
3984
4664
700
25356
13998
32045
15568
12776
28647
56513
10500
39924
39456
5652
5557
587
765
4463
5177
20513
11721
3854
54278
31546
6184
32760
8440
26793
1
10229
36743
4628
23168
18314
1129
13256
25097
4054
5570
12
1801
13479
5224
14887
1534
9562
2847
7009
11221
6864
15526
9233
3703
4167
4691
24723
6091
15024
28320
1401
24951
548
16331
4607
45
17589
20840
1862
5797
9207
39716
51156
4107
30955
559
6327
31307
27142
11745
21861
16989
32901
348
28527
29875
4944
23761
61635
7026
25782
11281
5405
31980
4153
56830
51912
12259
8647
25832
27634
23498
18019
5403
6951
5485
36392
5605
18058
16889
46854
41394
28993
7752
15371
9326
15181
22209
2868
14656
435
7142
40033
6364
6630
5393
28425
3391
7142
3672
24926
7693
6927
4138
14779
18393
55119
5
538
7450
16348
38867
36400
43799
17357
694
12377
15543
7198
6839
10696
9180
8691
2115
159
22009
3799
6768
28405
579
19705
7069
8937
6574
9628
5666
4145
15478
700
17119
19714
22905
18800
25823
10960
36742
17123
22134
10082
1806
8056
7857
15406
1846
40864
25648
13650
5324
6712
24376
6514
35110
13726
4977
7911
238
59859
19367
3820
19002
9436
14506
6903
10014
838
7740
10811
12847
7498
8408
38663
30592
660
17478
18180
11293
811
2734
32308
26160
18303
6083
42531
7229
10745
33265
40604
7452
35281
35579
6338
7991
5268
46050
9716
2758
4609
32535
384
37129
9950
24531
11478
30886
7515
16877
215
3120
29616
10019
6593
13658
9308
19357
54317
29293
11954
12131
13446
8882
9021
38225
4510
6091
40463
55276
6134
14818
15218
27769
7481
34
465
750
2073
40346
3293
19
21542
2694
5645
19525
25421
5301
13567
24024
43961
3675
23116
12135
29433
1104
35043
58421
13570
1270
6
19122
22
1028
29580
4628
45670
23450
17839
23791
13841
4101
20739
3481
13773
2458
30306
2375
17304
12
28047
9606
1
2731
338
37658
19460
13835
10200
3151
3
16272
32536
29578
16344
15378
13597
8358
42500
2384
47880
17717
22771
11234
45146
14131
7398
23604
24281
44686
9799
9803
1000
46040
4977
1372
6036
12822
18248
9453
36689
49856
50817
16330
5417
1661
26638
18523
23429
47361
6412
5730
7235
48643
2390
55579
5835
40192
18340
3440
1326
19618
3314
12402
28691
20356
4094
16871
19921
33074
23041
24845
60
2727
148
25958
1229
1015
38716
23798
7848
25750
34110
40290
14103
1884
32279
885
1558
644
41930
22826
2580
7838
1752
37394
36688
3196
27799
2456
5706
52931
38013
5149
1672
9312
7234
40971
2308
23503
20186
30616
15580
853
4215
716
851
17631
2854
1344
105
26540
1576
6462
32581
384
1428
11215
8795
33073
34668
52525
39113
4795
22022
20496
14666
17616
36082
4716
26897
274
19246
2387
15650
8605
17987
4740
19166
31369
2209
7990
28651
17
30316
19337
19576
4576
4334
19545
9406
26256
411
26572
27728
12786
12520
20495
30390
11818
36888
3311
38469
11752
20887
11291
1966
1883
36019
32391
25794
3703
1912
14193
21191
2840
357
1888
10849
921
13851
15061
11712
42307
26065
3321
7396
15389
908
41725
17282
7785
8167
2980
17498
719
8535
8693
15021
12910
39838
23544
30678
13230
17779
11896
2809
17812
13820
42572
10258
5484
5137
3795
6027
1390
14711
14093
38624
7069
1841
9874
1170
26378
27228
12034
31952
25948
2102
443
28947
1086
210
10491
913
27456
16449
45980
10180
34586
1795
10
10236
4061
40336
20895
3701
10566
484
631
14667
21649
28434
5751
8186
18099
9651
29304
58588
30484
15284
29142
3032
51954
26435
5181
5504
12066
4765
22482
1389
40549
2093
8753
5547
398
26288
1810
2095
478
7743
13103
766
18029
41560
1171
37325
30881
1406
1125
18369
3790
26730
10916
14126
7956
34722
9908
16996
14793
23973
49062
4271
13827
29248
9
13169
42
7757
23583
3157
2097
32161
6412
7524
4786
43453
743
40532
12523
14
13074
1897
22607
4419
46699
13524
29198
30709
3230
11340
621
12876
9953
2386
8858
29619
54087
26862
211
3394
12142
16220
2453
56718
6295
12366
2591
6676
2898
26461
17049
29452
3503
3281
38056
14796
15585
28206
25477
53593
879
83
2546
15055
13082
22203
17388
19634
23068
25623
8124
3725
22393
34082
34987
22621
14736
23693
28085
25157
3053
20613
9148
2812
27371
39567
14462
63
17451
15588
2329
12800
45604
10886
30945
19627
2820
36887
13348
5123
10659
13512
744
10864
52699
8072
19972
22252
7179
7828
46011
50897
104
3172
20159
55178
22324
2382
6045
37433
7463
23277
12762
7905
346
17607
8770
5785
8727
33008
1188
21805
1138
16035
50293
3541
2122
29512
2455
2755
22938
34421
29491
12651
4928
22909
8317
25723
10129
3073
11335
195
32889
8641
15498
37364
26504
43011
6099
1594
30367
19885
41561
26198
1181
9683
15876
3096
29432
13795
2976
1111
4935
16529
5302
6008
33301
14816
47424
2555
14456
28800
17466
37112
14510
2923
27271
17328
2
56134
4621
21766
4928
587
20187
2958
1743
2875
12488
5269
3756
50980
14727
979
52957
3676
44861
812
1756
9458
5474
4891
7761
885
445
2660
21165
27853
45456
3429
2996
17771
6691
24453
37535
27832
8600
4282
962
30220
1303
12002
25362
11025
37851
15600
10369
3358
14048
16092
6991
1883
1312
40085
32122
16476
5180
47901
46170
15146
7
25972
4060
13325
1679
16832
905
2724
32218
1655
40162
5072
20438
37716
1865
42623
30654
12808
17515
8272
14162
387
33531
14187
51502
62200
7847
27884
32858
11339
24274
8305
34892
6443
16590
4447
9530
3
9682
51885
21974
17653
29436
15981
27155
7528
61523
12429
2625
2962
13205
25881
13402
3110
5047
45316
3443
61936
4039
46286
56700
4145
24436
761
19389
36533
5586
13497
17903
18591
19137
6658
475
4857
13046
2359
24756
3381
13300
6333
45812
3525
1332
12605
46798
18181
44107
4248
6542
19712
10035
16141
4850
12627
1298
21517
939
18622
6160
25416
9942
24913
2831
1699
3468
6478
32920
27629
7744
34402
9148
30405
27849
5805
2155
26240
4686
6486
549
5185
14703
24121
332
18464
31605
2415
45853
30790
10689
41110
14798
926
988
6887
6606
32899
32528
5869
17725
5579
16116
11
20065
12191
15825
6915
1482
23240
22403
47123
7762
82
64
13558
5761
33341
27566
44189
1383
14267
3699
5196
29716
5165
46124
33416
1987
27180
2764
24070
24944
1339
46577
8581
22795
32191
15391
1367
29281
810
23648
3587
2992
28480
17361
7587
22802
8187
21768
7669
39477
19071
24787
18807
13501
34626
17064
8549
4164
11468
16248
3478
8328
1486
9997
19353
12561
222
49156
13813
4044
31830
9606
3557
14788
18276
17937
18228
26830
2464
16531
45987
2367
4383
39702
23800
2320
12905
316
19892
4566
5469
23464
21710
8478
2689
7219
7505
9329
12888
19381
19373
4243
2319
7854
12966
4397
6
46114
4967
26065
15705
31647
19061
837
20728
24810
10256
22681
23706
20315
3589
38978
14173
34200
1369
17245
39051
72
19999
6884
20590
11346
35055
48450
31042
11128
8219
2939
211
4192
1508
17391
15813
15223
37207
10393
119
10046
14198
46316
8523
4703
11142
13111
10524
1447
14290
649
24584
36667
3
775
38926
2450
34908
12155
35133
49562
3372
25156
2950
1456
90
11145
2153
2852
37364
3322
34462
16962
6765
26067
4532
35863
8808
11604
16230
33864
10893
9125
438
916
759
8521
33052
699
1281
7447
53089
10405
8337
51717
7246
4878
32576
22677
5977
38142
2227
3985
886
34702
13019
4971
40344
13656
23477
26405
27138
2290
13406
13056
12318
19168
14330
6774
4763
21864
10733
22780
33467
17734
5220
38794
12483
950
17415
20299
12088
38800
56986
600
30553
27316
35846
1316
22979
34416
4198
26481
24519
161
3002
7683
1915
46563
23073
3698
16323
44866
2943
32183
36108
16365
574
3633
18698
21913
21746
6965
6217
17992
4919
10163
43669
4940
3961
2649
14873
11887
40789
30228
37995
20988
735
1473
127
1903
33170
955
17840
8725
46482
12821
46529
4869
11562
16756
26675
54851
4951
28720
22551
35069
24214
24992
31914
12163
9084
37537
13622
10
16549
10489
5884
4611
25139
11130
24030
10182
18573
1749
45523
15531
16752
30657
8958
43785
37082
9
12846
4530
6141
32646
17488
22197
42547
290
7338
16369
17369
7466
1284
8090
22451
11590
617
596
35864
32847
3037
16700
42097
12047
7136
10609
23362
16066
846
58916
8247
4143
1203
4190
23232
45522
12316
13639
24230
773
923
6341
1911
17701
17548
4590
11453
1108
43523
3486
7761
24774
26558
12170
40796
10212
20148
233
27956
39480
5826
11326
26632
20200
7786
6224
5902
54980
1271
7824
9641
4721
578
16685
26409
26021
8861
8047
37481
33156
300
29910
22586
3487
14054
33972
67
6092
12397
19626
9770
24761
32224
8308
25991
10829
35489
4505
3482
7598
9293
10679
5745
17228
9137
27935
25865
360
38266
31867
1968
6539
40124
13128
46881
2154
11497
9020
7357
8217
22150
6641
6306
2237
1829
44016
38172
12870
30882
20066
8626
24696
6577
31089
13122
3502
26208
20941
27422
22529
42998
14950
722
20403
10894
22354
23032
1349
13734
13087
13803
355
31655
3918
2951
15743
7430
17604
4329
43571
28505
45944
60051
35348
8514
6707
7072
7851
6049
17754
1740
44094
8382
9972
26916
445
548
3375
5038
27461
346
200
19576
1090
4501
27389
6962
4156
5613
34070
15243
7773
5929
21907
4170
3951
7775
28746
4010
24073
14650
53572
3778
1857
40011
40782
712
2778
1323
3376
39441
11129
666
18505
12185
3156
24783
1545
19294
2822
10647
4963
33615
5050
2398
1
9232
33533
11439
7935
32123
3541
6093
17731
8455
9293
1710
15074
4536
8825
49471
11573
732
20287
18649
20874
12402
172
6537
9488
6531
4987
33485
18269
32534
9850
47303
1230
2425
14073
13297
8009
28488
12020
47719
7391
3604
2797
29592
9140
16825
12242
1181
7874
35910
316
19596
30051
2372
29726
9133
38348
48267
33084
22476
28494
46881
9616
3205
56239
815
60395
21510
37655
40949
44105
33915
9020
18908
7999
17512
743
8026
3598
16477
7800
5604
20827
10110
2840
28446
11041
5518
22209
1375
621
446
39698
13914
9715
25114
13762
21921
43563
11388
23717
20306
2176
5585
6757
37856
20974
18954
643
357
7878
9
17973
36140
7930
54403
340
3607
10620
1537
27586
40889
2279
2273
23187
49614
2515
14481
40802
39331
52091
7061
36239
26803
343
3905
26903
17098
10933
5437
23009
16404
26183
6835
1739
25599
3588
240
201
15884
14942
6140
32625
1833
31205
26367
2151
3014
8206
27919
12593
1158
21844
906
11604
42929
2
2943
23763
3860
46610
17157
6104
9141
12302
9256
2811
21959
26944
17947
3834
2812
9769
6731
56243
13597
15926
4858
775
22353
4554
1981
29967
6
227
7362
23359
2802
7642
17024
3189
15266
18415
12125
720
1313
2619
910
7194
34387
12332
32533
6701
24369
2988
3592
36365
12761
29222
34142
1705
28225
1136
45845
7483
9106
15799
12578
15324
6792
15595
15156
12418
4186
20306
15580
3526
22348
8731
23817
41132
12287
16694
27942
6508
749
8831
9454
26859
1507
2603
32942
1603
6130
19445
28452
34034
7828
12751
37273
12000
5223
12097
2456
10687
14076
1215
13132
14
9834
11898
4648
18920
37586
7285
26867
2500
30854
13396
2216
17840
25781
63
2952
7596
745
20974
17982
2854
5203
11509
28975
9730
10492
617
8187
20248
2676
5781
8112
5397
25299
1004
3602
6833
4803
27279
27569
38282
20350
31124
32090
41046
4929
1134
14111
3931
38585
43866
40576
4968
5436
19527
21851
8805
23810
12625
23556
27038
4082
12701
3175
15066
28391
6848
20781
1177
2387
14335
12552
27336
3758
8091
12751
10774
15982
31037
16217
7872
36940
5108
4607
3815
9439
18780
25535
947
9726
8473
7893
3758
23107
26475
5550
36346
16122
32943
1758
20289
7116
3780
35201
3919
11128
10648
38614
5899
372
26530
2242
15853
29777
10704
10100
9735
6332
8316
1761
6395
25529
683
11292
18681
2829
4305
11451
21954
29595
8166
50168
8057
3699
22240
17204
23604
14685
5898
22702
2362
2082
1207
36176
496
21664
31914
18884
25350
21430
8186
7191
3448
48142
7541
16419
12456
1945
16341
5693
1035
52427
9133
433
2052
2527
434
7583
1766
18242
21528
8847
53291
30394
41958
16576
3
31138
14012
9234
9597
146
31218
2981
8316
8477
7495
33589
8658
15998
32993
6384
2
28806
3604
15054
37929
42766
211
5298
22422
2694
24712
6184
14387
16748
23121
20523
9699
2553
17319
15591
16373
14116
4704
11805
7681
27414
1754
8182
207
41863
14394
37569
12316
6046
28903
2046
22020
2306
13136
300
17947
14719
48103
28820
18265
8042
5623
10921
5388
8463
19785
35594
20004
20898
902
28137
25777
18235
1438
20861
462
30238
28220
10766
17908
950
2661
6148
3687
8091
4411
9320
4052
17774
33824
44589
1
13046
12188
3249
473
20475
5908
32956
7030
10982
155
22245
21
4972
12721
3984
15976
3312
41391
2021
3843
16923
11853
7588
26410
18997
509
13673
7998
33429
59677
2282
45373
8037
8864
7174
14689
18346
2708
6798
6815
33660
12619
7817
1818
3228
3962
3917
32725
285
1168
7698
29379
45112
2652
15222
40297
428
16220
838
5676
49385
46354
7515
4763
4528
15305
32717
3765
17484
36021
33202
12230
10567
46691
19351
24459
688
37081
24264
11
2404
10341
39901
46826
16
6154
10826
2634
11993
32396
624
22065
2557
1459
21624
924
4492
10368
21747
23055
8044
11935
37495
11303
15047
14305
37967
2464
21851
1823
5285
7887
49825
3
4271
6207
5527
11884
28129
11136
3645
15715
16093
11792
37941
14091
30067
24422
280
2166
32328
2993
19089
608
22147
95
57526
4054
9947
11523
5156
13467
1735
44379
2936
6484
22906
12469
1794
484
38603
41370
392
19587
960
2817
7033
6446
6302
1825
12524
9719
51538
6889
33700
22241
25077
30483
21190
18144
10285
8255
5260
7157
393
21901
19226
22842
6026
13547
9228
8070
16350
439
6085
41362
3064
17622
30132
39331
28391
38779
4400
1703
10918
32562
9074
5295
9046
1932
29394
12763
10041
44571
16498
14446
5562
2796
1375
24771
30250
12194
42969
22281
19019
16493
1041
24145
33382
4551
11717
3210
33363
40352
669
18786
8727
34653
5907
9837
15612
6697
26625
15037
3929
12154
4416
2778
18835
41060
1099
20972
37841
50336
3046
37331
16040
10437
559
907
28459
2730
22603
1107
771
14298
9176
15344
33105
476
37851
15651
3876
19996
30386
28836
1449
9850
4559
4299
12133
26016
26260
15536
16372
14633
7085
32300
540
11604
21019
28387
8923
21613
4332
20168
19400
203
24197
12802
20174
25188
31055
31364
1354
16628
21577
13329
16872
2224
37410
14015
38898
12603
37703
19065
30176
297
5505
376
4718
7524
60441
6300
38837
6677
1900
737
1896
15604
44014
14415
21852
38660
5339
19457
12998
3449
42276
18782
5562
1430
3994
22243
16822
3544
4602
45012
2027
28682
13586
36224
33765
26711
23993
2633
46783
8445
18154
26936
2014
15596
9463
2412
11324
46419
17493
35018
4451
1234
1431
15354
11413
2006
2449
19122
30453
6059
11765
6495
38947
8710
23528
8829
18129
29791
913
3841
56745
2731
14282
6305
10892
6500
31507
27078
43294
266
36944
2637
59519
1158
17757
29728
3
18942
544
3247
3004
1071
49125
23859
18189
48382
1141
13669
704
13237
27366
57221
25106
11826
10580
11665
19022
7880
286
23602
37324
6237
3086
8804
921
346
2598
14098
8504
52105
7566
16842
20090
192
8364
40102
14932
20265
24800
5410
27104
37561
18423
3
2687
58098
2520
10476
21716
3567
11151
31414
3386
2275
6
22040
37725
34265
4504
32518
15265
4881
34155
1900
8642
13771
49440
16573
4312
41171
864
11021
27588
33720
34922
20104
49666
21917
10542
3255
37318
18966
12481
21784
3729
11615
13877
5987
6129
32468
5392
6602
19081
5385
11399
9662
25795
12552
31818
842
21652
19496
16977
3117
31285
771
886
8275
31738
34404
20282
2304
32883
14495
25863
13032
2635
9692
1932
7196
19364
5009
7
5366
34068
408
31331
6553
37873
33407
27157
1389
9463
11894
17051
5804
7418
32194
7924
11782
41441
965
3829
50707
35234
27628
24257
45856
30088
12629
434
4523
32571
21776
298
14954
5354
6139
3016
30708
7500
2574
7833
4359
10475
55101
4861
6088
12879
4897
10817
1800
12599
7886
4576
10480
9125
18592
27526
385
20820
53268
21496
13979
2616
2766
59408
25502
1864
5962
6196
26522
16936
25587
42241
19581
47909
25178
2714
27801
35010
26700
18833
10403
18666
28211
43627
4549
31718
9643
13054
34429
23056
2228
3067
6866
7813
8225
3813
9472
3455
16311
17566
18561
16806
34293
2279
12286
1732
22487
5245
7261
18896
4240
41291
9784
23928
12150
201
9224
11653
13925
574
6875
22011
33927
2
21840
14187
17514
37
14126
5781
3587
26838
6566
10599
44650
24570
2155
38182
3214
8624
6111
42572
6078
2814
51851
4
23560
40980
19465
4263
3131
4273
36541
3236
11419
26019
3118
38796
29828
5848
2166
284
12823
8908
989
31014
43394
60331
1030
29140
18535
12756
169
6500
19002
44768
7718
30823
35747
8315
20072
8454
30198
22848
16160
30946
29878
1574
23645
11244
20024
8703
7072
11319
1650
19224
15756
31256
540
2394
33466
2104
21014
5028
37424
16834
20929
24657
47573
12421
979
45009
1537
2044
6890
49134
4845
12
21118
1232
49041
54386
1544
39911
6592
12681
2593
2329
5315
4366
3158
13190
10584
11101
8602
7677
31336
59610
1445
4563
21224
21430
22541
3412
11827
15524
7832
9448
2260
6265
7019
5227
24104
53770
43707
16298
20952
1267
3335
31061
82
2851
18082
2651
48904
10966
693
44822
3361
8132
5500
1161
615
2333
14482
1813
239
22282
37426
11062
13864
34141
32154
27779
1004
21768
18533
1817
28170
1042
4074
5234
6129
15738
9038
19914
11165
51630
15676
19236
45276
21369
38080
28002
7519
47615
18832
13271
3322
5125
4356
4567
2492
10220
1212
31261
13716
7184
21853
22809
2738
24449
12583
12633
4942
16348
298
28378
1319
43530
36395
8166
13087
19034
4173
1985
3391
7837
893
18381
11048
7525
1142
17769
1835
37857
4822
11708
8926
4712
4569
26236
12399
11403
48911
18927
1486
9541
1
16114
7565
8982
10839
2789
1453
11803
31151
24455
22227
4450
2520
5659
5053
18712
770
27940
51930
34733
26650
11474
26616
46841
1360
856
5111
32869
52267
6176
36812
3760
22293
43398
25825
18660
31373
2047
12202
60205
8085
7080
31356
18037
4651
18649
18228
9374
33049
31281
7353
36015
36313
12403
40871
14965
10314
14146
1187
13504
15991
201
3713
40679
3977
43828
34034
1091
9075
4472
3042
5983
14758
24436
22107
15534
1414
16231
8702
9091
8198
2566
10991
1021
11630
25524
2720
5794
2501
30750
36916
17179
5732
21705
21963
1500
2595
14190
301
11165
7181
23502
2638
8256
12846
7107
50350
24350
20959
7471
24965
38085
5803
1777
8562
35598
15271
14504
28142
894
13630
26933
4956
31750
33185
2
4512
13187
4302
11304
27626
5740
6305
22379
11077
26032
53720
37854
24186
47332
2167
788
41871
24616
2880
13558
31086
15472
25507
597
13532
16638
6066
12620
4788
506
29020
29884
13540
4491
39598
45843
9935
17487
10404
11181
4564
17719
27348
10885
1
5966
6357
4519
5115
49260
20015
25828
545
3957
2907
4751
43126
4447
20329
11178
5100
7033
34164
26704
27635
606
5803
9952
6786
5407
36001
57472
27076
4004
19654
4414
26211
16584
24176
859
19857
15447
10288
7210
12262
26540
3926
33829
51313
11010
33907
14909
24684
46216
47977
26919
2808
6791
2464
2778
3322
168
25245
52313
403
7277
22975
61646
3373
19531
5892
40720
36
16943
1863
6071
16
1046
23996
42070
10711
10245
7057
10829
1808
15192
8890
3225
11951
212
10741
13004
11309
48466
260
30244
4806
1042
21297
944
13862
1795
35222
43017
24380
11456
896
47867
4366
3100
21404
858
9718
38858
16652
42881
41090
20422
25858
1189
28123
59316
22721
23151
1
3483
49719
36000
6327
13133
18019
54893
2110
44201
15059
27434
3402
39409
4011
602
23514
20429
33256
60235
1352
19827
16244
36282
871
4229
11882
24097
42952
44213
20343
36011
9146
7374
6493
277
15023
34270
16636
40970
38997
16576
22044
6676
24534
19467
16322
315
16962
22129
1348
49202
27202
46608
49633
9239
1778
40182
4777
5419
2102
29600
2119
10512
15877
14461
3155
14055
4109
32244
6598
2148
141
6538
20985
56023
1903
14464
10017
36800
5451
48794
2479
1786
280
3192
18792
18759
4871
6603
2567
540
15127
2824
423
19234
47075
45312
11181
37306
19777
6865
23295
17369
2807
1284
15082
33012
7761
1107
30653
15081
6394
23196
21579
23825
18512
12796
21337
1782
1
15624
22585
2154
2362
2018
590
13796
24511
6519
760
1388
29128
21988
41662
6003
1718
24122
5059
25588
35870
4646
14784
552
22240
17677
2262
11335
53090
5020
6522
3271
19555
1
8449
7314
7162
15739
488
23817
14620
14535
62
26309
37660
16569
31160
9425
6823
51930
1098
3139
29176
3818
2609
45579
30511
1359
5021
26552
36765
1301
1732
17008
36351
967
19450
22499
504
1117
23690
32546
37165
5159
14249
5890
8079
11405
18710
6140
20908
32459
3342
1449
11714
12984
17854
18120
25366
12442
1045
12896
26875
1965
37066
24399
262
26516
17452
23544
23298
16097
8274
822
24699
18128
39215
14333
1740
22418
10991
1140
105
16327
9027
33813
2274
8309
24008
2977
12043
9584
6020
28766
25825
19486
5834
12467
13164
41948
7391
3617
31675
10589
7338
9185
8964
9887
6478
2808
16990
13408
1518
39471
26203
880
7089
13726
1829
31844
41854
4833
24174
11651
1732
2424
3419
12302
3043
777
29839
26195
6831
11383
15570
7438
17300
6191
20468
33863
17271
19544
38886
34386
36062
10748
637
10726
18850
10500
21488
7643
13345
2654
22897
1260
13128
1821
16559
540
1615
2282
21374
903
26227
3456
10849
3296
31709
7947
21445
5995
40410
52905
892
13637
3389
3567
26120
4672
55421
12221
22174
8375
4511
9311
19430
31827
1515
17148
14951
17954
31437
1972
2431
5295
25333
9504
41915
1162
8907
40279
11662
5415
27775
39575
10145
6724
1284
40552
46075
14193
17197
6677
15646
2718
13252
18643
4960
708
2399
20148
11189
15241
26194
4084
12759
26127
8510
21324
55158
14254
1040
2343
8256
7221
4417
33386
6202
22795
5369
9401
2569
19025
13232
25227
5482
9913
40669
12158
47519
30362
14141
23483
56600
1964
11811
8154
16408
28666
26398
63233
16389
29481
26979
13089
47839
31938
21074
4
8300
21585
3455
17381
6082
15611
21993
8595
15191
545
16522
49559
7898
20912
42755
3685
10606
15337
24878
6960
20340
2127
4322
28502
5807
7068
4717
7232
2545
209
7134
33387
7728
39641
3007
41782
6656
10010
6328
411
11158
8244
10895
15593
31108
19892
25559
8714
12976
28031
2986
53740
6387
6813
8769
58177
1937
9611
2114
31674
14734
30120
3432
50045
4546
33365
24955
1078
32991
10102
48451
35351
5869
14737
31468
10063
2847
396
2406
4318
16701
28057
5515
32793
3746
27856
38559
11425
4160
8516
44357
26120
633
1655
25736
43841
1
18572
7831
4975
18683
50977
43711
33651
2748
50069
195
5982
7867
49077
13395
12331
478
21316
63
6091
2663
14479
33860
6071
3222
12716
3159
9947
11653
20140
28179
18053
14676
994
44777
314
8685
4687
25171
870
45852
14802
15918
6046
32848
4072
14855
20982
3577
1
2869
31174
7382
11140
42880
42092
39722
158
183
5819
20052
14819
7683
23600
31002
21191
7585
18078
44166
3423
51586
33219
33
819
1585
6758
21578
30808
12500
24850
5152
1508
31518
32364
5140
19044
13469
2675
3079
2171
56624
30116
33649
38259
17518
40529
40990
13229
25012
40487
1143
10972
44684
9858
17433
5264
10042
13393
12387
2544
2884
6544
19015
878
25038
10778
750
11108
19585
13004
38336
5
4528
43183
2679
1601
586
45376
21280
6563
26379
4640
6245
6715
56960
1594
9440
3
14768
33102
9878
1921
11460
2997
1527
6489
62525
36479
28882
44908
5786
35875
5454
8473
283
15084
23114
13178
9617
7661
9055
7538
267
1431
43437
10053
1010
851
89
10600
7004
11
43026
22301
34741
42373
23559
3757
17015
24979
14195
4634
21746
56
25331
3576
562
16323
31827
1314
3918
27216
1678
29808
6314
14725
38119
3399
3705
32898
81
10426
3364
54208
30514
58272
26470
11293
35703
4424
5592
2292
1227
14445
17951
34645
10191
17851
10713
5605
6709
21814
31794
37443
43826
10607
23015
226
8096
25023
35955
12717
14913
57836
5490
41068
56172
2687
3760
42525
16015
43056
13108
10112
4057
25836
212
34322
519
1
3424
7532
7589
13888
43133
46257
17960
19910
55879
7673
29481
38759
26279
448
2266
4481
30775
4147
2214
3250
25881
3435
36056
21706
2232
1021
2944
26417
48039
7923
12675
2845
14764
11472
31618
1900
5939
950
371
35348
13128
522
12637
44315
42401
17047
12028
6249
36024
7034
34863
18659
12944
10613
2303
585
2073
6215
39882
5673
21858
1918
1558
2757
2995
23825
10522
12683
1995
3514
17882
9819
10715
38318
23389
4447
188
23191
38235
14808
44636
579
21269
85
9112
4814
19537
20162
10240
35750
44354
3474
38291
19811
51793
3964
16961
27955
3405
40710
1026
3577
13319
409
41130
15082
3277
4557
4706
2194
12239
8002
51661
17107
55055
4050
26059
7215
14957
6099
38801
22069
12042
8339
25626
7195
39162
2782
38886
47555
1764
421
11599
960
38740
31172
2015
29708
11581
39395
6448
25732
9349
47774
4908
35460
2881
33905
2539
6698
36458
34827
14893
604
19491
5805
17502
18959
6755
781
46650
8200
4964
16186
11278
2018
4562
2472
9766
343
478
2596
5969
10320
1330
790
45062
6400
10166
1765
32447
11863
4455
9858
7976
41594
10022
30591
27586
2530
10748
12784
7747
8793
4545
15061
12658
3
6229
4218
1051
7572
53222
132
258
22024
19283
18263
27112
20614
7718
26339
38713
6265
9589
6134
19680
41400
30631
1027
21301
9101
6090
4786
20202
1579
2196
39063
11730
6835
4056
566
9854
4790
24480
25301
2
2124
2988
21307
22990
13823
41361
29243
2021
20192
38076
45589
2531
50857
4121
34152
2961
7296
1910
16753
5862
12746
8419
1919
19010
18353
5385
32959
27718
38325
5884
18482
10164
36838
28916
15012
36492
13
40200
5476
53347
21091
50005
7547
31005
2752
3521
1512
10036
23190
4105
3361
14421
7105
26552
20555
26492
900
17894
2315
50018
26661
58667
13940
2221
18877
24435
22192
7851
16518
3383
5494
17603
3709
53583
8673
16210
29213
29554
4332
16604
6831
21637
15258
37293
27174
39035
18941
516
10158
4965
28859
20713
17517
33726
3813
27088
54736
25254
27742
5525
4119
24610
8
9520
37755
17343
5588
8653
7179
7036
27568
8903
2830
5598
13518
1301
12123
4042
25295
38874
4515
3579
16629
14197
21921
10323
18025
15073
8621
8524
17114
32044
13521
15542
13846
7642
13225
23426
2020
1397
25677
32841
53431
17085
12254
43
39308
10147
50518
2284
8864
3888
8028
740
17174
20778
21046
17648
39506
42724
12634
990
32476
21221
11308
25106
47665
13
2223
1651
5234
4625
19201
27437
2514
30096
50
5084
30373
6288
38665
22435
12024
23699
5096
16737
38105
30926
19546
201
4234
11350
14110
27418
9
40103
15681
3813
17149
4520
23533
24257
6901
3884
40145
36906
19834
6717
3
2883
22408
29115
18830
6395
30165
2915
28751
12056
17458
4893
11593
34739
10657
25560
53349
60141
18901
3040
4301
19018
6875
1495
29093
17838
563
27149
6683
21627
23896
36600
30641
2618
36323
6441
4776
53722
21
17719
6337
4105
5782
4401
724
26516
44103
16627
42299
2065
42294
15343
32925
2142
7775
27912
7001
1245
1922
21942
2118
44821
6230
9102
30397
8998
3887
21274
15528
9832
14405
16193
6423
5225
21007
7178
22934
4730
39594
37133
17782
33173
9615
6853
5961
19966
1575
14301
7840
53346
3400
2576
40770
3984
1195
7537
2
8301
15339
4867
2479
12536
2499
43341
9847
2700
27132
3725
184
10450
9473
8185
3387
6901
17333
17617
1
3179
12987
569
4500
27289
15554
37090
24365
16240
14069
16256
834
5584
528
15735
4755
30351
335
21774
25738
19324
17245
937
18081
14977
30998
31159
31779
26938
27710
3850
727
10041
4088
7212
14517
23377
2797
28186
6587
9036
13958
6612
6825
22090
8479
13352
17846
6400
11639
4664
16213
3658
23562
30929
8403
2679
2948
39753
1105
6866
47837
55073
1483
4405
7795
1514
11557
2046
17
28192
1746
9433
6366
27039
7538
51387
4201
12619
23416
20701
40136
3041
10280
1691
16107
2244
701
29952
29816
10416
4900
3400
22356
19859
1429
43447
59982
999
15457
15104
8238
1824
28141
2544
5249
11602
13718
16633
1954
17652
13652
324
630
3511
3995
1055
7515
3152
5213
24808
6007
482
30863
3000
10385
13573
23991
3912
50432
946
20437
33256
9373
35986
54531
4022
57824
19916
3472
10420
1168
5112
14569
28452
407
5421
28407
688
288
415
42388
12226
15626
14000
22126
5110
2411
2519
17077
343
14598
43182
33707
13010
9399
579
2842
5306
5713
259
8672
32660
40673
27845
29902
20272
15534
7086
15222
16268
146
4319
8714
3122
13138
14161
24933
12178
47997
23699
17569
6810
6941
11605
24436
48122
33734
21617
17365
3154
35321
2389
13584
3
35725
35573
4439
10890
23049
37770
19518
9423
1
6194
10671
13778
21062
29600
448
24455
53210
5386
449
33228
12521
3165
1216
14908
51994
8681
12019
44026
11391
6551
47892
11965
42420
23715
20612
1910
9851
2778
37813
819
23202
4057
14500
10968
747
17754
17992
27241
8313
24355
14282
5946
36351
11772
57368
8630
14068
52119
5017
38316
21180
50409
6374
25333
13429
11861
5187
629
24881
24605
37048
38215
1967
10495
35570
26827
10277
42294
2304
17385
3955
5883
2650
24072
13995
9258
12855
54204
1881
10094
16365
14484
21903
11585
721
18412
1715
1996
2785
20313
18080
505
5520
9776
9591
48379
414
8934
18889
13449
4119
3475
2212
21647
7690
12099
1611
24247
9657
29970
9759
1635
2582
15558
32658
42607
656
13879
4287
17129
9471
50223
30700
3686
533
15450
446
47153
19971
6101
14823
6538
21376
338
23705
9411
1121
113
10756
42045
10695
30872
24797
395
26829
12730
12429
8369
29085
6848
31357
4741
31192
12091
5599
44798
21
8102
13590
10882
16170
6106
43108
56629
1462
31768
7736
1340
9341
1053
53480
6104
9461
22111
19
1576
28617
27763
961
2809
13047
23725
1871
9677
4178
40183
16206
4392
2573
974
4770
24316
8759
9387
7460
2957
21271
1308
1566
277
34
3859
34717
5896
28831
31070
9291
2487
32895
8630
35741
47399
1258
11123
15144
5225
28055
3911
20676
28221
10406
883
4143
13195
6653
16838
21689
21089
8989
2094
35936
10869
555
40530
41015
10001
1087
22127
4444
1868
6593
31738
12855
27699
5537
21590
34257
801
23433
613
7655
21612
6462
20517
19639
2081
3569
2243
17166
20433
23409
16426
4050
23057
482
21306
2435
1127
9259
33247
1602
32426
15630
37511
1366
7317
7764
1053
362
52326
1563
369
14310
9296
4017
368
16641
1560
15107
26240
1846
6383
14872
8437
30789
7330
8901
28469
1824
34252
54
11630
7508
11561
23212
24572
43117
31779
2
4998
1666
24111
6214
305
46983
22417
60603
33649
6448
13168
2228
8150
13741
19219
5353
2422
20578
12171
894
5786
14861
23252
2
31822
12156
16072
29050
15008
10026
5622
840
40938
7787
16231
50949
14495
16058
16522
1420
29800
56807
57168
22747
25776
20062
24830
15368
11786
1089
17382
16504
28391
27793
16701
6455
14086
8487
14447
16788
1879
44162
2870
12568
1834
10375
8
45913
562
23201
1477
30247
11222
2107
7546
33687
4894
33558
2531
3876
8074
1032
10419
7000
1
35827
2
29094
9804
18722
44532
13606
2632
38240
18502
2276
19687
2724
32330
4670
38292
40315
79
11122
42836
42846
1
12226
41827
40034
20775
8363
40980
8972
17467
10153
37520
12422
5058
7775
32845
19987
14297
23260
634
23215
28181
34222
806
36062
38118
4594
6659
18485
9794
34769
790
18655
37783
2246
3795
37
18159
24281
2024
10006
17274
2555
5346
33852
51260
12724
2683
16558
179
31066
3963
5045
5950
5584
51622
33924
12478
10585
25528
6248
6696
26447
4811
9616
50682
6040
4221
35809
14938
9749
27620
4733
9310
19076
9654
9833
23108
2387
1233
190
4438
52308
935
23702
1458
4024
4560
40844
23623
24911
5402
424
2294
8946
816
18903
22891
5317
7774
32907
1438
2107
19404
32888
6100
23407
49345
36936
14583
4102
17400
39462
8808
23651
24553
3406
24802
15833
35054
9756
23029
15998
2802
5574
1895
15115
3160
337
11004
9342
28810
22215
16037
23228
2072
6351
39391
499
11799
45364
23886
304
31904
8547
12914
40768
19885
20682
21327
4437
22540
32211
30667
11811
41126
15674
19062
8554
35921
4619
36300
29979
4106
3973
22996
12740
6431
16270
26135
14687
5499
16172
14642
33256
20476
21032
6043
25690
20119
42268
999
1535
2135
13735
9829
11213
17480
15901
1676
17587
5133
7901
5639
19495
55816
9797
12484
6534
13599
25474
19350
35062
42014
8408
3608
21702
34882
4439
2127
17952
1224
35736
256
22083
8751
14844
13660
25871
4357
12732
4951
33422
5643
33586
8933
310
3579
6705
6970
1214
5624
9038
7263
28995
24898
13631
17414
12584
4022
6998
72
2928
1726
32727
299
19379
24813
52093
5609
35662
15578
9593
14279
13351
22167
15600
50030
5
417
18029
6566
39176
18553
4913
32437
6217
30213
1044
27295
16129
11198
2260
5968
981
2413
1071
1481
1462
6517
17979
29925
47155
20729
12199
6230
2225
15303
9625
18962
33703
2116
14987
36169
2208
27865
18059
1647
16
2730
12359
2856
8683
6445
18854
40666
6357
7079
7579
23120
33697
6271
12881
17545
14151
27592
6871
1
55253
25797
16821
28078
1429
25946
35578
28724
7074
4262
3176
9852
13306
12871
2815
24611
12138
2124
2362
14311
5277
45548
9688
26509
25954
14278
20694
26722
17409
11810
16313
3298
18826
2763
5101
15985
10151
9021
2466
18472
107
23900
31275
21539
22927
33408
1945
24041
44843
251
33212
13834
41907
20943
38602
1162
5157
35590
10920
5189
13416
21498
10018
8235
563
1
24090
4943
18830
32408
47039
53878
2298
44
5122
649
24411
5440
35602
25794
1363
4360
24001
16253
10717
21133
9320
10390
9500
2006
340
38013
6842
25913
34766
9451
2
15086
4097
6512
15512
4140
26993
51087
2293
3893
11566
13581
15650
43427
503
1866
28907
17599
3514
26120
54610
579
11157
31062
85
7806
3387
2
16867
6604
30440
673
42467
45579
337
15443
1288
37545
8891
26260
5013
12694
9700
32975
1654
10693
271
13257
36489
30382
14973
14297
1023
33604
43348
7489
7967
13653
36086
2333
10624
3403
3949
37508
2474
3970
4155
10168
2458
22689
30155
24842
26931
46210
1283
27634
951
1162
7940
4246
28278
18195
3435
22112
6408
3857
13372
14050
8610
1011
379
4161
47867
11141
252
4331
1748
3291
12187
31675
12868
13138
16313
9351
32145
6291
12803
2058
15435
10424
4391
15237
5699
51344
40724
14999
10142
30355
5772
16761
2261
2263
5167
14212
34557
49172
63177
40368
26793
4424
10051
1191
33112
1904
13541
44518
5377
12049
24916
159
22461
36307
3978
35422
59031
4316
17505
1574
8479
23871
5780
952
40744
8229
2327
13710
366
25065
25397
4157
14627
2677
45363
33740
15323
13655
21823
16626
33157
7008
462
18455
13974
682
20665
15922
19967
1085
9119
5851
14377
21218
6463
47558
10955
3574
12227
11954
46
8902
23179
13578
30008
3549
7977
4229
510
31688
33869
10493
2
23362
257
6080
27514
11761
6142
5165
33615
383
13236
1508
1696
24363
426
6021
7158
19065
5168
19262
42526
5805
39669
48315
6843
13921
10250
23620
722
7639
5293
30926
28026
6006
35792
6238
24780
1
51521
9300
34219
16560
52821
9103
54566
18623
3204
41152
12859
14901
53278
31376
19719
45806
5543
38875
18084
43462
4946
22648
12630
26999
29993
13914
14562
32673
23716
473
13147
43048
40186
6239
8146
5905
30931
23337
5367
1897
17457
9143
29470
1912
13459
5213
24329
3085
4764
928
461
450
7400
33044
1541
49448
20419
6472
20224
27956
4509
850
16418
7578
8935
20398
20935
14156
25052
47557
10727
14547
2008
33372
10078
8406
25312
4253
18675
18093
7248
9474
41695
12261
12492
1474
34228
22042
14183
152
2565
47152
3216
13958
37519
18926
4669
30946
30698
16455
15658
34579
3465
3516
24230
22294
2322
47589
24803
23996
7934
11517
10523
6184
10265
17529
15657
9594
16284
5630
1743
4181
4917
17010
13834
22168
4813
1620
35806
712
21569
2004
21462
33895
27290
19998
29869
26136
1836
9474
3109
814
675
24237
30870
36375
1624
461
36206
28614
58413
21284
20035
5667
26843
8273
1260
839
1932
39287
7583
9330
11110
42711
3222
36809
13222
18237
615
31813
6025
23872
17145
760
26143
18582
4459
1935
24460
3947
849
18419
1686
49546
1261
31530
10421
40941
5990
534
2176
16851
9591
30530
7809
1961
1
2923
3146
6524
24676
44741
25814
12641
13923
18428
11636
3863
2972
385
4701
8204
7878
10159
2609
3010
36209
32356
5534
6172
6071
4098
11333
6718
19396
2559
1368
40747
42330
24813
28354
42056
2736
2851
23118
16631
3394
15562
1459
10508
3601
1691
15647
6688
2205
4145
669
4569
7294
7150
10
25965
15826
37519
574
453
2410
11998
3058
10859
11920
6316
10974
12358
1823
26016
7481
7863
4005
11748
39704
1212
25754
1175
1737
5922
3737
3361
39566
1081
2122
5187
13900
29029
12264
16413
42189
21052
4321
13924
3198
30142
473
6176
966
4076
5899
13641
2288
3148
18956
3772
18028
1969
27568
4476
31293
9953
3565
44860
827
767
22394
5552
3627
34191
15
8041
33532
9420
17
20077
3531
11513
29972
16234
20893
4370
19882
11069
4598
22418
22398
21216
455
441
33478
4599
1424
6361
9309
17662
9630
1754
1797
1
10407
33494
14130
36623
919
3372
1464
7644
17394
11632
1064
3479
21321
55543
14753
5
5968
8238
7927
24845
5119
39
11434
17471
25074
14331
9220
9611
9585
26346
22271
17061
9485
16419
1903
15866
785
19988
7981
43903
24929
11980
28278
926
44601
9123
4184
813
11470
14090
16260
7662
5160
3926
47012
33397
543
19192
9890
11848
17367
22158
19400
18289
34857
7663
526
25719
31994
4308
36166
12819
1367
2
1594
19717
2793
35458
30754
12281
27012
17012
21036
2221
11937
36273
25811
12
51183
838
1623
8034
15230
31982
9515
62766
27234
45678
3670
9185
6057
16518
2075
24862
26084
11071
16991
5156
20633
31688
29378
1522
21379
40880
14302
41107
18863
17185
21002
17710
10706
11705
10585
4284
14061
14645
12265
4072
18353
27310
42397
5431
28467
271
4977
41929
13638
13335
22556
899
7725
4426
11341
58093
26941
30655
419
21883
3045
3822
4342
10511
13351
12986
15720
11020
27810
33973
4082
280
24944
23092
2286
28695
20758
8585
19599
4610
5
8242
28780
19564
4281
27312
40880
3706
2468
52195
24510
28249
10380
4039
43951
8104
10927
1763
21823
4792
9121
377
16634
1814
12524
16835
5278
21189
8418
17718
39417
40294
38149
2285
19925
18330
15261
21289
17820
11113
7452
13621
27945
5227
53204
8583
596
40797
610
2247
15633
5625
2583
20433
12660
19388
6708
2624
21582
20825
34242
3173
7152
49593
24078
5795
35265
8837
32268
2608
19104
12493
23536
46128
48966
14390
5516
31858
45043
2898
41104
40959
436
21181
23415
3662
32229
344
56521
12762
11665
912
612
18868
17120
5003
9359
1738
29492
10896
21435
55632
42784
38345
6327
12637
11918
8932
36215
41798
8767
963
22847
19040
4084
20084
5655
16601
3714
4948
4616
4504
53324
3826
23268
6
28135
13071
52695
4893
5
3849
20209
21240
11323
28835
18249
24392
8483
4584
37195
3357
3731
6064
4453
21762
40894
31546
17722
11447
33699
10279
5631
8040
51134
26912
3897
9169
13112
31140
8738
7279
550
1613
4616
1214
6885
23669
795
1573
24965
3106
2936
4569
39222
11264
501
41773
606
11477
20300
4954
24599
2029
808
14829
1173
24212
10471
23954
39105
20288
23493
8630
8005
39102
36314
40337
51266
984
9528
31003
4522
4464
24726
947
24928
13963
5991
32618
5398
1945
1426
5165
43834
1633
40516
25538
1919
4246
535
20804
4352
37417
19766
8535
486
22658
2957
15846
5877
25483
31804
510
14097
7613
3804
14227
1532
4301
6075
31
45786
6944
8734
42638
26961
37976
33495
20135
21201
2071
11733
39517
3164
4073
1649
16224
35730
2085
4830
6736
43533
2743
6546
393
56412
10594
11692
1854
13989
2564
14574
8583
27571
19089
1524
8463
2191
886
29383
14888
2816
49932
50687
30623
25750
7579
49983
1440
7992
33063
17901
688
30232
31669
19568
30295
19229
34422
2196
1349
41222
7117
36340
10678
5185
678
4607
15386
9433
9007
45840
309
456
527
10351
17968
29691
24615
14902
4510
12656
6285
25154
10732
55800
28315
7071
1
10868
22401
6423
38686
8541
6303
6189
2836
19909
19039
9838
14431
48850
38435
6159
59151
6676
9029
14310
31446
7029
12009
37756
40214
7793
23790
774
47746
3553
23700
42606
7508
1432
884
944
2768
19072
975
33024
10663
43387
54091
4606
27693
9848
5771
42100
11121
2664
607
13379
3709
21488
1773
14305
10361
3807
26697
3321
34776
18069
4024
35887
29856
12197
264
5260
27610
964
19
2350
529
37761
1670
40929
2305
7
40535
37882
37187
5608
44647
1689
27377
2599
10290
788
5745
19526
8899
7626
10095
7939
31686
13758
5479
7466
7264
8830
18412
651
3528
27178
7432
23807
535
41573
2068
15297
59627
8304
10291
3951
10394
16361
10068
21705
10179
27945
9423
11996
41984
10832
23060
9039
1642
27016
18517
32087
4700
1341
9691
15749
6607
7292
4105
2425
11152
3819
29725
43986
27008
29851
8568
12027
3988
6226
15460
18624
1473
43908
8585
7497
11428
5444
8670
5582
38212
10963
18515
5342
916
28469
2081
62773
2563
11077
17848
5575
1757
3059
21857
2263
28850
6870
8231
46287
39039
26882
36333
49882
6
37308
237
3636
5616
31168
13529
3548
21210
29879
22512
9226
4026
3788
14717
1400
4119
1
41237
13740
662
10140
4213
1958
26664
1744
24619
7658
1664
3771
24640
14420
10010
8227
29467
5835
11802
15650
30997
9373
16671
16752
1078
19372
11763
12702
19378
14222
42262
20199
18443
2667
2733
3532
47085
33
848
25192
1955
1575
42886
21967
24474
18111
7344
13874
10165
6981
17985
49065
3812
32065
29278
670
28853
13866
10989
47273
5453
54657
7080
24562
41324
35131
9470
759
37304
8238
1375
7776
2142
13582
9392
36653
42878
958
26899
7078
38989
7870
2929
13858
42015
23180
13133
19899
32149
19406
14552
10590
5081
10509
2352
26145
23991
1645
2275
5539
23850
35627
6716
37716
2443
16934
28965
12774
18523
113
10735
9372
43319
7148
18093
24297
11939
13768
10506
14543
49992
36418
17735
24531
5123
35263
2779
28646
985
3074
23396
13442
1251
16
27376
30284
10156
7941
10831
11988
9120
11793
4614
31552
18263
11505
17806
1225
14487
4932
7270
5497
4422
1025
4877
19025
4509
1
570
5471
2011
11727
7582
8790
12683
10310
2089
8639
14556
47888
7590
44338
5999
15068
7693
30926
32426
6815
9080
1152
20343
41238
11550
3961
1703
45735
29872
9394
9031
2726
29074
19741
32143
17754
460
795
9815
56772
19755
16240
6442
14490
25389
14092
17727
75
7815
6658
21392
46452
14600
21316
1082
2449
518
42549
2398
54676
17533
25245
1592
3480
13225
23863
26161
32836
36335
12385
9627
46516
961
34928
2361
1426
1159
17027
3618
45245
6523
9077
1
25405
46219
9450
7158
25396
9589
15016
47748
22638
2404
30409
4500
12160
8613
44287
38477
14236
31765
6395
3531
3828
1912
2418
28945
7345
14007
33284
7798
10569
24483
22462
940
34109
36485
35981
11224
4311
25892
29189
290
2813
38860
3697
1735
2434
4769
4037
15975
9775
3409
9654
7809
18682
24426
15443
11568
13551
12022
12988
27622
28015
33961
18068
23805
24565
42768
42934
47283
12657
5267
17306
22070
5115
13913
31828
510
22993
26848
29455
2828
5895
5661
13007
7176
8700
32954
6285
16587
36723
48955
14177
73
20563
47719
17378
25516
907
10210
4349
34732
23494
31854
7760
1324
14891
11941
1360
21497
8928
4305
24736
12257
18253
23444
24934
851
33895
21851
5592
8454
6828
38075
10946
8755
48595
43420
10621
7659
44350
20203
32594
45775
2677
22822
12488
3185
42160
14334
5298
59379
4517
15996
34720
18678
10041
17508
6583
12031
19764
9036
8972
12952
3518
15664
4601
4798
4105
48488
24057
5127
51775
1114
3220
19830
1760
3006
21363
24052
17592
35577
20113
44578
8793
13374
38396
9819
41889
2
35151
58916
4255
5417
10224
44773
26004
7721
243
42046
16108
37172
462
3433
13075
985
11994
3346
22582
13736
39490
32894
16917
1045
5744
54938
5953
47061
8151
12175
29737
23584
41
21039
3103
25386
7130
31407
3754
2670
16158
33
6354
3195
527
900
5936
8410
26449
5752
33595
7308
34026
49607
854
24352
365
24975
4175
9308
16436
12751
584
14513
3193
3205
24087
4873
2215
14882
7061
1044
9550
7822
3133
1087
3937
19589
15343
12166
17441
7757
20123
19114
38941
442
3754
28716
3398
8748
13977
60687
827
47
18782
52941
8588
27889
2592
6998
14390
7763
2114
4616
13957
19603
2159
1597
6230
12453
23435
39687
2784
48459
2167
25112
1608
10392
40436
17280
23112
8601
15814
7935
1277
2475
7474
989
1670
15821
44806
1969
4549
58005
12
6206
12803
11504
6077
5381
15925
52786
4730
11265
19174
1336
3532
15
1815
43309
1287
17970
3256
23175
6052
816
2642
6611
21921
4474
10515
39157
32594
25255
5344
4913
27346
52970
3114
43578
1657
7277
26849
3234
36880
36033
2315
13649
54001
12374
27268
15516
2736
3298
10537
18374
14478
7849
18487
17087
7960
19238
50835
11073
2
14671
9848
29990
6092
2116
7291
19411
2420
481
10525
2806
43833
20083
32405
19328
5952
17295
17506
5717
11766
3341
8412
24129
8531
6229
32158
15894
1511
39532
744
4945
31862
2458
22493
31362
7713
49748
10566
338
10942
29177
9346
17499
8
735
10842
13198
20048
5828
37137
51557
8353
3132
4878
30535
17263
13754
19043
23746
21107
3889
1652
8143
32804
6358
14532
4902
30347
6293
16823
14306
7582
451
9784
4754
2545
21303
756
2213
43031
8650
25075
1481
3381
8615
9337
19725
28990
18279
30013
4452
28070
2899
7875
30568
28085
1411
1362
1487
44174
2322
3851
24848
35100
11118
3997
1480
1169
41873
7134
2366
13182
2848
12512
15836
20772
6422
22233
23234
16471
11
26859
7438
7187
12990
28269
14842
2461
1211
18945
56135
2654
23611
8999
11356
7979
18234
48847
23807
4212
1003
26337
554
31991
18973
1771
1880
5850
15109
1562
4794
7813
3432
985
8714
40386
1214
4840
40313
1730
30238
35268
18726
11128
3057
7007
43194
29004
12216
2110
8596
4130
9417
39031
43878
3082
52759
5270
2074
11074
6967
4084
13781
38071
37658
3101
39199
7769
25330
21085
6166
6515
26787
15626
9270
21405
24695
15303
9886
28407
7044
5907
13691
32980
12173
1
11765
10281
3069
15106
55818
21980
40253
15932
35200
8816
26770
1305
14387
15720
116
9220
4550
20649
17214
28991
13217
40105
36684
26761
45563
4586
9325
10811
29149
5203
8437
11219
23057
14817
323
12439
45589
3051
60190
7497
35505
9178
50477
45439
32701
20939
21296
41936
1539
24435
762
20154
23853
83
40641
47792
38973
15199
16747
9525
32587
14749
7465
34699
38637
6676
1441
24572
413
22849
32007
5417
5951
11131
2708
13012
7092
843
14484
22630
1441
32846
8895
52795
4112
6257
17807
986
46541
4901
11715
31302
23976
4189
4499
8498
16243
47341
8394
11075
29082
7757
2740
4878
26384
29954
14113
22
25657
11676
9420
9194
14501
629
2087
8990
3931
26692
26292
435
47354
13708
20160
6459
40089
3856
3133
5008
16772
2964
2043
5523
14965
50876
17035
9912
18268
25960
15340
9127
30143
27838
15991
3540
3120
27260
3855
10813
2132
414
510
10964
14170
18268
3463
5721
13687
46386
12277
213
5237
44699
16797
3435
26591
14673
1383
6085
16050
5306
717
6972
25456
17587
16723
6937
23518
35981
4803
7056
359
2985
12900
14605
18260
561
819
3260
19280
56293
677
9682
22324
10210
5486
13957
3261
9595
30624
33533
20748
18711
214
1076
33428
1113
18928
34262
1790
7901
41699
10623
21204
1252
11105
42318
10868
52400
35441
18491
15769
6172
32082
7622
51113
15860
2313
8244
40119
30293
28383
1016
139
31477
30854
15743
13916
22535
7983
8106
12252
3361
12796
8921
595
15876
6262
10909
21769
29359
13609
32736
4526
15754
6817
6240
49325
2507
44257
26891
16460
37509
10874
7347
28028
7379
14690
31867
1100
582
4657
2495
8165
31564
42340
55786
20809
42604
35951
11549
34372
308
855
14723
43451
57
1367
2621
2681
2998
24890
1314
2838
853
9732
19485
3760
28363
17053
11626
5564
10271
32714
5780
30971
16814
5957
25
41062
10934
10447
591
28498
6368
1568
22345
6264
4834
19755
16617
1077
2587
8752
39688
1831
11352
990
4499
28821
25330
25747
10987
19655
20720
4301
22501
2897
930
2345
939
23170
27258
9088
3763
4029
1
1899
26484
12527
574
32453
45892
15614
1761
1380
1860
1026
11286
7686
4927
2928
9063
3070
48010
12437
10536
17940
4046
12059
2951
10157
4951
5950
36723
2406
16491
40643
5089
2080
8164
20273
4468
6905
6897
25226
7094
9893
4453
29671
3666
9306
37215
21198
5
2103
15959
11542
28513
8518
16053
16248
8615
1404
13964
21988
19434
3808
5647
40124
12705
6775
32935
24792
1866
7491
15507
15855
40000
14625
357
7
7512
40119
17377
15
20632
11405
6042
11511
21877
1963
48073
32392
5712
15053
17032
45358
44208
2288
30425
29151
5011
26736
60409
5663
820
908
6743
34238
5508
24
31985
10889
1926
2636
58866
21793
11636
9439
40564
1378
746
2868
46023
38829
36518
111
35574
26994
7593
4273
13774
30899
16030
14668
16862
10172
427
21479
4967
53705
8124
6958
19137
15883
13557
3905
1
11417
35
4263
910
13426
49866
10261
5063
2261
32463
8579
37489
7969
269
8354
35016
3194
1544
35277
12809
6495
4
17433
11522
5466
2422
2336
14284
31264
13394
35112
5806
3209
991
25854
18672
15941
21426
35066
22857
19078
49541
524
33765
33582
34922
706
5945
2017
14664
1
48647
8862
1110
2307
33325
23940
40009
20463
40217
17658
3129
7892
12571
17769
10170
27362
4951
28154
12819
44341
38240
8882
3916
43637
39378
13085
9209
8495
43088
1796
2
2720
13708
11826
43946
36767
1355
4
711
7337
8109
8853
807
20980
1253
39180
25782
5612
51779
21694
7353
5567
721
2313
6143
16325
38
10425
24342
30752
28735
13494
8554
6874
25068
34096
4551
9427
7927
33485
6104
9304
4698
24254
6490
12061
8689
19618
893
31555
3766
25530
1065
3054
2502
26811
4901
45025
41320
31423
3063
20670
15346
12541
33715
28909
56572
4500
13695
12951
32843
288
11424
6265
2606
3898
12514
30866
2
42379
1333
12481
7828
5194
4102
29053
19502
12986
3625
19085
9334
9945
4813
48540
10050
12242
34384
13766
12311
49081
26965
8987
13887
14720
8020
744
506
37006
19217
13108
21674
43476
2641
1308
6074
30383
8461
13425
20712
28506
16357
21830
54040
17279
7348
7113
53582
24204
28101
19630
32831
26587
11216
1940
573
34724
19223
9618
14408
45305
8360
51440
4281
39222
3951
1385
30512
11411
50643
1099
9047
1729
839
2153
11035
24349
42208
45143
44830
5742
2435
2568
20736
36953
21693
4034
1914
6551
34365
3458
37977
480
29964
12149
5968
8126
34912
1115
21980
9473
1264
7006
31522
9923
1218
56398
18392
17453
10560
39628
6712
3979
3215
34716
2672
4637
46645
11105
22955
15688
16104
17707
18794
38618
480
8204
40314
41308
11456
4913
5450
28127
9
13587
46033
43447
2135
25035
30799
578
17146
3372
9514
4551
10711
11642
943
52723
48491
11071
2784
44334
19162
11789
52636
22984
3482
31861
10079
653
49975
19698
1297
12649
31634
1159
10200
6880
20920
15223
8479
11838
13094
19520
8943
8565
11392
9368
37760
23885
8213
22787
11898
39623
6652
7325
20552
52273
30245
8252
22226
19517
44165
1447
7772
6951
2800
10270
536
57157
4297
4787
14129
45148
15759
1489
4239
1666
3398
43131
3757
2130
27509
8281
37619
34300
7931
345
32442
1196
2421
4661
11338
5009
3582
15471
10936
13
9380
8037
8239
29467
8601
8476
993
2254
14038
11733
25605
27240
358
39928
1134
9868
17787
34040
7580
2638
7667
233
7468
23758
25318
4171
9874
235
10461
28971
38213
11515
32148
4934
22988
44457
11947
5051
16416
7039
36476
25855
27238
4094
2606
549
2350
26446
38471
4437
24289
28359
8259
153
7626
29437
40848
2992
16568
18191
29539
13480
1379
23227
7904
1730
17658
23834
2577
1896
9583
8578
18348
1358
12880
28153
37131
23478
4267
49557
36427
386
14260
39887
17673
9254
38980
41006
10349
3729
17
40062
1
30993
22442
14760
22061
33395
880
20908
19338
55957
38
24
14592
50782
39687
26865
5561
6516
7343
3640
7359
38588
27969
5
32745
466
36753
37720
182
13719
43401
5318
7901
60284
6720
2960
29904
29343
5352
21463
554
3131
2780
19379
46068
37763
24419
11591
12767
24067
17619
35696
31272
10773
19409
48572
6274
6756
6534
2021
25410
32395
19642
39380
26191
6230
32336
10039
18240
3363
11216
1453
3255
34347
38874
31208
7295
4368
36184
9400
8254
618
6575
12191
25780
22096
49100
23092
25788
499
12141
296
17893
5325
21407
7247
53265
180
7805
17858
26
3562
8168
12664
1
22282
51751
2257
19583
17958
5415
29666
8364
4550
869
17134
4338
1296
16669
12952
4746
4818
14001
23252
36691
30959
1768
22136
12831
2852
40680
48824
37188
22455
5814
3394
13233
11557
3185
8626
48029
8082
2113
6
3796
8509
17322
3421
31328
3842
38040
34189
449
21179
1093
1936
6445
15905
26470
1688
50048
9419
31130
25995
1978
26315
5573
20652
6134
5954
10992
6636
1249
6432
6638
564
29635
4
9980
3835
29979
4980
46107
39831
17389
3499
29568
10574
1012
22
1535
12537
8464
3102
16118
29227
15886
7437
13996
1
6563
3020
16355
48086
14215
6508
6023
11097
6310
2521
7325
24372
2427
17487
10655
3269
1263
48955
37968
27348
26237
20175
14120
2025
3971
2535
42998
5180
21616
46321
6895
10209
13235
14866
1466
33363
17
49187
22023
1014
40169
1024
8223
6877
19871
32094
3829
8527
4037
28606
9195
2954
13473
4837
18235
1259
38233
17699
15078
2809
32043
13757
1092
424
8220
44921
30058
313
17690
9814
17687
6816
31919
32510
21502
4868
19782
10872
14636
24087
11529
8969
6988
21103
9774
7241
2730
5276
26914
6174
5078
21614
7541
12104
12957
40067
4215
16226
11024
40362
29635
19004
2463
21206
20373
1298
1996
19334
918
10482
8082
48539
21597
20253
17026
10792
12875
2968
4837
2004
772
1277
24528
6070
7508
29233
19
12687
27613
27313
1138
12870
17498
944
12482
12668
11185
7001
27145
4939
1883
26028
17327
5296
2066
14560
6534
1553
19299
33931
17941
2935
47329
33526
26908
1292
15434
1520
31019
25740
3862
7792
9170
9177
12430
2481
10591
4688
11061
52007
7877
4228
4120
11263
28028
17883
16236
25146
28667
14502
21137
21960
3186
13357
2671
9346
1397
11419
10599
7498
6999
11721
651
106
3226
16620
19251
10043
1920
19922
3
5053
23405
41905
1938
33677
2
41180
4202
4723
7620
1123
36920
28284
6997
5724
5703
40362
12371
2951
29966
20614
38707
2102
8078
5120
2656
58224
24184
6821
33677
9872
13710
8812
5190
1362
4069
14244
35336
11457
44224
12376
515
4387
60305
3972
20251
23665
33837
10163
8955
7414
10271
35061
749
33878
44219
884
26179
1734
30233
40549
36322
20767
1385
7385
36046
11469
1034
4023
2615
61732
604
19943
3116
687
32659
16700
4325
4056
11676
786
9284
5877
29699
17553
11711
862
45694
14565
13447
5
5000
37540
9899
21743
15713
9336
975
1539
44936
838
25
48301
32809
8157
932
9166
13760
10619
16406
50871
21333
24044
47729
14054
2761
16632
19044
3942
9100
21140
18548
19536
17078
437
19643
32179
28544
39747
10243
7843
54827
23054
13137
6847
13201
402
16062
20846
7988
4787
19254
6388
15662
30900
3983
17768
22760
12932
2423
6288
16391
18540
28519
14884
17311
3911
2964
5424
3846
51217
11363
47261
7613
5578
8779
4831
9957
5537
32825
25506
34611
8531
35421
9085
29708
1161
18511
8618
31852
9055
13440
5090
2514
18597
16587
38896
17607
16999
12435
7397
49028
6052
2491
11418
1925
25301
29630
399
4208
11312
387
10506
14324
1241
10642
6533
557
9905
22626
12446
40139
6463
28210
6810
24030
1084
24412
2668
8313
5505
13094
11614
2035
8597
2102
3324
1594
8926
9768
2014
28850
4808
43952
8544
977
272
2417
11662
20226
38599
16488
1061
26170
17338
13294
418
27461
18046
1149
1032
6964
33509
32607
7972
6879
7065
10956
3542
957
7787
3029
27820
38672
38208
2413
27548
14219
872
3759
22576
2632
4774
847
39016
383
3246
16945
153
801
10556
25897
1192
17127
5480
1247
6191
18937
2265
4727
3336
3712
689
26705
45130
42976
41605
1123
25754
1531
14869
36965
28608
415
17138
34013
17771
1055
14850
2129
13883
4377
4460
3451
665
13299
35127
17460
5430
29198
15767
6179
40
8645
6725
18922
28797
34891
7577
21
26506
1238
7927
10751
6144
2093
2000
4660
41217
10077
2431
3465
20190
26647
18025
20512
1617
26235
180
36
1267
11121
800
21498
20201
1807
15600
635
16774
53180
10
1780
54163
2253
11284
7057
6975
2288
6871
24370
3094
11337
5190
7846
11556
5762
60
38000
16159
37791
25302
26387
7343
10558
29675
21541
40245
6743
59893
8893
5003
47099
5264
9954
18122
3242
49134
4187
26953
5821
23788
7823
3474
12283
42609
19420
44497
9895
3663
335
1858
9629
486
6649
7887
20238
15556
14686
2802
1013
1748
15709
7694
28865
17719
3607
1
6376
20090
24657
30595
5068
25889
10310
1964
14473
11448
8923
7212
395
24493
25791
5094
10312
14524
12139
995
16235
50544
31266
41139
6452
19125
29057
25358
20508
6284
4519
29041
5393
2217
2
27813
4676
5279
35365
53920
368
3835
1623
6473
208
12711
4490
20742
23360
31321
14713
19014
26038
18608
12506
3160
14182
22086
1447
53160
41822
4375
3763
5624
14566
13330
1432
734
11293
14205
17756
21266
413
4556
19718
4307
48107
16760
19781
17820
2127
5960
23496
2275
12615
1898
20333
13138
24607
5394
24606
46090
3304
32256
16724
25028
125
4469
11238
41947
843
7569
5737
1627
14668
26617
32677
4729
49474
17956
18491
40938
11997
19677
40919
2109
21404
24114
2217
9336
13919
8569
17543
9994
15704
10679
25203
17105
2469
28971
15170
50029
21334
20783
12405
28598
16789
45158
15187
1801
33650
37745
14650
4868
43840
9485
32082
2568
24886
38984
23253
811
41112
6708
39111
7232
59279
469
16785
916
7467
42915
3855
47805
48116
2573
25604
14538
1594
5424
4746
18324
4301
3185
2504
4055
8951
26955
31803
8143
26042
16247
5130
47993
43504
16476
23137
4267
42291
37883
10113
951
20629
1133
7455
23691
14
42790
46630
22364
22060
32860
2908
8652
36538
14784
19277
3763
10319
819
35407
24458
7614
4834
13262
552
17986
25023
36026
28025
22194
21350
15789
21058
9595
1727
43643
26818
40218
3810
24435
25396
6121
3437
9982
9398
32222
36774
10463
10433
1182
3018
45706
38765
59524
9980
53839
17212
8913
36840
4791
579
2651
24819
404
2127
9975
429
1730
5127
11019
2800
4622
4
19166
6777
11166
37244
8540
15676
14350
2821
14648
839
2575
3554
27
49326
7778
22675
44101
11757
16882
22103
5978
44142
18775
11067
19995
11500
13266
12820
22888
51059
340
39860
6184
3804
51041
1835
9116
5488
1627
17302
21021
868
43669
36631
14387
3250
31572
648
6052
22642
5621
27604
12952
4764
10116
7946
19750
11617
32070
54523
3450
7462
54142
23533
31618
28722
836
50058
38289
10263
30740
16113
23804
5612
74
25408
15434
35204
3
40028
7403
264
54025
9527
4378
12774
5704
990
981
12764
26999
21541
55
21609
539
4167
23265
33623
10620
29584
20393
2
18514
7114
30692
30737
1848
10435
3254
22844
13387
14001
4263
3390
17655
11652
685
13930
18606
8085
15589
806
10269
935
17194
34964
33940
11196
11264
34852
30776
39417
3146
28929
10429
4011
55102
14222
40833
3272
18083
40399
8989
2838
9531
48941
771
4893
3448
15147
1548
8964
4875
22286
4140
3792
5251
5729
8495
4009
34645
2433
4913
15418
19766
4112
49731
30201
25740
629
4794
27841
17150
2060
15518
21929
25971
5658
37311
47441
24264
12668
269
21190
3134
16429
22084
35878
19668
5315
5382
13328
21540
23040
25659
1998
9905
18483
10830
5599
54
28714
30916
1
857
4486
10111
878
4526
21751
36439
5665
1110
24165
26007
10333
5972
62082
21
41286
4365
2543
62311
36073
31161
3763
3348
4437
6131
8737
15912
922
49676
16891
12111
11377
8770
21907
9133
5877
5804
922
3870
1341
1362
255
2
15839
16735
275
20046
30898
5228
17591
252
104
3087
9913
12602
23547
3304
30169
25173
6803
30877
36186
40901
7319
25475
12381
1493
10785
604
23681
1219
15840
7210
8663
42270
15881
15467
1538
3461
8657
7140
1605
34709
14353
4708
47943
22564
420
2
8214
20516
12054
444
16241
2086
5981
43760
13712
25409
6538
12868
8968
19386
30019
10863
5719
6306
40347
1574
50885
10025
5849
1831
30209
19827
3553
5088
8020
1152
3540
9008
27300
3
3732
1803
6745
42815
26026
5977
510
8508
10309
15465
11702
20695
31485
1227
15341
5703
19990
31130
31977
36367
29018
7414
4254
4436
1507
1736
13162
30379
1441
14144
6240
53562
46839
32667
8718
30910
3238
7363
3217
8899
12883
17879
2016
3749
1858
36839
980
23000
26510
271
34805
5407
1447
7674
5404
15376
4498
7469
4215
259
5431
10694
46033
12055
34323
2524
15171
1677
33148
1550
31700
24465
22136
542
36613
53701
13512
1560
11211
19165
26720
18046
11454
3921
22581
38164
17593
7117
12722
23435
6158
3291
17774
3927
14707
20517
8
39615
6183
7988
51282
12458
13688
4902
21843
3310
43962
2209
1986
3867
3485
1009
28639
10176
19345
2789
15371
264
24083
32058
12309
6383
16973
42185
37275
9218
11901
33824
12364
37369
42831
49865
4093
1870
2945
35748
3079
13679
731
5996
48517
28511
2065
6480
29928
13447
14066
10084
5714
21478
9496
6327
795
20103
5
23316
20442
29710
52052
16610
22654
25027
61195
1888
21209
17103
22101
9281
9439
10836
12176
13741
1523
4233
10206
12571
25645
31843
799
8647
11186
41240
12790
55178
27291
25182
15115
17874
19575
34108
761
16919
5599
13039
642
53682
20757
37627
42096
30345
3216
33813
25320
3931
4403
2
1817
20188
5530
22056
55
10141
4218
3661
716
9135
17824
21851
14268
4961
24152
8260
32480
2743
18312
20833
1349
47855
17647
29621
11591
65
16414
15082
45842
4383
27609
17864
23288
21854
11451
8176
5752
4233
40673
17713
6737
31322
6361
26609
1450
21829
4374
9893
12005
948
7826
7914
1891
30949
1709
46061
8912
1924
30092
1638
30519
14495
1405
36553
4191
11962
4493
22226
41774
6006
1376
22743
4335
1091
28671
12593
3102
1686
15695
10809
23008
34637
4891
7831
8578
16440
804
3772
11392
7921
7049
24333
6337
1388
13206
30298
36178
12695
5283
1293
4710
13080
15829
7535
50403
24351
22229
8087
6949
17150
8346
9990
15288
23491
6888
30131
19428
49034
17596
5713
17725
496
24626
37207
8188
54163
4581
6292
26926
38216
11497
12741
33210
13742
1041
35698
2981
23829
14380
10339
34191
7539
5765
24329
4616
288
20329
14543
4289
38227
2335
8528
8500
21965
12097
21569
9500
9710
9397
12694
9217
8831
21878
24390
25942
15759
760
4210
3036
530
2895
7052
25776
23778
2468
30138
10395
25193
9569
17914
55280
10917
10830
2994
4165
21837
37838
55531
21222
35171
4999
2513
3933
16152
12246
2296
7510
326
9017
26370
25818
26544
906
14
35481
27847
6719
486
9652
1689
34479
13533
37932
4550
50423
2920
25924
23968
22663
16987
11992
4641
11861
59462
282
25866
4389
11646
11071
34640
27276
24962
7491
12745
1233
17088
51542
29105
30207
46736
722
28195
28755
6274
471
36360
20411
25784
18706
16816
1357
2505
12047
11544
12085
8459
1908
21345
33301
40826
18313
35096
31778
2616
41976
25864
9077
31329
4431
3358
5796
39433
2405
32103
7190
55815
19461
339
4750
17220
754
11437
18289
3443
5019
2918
480
13245
41423
15870
17844
36899
55568
24845
11901
21011
37194
1346
36761
20287
2275
50825
19567
1196
2511
637
17972
12954
2882
24816
21028
1039
24272
13480
2808
2627
31481
44674
12777
23047
1360
5268
13158
10748
40667
7684
20707
2745
286
1264
7605
42282
31464
3932
52861
9864
31701
51459
12953
32077
37363
30718
28340
19407
9207
8613
9812
5002
3876
8518
7938
28738
41906
10659
291
21869
15361
25099
12622
49401
11339
17117
33468
19
10028
17793
6150
43285
11161
2
23988
24167
553
662
7511
50338
27083
15553
61571
2868
12848
8665
10690
4726
2696
13889
55114
6048
31330
29230
937
7944
59186
52750
17975
9183
30899
12425
882
16850
26199
2132
18896
2447
21912
848
32837
9807
1031
45
9763
10000
8876
266
1446
40082
21381
40848
19035
34175
35120
42087
10705
11982
12162
2580
6965
26998
52789
6184
41569
28646
29826
36448
10827
25035
13832
28611
19912
20320
25800
14968
2590
2054
38619
4927
8108
29109
17940
16984
12562
19110
23256
3745
42984
18152
15091
5718
498
32730
25636
4075
343
34381
33669
16636
16170
39786
23856
6675
13034
24224
11
19279
3992
7497
11698
17825
2421
13595
11977
14926
4607
16255
13781
15244
6511
19097
45411
7798
453
2118
1689
22226
5026
5628
17000
57146
34548
1299
8266
6289
27050
7173
6548
20991
536
1
16204
42274
37758
19600
50577
891
18707
6493
32576
24445
48153
35495
51767
16232
23052
13839
24768
370
1860
9262
7749
17644
16811
718
17029
9446
7109
7039
26003
3608
32419
9061
8842
30021
15389
25273
1639
23986
29302
11674
17071
33091
8100
14608
11268
51996
3383
10584
128
14582
9044
15427
5337
3129
19734
3137
1530
6365
2016
16043
3143
35724
20082
3040
10337
24644
5038
10335
26104
6381
766
34477
28633
17733
3
20075
22100
44117
14639
26113
3591
3398
11120
12256
4264
33202
17607
9245
21935
22699
23428
36597
5763
7861
7338
40625
40721
8135
38014
2996
10373
8083
19621
912
17007
16096
8496
27411
8469
954
30384
35076
4750
16498
48086
21036
12911
7773
4748
17467
20703
945
29110
32683
23841
25916
34055
7650
16672
56044
6612
7085
10996
314
1
5889
4824
63018
25359
16054
32279
13628
21864
12498
9825
37617
2777
7054
4501
6766
7650
2656
48792
2155
18491
5287
21917
50964
9424
19024
1535
19862
37622
4556
19164
9110
21531
16481
30313
10911
6556
14489
38665
7105
16502
20358
4157
8656
46990
7367
19294
2171
31218
7222
12312
43554
14
317
8287
14871
27055
7557
28202
16549
2680
7579
2750
3017
743
46929
24803
6703
20333
27927
5489
2786
31964
41601
1070
4002
1
13500
36311
37167
2799
13904
35878
1957
19231
4279
28705
1154
20512
14552
27075
33550
39118
3776
3965
34742
1326
4175
19604
1949
9211
1
6000
4271
6674
29762
6268
27724
2440
3709
37660
7642
49778
274
31448
16536
1490
28752
3037
640
48574
16306
2
11197
24949
26330
3114
49560
6101
1240
24058
301
14501
3835
17105
2985
19043
398
2425
5500
24089
6178
1827
26850
2534
25454
3407
3177
5416
47652
3393
17007
22317
13642
9302
10310
27378
10843
7464
8208
32105
6903
20656
1303
405
19046
4088
19277
11523
3767
25812
734
41206
7090
49256
28803
15145
3981
12700
21324
17622
25801
25180
13766
1194
17472
4661
2504
8421
435
5392
17464
48919
1828
37378
17813
7096
20385
47294
27633
1290
2898
8418
35742
16701
14741
381
8660
416
8927
25098
18797
18529
1111
13446
26603
23161
9043
49146
4957
8450
36694
43408
438
18074
18313
34157
10430
12405
10948
45006
30491
197
11260
2922
5558
1074
427
38905
1
6103
2437
329
18275
10654
32106
15854
54669
2573
37718
31609
5420
11158
13903
42603
15450
7281
6073
9124
33508
9147
2938
8405
2565
95
11726
11919
7777
35066
1627
11780
2
2112
32621
139
28478
37417
5904
31680
27815
33105
48454
1171
40142
4059
770
29571
41654
3398
17877
643
24482
15256
21731
3605
4493
4351
18047
3608
3883
5351
7765
16789
2349
18982
7360
18183
28142
20776
10324
39017
45801
24852
5051
5273
12063
11099
31446
23776
9752
7387
17877
55616
33231
6260
17216
36805
6929
14723
17912
11929
18187
3930
58406
32203
29177
8882
43575
2494
39966
700
4309
1249
27076
17509
1986
30956
13340
16451
39430
31975
13072
5384
3037
1563
465
23101
845
11954
4019
19826
13634
32048
11688
3747
48565
9159
1110
6760
35244
34233
10851
8352
3185
2561
51393
24317
28
27294
232
8433
3680
57116
5075
31202
569
4843
3254
38501
4162
38674
13873
40946
13417
2372
29497
18236
9892
25607
32383
19750
10566
13040
13490
13201
20996
36487
20513
6113
47376
39110
19627
12912
19788
22394
27499
14010
4679
16520
17137
5290
10975
10780
4390
23633
18991
7362
2109
36846
2173
16773
32459
8236
25121
24981
10136
36593
25938
35872
2
4363
6298
44566
38860
16298
4626
260
48658
50094
15176
17860
2024
22819
21945
1493
12429
976
46466
37106
16387
29748
435
23879
41194
4329
14026
16035
23018
15385
22
518
2069
14786
5228
35540
48067
6314
46235
46266
30473
14967
1831
418
51955
2894
6116
8175
2169
33511
413
24299
1634
8118
6746
8806
21809
4352
14489
4590
2087
947
4492
4311
728
2909
31068
16975
18753
17206
5157
36650
19512
53408
6024
667
6680
17426
518
1332
4018
17203
28749
12296
22411
1721
649
494
40796
6083
10184
11923
8011
2890
2001
21243
33835
3828
25497
42284
14133
48320
30667
46259
12851
8231
672
26710
10737
19498
18745
862
13116
4564
331
26699
7840
6833
10986
51410
24116
8757
7151
5430
20275
39441
32201
13416
17465
9810
4687
20933
29694
10427
6048
9
9204
24057
9583
19108
473
8970
46292
17988
5925
48249
6387
3346
26979
31648
795
38681
12869
4607
4330
27652
31252
20413
10506
19959
42399
23275
14360
8016
2
8577
13079
8545
29401
8373
19983
23242
19252
24750
66
3378
36859
12201
831
42189
10661
8984
1482
2993
18670
9910
42366
14141
11056
365
10711
4033
39801
11453
27317
10034
30966
42633
2815
9448
57361
35247
4172
6005
18511
27565
16905
9109
8843
3797
9862
20606
24270
39967
671
11172
16038
22932
5757
14630
696
31408
14372
1536
16053
1927
23987
6028
37407
10095
30956
22908
13918
16791
3951
9851
7157
1735
10
13455
17167
44790
9343
18148
33161
6451
52362
3677
4575
11640
3
29133
211
8259
35965
1618
13638
9350
7334
13039
38854
30664
14070
4039
788
6426
4897
18246
16460
2742
17627
12530
1155
5179
16
271
31923
14899
46900
18972
39483
11836
1704
9635
45
7710
42350
9266
35819
37475
22611
7505
15752
13863
25848
11249
23696
12614
8471
5111
16868
13098
7140
994
3962
9229
24094
32753
16314
1589
33259
19890
7704
36749
16501
8939
3460
20915
35546
9748
46977
5115
7105
17503
21034
8228
8923
26964
37490
14605
1825
14531
38577
1429
10575
22189
13618
37676
26766
7472
10141
1216
4411
3696
37654
15957
882
12448
46764
2635
28199
12047
545
34780
7853
46904
17290
52116
3985
40093
9080
7311
6449
3009
1032
5310
5549
23149
13957
31549
20344
19377
8340
9000
4742
9198
9610
6045
4034
11412
4689
3449
3
35894
8081
2363
38432
12474
34045
4002
14258
8916
20496
1722
4205
40155
7311
46257
2492
21276
28682
4989
15156
15556
24740
36663
11796
523
20178
54087
23444
35240
11441
9795
2911
33794
15683
6707
6308
23603
13180
34977
12885
15858
15787
2238
34014
23935
3661
11568
5967
8055
15479
4730
6956
19891
859
36704
7569
8307
34575
36698
16717
1343
10601
29267
11687
336
16650
16314
25761
17262
9251
4711
30364
26172
25916
17770
34130
473
7584
2135
19221
2624
23034
1997
14084
28093
401
1596
8788
41943
1
1141
11862
24474
14584
8758
12891
2185
2240
3490
20310
2563
19264
3144
20761
24330
2
1505
40299
13292
20168
3636
1552
1076
11307
5487
20521
22585
5038
1
6285
38236
15493
7057
31969
42191
17945
2039
54096
974
2161
25294
20460
22533
37980
28924
30304
34152
1468
11607
7287
24466
60388
32083
34778
15070
2129
9123
18868
15631
6871
884
17535
12640
8619
16664
53611
19357
599
18709
39671
12034
2239
9801
29319
33056
165
1150
36549
16143
35532
3903
29260
40969
4789
26964
308
1175
18014
22126
4955
50453
24995
9794
13367
10712
7805
43727
4737
51992
35828
7052
8184
2741
13912
2260
463
38605
12430
728
5012
28812
9758
34757
97
6357
9080
1322
20018
39441
23954
59474
7722
25791
1297
6598
22833
20848
2566
4620
26042
9092
1100
23387
783
35245
15803
9974
28808
1536
14384
3355
4064
19864
3243
34132
18255
27281
25380
25254
22978
4437
46758
1129
1614
3837
14884
3531
3656
1668
19760
28206
15588
1551
14728
397
13028
522
42994
11141
5201
9044
6716
16013
3385
27417
10855
2
1859
10910
4700
36504
38069
1725
25651
29236
1068
6179
23475
18590
6662
11627
24785
12690
25030
29766
45057
11245
19594
624
20568
48087
17156
3796
27819
12842
49323
19844
25711
6641
941
7745
23094
17990
10464
8745
1198
4212
19400
879
5611
17173
14699
17231
3205
15132
12555
19927
1
1936
11526
4071
17127
4265
19912
30773
28902
2456
5360
13062
1633
265
2563
5918
6776
2884
5641
41202
38364
1696
45287
1870
3406
18470
10789
828
6503
1825
19636
2768
1973
1666
1987
52303
6978
29102
57177
22802
46091
32154
1968
14471
1173
30885
54899
20038
15452
5021
3722
5579
31428
16620
197
264
24187
7819
18467
33875
15322
37613
1526
17930
15820
3983
15192
15045
400
38936
22450
6780
7849
15158
44250
5863
24176
894
26154
17411
51263
48576
1992
1670
17746
6714
11459
27553
3289
37339
39579
43073
6776
24409
33226
8846
8235
2508
11959
27360
16166
24532
4102
4738
321
29200
345
31055
210
12038
2348
484
36459
46806
24559
13624
2963
479
16822
1962
3176
22348
16115
11459
2164
9184
4719
14592
22734
30102
7674
42183
4212
1257
15289
41548
3333
38786
13887
351
46307
3519
10159
17835
21732
16506
6251
7135
2596
451
1079
18927
14624
10514
51940
7156
37752
4113
4217
19454
17135
3121
1751
15245
393
26409
37331
1
55536
3509
4176
20959
4734
4510
1999
30763
21571
11761
26689
3226
7082
16581
7839
14013
21574
9158
28549
4399
7834
12020
4625
24789
2262
1453
1199
12603
508
8278
24831
49309
7047
45383
2584
4857
1
5351
29234
20766
56340
7144
7971
17549
34832
50272
45160
51278
24115
28630
15373
2893
2004
31609
12019
12562
1479
40688
762
45012
27654
421
7503
23687
6873
8219
20653
2
30555
13619
25126
3625
11196
18125
19110
508
10
14
3915
1619
5
9917
8259
7947
25842
7413
4976
51254
3447
24731
583
43294
10137
12338
505
25241
9891
22980
3375
17782
21
30996
6329
3712
16413
28910
20862
8928
21503
28815
35792
3858
7974
24269
9965
26937
29711
5708
9126
29686
3353
34664
1709
1968
166
28591
5492
23927
11474
3157
12401
25907
6444
13197
35206
2777
949
53918
1996
2009
22813
29469
19648
14778
637
16537
10645
2361
6086
14207
20750
412
21654
16561
1942
391
682
6086
76
15181
1115
898
29731
12127
42129
1028
5
1020
25177
22700
2794
4511
35672
14156
1609
39383
4
51865
5129
15052
9182
45697
2881
8571
42469
2699
5104
4886
28000
3409
17448
10123
7382
414
17170
45449
7083
4009
20511
43195
9729
42825
43879
3575
25490
8542
2083
11812
19203
21688
11374
2543
24857
30413
33661
8641
51539
50140
19947
1982
26918
433
7437
4634
17275
10697
18992
6456
10362
268
23710
35644
7835
5215
49682
29517
33106
18286
11905
36909
15983
25152
2019
320
24215
21383
3684
6893
16955
7902
30035
14792
3934
36180
11645
1697
28863
49484
1051
15681
16626
41658
20195
9970
17446
2471
6504
19864
7378
12638
1067
1890
13147
18118
8265
5384
3458
33350
23030
3864
5
22685
36515
17293
9014
1212
10289
5660
5571
18668
1249
3416
9315
14882
14435
12359
31250
21435
30133
25405
590
13065
23215
1424
31160
7643
28433
23546
23974
4701
13439
13282
42541
16298
6984
595
37855
12356
9364
12682
5768
51890
44358
23489
1203
2
43942
39385
3558
32750
8962
23153
8311
5059
10719
28564
3408
3708
2136
6498
5919
12394
32229
2125
11485
22093
23500
10326
16113
49346
12718
43309
2952
9547
19731
10513
29427
4184
10766
16102
37367
9904
887
14589
23111
14882
4935
6488
255
26105
15318
2422
9000
16360
2882
25222
8132
1955
15653
37789
17086
3058
292
1048
32989
7780
10253
47479
9381
20454
39716
7952
2908
36285
20265
8049
44038
21122
30047
5671
37228
18728
8135
22367
15951
26285
18723
14296
1336
2369
28973
45772
548
33772
25289
33148
14732
24272
3681
8
9545
24341
31133
4765
33509
48654
3458
5988
46060
5627
5741
14980
29755
4264
3883
782
245
5208
3385
18
1559
21855
29804
185
43677
7386
58882
6792
6861
57799
6745
44761
18733
47019
4205
4455
1720
25566
55286
601
3462
4806
16717
4717
4363
58852
11645
36880
29005
1148
26526
61739
17583
42846
371
5990
595
6025
9913
39041
20125
28009
6280
42138
14812
4202
15448
11742
15484
19424
2516
18233
17176
33700
1795
4057
44992
22131
7258
19989
31632
29256
9799
39713
985
3631
17859
6189
2263
15365
10516
31246
26324
5314
7254
2343
10688
21813
18365
5028
7681
14711
2765
54261
5485
24772
2302
2877
33648
365
23328
7597
3185
2580
2646
13964
2655
24135
21029
28481
38554
9398
37144
11135
11972
29675
26097
2460
8780
1030
20603
3110
10613
4350
17932
41520
40728
843
8278
17182
4581
11273
11556
2595
13527
31823
6048
2637
11298
24189
2449
5596
42578
15058
23673
3976
1270
7782
5253
12670
1188
14647
18257
11759
10967
13061
17459
34401
13087
9961
15605
5516
1146
31873
1998
3503
27
2464
3177
12574
1222
10743
12414
1379
523
1374
16282
22856
29166
14961
13521
3311
5538
13992
1765
53229
307
255
15965
21747
6247
43482
24903
21815
1238
17676
7871
2657
54909
5695
2417
17401
1327
30386
1748
18710
25082
1898
42750
19705
17808
48184
8778
4648
6507
7168
4259
3818
25137
8993
15757
34205
12584
6522
12892
1924
27630
3185
24484
4339
23087
12210
31291
34458
15373
29913
25796
8457
7747
1
17677
2708
26
2647
4774
10773
7392
22290
1286
8744
20607
8731
17441
23699
9351
22920
15612
30864
13468
48324
42196
16086
43112
26616
39443
5
9874
4518
550
741
50602
11222
2770
25776
2074
40127
26803
4851
2026
2995
4271
41567
14365
1
10
5194
21825
44567
22121
13594
46229
10370
28665
23920
15293
17107
5689
29365
21491
39179
46501
1799
7681
14124
4739
8839
14869
10335
388
7547
812
30684
25129
32225
308
2732
479
7650
41193
6878
16893
21435
9302
5901
30869
26920
1216
24042
16110
6454
6164
22995
570
32765
3230
28522
3348
8847
34572
1
9452
5661
5051
1009
54398
2433
19615
31300
41027
2573
5595
18451
9167
5527
19481
926
3095
44786
3821
16208
56857
17384
380
4
24373
44088
20074
28597
13977
8898
18618
22613
2214
31982
1980
4957
3956
3802
456
15472
874
1671
52169
5580
1360
752
7581
26819
23933
6998
10382
11736
20864
9886
32892
32257
1695
11790
30110
5749
20032
15472
17756
1942
10678
1615
22943
59115
27702
24659
859
18868
834
33874
10273
13
9683
2452
19002
969
9857
4
5375
7418
9325
1179
34332
8270
13285
15626
3829
1972
54276
10718
50210
5631
3025
13685
2264
38748
5492
4943
4345
15892
15
2255
11834
4063
8179
258
6137
9751
13093
14339
2587
5638
695
32781
9029
4403
24161
25566
42641
49222
901
32834
9170
7121
1149
51893
6859
11706
20547
2005
4111
1047
11504
2226
3124
12195
14612
17477
26816
1139
22816
16094
28043
15687
57936
3382
17297
32868
4526
15202
1809
9107
39166
9330
598
27614
54977
20752
10193
44355
10065
16426
6223
7278
17174
21337
16482
30788
14504
4260
59820
35181
2389
92
12623
918
36706
2334
3300
1879
8029
12829
48005
15430
9460
19564
33900
16270
24919
22475
45360
10677
9961
8124
16705
27409
3949
5258
175
5245
44585
37083
4276
782
516
6315
2472
3341
4740
6127
47036
7230
4250
26039
26806
884
32537
22092
21599
33601
7828
16513
4499
863
28530
19406
34378
11164
28849
49355
1883
19810
1033
6992
1416
7434
11435
26214
2339
33504
13583
11196
4632
40767
5096
30401
13278
36353
56145
47196
20848
42459
36206
26652
7901
51943
125
14305
16496
1830
900
26801
7153
2034
5411
9524
694
45177
26486
7453
17908
14259
56235
457
32487
41312
41002
13886
5311
22127
8754
717
4733
52996
4824
8125
9038
17205
3600
3772
12160
21781
45857
3992
9548
235
20224
32410
23257
2
21942
20227
13451
3
20339
2511
18541
13716
834
6874
46341
26503
1640
46426
9232
5966
14172
16214
8355
1852
11834
2319
37988
42797
5531
17067
2515
23748
4427
2312
20161
20371
1397
30359
3248
486
18914
9998
2603
20639
14144
20359
3152
1525
23191
1050
50814
27625
37476
1843
1904
19017
26108
14845
18813
3189
14968
32572
7069
3752
4319
2959
10101
13700
38926
1336
24472
12658
19514
34705
8971
22027
3450
48029
13848
38292
46733
3728
22090
33532
24
39014
15513
21
48395
11416
1656
21417
18398
6559
1986
49313
18981
36277
7128
2412
12459
1222
35511
25098
28095
17190
2107
5544
5
10044
16092
3318
23467
17139
2233
17079
5855
53107
9807
631
50187
2882
20197
9103
13980
11804
2242
2594
4232
28295
8337
30338
3548
58
364
139
1104
38027
9307
3504
8739
25970
32892
17542
37280
11132
4150
10138
21435
8460
5195
41839
19801
60866
4678
27430
21605
4431
3175
15204
29236
18001
2583
19619
28804
34061
42488
6153
50035
1348
1093
6
24001
10874
2
28837
20727
10050
16334
592
23746
6148
48481
2164
5051
2800
12029
27263
10498
1666
12461
7463
6957
20755
6264
4104
36865
4312
36641
16965
7508
11513
28000
19936
25963
12789
37052
23511
6985
11322
44870
18613
28986
4931
10466
5353
33502
42
8851
3651
2491
10303
7838
19852
9197
10713
23503
960
6011
28594
20043
13953
31754
2
16716
1
7374
7257
26905
36133
32373
42831
733
4026
2548
4192
1691
603
5723
18097
28004
43292
12952
35952
3569
42978
5260
22567
76
33981
13054
1674
2261
9417
2632
43278
45582
15292
41457
627
21855
25545
24240
22045
17999
2792
20874
4925
8788
2624
617
1250
4378
41167
44513
8098
34305
45597
12530
7069
3483
22019
12205
15261
5119
16533
5110
17016
855
1602
5782
11744
9307
1711
20240
32037
22020
6102
180
284
8340
481
1112
1620
9866
300
13948
5365
11567
11319
1304
5407
7554
11757
248
7802
15005
24570
27684
15345
37540
6684
833
11510
31739
29744
967
39288
42440
18636
1577
5941
29443
37514
20080
1956
2008
1983
895
2648
710
1006
7538
30087
11606
5686
10985
8903
24349
3064
28677
25721
31371
6264
223
24069
3855
4722
26515
1191
4304
22394
6802
11601
11184
2393
12491
5399
21369
34676
6742
15129
18752
19613
55733
21496
24986
34
213
24058
5205
22070
1631
873
2402
8684
10413
3546
1397
6675
8972
2914
13994
14166
13645
1508
28555
37026
14863
12902
10836
2139
6991
28478
40299
12459
5772
14541
27704
42103
42150
3287
5353
5797
12
24268
37482
3871
17480
42178
29685
52948
21924
30750
6250
2885
1
1439
18483
1
8941
37444
34766
9431
10909
29787
16103
13028
325
10636
30668
30950
36864
55178
20156
36308
23181
17735
1580
9602
1644
14462
14118
8828
47845
33038
40719
4230
30717
28610
6619
10186
504
6762
14892
3543
1103
593
2695
23851
5750
286
1589
4381
26465
18
29994
21666
2731
1
9308
21631
267
9654
382
33656
20460
2750
22154
20235
32175
26014
5458
2885
39555
1419
18375
11948
3398
955
18034
25758
42836
2865
14147
14342
1
14301
7805
2902
15389
707
33699
50655
187
15114
13487
30554
44033
9953
18018
23070
26429
11621
9961
2889
371
1083
11742
9709
19399
5432
1412
2216
36868
7376
4417
15308
5389
6488
12469
4278
8175
4688
220
315
845
24638
20191
13960
13135
2646
36516
25475
1543
15562
40202
8306
3341
11798
29272
4868
12373
27723
31091
46742
2431
3781
699
38644
2518
1590
24112
10788
7116
11199
4097
5283
17558
27883
22671
12956
56217
2320
27876
6889
333
3991
31017
8366
36958
5185
1576
4411
3950
39885
1440
3050
1359
17564
631
8577
8526
51277
6532
303
23661
27826
5173
22714
14694
54860
31635
19449
19443
5447
57786
5992
20886
33302
12709
1044
48721
4846
14103
2570
18644
7616
43689
630
17
1145
35433
1677
2747
41775
7312
2887
12805
876
685
26499
12258
2782
21249
4796
21957
23479
44111
523
21431
2858
17075
20592
1786
4124
48468
12625
27368
18952
11188
235
11696
61350
11117
47600
14571
2698
34171
44633
29720
18718
546
10780
1493
1545
3201
13244
45165
11067
839
9310
14850
2029
21834
4290
26521
1284
21870
37088
2936
34493
5543
17994
5344
1070
7499
1875
11772
13466
32735
13857
1989
14095
15
497
273
27030
9740
9927
21068
16285
27575
17820
35461
12785
7465
1945
630
16292
2290
4539
21602
41997
32349
7734
4982
51282
35002
30177
36936
592
44487
4246
21315
10011
3385
52451
1586
1787
864
8318
8994
51043
5105
49130
25046
3330
12860
12545
8600
5567
34362
281
26237
37205
18661
43837
736
6694
32293
18053
9799
11395
1437
10170
465
14145
7873
35735
35299
27282
28201
30380
534
10359
63145
15286
12887
34697
4057
25916
9956
3
15395
31079
2758
6049
53470
22754
38743
11837
52401
23005
9266
1722
30811
6714
900
1805
33258
43934
12874
8526
37933
13294
15652
31806
26572
767
3702
6905
25740
50257
2
48764
19131
5114
15975
13822
37841
2954
37825
1306
1
2066
3690
12979
8598
17068
11482
2082
58516
32493
1577
3234
2806
1120
30667
13454
36258
11276
2742
155
49619
2856
32699
1
38775
6517
2841
34286
3894
6862
18
778
4979
2515
29655
32458
21893
38947
2455
2282
22710
8583
1053
45498
9205
31645
29145
256
1551
4428
1957
7652
38118
478
4926
1401
5794
34055
32528
23405
36718
31088
1744
33900
44667
4933
4100
16553
10800
25882
53065
2321
4846
1417
40742
25732
5670
52154
34573
23329
19442
3968
8407
2761
1343
4351
9542
48045
24787
427
29172
36610
30472
29243
45061
11181
4135
800
517
24620
19131
56968
7071
1477
13735
30448
16360
15218
1550
5674
23955
9829
18583
5022
48698
10869
7344
3968
42997
30745
1217
9588
11350
16105
1843
5363
22500
6284
8669
4591
42682
13279
1528
27322
1115
843
18869
2100
7873
352
23461
31895
9800
10094
30128
48306
22165
30985
305
8467
6537
5633
17457
21961
17011
12962
25135
36147
32330
5975
1285
17324
33480
16980
2024
36459
8824
25924
4693
15017
47161
56864
11882
6211
10869
1429
51756
13581
35775
28759
15411
1528
29780
8073
3692
4619
17452
9648
13332
20492
13051
5
23244
3313
21725
18
10051
2364
23259
11815
9470
16644
13193
11459
3368
5752
12530
32629
25421
21808
12316
3508
55898
5767
44715
31870
17053
34489
4078
2523
1907
4578
45982
4564
879
23696
956
10432
5037
9783
10488
3252
2287
12190
5729
5045
2152
16912
16707
10602
1244
3575
22374
28245
11172
3773
35281
26188
12045
9205
23013
13931
10
20111
11273
21940
3929
3860
36065
1900
4186
33964
18263
4505
8543
32272
11751
18140
8128
4005
34418
27825
11827
9921
4172
16131
14750
32
12305
15038
24243
8282
7115
10019
48608
2187
39025
10501
28860
717
3703
6225
43504
9405
13904
5736
2932
7929
9855
3346
7851
28473
50123
29805
481
411
3246
14057
7476
8113
10411
8286
3971
9106
1196
13946
52384
983
26127
8579
25184
12025
35330
7166
14951
17857
2385
2577
7348
1
55013
2060
15768
27010
4409
2556
3869
25
6391
1347
15982
27077
33854
17849
7319
11929
10940
33083
9052
39308
1449
1292
29397
4760
5488
32330
4739
1184
7344
9376
37418
17
14982
49099
19497
3234
6205
4327
42702
5542
37037
13880
31482
4247
7548
9767
21328
2492
15247
377
12924
20312
60522
10846
6221
11096
22417
6109
12360
8598
25277
33684
3375
39514
15337
2551
10509
1170
26372
31796
1890
49462
13486
14580
8974
7552
31202
7845
17489
29378
4530
6
5785
3384
23163
14036
7055
9657
22537
15680
22997
13400
41553
32386
39789
13176
27926
37118
22536
5035
18244
3957
12897
38820
19702
8800
3981
14981
11347
45649
52074
22032
6347
9261
25290
300
1312
20352
10770
8619
27016
4066
1644
24581
21101
8183
9439
8307
25666
6417
7228
21943
41509
6099
16000
1585
8890
16312
4454
1382
24237
1906
23759
57975
30133
24764
51780
25096
9268
9719
49575
8680
3280
24852
5219
11872
8146
29308
6777
26
17687
26169
1059
15520
38046
49
2291
13714
16399
5635
5622
5624
6473
18831
263
16940
6501
28263
4895
4044
20732
1523
10702
9200
34675
20135
6611
5985
3919
40833
6784
14923
618
29622
12010
6639
39420
23772
712
15399
6771
9390
22898
1702
11759
13079
48715
19125
11449
26641
24305
1692
9345
3985
21878
15119
2
14425
9444
12956
28535
18632
14882
6938
2768
20533
51432
5092
10247
20777
46701
39011
41010
20255
19074
4144
151
864
16009
26605
13015
3
25055
8025
18370
7544
7942
14161
12860
31960
2241
1454
3076
7044
14560
444
40520
11971
4133
15544
55407
39980
9595
58895
362
4563
41597
36233
313
8230
33133
33808
11239
20402
2350
52567
36311
2593
23289
3171
11701
11367
2178
9582
7311
9197
4
17202
45042
18735
30242
19177
6403
11560
6444
5961
18168
33795
13138
765
38886
17038
3326
7996
262
8098
17997
20529
22097
8533
10151
8521
3410
1857
577
9103
9315
16536
2421
12051
52033
18913
9550
30169
16479
25648
16275
5040
9544
9577
4177
11916
40611
6559
1156
4710
2864
29841
31398
1833
42128
30375
2943
17042
2271
3044
5610
2987
5597
4273
5737
47895
8009
12755
3235
5689
5931
4493
12427
2874
13979
2092
12507
27983
38991
10985
7067
212
5255
37863
13849
938
16639
14713
44802
234
2384
13174
56210
7253
8
47007
21564
1290
1449
5362
1269
9282
11338
7128
440
8761
47874
25866
2385
662
26389
36318
168
15530
33707
10995
3826
35325
2613
12771
4068
6403
17843
988
6
6059
15004
9626
13770
8809
4510
12715
24918
14504
13347
638
4448
17293
27439
10837
39535
3263
8872
1464
19561
10542
21842
6014
6468
41040
4865
51349
10023
2304
17757
4279
7953
18736
8467
793
23781
455
15557
15759
23884
16086
23901
28854
22097
18365
2054
10474
7366
6884
14817
9449
11158
56795
28764
56650
13781
10299
2232
42045
4670
28250
30640
8136
1116
11042
4071
11562
7152
17715
9726
37039
6245
34695
15439
14735
770
21290
6614
27133
7910
37173
7434
12582
25084
15294
1807
17512
15081
22471
894
33281
107
542
349
18489
23963
7349
7224
25852
35550
42
11351
29837
3764
14454
1392
20702
11276
21748
11646
12221
14171
11333
16780
23
19615
29205
30489
5932
9438
15489
34174
39216
15300
12657
27069
8588
1525
12027
6531
872
14765
26238
8870
7939
19673
6276
2
779
43617
1
10102
4309
7520
4744
4880
834
24456
26120
10012
21342
5552
9253
21083
2733
16274
4214
52447
60720
52
13421
621
7365
20
3722
2509
11347
32009
25467
22288
2943
53300
742
19533
3289
22362
17261
21792
13
27507
5363
50714
339
13879
14197
2234
28300
32570
29286
2454
8675
37801
55739
13608
25005
29457
19232
15991
15510
58900
2962
32474
21668
12641
10767
33015
8992
15694
6407
4769
10120
13425
34147
20975
16126
12190
19649
41307
14115
5019
643
1546
8911
36597
1609
2064
26867
2021
2246
6519
30357
9864
14824
12142
5184
9334
8948
4443
1869
21976
10430
13832
1105
35330
2568
4361
284
7048
30780
18753
16376
9538
19474
11220
22949
28357
13506
35768
25222
9500
4440
1661
21761
2622
1852
37969
11611
22427
36455
2953
9315
7853
44555
593
21442
26483
1232
4944
4721
2
37420
13714
4315
3968
39189
5784
2172
19585
1244
30178
4057
10019
23946
15766
7969
14226
7494
13480
18331
27208
4503
1790
32290
42753
22459
4452
39378
14790
7556
6921
51937
28059
9316
9048
5213
5847
4853
9246
15736
4945
6809
7255
15518
11189
219
42648
37758
32776
4506
9310
1700
1154
10034
27424
9767
3838
13164
11565
30504
37877
9853
3412
2991
5906
2081
11081
8008
3256
25165
17025
2866
4406
48751
17469
7745
9504
13540
6653
3504
15319
31816
20584
20777
23426
6562
5354
25731
60138
24764
35201
51912
9304
22368
38532
2482
7789
33436
8992
5173
4282
15657
10299
10432
12959
13750
12158
470
15353
18290
6687
44775
26086
18654
26852
4975
25844
1854
1611
4463
27229
38298
4769
36925
29475
31545
42308
44094
47496
30603
32398
28881
10575
7843
10847
9587
1218
5017
15
35136
6425
40399
15216
9709
586
19919
3992
5649
7296
3389
28656
2071
41044
42905
42490
2
17470
7636
9856
15168
2535
46823
12332
5790
8607
13010
14082
8210
14152
818
12234
25459
3065
2068
24918
7198
13305
25400
1137
3263
27697
5115
1
49573
38457
26541
23687
5996
33439
29989
5699
47995
4211
8678
474
48400
36908
5865
48620
30013
358
24254
11021
24956
22772
1059
2074
15396
9988
13221
2289
394
2074
40133
10110
4050
22710
9878
21639
652
32283
36179
30136
25947
20379
519
27387
3703
1760
303
219
7748
10253
30444
17236
6077
2354
7924
33245
1560
3991
15025
32478
2
34545
23795
514
5849
19459
497
1904
2
19980
46505
9822
289
8643
32523
12971
23146
13442
224
20724
47925
38928
1768
913
51428
35846
23642
10846
34638
51602
5440
28107
16290
3156
320
27041
16311
4006
21518
17427
2465
8610
1154
4325
1
10598
16577
57682
45340
31121
2093
50193
27135
9566
2964
2891
1332
17665
25295
1807
16065
326
13713
7904
779
16014
8883
10456
8240
8335
14424
43731
15506
13656
1369
1652
11331
46885
34052
6227
2206
7445
2124
6542
2594
13654
46813
5335
34739
1007
359
18373
1505
17786
6994
43240
3129
24213
9511
41946
73
7115
4328
20687
26235
451
33799
21258
4565
1578
13034
3355
6876
26586
2599
6100
11175
1793
662
13
31409
170
6538
14482
4787
18510
5
5829
6936
3309
10339
10384
1268
32537
1883
11083
1837
35225
1333
1
55987
8979
12792
7665
37556
7485
3794
10664
42275
8164
2619
51382
15690
17867
413
44677
30758
18716
7170
21289
11450
1503
6400
12194
32847
14573
25353
17080
55537
46707
6135
2909
5511
3251
19194
29319
13509
11780
29933
9540
5469
9301
40229
17559
49221
12223
9916
52554
39040
38378
2104
3549
11220
6499
18153
7113
49219
14204
3482
2687
5122
2311
41001
19189
29242
3545
26189
1575
4371
34653
10788
32654
39513
30665
7967
94
10037
48227
5136
8341
44337
10647
16798
19232
6420
37049
30860
9917
50324
19606
39899
32969
6387
9836
16887
3184
29492
38061
18630
25955
8962
23333
5541
13912
2028
21552
13239
9904
6867
1657
46186
22307
37607
22053
18904
4477
46182
9232
4931
51533
4248
43160
62199
1
5403
3242
17637
4085
7954
8813
5828
17673
35962
16339
18048
231
22755
1134
11811
14103
2598
2513
22781
8803
62317
3327
7119
12648
5358
9611
2815
43215
34837
32945
15928
26207
9910
6297
11190
2063
24013
388
32999
5104
5892
8113
12606
2714
12989
12992
8127
2264
13584
10677
5686
19404
4
4055
5970
8208
16513
24550
4866
1083
25882
23437
24782
21880
18035
5742
25233
10825
49682
21351
50
24123
16873
15874
51396
26301
3393
2851
23450
27693
37156
56188
11603
14909
23111
2232
202
27668
9371
3446
16591
26573
15371
18109
19474
5281
7953
10238
1648
2261
10981
4902
1472
1255
32203
17666
20541
25025
5936
24580
4227
10298
4184
13085
45267
4936
9379
13978
15138
44930
2790
20966
368
914
39992
7261
8205
27298
10637
15438
17164
8657
29122
11499
45349
39477
2788
19830
11462
4940
7036
33182
18966
12318
7673
48742
13811
40743
6343
24533
9997
17682
204
40775
15915
6120
18147
11294
3155
10829
1409
23366
10120
19233
24302
4631
967
12206
7141
1618
3046
34199
4157
12073
38586
16062
17704
1260
13036
7147
6307
1588
27436
5955
250
27452
7330
33361
10948
21184
17409
580
1239
10999
5196
18960
384
19925
12082
30297
16714
2528
13997
10259
1648
36136
41284
7353
18703
13839
21412
35982
26583
12715
13593
17957
24999
34403
410
394
3680
11327
8078
38906
5052
43671
11114
7963
36318
24574
11974
14739
34364
5472
3575
5028
6425
9540
970
30654
1526
3325
10895
4592
2457
44023
34131
13512
9202
53426
7950
662
4397
15720
13289
31883
10178
51521
21754
2393
8857
1732
11188
28221
54371
4824
61988
9233
7881
7586
12668
8087
15694
66
345
307
40428
27877
19999
26040
11806
2087
42972
7663
8090
43424
50271
7271
5076
985
6577
30451
24225
513
31714
1027
669
6459
16911
2044
1764
8591
18120
3752
11078
24828
28978
19035
422
3583
12716
9463
20928
5089
2222
1
4024
36418
2137
3017
307
3281
20608
18
31505
1018
29584
9378
41652
6745
34246
4006
27140
51438
5841
36920
253
15675
3711
11045
4016
34479
37290
11792
33589
5392
28537
14620
4541
4259
5066
28445
1
34091
8728
27096
7400
19985
13121
2
10523
8429
1825
3
4485
2558
29754
20048
38986
9506
12184
35950
1958
19720
4432
49522
3558
10782
2512
27116
999
8034
15911
6654
4234
1021
27880
4528
7341
29850
13684
16850
12324
15304
11644
10162
7639
55328
565
10164
9244
26930
12325
6870
27099
13344
37802
29009
21104
47736
4913
39012
13523
8732
9826
3056
21743
7120
5579
2500
220
15829
10523
3269
3375
28157
46382
29756
34395
4063
18299
15876
15382
24177
1511
27732
8559
37208
4476
10769
12686
16557
51638
5978
39180
14495
4537
6435
11802
5577
52270
282
7741
32770
42837
5118
653
2510
35561
11294
24956
297
23978
11648
16320
29222
38532
21453
725
40272
40693
10458
4043
31472
3656
24057
9407
27366
5546
24055
49168
8100
10195
24948
3735
1053
38138
5289
13916
1411
20326
28640
3712
256
3075
22690
20234
32427
28201
11623
3236
40025
13757
52882
25310
9355
1910
31910
7164
22077
22919
54678
183
15488
12441
7511
17715
7286
15526
23795
11069
3664
12259
24763
10017
16916
27568
20438
22
7174
11170
35405
45746
29920
17677
3299
5922
8196
29356
43756
4920
36961
18212
43896
612
34594
875
31130
2746
4047
12112
35542
8121
8561
34308
31707
4965
550
5341
10207
15605
8791
17117
4148
14201
3828
31360
4919
45860
4089
13933
7447
17382
39442
12266
25529
18
7071
3822
284
57579
39462
50631
196
24400
3190
35485
1289
20114
33514
200
23163
4997
842
46170
4014
7494
16357
11241
17316
7460
41269
43549
34680
15279
20103
24272
4287
3470
52743
15724
19161
5
12534
515
10411
8800
6243
18004
5617
28168
33791
7988
14140
16091
45790
25614
5244
48414
11902
48140
18897
25918
8126
35842
2024
50305
9496
8055
13082
9992
9762
6249
40331
14347
23380
16993
25635
42620
16008
34781
16509
588
28019
4452
1542
41046
40966
20440
20872
15695
17847
24854
419
2937
3709
18984
1419
22273
13596
34152
1348
3
16401
37728
5261
6883
16988
7800
17868
18295
3392
32841
17
42746
27262
9855
6880
20960
18927
26090
1528
10557
1
35878
1842
5006
11776
31484
21260
4163
7664
9934
20211
28914
2876
20044
10519
38699
18376
166
9905
29037
19220
31440
6173
870
12334
28910
3781
24889
1351
50553
1949
13784
8797
11445
10028
24450
23400
13479
37765
27196
2376
8309
420
4648
14888
3168
29216
18732
3788
26327
18940
24494
18060
4790
3432
25949
18959
51312
29410
2702
16628
47974
5952
1519
3908
43816
21099
31688
17428
39746
3061
1680
6733
18740
14101
18287
14778
22030
10942
20995
7373
688
3518
24152
1
23708
36684
14943
1966
29404
44970
36229
9242
25442
7723
1332
11793
28306
26703
19537
11722
41694
5981
697
6213
1013
39893
24582
17012
9389
19142
3253
37453
27757
34432
9442
3011
24087
673
31911
3951
19885
26904
11383
6746
18697
18185
3972
1018
13949
4405
938
9497
11366
22923
5921
26952
1394
10483
12923
16
39306
148
9871
31860
10611
41211
3876
17226
43622
6980
13683
13050
1231
192
11958
12602
12458
21809
19080
22
510
46376
535
8603
22383
1950
21782
35667
8
8
34117
15754
6761
54236
7999
16065
2980
154
12192
13648
10409
4606
9060
20743
28798
17163
48366
34250
27908
21821
7278
57832
28096
14599
1894
37697
19662
18769
12591
40568
60210
27622
5927
33286
20046
56686
12630
4601
23643
10997
22821
1
1210
11067
3111
43435
28043
549
20774
6379
5518
4766
18139
9413
8576
25426
6466
39649
9820
8799
12201
2623
4053
500
7989
25495
44322
32695
17670
21115
1215
1842
19741
44042
30500
26359
26426
6944
21332
31112
17472
11046
13791
18593
18756
29352
46931
33124
20210
8585
19860
28126
10547
44963
6363
10677
2249
6407
1560
25087
23225
8657
20149
25667
1460
26633
2455
9544
25177
778
3444
40212
2340
8124
34724
7700
2009
17074
14773
331
1475
3286
11546
10724
1177
3286
19273
10176
17704
4683
41910
704
5585
10131
20886
1161
42621
18462
19331
3724
25335
32265
7906
20514
12564
8153
9795
7095
40305
6132
6605
1693
3361
1951
28343
16620
18918
19828
1009
2536
4198
150
17404
25579
49299
8304
21360
26234
13173
15544
1092
5471
869
38820
29
2110
19856
2384
6951
1925
7249
7256
8351
1163
2364
19070
12351
17704
10294
1391
37652
2859
1090
14840
39618
894
33744
20474
9472
9300
594
6641
25330
9329
36594
38
1998
34870
17509
4434
1314
38426
11639
25552
12071
4870
3457
13887
12362
1314
506
26099
31552
433
3259
7398
994
17730
568
4538
3984
19695
11984
714
439
34208
3426
7574
322
5545
14527
5876
10335
1090
2640
3455
496
794
44219
1477
37907
6078
11418
21906
10427
2160
32901
5889
32164
27185
3946
37427
1091
4271
21001
3124
28333
8534
11002
8590
133
2681
32901
36618
10174
3652
8235
5155
26003
7
29
38090
30215
2277
106
9688
27938
22343
43224
3392
2408
34938
4036
12217
40896
33
20941
4418
10869
23695
4433
33992
5
33650
5463
8633
3563
13539
11
30584
3722
5753
5773
8548
15845
1670
2777
41364
32838
745
3344
8261
35232
2090
13070
7022
7139
40983
23397
26094
30529
9721
2543
4138
30669
9005
17732
1257
25320
29435
14171
34476
3852
570
13878
18804
8722
27637
35329
7362
39424
45121
45106
15919
14508
2157
21567
2951
5276
7256
40536
31952
7834
17462
9395
604
26075
16198
45384
8999
11489
29426
37273
26895
8550
355
1773
2306
2
25292
3253
15920
10471
12485
4400
25717
703
17374
22887
14870
1771
14828
15203
46071
42713
1561
42294
8827
8679
37612
3575
40919
26130
8281
23865
38934
23317
56455
6788
14327
14433
26491
9754
14503
17351
11651
1619
13695
26024
50915
5286
6
1700
261
23478
25604
23950
3425
9220
8734
884
7727
8912
11294
42775
41614
1052
11641
34456
11239
13639
14185
5724
25392
10375
31095
26138
4052
35070
16789
8715
5071
25405
3062
10317
33233
6943
14871
25881
23202
2286
189
24712
4448
10349
1983
543
28936
42789
651
5295
32740
362
14991
2498
31129
4041
21992
6609
19281
18957
744
1568
27398
15380
24134
6613
12678
12465
8416
1654
5547
16275
3809
7833
13984
2570
42900
624
688
55110
6790
23168
17581
26457
11014
26277
14932
47531
17938
5750
16541
36815
6643
6099
12062
4735
24743
1088
16036
28227
9015
17150
24491
753
29075
1378
809
13658
682
35987
19742
10
27783
10779
9898
8418
41383
38922
4130
26663
3
35070
42540
16278
11179
12284
4457
30071
9162
3431
6167
1052
3219
17507
2500
22316
18781
20067
6194
14302
11210
60883
9676
15102
19468
41779
25972
15399
14323
30729
14816
1829
4683
15098
2949
26779
28282
19935
29886
31388
876
17009
21224
2017
2310
3893
1252
23425
19321
18022
26256
22
18638
22225
2612
2831
19747
25744
468
14409
2762
6399
28315
17736
1369
10343
4611
44938
27378
20045
76
1268
9095
5486
30768
21670
17037
14175
3786
12881
9100
14017
735
40710
36236
16266
35251
3787
8332
28875
10492
3331
38806
31707
16899
17496
5765
14741
12930
231
28363
8480
4554
26208
425
5970
35259
179
4640
3676
692
20258
3143
15679
23826
1293
1004
7940
25126
19492
34262
9242
46907
491
38647
32346
28011
19223
942
17536
15988
4122
4134
16061
785
9150
21436
52325
3809
15698
55947
7365
11276
8978
36548
16083
19066
37076
4879
11482
9450
2241
13378
10840
27970
1990
28997
10471
7699
1890
34811
4456
1945
1148
1861
42019
7800
13857
1582
25
20694
12758
13315
14853
787
6951
2746
8912
55211
22437
19663
5281
29893
977
9193
4365
359
4909
29631
4542
1099
9963
4
4007
33444
1459
14594
54123
19125
23224
17
55701
3697
51402
12702
5365
4519
9466
10796
15132
4952
1493
8837
35649
4609
23878
12513
32005
26220
23388
6749
3951
4609
2453
21939
27303
13247
1289
34304
3318
1862
36249
11366
26527
11042
4606
38709
18097
30848
2865
16871
28423
9011
4736
11853
13818
23669
57042
24854
40573
30260
1934
1463
7653
8117
9220
12593
1059
6582
1063
23112
12560
5914
1565
52482
906
1335
8672
35936
6836
25440
19170
5775
19285
11275
28252
290
10343
24838
2551
13423
10370
971
22913
15850
30918
7654
36729
20824
9188
688
29928
33884
28254
25602
17583
25515
63
9528
21302
4350
51018
42908
31010
34759
10771
39570
34569
45786
10576
16236
895
10850
7507
9617
30930
16840
5492
14229
2069
24913
20555
11609
4564
9704
14207
22483
36298
473
23004
13407
10796
32573
9747
9055
2167
26979
20034
20178
1
220
26092
26610
19744
17479
12654
19740
5755
44863
2251
2815
340
8119
21256
23442
41712
1162
2931
15544
16310
7669
13949
8218
7474
1181
15252
26050
43
51819
13577
5353
23640
4924
2083
24812
11104
5
30438
2591
2200
29071
1415
48836
4168
38187
18638
2470
429
30146
15314
5476
20350
3435
609
5871
6590
15602
28482
14619
10490
17876
2274
4596
3480
27358
23478
41833
3902
58333
15738
1298
1297
9605
60196
27844
38479
25866
13526
18793
14325
1852
4232
26168
3016
19871
1866
475
35
4239
17190
15044
2953
21768
6416
3327
3
7397
2358
22137
7533
4
39364
3271
18852
10179
55991
18411
11189
12946
11541
51991
3639
22943
2333
3209
29563
1553
30674
3996
6669
25562
4651
10234
9749
5056
1671
2437
8814
49992
7936
3499
672
13055
4184
40657
14359
18622
4343
4093
7829
3327
3754
8264
1541
20893
14284
24944
2154
5266
189
879
13598
3454
16635
26225
4255
2256
3329
49328
32570
6465
10287
15629
21902
7757
28921
17110
6786
23756
14295
30728
3366
40325
16467
43620
3340
7152
835
13804
212
18596
3131
6395
686
31770
36252
43778
9160
30923
12445
34
1223
3390
13037
10428
40165
3522
39953
6730
24362
26847
3375
23501
6315
31377
29974
31427
11974
14863
40693
54129
3737
47985
2056
20226
13818
1646
41435
4739
5739
8449
32058
945
2810
5196
3809
12707
21483
38274
6831
5181
15725
19727
1276
3939
12032
1998
16098
6100
36399
26863
782
2528
6693
13685
20027
2646
12625
39848
8113
2261
32044
16744
33958
26680
6258
28178
9412
1912
1602
1529
11763
10690
7127
5814
2
4524
2981
363
269
2804
2834
33879
5361
30407
27665
27794
22585
15028
3542
12295
23281
10884
30161
19532
13222
52815
12968
2875
544
15905
10079
5347
37938
4187
2296
1
16997
4116
32223
29366
2376
18673
33620
4262
1384
12298
14793
41634
32098
3534
4221
19637
9906
3575
21088
2124
42196
47190
23219
2645
41385
33609
49145
6065
18902
8986
17635
367
16962
16506
17997
1300
2715
1536
39651
39618
57032
22773
32115
14048
36172
13421
3604
3783
2580
36959
1945
31414
6192
42960
4386
38872
18771
58
1
1102
18540
19735
25843
54380
43696
18592
16393
2727
2827
215
9684
25771
23365
31569
3602
6519
22004
4177
4306
3117
46493
6079
24104
18426
9819
9165
974
18792
7290
2459
28505
50668
976
3820
1530
4357
1852
405
15830
26624
5081
7410
17753
5049
38207
26045
17529
32581
8103
114
30
33873
11871
7179
42291
22436
11932
1316
26270
18762
37345
5186
17918
10394
1486
11543
5986
31918
12600
4022
1406
5967
25906
21223
52975
6310
27073
3322
5857
4026
27
45895
14906
17381
23
57144
25230
4651
16252
11078
21130
5545
10468
1714
5537
30780
8658
9397
23698
8313
34091
4897
43477
31013
8562
34145
26433
22239
34572
26144
3710
31573
40589
1026
25092
2930
24105
1059
18884
22867
6003
45469
1869
10465
6856
1967
36840
23397
27129
14627
5722
36080
2061
9042
26563
2838
15925
5268
8460
8526
4323
38971
720
858
21308
5934
6355
39707
10307
12302
14678
56881
42734
20827
18712
24644
21205
13212
6929
16871
16344
3154
11826
3892
25697
7486
25202
17278
10344
23629
17016
8
6269
17865
17137
17228
1811
20526
48851
17647
4349
5385
6426
22373
12939
3731
12268
12851
3680
33099
2222
290
8822
1477
22794
54315
42370
8
25653
2781
25068
1092
15538
18430
2217
2580
16014
4030
17433
7311
8133
25414
2553
17325
1084
2375
1229
13797
14385
9830
27883
21681
391
21609
2500
18435
19827
10142
59617
32329
8080
18356
9593
4297
46587
2914
35691
2552
1734
6051
31813
24595
411
25595
13860
13081
608
548
29577
6444
18930
1830
2001
3973
5175
19779
3168
16705
1
9680
16159
1068
1436
31841
11465
35544
36758
4623
1610
37532
10245
7651
5199
19462
9994
339
20863
20748
15024
16993
6118
467
2529
33345
35474
3010
697
31853
25871
10062
3685
13788
3307
9280
24051
16391
21698
11308
54230
7661
2818
25551
4560
35140
32882
1365
6438
5768
37413
23489
38736
22898
3844
1654
18885
18311
20687
1730
28701
17679
4539
16932
4551
2020
2632
37262
2149
23847
12042
10035
3845
16143
11063
8527
12740
20736
7
37299
47252
34155
12022
44892
20035
14258
1759
4496
50836
21090
11884
18586
7978
5658
11862
4222
10723
7506
53297
22772
32870
12427
31941
24036
4668
20724
32501
4393
19135
6068
8787
17996
7482
13699
5219
4157
10703
15757
3543
5249
524
57617
10262
1154
18115
21474
1185
12945
9621
25971
31570
9788
12964
1572
28162
21894
35333
1054
32813
5319
3738
12440
13366
26243
17084
4
12278
18724
15985
23959
22629
7813
6530
31859
28427
7717
17933
52651
2059
8530
14664
9925
1263
21015
6493
41029
5113
23367
591
37203
30527
25834
25913
9
15130
12778
23809
3724
849
19093
2687
6468
19877
41880
36564
42301
42822
19937
703
60107
41651
15590
2456
664
13710
18707
332
781
19
1613
35978
15869
42079
23017
5823
12683
7507
8818
14944
1286
1363
1627
8832
54771
22636
9134
9473
1369
26296
14207
6558
21130
1677
1027
28119
6106
2532
41823
7741
434
1196
2795
37357
4537
50694
15030
3189
30672
9671
16125
38101
4199
10979
47616
26176
31402
50410
18052
27075
4949
1479
10533
20363
18031
4828
22792
26006
2258
14968
30031
7096
6191
6518
5111
19970
20083
46734
14281
6917
33467
30614
30693
33762
19955
7221
46971
46457
6961
16804
276
14222
4548
11558
13944
38394
43455
16273
4653
51937
2925
14140
10399
9505
49890
3828
11982
2958
1157
377
20263
2273
15304
10854
2407
882
21952
11054
3105
106
24880
23764
5349
15773
136
9669
6022
679
7895
2758
6965
10939
25745
26551
27066
38834
6979
2313
32386
50806
28694
52750
26249
4176
172
22255
11132
8797
576
32720
14605
9705
51
419
5704
22499
6661
9441
11597
20495
16673
3440
20317
13711
21650
8738
27008
4215
10045
29571
4881
4209
6506
26530
2313
14989
8160
14578
25389
15417
12051
49920
49769
3611
7974
22472
18706
34458
14274
741
35090
9413
3021
3363
16295
5998
372
11297
3298
2020
59678
5879
29486
22713
32832
35583
897
1318
1288
22757
11172
9721
5650
52516
2620
15313
29317
39163
29747
8730
34597
33842
2687
43663
15554
23879
1686
5290
3054
28435
6290
5114
31322
2089
18429
26378
864
20018
10310
16610
22225
32269
18817
28861
22918
9372
16636
48630
5979
4289
48205
1272
10378
37689
2609
34417
20351
9507
39239
2979
1485
3419
38810
22995
6201
5428
6199
12638
6741
14930
17109
22760
41199
36897
44137
4358
7849
1979
1501
13459
19266
4071
23547
288
22421
5883
18194
16824
29013
22463
16512
9393
3263
18498
273
15196
3182
40198
4982
5064
11
22033
5797
45884
10955
1562
9644
9757
22208
9089
28510
14175
6034
12783
17419
496
34102
935
10033
15778
14670
37158
10086
854
1224
8026
610
28555
34354
54233
4345
2351
2
21220
51038
6249
2821
7166
23505
5231
1965
12383
33889
21272
41886
15516
4349
18284
2973
5633
4321
10519
15337
15938
16369
1016
17353
20526
18227
2043
8261
4206
2618
11249
23942
18136
12275
8209
187
10823
18926
22810
329
19983
6685
30947
9418
1861
5871
5336
22190
21769
13748
1034
3671
28005
17687
6220
11766
14786
7021
331
39074
1275
27977
8286
26699
638
873
913
11498
1742
5365
21976
5939
3589
1299
1
30597
5676
16132
8206
27154
313
9782
38689
9643
14806
12863
9604
15919
1
22595
35392
13836
10818
4858
15066
9488
906
397
53069
12913
27468
2350
40932
8343
2776
13601
4690
24953
28491
21477
43751
1828
2679
8509
2069
25853
2741
49313
22356
23789
16875
338
30136
10424
20167
22745
2237
7165
40277
7323
7999
35816
35108
4296
47665
34066
33569
45515
12896
27897
15454
41982
1
2706
33278
6963
2205
23651
8504
927
1
33965
4
42609
49021
299
1283
45826
1328
18238
22534
2352
21937
44582
17083
18964
15392
1670
3713
2019
2734
4271
13255
543
21041
10122
49082
16025
6228
11598
18297
23761
9669
21220
15717
20610
54351
13777
36524
6776
10716
31581
5280
2843
3824
6591
14710
4325
8768
6220
1692
19547
2207
29084
3717
16234
39498
41806
5197
7469
57785
43966
1
54552
30005
24006
1722
611
13359
21952
6373
3679
19917
27254
443
21645
38469
8084
1112
17310
6632
7504
2804
14802
3477
36335
13815
7898
3593
6134
34149
49578
9861
3300
770
4702
31545
55282
23337
9668
1689
2426
2245
7395
20815
43100
2946
6226
3027
10502
15641
27974
11604
26570
750
40387
7960
21442
20974
33024
12365
23559
20201
182
635
15134
6182
4446
15262
8029
5362
1348
45402
5949
13112
9459
21175
11374
1
10812
6988
21313
17983
4428
281
9511
21820
1963
18524
4168
24059
7768
13052
9892
20933
29376
15517
2553
1459
2388
42792
41015
8923
5647
9364
19870
10317
3988
18487
45409
21763
11836
2802
8353
47390
3224
8058
33878
6896
6506
345
28930
13145
11044
34839
5475
37798
40613
2102
7886
17803
15964
33783
29456
12506
6896
18320
23396
8319
11862
604
20028
25291
35686
872
10552
3268
5428
39896
1732
7973
30678
29149
5868
31079
34976
3533
1067
42324
1792
469
24882
23058
34506
28003
41825
4126
2295
12898
9933
2971
20165
29515
492
31396
14551
12523
52711
3527
13816
1964
6926
45185
4400
27119
26943
49807
5350
17177
279
873
3061
7980
14260
27078
25900
8321
24953
38361
13239
972
4155
13767
36722
33409
12342
20961
10530
6184
5755
6491
13318
18749
3366
2861
36044
25093
44695
14330
2610
4588
6830
3250
28517
47610
2764
5344
16584
993
7446
15081
45451
11390
14880
14386
40948
4952
49217
2128
15294
1056
29597
55
32607
1236
25472
31571
6673
16628
11255
6002
13377
14883
37721
12395
9905
7760
7276
37723
14840
41058
49763
31974
2282
1280
18604
6162
5299
36213
4954
973
51208
24422
10247
14055
20640
1002
959
58229
28
16893
21584
9613
947
32107
4136
574
13376
14767
44216
210
15310
6697
50772
7015
45593
2551
15885
7386
59306
352
13363
21547
50190
37947
7158
322
7294
34574
1673
5169
366
47076
28646
5262
24441
339
21301
3727
13677
1361
3510
10054
1997
30866
889
8866
23559
39232
8120
23062
8331
55344
5
21253
9873
4468
25909
4751
1769
38503
22006
19180
10176
2642
11291
42183
19568
2940
1822
10857
32721
33298
39084
6783
17
40920
2863
751
361
15541
24212
3446
7218
22322
543
1967
25305
15781
6541
14875
13180
42891
3926
11160
711
33971
39950
22671
24206
7137
8617
17969
25409
56703
7184
2044
22362
776
11834
625
1229
20929
4462
5213
11542
40100
10332
53703
10
15310
41361
4697
20123
3106
2827
14989
472
4235
13615
35926
2280
55750
581
27246
11522
2058
3149
3978
3667
16324
7677
1
2039
25987
49049
54787
57255
3150
41718
18758
5962
2854
14149
248
27679
45330
29962
11465
10137
1583
1
6364
11514
30002
8398
6490
8166
23726
3609
6759
32490
954
37187
28213
2018
31699
36875
21852
13089
708
1134
343
1295
1
42148
38691
17913
23539
46713
16795
9371
55154
35167
3
30341
11731
1438
5296
1173
7644
5162
9121
27276
12747
5857
14234
19948
18801
588
1929
356
14597
24383
16165
9967
8698
337
27942
16600
39612
15103
5508
23882
21712
4730
7094
18967
9331
15129
4171
40321
16226
19666
1805
49761
6127
25160
499
23305
1742
25759
438
4896
6380
26159
24780
37710
8407
9851
9796
50727
29849
35925
12104
5680
14320
29667
17778
1544
30833
4439
5277
7973
14007
43555
9987
9493
21029
53725
2039
5762
4969
25358
24526
22467
45340
39162
10217
31923
33797
23630
17552
2811
15173
37255
2392
22084
27926
14940
4843
11379
22196
19604
8929
17562
19147
36491
10016
1489
11506
19982
31666
3210
19932
10754
46111
29185
45054
36913
10006
35704
3696
37164
3392
5972
41838
10572
16015
13854
3880
525
8089
3173
27201
4939
52885
3541
49241
54573
17986
2097
3734
8928
23990
296
14303
13908
6265
10245
3390
1893
4073
18132
23946
7027
11121
60158
10297
19846
329
9560
16267
2093
43146
291
6485
12268
14722
10715
27
14563
929
27796
12730
1733
46136
4496
37002
12631
37598
14221
20378
32943
18602
3467
192
5035
4746
13551
39784
7000
5606
1061
11750
9935
52407
11678
11924
24424
36528
58928
454
9218
24228
16864
2067
26959
14260
10972
28739
14495
8428
6764
43149
10266
7808
12674
379
13651
36104
7780
52281
21307
54728
9646
14909
13036
666
2954
21065
37758
18012
30272
26189
49127
32103
2614
3080
5995
21455
4473
9977
8576
19851
30161
28219
28236
12021
15034
17528
7
45334
2507
41834
46640
24647
32313
8018
10251
7796
2035
29557
14179
8955
18486
11353
18673
8891
3548
29615
1547
6624
51207
21393
19263
17629
20001
3015
1222
11014
14589
22360
1121
18220
3430
16157
9392
4746
43395
39288
46655
7270
4911
37
3610
24210
22507
30860
17387
22079
1400
16248
10586
1487
1111
9838
15853
37728
7840
39517
9267
7385
403
6932
10608
14641
10551
22937
16677
16331
37611
6205
37591
23846
2899
587
41020
55
21634
275
11911
8717
24959
36766
6834
20323
10823
8167
1587
30096
54983
6201
17389
5699
39898
50000
9985
1182
37369
16724
14540
8799
11178
23634
1301
16072
22077
4070
33676
31955
7738
29411
25691
10770
40482
30757
5972
6843
50872
9682
3294
31768
682
1377
5549
7713
5088
19200
25830
39910
15147
1073
9147
19744
1374
15698
9053
16013
28391
27755
435
27183
3774
2109
1898
35562
18695
43379
5064
35994
13586
17748
13958
5706
717
3075
3558
10382
22832
10001
5685
44056
11344
2408
18004
3639
33408
26825
12513
981
17736
18370
11746
11765
29316
6578
10927
6498
836
4140
2399
1351
3476
7462
25702
4825
18259
23525
1358
17229
482
18795
13400
22920
30289
3418
8408
25399
25256
720
58768
1811
2246
10514
17736
11968
11034
11788
34580
25160
7696
5375
1944
4217
36119
15764
1708
12759
5229
15230
4625
19746
14808
9171
11422
26286
15457
35104
17994
16767
15196
42966
1786
21940
9563
40427
36165
20913
10382
2057
928
6860
5719
16601
23702
43790
24177
14868
39898
4705
21379
21117
14323
13595
40971
23783
21978
3128
18773
39549
7760
31900
8741
13816
1073
3830
29414
36419
6863
7544
33124
13985
32807
2773
613
8667
1190
3847
920
17280
5901
1674
10276
12
1557
21575
31765
1234
5787
14899
27200
4576
28217
60077
33910
15713
6732
938
21637
21446
8816
5701
25587
40781
8223
16895
27948
18578
24998
8155
7819
17183
32344
2549
7333
35591
7091
635
12047
13565
2930
7117
31020
2274
12656
387
16422
11336
38
1445
6207
11260
9887
10770
11536
2661
4286
34148
9
41180
6055
26972
1111
53795
15576
29713
22268
1
33435
40239
32198
32578
21081
1607
31677
5754
891
11300
21113
30213
29290
31947
25288
3726
8894
979
20060
5143
28743
43773
55231
11202
13696
3831
611
374
8888
3753
932
18445
262
13794
33774
12651
36414
4653
14543
53656
4160
5804
33380
1529
4847
9887
1955
7217
41578
10389
8435
30642
970
6461
17281
14347
1767
22434
1149
5110
43543
9672
8434
11625
35140
1904
2041
346
10211
22757
21880
1298
39232
2139
1758
6712
16248
514
17923
4646
21795
37846
24538
7784
52430
18259
19132
28204
10153
6929
20731
9117
41223
11994
470
8315
1906
5940
17311
4137
5365
40653
13406
2316
50211
34774
1888
6322
42881
15366
30058
17237
4980
4003
21997
3915
4525
14308
5978
2945
9182
233
6665
13504
9922
603
16586
24966
1528
360
10538
11295
15940
24693
15474
25685
12411
2408
29193
8344
4063
14472
4957
6630
25137
51157
20318
5862
24660
18723
13558
53307
22343
13745
24605
33060
2216
7022
6543
276
8202
21499
37597
40246
17588
5267
7713
12147
4326
12941
4073
26
25005
9168
6030
25123
2570
11965
7494
740
4896
35660
44647
680
7983
44535
2367
1586
1828
37919
35985
46437
16099
25611
25274
16246
7717
10031
3099
22055
29625
6613
11295
13112
30074
15911
20921
17097
5799
2719
11371
10716
21741
11568
12502
2298
12140
11872
26256
25951
57782
34473
16922
3149
38140
43617
15648
15798
6980
507
10102
10908
511
38178
2088
4556
8283
41793
41437
6076
7588
6141
14278
2659
19988
12500
49497
3313
4839
20312
1163
36681
31047
35172
2232
16818
26058
3877
1177
20736
9916
53546
4997
17913
7458
18452
4141
7955
4485
19865
11581
4025
4984
5361
6105
11986
1
8822
24278
1944
7086
34973
16667
1
30986
8419
11610
4124
32868
677
30246
23162
18946
26431
51303
14175
8216
17526
6948
48495
16104
705
15742
49887
21264
21491
18185
4356
21
20305
1615
5567
46762
20423
22583
9454
2444
1
17801
10151
16839
37711
7884
23049
8473
31005
6116
10624
32216
571
4025
21851
7160
21911
11457
16477
5867
1077
351
11285
1980
3449
597
14488
12094
1954
22699
12198
6083
35557
12138
36821
13168
3195
28590
2
38488
10324
2939
2908
32443
16866
7662
43142
13773
14944
10267
6567
35760
8105
12775
3606
40742
29298
27070
21871
39863
16133
1950
45506
25991
18480
43635
5160
35635
8416
16928
2959
39888
11199
45533
10818
9769
24515
25030
6673
642
9951
48160
9653
5877
34741
21174
58188
12722
1609
8350
1157
14259
2402
7430
9273
2455
25827
37328
11928
8
33645
14220
56060
18350
12054
4145
548
38307
23722
5531
2513
12794
44822
20104
24121
20674
10514
14602
19909
34
2507
20852
1152
3518
54143
14422
40251
4056
14582
32898
8448
9028
18712
1756
676
7943
4435
4589
6500
4
6578
2575
46977
7591
247
25111
2313
45851
22646
24765
21659
28497
4162
30777
14219
1560
3040
525
5218
9350
1373
20034
33771
29918
17536
28731
38341
40661
27387
5777
9226
784
14855
23252
7678
4734
18689
32142
1935
31345
374
46476
3162
15141
6558
7670
22160
8731
5986
13298
49647
1449
16527
4726
26976
27951
4424
10282
5132
6149
1838
11207
5913
24400
25953
20730
1489
50685
2562
32973
27066
7478
380
24533
2000
6964
25912
1732
664
20177
10012
9269
12332
2900
15607
5119
8556
852
37042
9410
5942
39183
6476
4838
8133
5916
14071
11508
3990
31858
835
29995
33669
34769
25650
25449
29529
45396
14944
9072
28320
1442
3736
14173
20237
11235
19599
22719
39083
14621
4089
1
9078
31096
4988
3656
12781
33849
22970
28364
10345
32926
5936
2236
4857
551
1210
490
25295
38788
6415
15181
10557
1693
3934
1970
2852
721
15223
1537
4160
47536
14298
2601
21949
2252
53073
8559
31767
2459
31278
5044
20216
4108
4679
22103
38101
1121
6143
6072
25748
10314
4759
1241
24
512
4675
3889
2539
23628
27680
1617
48418
27785
500
7789
5414
5467
1955
51572
36
27880
8694
40651
15545
20368
2782
40306
1628
10513
10992
17094
11507
4052
3032
887
397
6602
28716
24725
40102
8773
1992
51480
8390
6676
2033
23406
45045
5708
43549
3438
31861
42007
24248
20751
4444
15827
32258
8258
47975
13140
11618
11848
1245
3511
2775
13540
25957
20248
12488
39396
8672
5814
53489
40978
61150
30477
23615
8242
15230
15678
6057
10676
3885
2307
2197
8738
13808
41624
13305
412
7569
40728
47753
6524
23725
33418
14016
16953
15807
1191
11675
10860
11887
6956
36086
3651
2931
44479
24236
25879
27018
4185
1595
39019
9096
39633
13171
10712
10342
30684
8294
46857
5079
8903
2964
30660
40119
987
1435
6723
920
32060
6222
8998
286
180
1154
641
12943
5354
5389
8062
2981
3473
4705
3032
4276
1889
12207
12252
1381
18912
455
1102
1349
44593
22402
23866
19688
25807
7700
15500
5399
11604
6911
30821
4669
37980
22930
16453
1898
7983
25
13530
3603
6742
11427
1021
56686
8688
15970
1293
33960
504
12310
13454
31518
3924
47528
19503
17
24634
37008
6083
4820
32076
18028
34150
34527
31236
6470
6104
41555
4791
5993
1826
25233
4965
3048
1874
4379
10640
24255
7084
10657
3048
5337
11285
7393
28002
3309
8383
19703
4132
401
2
596
20690
1961
34586
2235
20077
39093
30298
12416
447
21183
381
33157
12787
8517
14110
2014
3728
2614
6756
43306
1814
9047
6415
2641
2140
3697
4372
33332
14213
39367
8613
31888
2560
19297
36476
2498
13755
60355
37704
14670
39943
16673
1322
34370
17774
22460
13412
2213
42667
737
1860
1058
23791
3470
549
2724
50896
26749
30758
1402
4764
2339
19339
674
6703
12470
32333
1371
29930
623
11183
7377
12808
15054
15003
16581
16308
21041
11994
12028
30771
603
15568
6151
15584
5843
42938
9863
28872
18875
573
11639
2255
45357
900
38290
13675
2849
29052
15772
5339
922
14648
11543
5639
31463
5823
18831
10411
12538
3498
20611
12597
15941
19721
2600
4703
10286
20955
25983
15554
3238
21710
39281
13408
11226
6533
35337
13891
23416
15587
40194
12185
3759
10491
11515
1715
12901
45144
12077
3560
15650
6376
2164
5628
3230
1435
42401
23638
4207
6445
1624
39740
15911
17314
10231
24652
29957
38731
13298
4519
9961
32257
15268
13160
4464
250
61010
14803
2050
6841
5215
1598
1
16198
24096
9320
28414
32308
19955
38515
25933
13672
16031
2
67
24136
24693
13987
14716
18201
20911
22703
6352
19649
27877
20426
33934
3110
29445
2644
32625
35058
1727
19987
20582
43162
20245
7591
43350
779
4078
1662
14559
36722
7464
29549
11303
22767
14853
7041
40801
13046
2201
3981
49361
8236
2048
45946
10222
561
1057
13104
6136
4764
3620
2565
18353
41756
13489
12123
37872
15096
23903
6508
19583
6305
14314
22178
19318
249
3120
21098
34363
731
5256
17792
33945
14062
4225
859
27153
6661
2
27178
28237
38914
627
26157
3320
33641
21776
13474
36779
39967
17920
52559
15351
4181
1627
39593
21809
10672
4518
5933
21894
3604
32777
20986
26097
3890
4
3256
1472
7180
1616
1925
40876
18259
9535
33
10701
24308
908
5177
20248
782
23356
3988
29344
51687
16372
16982
27328
27953
6290
22812
15829
20956
34426
17654
2115
3049
5180
21473
18947
20796
10305
28821
7403
31308
19707
28852
10219
13332
12347
4603
16355
30466
10091
11399
245
10
4209
2489
20969
29607
10732
5733
30180
7442
303
1977
1587
17782
39992
5316
3392
14442
4159
7021
27505
7673
3452
53731
10873
40173
15083
42419
34235
26320
7902
14073
437
21107
20154
34839
30490
8509
21536
28015
39141
13399
2473
34229
36329
10393
31234
4934
43619
27133
36358
31735
17633
3090
7018
4934
22011
1718
2271
27019
5483
21786
13504
11278
10950
13404
19242
15964
947
7625
1025
312
47430
3772
7753
46091
8290
45829
1046
17115
12974
19884
9605
33072
18
4588
6933
2246
6981
20019
19094
22431
12496
47675
3356
10951
16343
5788
15011
8706
17140
1
46362
15486
9012
3981
58696
5026
415
11905
33862
8037
10673
23760
15323
23573
33847
19854
9602
9547
9066
3004
13327
1372
9253
28425
2871
4756
11161
33162
19076
502
13409
13439
2940
2109
41054
18576
7331
431
15469
28818
15246
11697
21412
36375
6990
384
2839
2705
12374
7783
9561
15065
8950
27078
37327
36393
17
49897
30647
10763
40840
9554
8741
11641
4108
38645
3813
12777
47795
53155
2216
12183
15616
7
36115
7442
19755
19197
12442
12115
46666
4937
4390
27574
39114
18833
4481
17354
7
27771
32649
2784
50059
372
1651
3006
3409
8254
8109
18605
20
34717
10403
820
37030
3670
37491
10568
10014
2417
3615
248
11590
14570
1905
8531
3022
1912
32994
12338
30311
50819
23412
2100
4172
3396
7313
955
4532
9274
15725
36415
6993
17842
15107
23670
29249
15753
5657
511
2
36380
16457
460
37935
10221
6339
19073
25510
14401
33728
1937
5420
24823
8251
584
479
12347
11688
1763
17778
3772
7895
25501
48357
5623
11668
3160
11108
4148
3571
11513
18497
9450
18261
46931
18838
7629
36459
38336
2611
16465
13508
14509
2268
2991
11919
43596
19147
14934
9331
5103
3106
23466
474
52962
19031
31816
10752
14097
21113
6079
15508
24999
7498
17668
7011
34119
37334
10256
11295
7025
2329
27091
5177
12392
7980
5288
10203
3159
1806
21397
25122
47017
492
23096
7638
38720
51983
4319
1776
12446
16256
11841
15921
10498
9602
47140
40374
34009
18200
13358
20464
1735
11917
20519
16471
20590
20007
3318
44122
27477
53272
14004
56615
24399
2116
905
16681
4558
10432
1517
53624
33336
2638
30985
25763
703
1624
15033
3159
10742
26902
1974
16542
27319
15
32213
2972
579
25035
7743
1796
28548
17897
35291
26846
24474
9759
13133
6513
18162
14240
12445
6059
6257
9347
10816
8693
5575
7849
5939
9905
41061
768
30725
13516
14928
30814
34459
10317
12626
343
5593
8416
25717
17528
11943
38078
5447
945
9974
46449
19615
54805
10069
7160
18561
50646
19775
8445
3014
10646
4250
56609
7485
29645
33367
3684
359
22901
26767
15803
26915
26352
46222
10594
24610
2814
4716
19104
9254
23331
42255
30920
6831
23597
14788
12123
15651
23138
5923
22142
2111
29070
13660
8999
6797
3581
10039
4980
18155
16643
3439
1757
16693
2942
14681
13539
3632
5403
12561
18130
19497
16308
6979
952
30976
12951
26770
14471
11972
221
8990
27327
29525
43388
5931
42625
945
13732
52024
13215
3682
12394
23140
499
40742
6954
3828
2529
10353
12372
40470
27137
36825
4539
6203
26491
19268
34653
5572
15352
28781
48421
14262
31912
604
52738
20866
13533
21353
28625
34990
36617
4494
40834
9216
667
6467
5188
6582
5138
2499
14621
2511
9530
8005
17320
4645
3198
19197
20514
3618
5340
19581
22516
1097
3317
11651
3448
18291
20285
5547
9792
29620
3464
23797
9341
21817
16562
67
12096
27002
1972
13853
20252
851
37356
8049
18277
18238
2237
1438
11344
1574
1552
1891
16011
31270
47791
424
6893
12630
1454
4195
22476
18633
21188
11186
8439
4821
6372
15448
18699
502
4238
13278
2375
8554
44677
49397
19745
16238
38408
8296
13312
14557
17746
26218
47645
24548
11892
8716
22163
21867
3424
17476
14700
9250
19813
1009
16
1212
22030
18696
18729
11552
14771
1700
29492
8272
15187
7871
1051
468
42398
1
24708
4611
15039
31687
22224
5002
24226
38224
1368
278
23528
22784
28952
2798
23053
30298
2388
9766
30706
11058
1460
37340
30520
1165
36845
29694
31539
10405
2919
10284
15983
8972
33412
3954
59818
12508
23827
3854
4709
625
29143
10949
19256
2161
21712
13611
21787
27381
2064
4802
239
21829
5159
45368
9727
36849
23164
14468
46125
2849
944
5809
33147
17072
983
25221
2119
13672
11484
1
18327
6554
24526
27449
30317
3682
17222
5551
2833
47527
26463
25308
6305
22519
1087
7970
3
24983
1896
5533
11298
2056
6522
21899
11762
16053
29927
40966
20025
3526
32110
17025
326
36935
3029
462
9388
2376
1386
6657
24495
35271
580
25343
6018
6795
12648
224
24040
7917
41102
23909
27830
11795
2061
303
5558
1832
3050
35118
5
15757
40372
4196
20669
7733
36624
21881
32916
53860
7201
424
967
27383
6804
35768
31066
16500
2712
26977
46378
35090
2
28184
3364
2389
13545
15581
7408
34015
4380
327
9461
411
770
15316
5773
4689
24860
16951
1813
36068
11663
1469
35152
2491
9338
20075
3800
15493
20536
17763
2318
2825
9795
9031
4650
19816
2424
7341
7
12950
27892
23032
7347
16982
3637
2191
1170
1327
2889
29039
12656
14621
500
25453
701
13727
28356
2448
26116
21500
3
40506
875
383
2767
26298
58983
36100
12355
10184
21927
3691
29648
15963
45697
794
7503
14488
32540
18449
8895
28826
15517
2470
16698
24365
1978
23385
11507
9375
242
4039
17220
4440
3008
11010
35740
45830
17559
18129
17977
9705
16928
1219
24430
37065
45701
4066
29519
20730
4991
18122
9953
4528
1110
47961
890
26255
305
33900
44098
8878
493
16128
26717
3087
19039
9313
4152
29894
42070
14558
45863
9118
19074
54929
2608
5061
1380
25690
45379
53079
15997
433
902
20259
24428
54371
53012
8974
12183
57516
21511
15516
34422
821
19553
2578
27005
1099
11123
26095
8817
41623
6252
54825
1132
3776
14417
3257
18209
44332
52644
13
4529
662
9633
367
50402
27909
394
2743
23763
22044
36973
2728
53267
5861
4575
25099
12176
586
1100
5178
25867
3980
1195
796
8324
7114
23478
36986
14846
23472
10144
5383
13034
26990
25445
19350
3774
16608
1531
8986
14440
41381
13833
6611
15301
14460
23666
33174
9519
34749
4218
11976
2065
4960
12558
27004
31247
12146
40303
2315
19305
3624
9314
31663
14460
22249
23247
20216
6112
12891
1890
11298
13875
34550
19052
13391
25875
23304
22765
10948
9760
9366
6574
13457
6479
2728
2233
18424
53727
34251
526
5291
2473
55917
43309
10844
3772
18139
10662
31972
5303
15790
240
2738
238
23215
36455
12159
13579
738
4831
11625
785
2941
518
15398
36230
9136
42876
704
2920
1922
56501
5931
7626
724
19802
9238
867
1118
21937
37194
13261
11808
4327
31875
16481
12699
33249
30959
5733
11923
2134
9273
17676
48165
3095
19216
987
10431
2168
1676
2820
1654
16553
21435
7901
10184
9597
11381
17455
9306
42749
15967
44494
47074
4735
4472
4919
18820
7730
2248
49495
41239
4623
39084
12944
13261
8768
13245
2722
19105
5201
19711
29936
17924
47390
6679
2912
48370
1731
11793
11713
20244
10532
9635
32340
9205
2795
10875
5933
24395
22764
1893
29778
6336
33347
25974
7780
18109
3017
15344
13482
32436
16338
1
11388
36076
32475
13460
3783
37221
6702
19671
15168
382
22139
3364
9
3874
20043
5207
4117
3241
49491
37618
17745
21966
509
38214
824
25653
6741
27695
5948
22079
20155
4615
25702
790
9696
9353
14174
15512
46863
12126
11243
2242
57415
19134
38238
2312
15935
9499
18747
29034
10334
23253
3721
28
11484
23453
1207
16391
3680
9856
46728
35061
548
27016
9624
22638
3752
14187
13124
2638
14470
19434
39765
7205
6370
21305
57074
10594
7377
15127
45145
9385
35715
39807
20994
29429
23109
7846
17717
7094
4
49567
3771
16172
28105
40140
3004
23612
1099
16444
4387
29900
16122
591
16592
16020
1523
22795
18642
3011
32864
28629
3848
8410
12861
10627
2174
19141
2008
11852
6717
62590
44957
1029
27597
14190
13318
9234
10199
21752
32920
7
659
49062
27637
11955
1266
19672
3060
52244
267
10346
20538
26987
38914
24153
20319
13060
21134
4513
29599
29254
14715
21516
55036
5649
6111
31675
16461
5868
426
13754
8176
3647
2117
6947
7811
14598
15776
24642
11511
11101
1062
34171
11809
10242
12826
50019
59457
25761
8017
11197
49385
36372
48305
24467
18137
21729
15834
32971
39534
25696
3072
5727
32717
833
30257
27741
54233
15168
18368
13882
10609
5629
3443
20242
6532
36532
15850
7996
4485
6770
27850
36966
43476
22684
4644
234
14810
23632
11091
225
30085
2524
51430
30794
14216
2625
56075
4463
1029
17887
725
1
27231
16071
7501
6668
6333
23545
13652
6769
28650
7126
19461
5149
3865
11029
15633
3877
25525
14935
30341
56492
4989
16185
11039
10911
16342
2198
17102
1684
3570
4126
15943
21745
20584
14865
2338
8518
25094
4001
4585
4972
5804
5456
3849
946
12787
8642
9444
98
44827
35924
25805
6835
32234
5849
18415
17277
7249
3026
16905
4250
48400
20724
46055
16650
4338
5381
20602
1
38655
3559
5904
35028
923
2601
9921
1063
8043
23846
29542
4769
1766
16267
9
717
26344
11490
33535
29818
6
21
3553
325
23089
7318
12532
32338
4715
5249
2117
55893
24177
9856
3023
5369
32287
39453
435
9272
2661
3428
13724
11708
927
25418
25986
28892
15769
30203
683
8280
49424
54561
15508
1862
20142
4670
10247
28569
1687
28455
2082
28203
28
35677
7321
3068
6177
15151
18600
26950
806
14909
15461
7900
898
767
9328
3164
24362
43952
12560
9821
23591
3476
15671
10407
7879
10347
31445
3762
19914
1757
25212
2294
8828
7570
15045
2424
27155
11475
17027
50263
17017
36069
5076
51854
9616
6851
5539
53694
10805
7834
6470
55200
7334
24861
54547
17001
47673
261
17354
1943
17053
19756
16655
8171
12777
6602
1171
31103
10811
596
536
3832
9120
8314
1901
24160
49523
37571
14842
2340
22344
2296
4709
30117
6692
8327
8168
9097
5422
51297
39686
8045
16361
31435
18219
4793
50233
9805
12516
16603
812
4250
8324
4204
12202
3162
13339
7175
2517
334
9523
4399
41610
5708
12201
7405
1649
17143
22370
16427
2448
3078
17358
7276
54851
6333
45132
18561
14656
585
9704
17234
25177
33283
36649
871
733
40087
8340
27687
42102
18408
10950
48528
20316
36085
8419
32959
19662
23939
19597
7937
30995
40520
17700
45590
9194
1035
20246
10629
24871
69
8624
28456
62341
6701
12700
39751
14803
25683
4722
16439
13321
14768
15782
3570
3158
17649
5635
35040
8739
18533
41115
4212
1550
38218
7
11432
9397
2711
9
33868
23149
27949
14245
20394
9628
17371
657
31524
6758
1155
4878
26766
1
5069
3174
6433
18189
34015
52799
37474
40139
25022
31622
4240
29966
3879
13647
24854
818
8649
10414
3988
14799
46917
2588
11906
25627
13498
20546
36673
7401
4185
3847
12781
25983
3452
30772
18915
16
40198
4014
8558
16789
30419
21072
22767
2600
14329
29175
5184
7260
17135
36506
29632
3931
4943
55873
2425
3869
18906
36412
2706
16740
7286
611
5226
14678
26298
2336
19625
19197
7788
25937
5587
5686
21329
4190
19127
4997
22422
48078
2384
3334
30269
2888
19885
11667
674
9621
16161
60420
4597
22042
19757
13449
19869
7493
4
29312
8527
47626
8929
26280
15132
47994
17150
8612
30847
44740
434
12731
1143
1742
32240
2371
12270
47577
910
3527
4090
3838
32352
576
773
16314
4322
7652
8915
9700
8830
548
11973
3438
21322
28932
32252
12398
3522
45877
15588
22673
3628
507
21449
2432
36996
20927
2706
226
47901
14313
1501
24533
1263
4287
1714
155
16257
45733
38442
17771
4762
5845
28129
20240
13937
23155
6639
18486
28866
10925
17857
14720
30652
17356
7036
956
12277
24844
1957
4089
6
656
16803
29829
6844
24956
21187
16059
3783
45857
5053
2911
29889
8154
4660
23427
12885
10927
15514
46326
1141
10407
2691
474
26184
7583
874
13786
618
14464
15415
7174
15182
7141
7885
14135
15825
17032
20010
13588
4967
7098
19991
26060
1606
10444
11543
44583
4050
6757
40572
9385
48788
16827
11130
4313
27463
7856
682
38574
18476
19541
4447
6764
36415
4890
5481
12042
4719
8374
10728
10811
8130
1340
26588
40153
36434
30948
24034
2760
22749
2781
2768
19941
28353
32894
1111
19682
12087
5433
3248
23880
7912
11953
21980
7397
26884
38157
39023
13223
17049
22831
1889
16869
9370
21754
1339
20292
2146
47836
5692
18855
29434
11640
5561
29863
4793
7452
4870
35474
27217
33987
32057
4597
45987
54924
24538
3511
22156
2640
1412
476
1
5696
1617
5481
22664
33536
6721
11656
23885
32309
8026
24276
1893
1501
363
29929
14739
30794
44920
3714
8102
19838
31562
4949
25601
11637
1010
54017
11222
368
37284
2056
32334
47790
60169
15372
2246
14345
20130
9733
1261
3020
23018
3556
52310
4468
10386
12549
26374
12036
5964
30775
27170
688
46736
21580
3948
2257
10681
4265
20945
507
7091
1795
35759
49080
44405
21029
6046
21611
3436
55027
9861
15001
15615
38122
10775
41769
27080
25805
10262
7720
56707
179
2168
4400
20954
8351
23776
42166
774
10574
32611
22704
15612
1539
57107
18302
9353
25967
26905
59
16
5827
4222
42163
59816
20786
13854
36505
2630
24816
1568
5047
8298
18176
6469
3980
536
14259
15294
205
3512
10137
5000
2326
19704
53733
14449
11594
8713
6278
43961
3121
25977
45503
48547
37035
27194
9149
301
1996
21452
3258
15842
36138
3760
5526
14902
22911
46570
6098
471
9180
10751
26912
7621
4514
17458
7721
20307
19540
23853
22576
35752
15943
10812
27810
30734
30905
45778
32481
24346
3272
879
59500
2561
21561
13334
6899
1242
34723
5636
1477
50391
5425
23176
981
12814
61935
9849
24221
21920
569
526
9
20612
11906
12305
4924
16764
33116
31361
7478
12580
902
38586
24325
23720
14641
1182
13594
42745
39675
14218
9423
20908
10589
21649
1418
49108
2031
14362
1
29351
1522
13675
1940
23512
41221
1437
21145
24925
11942
46497
17250
7366
29320
12706
13999
17913
28805
10041
52975
7942
38831
9016
11953
18076
30855
22975
4207
9513
30606
8266
7
3080
5876
21797
1829
11052
5743
2529
1018
20039
10367
13819
5815
2005
1525
3742
19415
19999
2672
11958
18352
11079
18210
1190
15132
2016
31445
1357
1875
16239
4649
8091
15915
21524
3819
8074
44408
1245
30750
3055
5356
8729
26066
7894
34113
17184
71
6428
5500
6473
7195
31436
16914
5552
5257
329
26048
24725
37391
12352
2515
8835
3627
10651
9590
24355
1047
28045
14900
25886
14199
3036
52694
5287
34704
9991
12805
56255
30223
26808
46895
48699
6224
5441
27445
20857
32968
262
2218
9043
5222
4412
3426
15319
9558
15351
38457
18577
12586
7277
24189
21456
3608
29164
23914
9130
22196
18364
22328
13283
12680
46609
11597
11426
7670
19288
20518
5950
6980
21095
36858
14992
1866
18755
26576
35062
1297
9200
1058
7411
26598
26077
49958
18723
11785
6841
12483
42590
34156
11021
1462
48702
13336
59781
19426
11041
13808
13175
58151
29554
25056
12653
4656
23478
9617
44404
3915
32419
58539
53351
13153
4482
33628
31072
6335
32747
25495
21390
4
45003
36299
3500
26753
517
15739
8346
42555
6656
9889
21155
842
443
4104
6922
45846
369
4535
16774
11103
9023
21295
13159
5268
421
10610
50334
1680
493
33550
37867
12409
12058
6124
20605
1027
20024
2747
16726
9853
10028
36925
5411
28149
39126
1600
18868
49855
2354
8025
965
12911
5976
36093
25565
23943
31728
50591
19605
9922
18855
26005
562
11384
19729
8408
48408
14743
4641
42159
57773
14914
21277
6438
2
11434
17295
369
30158
24997
2937
16521
37988
5803
21456
18220
9020
8608
17063
6010
46455
39312
1691
39599
440
32740
6369
24193
1987
13757
30000
12758
8067
2008
4793
50985
35764
34454
24154
33262
18278
262
24201
717
6155
6077
15043
21948
2299
14101
25763
27054
49860
27004
20467
10236
41769
29267
1153
2346
2710
29027
4016
32536
6703
37374
34789
21228
4597
5636
22385
31691
23461
7419
45620
58421
4863
28407
7693
5512
10635
2520
569
5177
7022
1228
17193
56320
25034
6816
33653
6720
25545
1831
11801
24158
1275
6316
26095
41382
21696
25455
12201
20918
5615
3132
9240
2469
5035
605
32389
11605
18029
692
11875
842
7
4667
10169
5171
16837
26007
10275
6277
25033
24809
2309
25177
8774
36885
1321
5158
412
14389
12330
21519
27197
14513
6647
3041
37510
26151
1855
1052
36860
2477
3854
12859
34881
2197
7642
35122
25400
5763
5576
17959
12798
29747
3129
45219
2272
6366
8332
58228
8634
6550
40632
20353
529
40901
49343
7249
12882
49991
6942
15982
7264
3701
40313
21411
1672
2909
233
9301
45932
27107
12535
41922
22807
12495
16334
31384
1
21226
2065
2392
23464
32247
40033
8636
2773
7850
17686
46945
3218
2850
1076
8733
46709
23003
14772
34357
21132
22837
31018
23611
7643
26662
20375
33076
1906
2900
4667
6629
24659
12486
1301
1958
8436
7062
1013
6965
3593
42044
11845
6449
8557
29496
9912
18527
2991
11627
40879
12984
46463
12051
3704
3441
14534
16208
22292
10218
25299
13753
26588
28688
980
293
12675
3185
19787
21124
9996
20536
41646
11794
45414
3575
39017
14937
8215
5611
33354
12893
17173
7083
34425
46420
94
16285
844
6624
7681
4727
15641
25937
27868
2197
312
32892
5412
13
32077
1339
7375
16340
3772
1299
12781
1
7074
15654
1269
8489
50023
2877
16302
7079
14990
36132
1743
5533
2733
10705
21115
4266
36194
15386
49303
3
42157
7795
540
4152
15119
15447
14
20033
23156
9717
11042
5947
4245
4313
17074
30699
32743
695
39651
19549
7920
23378
9618
21632
21995
29625
4439
4373
11916
7085
6100
17793
3031
19190
415
12
29612
1257
24626
4587
2097
3931
45713
41136
59316
33828
17956
20831
2999
10666
12893
5423
17391
7288
25982
42839
5639
20213
15407
13811
19964
2106
16521
20798
4653
46700
18031
5389
20463
4519
57615
18021
22152
6223
23936
39142
33221
3769
5918
6560
14569
20913
22505
3697
3511
3795
1347
21546
5812
759
2673
17374
550
21672
20800
821
7364
7944
3865
22852
33420
7575
4086
32558
4335
879
31801
7281
20186
9890
796
18296
45641
2546
13978
7087
23373
6936
21844
49885
24551
16528
26352
19001
17683
5473
15050
3145
14797
4895
13259
2444
3958
18470
4999
4281
899
27420
4090
27049
17783
55161
40571
50189
31839
20856
564
7416
22343
11854
8666
920
17311
34474
25989
396
6062
2
1510
1758
32994
1044
18610
9790
17872
5
3324
23277
2121
1291
9549
3975
17365
25040
21003
19334
29175
27905
54749
41734
6554
37757
10261
3258
7857
12390
15090
29712
50758
24326
1601
14216
43175
10615
10140
22813
2513
21250
3139
933
14855
7484
23366
4779
24786
18184
4
35171
4340
5400
25461
27445
35013
1482
4198
43151
10318
7105
5398
6788
8156
5261
9427
29759
1471
9710
22749
2694
4808
17092
329
29462
913
30352
1530
22936
18218
364
25913
32859
1231
32738
36707
54317
6650
31581
9590
47454
8553
55240
2278
29127
17289
22983
21431
3085
6379
44383
463
16908
17389
20607
2535
4787
14527
5755
4388
31031
61882
3338
1961
2521
22692
31946
9527
14944
41
18643
17329
1074
6155
32931
4233
6
23679
30130
14570
20056
23426
53976
1135
19480
3217
4264
10811
33391
5878
19457
2054
6997
25176
7594
4448
679
1145
415
21705
14420
17830
12810
2252
3283
6942
2762
31193
1677
3813
16594
6626
38212
37635
2801
7163
2952
41733
11487
14717
189
28415
35113
51399
30615
5011
7147
14033
978
4124
6432
22377
1215
16282
464
10613
34624
23925
16977
2024
3
9646
1550
5677
4795
19518
11882
10390
19030
6950
12738
9300
4012
9289
15200
18013
339
43626
33554
4622
5745
19280
20339
4862
13252
21704
26979
10137
570
15218
43652
19301
14700
17357
32666
6043
39312
18655
3053
6042
8966
16687
31761
10368
41705
20770
13729
4454
35995
114
16283
28587
36914
1533
6079
1086
27513
6317
22761
18147
51225
36569
366
17943
5170
34280
542
29119
5150
7674
11535
6579
1291
50101
10345
25833
18602
9735
1994
1069
38565
32403
1271
4387
33809
582
1184
13316
18248
23788
42667
19079
33163
28343
5825
14639
10843
1432
1178
19119
7587
42894
4166
8340
7055
13954
2702
109
5346
9118
27424
28803
18482
12034
3220
9376
21636
368
13304
161
7391
26684
21370
14301
1423
38686
24615
23059
4844
41405
10574
3007
37571
1664
31554
922
25881
14993
44410
36668
46967
36189
36327
2596
1686
38408
2636
1689
167
37636
11482
22
8735
25848
21574
7441
4991
3740
3211
19731
44977
4075
28757
15618
9653
13871
10513
662
56312
3459
24049
10931
47716
5087
1417
11484
32083
5846
2966
34783
914
59091
4121
19405
14735
2875
7047
712
40792
10974
12531
4500
1252
17588
3337
3306
351
22958
6018
19005
5854
4474
27203
1594
14270
21711
9514
6447
35292
26444
16074
31042
7651
1816
2014
2545
18257
36500
24475
41412
33596
27289
11984
2278
3278
28641
15295
11446
230
3777
14446
41467
11538
4310
10639
47020
8689
32943
37127
7836
10019
11950
43898
7456
18123
14607
3757
17331
32925
50568
3412
2920
36734
5012
16000
26711
9570
13263
21690
4190
13326
2723
47843
22230
513
523
14044
16099
310
10166
7440
43696
44371
8826
7810
32832
3347
2390
21463
635
4248
1702
38114
21383
1985
878
34269
6224
1250
27185
17299
38164
1
22445
28044
3961
37
44911
9388
18647
21257
15514
25129
652
39782
60079
24819
30206
4366
7974
16180
6806
15317
24871
14054
6250
4891
22406
12018
26466
7063
1721
3168
3464
28191
44823
4048
10724
11126
6864
25855
51921
8716
24315
6764
5442
1884
4641
41295
28882
5084
6745
14630
15
23770
2318
1500
947
9792
47703
12715
4675
14246
24170
293
30
548
18271
45462
1436
18265
12655
46215
4053
29692
22176
9093
311
9874
6299
3969
4243
14960
890
4645
2920
18257
14933
761
10934
22863
15960
8151
15306
6495
1325
58434
38851
3883
5763
15741
5783
4861
14887
30552
1370
17740
7289
38833
49903
11976
802
26308
2539
8066
9707
20
2272
9072
50417
3949
6201
26036
2944
11589
8629
3483
1202
14727
1440
27547
578
2423
7349
700
1
13218
30289
37950
1559
1710
23497
39890
28345
51589
44061
45978
5278
33723
1526
6638
15589
1864
353
15944
30525
13788
27235
21287
11439
503
35493
5143
1691
1224
3369
16137
5198
7549
7898
998
35289
23073
3541
9584
12981
37633
3342
40616
12907
6300
10452
29251
478
29311
12641
14543
34391
979
20262
51604
38808
41148
6493
36702
3968
4168
52325
7697
11951
22190
981
18593
48251
5114
22472
12481
696
596
33149
8962
23058
11254
782
16712
52234
2336
19325
1970
2136
9947
15576
15421
18623
30802
32902
19
12836
5839
27467
18304
5575
4134
2302
4241
7682
3256
21859
4464
16921
8974
5889
10430
11047
5170
6430
10346
13216
30716
6860
3232
13728
25510
11023
45890
2
1167
503
3875
12703
29518
14773
430
2292
5002
35352
5103
6614
19091
41583
23
11472
12447
9955
1511
20471
39317
34957
6135
7805
27476
6850
7401
8961
2091
4661
1656
11101
935
61855
3779
15662
9537
22597
4112
48347
1755
7867
15286
1765
13331
2528
2067
43089
36988
3035
1857
519
2095
3296
8594
11642
10282
4158
7027
43625
6571
42
16737
9151
35005
10542
2
1801
45293
27581
15048
29989
15493
58447
1378
28450
3337
18935
5505
22307
5482
1121
29257
1770
20256
16243
26765
28926
12333
27144
37347
6802
6747
27523
6286
22672
43421
6112
11701
38682
2646
10602
14281
36261
7851
1312
23642
2340
3378
1844
1699
778
16004
20943
47930
1503
8869
9257
930
48572
3981
47364
3421
8660
269
27454
22450
306
1081
51340
6090
22597
21739
9402
1652
40
3561
30083
20522
10412
9031
4522
1665
6736
2909
23942
40835
2078
3356
35146
11142
1137
18314
14843
10199
38416
7404
16573
4799
8972
48197
16903
1397
18023
10256
4826
13691
36903
7333
9148
6620
32118
24179
10511
2430
1177
963
21667
52902
3730
2774
4
9920
37846
13683
48167
45386
34705
9077
18111
3931
4594
25848
2528
11752
4429
3374
21658
45573
3576
1442
6161
8155
8233
1350
21801
26615
15488
7291
5850
13165
11394
6570
3184
38532
25010
35151
2482
5004
24373
30635
7856
29013
6406
8629
3301
12186
3772
27532
43284
15555
7231
28729
856
15900
24961
37812
45210
14941
18379
18229
32649
9706
25292
8618
5165
7702
4643
22129
13486
3213
3289
9069
11923
496
1169
37545
3328
8416
33061
2073
12451
44278
5457
46705
27453
10442
3182
3682
19962
15740
30565
23843
5494
45427
12312
5339
16836
4272
6129
545
17593
4489
22359
12742
22764
5305
4828
2451
35220
30661
20213
1473
34867
1522
4896
15970
3041
7180
40541
8557
10282
1393
38908
44805
40373
47794
2371
6721
24034
3879
9247
51552
31064
248
2711
3400
8912
539
19866
27757
20851
36197
1457
42508
697
7
14715
15690
4551
19151
11517
4417
51568
13110
39765
4229
6721
43246
2746
21041
64
10110
16400
7311
6049
14946
18469
1214
4651
54772
3745
14
5832
853
6554
1638
34324
26522
950
26442
29048
41853
24524
41611
41933
26398
15388
25006
14131
15674
17647
16359
24990
14872
730
20689
13809
460
28694
16492
6733
12093
14502
11257
12195
12577
271
8613
12103
1360
11621
3406
8805
20686
2889
41304
18018
16452
670
44750
242
29723
22700
33581
33806
19872
16816
1487
381
27696
43086
7599
22232
2610
26174
19504
5742
2039
3791
12888
22588
8834
9008
14698
6695
28515
25800
1343
18378
1315
14063
18907
11489
9154
15916
39037
3244
534
18839
27483
2610
6548
39934
16017
8927
8815
12549
728
23260
8367
12290
8747
39013
5817
30682
22988
4314
28197
8671
2252
14316
32051
25638
2
8275
817
754
10620
22083
29928
1162
23274
38716
22949
22916
28333
28081
19129
54930
35723
27530
813
29593
635
6255
20488
13666
12913
26871
2869
7019
677
7075
25943
17035
7206
35945
18528
2108
21785
3900
31593
13118
2388
12858
9613
8526
804
9535
16264
11721
3260
12727
718
18051
61
38756
10074
1834
9150
42311
34272
15082
3524
6868
13549
21318
6844
10888
7851
55663
20451
4287
55415
6323
18573
28601
3
3930
7714
20081
4159
12938
27929
21011
14937
1386
751
7350
5040
13262
16471
14774
30711
21020
11647
3400
14071
3711
19234
647
1763
3218
9563
5840
7951
8962
1187
24783
4273
1247
42558
3308
15036
2632
272
5233
1970
38532
3839
29823
2439
45987
1833
17317
3007
1165
40886
30456
9110
2901
24464
31179
30137
6581
5283
22427
3782
4187
27802
32070
37131
43698
36268
56539
26307
33440
2543
18617
7059
18016
12673
17376
19342
12934
1710
2880
21653
3495
28421
24753
14011
9048
1595
12352
8889
47481
10819
32782
14093
1292
41041
3309
20566
1364
15041
30165
42088
3778
8845
15097
4625
55039
11360
15462
19604
35560
6715
29032
22959
42102
16254
2845
2732
48253
22233
9984
8151
4399
2083
7087
1342
47022
55005
27820
4411
47559
1473
6126
13613
6375
7757
12417
22603
4473
47342
13021
45859
12227
31984
19528
19730
54387
3893
12622
5456
38407
5955
12140
6679
39214
20992
18255
10024
2
23703
21003
10756
40317
3858
38409
258
29890
2
28841
6300
1877
439
563
11638
16030
35585
6644
4972
1177
3197
6393
7246
43623
18802
8359
34278
28422
10734
12173
49330
44041
3264
15559
2519
238
46701
37834
26100
29398
11904
14721
12672
49324
20399
5112
1953
39458
18750
2445
4434
23297
13825
14926
27980
1658
2631
23159
28567
3660
21908
2206
10646
18837
325
21848
20049
23460
1605
7605
3424
13091
25983
19464
30185
16166
35160
31303
1288
1592
4774
15763
318
4978
29053
2790
12000
3699
11031
16287
1748
9574
32564
13305
319
1553
29678
1063
43644
23255
29419
41511
3681
12399
19232
29905
20992
317
7828
9265
29613
16948
35396
22796
9002
13005
20110
7946
19
12083
713
830
2756
15854
29941
35084
40529
7548
16751
3682
10162
5427
25047
844
37637
39024
119
17056
4090
6412
35508
17972
6535
9197
22595
7972
7285
7055
33564
27135
10682
6270
6104
14469
45219
16845
12935
37447
46111
13472
4108
20365
40048
25862
9105
31539
1
17602
8152
48818
6245
6656
2378
367
6609
22098
10957
34495
778
10839
13964
16676
32230
46596
15603
310
33623
12290
5482
10441
42736
26437
20873
52171
3826
11928
5703
17676
57903
8886
13111
14108
32
10236
3739
524
18248
4537
8601
10508
31283
15020
1805
20080
21303
13
13507
33059
1426
5233
26252
4479
7646
3871
4617
13530
1162
55838
1432
26750
54389
69
3839
47016
25859
17341
301
3167
18159
1295
12389
1189
43381
6546
14974
12262
56980
1110
53128
44678
752
6048
21455
15795
18198
26272
1936
5971
1705
58019
3068
10724
50443
14960
38924
2
13247
5294
25258
1314
11800
2369
17657
10826
14326
9442
1964
18476
23668
20311
28274
9279
6357
3464
18554
14340
35244
47362
4164
11377
11984
1220
11776
2402
28807
6
18908
38537
26404
4559
19221
12893
17226
16323
18986
6141
1323
25669
2291
6061
16199
1656
37750
11762
59101
9521
10135
9761
10658
26214
36165
30535
253
1347
8409
10524
57524
20655
23940
19241
8497
14091
16788
6995
11998
31494
9825
12971
19248
25361
4907
4132
13157
2665
37262
7061
14670
5408
2853
836
23839
42719
13032
9851
42447
51315
7372
20001
41576
33682
4149
28578
2892
4185
45935
12615
8074
2956
2973
26616
1311
6062
3333
11676
1193
30720
23189
24436
7
15100
2669
43516
4953
785
10856
2082
33209
21893
54113
2035
33105
39990
25946
11566
1984
6710
10214
19981
19105
1114
29274
11090
2147
11772
33869
1946
28108
56097
775
10568
3100
32833
12743
5257
4242
21841
15916
9254
4750
3
2275
31804
3380
2524
1538
3331
4658
23552
27765
10877
37011
17463
3764
18326
23155
15814
8824
42641
32377
9363
37587
50293
3895
24214
3758
43229
3173
7124
20315
27143
3896
23097
13797
16239
7873
3769
32805
17808
11760
434
7951
2
25412
845
1629
3137
12057
6283
24725
1697
1118
2982
489
11677
17474
1656
6225
9307
15473
2324
11220
12536
4040
5292
1346
11787
11398
4301
20808
9983
6161
15483
6
1657
6042
6797
2603
3202
4335
25556
54132
1577
1921
40877
1444
34957
8886
3509
20826
25112
2642
2084
4843
3919
30988
3737
27619
1
23608
500
12502
3635
29367
18949
15554
39569
15066
22867
238
5995
8723
30008
20787
4836
9580
11074
21641
19654
30812
5246
46355
28467
9899
17875
6616
5062
1453
6363
61254
27229
13547
39263
740
8824
43699
44358
20447
30883
1
29939
3125
457
8975
35993
3300
6453
24690
6919
10893
8345
19660
416
39414
679
17324
24460
7393
14125
474
12281
23185
5123
49631
34594
11521
22390
6379
2383
3767
46500
3953
9719
40115
4972
14347
6317
186
7000
30265
13681
29579
11991
2623
16364
152
9226
10816
20344
6129
18155
32422
318
14245
6389
48824
482
892
18564
2602
17206
7264
3096
29495
13942
28343
53592
3010
4321
7893
22348
14555
27903
30744
4105
2975
16549
13941
9829
6370
933
28110
886
9243
3620
1918
34025
6487
7428
26333
26152
353
14391
12635
18670
30403
14094
22192
3192
19356
6168
10103
9298
41904
803
32923
941
6046
13591
2227
1629
49463
22539
2509
36562
27246
7833
17620
22
21021
29692
6621
1319
2593
2526
29902
24543
30801
6046
3436
15474
7941
51775
8842
35025
13454
5174
506
4653
18416
14740
13956
14246
9129
3386
1835
34271
856
12699
1624
13176
40064
38966
14300
29319
13003
23090
24090
25023
5264
14702
4855
22051
38260
11999
24732
3504
25657
27446
21490
3713
574
915
5207
7
17492
220
7055
13843
13062
721
20041
1761
19090
41420
30329
36902
12327
1090
438
2778
1179
8212
2148
20887
4
36967
15747
6778
11949
12409
358
7840
17560
19973
2792
36284
24000
14423
35591
21439
6975
6790
2949
3765
29767
20420
1843
3931
5398
40785
35382
45270
13020
40478
14650
5993
305
14046
11595
4741
56601
30036
27221
751
3
36878
7358
2326
32163
3190
49850
6510
18295
37354
25304
6876
51749
10027
6489
10791
20411
3207
19375
13988
29572
2498
7660
9258
45388
1646
3952
21693
17525
9470
16746
14933
6546
37902
14525
3824
9921
53368
12159
7873
26158
47454
19143
441
7730
12394
702
6304
18147
43037
2167
16089
15475
4956
38407
3916
55487
19794
19665
17522
44287
12129
18867
943
7942
15472
7450
23640
6751
20057
13151
55045
3336
6493
23797
451
1383
35274
9960
43337
31103
14776
2631
50559
53506
46349
8926
3213
26571
19822
300
4713
7490
23637
26956
6842
15052
9206
19873
6402
44933
13807
51295
13792
40878
25279
14529
11043
32134
4899
10019
16937
52380
38850
1905
3861
1130
49
54886
1897
12124
3566
31158
235
8958
34990
542
30884
29482
5862
3448
25246
9069
3419
45118
723
10185
42444
4530
3124
33763
38349
182
686
3469
14441
5338
39137
683
23492
10602
686
36919
6751
10036
4444
9312
33225
15094
7265
21744
10384
19585
6832
11814
1310
15133
47062
8788
4810
2096
24577
917
821
1728
2284
205
6757
7175
48507
27642
39334
563
2439
425
9301
8
11545
28543
26081
566
7322
3998
559
25122
30481
1152
952
16187
40244
3575
25113
8681
37629
11251
3150
708
857
31284
3428
7314
1645
14740
27512
35821
5981
934
424
3718
2045
14785
3178
3411
40547
17408
11367
34066
5400
38136
14343
13
11386
35615
10257
23668
19631
9047
6175
49171
40103
14250
44370
19788
37169
53989
6103
2913
18594
3644
13920
3613
10157
53333
8793
25636
4644
1398
23603
54648
34339
42417
10851
21614
22507
2457
1833
53695
59676
39693
2554
4197
17290
20932
4856
27447
18527
20946
16316
5407
5541
1756
7088
34010
12025
9576
16
4584
3888
1057
1430
8932
13227
24792
31169
9455
20151
24029
1537
2466
599
22693
21353
47785
1194
5309
3970
21507
14205
11277
14519
28464
596
14919
15959
17260
2598
5840
9807
7223
28503
18806
7011
4785
10511
19108
13134
2087
327
6503
3472
4405
41114
7504
1
3164
13011
33987
1517
31417
15712
21993
31141
7497
10
14255
32421
53487
2184
7832
1348
14735
3
31458
17015
18963
40899
44018
1856
24154
16561
42064
34008
4364
286
16
18818
2668
3562
25969
1693
1422
22407
4147
19190
22991
13047
550
4688
29996
9803
1304
15303
23171
2138
3517
835
17052
22778
5973
2182
6937
3924
17482
11507
39015
10147
7150
4215
46319
5457
29537
26484
37450
35765
24891
2622
6746
10042
24250
35849
12797
19818
8822
47756
3018
24799
6132
10173
755
8781
31384
3999
1729
12869
17631
3483
1184
7921
14775
6
18216
17086
20420
29601
3579
548
10434
9888
18657
24738
14421
837
1541
10874
51337
4075
10606
1005
929
40817
18535
24733
28153
18196
5338
2758
367
38915
26713
49983
28194
36626
4866
24674
32679
886
5493
14283
9638
27889
4612
17814
185
30730
5688
16208
30272
2594
16393
8645
4792
18652
12359
1752
15208
691
36130
36989
19707
1016
6206
1835
4355
2224
11329
13172
1099
3176
18405
5
9843
6909
10867
18378
541
25156
40999
19243
10874
1353
25138
5326
784
81
4157
9093
3820
16246
20364
3199
6386
24603
11349
38200
3736
9234
9773
11979
7479
30041
2328
9003
14853
15305
11727
21992
18088
3681
5907
55163
5650
33469
9139
45311
22118
2039
35595
5350
15053
16252
5512
12317
399
8463
48007
26638
15973
16097
32146
22257
773
7916
13189
1720
16438
6881
4178
21412
9835
4601
6503
23751
2648
4291
46316
5307
4053
4167
39591
49108
29387
11768
23357
26721
2677
4216
4402
4623
1867
21598
11241
33659
8189
8604
40685
38924
19528
31401
20900
11452
14844
18780
5862
5482
36885
54434
10430
2166
3291
2031
370
1187
38177
20523
31963
35678
8141
10062
44542
20340
8515
1484
32481
4664
5922
17473
16673
13795
32236
20435
1470
2329
19365
25
35902
17345
11608
20493
31998
8232
15315
13333
875
2439
1
3390
39791
11636
8653
21501
8729
22272
5500
20275
13858
30705
373
4370
4494
3706
51496
11740
3847
1
7899
30394
4164
47599
3788
14110
21596
5521
9920
38444
19773
895
48849
10315
41497
10128
31310
5762
10681
6008
224
13637
24313
9
7037
2949
25635
6714
41606
1757
3185
21009
13237
3508
2966
9681
17349
41270
2649
15612
10398
59074
6973
6
2546
25114
10987
3270
872
2346
1
42181
841
6287
17228
40430
10397
6933
23929
7131
20466
3056
28678
13998
6684
21849
10400
923
1478
14745
1943
4445
5331
24616
34467
13933
4991
2554
33606
19752
44878
1949
978
12035
13420
29707
16897
36606
2425
2619
16227
2959
40415
10019
5264
15996
25841
5313
2103
17103
32189
1412
1930
7100
38784
4735
10658
48845
9875
21565
3184
4769
16209
2801
1749
39583
11118
13207
14840
14422
12285
31390
1076
4628
12686
33322
15429
43674
15388
20324
3475
31947
11539
27968
48767
38080
38426
475
34551
6456
24601
23017
31708
21003
1138
10652
17330
24090
33487
14002
10331
5478
6213
14819
427
34019
7098
9807
36878
19365
5469
8237
10730
1342
30963
13414
2553
15728
12007
1
2319
25922
7526
22051
18641
2482
7907
43591
4328
16682
34479
14314
11267
4197
35980
1902
1716
4828
27943
19627
11149
2764
5155
12972
30472
26377
15418
9797
8095
640
11120
2864
5376
48974
5498
8009
33054
5319
23711
5637
8506
8023
6899
10481
2758
665
4194
216
49463
39198
2906
33901
3
6562
17743
55750
11532
42964
7551
11611
22385
43177
7961
20497
27590
5263
23830
39125
7669
15331
3260
5152
51387
49752
17499
2299
1429
12765
11790
26264
7504
1707
10711
9254
841
14875
1910
13777
8698
17798
26792
55092
1334
5747
5446
7506
96
19718
5131
9727
45715
2776
1986
8343
7013
12961
28126
37002
23439
4544
25423
2717
5873
11995
20133
15
25
7232
20378
21443
3351
40220
33130
11610
3588
828
6446
35840
12393
1056
6643
38
3443
4579
7494
31246
12785
46774
57865
3923
16775
6159
15789
12360
1414
22578
13458
2724
3143
29677
6243
37050
19510
10802
3295
1016
15793
13279
8051
263
13652
2068
1939
2677
21236
20063
47505
20142
5789
3124
3648
5060
18712
5545
21101
4118
24156
28141
11250
9657
41939
3419
9473
4
22490
19371
12723
15099
41618
7333
3305
27632
849
13340
16198
27611
1367
26678
33413
16073
19752
3492
1005
33649
3151
15536
29477
6615
18724
1037
16065
2090
1274
7803
1782
26633
51656
14232
12438
3635
395
50457
9914
9595
4608
5930
9458
6556
25730
3619
8662
11898
24262
32955
11328
3295
6021
12787
311
17890
570
27874
9708
7432
11402
3333
4617
8773
1882
689
41842
33347
19744
51923
46382
3917
10623
27610
6439
25118
37620
12342
971
5703
54847
4010
1466
990
46968
5747
29088
606
881
1913
2466
6687
36749
43750
19886
5343
36229
2912
1129
18990
9384
12925
12470
3337
46816
3812
8470
5229
11356
50532
20996
3257
10330
4073
17591
25146
998
27691
4973
28902
24141
3689
7503
1595
19345
18423
33481
38390
22901
7284
15329
6450
7100
9922
8590
30970
39603
7697
31668
12698
22347
1723
11058
11404
57167
10498
14784
17025
2629
2718
20166
49021
3054
25763
7795
18445
10958
2549
28297
461
6931
11799
32962
44850
15640
4687
21450
11043
9762
3501
5117
3992
28259
8737
28070
24409
14449
3376
2484
1318
26653
9952
1444
59916
14313
9448
3068
850
50931
9571
15801
50737
10101
14113
53960
5760
2118
26749
31359
31825
17738
22940
8812
43183
236
3088
44214
2401
5392
33433
12855
4513
24460
19740
2717
9291
5451
55226
1587
661
17814
2330
4027
4465
1867
5378
7090
55882
8715
2398
14441
935
9589
36719
30444
20719
6754
10086
5797
13251
20233
17796
30
935
58923
8096
1753
1
28978
4969
37548
1316
1408
17743
818
1624
731
38181
5167
12300
8576
20690
21631
43378
1010
14661
4748
15388
1389
19
43857
14612
9629
16531
3335
9179
13972
3208
11231
350
18766
20517
24689
2873
21896
2985
2
944
23751
20835
1
27828
7603
4206
591
14078
50799
1138
6297
13705
22588
35843
13233
3566
9956
47581
7305
1426
3419
963
11001
5190
1288
28508
8133
23389
11195
41266
1050
7651
5485
2002
9975
4716
7089
29233
6903
4386
43614
2076
18308
44094
956
1
1
2
5787
31972
6862
48603
17669
7460
19251
17
347
1847
8594
31093
14908
24093
10940
2419
2454
12200
5771
5399
7500
2440
1924
56247
12606
15628
219
40653
5530
12318
26809
23394
9959
1301
718
19301
4790
33565
14182
20275
7065
26234
18543
5094
35494
2527
8292
18027
27239
9585
9587
22665
19092
25949
37504
5932
40097
34264
1869
58416
18
8977
16390
3618
1947
8248
13758
36241
1888
469
2375
32296
17441
554
23228
9762
1906
2477
28361
10150
17023
19862
6472
35285
18084
720
6381
10044
18622
613
4745
4
13899
25410
6895
1982
10363
3861
16640
14733
10869
8110
1508
12256
13606
36915
21102
23009
27073
3646
48727
2228
27334
5526
3378
3987
597
1721
7885
2689
10152
16328
33040
18202
11960
39177
14970
6688
42094
151
8927
13269
3153
58862
6500
1517
3479
55567
4929
37344
17128
14110
23321
878
34408
28802
1844
3772
6358
2116
7189
12002
2405
27770
3654
974
12916
17059
5701
1222
2730
423
23693
14294
1490
11313
11222
25846
28084
18864
12526
17875
50019
14838
1620
25291
56474
59769
722
858
31538
6080
3154
1586
19124
38906
12834
8100
29825
9063
31781
38472
24848
238
133
1406
23667
2637
43900
11461
37193
5226
5746
14374
19759
40174
14460
19
10708
7901
2350
7209
6821
12
5294
3226
29585
3880
11106
1639
2708
329
18553
145
22949
7033
12085
7554
7484
10922
757
24623
46222
1832
36645
3864
42831
33136
18404
30728
16580
15
24182
1362
20324
12527
6644
19833
42524
27
6699
58963
1284
33016
34954
33719
1126
4913
1753
6160
35217
31489
17
1027
7609
50852
1435
6452
26813
5717
40194
30551
6198
47341
5702
59347
41464
2021
56202
44633
1421
5314
4587
1768
2847
6843
47678
49074
6470
49434
1188
15904
32240
20591
35030
860
28574
6983
1160
12596
12725
39269
27329
38478
17440
16300
16869
20836
6462
2702
19200
22486
11835
7657
2423
10744
47851
4189
6825
18232
39527
3193
1396
9398
40344
47944
7827
22374
2102
40611
11273
629
2131
4154
1321
22227
12142
4389
13392
54334
7165
1490
7666
3947
5077
32730
4650
1127
19991
33380
11861
24015
6511
26783
14628
15868
13865
9560
26641
24551
30647
3113
38358
6120
5539
3780
25727
36965
20458
23546
4444
47858
14979
38582
7331
38920
28888
2091
18022
18848
14674
8368
20144
4265
6459
25895
11915
26524
6457
11352
5219
1371
966
18371
25244
8653
11677
1921
316
21443
8601
3019
22037
8056
1781
23881
1611
34780
1270
1353
2352
9069
1366
39694
6550
43789
8965
1364
46201
23914
13940
9011
2527
2257
2546
6074
57197
7829
22064
27040
28498
14485
1962
26079
47836
16762
19
4993
9465
12308
4271
6730
13958
11790
749
16709
11795
1190
4974
36378
17228
25220
14153
14359
9169
28085
2868
10345
10734
7428
19900
18
6186
39493
16000
11457
12836
10922
221
1040
21586
2087
81
3701
4586
28607
16041
13178
34759
2676
12744
340
22267
10701
1091
10614
28706
10139
25665
13529
3860
19
13484
9582
13336
7638
704
14426
13024
6141
3239
17935
21634
1493
18615
2952
3100
2775
11585
3339
1317
17589
4916
48445
52313
54286
16729
10711
8978
7576
10641
20468
30374
21729
53904
26460
24308
26857
19164
461
46286
20951
2540
14
16110
11384
13112
11245
24891
6353
5342
7816
5937
17873
7017
51553
14088
38666
8081
194
21281
6059
2555
42523
11208
16052
47422
53578
3083
11585
19401
11905
24781
32557
17077
41581
23045
61439
3072
2666
35199
644
51594
4026
28149
10870
20088
19483
10004
21480
37461
3673
4707
21549
141
4710
9731
6508
6019
22230
5061
4214
52328
20868
760
871
17201
22711
6981
2906
16537
6121
12772
6666
35050
6157
15573
3840
1664
8085
4085
8923
3828
8951
951
11225
45665
2395
19955
16085
28407
28717
427
5176
9588
23086
11178
18310
29099
4027
7154
5911
23896
7703
3732
2380
5441
3
25690
13529
6948
17680
18407
7457
28233
21187
36843
4141
26939
29676
34884
22845
865
1332
1244
33863
5657
4934
2963
51175
12463
17325
29580
15161
8464
8941
10380
6217
945
42687
24773
4
23690
12379
37146
21921
2786
6983
18436
9742
289
22238
4821
25089
1631
18506
945
11206
4559
4543
1
45860
45738
1172
3842
21208
10990
13847
1
17277
26077
17367
24367
2867
1292
49873
7562
2623
5669
41139
20967
2801
54974
16084
12122
21533
1387
29526
9
23190
2977
29726
5055
16405
33976
5695
5196
13275
25187
4711
25
6278
4776
7392
5605
12877
11054
3287
10042
18145
5202
33732
3025
16655
769
5693
13813
4243
44936
21017
11129
8707
9586
4430
1928
15827
24069
14581
484
51172
22948
7513
12452
2532
16779
30353
56580
25885
13152
4586
3604
5615
21342
4470
33314
3739
39219
16711
1398
13913
243
18711
50467
2259
14051
26044
26541
24372
15100
22099
394
21428
31146
10867
22342
36912
19383
6864
5
1674
488
3033
19282
6984
11598
29231
36389
30454
1606
5601
4218
639
5068
22437
9414
17528
26
7410
748
25728
2549
2106
11719
6259
19604
48814
12742
2960
18834
52723
10
24167
7466
18977
20616
6783
40184
2584
27353
760
1540
18826
24606
10766
3713
17498
4254
15319
24322
5093
12649
38529
4883
7543
6344
60077
9722
25097
20936
34550
10279
31839
4360
33727
29865
28493
10155
26459
13445
9521
12990
11323
14477
734
6769
19144
323
38975
7753
4349
1458
19217
20753
12522
9441
4510
29558
24373
8824
1
4753
18997
6412
47396
6849
33899
59533
40057
3242
4538
43468
12914
2086
12288
1558
29605
43001
4416
27013
7289
39393
39502
39693
9854
13538
16118
1778
31663
661
854
2488
829
4774
8697
807
7223
15639
16588
1626
3586
6095
36668
7635
6138
21413
5710
13731
6297
1067
45485
12942
6889
32820
13290
6466
6350
403
4230
41444
16867
3483
7079
1139
3559
14609
6549
3350
9366
23478
42538
7040
29545
7756
39951
10382
7480
6978
13017
43747
39023
4090
13850
36536
23384
21410
25623
489
7582
19602
11315
4506
49782
20671
16559
11999
4294
6961
14529
1893
10731
33258
7311
38351
18036
11794
17627
7532
6432
8838
2088
19313
46399
10986
9395
5439
11465
51614
6788
36470
11822
28847
9856
10505
6050
25461
7119
27695
28151
14761
1691
4081
3339
8130
13473
28807
3210
17504
8261
24049
9900
20662
10071
12483
15528
10699
13045
1715
511
13439
6769
19785
35273
35788
7240
40329
2
48122
33817
1931
24416
10304
21120
3588
2611
39964
17889
17072
11853
16727
20643
2206
32206
6777
480
49423
15026
20900
294
8676
18486
13148
4211
15326
1074
13546
3768
11590
7978
31477
2962
37425
3894
33860
29158
53117
20148
6983
8140
57087
618
1032
59011
695
31297
15818
48232
2745
14729
8291
7442
4206
47366
33038
30601
37704
2263
31261
7802
36979
46532
40672
14188
2724
1474
30113
33161
2157
17204
3183
2813
30892
4342
32210
35107
11526
43522
3419
1008
194
16720
33133
27232
35803
1912
1416
26879
39786
1366
28063
44265
12604
40391
15060
24483
1849
1771
41933
5172
25287
7549
4226
15729
24548
8999
26788
24385
16375
15132
4457
3924
7871
30021
32624
1336
211
26207
10879
3270
27764
6977
315
33048
19685
1725
16909
1689
14290
6565
6252
2612
9594
8242
10487
24125
1572
7732
32623
16460
40198
22027
23168
1
1211
13714
19358
23976
13401
2075
10589
6276
12890
31454
11380
9992
7612
15314
28475
13857
19848
17514
46727
8586
551
20828
33302
4182
10487
24534
23716
1807
4685
2724
20512
29642
20824
953
11823
4773
26409
1108
9538
12396
9664
768
1291
20805
144
28565
6741
17798
6081
8127
33756
21563
29577
32060
1231
1048
7063
59
6536
3224
5837
15550
6880
27089
8608
11235
6367
26407
19055
15202
8191
1717
25414
19
2649
12149
3734
1359
57410
34318
8386
23363
25162
1500
317
19861
11988
15095
23709
12449
20255
525
42581
8468
1066
9939
6584
2748
22698
5954
1381
9426
13245
5977
42056
21389
22367
27267
24296
8441
53978
2947
44983
6466
5639
47097
37838
22441
41234
6
1522
23662
39667
9361
18165
23186
11986
21358
27735
1637
8323
22994
3232
3860
1655
1086
16076
23383
22249
2
19251
10498
20178
3909
43325
1221
1491
1
55704
16108
24253
53158
3909
1944
29775
6785
19063
2299
8624
6638
14044
18168
19346
1859
5118
39345
6833
670
43844
9643
13847
45704
45030
26
4702
37241
33216
18202
2119
564
88
6684
35465
22360
33499
47058
13145
9495
30068
5537
20412
23173
16567
10381
20610
42870
24267
11
26306
24361
5684
32797
7127
55849
524
50190
6723
34328
7643
269
20634
9134
563
3469
18022
24002
1675
8192
17953
2653
1503
7461
16325
2317
20996
9973
3060
22176
28829
5026
46455
6062
7721
674
9744
4888
197
32485
7801
1714
14398
1108
1089
17212
7144
18806
17080
1263
9882
2589
8565
4037
29226
42610
2363
27663
706
5511
6556
1444
23163
16348
2937
14180
385
11453
10953
46487
49756
30636
7948
698
30910
5332
35377
11303
32999
3497
38626
4025
438
18702
24654
19401
26252
36524
1932
26990
15522
37337
24106
24615
3258
27545
3922
20577
26925
30560
5853
9668
5996
9224
15983
18708
60146
2357
2823
13129
23773
3009
2859
589
25754
1359
14496
50093
15621
12084
31915
3860
6189
11097
17089
3173
10331
2968
12718
8292
39270
36372
3056
35044
12604
154
16734
11797
3729
8932
10596
2494
5986
57805
7980
27192
9547
4993
5385
11900
9984
7375
3032
30445
629
40349
5253
18978
5054
11717
22540
4510
14914
18531
20225
3177
20042
16431
19411
2378
17329
6677
442
34374
12763
33356
12829
8559
8168
9023
13257
2075
5615
230
22803
3328
38941
25778
20404
17363
49812
16302
2281
14982
946
22075
7584
1
12372
2068
253
12183
11974
1475
7636
25779
22805
9350
22961
35321
46072
32851
28717
13400
15590
7287
251
16799
3032
4788
6659
32705
15045
34407
1561
60872
9033
24308
4949
5963
38252
40452
4227
24038
5845
2210
25808
1751
1966
45477
29593
18677
18970
6366
27
8787
22818
24755
30428
14372
43605
5462
17976
23275
43873
35442
722
18146
5628
26708
47502
1816
5850
23238
6886
22005
39769
4774
3277
16711
26528
32076
30955
18707
9062
29599
17503
4034
10600
2112
24166
3897
6832
35002
21138
1153
13192
30136
31143
21704
2298
23494
26163
3434
28546
702
11209
6156
31059
8779
329
7300
4634
544
14107
9943
47263
3081
19445
2961
5359
4924
1281
15248
19212
930
6569
2753
3300
41526
31811
10111
3335
27275
4
17566
17017
34176
37757
6276
4
55363
2739
609
37594
33683
5428
1004
14586
1064
8693
43743
2992
4551
27029
1
2909
16861
8896
34925
6214
41816
305
5331
13408
24947
4196
23290
30227
13072
9364
21708
44620
868
4458
4291
3028
23946
18496
33489
4363
30997
5118
19214
5210
10412
1793
13391
13182
13974
15313
22448
51031
23654
37636
21799
42044
17160
22891
20540
9532
4546
1707
30784
15095
26201
5642
6355
18533
1534
36136
13155
8465
3260
49003
1600
288
19536
13105
48462
1864
17341
51654
10918
30368
3092
13958
6205
20375
21347
36935
4677
29466
3431
8380
18014
6769
50666
10877
5147
4696
4605
18408
35276
39757
4625
1255
24396
9964
32105
7497
640
48237
7873
16070
578
19252
10986
15044
26275
42440
1961
11587
19680
12545
8770
22006
18090
30956
5472
4042
35576
39653
60278
2082
14539
25273
4289
7435
34760
9073
1189
21000
23377
8813
5182
1920
18709
61169
2462
21810
52818
17211
48069
38518
27871
845
15908
6062
7431
28959
12558
16843
7356
26123
1577
11055
26518
29997
9327
54939
13596
36462
36408
32003
7199
33474
1176
46956
349
50551
19129
49014
52993
8651
4886
20505
16867
9666
20603
3858
15987
34589
5434
3353
1217
49615
1059
32
10457
26144
5744
30304
11727
9349
845
37596
4476
768
1063
8888
13353
16942
183
26812
37362
4599
16486
4708
7661
30065
20405
6866
18695
38244
1315
6634
7978
24195
28042
33090
615
33692
15901
26650
1719
9444
2140
19232
36062
39321
491
1400
8825
6271
28316
973
23203
4961
28387
50214
12843
23394
32950
3047
28082
20705
27801
2807
5814
18388
31139
17730
12711
8282
20524
51814
21967
11502
15223
9496
6369
11140
6454
2150
8452
12541
801
21508
6084
40357
14594
15407
49479
34216
9333
52284
13248
1502
3628
57899
13208
1567
31839
20757
44279
9648
4601
6739
7198
7998
36316
13526
13683
10828
2459
25382
24188
14181
3269
4074
2662
4697
17879
5834
892
15270
4920
6804
39466
3608
38357
1867
3892
21936
23787
23056
7188
2816
2474
44650
15151
9352
10639
12241
12519
7855
2061
251
6553
39214
9830
19259
24334
54677
27434
17359
4030
1719
15492
13966
8286
9421
9005
18602
3769
57789
14280
10473
18648
14582
13886
18686
5149
10784
4837
885
14477
13632
15181
6078
890
425
8629
32120
6656
6
3897
2482
17696
27682
8215
29478
43362
18076
16697
31529
861
2004
8
8990
1913
17498
29138
4763
6436
15068
9149
30421
10798
7814
305
43449
2
13841
2738
33984
16111
4333
16905
7652
29452
4397
20833
53798
11994
15586
14978
809
11349
1805
4717
32251
3199
25444
6753
10432
14870
4090
1083
1311
12857
4688
31477
10926
3022
6384
6168
1893
21322
11974
46194
20735
8096
13304
44438
46021
49601
8597
30756
5166
5833
11191
12381
235
2596
33872
7490
2080
172
10369
4932
23364
7544
5931
37741
40380
14765
16000
5236
24278
837
19584
28627
7348
40598
3395
7533
27661
60583
54407
12283
2144
1895
19691
1536
319
16180
35772
387
26189
1641
4208
4271
31844
35733
10220
59581
6049
8579
11271
180
235
34766
10534
5171
13031
49536
11093
19480
10920
1781
32429
19552
13094
21900
11245
1
754
32685
16484
26858
4859
18191
56360
30215
2357
5416
41527
37053
6
5939
16930
14794
15340
8934
36365
35376
2997
1964
3893
13035
49595
6256
6331
3585
8972
24185
20186
27192
7724
107
18114
3399
38287
11007
7324
38104
30508
17317
26938
3414
4566
27683
17090
19575
11757
6904
47479
31301
17830
12029
18496
44218
9448
60308
25907
17670
62566
34724
19061
541
2796
10045
10961
45169
24568
39274
39903
4853
24109
8843
45389
12550
32062
1310
9149
47419
13293
364
33150
1499
4167
2324
12210
30910
4610
20967
34984
10838
43010
13001
7242
5957
27158
2963
24783
7026
24482
804
6978
35755
2114
1848
7200
15508
11534
76
299
578
12436
27889
13590
22040
5547
6766
31309
7782
39339
22670
6946
13328
27136
9189
6740
4996
19979
41202
2322
2890
3536
481
16370
13809
1572
35195
10157
33853
52348
12007
444
2634
6646
16216
60026
10038
22473
40
10135
3906
6948
8803
8009
47986
4581
27934
31450
42000
438
14979
12321
12187
15937
19008
19161
13735
1800
3
9917
31688
956
1266
5743
32871
12258
12883
27748
1295
653
33520
5854
26799
903
25309
24427
576
7713
44162
7461
850
40300
28677
9986
1036
24987
16190
4817
28762
3502
3030
17499
5066
15540
2880
24574
2089
9346
45592
16847
15953
18375
2543
56096
8005
17039
22255
25142
19843
15966
15268
15304
46761
912
27872
86
30598
26833
2407
22791
27806
401
20640
15822
3260
1506
18286
18823
36624
19653
1810
24211
32959
4826
16423
25048
5210
14383
13210
23023
8843
13523
1385
11654
9696
34471
5370
3566
31132
36762
52026
13
23666
1328
13303
10480
1982
8663
3873
2674
53850
13590
49531
52709
21685
1430
35467
17448
6334
2988
4434
16745
19886
3819
3985
17728
55500
23336
49029
45950
3191
13776
14913
7898
21711
43866
2975
27440
1437
2055
302
8912
1686
2981
423
5626
3116
727
1784
29715
684
11664
12457
3936
8599
4771
18401
15619
16199
8551
1656
2397
10160
19997
21745
11325
18295
81
3943
14058
14855
1748
645
11447
10997
35798
36768
16190
12264
8870
43882
1318
44822
1220
33910
14483
1563
5433
1899
22139
28280
12129
44187
10882
3595
14546
21020
41529
16935
31247
10659
22702
3159
8526
43900
4073
28277
11065
1
960
6894
18239
15136
9006
5610
25286
36161
1289
710
14920
27597
8717
2632
40721
3842
26224
2064
5493
49640
62407
7020
27101
270
9046
17665
25406
1466
9430
28022
3793
19556
24781
3279
6406
19645
4124
35501
31360
16818
11751
47159
35020
3202
31385
17985
26013
3543
13807
16988
3083
6438
44070
18519
20989
53403
14800
14657
17220
3326
21245
2396
6996
15116
3460
19263
19158
2299
37047
3391
44138
33781
53414
4689
19516
2624
120
18549
4215
3306
15437
3765
39299
19706
41867
1181
1383
31610
794
20588
2950
1155
21923
29873
620
37305
12912
4664
12005
13151
6794
24649
22704
19463
8910
6530
8301
8796
13444
28119
1490
2505
3765
9010
40495
3062
2966
1557
3619
22929
27025
1860
5161
6896
38003
13898
36435
50065
16982
4643
1880
7872
8148
35007
3296
22804
8943
7
35013
4490
6182
42290
7220
5942
32961
20147
775
53682
47716
9059
1778
11952
3687
28492
3893
10717
25043
30630
1859
20613
31540
11406
9388
29503
9496
17934
3553
11666
20666
39405
18981
926
3141
5235
7007
2990
6198
363
12983
33824
6584
887
2176
25600
34177
14683
24742
483
12
20689
6428
48167
17018
11767
1758
48373
2762
38336
17904
2299
43087
20237
28088
27121
58562
1953
20780
340
4176
44690
9446
8262
11660
24689
14755
9774
26499
580
14688
1
25472
13198
20925
17703
11792
7114
21159
1622
10885
34821
30732
39472
50142
4077
37033
6981
28065
912
8185
30841
35629
33418
11415
7816
2705
28296
1543
5665
15830
57042
27035
8066
6210
1545
9090
23512
9937
35217
23947
25915
10455
50421
1822
11083
33298
20362
5102
19392
14640
23394
13443
24298
3694
1763
51767
7415
29898
8145
9794
10591
2509
37514
28054
4
19993
17280
50657
19053
8499
944
17287
17117
8045
13261
2419
44124
18000
13954
13579
17
37234
2065
26328
15030
57025
30878
20666
1788
43688
1784
1181
23409
126
19744
10801
14599
6654
23119
43455
2984
4781
29287
35852
7475
16806
35425
50025
4881
60892
32708
3993
13479
21978
994
2088
21816
30934
3331
30068
1365
2455
4227
8738
1
19428
33099
6979
18378
2525
16575
8987
1816
49347
28391
25729
25032
5513
487
4061
3610
15338
4269
3499
25339
49542
7314
56523
761
2335
11821
25267
62704
23300
12773
964
22899
10200
23061
3016
42575
25609
4859
27093
29112
7141
45787
29499
10021
15480
12538
8155
2261
6548
17648
25790
1019
4019
23758
35342
25277
44555
4953
2536
4562
310
9075
13282
5356
14318
11171
3756
10752
14170
4681
9669
30980
8063
17530
37095
9703
2287
10754
8062
30531
31901
2208
49630
27752
18918
9418
25843
1639
31
5727
9522
1866
12099
22448
2
7550
13592
14619
27623
13649
42293
14180
1863
43772
17127
2588
6863
28024
14189
711
17633
4880
12578
1186
6082
3447
17641
18763
19981
70
18868
12326
8522
2459
1519
12641
19170
10430
35430
16782
35502
11812
3222
15130
14629
5707
23859
51997
38597
5896
22
5371
975
16546
6635
1190
17375
7596
4723
1776
7788
1768
4076
751
52071
292
35664
32011
2759
8069
30448
44712
736
40090
12547
8736
15305
7149
12031
14196
15662
2246
3501
32766
22371
293
19994
1423
34485
28073
1
42668
693
1221
34180
20442
2424
771
5283
15318
17839
883
12613
7431
9
1679
3350
2388
2145
9839
24801
7816
15698
33601
8568
4609
7282
2
17581
3153
10405
577
361
7514
28088
45693
31906
20188
37506
6175
53326
3968
7926
2344
57152
6607
4499
4702
5079
14727
13302
19469
23374
31690
1301
18396
22948
26737
9339
13475
2206
11157
10312
583
9100
2900
24910
27113
1485
6847
26416
13470
7527
6943
33247
4841
25182
5207
8284
8797
14350
3904
12171
13009
12517
22686
16964
41624
17780
31837
26739
17966
685
32656
5875
570
29660
12288
46911
22040
42011
13650
2811
2717
1933
11696
10605
4451
5383
35479
4401
6139
9740
5579
47876
19576
6614
14637
28211
16743
2906
306
1775
1183
15309
20179
11146
11251
15683
5021
366
27116
26170
1437
13270
6164
1513
30963
15241
8646
5694
2601
799
32215
498
3166
24451
1553
14652
45586
5664
9371
27362
6602
52215
7810
945
987
43119
15419
11705
9659
29378
8896
4
3683
16807
12937
18720
43
7955
35387
2089
26874
56556
1652
52790
9352
15391
12941
792
39756
3895
3694
49483
13
10189
27441
22630
17726
10419
5376
17222
3967
13900
9174
22979
21244
4695
3631
12396
3215
6087
4034
362
8499
334
13456
31015
21575
14538
2940
6359
52048
1341
28328
769
24307
46126
15200
6847
4471
12006
3799
43678
8334
934
1
10517
7013
6564
4771
1541
1665
13603
49554
31799
28771
55736
2100
21488
349
22149
2543
3662
2356
7192
22719
11539
47114
2144
14773
5698
4681
7506
26193
3344
29253
17354
9493
25767
4318
29946
10417
7008
37898
6095
34957
12528
5156
21045
41521
10153
2454
2753
45852
21232
1211
6750
6517
38554
35257
22736
15257
20469
17778
6158
13117
27993
38836
310
1183
2735
3909
11671
14254
21269
7850
18168
22942
1599
23899
3334
2633
33238
19186
37589
25458
2707
14609
19506
27
22550
20021
24013
3791
6471
2747
828
3124
14199
448
7
51038
857
457
30440
12053
2057
6395
5417
16483
291
9199
8133
21199
29674
710
5493
4917
13309
9470
28386
26315
24378
385
2489
17599
31198
21642
30159
18260
43088
23246
8801
9125
39435
22299
1965
281
8089
14317
3924
1584
28565
20912
15463
42290
3758
2735
11161
11995
1927
182
25433
23176
9890
49167
1077
1388
19384
7588
25778
29574
6712
13048
1969
7498
15425
20605
19785
5983
12497
24688
50966
9975
1613
7134
10347
20770
30063
24170
1189
17728
1666
31483
3139
1881
13957
8550
3499
509
3927
16501
1606
2003
9427
6146
5678
2171
11939
10748
16947
22079
4347
9670
6808
11337
455
12102
30599
4564
21723
44641
9398
39969
39009
4020
17722
16847
1
41133
919
27925
8183
22414
29446
2816
29758
22948
7921
18126
15989
8641
2114
544
25239
3046
19057
30336
4116
17082
912
664
15857
10750
2010
7272
6864
48427
26982
20201
1737
8123
13014
15952
30851
58292
3179
478
11611
10347
3127
6909
2524
27397
5876
11405
867
1731
2369
47949
43862
29389
7358
5644
794
2625
38636
10690
10057
28496
1832
18340
3133
27525
1810
51182
1
27289
32160
1551
40269
3538
31934
48006
923
6196
28539
22876
15001
33096
5237
1540
30376
1480
2756
58218
51419
7389
57046
125
11636
1607
17942
8285
26737
234
8564
30678
40173
33669
11
364
11
12732
24954
39552
26996
12732
5313
23148
22108
13924
22557
6526
51782
37
8598
563
14210
2147
12954
40396
5317
23065
2516
16566
9174
6111
20782
33314
3476
32132
12354
30788
32872
19374
21742
34677
33193
35490
21131
1186
7178
5245
10218
4231
11033
17267
28480
22713
26209
16753
17325
17177
8621
7973
33296
791
10530
7484
35707
28750
8132
14418
32288
9888
5336
21537
8004
9689
25765
10138
13375
34579
20080
9703
2565
41587
9045
569
7711
1326
5586
4563
29686
32323
4290
11299
51153
10411
18609
7871
21918
20138
22539
9004
7444
52584
1857
2367
1
17433
50809
1304
35971
19807
42831
9886
20
1490
28406
21974
25405
3894
1269
4376
13562
16696
1810
18739
11075
11635
3687
2329
14038
13313
54750
5966
856
13574
7229
1416
3994
1196
4253
5293
36651
31399
4028
29595
32166
7763
4
488
23522
13970
3072
12577
4875
16289
293
3645
3767
31223
16097
12039
11204
3757
2087
1
578
4251
8094
12119
7757
19553
6298
5072
3184
40832
17123
15119
27373
25355
37609
30295
18058
2348
5805
2262
15050
8615
3177
13757
13218
15196
27814
27012
3332
6150
1855
7186
15427
3403
20638
29478
3262
21434
37759
9776
16819
12726
13285
23414
8352
7770
786
256
374
1462
4187
1103
3610
39078
22884
42340
1992
11197
47947
38531
2805
25311
2490
1383
17302
47877
23183
9412
648
35005
33864
51615
2200
37116
44532
83
8154
35419
31410
45886
14361
1198
1453
12367
45431
15405
13542
42645
8826
23836
1953
9374
15990
55696
10835
7004
21756
21017
22320
530
19338
896
4506
34207
405
22813
5461
18190
16965
9598
18606
19017
15168
31761
11226
15145
16251
7437
11164
3638
44062
21080
11
1016
32755
5957
16817
11814
5441
474
8317
26206
20942
1315
5636
898
630
22334
4214
48629
9875
10520
34073
6254
26358
40504
3714
31332
37299
40571
31
45416
48813
20344
17245
35598
9199
9139
14986
7286
3388
15155
10457
29165
22024
7846
11090
415
29252
2390
19202
1840
18042
13032
2681
8405
9492
1254
29351
24409
18458
5645
17878
28980
2728
3174
32401
6666
2233
20599
21592
5087
25761
8177
23883
13543
25298
7240
59648
6181
7310
952
29725
11784
27674
9477
25042
7661
40673
2608
3723
17704
17027
6
17667
5562
11485
24591
32873
7128
4200
21015
25601
12328
2050
444
1223
11985
21610
2926
23676
5987
1456
20008
7557
29770
2508
9
17050
3897
41306
7916
12550
1941
503
10835
8513
3944
4030
46842
27226
44149
5254
21060
14027
35160
23280
9668
2739
29
4543
25522
10026
37977
11865
49618
26939
4405
7706
13232
10282
15369
44808
469
32210
231
21891
5305
40528
53963
3963
17143
19026
2615
19776
9478
3528
15354
42060
13915
1182
2780
32599
2360
25509
3567
3402
29469
2630
6441
7174
8473
41881
8821
2867
6550
23321
2325
7282
5127
27846
7504
1095
23920
9118
14976
19034
51273
14971
5429
9457
3665
1111
1974
10627
11580
12258
5053
3701
17965
53770
13593
40135
16757
14617
660
41134
29221
3579
30254
8
5107
8349
56988
31803
5705
5311
1858
22535
16546
20332
13144
6667
17710
14165
29934
18700
242
2042
46013
42746
10202
20720
5351
17242
1501
34524
20432
7173
22077
4567
1218
59194
17226
51928
22058
22730
19856
41557
7899
2497
2848
33915
15709
50389
15432
2482
4298
1
41170
3332
23453
58757
36121
5415
26780
3987
19795
55182
9
15644
12553
39076
24317
3264
18396
5780
5107
37822
33314
26661
1616
7515
7055
5148
1906
754
27854
20071
37173
13485
18767
4104
4816
47164
4320
8956
19958
39852
25552
983
4678
25801
34039
23042
9471
5891
38
13128
6345
10278
16125
6983
16979
18516
10782
34704
1351
8583
3620
6872
31319
23354
19599
7024
1223
38907
21313
5313
5950
11793
12705
11764
34067
12477
5252
27001
17809
15652
41197
16427
6065
54550
3248
25750
18658
7932
28249
12937
13809
4459
14323
8477
17579
7189
18527
7671
5119
38850
6257
19287
1175
23146
1162
26438
29063
11124
5648
1962
4631
834
5250
8464
29272
3471
24058
54311
32422
14543
6549
16076
18191
4370
19577
9670
3943
55380
13885
3578
20269
28472
38805
28642
28523
7122
27812
1475
7972
22190
4614
40802
9814
44306
3798
16651
16469
45514
6445
60
21122
8898
24643
15130
14608
1754
6667
9330
6379
24820
13588
6285
55580
1
4225
4974
3583
1047
31368
30969
22848
2504
17008
4867
35843
12218
2709
10541
2546
666
33436
2584
21025
3181
3299
15329
23241
42651
39882
39117
18068
8850
4007
41423
31437
1835
7873
1584
31443
13334
1097
3151
800
42722
20405
24877
2875
9670
835
43592
24564
22503
30118
3241
1625
20114
7571
12298
8194
6626
6043
23333
5531
16398
8205
1030
13922
10325
43830
22322
9494
5360
2978
28545
46537
22214
5093
3523
37125
38743
7290
14483
43015
26166
32457
10854
16751
22146
7705
15259
16565
4540
21056
43080
2345
12306
1084
28998
12074
21192
23216
12897
11633
3831
20192
1
7664
1884
4307
26645
30806
225
13762
10085
47891
23243
11983
16001
8288
5523
32663
6521
45420
13047
5322
3475
1
3828
22593
8979
1901
41604
26972
45991
3256
13738
9086
19414
10014
1145
23117
3501
45826
12424
30442
16885
14587
5826
2279
18233
29455
19004
32709
14306
10448
7180
536
9630
12860
1938
6690
2444
39259
27332
6158
23950
31354
1936
20766
9057
1377
6
12703
8695
14804
7995
20121
34356
43810
2431
9870
40637
27282
18982
3637
18882
1285
14337
10740
5736
27472
2031
16856
6903
1537
22363
47674
20489
2554
474
6715
4008
20642
2543
23131
5952
32337
45507
15016
7695
30375
21843
12352
6799
9983
9086
25947
5603
15327
509
8694
11545
34421
1793
2576
1782
15128
4401
33189
18951
5201
52221
7421
1944
44959
12271
3445
22503
19390
914
5875
965
35660
3586
23178
35939
11408
785
32782
6059
27677
8378
10738
23590
16276
9205
39490
20664
6607
32654
2184
16436
25432
3105
3415
35976
11864
10719
13024
16327
24604
10428
1583
14302
280
13313
12147
23268
14353
18191
29668
3051
24874
11560
5277
5151
3551
17718
5030
30074
44392
2044
10668
6000
8897
24923
18493
8888
23070
30942
2933
18652
15984
54837
6403
21347
7219
5656
5538
3509
46040
12580
18796
4366
30234
13566
20802
5764
31603
17764
2197
6117
56455
30393
28873
47264
59500
44723
19234
10008
44278
1770
3156
2583
11813
3480
1313
35582
48792
6604
12478
26539
29149
2712
8202
1
15970
2877
33192
22630
6037
36674
15453
351
4615
13753
26871
19110
7213
22165
13186
8406
52589
4169
13103
1
49071
6079
1127
14014
17708
38238
22862
15734
33356
7584
12923
19994
4742
35623
9585
5433
32932
12555
1957
1307
35491
5303
23153
42159
19947
1300
31805
11347
1312
49948
19175
14313
43902
4093
7022
6371
49419
24478
3820
53078
48615
48176
32058
23853
7696
19642
33937
20018
9088
21648
18035
4291
5486
5264
11387
37546
13983
27794
33765
20864
5426
12620
8028
27952
14902
6636
2866
1354
33876
7986
1091
19466
7003
697
3269
17813
10515
639
11696
23432
7813
39864
17443
39865
8551
25139
13076
399
32621
40115
21286
45975
38575
8242
6482
12103
26462
8474
25173
9595
20368
9524
3520
28210
27760
31835
26552
40524
13270
36644
10710
20563
42113
11596
31167
25720
47424
28923
3012
25088
7042
17613
7120
5260
18320
4540
27190
41246
41153
22307
16914
52253
16018
42252
8138
6963
1011
11985
18581
27789
21214
16390
260
9013
2935
281
3392
16304
842
5030
23361
1063
4895
1720
32346
21353
3366
16769
10973
5298
40432
9956
13088
52587
16323
4668
8904
6176
638
393
43218
59080
1681
5018
3654
43095
8325
39
14789
12789
10676
490
15399
54632
31898
598
11655
12429
17716
17226
13517
4538
18802
49140
25265
1539
4903
28
28121
39560
22549
3080
15642
10013
23579
6432
40195
2981
32742
16210
4824
6935
5696
3993
7447
12302
11129
32642
37501
4213
8819
3186
1905
9811
4460
21881
14671
19367
52611
1756
24232
2499
10759
438
5661
1455
719
3373
25045
10138
18746
22758
24540
1878
17436
2432
8969
34985
6540
22788
33428
9381
24256
33280
1048
39083
28120
17197
9929
15941
54682
2001
2292
20996
429
2954
10049
17019
1905
23191
59401
14152
2051
5399
4155
26164
39424
17976
35092
11800
3787
586
8363
22860
53302
49623
8308
19636
17460
16961
32727
41870
2582
45080
4057
40788
7209
12329
6107
1335
5657
15911
16265
36211
3378
4718
12833
36118
1403
4276
16835
2062
17287
28409
30570
7025
4004
25660
2071
8647
5843
37145
35878
2749
30629
783
30746
10571
8820
3640
11005
38162
42629
33457
5644
16812
19508
29284
19436
19981
23653
21245
23665
5
2212
33149
6425
2371
234
21710
15974
5683
3590
25681
1
1015
40885
25315
569
200
6079
17889
460
25
3166
816
19683
4001
3529
3870
6521
1469
19888
11272
7412
4420
14421
32710
16166
11406
19192
11697
4224
14015
23551
31791
26115
18231
16760
46147
10414
52503
1302
13800
8509
12054
28426
11684
20270
30967
232
30395
22116
4029
28351
14884
28626
233
6453
11803
21778
4096
9359
5131
21995
35417
165
17445
19910
34116
6683
13393
52075
12386
511
19183
84
20859
4904
20362
17769
2494
19560
2846
4540
20079
50730
14585
37204
55032
5202
21940
13400
22300
14647
49761
46636
1958
20819
17626
50533
29278
513
18064
11400
26086
18993
11589
36521
29898
5853
1200
5921
34179
22099
29803
18286
29030
5751
9416
5010
15398
23141
15831
1865
9398
25891
24324
2153
6867
1221
27391
27127
6455
20719
7759
50505
13695
5776
17
3475
33094
15443
14533
39981
17345
38019
10388
26148
7431
11392
8009
976
12029
638
24326
16148
11344
37123
7
37433
3723
23356
14645
12147
9005
123
7321
30015
31155
3697
35353
11333
15977
1701
5911
39017
296
14989
15766
34546
11257
51794
24694
2069
6336
31796
4281
26207
2867
20989
42607
26315
1588
23789
34418
2791
5699
2354
21864
3010
6428
2307
28554
14658
7062
5140
18454
18563
13305
1207
13135
1782
32388
36678
3906
29629
439
362
39306
196
9694
5025
44862
9760
18621
23841
14690
4659
5363
22247
50853
30383
13684
4381
8084
1348
1205
3843
10605
26795
39082
2260
16019
23269
1164
39490
20692
4
23584
187
23480
3090
11730
28156
1308
513
19850
9878
605
63
32273
11423
6609
12703
14882
27934
7657
40522
5360
55757
5001
10631
5256
24626
48870
26481
48470
7864
20967
24923
2261
3940
14672
3074
4018
25912
3861
18431
953
36213
47013
4660
6672
2804
213
47723
43338
2710
30143
37494
3565
29505
13629
1055
4254
26986
36327
12943
512
9412
51158
13998
27914
8520
32602
6251
3128
16444
6196
45368
15857
20286
10143
19943
10162
6095
3518
12880
11031
38522
22667
2710
280
13016
10826
13401
7793
13007
20118
47515
3033
749
18967
1506
48274
32931
38757
26257
10290
31563
5086
2278
45096
37676
3581
7401
46298
13284
1110
27816
50303
335
6862
4666
6857
20144
27781
9018
2610
743
18549
308
19615
10846
54422
2763
4324
15505
31950
10460
4985
11938
14331
5716
1614
6977
19530
6706
2459
2872
13473
2137
7459
13717
24457
3884
11297
765
12875
9054
20579
7281
20106
4179
25658
4080
2302
2416
18669
20342
17546
26921
19942
11591
40000
18208
10142
18537
2927
45145
8377
3802
378
21022
38842
18977
22
23349
21990
21178
53818
6271
5598
14011
18078
600
49702
27023
3166
17077
46193
22588
10390
24752
19644
4766
4533
248
16604
14132
32820
1196
19540
4034
33128
39978
24118
22853
21453
1150
49173
14240
16194
41189
51736
4891
13503
20572
448
15542
719
22118
3171
391
19322
21351
2830
8533
33356
25684
13585
10048
1286
4527
2274
20190
6985
34789
2356
13322
1988
27054
6892
313
1341
33460
923
10965
868
4524
2186
33305
28557
34220
28470
1112
48328
26709
19145
3113
17386
2544
18372
33339
1982
10660
8337
9089
2756
14928
284
3661
34592
9964
24159
13290
29939
242
47949
6390
2993
4852
1165
21595
8088
3496
30512
234
37304
6442
7478
24041
7388
10785
49395
41249
2099
39230
45633
2942
11084
47479
10805
20795
20124
14092
10101
3494
7033
18610
581
11219
7140
28657
32968
44456
16638
48039
12875
54604
5377
44301
14722
7975
59021
1126
11450
28187
30792
17704
2495
30525
8348
8586
28543
1367
15068
4834
18752
17240
894
37423
2280
30138
2429
27667
1263
34425
2431
958
2216
9974
42493
52833
24469
18231
18350
2099
8582
1023
35561
11194
13028
4749
1202
21214
755
17423
17140
7845
431
39405
8694
37397
44979
20664
4999
33904
48089
26493
26523
40172
6669
18006
1204
26100
33177
13827
28001
3666
45340
30028
835
4217
24142
27438
25761
31862
13570
24807
3616
44911
32828
36329
20112
30399
876
5179
23176
2188
614
1450
55911
47990
1328
7708
1966
10161
4041
357
12684
5302
27582
20554
28619
3319
4724
13160
16232
25478
44769
49283
25418
9047
30763
371
10230
12446
13769
45767
17193
7494
1860
42487
33207
49705
33313
18
15650
494
26358
35290
8446
3842
23186
10279
30996
1
39087
46667
11251
23258
12539
6949
35721
47317
18771
10957
8354
18524
14153
29571
1609
4257
8263
27173
37212
14194
15745
819
17307
4452
38
11546
15490
55454
195
33067
29666
35934
2613
14896
6028
4696
1424
57372
17235
2904
48165
10052
8
24506
22788
14988
1144
821
48967
44985
60215
16193
1996
12580
24222
21049
14201
2724
20957
22870
9188
28882
8844
16921
31252
57686
2130
16009
6744
426
1547
14988
4587
4081
22733
22765
10
17
44040
1
42221
13619
49499
27919
5021
1886
19083
27
13165
5715
4860
20580
1599
24338
18999
15265
15155
4223
7177
6173
19828
49223
36290
30665
529
14032
21113
32552
29718
7383
6043
18937
8900
12319
24906
21921
14151
2470
52277
16203
28951
13930
938
29430
22304
50382
29841
12528
5901
5995
39043
52726
28363
3307
1648
32964
33638
3324
1707
17123
2699
37692
514
3493
3176
15769
6941
33677
17012
5152
28697
10653
3872
614
14197
10529
478
1756
3932
10694
1731
1794
13847
4495
19449
10134
16134
5787
2109
552
13756
26712
14169
22877
10840
1251
10734
18325
31193
18356
2675
10988
6187
10591
14182
34859
15440
25613
845
12443
22661
214
3854
18802
22505
11640
42268
10579
8255
1521
9008
6792
21113
5794
5257
919
35431
1817
1637
17
4731
16615
44581
396
45806
18544
16586
45852
51980
18
4618
687
11346
14477
36873
13084
806
21084
19835
12180
6894
1
25228
862
858
765
25851
1535
11109
4785
3042
9084
4710
18836
4714
2745
22013
6423
26822
46519
35061
2118
30523
24528
18148
23199
9265
2339
2348
15891
10747
33849
14749
2279
9
6738
1263
3123
2146
2152
13703
2299
340
5659
10741
44527
26184
22140
31458
45271
486
27436
47080
30996
27180
22372
7322
4010
2336
30888
17722
8
2663
48121
4851
4465
5319
35335
9211
9418
17400
9554
37138
35738
16758
41948
29751
13
34206
19400
13386
32813
15164
5442
4708
761
2
5161
7650
18338
8963
7410
24895
21906
6263
28519
4034
10685
12146
36026
6
51885
20652
9788
735
3566
14359
2167
5192
20698
8712
43491
6039
25421
52066
11728
33672
5750
19566
3175
21017
4809
4597
35705
1295
6579
10959
2538
29565
23864
49057
5645
24266
16839
34180
19065
27226
1086
5144
18064
4152
35986
8562
1436
39543
12209
15005
26713
13817
33084
11224
8352
39210
41264
26726
20769
3290
14792
722
41545
3343
26741
12755
6219
17718
16870
18594
24056
9614
27620
47712
7381
43894
26857
19153
5085
2850
55045
45119
18012
8082
5672
2071
13840
67
6383
14247
33224
6514
28553
30147
8258
27563
2962
17540
35758
14572
8545
392
19752
4899
20727
36941
38213
16418
6632
2642
20605
30727
12095
12194
414
37337
392
12930
15505
12440
16708
55756
53678
48437
468
513
21799
18788
511
253
1865
1062
8192
21372
20581
5287
6020
1723
18680
10582
22139
6037
8098
45117
23333
7762
445
4507
6024
5465
4583
10518
2292
2641
18802
25048
25096
22308
3242
7095
28683
22944
10408
49316
24316
18752
3073
13994
23121
25389
29403
4064
10453
4440
5
8306
2990
26451
54193
22285
2684
21793
12478
20977
5993
22701
25736
10345
20391
5973
1619
34134
4084
15072
4962
9427
42629
18190
2185
18105
52220
37626
47444
13604
9286
30576
9128
10957
4043
33395
45464
17764
8092
28378
18149
31118
29752
18692
21975
2938
1147
6991
4604
16741
4658
16037
51307
5467
16955
17629
34981
2685
783
13624
14089
27143
18803
42977
23900
29312
42471
2451
44336
11749
21890
6615
46160
1702
25
5913
18465
1778
13687
19686
32407
25465
46524
59104
33216
7338
12952
2744
2129
22228
11984
2651
7952
6502
7970
29213
28782
10936
30890
31903
11255
2841
27299
4792
285
202
948
15948
38946
13940
3560
8249
28359
2282
2102
8504
24972
944
19278
5091
7550
25713
13896
9262
1986
3744
29790
45095
30756
36117
13203
32876
3333
6840
32835
19510
1347
34370
8227
60705
11551
52828
3403
32705
24416
616
26882
7673
1254
9446
40129
51100
16357
29483
3217
4040
29801
26566
19586
1267
4737
553
56759
46616
394
43195
10608
7070
38701
8337
38929
16675
26466
13226
10632
37435
2885
1
26596
109
549
21036
5039
2990
33558
23445
51239
12730
17214
368
1349
14096
15680
8445
2293
5777
34983
10566
3489
17555
5218
21984
2296
2283
6649
21994
41318
14085
701
2991
20378
23532
5886
48800
1168
7234
36243
4248
17083
50992
38111
3049
20360
20187
37880
10944
38428
9332
26956
33266
8029
11108
37203
8216
50877
477
437
1796
23453
23250
9779
28552
18053
14990
18011
8528
25788
56036
5980
10143
38716
17107
1444
35213
11358
10584
48821
16806
2546
1775
18055
5348
6875
616
29733
16170
23341
539
15286
36707
11333
26896
22529
11625
23746
7731
24439
7397
20557
25988
27134
16259
21774
12922
13316
20258
34962
2431
2824
543
6282
27949
26142
29255
38390
24510
14195
2266
1105
436
10216
19799
3276
1063
10853
36732
4749
8319
6517
12424
29808
5876
22043
7224
19376
874
4198
2126
6393
47827
24659
41181
316
31189
10
7469
37979
58788
6332
25850
190
10506
171
33131
1971
17430
26233
3205
2720
35255
11
24232
331
25052
50433
21333
13487
17518
411
17698
9625
3679
31049
18047
37962
9009
19954
9083
6663
2865
11300
15993
1136
1281
32068
17588
1860
12434
7620
14310
30428
14674
39132
5894
11894
12069
31940
12399
54411
24913
29527
11729
29508
13751
15217
42013
15210
22747
13322
33132
13158
9410
13720
28710
10752
3895
27187
10869
4310
14411
15722
12428
34109
6081
11404
23129
45885
211
26708
5281
32554
14361
30363
27324
24620
35911
12643
17304
54609
17176
8869
8165
41124
5053
12484
3502
854
19807
4012
49788
23668
5042
11618
16655
5697
11803
1761
30371
45412
2085
20029
1681
15835
15742
5209
2522
10024
1684
916
42616
41892
3697
15814
18034
6464
25342
10874
18401
7203
43864
2852
8089
40627
4604
15708
7571
1735
29432
37
9663
974
7336
4487
2538
3393
22589
4652
307
19801
12444
6218
9605
6839
55214
17473
21660
22
27667
30537
37794
17608
10662
23250
3188
51485
4131
25196
2091
22047
16350
21612
25287
4322
27027
16770
26854
655
22161
10238
6950
12477
2180
8295
17470
55204
37272
21547
27817
27832
42151
32769
2296
10196
36157
30157
12783
2266
5644
13705
36342
9722
1411
15
14545
1747
390
32245
31374
40631
4278
8696
7632
19290
5400
25940
4532
4564
12081
39597
12104
2892
18511
28462
53680
36359
457
1408
19536
4309
49364
20610
3961
4280
18333
9050
8067
26170
13750
1098
13191
47435
5
51128
33543
26713
38121
2786
14740
32382
28637
10115
7101
50057
38273
14826
14861
1590
43906
9823
842
20927
13100
18360
8908
20574
44558
1326
13286
40110
6188
12380
23292
21354
27643
26289
56736
17877
1951
987
7
40240
3007
34440
1847
971
32579
40150
16715
4802
58921
21224
28636
19660
15241
12816
7125
16931
396
16531
7111
5461
92
28053
27257
9960
21402
24876
24329
27610
21000
4403
15122
3838
17311
24249
2105
2858
27887
620
19084
1933
4806
12168
28885
28210
10902
11044
21069
10907
292
23785
6196
49324
16833
1422
11222
7699
3249
9
24291
9144
50244
31621
14626
23652
20821
26553
719
6832
29504
29747
15797
19017
699
4651
15688
1021
5488
23252
3967
36850
48166
41404
326
33928
6280
26371
5440
30545
16880
7019
10617
4343
27458
6487
6920
8298
1533
10396
17892
20377
13052
14133
670
7844
21910
5612
807
16861
25809
33104
10192
21836
9202
8689
30327
1115
4691
14496
27255
20258
4720
17676
9805
37397
1834
28563
51704
38984
7465
15216
30834
10276
19866
3432
29337
17891
9179
3934
7880
9042
14383
36705
9769
7980
934
10446
5277
7845
8326
14166
3342
21433
7826
1734
13867
16234
6578
27465
17225
8858
45769
6836
16858
3763
6459
9049
688
17999
53471
15905
12960
2332
41325
14583
22395
16764
18093
6535
132
9702
14951
2146
15866
367
5593
13439
24307
10001
28143
50426
45791
27162
40591
52
483
8188
51363
15126
13768
1637
1317
16546
4273
2608
1180
31348
8818
7610
2225
8956
1106
18812
40458
13995
6824
2
51174
17499
9944
18548
1088
13315
38967
8825
22465
7440
6276
35241
840
21724
15711
33632
16096
3466
3691
24234
7428
37910
30417
33971
16867
8640
37609
50437
951
2606
1232
6746
11303
15189
3652
25592
10573
4090
44845
23362
17832
37170
27016
1082
15653
12581
10367
12824
36130
52157
13586
6654
7677
12037
15323
3906
10294
6914
16899
25150
34784
13306
31563
28890
34137
30426
19095
14344
3269
5342
640
2555
5720
10911
23756
3132
7139
30133
5887
16406
4719
13146
410
10380
12335
3521
19061
8581
2954
18145
4111
32780
2886
10624
41186
12406
55572
12197
12094
530
16967
52997
4753
6498
16024
27439
23445
20556
1387
20138
9993
13895
2960
11652
20914
3412
9975
29012
6760
21094
556
24636
3407
13128
1478
7461
9130
639
1791
5694
2374
12703
35703
8979
19109
13127
13264
53346
47037
43941
20811
5859
9204
39109
400
7005
17069
24541
42561
6967
6523
21513
6903
528
10649
11955
33519
346
503
7002
2
2268
11348
5617
7947
22721
24573
21945
29324
9063
34271
2807
4726
14167
5922
2083
8442
33392
47957
7805
40069
5926
1778
28991
18841
42725
4775
44193
2251
6632
42879
2788
608
1112
13518
55088
14
3493
4864
13582
8113
39019
14282
11773
8696
687
5715
26535
27570
4092
41381
13851
28041
24599
4611
17457
8969
5306
2631
635
2826
26789
3546
26995
18897
607
17255
3518
1445
2096
11985
4787
2495
1553
21221
4346
13647
2827
36341
28419
21340
2277
7069
26480
12059
2640
4646
2692
27697
18571
14366
7460
5670
2111
1304
2373
15198
11562
9908
30097
9799
10564
12989
34773
17167
20394
11570
45227
29182
16164
34784
49323
2279
28427
4912
5008
23535
18088
5328
261
19860
3090
4517
5419
15612
4172
25593
22763
2692
25885
24031
8778
14446
313
6913
12162
871
1483
43767
7453
7233
27509
42454
16298
8935
45068
9135
17746
3429
56560
21773
3461
694
17508
1323
18334
28401
18337
13941
13441
34351
29185
14139
12234
31065
33628
1283
3413
3262
19840
17014
3285
4269
1304
876
47705
18356
28057
27937
3146
46836
3997
24739
4
36222
11528
4010
40395
54789
8664
7541
44667
17829
1082
5246
13987
4837
2880
25050
487
31304
16611
19274
11383
860
4176
29983
25016
24114
8163
37779
14273
53632
12273
9677
11624
283
18724
6510
2427
1774
5167
39259
48488
19999
42372
29805
37465
228
2554
32888
36315
34091
17196
2560
3348
12534
13136
15369
13480
3888
26376
2415
6624
9377
2638
16015
46522
7890
38219
58572
3018
1577
57081
8816
13394
504
15998
56740
18800
4023
10820
5536
3905
4720
23558
9873
11190
29220
3597
2656
5917
27
18682
20273
1143
4611
37159
24470
29578
41713
14991
7658
828
14437
4457
29633
9048
53751
13402
8
12228
2517
27173
51545
2523
8950
1310
5753
15325
24573
6082
14899
30218
2756
5413
1027
57893
9893
57589
7689
33379
4555
5866
4002
9759
39974
2420
1148
15293
3499
4459
5399
16525
9994
12080
5416
9490
15511
1775
40419
403
25706
40646
15710
13664
18442
6140
5672
16585
27517
25739
30587
9092
4662
45618
1137
4907
3424
5149
2791
11009
15687
6414
2222
6234
40307
13048
1366
30867
25592
10143
13068
33
47092
42141
14671
14201
18043
4727
1397
1919
27779
3330
8820
10481
26774
34821
4158
20855
23696
898
15024
33584
5700
52768
3218
7260
19911
2834
1500
14743
8764
15685
5959
5397
10307
6887
18206
17400
8752
9777
11525
7965
11591
44825
749
18779
2520
18189
2906
16074
25880
2820
38524
5895
23359
45023
19276
9508
8575
4374
1433
10205
13031
1371
9838
6917
9878
1234
20843
15884
9441
10801
22916
7267
30311
39549
6455
25497
6556
9291
47717
33565
27241
8776
13718
19152
49997
18975
1007
38370
5838
3504
4
16043
3520
20329
19103
251
2787
3
3114
2990
641
17787
26539
24411
5273
11198
6310
41505
3785
2571
16898
5821
4919
4905
48596
8070
12771
3288
5066
50605
49878
11715
38
3092
3130
44309
35580
2118
29991
17119
18337
401
27527
12886
4701
27647
2371
942
31775
4276
39098
7139
25872
21841
17137
9338
11459
2033
7324
3620
9536
18101
7398
1587
4089
1685
21776
17763
264
6575
13389
50911
21675
43718
10062
34429
21116
49893
4964
31736
42904
3191
6
24000
17178
546
54290
58443
34620
1416
6476
6823
34177
33134
4478
29416
4017
3933
1748
16463
9296
4643
10040
28158
14059
44506
5347
41151
37672
17758
8945
1
1179
1079
35625
21460
45184
33079
38876
46506
18295
7915
2755
11757
13785
7132
44227
20935
5961
30778
5840
10070
22750
14628
8659
7427
36700
1122
3817
21748
4712
2564
10635
8729
33153
1362
11543
2316
4078
3835
1081
1
20291
1299
6661
10869
34336
7273
13171
11700
21902
40
13030
18729
43560
8682
5240
6339
1998
2951
14642
8553
3216
23047
3489
30381
3163
12536
8220
1957
30010
23190
7746
6488
2431
30682
158
14603
31587
16163
5393
1383
16
1
3300
15302
29055
20290
22037
13554
5697
25281
26655
48341
14842
44363
35346
11761
2056
3998
481
5881
1479
13749
36643
11660
32017
51478
5987
3952
18610
48816
9
26366
8494
21268
6940
9927
20850
1559
28839
10891
18985
37213
12390
885
9919
14209
27781
12006
9618
10740
6861
23589
45097
9657
26930
15482
26740
12626
13541
6368
3648
2500
10362
23
4
46266
33744
33985
33626
10289
30412
28004
3388
3684
17181
10360
28219
8165
44299
2460
27560
17386
15352
11347
50314
3543
7231
8480
12433
10510
2611
39941
13953
15864
24309
1661
21573
3735
17927
11191
7145
9649
1620
12431
36551
31325
4980
11369
38408
12441
28448
49834
9730
4516
19211
4992
38750
10801
10124
3821
1176
1941
811
9453
9021
18420
18546
5962
7643
7963
313
52785
24356
18520
8
14883
5
21363
22976
2987
12399
6449
726
38796
6013
12378
24357
10769
18575
51200
3709
22957
7245
26895
2161
11551
27868
4259
20056
18201
27
637
55507
10311
1815
19535
13553
4767
21266
15392
14209
7626
5208
38278
26166
39393
39757
1
4410
8672
15038
15574
10856
17895
4171
29520
252
7040
20685
3772
31724
28935
6346
13627
267
14806
15297
24280
13894
26527
28174
10664
6207
4526
42739
22972
4856
43667
30069
20
8016
7080
10860
57526
15889
9909
3645
1143
9121
12259
4575
35366
12228
4990
55904
33452
2705
5447
3040
12723
11934
35867
33761
8406
8111
6493
33085
34758
10968
5
8685
34211
17176
22997
13953
6757
30051
27903
20684
502
2633
2028
2376
2054
6593
7439
16272
26745
1941
14928
1235
483
10452
41919
3875
1011
9222
4667
15598
901
17905
4154
1248
30587
21811
5312
11684
31056
28760
4001
6246
5961
12860
3703
798
38235
143
23060
12135
5498
5477
28385
38153
10042
14785
57660
27887
21076
20285
10439
46833
4900
41909
54075
11045
56418
12150
23896
21687
20007
24640
43487
14721
37112
1623
25589
21747
7011
9117
14825
54697
17920
2366
25997
26501
740
39419
21822
58920
4484
12460
6222
55067
148
395
2307
26148
22291
14926
1941
40727
28813
9617
29937
19902
10989
24155
46023
1751
12114
19668
14332
3325
37261
3486
29243
15131
24369
14656
22969
20641
20706
23937
11715
3294
1055
23096
12677
2646
1729
53013
16013
33153
10772
5067
4165
4939
10331
3910
1838
15053
8442
3020
18816
30979
8047
9158
21956
14281
2229
8000
13864
10493
18307
5526
670
27758
45565
12511
20803
37560
2595
9758
15636
27892
2939
46646
26527
3020
4153
3759
37773
57649
5179
587
12895
4601
815
578
47841
30281
6090
5038
7558
7464
12343
12684
36831
12377
9120
14980
11585
1132
41182
268
44743
40756
23968
3898
31343
26246
47275
13079
4077
23540
10490
1692
4295
21402
45117
10
19973
2502
33148
31027
21633
17791
22790
5215
1051
2410
26293
5897
53240
1445
46
1949
8256
31858
2955
15764
17154
2791
5336
1952
19498
345
27562
25650
22601
18382
1957
18315
11471
19656
41044
4988
2123
2283
7794
6988
3
9371
27633
30178
7952
6864
41019
424
324
2091
29224
18253
7933
692
18592
7208
8007
6779
2923
2420
31858
6233
9108
8794
1148
39751
15432
11592
7532
6749
8476
9054
20788
11479
3927
17335
39852
5814
11220
11198
15756
21777
14920
11558
14811
4415
49723
5056
1
7230
9175
17403
23850
1326
26984
36087
5888
8664
5652
10416
22106
28920
13789
4570
1491
11
11435
18645
8480
4203
4791
13365
18120
20807
7799
6723
5920
16
46275
976
232
7495
29246
18595
11106
52374
8466
43234
41246
5822
2201
8253
2386
2606
23597
2471
4500
12535
8025
9048
57377
18638
20221
3792
39023
20538
15050
43087
18952
23139
30479
26744
3252
15259
20309
54811
42452
13891
20183
4856
6798
37816
13534
5024
25665
720
21427
4439
29100
371
11500
34920
28813
4525
18811
889
6227
2244
16481
8707
27688
12466
8738
38754
20440
9786
4707
31021
2939
5815
36483
38245
46579
3064
629
30540
2583
27931
6244
2077
24608
15727
10935
6484
11073
39443
15306
33564
16145
22485
4496
31911
3552
4951
17564
17142
18111
11654
28601
27220
12467
3805
3203
22034
48587
5454
5605
25508
23907
2288
36574
4548
38998
3344
6651
51832
28308
6429
12136
4959
22171
56774
30785
5343
5076
14460
659
16966
23895
1473
22116
35896
4089
746
20492
20914
7783
34707
18400
7627
29057
5143
12871
57219
42835
17676
17836
17311
30501
2553
477
40313
6220
19909
39959
3882
26802
27396
20168
376
3160
7124
2062
277
3825
4022
18815
591
1631
12280
1652
8148
15866
9708
2701
3863
22997
11695
36643
8066
10077
20994
39020
1211
9536
40839
16528
3728
6686
2764
2614
2560
2649
613
20362
1648
20502
55147
34442
39567
28339
10306
34792
2318
12772
16803
1875
17819
40967
14506
4377
5906
16323
6923
907
14899
3034
26613
48368
8475
20
33441
19206
26959
19466
27001
5783
3098
2017
24417
575
4794
49
14483
10354
1615
4054
13851
23266
518
30624
1048
48707
27982
7484
6446
22989
49441
25189
13938
1769
10016
7134
562
21558
7567
1586
28050
878
13175
41250
1643
8606
47716
15694
5127
6
9200
12556
13504
19504
1878
21619
5221
2026
1
18552
1538
11861
8690
31046
20344
4376
24644
1009
22342
23736
4124
1601
2059
1640
5411
4577
2059
12697
9350
39854
31
19499
22417
12212
13828
46202
16025
26208
39566
36940
8206
1922
2250
25163
11728
9586
238
15337
6218
4850
9351
2023
20911
7241
1938
25798
63012
3004
19586
7333
2204
35807
20626
34176
37058
56751
1090
7328
2107
23871
10694
21680
1782
32687
42735
21718
4039
11683
34720
2893
30106
11632
1764
16702
26959
1607
1433
35282
17620
56871
494
18244
49827
10119
4203
20345
3608
5701
512
33702
24264
16705
12062
19833
68
63573
10339
3310
5825
6681
23426
18130
11155
14791
33697
6335
9752
8669
171
11191
21581
106
12699
2004
11084
26369
8366
7499
12550
15002
26397
23990
39156
39494
14266
11555
670
31208
22965
34739
14878
1898
870
42883
19298
748
2318
7742
45062
55774
14416
27640
19522
635
38150
48011
5759
5193
2482
7255
21277
16423
1
6527
15675
25873
933
19849
18277
8371
15002
26565
31933
9625
14797
2962
11109
10252
40939
27231
41171
11802
6309
483
21784
5684
4875
24157
2547
26987
35557
18569
8916
2454
5218
9614
20729
26919
18203
18221
15242
19293
2252
3316
49541
8073
13308
33811
26915
12638
54364
40872
16442
716
44040
36869
22012
2876
1
5267
4111
5926
20275
1870
7899
16724
24663
43032
11582
21025
1726
5315
11873
36025
1950
17448
1372
54161
7292
1086
23523
5187
1170
25304
17855
3880
18798
3339
21001
3953
14871
9542
28239
18930
8455
2073
1694
944
33032
5
28431
905
4108
4232
14343
16462
1958
24941
33151
32341
8097
1955
52675
4888
2954
14467
2094
3413
29457
4800
9819
10524
31954
15951
17917
36067
33246
3019
9158
8086
6634
5871
5691
25364
20870
6876
4015
18252
26209
3196
33176
15939
847
9836
3707
1819
9634
13448
1169
23321
35997
2522
38875
2243
16779
4066
36444
12072
20943
10180
2652
9835
15417
5036
4177
2682
21749
307
356
27241
11757
7802
19937
31097
7043
42261
11668
18903
32114
14506
8366
7959
50083
3544
8583
13327
15840
7543
16719
39558
8052
3356
2152
10097
3931
4677
598
10292
9758
6560
9004
7412
48085
7213
16623
47188
37728
10521
8678
16055
4183
793
42618
3326
734
55433
4126
29223
3171
23715
31607
29207
413
24353
8534
13794
713
372
14229
3725
37062
14184
12422
7309
8322
3488
3608
41820
2555
37956
7285
619
47888
9473
56212
4047
382
8
22112
286
32585
40954
6172
15974
44692
26635
10456
241
29393
16044
36125
17367
46328
7586
20870
21695
19550
45697
16767
20156
12881
8584
4095
9876
849
6822
16785
2966
8777
995
15581
5494
1767
48626
3399
4613
1657
5445
5973
2365
15226
12732
59
50194
9931
6706
5377
18678
1657
1223
7218
13114
27670
19565
16603
47442
39777
7226
13052
37656
49011
48893
298
1973
47416
11091
7
16191
18542
1151
9568
7927
1156
30903
2455
7837
60887
36236
10085
3170
34918
21490
1873
41926
2352
9787
15335
12175
40394
12770
11670
18839
8952
13701
16006
1860
451
10348
16830
21018
20711
32110
31876
23506
8109
27819
10341
27241
9043
1232
20697
17108
9185
710
30229
27409
15564
33869
20726
11052
24785
23436
42215
18952
864
2107
14604
31328
9662
18302
8019
5368
17410
13362
1205
13232
33607
13295
10352
16478
1859
558
17354
14143
21490
49904
1489
5198
30717
18367
4243
4310
6694
20793
18532
5464
16502
2937
9558
2246
54202
9957
163
17863
22766
28
2086
6615
18438
2298
6064
23464
2
8154
30180
40430
3199
614
2618
11002
21194
12708
16944
3600
29777
25279
1304
312
35372
731
1575
550
9817
9139
6362
18996
15118
286
19679
48647
20489
7723
11146
1176
15611
37770
3783
19379
1315
13250
24780
416
7780
29425
48273
404
18420
28098
2572
35564
4164
3710
2775
20659
24660
22277
2
5084
16609
8983
2870
23580
3508
7460
24927
13983
6370
10138
44333
2510
10606
1896
7921
11150
19791
4684
1837
15458
42796
38537
2068
7455
8554
2548
5716
12805
15401
214
7930
28522
13750
2708
13193
23755
22975
16532
24669
10207
20672
28255
621
14312
33632
9389
36124
21861
21497
39931
13499
9048
12282
48842
2617
15515
11188
18727
10387
29082
13091
4411
3
7500
23130
6078
17451
13493
29662
45031
14278
3833
53557
15432
10859
20376
26951
517
20678
13483
19242
30140
12460
36795
19940
6031
40823
9591
9579
4872
21020
2796
21312
11969
7343
12074
1559
20555
1846
24072
9957
8319
35175
6903
2572
2243
11008
22283
7554
11435
12255
8017
3992
4472
14029
38917
3632
11412
1553
9787
3434
17586
8313
14729
9995
28037
11043
9135
14231
5255
1596
1005
39076
5451
4
6062
1950
16789
2346
5021
2981
2709
23478
1024
4632
368
13449
1516
1739
10361
12425
24600
12058
1553
17104
35725
49398
9925
463
3803
45938
19592
27711
3653
12667
1903
25537
3816
18111
7193
2411
22263
551
8354
5231
33873
16469
35669
16649
2574
56930
12075
33727
598
10301
437
15502
17543
13001
42054
7584
6147
1254
1186
13024
2644
38187
31920
13644
15622
21503
42856
2443
43327
2019
6587
29559
2650
51525
11055
14384
33825
7934
4969
10883
19193
19088
769
1380
13011
7397
7790
3476
4666
15488
11063
26373
47423
20577
1370
358
6676
57842
3182
1812
34997
38523
16891
1519
13574
6259
24770
1726
17619
8408
1952
9502
302
11521
19243
50302
894
5574
48132
1169
1544
55111
28621
22575
9965
22759
411
43555
43128
9680
6547
2399
50363
3046
13213
32259
1
6928
14899
34959
12612
10136
15944
1472
53583
680
16092
6501
51477
9754
7547
16120
4031
13010
220
492
5367
18116
18964
1790
12660
1483
15756
33210
46208
56220
4775
34514
37338
7854
24777
10736
15269
10880
33133
56454
4465
4795
5638
2471
50523
2890
27962
35967
1526
699
691
43371
25734
18462
35270
5439
276
38599
15463
4291
39608
1781
39975
11570
6593
5014
5360
2674
17200
12495
1452
13898
6997
1687
42029
38781
27048
19321
13174
14069
1795
32970
15025
1471
15596
29075
22567
34416
45506
46068
40437
23684
13022
1491
9582
23720
29951
48114
991
16409
37195
20395
440
7254
11186
18634
17746
819
724
1962
42998
14257
4233
1681
30506
29993
24766
7400
2539
2596
756
25534
20270
11981
10630
30350
486
1707
35524
21937
3057
7031
2600
9715
3181
9420
7611
2069
1414
25350
5733
6906
15015
48717
7790
7407
20973
21395
31009
4724
14004
5574
31288
842
2638
6
22888
1908
30946
18464
95
59051
16639
13770
36637
1062
9728
976
12247
2920
2030
2900
6284
10809
4237
2766
8647
53105
36718
5852
8782
6015
23614
13478
1346
1687
40219
21949
23764
7741
26941
942
3784
3672
27124
582
852
33478
22558
13314
17354
5357
51
4761
23052
1650
26318
672
2498
2175
23696
7729
9709
20049
44004
6793
28184
633
4258
2799
46411
21426
244
9945
25445
2134
12736
19494
7655
2437
5
28355
18663
30146
1
4633
8328
21698
20111
4513
12828
15463
11042
7171
31248
22488
6049
39955
47541
20659
16442
3209
3217
857
1379
19082
3722
32000
20592
35202
3290
43614
13932
16226
3284
17428
34798
16364
3873
39333
8382
9769
27032
1375
15304
26106
6437
3629
19070
25151
36991
15523
17454
12316
37547
16398
19721
7250
9049
13313
18566
34154
4910
9453
10220
10470
28318
9010
40410
6821
4693
31704
10822
34179
4711
10939
37876
15
11465
37509
14384
6218
20
37455
17620
6078
5948
5782
20983
5352
16979
41316
19603
5984
31781
11032
9452
17868
45719
4807
5256
21835
5172
2394
47585
2947
1323
2241
61700
19969
8738
7668
1598
24274
3591
16427
19332
26394
349
7604
39701
6239
429
16371
27938
33366
17823
7547
22780
58792
10177
18398
400
15652
13103
461
3081
3144
8507
21942
20624
11469
9348
21311
4791
40287
39444
20283
4113
35236
2167
35893
23669
35427
5575
10390
17189
40922
19970
11914
23197
4469
33790
25506
34822
10758
2025
17419
51016
433
5455
10793
606
11448
19280
20431
1236
4964
2955
3178
10154
8887
2847
3
16633
12508
2992
8235
2539
3841
33664
38589
21543
9080
17729
33
41595
51476
5799
12804
2529
11375
21472
37641
2082
4524
15765
1471
9014
3767
47301
4546
38803
30533
4190
44656
30252
2770
44346
50491
9232
8299
16701
12499
27845
3722
11041
11252
26
44250
36785
1033
12932
982
30543
7753
21016
14024
7349
19109
1
31891
901
29015
11677
9356
13640
10161
1418
6204
9137
43714
27000
25259
33208
1913
35688
15921
6207
25642
6570
5833
55692
52119
47586
9857
21212
18813
18479
13300
10784
1655
641
11418
35158
17900
31618
7510
7847
7845
8371
20167
9337
3486
2871
22728
2669
17259
534
25911
18551
22456
41568
3743
29971
6620
7422
15038
1951
13291
4707
7085
34236
25299
1558
7703
9651
2285
17277
24393
22154
21432
24931
6366
40422
1222
39752
35451
42375
4128
88
13883
8436
16170
12102
9320
44698
18914
6535
840
732
29627
14065
32611
18297
18001
11027
44723
739
584
27521
41402
12715
18547
6881
6235
26643
55160
4785
2591
25130
26907
9078
8011
21986
8934
3481
4283
4321
8734
7914
18335
8365
11415
3345
8876
19886
3652
9740
35116
21940
8545
27175
3603
2598
49966
9733
13822
2022
22512
10433
31501
17468
5946
29413
15023
44464
2126
8
6050
6929
1146
23369
9736
11876
6427
6628
12929
5085
50627
5527
16417
28008
37098
19428
50224
26913
7617
21940
34526
750
13011
42099
79
25974
6186
32689
6707
19256
1217
28339
14423
12195
24857
6821
6053
14672
15
2598
13403
1628
8031
2811
6584
682
13150
25163
49219
3308
3608
3331
21821
35161
43567
31466
1589
39227
32453
35079
22227
30708
4536
6752
8836
347
2251
12337
2562
7548
20786
48801
2222
15679
3251
6113
11185
2727
24630
4698
56084
9351
8900
55376
1666
13958
13491
463
13525
34945
12833
1026
14861
511
1593
5179
29824
1386
5436
21616
21969
10174
5037
31935
13508
1201
13760
1008
13900
22440
34017
4936
6768
4565
20920
5740
20481
998
19694
16674
7859
3314
17767
45363
8547
26848
40517
46977
28726
36329
5161
15095
9866
11550
7233
18891
23212
58965
16271
9918
21301
21214
15281
1955
32074
16412
37003
7149
30941
22676
48485
8474
7383
27401
11934
28622
12047
5
46187
53060
22488
22874
373
8760
19746
5355
3866
2951
19125
15451
26590
12774
3105
13211
27646
22506
27301
30343
4435
19272
36125
1726
16498
23126
1730
1106
7880
9419
24448
17617
3773
22627
927
26829
23995
7777
16832
733
36243
5779
235
31173
27587
31759
30796
2857
21122
1202
39606
23161
2310
50070
33230
1366
51941
804
16723
6058
1876
15640
22331
35493
41652
13117
29685
20
17399
8506
15849
6901
7283
2349
16830
2928
38910
4138
13729
1669
16136
16107
4918
6352
18013
42547
4692
11706
952
29039
6178
5239
34777
4132
32536
2189
414
1770
54848
1384
32432
4
23606
20288
7323
7944
14245
45739
10519
29751
9968
3704
2112
36983
10808
24682
5325
19854
1871
3105
25999
16387
23940
7666
8295
24310
6296
3271
6780
6315
18642
8164
19199
53128
1
13001
25528
8192
15910
7
5087
1
22192
1986
11502
10327
34195
10447
12972
5839
14971
14216
3970
4757
5112
1396
46347
1219
10436
8373
1199
4350
9005
14491
5325
13630
15413
8436
25036
2785
3918
9244
12732
23133
4861
27724
16635
10933
12809
32800
8888
45859
6018
376
4959
51925
15117
4158
7003
32526
10413
1971
36241
12664
11225
2547
16279
24849
33447
1
5017
42328
12018
18697
2280
18950
29603
2018
7330
42002
8495
23496
23920
2777
2238
33907
5483
50337
1216
4458
9017
9881
5378
13550
3165
15055
23986
42223
9
424
55505
31382
481
4017
15917
8540
16964
19517
15227
15521
3387
3398
21817
48220
17127
1956
10393
22284
27884
18585
26902
1033
11
16740
24144
3800
7984
22750
7617
3818
349
4582
1181
30661
1453
24275
1464
1842
2959
40449
25754
20315
557
15222
8
6013
4959
3130
9848
2125
47859
1368
8232
1558
23330
4216
895
27631
52524
28047
27814
43110
18361
27387
13129
1493
16475
33231
26123
14627
10443
26317
42485
36132
7988
230
12644
24694
2
1016
8489
12967
23407
11655
28765
12783
3604
23054
48146
7182
45802
29138
1
12861
5560
642
28514
26094
61663
23541
44325
23844
19903
10191
26259
35793
33161
45730
347
3437
20893
52271
4956
9767
4508
12264
6357
7506
10776
21179
13378
4798
36704
361
21744
50077
1121
7628
12354
752
2401
32508
17374
1071
1396
13033
4649
2959
22429
38579
4547
3605
19626
1345
34367
1454
6992
3769
21935
37782
9484
10709
3947
30109
43865
2676
27767
12192
1370
11489
7928
17050
21770
4380
10485
69
20660
1597
3952
1220
42549
15347
3431
29326
21577
11125
24972
6335
2893
5669
24641
1961
6911
1142
22797
2207
1612
7600
14285
7595
40895
41203
52895
14479
22195
29568
21147
4879
36976
17227
2675
5747
37473
1535
3392
28861
17669
1647
48340
33704
33119
14809
784
18035
22592
859
581
11229
25820
16389
15472
3957
34866
15668
37453
14436
9241
29986
26892
728
10884
42389
4333
19574
1493
9226
29441
3537
11250
43550
2746
35793
4367
11282
10279
828
12285
30575
5913
3861
45759
39340
49953
4823
406
45437
116
3877
21599
14000
25642
1532
20234
8377
16610
30786
11382
21128
1447
27979
7660
10174
35305
39442
15606
39008
19498
3504
1185
25225
27341
42252
5767
4993
35135
3495
26287
31982
3828
15420
802
3947
30610
5397
7031
5666
1142
11627
17193
2071
8968
12765
1952
3404
16637
22548
2846
1782
41789
7057
17994
15988
15647
1724
15506
6666
5115
2772
38753
25243
603
1962
9860
622
20108
12231
6076
6413
50340
1194
4217
16505
9288
2932
20842
25175
17256
54138
3665
24745
13865
19876
932
40087
40390
21036
49888
43978
829
7861
22545
5000
1568
3401
22538
9213
1932
14320
2842
3258
11692
14608
22585
1371
5821
31685
4530
33911
2066
21240
28417
2239
10383
7158
20068
29399
4050
8476
13973
30850
4397
35328
50492
33825
15190
3028
6730
21467
42478
199
9727
36052
27197
51503
15766
18302
22753
27690
16182
10876
3284
18174
18790
11423
1427
2070
19348
17933
13559
9158
27713
39436
841
32590
33524
22110
38683
32997
2646
14360
913
6888
12633
7233
592
35454
25615
1808
3109
20033
43768
15199
44302
17039
45020
5835
19010
18153
2641
18238
1001
8666
4947
5518
1104
33025
9618
1280
7672
2010
17627
44328
23315
1909
11
29504
913
34303
1
13202
4471
22067
6476
47224
3038
27389
24569
1386
39174
56561
1443
1519
19146
11222
15974
1895
3987
5954
19097
24567
12950
10072
49705
6108
31592
14544
39773
5158
8229
10293
5281
5544
52713
17210
53491
15396
5460
4888
24982
12992
1
17532
16804
37118
7590
26392
21814
21276
1230
758
5521
46365
11763
4651
48841
4477
41447
8704
18838
17922
11165
24657
217
4310
15822
8430
2495
15757
21561
27004
11697
42023
12938
10615
3254
14021
20936
57322
4674
25006
14495
9031
23268
2156
7548
9005
10092
19562
53544
14098
25570
4720
25342
27923
14336
37720
11792
49995
4829
335
15695
4943
13152
16582
14823
5902
19799
9854
3771
4076
25806
3860
15225
10568
31273
9295
14376
1438
26506
25378
14930
49995
31104
4972
7
1281
7264
764
8252
22354
426
18687
14029
997
14578
28065
6224
1276
52508
17112
984
5453
11565
3376
9984
12277
3758
7833
5514
40363
59052
4066
6994
46463
41557
36814
4371
4688
9208
27142
2094
13076
61
961
1219
12867
12908
32275
40166
14118
1910
17155
19342
22751
2664
18217
6659
21
26280
22209
27148
1514
2
7177
41178
5464
12269
4515
9888
4034
477
5319
1617
8549
3512
5329
3145
677
1797
3966
1453
8439
16869
34287
3474
42309
2166
7888
16518
5463
26215
16560
13159
27294
10292
4555
1734
5190
14206
50486
57595
9077
24328
3728
10341
12375
8063
20827
13086
18847
3811
21660
32591
5602
26151
12689
4183
10097
37085
9322
2
9538
870
26511
13127
26984
16453
769
5557
3759
40801
550
4933
10433
11950
562
48310
14036
25588
42329
4566
16964
13521
29799
16994
28929
870
29549
3085
4032
13374
43563
15318
1766
20593
25091
40637
2929
5420
18245
33283
7547
2499
341
4902
2965
15712
32862
38872
10131
18458
44494
17893
7833
10152
38365
57561
16974
26784
9330
8744
1137
26535
2424
8972
32998
4705
31188
12128
28103
18839
53063
8409
296
16651
31488
13017
1698
29245
20954
37043
6825
9481
6293
16067
1973
16180
39991
24531
44499
1369
17466
540
32329
20812
2844
11871
18013
29130
23122
6608
27529
38504
1663
5921
5272
22527
4333
3076
8509
1823
1453
4466
1487
30031
6235
15336
8216
31427
15917
15638
15286
4341
6146
15672
15714
16407
6497
7042
5049
29180
35417
15318
33563
5539
25285
11433
12799
13462
12668
4362
2320
31883
491
26752
15867
26899
978
6459
33250
2631
8881
46267
19638
7736
39664
13749
21160
17017
12531
1420
3198
20966
5076
51550
912
19363
9963
15054
16910
18926
2449
25479
2957
2904
1835
2871
24461
412
1113
3126
19313
4385
21053
23671
2850
1960
971
37857
3064
2435
21
5003
33825
6142
17748
3198
8483
7853
13685
643
28546
20317
43397
1186
15835
4710
48171
22292
8463
48504
12038
47979
3429
39465
11086
233
17747
2047
7396
2084
24252
32445
1572
13
2972
44081
4072
10109
7565
1096
1198
5289
27706
22847
7893
24005
32581
3397
3
3555
47594
17413
2167
6771
47117
19362
485
4559
12118
914
9874
18384
15732
21486
3388
18124
20400
3463
5507
24
43555
17467
12652
9873
8891
11353
11031
7563
4438
18342
6087
32188
1686
2155
19774
9506
10330
19771
17998
25507
4483
2
11974
17201
3239
26301
4001
26631
678
15502
36808
4157
29698
1236
17225
248
822
10548
3554
4232
21924
1519
34113
3169
31189
12631
10370
14560
16807
6495
8047
38725
2358
45446
44934
2395
12068
5555
47858
15286
15130
11526
4593
17491
10743
35716
18704
7963
8259
13203
13975
29075
10549
4206
55082
17224
35347
17422
21723
23935
14312
15368
28875
922
12511
50089
28782
4653
31953
18347
9506
7798
9890
25265
18746
2739
10100
37307
13072
55905
6992
6974
2398
5613
40540
49297
53086
26938
15492
8090
18913
11603
16183
17566
1596
