42066
2226
1446
21158
28168
1704
18707
23049
6276
34468
22414
21141
9790
21835
37294
5762
30712
3767
11295
18044
8978
40876
20612
4827
5712
40044
8213
50524
7790
17620
10178
765
25528
11494
10462
23031
1236
37471
4248
30917
5918
22864
11153
57253
17113
21914
235
1165
2155
22349
8902
6584
14267
39897
20
58031
3197
36735
13786
37645
2895
41953
47693
19919
1489
15029
39932
28108
6995
28468
3799
21375
23990
6392
54676
1609
5849
31
26724
3835
43626
7252
56459
10588
21265
6542
24884
7442
9442
11914
1055
4878
18894
12744
29843
2583
6170
1002
6069
9768
33973
7447
3602
503
5409
389
11557
12269
23949
50355
21884
11807
43783
8194
7750
4907
7277
6868
3020
38226
13912
23964
472
49798
41352
31188
135
8540
53157
29451
6867
39475
23754
851
16706
8587
299
514
11593
20468
18480
60355
20291
4020
24466
13906
30721
7714
5274
40868
20957
59875
6137
19389
10766
30416
26717
286
2561
10466
25641
25884
10436
18151
6948
34458
19693
24769
7029
21977
7743
28018
23699
232
17980
24468
1099
21972
6839
5879
884
10985
29523
1105
2290
16039
7440
10078
34074
34222
29286
11222
17861
10838
51062
10954
705
46407
214
36604
44082
18847
31347
55673
30947
44325
18262
30347
7609
28597
16531
39576
34055
31697
32622
7558
19095
16991
58702
53306
5760
28372
9873
15748
37234
9639
4833
11827
31209
50327
41103
21891
1205
6779
69439
3782
6968
35511
5985
350
33669
15618
63423
64911
7107
1033
791
8150
28780
22438
9466
12940
32774
40712
7037
4179
9136
636
15914
62700
10181
30788
8786
53069
14104
28824
30161
26549
1526
46372
18385
4912
24501
48314
3068
25999
8126
22013
446
9090
40026
4758
32289
9494
29698
26213
4341
7412
16247
30867
3944
13414
1042
16329
20805
2893
15919
67668
2481
3486
9025
19040
4297
5651
26276
48590
22868
56376
82
5830
22566
2436
42177
14744
24163
7300
15513
26537
36046
15317
3256
22040
9382
4026
25678
8483
7353
5363
25877
1749
7076
431
7589
23768
15695
15033
381
3073
12793
27322
47672
6676
48655
16871
5979
43788
221
15667
7104
12469
45809
15810
47734
30154
47475
10130
14881
24592
45881
28001
52779
1967
24321
37263
35040
56573
25623
25243
3964
38123
37408
21737
61248
53554
50148
37030
11863
17698
25758
13471
47834
32436
4270
37876
10211
7903
24060
57004
15610
24945
4065
33494
23719
39561
5107
1900
2912
38684
31073
31049
27285
40123
44634
17212
3701
10840
2154
4372
45955
47574
28897
4680
392
16259
3919
28243
205
1960
27636
20309
1482
70162
41786
4332
12241
5649
21908
23041
5745
73151
28904
5784
4812
6157
7008
9218
13976
1529
11071
8852
3612
24871
27527
3691
36441
28927
33992
4119
20686
15517
24276
41866
35085
7162
7035
19364
12963
29181
2944
27849
1937
53333
58752
53808
8268
9223
2500
45885
325
20294
18939
999
76742
30486
1333
363
69230
18273
29762
12734
644
21004
42720
6595
13622
2108
4279
14775
46112
23661
1334
28037
16088
61982
5677
16092
7653
20014
19747
12774
32080
8606
22527
27103
15099
45020
3164
8721
12994
3918
11649
2235
3420
32456
37016
72202
3255
3875
18166
25137
11307
8836
24358
2116
25222
36921
5910
33061
38905
29856
11191
38460
8445
50
9826
12772
6224
30421
36629
28946
8565
12815
35235
40063
14299
18965
71744
531
17842
8066
13669
11294
1502
35084
12372
11259
55000
5491
4998
6379
2908
29531
27921
154
44130
4667
27968
52576
39561
7356
46021
23143
3170
7316
17162
52560
19603
18368
24606
11260
13273
17480
9185
25386
2049
33489
7376
11705
31910
47406
19038
51361
13989
12582
16970
9485
1651
69696
9260
65
34919
20544
6989
39201
7553
62049
44902
68356
4128
86
1623
29939
7885
12604
34462
25444
15303
24008
11378
2309
10600
8615
39379
22223
31472
17579
900
47792
9797
23725
2165
228
4276
37140
5903
47222
31896
4285
20514
33012
57358
41290
31833
26547
47609
34148
2512
17067
391
9078
8518
52151
47091
25212
1387
15387
25249
21160
9378
1523
25619
2029
15073
18467
51452
7441
12241
51055
25318
48772
31254
26606
16082
45789
11760
7445
21634
618
7897
4989
57964
79
8916
5486
1991
30716
10144
52189
20436
22984
10128
6668
2892
1239
5741
12797
18842
20401
2852
19859
3502
172
16928
13539
38792
3638
38273
12355
50225
13592
11985
8807
34514
1385
2938
797
13965
11690
18644
56388
58366
362
41495
41923
17827
18886
5153
29134
61716
31684
35890
17511
43188
5732
3128
26567
40403
3201
23053
36222
1236
11280
23846
67175
51249
14924
37252
37000
10800
8910
54627
3009
25644
7736
25
5063
204
41411
32805
9617
9636
5520
24586
14375
10354
4446
1606
17784
42172
9227
40088
5030
9447
7182
11590
6244
30566
13112
37907
8711
24072
13437
351
21574
15257
51543
28475
5105
40733
68171
14784
1805
23254
1
21453
6677
14583
44776
25942
7379
35144
17724
62623
8596
14927
5120
72483
13269
245
19308
1761
12662
22741
31979
5026
42380
48015
21849
45004
28085
37287
8474
2184
39622
19437
18069
26730
12257
3051
9831
952
39922
31809
4984
5446
9383
47516
6990
14533
18564
1212
20
15511
24628
38260
3705
184
30424
786
24258
20780
15937
12671
16862
657
56675
2969
15665
5904
1144
21780
35970
13313
11073
1874
14832
18189
2266
8103
534
18369
6228
1679
16447
66
11786
22852
12313
36331
29441
25034
69018
19701
13893
21196
8405
1614
19401
2252
1616
4807
20153
7017
23210
29063
1125
53515
4064
13007
12773
41073
16732
12720
1509
3000
780
4546
3610
3314
50839
54365
14197
6863
11501
48027
11116
11777
32252
25134
24593
15156
49872
15531
29071
537
5436
4442
36087
13149
45807
31900
14781
18477
787
45162
4912
55272
2168
20167
13595
58271
14886
20278
41948
33741
638
68416
2944
14559
9594
3872
240
18578
13367
38426
39518
10645
19187
10432
8164
36929
3575
3035
45074
2659
38534
9133
3408
6446
37000
784
28443
39839
54998
4233
10695
21126
448
33541
47650
3
1
52315
43639
7704
33796
12674
13410
33477
9140
15182
892
16730
1266
52236
4375
95
17923
18587
15709
1547
20946
2117
2839
40419
61128
18928
4330
22283
35291
65414
3095
22898
39611
60364
31643
3448
27613
68084
1298
7795
33764
7277
11317
21454
22130
3774
7757
6393
27294
18526
5097
6718
1877
10579
23625
18304
14459
2219
6267
1401
38477
52604
22077
35713
7930
24209
8455
4268
7972
1882
16210
3593
312
41457
1985
46125
46718
14330
3705
12319
12110
1172
3798
16568
8081
4251
38826
24799
5052
14140
2271
45874
32483
19888
51147
18643
9656
6307
24085
34985
64580
1800
32152
8329
27402
34829
34540
2689
1781
7106
8177
8087
69865
9388
5470
13846
10132
526
20361
3201
14410
4186
60458
64903
32170
1488
25151
25568
16373
18072
26778
10856
26062
6598
19895
4012
8150
18372
47267
22692
26801
11061
22180
32154
9392
809
20629
11748
13187
1602
9442
55062
4837
21734
1256
11374
164
22978
20825
4405
7489
6198
17411
1010
9291
10654
61815
46160
9831
5554
69802
28535
42820
32452
33293
30178
5432
28515
10200
20134
2019
8288
44013
34394
63
13106
15430
5649
18227
19383
3094
26682
29929
11305
49243
25476
34175
4707
32322
22198
15248
27266
22613
1133
34092
6433
36363
33915
7214
7706
31843
72196
13914
17421
208
11798
5899
3373
32101
109
21928
26357
17415
16438
19787
2483
3091
34138
31638
65370
53530
34291
43724
10893
40603
21614
3109
39949
63545
434
45940
15947
8310
4509
46961
10626
42799
46458
13724
380
55541
24135
50768
35844
45190
17985
47153
1435
1114
22630
2963
49641
38119
15322
137
41865
10046
5968
3093
5468
64056
9936
16391
57794
5787
22610
18497
7575
440
44235
3282
2454
44026
45143
40100
1847
15161
27454
21804
12510
49384
20382
15482
11056
30652
3384
2910
40208
51631
28296
10866
21779
30742
22839
18706
4112
5230
44124
51484
16
22332
42198
72330
13357
5378
45984
973
43800
2415
6055
30246
34
13416
29223
43272
19361
28177
14645
56010
12642
7062
688
3879
62619
3111
10378
6708
45636
42622
51119
9446
18582
17086
7201
6114
40543
6800
389
24819
13280
68966
5060
328
50568
2128
52481
1687
13124
11194
2590
49105
42101
4205
43172
2161
26404
41645
16215
7823
33455
1150
4921
4760
27341
47079
2611
20
10135
16500
21067
65004
6119
14955
7648
3201
25368
16756
18221
1301
5988
11093
3184
19194
23998
57367
9554
9680
53865
37112
2841
21441
74500
41565
11580
43634
3456
489
48401
3700
3257
54764
28452
21248
61505
1060
301
11948
181
28892
12253
14446
29675
25234
50288
47169
9110
35081
6261
10916
9528
1740
16522
11228
9481
63169
1191
74502
11899
39627
35250
11091
73406
27505
10161
35789
29761
7443
24519
8978
10672
25152
70125
26550
41575
929
30244
20499
6
38648
4178
22544
44432
51157
37015
14795
2213
56661
30765
50179
2381
6857
20172
15414
2640
10309
8740
4553
9122
2371
3785
14121
9891
27386
8865
36039
13377
3418
34002
33213
1953
31800
62147
1462
27461
12404
7129
4995
5963
6316
3100
15394
2378
12190
25847
954
46612
6468
13278
29637
7350
3794
24741
24891
20466
58466
27189
2405
5164
1647
1933
39856
25535
3899
15884
42588
8248
7465
38404
11933
34899
30996
12358
2410
35014
5507
17146
18964
25694
423
45086
31573
18516
2557
64926
17547
19733
16342
64845
52060
28282
45243
15343
10276
42860
27271
1581
1348
20355
5496
12943
12013
10955
19511
26754
41404
18783
6070
10108
19283
57605
18445
12508
34885
543
4137
35934
38203
20075
13942
54943
771
2818
4091
71728
12297
18571
32334
3436
8043
11039
1216
38977
11304
38857
1369
36383
21131
16635
27110
46609
10563
26
7198
1494
15587
27194
19170
3186
22118
19609
21271
1597
22645
13051
37501
22909
54665
48600
783
7572
34462
2109
5961
1180
3419
6810
19366
7272
55661
31317
35215
11871
11486
25759
3565
52202
31383
10619
32035
6639
26152
6433
2868
23951
33855
1627
65684
4411
55859
46839
6463
324
31114
51035
3231
10319
353
38267
9533
12949
3928
8005
11498
39185
817
21000
5154
370
35717
13373
20972
6759
1219
3
20812
44641
12877
3284
11561
349
3596
6441
52179
32527
33198
12400
3478
530
71341
9262
12020
2744
3950
49442
29099
30288
7574
10194
54663
1566
29459
11495
5194
36977
33143
35343
60413
4799
4768
26265
12798
18474
26134
462
41650
2498
10586
3890
3665
755
847
19625
4332
44437
14995
9559
16683
25321
53625
56738
8386
72199
1634
1542
34891
2678
3391
20357
446
2098
37507
53736
13935
68417
2303
27253
30992
1262
2235
13918
11090
4827
29693
8777
22850
14839
14914
10972
27730
17823
18070
14479
61081
1847
31682
5737
2051
49261
2067
28105
3924
17441
2280
43697
1738
11162
26873
18162
3179
31735
3365
6554
38272
22086
7482
5384
59347
2417
42116
20435
22170
45137
5234
2576
38276
29933
33499
31388
878
5504
40143
8291
4253
64006
3124
20304
4263
4980
14600
17481
37096
4514
34962
28844
3594
33515
13560
743
8056
14927
2144
21638
37609
11714
3418
69465
50793
2223
3293
6352
3755
16712
47578
44711
9644
30161
19536
37002
9138
12407
53019
4579
1582
10315
46946
3625
7743
34502
34768
18225
5251
32233
41713
9268
341
285
7346
33753
29986
5913
12855
5760
7535
32480
28403
17806
14817
8615
5854
3629
8974
6048
24553
9990
4289
17556
13961
4458
17153
12406
3609
8364
34020
4006
18161
7174
52033
2238
1069
12689
860
66775
44765
2152
9883
27
75048
8394
2399
40259
25359
39029
18583
57667
28063
2958
9491
64653
26992
13240
5332
10763
9069
6796
57525
8086
934
1050
7873
50341
3737
15231
10100
39954
32064
15483
21679
16547
32388
33667
17751
12592
862
11653
10195
11031
8310
13571
3079
3915
12864
6808
26242
48406
3908
8958
10055
26887
16046
27165
2078
15258
13291
67336
19551
2701
68014
22864
8380
4183
4369
70094
4284
10406
20302
6567
32241
7408
12819
19669
19818
24373
33621
34674
1233
982
30091
11763
63409
13978
39101
43331
5332
9560
9424
25596
7596
2197
37053
1180
682
15708
52227
28777
10594
117
11914
5352
47454
4897
28281
24789
3918
3221
4023
452
9866
22214
53575
4159
17232
17983
22150
7310
17125
7982
655
8175
5669
55529
14761
34683
7903
1775
22133
40846
30816
199
14945
11044
43231
5161
3133
25255
4193
7989
3283
5615
13681
44142
12907
7568
49199
607
14551
14966
4139
8058
14456
19493
8379
29634
33390
53857
283
33413
33536
1498
9893
19902
58623
20377
21069
16614
18078
48203
18213
75652
8201
27381
6276
46290
6921
11859
23908
111
51462
2321
2575
30668
25997
16144
14843
14303
10388
58770
181
27115
3135
15494
26311
2318
17803
25254
49638
16596
20246
2846
18800
13792
43215
30655
18460
25714
2898
2307
9770
8753
14345
13825
10263
52461
14659
7347
30695
2262
38990
8665
3766
3885
2928
8334
14564
48726
12308
26632
36315
9107
3333
1567
1365
17687
14587
10376
63622
68050
16979
49090
7441
15464
24686
17848
32787
5220
21937
28604
9743
4172
28714
32780
3651
16592
10686
14531
13266
44779
22129
11523
810
14946
2743
24992
23828
15047
9935
5500
3601
42769
34045
31719
19833
3785
37133
5435
12125
12293
60033
12018
11146
10956
13249
17660
3942
2864
624
60596
1449
65576
30827
836
12858
1933
65776
841
39601
3807
965
27442
12665
8799
3834
18846
42650
2334
52437
12380
34874
44795
22395
796
12722
38349
10569
37353
48191
18722
25465
4210
25504
16431
530
18286
24190
27359
30253
29160
20075
47876
2611
41604
18342
14767
8236
23233
5544
8623
2711
22638
14637
1457
45361
32195
29885
12655
7376
6140
6191
56517
52932
16629
61951
1426
32576
22262
65622
45043
3784
16740
12247
500
28713
20706
335
8688
4993
529
1849
14716
61012
8222
24129
10686
38463
30883
39928
38029
6394
2935
17287
28334
6187
8565
60959
4912
578
18415
18106
10664
6410
11238
14437
33761
8185
34947
7805
55
851
2063
2229
9336
1065
21203
16352
64345
24069
5403
14322
8276
46562
14135
2818
17998
1045
28660
131
54801
14583
26094
1781
4959
3529
21509
2388
35256
8629
4005
14941
45587
32655
46
17296
8063
72390
33900
1381
52657
1788
40699
55820
30141
30398
16482
17208
67680
9359
11221
1852
56697
8637
48960
38163
315
6407
50302
25027
6542
7853
41859
12567
880
12761
20569
35858
6059
48113
23208
39308
9293
12046
41063
64233
26422
4919
35701
27607
2211
54774
4587
50479
63424
5492
74454
33443
25047
50618
40158
56149
3699
6407
35041
43362
20150
25748
27759
30222
3613
37053
223
416
60470
8997
2373
3230
16155
30516
38056
18620
13863
2327
42146
6391
40777
3421
15032
1004
36069
25011
2155
32689
33357
13328
7343
956
15320
43529
956
12571
4287
38368
30188
3456
28244
44886
1903
61
2901
182
63448
4496
33942
25676
14743
7636
10627
8980
20085
1230
44793
41228
25227
23202
16971
3483
25273
22668
32655
1808
24623
23106
14610
15750
7735
14595
11126
42126
6215
33590
4068
1557
17508
17679
10570
30553
8663
1517
39
12452
211
17875
711
23595
3240
38466
11269
7038
1399
24388
7407
28332
14847
27328
1230
16621
31808
28907
32457
50215
7163
10172
9259
29773
4582
5410
33219
17476
13546
25375
43432
40178
18744
4211
13317
20
48444
37642
35637
13606
43730
6255
63016
16816
2615
7710
30525
304
878
2515
6677
1108
1269
11658
477
27467
10378
7566
14477
23184
37815
15080
18954
6891
10100
63375
41550
5357
423
4387
53389
204
22468
8221
5083
765
9474
25618
45688
19285
57041
25554
4706
37373
5838
5880
15054
15284
26193
2233
1708
6782
11565
27729
4915
67995
63125
19394
16432
3837
36357
21842
34595
55719
16132
621
3062
11496
2651
29745
29437
34552
26637
3106
632
29783
1197
35277
34776
25210
43836
49157
1027
31909
16487
5088
45582
848
880
8062
4858
34189
185
723
42650
1917
46790
4858
2949
18702
12231
11829
25625
11328
11349
3688
15740
9520
32574
54359
30755
1225
38420
50
2803
48243
38065
18958
11383
4415
21601
6240
37
18296
24631
17647
23738
7128
13035
16917
31074
49836
27785
37416
21520
7431
12415
20120
25877
804
7516
3588
3467
5456
56373
57302
6060
30831
3244
648
1604
13176
19344
26292
251
18104
30670
29467
16052
11317
6864
12700
23952
35054
2901
16087
7715
41574
12909
54644
10646
22502
34512
5377
17843
926
17378
45867
8087
7531
67305
61703
8475
12610
49072
7144
19451
16606
8502
8294
5456
6359
4177
58698
14148
4372
28579
305
3235
3475
2858
23463
806
21404
5082
5708
5947
18701
23596
68584
29726
60890
32604
18021
31329
2628
26179
2944
1549
25071
8527
41515
17817
8695
68776
33026
41665
7462
54111
23415
26415
6982
4724
10412
4368
26413
3993
52942
582
2928
6488
11828
3866
233
3444
22606
30199
16429
4017
451
50055
7193
5530
38453
7078
34475
24614
11676
8218
2872
5516
617
1398
4194
57644
18586
7709
12175
39050
9154
3341
15525
26740
19648
33421
13960
11500
8430
4411
71602
5003
4768
21603
3277
5789
25146
21978
16811
12409
30854
21746
180
46974
26097
16026
16274
3083
3173
12517
11629
36064
35203
15661
15605
4189
523
43980
52494
3151
56435
50956
21608
5440
9143
3646
10150
15688
40536
7189
14979
2897
1195
13081
228
57202
3163
64616
2175
5958
11852
41399
30348
3677
21638
4206
12858
17418
5059
1545
5780
12337
16947
7882
17280
36602
1523
35398
4129
46911
34908
5786
3941
3615
26586
2537
5858
387
25083
521
9936
1420
21053
8585
45338
20789
7581
9568
1584
59678
193
16411
16150
6965
18281
29166
11056
7848
9463
76803
21913
5705
45113
34885
1813
8516
5951
16849
41754
11913
16428
12873
31074
57232
48662
17789
35763
1828
3472
6002
7000
5059
10977
50803
46503
24005
26635
22534
51051
3747
4958
659
47245
9360
22046
6975
2261
142
14060
57
930
37169
27821
10462
1533
45541
72296
14799
17287
45643
110
5461
40568
13545
54123
3788
1790
13138
27435
50653
7689
891
2038
4550
53493
55694
27096
33571
4723
67605
57368
20403
379
65792
1432
61379
22431
35389
7639
18916
3259
12037
23190
29988
7896
9147
8372
7733
3434
59412
897
7057
25609
16093
6046
16056
31977
22
266
41802
20538
29057
43539
52716
1029
5798
21977
42641
16608
616
13219
50469
46240
31514
5484
11358
8391
18054
25796
3031
8136
328
37328
2769
588
11678
424
9281
42207
2978
12374
33453
16133
42321
38715
24445
7811
3064
23676
63978
19513
23138
127
51073
18551
20868
36857
8966
10600
3794
28454
9977
72280
8463
6738
39149
33591
4342
2418
7011
3785
7356
5896
60416
19501
1005
28894
42654
41906
40106
25834
25629
19865
2724
6324
48718
2818
36404
38088
10357
44868
3110
11652
27654
516
17776
40102
37781
26589
54359
18858
35050
17314
16511
24999
21921
30555
11710
9745
4020
21304
37546
66591
4337
42464
6203
11164
18065
12144
19542
1781
35074
1763
1066
35397
44649
20247
14143
10525
3437
42320
798
7585
45822
14498
19428
10065
12910
40895
6368
12767
11596
37949
57203
14070
15524
3864
13632
19027
7561
16735
25795
17240
44491
20759
26320
1463
27345
13869
12064
27946
57534
8777
5787
6018
42577
55423
32512
29538
23568
39697
12511
2487
637
31077
11859
5990
5064
598
31237
13615
10180
36374
8202
176
49433
24799
1462
17048
55091
6923
43086
21923
48206
583
29587
3291
2273
18070
17483
38647
42826
2806
27898
17110
972
14643
7661
46
7582
13644
41952
7362
13225
39733
11790
52099
2778
5864
12305
37620
4718
4036
213
13262
11711
13520
1049
14001
13017
2701
16560
36419
9861
25444
19904
23125
5020
57083
1744
12325
1268
5410
30505
8077
13083
8788
16381
55071
13502
13433
438
12258
5973
5310
8651
58332
6542
33435
3280
8041
25253
66450
5582
17627
6709
30276
55048
23261
7927
40246
7874
17729
38705
11890
9054
1131
30496
15993
50199
23145
39339
33526
25746
5811
775
1572
5802
9766
21692
27675
61369
9930
25988
15227
3739
3647
20255
3755
13087
31868
22407
16270
35192
35301
3049
13014
20145
29389
5832
23424
3153
811
24672
22501
36591
56162
13382
2386
5320
28
4262
5786
11964
37515
4999
25963
33832
24826
1625
5936
28504
29520
1573
9150
969
3116
58028
12453
65502
54514
14515
46610
14079
44746
26378
33994
15442
30156
60038
20086
45548
7230
23027
47650
29174
36751
20136
11511
10071
21848
25733
23265
11152
21163
2639
2646
71750
6016
39884
7168
2616
16325
1170
53035
3878
29716
42473
11916
18794
13883
3731
8097
35300
5958
7270
3818
223
4578
8710
3121
30049
4039
2683
732
9575
2324
13258
19855
8343
29857
10409
38893
1714
7533
12991
10621
36187
8864
47365
4877
40215
12109
5031
24166
64843
23124
14856
2353
11101
44430
526
49124
16450
33933
21670
12778
10265
17616
19066
2894
50947
23038
3955
30731
3529
1547
36234
2264
12242
206
47036
5415
30234
33896
33092
896
23377
28556
15300
39370
48133
1186
3880
15958
3264
10252
31996
12303
1408
16027
21188
13569
14907
53111
8240
3451
25956
51814
1482
17547
13566
37003
39128
26394
5369
11030
660
14574
20068
1194
50216
51691
28840
29236
43847
35207
166
17653
44341
753
956
2184
48993
5940
18887
15427
13398
17300
10304
59168
4477
2054
26931
36837
5301
824
11466
9091
42001
7948
19344
29050
14579
37991
4901
23691
30450
16652
22298
53419
15049
51193
467
45011
29997
14004
14559
25358
8076
13727
11918
47897
14044
19972
5594
8349
16979
5356
2264
8740
40515
17392
8196
19923
12517
14069
678
24547
6257
44340
52466
237
74623
31470
15023
59370
8102
573
2588
73447
1583
19881
22616
70960
28193
20058
32264
36191
817
12182
6323
30265
51911
26519
3112
5448
62934
27162
18641
27710
17077
19105
6175
40185
10145
31440
40911
52625
2432
53122
5472
39961
3087
13735
10551
5129
2276
12491
2522
34548
18029
10227
8019
8413
7799
369
3815
43288
6424
6157
19714
16285
499
7761
12069
1345
54259
12283
12288
14874
24199
19616
11314
466
4503
7962
11888
22803
44503
12249
51417
40552
5121
15136
692
20271
12125
24285
22832
35889
33973
6216
21629
22941
6502
64106
11735
26105
20028
6134
33113
1689
893
28953
563
6904
6292
16003
8173
1418
2794
22469
12227
37050
199
18370
38714
84
4482
15593
3878
25595
6818
6868
51662
33039
4988
5482
3676
618
166
51858
2987
11619
16252
8940
35827
2134
10311
44437
3771
9168
7780
15207
22840
7037
916
23105
36087
36816
56846
897
45732
19392
33734
18715
25147
17805
15087
2673
28709
14283
18633
5374
2399
1956
2727
38688
4469
12026
28933
32496
36279
18553
8694
14140
494
43188
55897
5754
39033
31185
27219
36199
16862
18049
8161
153
452
26263
19249
19319
20363
19315
33658
5342
33241
16279
27803
14423
20555
2631
20227
3857
8910
15486
3183
2920
27955
851
379
3005
12414
31056
26300
3696
56159
19551
11638
52799
632
28986
57251
2524
19670
2071
17339
8902
5131
8962
1274
28191
46791
4009
56378
13019
6205
933
22081
15537
38024
66549
24969
9313
22161
43292
7065
2787
8855
20124
23
394
2230
5942
9447
42736
11297
16136
10504
30811
7982
3962
51865
25211
29770
15100
20503
22920
26010
2789
8099
62516
9949
40471
14506
22408
535
1938
684
12316
19203
59153
10633
2221
19664
67851
1421
7887
13827
916
10073
75
6473
25811
897
1379
26543
49307
38
12003
5115
21371
15776
26813
20892
4891
8253
3694
3153
3240
23565
16053
1951
2354
17606
9915
40708
6329
54959
23117
9883
14994
2132
15546
11398
6600
9234
3818
27152
16178
18331
26258
22441
8117
15320
12382
39010
6689
13241
21828
200
1159
49025
4320
29523
53650
12154
57274
9206
3773
26494
3749
22980
41255
49917
6472
23143
5048
26765
5664
4427
9955
4065
1825
17188
14551
3532
20423
54312
57195
25221
28206
28086
10628
28762
6036
561
27617
18850
4867
27305
8959
14467
4956
47973
5848
207
19713
16604
549
28433
27740
14131
11134
23235
18870
20440
23691
4059
4004
17169
72428
37927
2038
12682
37505
52121
34925
9941
21850
4452
50761
16924
7588
19522
6947
24725
2891
17015
4569
41564
2486
24045
8834
42031
1311
47813
6039
589
8720
33689
30877
154
408
1685
3525
38335
9305
3499
69630
2701
11054
5068
29419
2588
44599
9974
25112
28185
30499
7882
32477
30565
19965
8796
2059
33506
4700
28174
8744
45329
25747
15349
3277
51213
61802
30057
2107
16782
6319
45669
6236
16077
5090
7098
23243
5982
3037
2416
27451
976
21168
62
28
33538
10157
16235
1555
6343
1915
10963
4611
65517
9004
500
2847
1189
6749
18446
18631
6031
3044
16037
22585
2341
20453
34930
29443
25823
4058
1053
52821
6320
40867
5904
24817
37201
32379
24503
45
1307
254
18084
29122
24785
13070
6522
408
4400
6154
145
26789
55186
512
19464
7002
25021
1088
11112
2222
11323
3121
47284
8394
31803
1119
16218
2382
26620
8940
25138
48024
8056
2608
28095
33079
1230
31515
9291
1182
25869
55464
37208
217
10095
4937
24425
1302
38329
3626
30326
54177
6232
64762
35790
12005
3898
28411
26568
33726
38482
44186
7387
58282
40147
4412
10496
26764
18432
41597
19049
613
5823
16676
952
3612
3295
14390
3754
21565
54175
2862
45860
6873
2831
69035
215
49344
15697
9051
32243
46304
4990
17153
1295
19853
31402
46124
23367
40219
40583
25844
5974
49041
11051
35945
11071
37054
19516
12538
40418
7128
539
166
5755
7323
17045
425
66938
31315
18234
9965
50275
39279
25032
27750
21740
1288
30579
19360
828
32842
58
16189
1594
15244
23255
7306
30506
22974
2
16635
7644
17541
32665
24535
5392
24376
8456
11039
36301
33343
30716
25245
6919
36721
60833
17192
31931
47403
3626
20276
41968
18639
6691
3923
8439
61513
9818
4160
9421
10653
27084
20016
13358
39269
54042
94
8713
11461
12326
64497
1959
2689
8140
8182
13313
49999
1855
18766
24191
11707
25235
9339
18880
7793
13033
44292
15766
20679
22711
40981
732
13171
5885
51091
4691
5109
14070
20579
51747
3627
21093
40067
37792
31549
36132
6377
6867
1166
1184
15815
3654
32346
19927
16673
33823
177
68205
5282
41959
58425
181
14878
3059
6245
5229
6634
46019
641
32630
9770
11467
32612
38807
11378
57752
23075
911
12813
3732
1460
35763
4758
234
602
12477
6348
18226
26593
12286
4072
17227
1503
111
22917
62
4655
4563
70220
1470
34562
296
11728
17034
3489
3269
10009
13651
13360
19360
15552
56365
22222
26749
211
552
364
26341
16297
14934
11174
9491
38394
30835
26061
6580
24151
2081
17685
18578
32123
19623
15276
15130
1116
24339
764
21561
2413
12254
36451
2830
24358
23175
12224
46375
5418
20956
19493
2135
56771
1357
8966
3088
9313
4108
8382
30764
18541
1328
54789
40297
47274
11855
1276
29693
1132
42690
9396
12168
672
5687
7276
5292
14961
52667
33511
4708
10858
621
824
1998
2141
37318
3368
10323
6834
12987
3401
44
13329
41551
9319
3890
41771
5213
2304
21643
1174
29138
4890
4697
36055
23218
26462
57931
39910
3673
64348
6147
16524
7338
7879
24808
42371
29387
22751
38402
4923
19636
17124
30941
14207
8754
7579
3988
2086
6165
6890
15550
3905
4300
31580
10603
4451
14905
52803
36776
15780
24357
55379
42765
13226
38369
2734
2542
4094
385
29110
49445
47270
27611
19490
11806
5478
26964
43018
42806
6039
4307
15878
15866
15799
66164
12675
12929
16006
4628
76784
8421
1118
35395
19399
50749
15292
64373
13247
41506
11005
8150
10401
45176
60917
28865
10467
42330
28915
70110
10991
30417
13737
15143
12280
4566
46952
38350
22874
44710
25555
30995
17661
619
13541
4892
27039
9149
18803
22111
18091
10088
7793
11998
153
4550
19478
891
3904
15269
6423
10463
48057
19453
19405
41347
5075
3460
32857
15965
15994
54340
11468
37693
4659
1098
3070
898
27850
37867
8717
14116
32196
9648
6770
7526
4522
6243
913
11090
28031
25800
22987
8750
17717
31411
2512
6766
33762
15531
6412
41902
339
22032
10934
16398
22212
265
21865
5752
3845
22469
9494
38
7809
25
57918
4489
56115
10495
1750
7048
32254
5374
15332
4359
47411
17700
10645
2114
55301
40217
3453
14851
41754
27683
7534
7725
867
46859
26236
13593
27210
23305
24611
4008
42860
29139
6331
316
3805
7620
16748
45092
9307
715
41260
53217
1499
6484
43520
9551
34181
8796
26590
29708
33509
54987
37473
12237
43648
7839
12031
12307
30772
1839
8648
21904
4749
2049
1219
19318
7166
38276
10953
11298
17461
1221
16426
20186
700
41963
42758
60135
3810
1838
33472
21890
49777
638
20398
11740
44722
7331
163
56405
795
40069
38806
5925
13685
61145
37546
20288
1547
37628
6057
19571
11602
752
20291
47401
6248
69941
63949
8126
18347
18005
6603
15073
30772
2938
22575
22202
41080
9745
325
11740
2244
2669
26731
10273
3581
5230
3638
7666
8083
212
30003
2607
41476
1854
9581
11620
31321
59954
2101
44535
217
34940
27707
1061
36707
9322
18812
32037
50080
402
4566
1305
47232
26114
45988
16269
28129
9877
23361
3696
15604
66895
17208
30009
9588
5577
6449
35880
4140
26177
9154
5680
25717
784
7763
35779
3812
12326
248
2341
23040
3664
16254
9549
12464
7732
71793
42018
43226
4905
13765
6001
28305
1520
23773
15459
38019
33233
27397
341
40904
17511
1103
887
10313
33594
18958
10350
10884
1585
16221
3177
726
22781
27678
61011
20092
10450
46731
1054
2891
15792
12321
7162
29581
74801
26624
6498
4160
13130
54276
12677
6257
23189
30284
14709
3956
27243
43027
18928
24585
12262
880
16404
40877
44300
33752
18455
14210
5809
21238
421
1796
9234
5839
14501
44044
19515
27496
20255
21332
10013
17999
58856
9546
9447
207
41853
11920
1571
8135
17549
34641
29648
7884
20638
36687
52457
23770
9892
13670
10410
3440
46382
27264
5389
41511
27598
23792
11178
31197
10632
17195
1943
43534
3326
45027
10112
1342
3544
23725
14293
69330
2203
9664
22588
50457
56311
22582
14678
12627
1451
33122
7566
329
24137
27915
4444
31397
25025
43346
7675
6719
13055
6533
7226
1977
40219
55216
76809
24311
1389
70953
10619
22819
2569
25387
37549
19608
27126
22413
7645
7890
849
25906
4114
20851
36264
1515
10873
49847
3566
5073
13905
37831
21328
37787
46667
54330
26459
21995
6689
5168
4467
17224
40544
8462
22774
55333
39862
8865
11834
72637
11866
20767
48329
28856
29657
23159
16620
35064
24291
27678
42488
19277
8848
5902
36206
46892
3131
30336
16994
18032
11619
8657
7856
32621
8242
13470
47861
41279
28771
32519
23610
37784
20791
32414
1038
38444
9021
35820
15482
17668
14832
45521
24964
50032
1549
24319
10992
38382
13557
9689
14662
30575
37055
57963
30832
17701
18805
46273
13531
72623
231
3257
69273
5151
2547
43553
29315
6428
5388
30359
19604
1866
111
43287
5891
1009
23045
11726
23076
1026
56055
9418
51154
20620
68530
28523
14898
17441
50637
3447
23257
20917
20889
3595
51760
9130
4573
3050
28255
40855
4039
3175
55175
16069
7844
45
2042
52791
19564
18971
69566
34963
36113
15702
4964
22329
46419
9264
13093
1171
12345
46958
24387
71943
15017
739
1517
616
5569
14545
47006
25352
44594
13708
48087
47264
39009
32787
417
57088
13780
42082
6932
7896
7740
23823
61123
27223
3902
3259
39988
21161
23858
6665
9196
4963
13575
604
20700
8070
857
26906
41906
253
60034
38641
72268
5458
7959
3389
1081
36095
2276
1947
10463
27537
21857
29483
2437
2686
40613
32645
139
28503
4274
32968
21295
31549
17460
2422
2506
21869
20799
32465
3974
3830
33779
51627
65365
41771
36632
45622
6389
10684
15073
37758
2200
596
6837
46014
25841
764
48458
50220
24775
14105
42730
28524
4847
22394
48422
1339
1196
13117
13588
1746
1443
42415
16054
51828
8430
1263
294
37703
14477
1438
4062
29239
74795
20672
40430
208
2754
16000
3138
1644
58521
25719
32360
20380
8391
7223
22452
4173
19217
22979
6129
6906
68405
54953
61202
18901
45399
11176
77901
32967
1086
1225
18290
15330
23401
20384
64568
3261
71118
44734
28478
15874
6798
24
2675
14470
53037
51766
15636
503
17609
34848
16129
8833
3952
70281
14233
15709
26545
3368
24048
26544
8614
7116
471
3563
13495
26181
37044
55870
17100
26347
8886
2951
42163
69678
42617
3371
919
34471
5017
11373
22676
35714
1428
32813
10268
23894
12472
34333
58006
22885
16172
946
6534
21261
11695
43959
4925
3
2344
101
27722
30134
932
37522
2718
40035
3329
2262
29604
12523
7349
6561
9248
19416
36801
4865
43827
321
4741
32900
3089
41708
2992
27827
5304
31107
32464
25344
3291
40715
13217
3274
11442
3239
18586
21384
27127
29894
45894
21086
12553
4410
576
5598
25548
46001
25870
3456
6449
4607
5883
790
7007
1309
13518
15284
506
340
12246
10256
15207
4874
4265
24314
46654
46406
27463
9641
6433
60409
37079
49392
28230
5880
3405
62972
35117
56032
2133
28436
7755
38336
2151
22214
111
763
14975
10422
22184
9732
8171
3438
1360
588
5392
50561
461
41484
22515
54973
19587
20755
45438
2093
27266
18939
9728
36119
12849
9956
8600
51238
24108
11140
1469
19
26679
47030
2007
38542
19470
24541
10905
16008
8326
5243
11131
14057
5386
32489
72183
42875
12001
19558
22099
555
6619
10463
999
13382
463
418
1002
8838
4035
12588
7899
13342
12431
7546
283
10
21914
30683
12766
56031
29531
4244
7952
13991
25723
2254
9375
68236
11242
25632
24452
7788
226
16221
23006
42148
23822
7214
48181
23241
19629
15859
26939
2934
27499
40225
30470
126
7703
10857
2012
4142
3203
2971
33745
9671
38083
27589
1330
50973
2319
19655
22145
1933
43465
562
29753
8599
27160
3844
2188
12707
486
17096
23734
6409
23810
39112
7442
16179
14054
32266
15008
43698
4171
1037
27102
14227
28186
13398
46584
35872
8199
4860
15015
42879
4217
33068
51313
5276
13704
7964
6473
19797
5139
9336
28597
30216
10702
9289
9979
10172
22747
21296
18479
36607
6614
3676
6270
24498
14543
41313
10015
21094
11510
10234
1924
11274
14604
14151
8439
73042
42668
13971
3346
2375
9443
11252
50929
6186
25918
35874
3253
5735
9549
21187
1306
2188
2947
1960
47352
22828
5346
25485
18279
29155
17204
21876
4645
28803
13354
8421
38854
4444
10855
23474
69194
422
8324
36368
30099
31680
43373
46235
11353
9470
7479
41
31628
369
35451
3139
19971
255
44859
8
12609
68828
1676
42456
11745
7333
18802
11292
3874
11723
1068
9117
9810
5008
49626
3657
12352
5416
4356
1685
9258
17916
61
6151
5025
5454
13244
7011
27583
5393
1896
13595
738
43394
33768
6771
529
7916
18635
19587
43660
18602
23277
3818
19575
23376
8107
64834
24205
287
5980
132
7738
569
33531
1478
7674
39961
22604
22795
15971
32305
29072
42369
16495
1662
40482
865
14033
15917
8199
59980
58679
589
22041
10323
28190
4287
2172
4009
5847
56178
24925
56649
34786
4628
18214
17731
37022
26496
16190
30781
41731
23808
47217
1938
34879
56025
8744
7140
19054
16870
12820
12085
29106
11961
12740
3160
4338
8812
518
37098
12716
10023
38745
18239
1860
9609
10880
75714
23381
54045
71222
1676
407
2524
10411
25883
1940
63118
46015
20683
20047
49025
6553
60689
62710
16059
4655
15320
1248
1984
2265
2030
304
44508
48697
63722
37861
709
11051
26832
4950
36044
1256
51273
76257
55700
4984
33798
3229
29263
424
2117
25097
2010
31600
16197
1486
3534
5728
10467
15778
7435
582
45412
52870
34132
9862
35726
7457
7783
1025
35181
3174
9097
49509
45608
11089
29020
35584
19875
64460
1640
7019
9076
10260
13307
27529
17091
10379
3986
19531
30291
11622
44493
15413
72
20657
14781
1156
153
47453
15639
10968
22858
50816
20596
1359
11567
55980
1554
47028
37505
14019
7394
18433
42588
10494
24491
43678
3354
44786
22292
32476
35192
4941
33564
24187
13157
8858
4241
3220
20442
8212
6247
38915
38320
27814
6670
5718
1350
783
15224
41963
58569
12108
24721
31359
19015
40719
47779
17457
17188
47041
22398
6829
24520
1096
12358
640
8643
33533
8650
7445
22101
17342
306
8789
4064
6855
496
75880
1992
12966
36301
40191
36781
74254
7516
41083
6979
11051
59338
23055
24129
13496
6368
54100
17744
27426
32122
26344
9946
18922
40533
13231
25125
2213
41006
10130
3337
6455
41661
2849
68515
23370
54002
1743
41411
60776
1968
31702
4770
2784
958
9453
919
59675
20658
45713
10410
18827
5287
6049
16695
8583
35481
16728
3675
19376
1947
11330
41842
26335
820
3544
3698
5990
29640
35060
6693
35216
8274
1894
21729
1501
23827
13525
56875
43663
47576
5058
35651
16017
38976
37511
43894
2912
9877
8144
3766
2531
56391
84
413
1281
29737
10842
40609
62359
29101
42068
23119
22063
38463
9484
2363
29442
6398
8396
2634
19977
1718
22252
22732
9469
8496
15275
17584
41911
19878
14165
31635
22246
21940
55485
12373
3372
55121
33254
6084
9019
26937
12564
7609
216
57402
10225
18067
22352
11880
62472
45805
14581
15986
11785
7316
47809
10303
26899
21970
8300
5668
16234
38041
41042
4279
14
27454
2040
325
3780
10508
24474
25214
16220
26983
28852
44
49471
10790
7089
3604
19458
2972
16994
20253
16569
20461
21764
5837
22945
817
14028
1813
4978
35072
1012
3419
15656
3675
18397
5926
53247
21529
11344
51683
32667
4750
38763
5603
20467
28160
1166
18501
12304
11742
51145
72616
14314
36188
16581
2342
4945
41164
21976
17986
23469
25338
490
52206
9114
50530
13944
22033
38199
46624
24876
2716
28047
5817
1830
12778
765
18487
3697
61303
8823
48864
15333
32965
27092
10142
1451
21685
48
1875
8926
19780
47839
6996
16274
5862
5606
53495
42419
8823
6499
28594
40321
29302
31705
15675
3339
43316
48055
23945
6913
270
2849
430
1642
11339
14243
198
475
2982
53735
49512
9938
9715
30706
6699
44289
3515
10466
6896
53
29679
34112
69736
22792
34861
3265
10771
4678
1849
54792
4018
1163
13971
513
13152
46878
18475
45153
1267
22734
44240
2336
53861
47535
18978
64899
23706
22176
111
28617
8785
3749
19584
44288
3277
20593
13263
30288
4852
11537
27651
6890
22
25700
60196
288
847
354
23836
23071
603
7055
25725
5865
38637
9846
32854
16677
55988
9114
25628
37949
15183
19789
19245
27192
1559
3148
51178
8799
45512
3212
3516
45617
4777
36897
12675
10377
17842
14611
2825
36679
30067
9020
67703
27594
68160
2646
43788
6346
23021
10150
19214
51339
11742
56907
24
1717
20182
8954
69211
15334
7092
13698
6619
54218
30957
35464
20795
26832
29557
6894
34763
4739
5894
8949
25156
29780
2779
10541
40861
4477
25109
24632
572
1351
58817
19196
12724
11196
43961
23530
5181
14629
3172
11485
11050
2348
41
16847
64408
39175
68093
5913
34394
18466
11237
40955
36541
360
12190
6766
1404
6410
36964
2569
1860
605
33271
9111
14487
40160
10172
35896
3720
52752
16781
8272
19815
1207
5573
9553
73512
64
27527
20480
7864
21539
5021
14850
2055
66767
13120
52070
35637
22708
23658
26760
4028
67728
7064
23877
22304
24915
7417
455
9657
64586
6173
24890
46906
19836
7760
9160
12095
57333
17431
36056
33010
1654
8026
29099
31904
16169
15362
3134
294
4713
42338
4619
59004
18009
226
63603
4484
13210
14996
14432
15778
26915
30125
1095
4030
15619
33040
23146
16372
20065
23085
2453
23556
3631
14503
27786
16806
18973
1888
7022
1890
26396
22531
10146
53807
18756
5545
9718
32191
4600
458
14418
3666
3666
45693
5107
34738
29537
11241
30220
32945
44353
20438
8274
35119
2650
45030
13467
8331
19406
40773
31439
5222
15290
19059
4314
27806
25035
4319
34064
14752
36887
21745
12004
4610
36401
59761
3431
18979
927
7534
65310
738
29394
5668
20021
5065
20585
52446
11371
4861
56491
11440
6288
15879
14215
40405
21956
28063
28516
45051
41007
28808
2624
11272
32897
36168
49616
43451
62977
26006
40659
239
6812
52186
6605
12885
52968
24549
16919
23092
6929
71408
17752
617
26802
11183
18777
18202
47474
20000
13466
13815
2591
45218
7748
5317
16395
2486
11412
13352
2964
377
28496
6657
49286
43041
22917
59481
4728
13423
42289
49910
12929
37714
3939
50237
28486
38057
24999
7019
947
15621
12075
55392
8915
17434
8582
20459
58455
33407
8372
7576
8958
23102
11269
11601
1475
14207
68
837
16317
49005
7088
69884
5786
14740
21155
8649
55017
59617
3868
47910
346
30780
24860
15021
2425
17804
30382
2685
10236
43973
52547
3951
10231
6119
6509
1242
1209
1171
41597
1075
48374
3277
48415
16877
7397
33104
13856
21427
92
3723
58826
2350
2586
6231
13057
19788
46986
11169
49094
12143
7213
8110
9368
59157
7873
1289
23254
22413
35788
19768
31000
8340
9635
17
8779
16463
64553
10884
34334
24276
4469
7527
43032
19155
17846
10415
260
639
4887
39723
22673
32643
3927
17549
5839
29342
1987
706
39531
4328
27902
16391
14940
25105
2513
1279
7021
44459
9464
10626
1523
70984
33331
10416
9473
2802
42599
3278
798
22851
34643
64888
15717
1227
20756
44449
30365
12202
12311
2719
23467
6002
25493
13935
23368
5882
4616
9070
10906
4774
10971
5431
2038
1100
54
33513
41565
8506
2785
4820
10254
60603
19
27071
1578
37905
31611
43353
37287
43247
1877
54434
22673
9578
5956
15583
17916
28851
8959
542
4995
28557
7284
3174
5459
61869
1163
1344
10189
3298
7244
31565
10725
20848
26385
36933
13868
39011
27993
4083
1136
35137
43209
46089
21520
7277
13569
15474
2150
43278
56951
21810
18616
7785
2607
9798
16690
1369
9079
28072
6151
10338
39532
43863
17991
968
15999
9412
59372
3157
12867
24224
2502
285
16816
298
6036
15534
738
8831
50199
35894
9513
3729
19382
5384
9943
36506
32577
3812
26944
5763
27920
28948
8768
44247
18283
13438
6989
21550
14905
11100
17216
8056
37186
8597
40440
21587
242
2129
15128
4881
1383
4176
33199
1896
34326
2709
32564
43309
5996
38849
16740
28002
24131
15074
27877
12755
2365
38241
4963
10618
5971
5229
40870
2506
31849
20720
5932
17910
15330
15901
33153
8063
12747
37117
50190
1083
7530
2210
30153
43377
12294
3345
56156
9054
23095
56432
8634
578
30611
1957
5068
11185
1130
49044
61659
38764
39978
8862
22233
54353
19299
442
72496
34061
28461
33949
43652
20441
20380
12418
24579
161
538
6377
8687
33070
2968
55888
13582
50914
9790
21997
48745
782
55116
5946
24303
36184
19596
11518
3800
5349
30691
99
64859
67976
18581
57463
3503
11059
13607
21241
12303
3695
9165
23014
1923
19886
17727
150
12784
27349
36866
62593
7938
2648
46304
13322
15173
1173
47364
3478
1511
77043
31571
77
268
30604
36691
1211
15606
3539
63536
109
57827
1302
51841
350
29760
17689
37562
18301
1576
41618
3388
22083
53781
6234
31792
17030
51142
30996
14985
26
11462
17108
6420
21447
26978
27756
21862
7997
48228
6889
419
2324
20174
21325
5394
5254
5908
916
3160
8256
1677
16651
12357
13837
9941
2308
41208
28223
1358
6015
19484
4136
5322
9309
3212
66214
14108
10994
23382
6721
1170
32526
42534
20370
8777
5201
22152
5407
4648
13464
36945
41193
5516
10869
23828
23334
14009
36140
37211
44733
24158
23169
366
6072
37814
8776
63662
10010
48597
1856
48328
5693
2916
9761
1763
17124
7828
35854
1321
3668
25169
64510
1183
8146
18546
37100
9305
53249
6797
15546
33898
8930
28825
13613
10945
46881
8745
10195
1582
2613
23048
2778
1046
5073
8724
6149
4227
8122
1743
3194
192
51944
3721
11336
11101
23666
15485
4178
13947
18909
19729
3581
41776
1292
41163
2772
65760
3072
611
6038
14582
15668
13525
10692
703
8255
8207
30144
296
32692
11659
5583
11164
30422
21901
19396
33636
7144
853
3268
45569
42857
1112
28183
16659
3035
3236
59207
7543
8236
23026
884
14401
21119
25909
28837
51099
8642
9081
31727
25392
13247
15195
71228
4876
43747
4852
27017
955
12554
62658
12463
8622
11882
19602
242
3938
48532
2729
38710
66388
7452
64766
28554
15043
3906
20716
15348
11409
11959
41074
39027
207
18788
36273
22719
697
4732
4079
22405
56565
26164
18759
7295
23283
27679
8689
9490
6292
2502
2081
11040
13508
6072
6119
17764
27201
42087
13357
1836
8402
8524
13814
10125
52060
4502
23138
6068
30592
7920
56257
12159
4764
31411
36547
57973
4738
26665
43661
42
4948
3346
55
5574
62214
9357
3599
14236
11121
11832
10799
17182
27127
23577
20855
2899
36094
5385
68203
60404
22312
54383
20041
11876
44966
8212
6669
1417
23620
55159
3010
28421
14529
4202
34227
59866
24195
10124
66853
6547
8280
7428
20539
32830
29521
9305
4730
5399
2924
5747
5756
1298
24011
1934
3222
10898
30978
18588
539
8357
35170
43384
7320
25026
14501
18548
4202
9768
9182
4862
25809
8477
18816
27895
46908
6003
15160
12141
1431
27553
1383
27682
19736
10044
517
16726
15555
15772
8870
3309
8473
32
11147
20611
28250
33930
2329
56321
5586
2062
6337
50154
9872
3068
28813
4364
3054
9514
15603
31406
1384
3111
15076
875
18699
186
3153
17233
5416
30544
30285
62067
12601
7226
8342
14030
63167
74945
25919
35057
21481
45772
21821
66715
5357
30071
7475
24594
1019
25014
16278
9278
4904
9343
16123
1618
15304
1742
3864
6814
10241
6452
420
6247
12509
3984
7184
19216
3227
3175
3148
10570
1246
4819
6746
19746
685
52564
13361
15236
15646
60582
14359
53156
31483
38078
49124
7332
7489
11040
40232
10356
41910
6243
36176
2879
24662
38718
1535
29355
22727
7182
5522
11766
30507
16574
4920
34151
73589
7358
37350
43625
37547
16992
27281
23045
33695
50187
28597
96
32470
58578
27365
32612
9924
427
59503
7478
10116
22996
9412
19774
4215
1928
32492
37533
992
1854
6311
38940
31659
2406
55314
6010
20146
1434
4651
34489
8095
14334
46244
2473
21024
16617
44761
6534
13934
8336
2994
24873
18266
352
6234
11435
1666
22799
10238
10866
30230
17946
17481
47513
56871
9314
27518
45110
22065
4377
2044
73170
14312
26048
11048
66074
58701
9361
3518
2198
1018
7267
4776
29962
11275
4008
50770
868
42837
13779
13066
489
39680
34839
4849
53740
30916
4942
31885
6109
67871
8468
2781
54530
44464
12958
31435
33581
27
19339
13787
11456
2418
68395
8540
25882
2184
18068
10470
14589
74610
8425
168
29207
10555
1672
3924
19517
24309
69633
54319
5692
10406
15237
49047
14837
25390
1985
17706
14081
37259
6391
38747
856
11325
19667
24763
62308
2977
9966
47163
46090
1796
13223
49247
48773
27668
26927
28699
22551
2032
17612
9607
16140
30436
8034
24557
4051
16712
30129
22869
63298
7149
7443
3768
13083
2423
7467
2750
6921
60811
55187
21261
11153
17824
17507
20055
17378
23369
62
13908
30210
49619
1372
20120
943
47720
49968
15473
36673
54
31398
8195
11278
29
28647
2530
18217
30539
8773
19865
8694
16785
6901
39728
21223
36295
62493
26570
2235
1418
60073
18470
1610
1862
3745
59353
38333
36688
5317
1143
21990
22144
13496
30610
23723
9794
17578
5154
54045
22073
35176
48251
19776
2286
2965
442
22201
28795
48399
4053
1957
64525
3676
21826
59721
770
5804
21154
51753
659
2611
15145
10153
3681
30700
15414
18803
16599
56616
42630
22735
8060
7844
690
24566
34072
34503
456
36110
5013
43291
12439
18164
47020
38680
51919
2595
30082
4982
14005
22
9907
41876
2289
238
16859
38126
60998
23124
8310
15785
5784
55849
39176
16422
3181
1059
3332
14025
596
5475
38081
1158
39869
17845
9013
42943
195
10345
33908
3384
65055
25846
23070
46512
15749
4105
2541
950
24658
5291
10388
23652
4795
3846
2481
3350
24988
39807
11672
26189
34235
394
34330
48202
3983
44519
205
8964
171
38547
20985
37315
59927
42715
13383
9431
18538
2873
14534
10106
52242
1178
42291
33995
32416
5680
8951
7363
8346
6933
44204
12217
13441
25724
663
42249
13209
4097
24377
2242
11656
53
15494
29713
10056
29098
8928
59232
38970
35089
9991
37134
1550
13882
44959
28804
69296
7703
14029
5372
4387
19999
18002
9715
22226
33775
11501
18522
108
37059
36019
29916
64691
6895
24916
1290
7812
18502
12066
4546
12215
70070
49862
38752
181
35824
37841
15328
499
6532
12253
55356
15337
21260
28593
55629
20450
1167
41513
4050
38194
22391
39970
20410
250
3227
963
25164
13699
2636
5739
16086
6039
1546
17350
2169
5045
178
1641
39668
38453
4080
54590
31561
4937
9448
11617
4684
1327
40199
8532
4932
2502
23808
51965
17749
10201
55052
65451
63335
60974
15968
2427
45484
8350
13341
50373
15231
5166
25458
26354
11023
18573
13171
19
31323
1511
33147
17190
14876
25606
35642
60711
16977
6531
22578
31798
3831
24170
35093
8400
968
1413
34336
13947
37317
16769
1868
21478
6012
36739
13907
1506
22850
4840
1358
28915
30539
4154
25828
7730
286
45355
10976
103
54176
29293
9599
10057
13447
4475
58112
8886
22048
49433
74805
159
4207
3268
33136
47301
31169
12435
44428
12302
10701
5706
301
33492
5026
39471
3827
56122
393
19526
186
5758
11995
23792
6249
9253
53609
337
19134
19260
6859
35862
3708
5009
4159
3132
25649
17789
33472
3757
1073
12030
25179
24538
33925
29427
59174
5437
4773
14985
1128
3060
16575
3595
43778
5447
1026
24915
4568
54489
13174
2205
12789
19584
7335
585
10710
33910
39433
10020
2498
11801
27886
25966
18249
3251
22196
16285
43186
15441
42343
29104
29921
2588
63174
23334
31118
397
6525
17922
44508
66420
5098
14415
22811
845
5358
2620
10401
22807
64168
38095
37075
645
29319
30386
12899
1560
15045
19133
29733
28978
4684
6480
23825
752
7155
10657
9335
12980
658
8824
2686
44724
5210
35657
4617
26282
5791
16381
19712
7982
20557
29936
6514
22691
14615
5508
12696
5959
46797
32289
68480
45253
8698
974
10001
10793
6254
6418
15837
8964
9411
3755
18161
52634
2210
28679
50423
37012
8669
23372
3964
24985
39894
9329
32984
68820
43506
19553
5203
68247
8042
39274
17676
26171
5816
27863
51027
5728
50843
469
30269
52529
5269
485
11585
3795
22030
32021
10979
1885
10323
15573
13493
4620
23400
30921
54960
34765
62149
10625
11445
11450
56457
27018
22194
61649
8820
23594
12439
31748
33395
100
11789
40054
29859
32008
47629
17547
4080
32444
51248
311
9079
28485
45013
13010
33438
5297
31521
24246
10205
58783
5425
2229
21628
16024
3009
2532
69550
2027
2004
2701
2213
9863
7747
1198
8542
10246
26037
26240
25905
15177
48771
31696
3588
14792
5218
1167
11661
22916
37087
2026
27591
3885
74445
43123
19899
919
8570
5361
246
43213
37013
652
16940
9044
54028
8784
200
2656
8183
48814
5840
37275
47205
39145
12146
53425
2827
36201
522
38673
24265
1486
13686
38679
2895
10246
367
1470
5610
29711
36552
5456
13028
22784
17945
5850
32011
2219
16812
25519
38440
204
35765
19322
31624
16454
13018
4167
8977
37646
7315
11501
14522
6554
19959
31578
4414
32868
2238
16416
20302
52549
3405
34630
16621
16230
38822
48226
28022
30856
29040
63630
57177
2940
65517
31003
430
14091
65941
707
3913
30639
7870
11698
29026
23230
1172
26883
38892
5581
13558
4442
18438
27517
23302
9288
2687
3495
37051
5736
950
19145
66954
21370
5137
19063
35025
31403
20269
26031
12251
12482
4000
24220
12358
33648
42745
16445
64880
30084
1737
2901
23677
48724
1221
43217
10102
9165
1691
2839
18674
32456
2301
11600
7124
6333
15306
9245
7556
8539
5138
1715
2184
12310
4530
2904
1366
786
9036
15717
2024
38490
63041
22506
29887
6665
11939
5435
9892
7496
26281
37315
10867
16847
686
27151
5460
23112
16856
37316
15103
4489
28472
4778
20151
203
54441
19228
22945
7896
44737
1212
26714
776
7982
8861
21772
1706
18548
1297
2105
26594
26290
521
6885
16907
4881
56319
39532
11183
47661
62181
51792
50805
16514
2445
43668
19230
29769
4078
17979
12155
3962
1311
4413
46728
330
20545
6519
45986
29538
3067
23915
22413
30
1631
5265
10590
50791
34828
22034
20023
53703
23688
20030
4032
25598
5963
22841
33549
54250
23606
21723
72892
3537
5918
17845
28265
1805
68421
1812
13503
61716
7930
60316
16150
64258
43327
19352
13383
1772
19347
10164
41541
12920
8116
31305
28171
36868
6032
26246
41949
262
29811
21039
38103
20308
22739
23328
54181
11653
12858
7804
21885
1752
705
62533
24384
3161
16858
9423
11505
19614
4139
3129
44411
20945
7041
987
39094
67236
30659
19728
4327
54575
9364
451
35814
25845
15859
34340
59038
25568
2707
6474
33180
6688
1229
2986
3193
45653
26316
14864
241
8688
35163
39353
15437
50536
5990
14915
9514
42915
35945
12256
37460
6492
25781
16018
29888
2661
11918
16069
26446
3269
5680
2280
46012
184
33590
44369
31353
861
4747
14911
12025
25557
23537
32951
182
7498
69004
19310
36895
52871
22051
44882
861
34719
7459
19101
23717
9007
31594
7490
4902
50832
1575
10520
13772
56593
48
487
4087
4653
58664
37974
4019
519
953
8220
1396
15623
15513
6658
76930
47688
25685
2490
21606
43671
36328
48023
17425
9114
11889
11457
10118
12924
767
38283
12971
6929
23706
37659
2934
3716
22486
1496
3277
8877
48116
21402
3419
19417
16757
16848
5558
148
196
21695
309
22976
44312
42551
12845
50391
31811
23457
20409
21494
43776
5232
27597
2020
1396
30526
12465
12573
14318
26581
53015
33610
34413
7060
4841
24996
47609
28871
7374
4391
38669
1663
2710
8552
1715
29414
24866
36812
933
12191
17595
42676
12948
53786
15617
46591
1191
55172
2828
38013
50422
85
14727
26520
42241
21827
16274
66431
6508
58888
26927
206
24952
29140
5620
33615
18862
17631
968
14462
26492
6663
59018
477
17052
150
23406
66648
9289
6858
18616
4189
921
32889
7595
11060
32616
21527
8566
21676
61074
46094
27398
66643
3632
14102
22512
45178
12798
13608
1952
36557
5181
55163
41212
32408
25902
2816
5377
38807
41415
47387
6043
1488
4054
15587
15955
24876
20544
25258
7423
4549
1960
18717
5137
43840
8177
5836
7700
6633
3083
7081
55010
753
7644
1409
18102
20699
19647
1348
34636
16803
32515
14119
10629
20511
24577
20341
60945
2862
16051
33161
298
2101
15508
1773
36634
53419
9842
3137
6950
32914
41693
59479
30555
29532
24224
499
7185
50669
2556
5255
9106
6154
21541
16964
9107
41512
3417
10673
49864
1598
30899
439
36528
7206
18254
16212
2935
42791
19745
4587
11551
17387
19071
12771
6038
11752
39027
11831
4297
39558
15782
16681
21275
888
1716
33281
7603
98
16682
2680
43418
49562
1692
36644
33944
36998
24212
11208
2161
51048
11280
24781
21304
44539
28986
17758
33912
37330
22340
4570
1549
14612
8023
6071
2808
3006
13730
77804
25086
17836
13623
58021
4666
15285
2067
376
2502
16535
19277
96
3023
36318
31022
5087
44218
26036
1246
20810
11275
25567
20626
28060
40269
33478
45465
16794
24499
46105
6277
17985
32238
12176
15073
2681
19239
4639
41651
17740
26602
19747
24952
69519
14742
33767
726
37850
20249
72860
15475
9405
4713
1647
1017
20966
5007
6610
12439
2467
1970
47277
11203
1634
844
23902
4713
11890
54133
10613
3680
2024
5285
12122
7001
4761
35299
4395
3660
11774
5266
19396
31590
22755
49036
18410
40167
1778
4146
35790
45953
7688
13162
57162
51511
22366
20771
7159
22092
30716
43570
22637
28896
25085
44791
8472
33400
5890
8270
27644
60630
1780
3176
8491
52152
1665
50554
21428
14975
62898
4814
8966
12061
18742
8188
27602
33754
40582
3025
28864
16221
10460
8738
44235
15722
20137
13208
5439
46851
15027
36476
1522
1505
35885
693
33931
17877
1477
2517
3467
36918
70078
1512
18301
93
44966
59997
8610
1211
7750
27
15638
36326
21328
76989
604
11846
18134
564
965
5225
26150
52797
4613
37652
6707
12258
55084
18123
557
13642
1034
42070
43596
14204
15351
6271
3213
22293
4954
21064
574
956
35852
49610
6887
5417
11289
7645
33493
35990
5939
12198
41405
31286
2216
63858
14703
46361
73
7672
9339
17220
62779
75925
9795
25035
8718
16525
7312
3620
3125
3911
44707
23354
26123
8038
25122
27911
21925
4732
369
20885
36765
1755
1365
9340
5754
34846
47803
4111
31128
18058
26453
3405
39738
7222
19571
7936
2346
10256
569
67585
25202
20664
31715
1267
581
64334
51151
7267
2417
28504
3870
10131
6395
4231
9894
55140
38765
1722
15750
19540
4633
32138
1646
10709
795
23962
47067
10203
2232
25896
6441
7370
22651
26058
14325
37188
2193
13496
42476
11873
6723
730
20620
5154
20526
9517
28486
33222
51611
470
904
39904
26760
41631
30306
9279
15229
45519
41924
4096
61472
24035
6784
6082
8245
26133
25517
689
21891
1608
23205
2669
67731
638
11681
14385
39742
7666
44179
56788
5701
27165
11184
52134
12338
34260
3281
6980
39971
53281
28800
1190
5702
4210
28653
35276
14235
31301
2329
19307
2390
9632
33700
13790
38227
13796
11724
25351
9588
2389
12130
52559
2660
36910
9659
4624
3686
27338
3029
17135
6826
13085
19863
27959
12215
15515
20264
17900
10006
6776
149
6453
13888
4876
7731
21496
10583
9739
43506
730
48827
782
11164
1536
7304
8303
23732
25448
16831
42685
4567
7851
18235
2796
54150
23026
20974
32289
22993
17230
3174
2237
9626
10615
13387
2745
2959
45405
12083
27662
10776
16818
3108
10225
429
9019
4151
41812
3589
48841
6680
2722
44895
1161
24596
2812
3320
46441
40935
5185
17942
18665
7262
6768
15673
11954
46095
204
1006
15084
12774
3512
1402
13032
2461
44828
47378
6764
10324
16605
53469
33786
67007
2718
6720
57258
1222
25719
53281
14200
34213
8829
570
40884
7467
38713
31944
5835
60322
38403
22126
57936
38552
13007
12827
2977
22323
18501
5256
49263
7183
39284
6087
3068
7146
29730
598
17188
3170
17722
56820
11874
3722
343
29001
1222
32933
21942
8977
2879
16273
40768
1459
35039
60999
736
3119
54467
35487
19826
48638
12838
3962
8069
4765
10966
19096
23737
1623
13950
6919
11112
8814
374
4413
1202
7677
4943
32052
28085
8982
10331
54082
821
22938
7750
10055
14477
303
18424
54431
10801
65392
6395
7001
24374
14257
4701
21458
10358
486
63451
2396
5166
8100
59896
29993
24025
14220
7025
11353
23987
1833
8306
10592
18215
15287
9923
38157
28325
33568
6386
11292
16811
7966
6459
40188
53451
4590
11125
34854
44265
10466
3457
25733
4343
52975
475
27543
1550
922
61366
38087
5255
32105
1613
17869
45775
6891
16640
26068
21623
14630
15208
36461
13427
20544
61566
3671
56017
35751
12446
55889
3073
41942
31886
1468
14138
48696
25
23420
11201
6585
5557
37515
3806
11560
21564
12760
23405
1198
33717
35931
1316
14389
23654
35694
6879
8042
156
3629
67320
7578
53211
39346
32253
43684
33387
9474
19037
33568
44818
3728
22420
32212
5642
8458
4091
11635
8271
22490
3911
46676
3988
65729
17038
48347
26453
3538
68387
7490
13097
77369
11963
4367
56358
6183
873
10429
6037
45599
24538
52276
42434
2962
21946
24445
24771
1107
7038
7517
2343
19345
7737
8436
512
44710
1823
234
17387
51632
11998
45504
4411
63549
4356
533
7818
3655
912
18186
15952
3705
34863
42030
41670
6222
2588
10859
4896
3476
46728
31247
38398
16853
6139
28570
28754
51872
5024
44117
32800
7453
21888
31432
5838
12432
7710
256
45830
12555
3560
5105
35990
19121
18024
8699
21022
32987
5449
8168
3617
20890
1619
212
31342
17663
4863
12006
44299
3632
33559
23749
64565
13432
20601
30616
31135
17579
32184
35430
7725
48108
12678
1575
3680
4857
27057
4376
6869
34615
477
39
22613
34302
27405
65879
23869
35060
10340
11678
5648
5940
31920
5977
9014
22515
5480
2161
54932
2459
46334
29115
27730
47492
23095
51177
19998
25660
61731
8757
1153
47292
1868
9380
12888
6852
619
4469
16996
24675
6191
66071
29194
24301
39638
27509
49147
2375
466
38654
8435
12052
2277
4843
32558
10823
22278
4119
238
2403
3642
42337
39950
16219
112
13608
18458
20073
4012
5860
36323
34269
12660
12038
52307
20088
13563
35197
18805
49272
67515
59678
42360
15386
35315
32942
59809
14800
4120
66170
40392
24731
22201
1737
2007
7588
31062
5447
3547
37685
22034
26968
25935
46530
56
27513
34876
51306
9055
6763
25206
1221
11501
28067
16611
4901
2690
3027
7737
1300
447
16356
914
10054
93
3776
23230
19674
11391
51190
66158
21819
33821
879
12932
32433
33286
25039
5881
13017
13123
3830
13918
20928
1720
60036
710
18219
25073
24849
13229
10001
19352
38794
58835
66835
11914
15319
52148
1111
16417
48053
18592
614
1892
6960
34424
13742
21242
14293
1616
22652
6353
33999
23787
137
13736
7453
27048
3951
13774
6608
46970
21850
1068
62912
20847
24911
31715
23714
11549
14636
4493
14128
7328
9449
3823
42518
9262
18527
38148
18660
17619
332
30930
6435
42727
4256
16858
54787
35574
14540
11402
6379
35591
2028
7586
1534
1316
744
7552
20036
2326
28293
50538
1168
336
3254
23303
3172
47023
25077
12360
560
26460
28855
77823
2636
43210
308
24319
38585
25706
7166
3101
2483
43399
58240
7118
9118
20905
2965
70825
5402
28343
1343
67649
53600
41888
45269
3730
9335
31136
9803
77848
25256
724
428
7777
34675
49164
10853
14637
6718
22591
10227
15217
18469
9275
52225
12199
4206
13523
51708
2576
4546
42175
7669
1058
4412
13926
10303
52809
6193
34838
63920
12557
66962
19075
2050
3301
9480
22149
20256
17039
10097
12015
18301
34283
3911
12337
46796
8327
6774
2064
23505
57196
12638
4042
44
317
43678
5537
6551
21267
20621
13852
24259
304
60764
32989
19392
31757
54247
8894
11251
367
1262
9035
12087
39326
10597
17168
15564
17846
9396
18372
25905
16741
1168
838
13297
6163
7385
15780
417
840
25490
2767
1352
13570
15091
28705
24961
499
16469
20993
10258
5320
29924
32706
25993
11653
15945
35759
24451
4557
7100
33028
4244
30262
39524
27440
1507
21389
1112
11676
44785
8667
13318
23915
4540
32744
322
2047
7504
8030
947
14965
1360
25066
32370
55460
35908
55256
43757
1157
5268
19212
18935
39368
12876
2326
36491
52
975
26724
24064
13664
3026
15926
67862
67657
69572
25348
6954
64
29737
39141
12585
31686
2836
7502
1589
8155
10540
19533
6828
20067
9040
13740
38414
4461
6450
24439
58116
44649
49961
498
157
5267
17803
47027
3268
29321
4280
22224
46818
32760
12959
14227
12154
31342
11386
7347
14563
4781
64420
5164
5812
15814
159
11986
40732
30358
6546
7212
3714
1376
1534
18960
50380
32639
2344
11370
3363
15245
3567
15130
28476
64475
25988
37952
16823
8517
1466
7333
9868
12615
42
5545
3468
9266
7998
15882
2055
13054
2542
41172
8118
41006
44722
14094
8578
9950
42327
38461
9824
17325
650
68939
14383
4301
35929
35032
2239
3080
6298
1757
21017
3193
28056
5627
4535
2621
5905
30022
12981
43392
13730
57845
25412
29029
17187
14904
46030
11780
11980
48401
5122
22117
3493
2393
12620
46
25433
34140
1632
22964
12258
39963
14923
8684
55659
44614
29291
49675
6156
1951
25303
575
11394
354
5871
3804
8670
17117
25151
50346
2144
35849
3225
14099
3328
26275
7290
881
15222
22171
11339
29270
22
54508
1173
21499
1924
57093
6778
31240
7046
20070
39542
5263
775
21597
27169
22724
29447
20642
6857
47504
18647
16630
15114
10051
5130
19297
45362
6789
11116
53087
13052
34150
6627
19518
21097
43980
14932
13548
4037
30895
632
60908
16088
23854
22022
4521
48792
515
22167
32625
668
23683
7972
44781
41084
35614
67684
430
6194
6141
13867
57768
51788
15302
38654
43521
20894
61159
25766
17466
697
10054
14907
1782
1689
1271
55590
29584
11326
4652
11386
18789
2447
52757
25997
22627
9200
46979
16062
9834
2339
21035
68424
57893
34464
27203
6362
59940
28666
13394
12829
62
11383
57202
5002
30661
43786
13086
1250
34227
391
28458
1406
5310
18993
61721
6167
995
56916
6768
27365
13165
24020
8116
39756
28062
11840
18722
16063
17187
11983
41622
1796
19186
64010
6861
13801
46935
35670
3188
14439
29196
44543
16518
44351
15188
54841
47067
395
62931
215
54166
23961
3173
47984
55760
9391
27552
13413
20116
3043
6373
9736
16669
7892
3984
12854
5240
22544
455
1479
14221
4102
4870
4259
21731
16708
4414
6517
17810
1292
35603
7617
2687
2793
7423
5239
7716
75777
5636
334
8963
41583
37665
23152
12028
45658
34505
5663
38502
6737
6393
3440
4722
18535
28814
51426
11021
15269
6389
7882
2147
26715
61299
41743
9979
36155
54682
24193
21888
18507
38930
59038
887
10584
28310
10851
2776
24051
33208
1228
31789
4268
6592
49606
32170
60839
32741
59958
121
19724
41274
42816
15912
43371
16053
10511
13632
1171
41343
18998
7953
53008
12806
22481
480
27268
18918
9197
37268
2284
49344
35064
13234
27404
39644
6365
35303
7180
21631
63885
11707
1489
38225
8634
11913
31697
12800
8408
14622
27711
47748
15994
21774
49138
507
14739
9327
1382
4352
25591
44717
2851
53579
12226
338
2147
2274
6924
444
5404
2800
20302
29778
15350
9870
12779
16116
39412
11479
7106
13219
11274
57377
22501
24017
9166
25056
22531
2119
35268
264
7215
12532
19341
6825
4052
6886
39045
8070
11989
4559
488
36800
18747
21630
6245
29534
12836
25446
4895
37685
24933
32130
53051
15928
37105
9893
42245
17708
29503
41985
23550
37286
25343
63849
42428
21613
14278
2009
22750
107
22297
2310
1216
11760
1621
45137
1501
61615
25640
28834
6312
8715
4567
44111
10908
4389
30204
7487
2716
9324
8451
1348
2233
26202
15979
14829
47746
40491
49966
2201
4749
2075
35378
37939
1233
30946
14387
5580
403
30743
3899
2073
27815
10451
3471
27547
5953
35905
26743
38944
30462
52269
30844
185
37595
29186
17379
10551
12149
2814
10343
55456
18766
1641
68435
5422
473
65341
8360
22987
10200
3395
5452
20642
16411
17016
3768
22209
12517
8991
26378
38205
5230
7334
15110
2102
12390
47293
9689
50644
27582
20821
9871
52282
18237
43394
36102
3186
9408
7060
701
2275
307
1958
17532
925
53953
3508
582
19750
748
8825
16597
14452
28553
1783
39523
7929
160
609
14220
11357
6424
26838
10966
28557
68364
6172
2630
17073
847
28351
22102
25310
35908
2483
71040
445
2159
1193
31431
3990
3870
413
20976
16111
18732
1304
61817
26910
4659
21764
7977
26602
344
10127
33329
9300
18781
51734
24991
15097
2278
9954
1779
2995
22325
21005
1419
34893
8406
14673
1066
25623
19651
19798
8497
9922
20924
15626
3598
3280
16461
37857
8439
49400
46845
8581
21654
72730
22559
15802
550
6494
4670
6243
58746
40770
44
8596
30712
2697
15552
4807
5623
10166
25288
12917
14573
16087
4589
48627
10895
27915
9201
29761
14223
9341
59440
3369
216
6457
11134
3364
7909
9349
16854
51556
6776
4211
27953
12417
10000
43915
8447
26960
12963
9788
17068
312
31608
24088
73212
9020
48867
2785
38547
19740
1706
2442
12015
6142
8090
10576
41726
16828
3843
17904
17102
1230
13828
14347
41
4723
7489
5986
22684
849
58537
6835
378
9887
11614
2271
9785
30433
24154
8501
30680
8793
14747
33508
1185
51963
315
9128
10511
22556
10690
1061
44662
9395
7721
62714
1107
2005
34544
12143
33747
815
7655
8278
38330
16732
2519
60953
11839
34158
2031
12894
963
53772
31182
1
22298
4590
24423
3081
35892
32746
355
4272
19215
32904
27058
8039
4165
2072
22314
40087
1278
19819
31305
57663
1791
294
1562
27305
32739
9062
18225
12783
11131
7262
30349
21988
40912
53702
18073
54769
46012
12877
20353
32706
35387
33207
36743
45181
57471
5758
5327
4467
43316
9358
16460
37179
20236
3756
16540
4757
11183
27107
2734
23708
616
9291
25038
12560
28456
10798
20070
13088
3127
8039
12139
19959
24933
19102
10103
52396
958
32241
15930
39167
13307
33668
12383
8509
3307
15384
5877
44890
12328
3743
29588
36102
6265
28466
7095
12532
1883
4324
53027
49935
24975
35905
36758
61929
3148
2476
39555
3412
50928
24878
33321
9490
30549
29232
7565
2075
24370
6730
5620
50673
24706
217
13134
1486
38619
27091
24441
37383
17707
8208
455
10093
5356
2808
3975
4998
40581
32152
12587
3235
9825
40057
50669
9291
5133
10201
3839
6672
63959
441
31185
35418
57881
15640
2097
1973
1358
22939
1774
55293
1246
5034
24674
23854
64890
14813
57700
37266
25906
29780
46298
16808
23129
15949
74718
23336
7508
43593
31473
9323
1249
15810
26036
17730
4862
44963
34800
17065
57615
3468
48280
5515
30470
1148
484
3717
29669
23642
11347
4407
6861
54794
27912
5928
4735
962
1432
17143
9982
5990
14274
38090
31224
10851
6811
9452
16858
37431
50856
43892
2145
62566
11424
3128
10207
23724
5533
42366
44972
10625
904
5911
11585
16633
10068
6192
3585
65167
16491
50623
33982
3761
9668
5775
1782
13568
65646
16611
10440
25608
29424
48744
53556
566
29712
31370
8151
67069
16454
319
47498
2006
804
22792
6999
5941
27425
18413
65746
132
472
16346
39945
32384
1964
40918
22861
875
5318
29553
41252
19075
14579
10593
17969
45032
2830
2959
5715
21684
28211
1852
34983
15101
20362
1938
37980
24002
47401
28926
1126
42177
65673
3978
5937
269
16787
8435
2380
67293
27185
14640
8660
9787
3457
3516
9021
6118
2634
8292
18064
31521
34561
5709
23814
9301
21263
4730
12943
44473
26525
1577
77
10539
682
11619
9332
9878
38086
57234
22871
1646
45517
46160
6521
733
24989
5536
1884
13165
14950
28914
60353
22329
14155
15870
31842
7218
2940
23832
20644
38715
25702
5518
3908
3428
38100
239
20730
1154
7793
38993
45990
2392
9541
30935
6323
13676
19368
17695
41417
1373
1608
9202
3582
5860
5443
799
17034
25503
19723
11240
29952
29814
95
6981
2556
779
7238
40688
15090
34946
11701
26997
484
4831
958
27120
19947
26649
34765
12608
42122
45192
38536
35922
57049
60339
12603
15340
26520
22996
1501
705
55526
43401
16753
31954
3523
11856
12666
70523
38460
17299
29249
12061
62951
1054
3562
3638
3636
48923
6281
5626
18571
10656
13250
4041
9890
55247
15189
719
63033
215
5879
9100
48782
467
9765
22854
7645
52785
25815
4916
16390
10771
63278
34187
17136
3509
96
53796
49149
26231
5920
3205
38125
47
26273
28001
30791
13
9344
740
33697
33348
3873
1741
3681
46671
54502
5349
20612
1063
9923
38560
3904
5071
21182
27546
503
6363
44671
41881
32335
7309
24793
4903
4595
42593
27563
5191
70495
32855
3499
22881
4525
22611
2441
16447
72894
11193
31196
10729
8603
25728
37874
10330
5274
6348
26067
2085
52492
12173
10004
12523
33709
9052
425
10302
19741
3485
2112
56248
59962
50072
11507
73019
13071
28294
333
42471
34435
47126
16262
5434
10207
19795
22017
21259
129
47703
15159
45604
22735
3688
12
46073
13116
21267
28450
6707
11122
2
13658
4086
26616
23710
1571
130
5364
12508
31715
32640
31192
5744
42959
43731
2038
29954
16685
36240
2917
48363
962
24496
45897
5324
14641
1021
7740
45490
14363
17208
34907
3538
46805
74457
74154
5103
12194
19979
870
55298
5144
30061
38299
25992
29623
45888
2942
20959
23091
27210
288
37820
6214
37872
5445
17143
7197
3527
14065
65274
68769
387
29087
4475
12237
43940
1334
13694
1656
2391
3272
14303
1346
8783
45885
15753
47531
3990
1562
32334
18929
253
9980
20158
22936
9948
33939
2399
8907
51225
21264
1680
42058
135
37981
24184
60591
35124
4349
18954
41897
27607
6003
57186
8805
6260
11046
947
1209
25408
13285
8487
33043
6200
14226
2560
27538
6495
18162
802
43939
9864
6396
33643
47245
3068
69907
3997
56234
38116
46934
15304
206
4301
1887
8386
34042
20471
5278
2181
6269
45043
2675
3388
43782
2017
32890
39969
39290
12096
25239
18724
49345
32264
30681
7947
47076
12678
8257
16996
15862
3411
9791
15356
33835
8945
9201
14095
36135
8468
47114
13859
2603
15006
36356
1485
23188
26303
4904
20297
13833
29535
23926
7949
4002
5205
6038
14061
10053
46114
10407
31797
29940
7182
30041
1801
25963
4079
8936
4467
52380
6449
22186
14725
30658
31179
5235
3272
2558
33633
52674
65946
2654
317
2944
30080
6536
3353
7515
86
9749
25069
53734
1257
11230
46079
3248
13136
51325
38969
9995
52758
48802
30536
14060
4659
41354
33495
12809
4609
13937
49104
12104
50395
1665
7506
9515
69179
20549
4386
2035
782
13047
45331
3168
25647
3585
29459
1288
43207
2158
46583
36378
6620
34940
9832
17531
47093
34061
633
20019
53352
56401
4192
17290
11026
14082
39015
9610
39722
4647
4447
30229
56835
13232
22247
1849
19589
3464
56520
24081
20711
52653
16557
23764
3812
24828
22610
9088
32485
14460
607
20850
34345
13966
554
14398
7485
18675
60367
27385
166
5656
8776
29693
35605
12003
18963
2950
4243
13445
8654
13676
7166
5230
12703
2577
12179
14111
24191
12003
23440
15422
3683
2856
54345
2842
23198
7542
4770
6760
7485
3329
30000
26304
44446
4187
5756
19811
13473
4478
28431
15334
3577
22402
15743
7520
45975
32763
51183
9707
7655
8293
4522
41612
7313
2996
1709
16642
3417
8202
16552
60720
1244
57149
391
33784
29202
25921
21397
45283
4072
49416
14231
3713
3896
24236
14410
19635
29687
10716
18723
17757
21154
25800
50758
49787
5675
2005
18320
9376
59340
47018
62553
32960
8886
413
20875
21578
62334
26951
27287
23512
72923
23524
23362
4224
1773
9700
68707
18549
61039
22830
11518
545
44839
50682
44670
99
35118
11321
30347
17136
29448
26680
32951
23608
10893
4060
43542
20747
1598
1263
58885
25171
55989
10887
30687
39460
969
8868
46831
20022
4334
4660
6082
15068
5179
11453
26951
32305
606
11623
2573
27397
10528
6523
5622
957
351
69532
9414
43825
30850
423
21705
72681
56262
1721
11515
31443
29552
15785
914
17446
3653
34520
7475
6860
509
6032
63752
35763
22675
41074
2379
37267
5010
35649
10819
36455
22816
21428
806
11988
8976
5047
50941
16573
59676
35179
11107
34917
543
921
1689
7008
14360
5506
31624
11059
8844
23321
8328
29442
11032
14562
6667
6533
26112
41819
3883
1537
42519
3804
61398
52526
15376
1846
11126
32016
5800
16515
19341
3650
22561
8004
23499
25649
14505
4912
31123
42351
26766
28271
43895
3737
5568
45814
34076
30824
3338
7956
18795
5896
23859
52083
13546
8464
275
9128
12466
8106
11510
67451
9626
38824
1026
7154
11938
14184
22586
14452
24743
19029
4819
8399
16870
52542
1137
31223
10498
30276
47261
145
15544
1785
62477
11045
12191
29711
10544
62547
2801
6950
10274
21251
3772
11109
9966
11364
21816
20832
11058
1873
4138
1796
28409
12057
9401
10671
73738
8856
20131
31462
12004
526
31823
36489
26850
3843
2055
11313
67561
3373
11508
25816
9721
40811
1139
20439
14310
6190
2379
22678
5503
967
16739
28234
24812
18269
5202
21512
25220
41648
70530
24421
9976
41343
15307
14564
28576
45819
43300
2282
7531
24292
41838
2669
16631
8109
2137
20616
2118
26111
11875
43442
53016
9363
14764
6837
31968
7181
719
15954
28278
45832
43701
66640
54192
21236
117
22788
13372
1248
13790
14576
3896
44655
17571
97
28810
63671
18566
34958
26457
29774
15328
197
50874
37414
8313
17471
46036
11138
47669
9115
31215
1269
17697
49576
21253
23801
20607
476
36121
23657
62462
46764
829
24016
62255
1567
2710
2468
27162
57662
5670
587
9385
16990
3028
48
37731
30608
62616
46260
1927
64921
28699
14444
14149
5577
775
14510
18842
42241
26686
9869
22114
54424
2193
10993
37197
32144
54578
47702
840
600
16328
6333
29721
12977
63632
18643
37097
215
17394
23081
8647
3590
43272
4498
6309
1839
7583
1012
22786
1622
14707
2467
62507
12492
30551
7007
472
29024
13
57222
21365
25404
17698
1338
32416
52485
16386
44748
68962
5582
20325
1830
13788
2627
21645
32269
13322
6119
24859
20390
18762
35758
743
28233
1274
2830
9044
30513
45900
27806
3246
4969
8614
33469
35118
62417
35033
16223
61190
21089
17689
12584
43346
2377
24343
9745
2075
5152
73985
1531
4950
24143
31604
25402
7431
30990
22416
4979
6655
22437
10871
545
3429
20131
10989
42287
3386
23008
7822
42673
17579
10719
33378
27895
13681
6538
4430
37381
941
14033
47031
11200
7499
21794
933
9458
71328
2362
20447
28565
8103
1970
20067
13424
53
4217
25899
14178
7284
6710
6688
24495
12070
1718
9005
4410
24725
6796
25183
1327
5517
47689
31520
6570
9020
50592
11386
6305
58583
38838
13767
3726
46884
15781
33184
13098
1843
3807
47506
6381
14322
23034
31729
36473
2347
22171
25214
60418
44104
19686
9269
3333
4562
14037
1271
14272
42143
11686
1061
4552
43932
108
4694
68283
18865
21475
48813
5490
10
8029
58298
41158
15760
5375
24393
4291
1055
3261
2121
4780
17221
20460
20325
4614
21137
15202
3586
24278
12692
41385
4906
8915
23056
20638
2064
11892
6951
3534
30480
137
6326
27433
2256
6126
38802
6702
398
9484
17254
46527
30644
1574
4085
42556
2890
9111
49273
10907
59571
368
23275
41452
11799
18475
23117
46920
16168
31739
35323
679
5813
104
8140
50632
3057
43882
230
34288
6881
5301
61849
61348
56637
31512
18811
9887
32600
15517
46764
43442
35763
13048
41037
26657
14728
954
10075
3733
32519
10425
10645
46828
20899
13451
11939
8937
15869
3308
37719
11806
40841
10260
31116
21325
29699
30881
61778
17193
5302
5288
1797
18427
6204
20414
8201
6123
22373
17467
6300
11438
30115
26348
15452
48525
49799
1435
17768
7972
11635
2042
19860
17580
468
31657
41876
18551
9655
370
52792
1896
8788
23027
30127
3745
9249
50888
39637
15769
51020
4131
44190
142
36390
416
36678
2620
18402
46943
58115
39974
7767
22910
1794
12586
6992
50402
9521
30595
23284
5006
630
8996
1928
12639
16268
50054
41615
71809
4205
15767
7211
62553
3038
23746
36801
11367
27071
13054
39486
13831
12433
23754
5617
23244
2992
10978
6157
51951
32467
22607
40970
4182
1299
34536
1683
20623
25404
2369
40172
36927
4961
17956
27805
8087
35097
50791
22982
23123
42755
350
30902
41977
11411
41168
8842
2995
5688
29586
42965
21288
10157
35030
8498
27388
1553
16540
58156
10960
1233
20581
19898
6219
47095
4795
480
30908
17262
4612
16032
51330
47031
7112
9583
8964
81
56303
14401
34930
24644
8863
5222
40084
41665
1261
34082
39768
1839
18157
144
45987
33411
32347
8222
303
53669
60591
26601
38792
14408
26149
34625
2703
1313
2450
8006
45434
660
2077
19874
5443
14403
36384
33470
44486
7785
603
58978
29266
23537
13245
25431
19746
11424
463
50258
30669
2266
3696
11255
21007
3965
8628
47835
7915
4088
41577
44596
15202
20304
7582
10650
47567
5271
54447
23351
10926
14191
20551
71857
16300
6066
2662
11997
35811
5793
18774
23917
19169
6995
13852
4460
39139
12189
8281
22735
55625
320
6287
38033
1105
37803
3975
3656
36715
39537
23652
11412
29881
39240
26034
13070
2709
21768
26219
8370
35146
20312
2601
1503
1902
36701
15231
15454
1441
26109
307
13761
2883
11151
10480
42222
41669
40169
5268
40120
34155
35615
9342
29194
5903
14585
23728
198
29590
12334
28252
20563
3094
29563
34814
2402
21763
8029
6406
18823
4136
3733
10615
2838
37950
9102
29918
2871
17084
2367
23267
35599
13810
25139
268
16908
7907
38377
6070
13749
24862
2112
7158
3586
9829
12448
21857
6680
13346
62092
4186
41570
26447
27787
24636
4775
13140
2361
35370
12037
6988
550
9899
10825
24840
18423
46849
1606
13010
7467
4670
623
53061
4535
19132
41871
39290
12176
27893
38383
23121
30559
27598
2543
5146
40846
53960
26725
21006
47182
18375
15396
20216
3879
6031
9790
12416
16122
22239
2563
43258
39116
22049
6220
61379
18597
5759
27996
292
60429
11504
9962
21815
4522
15145
51856
46838
23426
8377
18392
35100
1663
1462
42421
5295
1474
65679
5479
1545
1419
6291
23276
8539
6579
69949
5419
15809
19716
1209
10870
6528
11162
25307
56643
34101
53201
13948
21770
989
22993
14057
25378
6330
1783
7191
3383
13673
26840
10209
15164
6401
10622
26156
1326
7582
38630
18953
13792
1787
927
17176
2073
14818
58012
1124
32572
29898
3206
3159
13620
10513
24226
59167
42754
21440
10074
28999
9431
25244
10434
964
20239
10103
1970
2541
15565
37536
5476
39870
12781
9449
11387
7910
20234
2946
9730
44853
40486
20392
51774
24613
3524
11242
7596
41823
61741
20707
25588
3638
29142
29379
2346
9990
11476
5298
9274
13356
26938
41424
25943
17371
5024
21183
9471
5607
13858
15192
662
25073
954
8543
4530
39843
42286
9565
3220
26116
11060
38317
1329
8314
30248
12341
19177
63702
36380
24443
26708
2189
50997
28726
8974
19638
15407
23558
3379
1461
23651
35415
36684
16903
1439
34952
55637
40360
2547
21010
45078
40004
8020
6755
8227
12723
25813
18194
6440
5256
26729
6119
5
34446
1954
16286
395
47416
48352
264
69480
2855
25513
1681
5836
5596
26159
27
4569
38476
635
30629
41283
14339
13048
30395
9782
18045
13674
42611
64309
15761
14276
18431
15789
66
782
10757
15514
3621
2430
350
10460
51673
16894
4062
15746
1563
19459
4439
1008
10592
10755
11660
10
19211
22637
15989
15827
19849
55922
38810
12226
58185
5536
32763
6468
10057
3232
37117
990
16802
54338
10400
15587
32397
14271
7997
3458
15313
24564
28067
19162
40885
41909
14837
9218
45307
10543
61119
2667
53682
45641
1493
52378
2469
15353
57025
42045
18122
816
29711
22272
19088
13239
752
727
37235
36339
6707
23294
1598
68846
20921
19829
3197
7390
31209
7358
14148
11879
8243
30886
66019
4006
36776
23415
21802
13864
11984
21174
394
21511
393
5925
15173
2852
2389
40407
8759
51353
1898
50050
3610
7497
55789
5222
1459
46698
1326
16152
58607
10000
6956
60960
12856
6601
23044
12238
6331
14631
5055
16235
45462
35371
8547
29991
347
22459
1561
33111
7941
55537
44464
37578
12882
2000
7876
24906
28022
13579
9099
45119
70584
23245
20623
12072
15356
46167
1775
245
43573
27291
3083
19060
13819
28121
48640
4663
16350
19616
66857
23685
5699
15049
31590
49632
4942
18314
25270
12945
47319
10577
11372
29036
33424
66498
5583
46137
42425
63337
2084
6466
37184
371
20909
1755
29866
37698
31149
4216
3791
6625
17370
20029
2501
72303
10272
2597
11192
60366
14108
45172
189
38717
35373
2907
13270
635
3168
7976
27152
29128
18141
12912
13632
24449
27186
3032
25719
2257
27384
10866
30019
40027
52797
19325
3336
1883
5059
28967
864
60031
1508
18170
278
5077
7184
10004
20193
51772
28946
5655
6496
18990
3903
11366
5031
14361
1660
7429
66533
29240
46715
3542
2516
3421
45213
21147
11235
30850
9506
19675
417
67520
4517
24063
6360
41256
29299
3378
16051
7091
51111
32796
2146
22444
10351
13273
1
15849
56345
26209
19248
35404
15785
16827
1202
30129
30987
23780
322
11598
19494
11534
149
919
7509
59261
18487
63145
39730
1048
1653
24727
73253
3813
2128
48161
1873
12288
61185
48015
4658
2356
26
22345
10876
18813
64461
9401
15664
10955
15707
5442
7668
9567
1693
2662
14335
38166
2183
8888
43586
51818
1684
954
21841
47787
4351
14256
28268
3527
255
8125
11151
22791
2713
25960
620
21768
11081
58279
1821
19895
58226
2058
31409
29003
13830
18985
15118
34543
40416
24595
10728
47354
49670
39296
16021
12045
2336
829
29648
27740
16455
15325
12311
17809
56056
38481
6924
4741
35650
28262
4722
50761
19701
63900
1095
50001
11860
15191
2646
28030
1130
4399
29687
376
12886
21191
4585
2704
16024
23339
4908
4214
31145
10364
3310
2228
46271
41604
14217
5288
22227
25929
2382
5997
70577
43442
2099
5669
21422
11267
31020
178
31714
5792
68965
1620
2760
29712
38941
1499
13148
64710
52411
33643
8852
26337
27103
11677
1210
14947
3834
5724
2010
36072
2064
13159
46509
69896
48903
47746
5583
52359
76278
10548
900
21436
101
7659
35995
48862
19297
2348
17681
18310
41248
19134
9190
9046
6367
35927
10265
44600
5230
5229
13703
21791
40779
22196
51893
10920
44143
11432
28957
301
10483
33183
1344
13812
40582
53820
19776
686
13478
11211
10224
38102
660
32798
2243
1038
14062
2749
2123
34781
53658
7749
11919
1123
13861
1960
18304
1023
1580
25548
15246
12664
12031
25010
16351
2269
53607
7233
1026
3549
10363
2590
1133
25510
37393
6118
19890
48332
8539
394
34125
27031
53543
21566
2220
6299
10635
7583
4533
23892
28930
37456
2867
17526
31262
17819
24708
26576
3067
68018
33155
42347
30239
4060
6940
3302
15253
782
18403
8180
11234
43260
34748
328
494
8739
26467
53424
29082
39996
21596
13746
20741
4866
27577
718
13649
9466
25177
11613
32015
4575
6411
1824
11377
11549
9997
44237
7052
7569
66681
9302
38985
24182
30065
16457
5582
33755
15794
15327
14377
30955
37131
1898
26680
2647
68770
10962
11458
60094
14977
14412
9409
47634
1931
32853
34685
613
10429
2014
16704
4651
16022
16523
18729
15146
60196
12137
2600
24286
26891
48776
29476
2319
2684
14682
18469
61474
6972
8107
56089
1279
33062
14141
43563
32704
7200
23914
4609
6770
31599
15928
5189
10977
10366
43348
1155
47566
9838
310
3518
136
9678
25122
3541
35659
217
7120
8684
7200
9904
15900
1987
16910
4565
4320
28425
2467
25720
22288
42872
29348
1979
31987
27850
434
3339
58638
9372
2
31072
42813
40753
25640
25800
48560
10243
25493
49845
34154
25431
60457
38038
6960
28313
9437
63695
26169
10592
13571
49786
28319
3198
26697
11908
58378
6786
11223
9974
16729
16583
25027
11707
15581
20959
4611
10654
42578
11343
18795
19390
31902
50071
39157
9830
16425
4724
22751
663
12583
2620
9171
24985
24462
4182
10267
9181
22981
785
23580
3810
19389
18983
7412
2697
11325
2662
5836
22629
1011
21764
39004
53030
16346
16890
3536
16682
12163
6176
38134
12175
22090
39393
24908
12849
3148
22558
39385
1918
12933
2797
17095
62055
27574
23765
14028
9747
19154
5959
5323
3374
11677
4775
19146
6740
45978
27854
43145
3891
32995
14499
39258
24564
3389
27168
4086
53274
7218
10338
6388
7757
24497
17445
4376
5192
5512
21315
37966
7719
1716
368
17503
2118
18003
37786
5722
34886
4297
30601
18951
3300
612
4052
17173
1420
20080
2671
14452
22317
13
12791
18396
6318
1011
57021
14697
1659
65397
41387
63926
10331
7120
38744
1681
24955
167
60167
909
13745
60127
46742
32995
6560
21598
4575
59236
18298
9064
47841
30542
47063
16517
58234
29612
1486
46663
27981
54846
116
1456
51984
45636
18908
59514
31944
21030
8692
9425
1918
11325
3484
16610
1191
7631
6337
870
22875
23498
43839
11695
1475
18019
42687
3929
33095
11603
9397
46478
69626
10517
21246
10359
35150
43674
13443
19033
52189
46113
10746
3937
8574
11200
13832
46074
48425
27397
6153
54
15701
20920
8571
5328
10144
33767
16058
26328
3831
20829
20206
3148
38158
4600
9739
29816
18381
46905
28385
5801
13076
18051
2399
26276
748
1099
59152
9310
16253
5930
14039
702
33481
16657
38384
10843
4429
1981
6006
33088
191
7879
42518
33372
6845
28341
33785
8548
1561
13694
5566
63784
5962
3471
59968
8831
4397
2135
41156
7797
22557
18934
13005
7726
12340
10043
28915
22277
1945
10850
3303
10087
4638
33735
50733
106
63663
62630
31468
41937
51837
18511
2618
10443
1734
41019
30390
15842
575
1507
48669
6604
850
6641
20827
4377
19670
27854
2977
65084
7834
1943
50398
5378
13159
17945
58662
9174
11162
34700
3423
44842
1021
31600
840
24438
2241
27745
2493
7799
68453
42630
50189
30244
37546
7392
64599
2601
27367
62738
1175
5968
24809
9980
1037
172
15742
5663
6141
5952
65320
7465
664
3180
20759
25162
7137
11188
21098
41471
27836
35733
19083
57778
48807
53117
19471
14224
10804
4661
8224
32794
60801
4457
62914
28372
31709
36890
40230
3605
22195
25331
15075
4056
48818
2806
10974
4530
32837
27548
25194
3123
2975
32121
16950
2671
22257
11595
3379
8745
12130
5868
1891
21924
301
60696
6332
1728
4617
23306
388
14570
17396
5574
23987
3660
32996
54
11578
2439
16657
22656
50505
1350
18429
2659
3924
49116
1102
1622
5970
31091
48098
7050
1193
70089
13027
13629
60729
16530
25039
387
22919
12676
12017
18577
12749
1687
9276
30293
23380
35001
10012
21321
36828
12355
17045
18702
2800
44050
152
8924
59877
16694
37201
9282
12405
16285
7897
13671
1159
3667
23889
11205
10728
56192
4586
2472
45815
16350
18103
24436
2527
27722
1250
1045
2216
10127
30792
841
1965
4054
2839
4473
30194
2795
9532
52146
15907
47346
23
18660
8270
6755
14020
34351
16470
5924
68834
44811
1343
44693
70205
652
22761
24
8888
18275
7170
9733
29190
4428
18760
10172
945
3254
20531
2693
519
34528
19378
62223
5687
2515
22980
12229
40874
17847
31709
51624
11114
2394
47431
28991
10668
26759
15532
47549
21532
32240
59857
845
53119
44890
6282
39982
713
2894
857
20677
673
33618
47019
5802
12009
28237
5092
19189
51042
25408
767
5697
18903
28467
37503
2693
58114
28669
2370
666
20665
13489
26166
42751
5044
14106
43559
19329
18817
3145
27852
29497
21762
3334
45548
63939
13184
19625
11130
10738
65710
1595
36018
6826
3870
13491
662
2012
6176
25800
3107
47774
22339
5091
21281
24520
37314
48687
15838
46750
69760
28805
8761
14341
28247
29839
317
22639
36971
4786
40463
12257
646
4633
10899
1398
6878
15011
28943
1287
6589
10643
17628
24276
12244
11048
1740
1928
19277
18045
47554
15644
1424
3754
34204
6119
13859
15999
4751
43861
6372
15159
4949
14966
10867
12413
26945
22542
55315
1430
3753
59815
14920
31742
38598
10174
4782
10060
7203
65822
25639
21898
8838
1070
144
347
9085
24445
16809
38666
3213
22442
38509
20059
10046
1997
22090
14485
48672
11376
23366
419
726
51549
33394
15239
37682
35535
43969
9544
22236
2364
5995
68137
41161
28724
11858
2491
10691
23658
3
2062
281
51245
27860
462
34887
12812
16980
7996
17072
2757
31582
46044
3785
11472
4763
538
1707
4629
41619
2991
2646
11638
3052
1884
22251
1689
4014
2955
45363
15976
17115
23616
12435
8049
4877
6486
21641
8244
7463
7263
52807
22766
320
15997
25990
7991
6917
65234
552
9463
19726
1788
1354
38795
7463
13462
2486
1755
21605
36177
17014
19581
1470
43158
8380
1302
46910
20945
48209
15412
56343
6767
17712
2893
4034
8900
2737
17361
33
20743
26606
36156
17551
17768
2578
18943
12461
42048
58991
1536
43555
45041
4036
34410
40384
9773
5533
5149
4884
41185
23196
33595
471
23669
21968
33561
4822
23463
23949
6090
18668
13859
5545
17512
15019
10178
68474
3194
8520
6173
19
4667
49112
55200
66686
47249
12797
9547
1473
29940
3422
19912
17495
7539
1017
2129
23543
15005
9555
20895
3497
6181
12806
2685
7464
21658
37242
6496
2399
6875
58691
9528
3654
38305
5864
41454
11503
14444
16215
5448
62231
17843
22239
406
42128
24557
14659
14809
6203
6361
13282
12848
34576
4602
11449
2533
58539
44063
21797
12817
19
8697
18019
61025
26978
44311
64511
11077
47302
3004
28648
1880
14290
35119
21426
2610
19666
8374
36595
27
2990
1094
997
16122
16200
8121
31192
67172
1466
45632
36157
421
17339
70092
6864
48
4533
63799
51342
17803
48083
22093
16059
17241
169
7994
331
77004
5716
60911
20759
250
2959
22739
30490
54283
52429
8295
2711
15287
23726
3053
10454
1076
6482
7324
37839
3796
17536
36135
902
2956
11248
16233
8244
54670
12403
29485
45308
6514
66445
7784
25883
8544
981
1221
50332
12727
45583
10580
24732
22826
98
8465
4522
2383
12611
19226
3082
5961
44246
47126
4130
6723
38325
6966
3566
12255
17787
926
1941
9028
14525
3299
10895
25697
2580
1053
1657
21442
10429
22743
11
4252
12766
7153
62413
54894
155
16770
8511
20884
21319
47226
2720
23455
29355
33469
39400
3371
131
40336
2460
5124
55232
35721
14022
19837
24675
35957
17698
47483
8059
8978
23675
648
9990
33236
10912
1336
3353
10519
2239
1842
4575
4052
2501
31964
13540
9562
12291
19499
23794
344
2283
376
22497
11605
3128
13823
1891
2469
633
23228
38935
5284
26134
55587
58473
16913
4672
10049
3540
33040
6921
34530
30682
42537
5723
37095
35066
42361
25249
2304
12934
13863
11994
64526
34812
19369
8846
14650
5988
856
12796
9580
23911
69730
68812
65057
8828
84
47728
14690
39397
2500
14401
31397
9314
6953
26438
69284
1847
3529
48723
3261
6508
12695
22642
33368
8837
16286
55456
47980
2312
7056
44798
60874
24382
3655
27442
20247
14075
5311
5810
2467
6640
3716
5187
12987
10425
266
12023
7127
918
28566
36450
13448
34721
61019
10268
6303
3432
21694
16326
15482
52354
1126
16448
38568
50780
5064
5238
4709
64231
29143
13195
17660
13587
12237
2802
38693
20
9001
3773
16389
34896
6096
117
17520
2017
3044
14901
8692
4812
2687
9807
29715
37259
18072
6132
55804
9745
2708
1752
9158
24527
9890
4485
5399
14239
7069
26871
17162
5370
9888
5658
660
9326
1737
234
823
1377
46120
14957
9526
14937
41138
858
7280
40485
4942
1246
16300
18565
20262
31160
4625
6172
4969
19234
8165
8763
50331
1585
45163
33608
25134
3835
57397
55605
5685
46448
20456
2199
40216
62820
6714
3244
47668
341
25719
32357
2965
58894
6300
3666
11581
8696
23914
61409
4457
21803
35633
11071
986
8490
8808
7495
44079
9298
11687
15327
17739
5109
11809
7420
16462
8227
2207
7293
54568
50866
13205
345
17002
14465
13703
9729
10776
418
16670
4115
15969
379
25158
5185
12914
38778
3359
23184
19575
7332
14521
27889
3069
6303
39324
7810
3903
28709
10462
10234
19150
40112
47336
11960
18252
2515
5341
23952
44471
453
6012
1160
44385
29752
15397
46428
7307
178
3899
4909
32821
49673
4144
12736
11870
4900
7853
34514
4697
16417
7936
5816
22478
40394
16171
22933
35920
269
25298
8002
3744
19841
9580
31765
3637
645
7136
18929
31030
19588
36035
32709
8773
37985
3180
38164
10476
3366
50148
34854
2425
12469
28597
56685
10217
583
11825
58296
10125
15120
3840
15393
1506
37643
1986
33313
32986
64625
39908
29267
13494
56889
4029
17705
2367
9802
160
41972
1094
8343
2955
13850
1227
18093
24572
4307
27694
26155
59977
1170
17825
5282
3677
2043
1871
16181
5805
39876
550
10870
3622
20753
4488
28688
53319
37803
3563
41620
11608
11546
19742
7519
19474
4313
54327
13313
8629
8749
950
12651
2103
22327
13036
7116
15680
44256
14458
55752
14847
8229
3506
19391
57360
1255
8958
18391
2499
2103
60967
1447
8146
5255
73162
22087
11675
1372
33541
56569
34063
36318
24403
6372
23038
28937
39038
57062
1068
14354
9433
1928
37661
1751
5383
47
2634
3327
42830
23357
3232
21201
4398
40683
10758
37325
30226
57255
7038
14576
8325
7441
49753
4648
42853
5050
6644
10832
62471
43810
7269
7337
40580
342
10759
64199
3338
30307
20904
8434
45187
26782
26730
40587
22365
10989
500
2685
20992
18271
63653
59702
11779
23144
63816
9351
4908
11978
28609
20373
333
5100
12859
12117
1189
378
29039
10911
36957
15273
1060
12482
77352
4010
4378
420
13913
27454
43579
8526
27660
8156
18914
38663
343
3878
23868
21375
6251
8811
49163
50369
2200
19928
19616
7317
46898
8028
10664
30172
1252
31005
4392
39981
27245
12729
23623
37244
75348
49239
46769
55878
29804
34323
16483
12004
21035
412
2111
9604
7595
7588
11618
57390
33461
42544
5728
34246
35396
514
4051
30211
11695
16461
5304
24807
18727
2795
881
18443
1165
12603
566
2377
36401
27767
10077
3737
20524
873
40787
8258
3972
14182
17101
7656
22117
14180
14205
21578
4328
7801
9635
29784
3865
31529
1509
3634
39507
32792
24854
2223
31126
5741
550
22351
39784
4756
9196
19426
21572
13275
19888
3472
18764
23470
50688
18540
54344
13275
9969
31772
16241
27051
24740
37431
23958
9946
33047
9426
99
12357
10499
42516
11030
13684
2425
44115
47973
34019
8361
10944
32113
29313
951
5921
31008
136
2256
4586
686
3419
40820
15096
6825
2634
37559
27684
42967
658
13787
32489
5315
61229
38919
1609
13119
7090
50166
19672
25589
17524
63215
8458
1989
756
15765
27596
23750
17007
54028
21899
3033
64743
24424
53566
25502
54884
26364
10201
10527
70185
24782
21723
26326
10849
1557
22303
19083
10617
3773
34213
16792
2170
3601
17429
37073
1038
43863
19980
5584
28305
508
53211
21824
6145
22609
6188
41066
3968
16663
10901
3598
57602
27401
31808
374
13945
4259
965
9762
7281
1014
47966
9833
11951
21486
54007
10265
10406
3107
11817
2433
44221
7039
41524
35486
46995
16111
8098
8414
20298
26216
7748
2283
887
25128
5468
13199
1558
64587
13034
2670
7136
884
42156
5533
14230
19718
765
2484
1040
16056
31753
13298
35592
4347
14375
33258
47116
12509
39305
33900
17132
13019
45186
3258
7673
7554
19057
11856
46675
2142
13812
48506
7996
1773
41758
2246
24226
3988
10971
17964
4017
13779
29627
52680
69555
22181
3204
2837
40472
18340
12556
21014
23551
11952
54916
2208
20093
31553
1539
47491
43835
21386
48019
26084
18090
43129
43626
2874
12877
2062
19703
17334
25289
17517
9611
8977
31464
201
8769
45111
22929
1659
2551
105
75434
3387
72832
25513
5279
18261
71788
31970
4661
29901
10768
15949
16199
18486
24904
24502
15974
39290
1373
4259
5972
27285
18548
11799
16031
20588
3723
233
35148
4808
8726
7365
1313
40098
38054
5667
30171
23252
13844
12027
37232
5496
39339
24872
9800
12642
14029
19704
8958
26816
46475
12572
35815
14956
2576
35457
9281
2564
25585
985
13998
1812
32365
35023
5424
16238
1186
20237
41235
56453
33161
12962
43048
616
7
16994
27334
36687
10166
32343
1893
3743
24308
483
2936
5809
34931
63693
9434
11137
8241
19932
13201
3518
1701
10571
205
10302
10224
7094
24779
1272
17874
1671
43403
64101
3070
4187
34573
67095
41623
5029
41786
1074
3814
9643
4257
16538
6396
16390
40422
2225
24089
8677
8307
1557
191
5001
788
305
16991
2721
11274
28434
4778
9975
1621
35079
55429
5872
3973
16552
4391
5971
45807
18564
22729
51185
20815
313
6908
142
28299
3107
50373
2268
45747
6279
1701
39721
3832
44084
13964
7614
41013
12710
18903
21529
15398
29961
45089
4715
5296
20911
39252
4372
27519
6021
30931
22251
806
4946
7228
12637
2746
4340
1080
13241
20390
22964
31922
50329
8527
2044
52550
16662
48764
1796
57226
5239
41615
28943
5199
34737
4022
13711
4607
26712
13425
4825
24792
3327
23813
26254
4829
2150
86
6439
288
27268
22952
12757
15562
345
3231
3178
6959
447
20567
62524
3277
10506
41
18899
3336
59978
8725
23294
15060
27012
1686
4733
8380
13460
56503
27734
26608
32381
4033
865
26007
454
7746
1207
67981
4420
1324
15096
1728
41
2082
49560
10850
6697
10021
40230
15563
4901
41023
28614
8260
39474
354
8505
33084
1
49291
2867
9548
9467
16599
29444
9980
9507
9860
22090
6263
37120
17575
13638
66470
62511
1337
56553
57233
2954
52105
23798
1636
10516
1701
28854
452
56120
15754
46299
26373
16395
16609
15054
46599
27575
31062
5474
10534
25721
40969
5812
28919
3069
14923
6351
70004
977
8249
29149
7769
47479
23849
370
10533
10580
10444
29970
32759
3800
4088
7999
4833
24812
55737
12604
30304
33548
30594
19911
14056
493
66007
25453
1441
20111
6759
6116
14954
10414
42900
59586
27434
9027
21527
1470
11383
19652
33875
1481
12239
7090
10575
13310
15164
19105
38282
8633
56367
33006
12917
2048
1793
15601
9551
12514
7487
38015
44420
9841
9689
4005
2063
14680
14864
3782
11288
14017
722
40014
3655
13308
2912
5158
9677
52010
1752
16552
2712
999
24664
2178
9283
26046
12136
4831
14541
44999
27062
8989
24756
19907
43376
77
30887
4144
34362
21792
61386
1992
6981
37891
58031
34321
52556
36521
20166
4414
37686
6164
24278
7215
15647
1762
34719
1926
10389
14540
23861
42560
1770
35315
33197
76918
6659
23151
43292
4483
15347
27805
12070
31956
13257
2096
10972
2759
47568
31940
1206
31007
6808
4535
9852
2898
15266
1710
53453
32105
4350
11003
9006
20073
60572
10104
10875
14122
12959
13172
12544
28780
141
19628
33764
18450
1257
6413
5463
13275
25328
43991
674
27266
31645
46727
33148
12469
1035
27264
2969
14658
11280
18643
3451
193
24125
1044
15884
41612
823
11465
41466
3253
3085
8168
45819
1873
7894
38598
10311
56484
8644
13779
19405
29577
36345
48065
7710
39596
12951
59003
2364
16480
9737
524
11896
23625
3691
42360
31612
1778
29779
7105
29934
2305
5306
1410
4243
38107
29820
11062
2354
37808
34066
1539
19763
37056
9114
43132
16959
4762
4850
9168
22499
49878
11382
9335
36201
54495
384
34238
8190
19623
43522
15985
14100
8394
70444
18164
4256
5236
3851
6128
11914
7545
8973
5409
7922
5375
13419
6869
52510
32561
54797
22159
40508
13194
49672
24503
2472
13298
24218
1133
47453
337
10369
62974
8755
1072
3336
44565
14774
14307
188
15104
13690
1886
36097
9576
26992
43412
3028
6066
51362
27901
5905
25422
8393
4775
5100
17368
18411
5558
3417
26236
16401
13078
4280
16639
29095
6
37410
8346
7600
1438
26704
4872
402
38392
2500
10698
34509
23514
52491
46301
5031
21997
44218
29554
10185
941
2446
28
24050
32625
69249
66607
49140
6377
27759
51819
42679
13728
1830
890
7037
46531
16083
49923
2593
11582
44350
1627
69548
23531
2681
930
8043
5405
10006
6126
15656
24003
69499
9624
40091
32828
1752
12101
1074
41295
2404
38943
36489
462
9272
32920
4697
4693
21723
25104
23787
3998
7835
26006
47285
26047
12330
58208
38375
39647
3843
22670
8492
16331
21202
16345
5902
17286
24271
1298
3430
50005
54609
1061
17969
48155
54193
13960
25691
9001
22
5073
5102
22064
27143
19502
19600
5914
3756
23085
1613
53756
16995
6486
36568
149
43
282
9857
11685
53053
35610
13262
25177
14801
16377
5081
52109
39801
3681
1504
35852
37691
27159
4420
18573
49693
13588
24722
1907
25545
29649
38738
47012
11706
2713
3964
27817
18170
49629
43791
9888
49986
64658
21711
4039
9322
29016
26548
16628
26439
18780
21986
2049
25028
18246
8561
9638
39846
5833
9607
24030
17287
45896
4995
4119
5707
42188
9514
1263
7151
30704
2552
65329
535
5229
28389
3385
51171
13182
35834
47581
11547
69733
70096
8265
4740
42519
9033
36143
5264
33331
6487
1831
2416
4943
57137
11647
12456
39212
18098
7153
1166
9669
7892
7964
16342
13940
11387
8276
5436
45418
1995
1415
19259
32385
33722
17564
38473
30369
3214
28446
25832
18876
5957
1676
19435
38503
14646
745
21537
72452
1370
1510
10631
8501
44247
22108
5813
3089
18264
5837
8619
10791
29039
12257
42995
46839
6864
8990
53775
8019
1626
9153
7130
2858
41776
25160
54853
42507
499
30553
38197
700
33664
1244
10932
22540
11295
6603
695
47424
24435
17116
11927
16210
10151
9383
38185
10228
50426
2079
8258
13289
463
31576
15331
17656
8083
73761
7762
3589
1887
10670
39942
16156
8479
7273
5036
18810
2041
1223
18039
53263
27633
29182
888
8508
13566
35850
12901
15608
446
4296
7602
60551
4310
2171
5261
23450
1072
40557
5628
1231
9666
31431
45591
9845
11656
28105
5769
3608
864
8203
43502
59519
4574
20625
2020
9912
41000
695
20415
46650
8560
4716
26956
26106
14622
12269
38585
7249
19192
1748
23714
8761
3215
21743
1473
16143
36994
36538
11889
685
34715
9180
44999
30188
2972
1381
3620
22325
32070
2422
13106
29302
37132
30851
19035
4518
60562
2451
13499
954
21413
54264
786
16529
59331
68
6512
2128
9819
3473
5494
25401
19789
208
31086
25869
7438
608
5037
7533
228
898
735
4294
61816
8074
974
32646
121
15428
5465
8903
1609
26799
62121
66789
41819
22047
8553
1302
15761
39625
54333
39979
18640
54791
1861
45221
14545
29024
23162
3910
3625
35976
18981
26324
27732
29821
31352
61735
5110
6886
842
7758
23034
75125
1324
26457
18973
73001
6129
60191
7444
4994
19414
33764
1237
47225
4841
67399
8893
23911
8715
24866
435
4036
37675
9575
48748
5490
194
195
69856
1510
20034
3764
3381
45078
19397
26569
5936
31123
28135
22230
6937
14089
26167
2374
29040
8495
49764
36664
23426
2894
61792
9437
12559
16592
15942
54302
29613
26428
1424
44340
20199
8804
2943
7469
13150
2012
2070
39644
26545
9151
3671
28219
398
15424
20897
13419
30972
24536
23120
54126
90
13916
22355
6400
859
45878
36161
6879
147
9457
21709
31617
1510
8056
32865
417
38271
1874
20216
7071
56263
23325
19383
1927
32501
8914
13858
23864
18652
23648
2628
12827
5735
29288
51514
15603
37835
29284
9016
18314
948
6896
32587
30425
7102
37648
52066
22190
2402
5317
29838
2515
20126
4515
12021
42612
15067
3816
4292
37314
7231
27125
14012
19512
54556
13080
56901
7994
873
52951
14004
48170
15672
44510
21435
24185
4570
10926
31914
24651
19391
6039
934
2123
6048
16396
648
15231
55825
3790
8426
39224
16848
14536
24147
8713
14903
4936
39824
15133
44279
1060
186
9109
31307
99
19477
28115
13555
7097
24012
25378
23051
25394
64052
8954
8932
18547
5043
43513
24279
28
9736
32568
803
1048
55456
50154
1090
6607
39685
4551
28212
23659
12757
2560
6316
36324
2158
15521
37111
8741
34071
9130
102
12032
1108
36907
2952
2938
9404
10948
38449
2399
22686
69
4709
15336
49840
3293
40814
17191
32023
11085
17066
15288
3201
12503
1896
42769
7935
54613
28202
65091
11351
13407
3809
21927
1762
34476
33369
9313
14144
8245
9330
12849
2089
27903
3720
14058
43256
21566
33105
12183
26206
2280
29650
19185
44440
3368
1745
8764
402
753
10013
40754
33438
2920
3359
11236
42123
49182
3914
44974
30180
13790
24261
3593
55074
3392
5986
34227
6607
7679
11956
33271
50595
19355
1310
7150
11810
57491
21226
33751
24751
50593
150
11840
64611
5807
3908
27748
12925
67
42481
11895
23410
594
5034
2098
1861
24554
19272
36884
3688
2818
33069
7558
10543
10447
2379
18424
5180
39344
52703
3328
35287
36729
21938
12588
15704
5898
15168
7507
49375
7351
38675
41439
49892
11076
36151
2931
41802
17470
11350
19391
22407
386
8576
1842
9260
11782
47273
7174
17283
2989
58478
24713
4014
12518
56523
3741
7427
1435
43579
73235
38700
22273
31748
16944
36189
11473
29437
27711
16212
44862
35954
16371
25080
44559
19874
8729
15049
588
4490
2719
16076
12852
13923
1967
57620
18963
50827
12514
33047
9930
8782
4897
2115
18930
2001
31733
24047
23308
11714
4631
44671
47675
3582
39709
15913
1799
67579
22193
7830
38834
51
9230
25580
57430
73401
9204
4618
25591
50297
67993
17946
18509
1434
36659
18782
45310
18784
2220
4311
2954
55881
25892
12885
10403
5220
367
1549
21606
1841
17663
2592
4840
21654
1223
15362
7672
39381
29441
3804
31163
32892
11368
43272
6760
3601
16271
4261
11214
26705
327
2573
38132
2437
56160
9983
4888
4364
25370
23491
9370
24679
19513
43754
29043
21068
2779
64866
46291
8476
799
2697
26449
28864
6966
10493
34118
4261
46517
9387
20722
18194
11134
30206
4176
7763
62145
17295
63595
9829
42263
497
53146
16556
32403
10256
845
59029
41125
8184
11779
15442
37616
5197
21659
26690
31415
2656
52283
40256
1339
8021
38752
4196
7816
16524
6242
1778
1677
1720
4390
3180
3769
2316
6488
3671
60706
9716
36587
25769
17178
699
7284
36418
2474
25500
17553
6671
29892
7860
43929
43
44310
603
3168
48519
39100
14993
3042
10640
4220
41518
17754
34347
60349
34322
899
5217
54793
4857
2641
59377
6868
47097
20062
30838
29
26187
4061
2563
39430
22720
12346
25968
35397
505
71608
33699
29695
28627
11311
49595
31894
41080
61611
3690
19074
15531
32044
10720
1145
10440
3886
2350
7231
26747
42906
14092
54516
40959
30337
9418
39466
8959
5001
2626
255
6442
42883
5684
32572
38131
17457
2195
1526
2427
20439
1248
66051
15391
3498
19182
223
33738
5660
55243
6802
3190
777
3831
4530
2040
17101
2757
63923
7233
3973
4795
28256
29078
5609
13832
26530
13918
17286
32094
2915
3178
2886
38360
11777
6761
9260
11908
16936
53690
18355
33
35556
15461
11988
2294
74197
3257
13569
8820
12217
67880
3999
44846
10731
4950
6748
32110
47253
2159
1411
35808
8728
16891
39366
45580
6507
21208
21577
23174
15236
73841
947
15126
15839
4195
9137
31635
12452
33234
36404
3125
6970
16723
3691
22452
23055
646
22642
18991
25833
12347
40723
42105
38124
13982
20993
4077
29258
2807
47102
7133
9255
56509
2455
13880
7428
9197
292
57870
10128
6211
1196
20156
983
18105
15037
10815
18833
26670
11225
11317
17499
17633
25360
16747
1596
13061
12906
3089
42
16641
59553
35324
12355
42856
2551
4691
3191
17053
45370
22562
29788
19674
2983
70191
56717
29275
17019
9109
20670
6400
6647
30910
4865
2984
20210
20295
7111
7259
2573
2054
15604
47525
9187
14756
173
41866
29530
3895
4124
23215
2691
45038
34262
9957
20607
710
3529
5562
61123
45560
12933
28363
16257
2434
29831
40714
46282
1470
26836
3083
15334
9853
2762
1130
53199
3284
16688
5170
4953
3841
57
46031
27
11836
29941
300
6400
11842
12046
3284
19539
52759
53492
6654
54699
61214
28077
11888
16919
26469
5741
12024
13325
11690
1362
22388
13834
44384
1464
30020
27176
65009
4892
23194
49695
4017
15374
2950
36254
15772
52141
34310
31472
24110
25928
32204
1875
34486
45593
53352
15950
4317
62866
22211
30655
34008
22857
2173
30781
28049
27355
663
39791
36077
23854
11308
36386
313
41378
11988
10964
8301
6537
317
3881
9009
48914
13613
4540
31707
35242
12223
12916
7062
707
35319
8832
29971
41025
2138
3481
8430
51504
1352
17430
14263
53907
8501
3744
58110
12591
11
9944
40231
448
18749
64179
4016
31439
6407
3935
14685
48440
6835
53786
2871
36394
16459
23883
35074
7869
14653
2678
23730
3420
19037
68343
15531
22431
33179
7904
5773
965
6041
17991
22545
9249
29888
1988
64971
7444
48132
1578
31253
1855
5806
656
6344
22687
14791
17519
8777
8999
40064
41440
4
5307
261
37951
7211
31773
20605
75352
4817
26987
10687
17171
36575
2470
9921
4956
988
422
15179
7984
8589
43
43120
120
40175
12721
2440
22342
42320
3885
65869
9360
17299
1449
4765
35503
2944
29977
12230
34658
27106
21044
5279
26636
61131
13733
66
5641
3606
36822
1055
58662
70427
37317
66591
8861
21817
49659
4271
13500
28765
23875
27105
1548
43701
33082
64003
23007
9450
32182
63127
17425
16754
2974
640
4924
34266
12766
808
5731
23496
11913
18607
10901
6066
52988
11948
10034
23841
30463
27072
33940
4555
9770
2082
75325
9436
29064
28021
7367
952
1490
724
19303
3808
14189
13849
10000
15336
34978
18460
8105
9349
13696
40221
29967
3499
59793
18144
21008
4628
762
1276
8055
30557
12310
51812
3975
17001
28919
32778
13354
27388
21804
15447
11174
36737
8203
55941
30841
21886
17305
35849
885
11272
7587
10937
9545
24605
7640
2908
27748
6293
22
20543
9209
19408
23506
23495
25627
5820
58274
2241
32144
9440
68523
26874
5983
4367
43700
41421
6622
1020
29313
19798
4724
65358
52707
662
27346
23311
50211
18214
3574
8764
23434
1605
11656
45016
39650
12909
40319
7419
2325
12751
3734
8301
6195
32019
10704
2554
5367
39863
6012
20122
26414
3148
26359
32659
36216
10938
5775
16087
14663
1954
48062
36720
51139
3192
19007
36466
1609
26205
30666
34539
18926
8326
18350
3126
12838
6002
25398
50227
5056
2038
24815
813
469
5190
2996
28936
43608
1609
14038
3668
36028
27488
1606
11635
7748
21698
26057
47598
321
2605
34742
16728
14979
36262
4325
11847
24683
5094
4511
6141
4924
27502
2922
14437
11009
22245
69236
68585
31225
181
2240
19580
1210
1770
213
51628
2468
41709
160
4675
2070
1933
59235
17255
32982
1758
4617
21601
18603
1632
9384
3268
15688
100
9725
4733
55362
13488
42696
2283
49268
6059
25007
39787
3017
34111
1994
1372
23612
1549
50733
35388
11809
41878
8277
20309
42038
4265
4878
5611
5039
5289
5884
2553
49243
67
11942
2051
13764
5410
11469
15280
426
8792
49229
10658
34096
4365
25240
60568
257
14996
2809
63041
509
31645
71753
7709
820
5578
22681
42554
39642
23174
21830
26349
61955
3594
1060
3762
17425
20339
18800
47706
29419
50786
8261
5591
35341
1446
1267
23326
48186
13929
8282
10849
26091
66386
54282
37945
7255
9922
17356
42797
56271
52976
11089
1992
6075
19879
41004
326
11447
1634
20028
18127
11348
43626
37141
38502
25488
5561
30140
50772
35
6829
30705
2173
5533
17497
16569
3456
1167
2536
8507
16380
21148
7879
41361
23087
49122
17921
18191
57740
27068
35525
48491
11678
8040
35680
25915
25668
19742
26889
28391
3523
8981
43148
38484
26351
1131
1001
2504
20842
68525
54398
7742
61900
11955
20315
9026
14653
3660
195
10158
21893
422
8376
42010
33985
4054
42860
28991
38957
41507
24249
53204
1088
38876
52023
18998
6652
18095
8314
671
21348
7824
9765
52714
47826
3712
5163
264
22869
58887
6548
2423
26551
19737
33445
44507
10305
72795
109
3973
12576
8703
119
33144
26681
13926
59412
2219
22552
4401
1444
91
50852
48067
7540
11332
45003
24574
379
13691
36069
5367
33682
28944
41466
28134
35474
21484
11410
349
4380
5470
24696
8504
2159
2775
48102
2070
6658
35359
38848
29337
5559
26293
16248
44853
40254
32735
17403
6567
1690
21316
12532
50626
54698
4583
38466
43564
27077
1733
52632
40601
35757
50756
30548
206
31344
17414
64488
5883
52847
6855
2528
14565
2667
20524
14658
2546
43967
158
1533
31214
16927
6174
3085
9292
2324
2316
32092
16042
818
1661
8595
33359
72053
19086
29605
6930
8429
24610
26357
18909
51053
63503
56696
4872
32985
19164
45314
6306
29857
5704
34916
15036
3737
24226
192
8439
13981
93
16988
17141
15378
10135
3723
77521
1310
1372
29
12963
18527
36719
25234
556
9717
12962
357
39738
5667
2381
734
1759
474
60293
10310
4785
48522
61560
686
3897
222
8926
19533
8040
25631
25410
544
41867
286
9629
10562
6332
964
13693
68993
16077
64204
37451
41690
7036
38125
12634
8397
1003
19911
28000
11007
13701
5173
37585
13302
2231
36201
11233
5840
10151
4320
56687
9849
3941
16348
12683
869
3842
7258
12280
500
13928
28400
2287
3301
19506
1721
21465
2028
6339
23535
23388
64749
15086
6400
23019
52402
6127
47676
31724
26306
10685
733
1494
8433
21178
2022
54
19768
23839
112
26585
25955
3222
6771
24050
13082
9517
7438
14097
54134
3679
12225
47538
7945
4726
10769
3241
8701
4106
4440
14443
9881
7646
178
31385
31905
38761
915
8452
2052
23302
3593
49136
21169
5883
12730
318
3789
14208
2628
27
4618
31691
28175
454
1667
22493
62139
56252
11191
31561
6476
9385
5419
13580
4064
28447
31202
7129
14061
12035
2668
21048
14399
34202
26988
41800
1090
721
17185
21655
22767
13905
12722
3204
3071
14
8746
11200
9110
1055
40
125
24436
1782
53777
19889
12344
15754
1866
51118
6858
26344
2218
14455
45094
1416
5649
12446
9564
1063
18437
4536
6892
1854
10229
25843
14740
27115
14218
453
22112
4056
35490
1245
31326
9341
8070
7707
41496
19433
13907
20966
31165
1585
3475
11811
22607
6807
1329
7612
446
28227
3548
77
4485
14627
4487
31643
18129
47258
1784
16402
3406
33639
45192
44341
8440
4538
721
31189
55600
4018
26384
45583
38360
162
25447
15410
16220
30437
2023
21568
1812
29558
8762
4906
12249
22510
35219
9155
7339
1696
53435
47686
4178
17856
3355
14347
13312
556
34931
5860
1387
6842
15665
20228
37178
3303
33481
23200
688
35948
4587
51525
1198
26145
23342
5202
2343
45397
7439
52109
26439
3278
15340
7453
604
2744
16623
19361
369
2302
4310
11159
563
41154
58149
479
23802
10345
8409
7653
23741
40863
2622
35716
6275
28655
4761
4418
27109
2845
17261
736
12876
26891
22829
3743
61987
43481
37656
4762
2569
8421
25040
10793
5512
3650
21242
49774
38535
3122
27809
30096
30913
3030
7986
23821
38646
38960
5536
19679
19462
9963
9693
11
14618
28264
7012
25362
4371
369
58711
579
10980
13782
11628
14281
56092
1023
26429
1684
12190
22988
22576
21126
31668
65281
15296
52716
40502
5018
14137
8351
20616
1822
8797
12066
3005
13348
22226
21073
17973
41705
27509
55245
21466
24381
17336
23873
20887
608
13286
16265
4813
14279
52880
6
25041
9786
67660
44018
21714
4377
1861
41922
4267
9273
52449
16279
52073
185
24188
9104
69706
16805
46565
4423
53064
25117
398
839
3672
39477
29486
7499
2278
716
343
69
46579
19467
43648
7322
19595
1906
2151
19387
2234
4670
15807
56025
24177
12327
17007
12614
325
38946
2051
4658
11495
48359
121
32822
5954
25699
40518
9142
2060
9259
704
10512
9934
46145
35014
20013
9844
17222
9871
50360
17804
51983
10402
35025
19557
63456
77385
10997
43556
37791
46579
20091
35076
2597
31709
28616
577
44804
35699
27697
13950
8047
14577
30148
14796
2746
15509
38047
3845
36366
12855
21302
19777
32258
8094
45720
7259
13663
22024
12979
3834
3611
2084
9455
2793
7317
1884
793
63197
16015
43528
4397
13999
38976
36966
3012
20099
35592
21394
36387
1057
20029
12997
51720
2114
6503
20944
5541
8227
24065
56030
1595
19057
47652
6714
6636
53032
26053
304
19006
1980
18580
14188
21768
15116
12471
30879
3272
5404
33
8720
24008
8705
10976
30986
4897
6320
10758
26083
40658
7603
322
11578
241
6637
18142
9906
14065
8612
7130
30856
17070
5122
68086
14186
11323
74758
1708
66895
17685
4189
66849
26557
20517
26700
49184
19212
15596
46716
34436
7637
32839
6657
43103
43882
11290
4264
32840
4890
6224
19261
17422
398
7565
57446
2197
20545
12898
28
3793
60700
2411
52750
47142
1120
8304
38293
21866
38774
14065
17520
49688
51381
47586
406
7154
9441
3584
72401
20202
14947
38932
29903
50700
35727
4600
2917
26923
4077
12480
13199
36843
9719
1674
262
10173
10873
23292
5498
8978
62247
2138
26832
45205
12249
37186
19877
25844
12673
2979
11469
30656
30655
3659
19714
27293
30412
31394
3682
45106
2217
15278
25289
24332
26879
1387
5575
21758
21095
4266
50484
872
51499
1236
12152
6459
634
4959
12288
8950
14752
11275
16158
10005
74307
34600
42861
24719
5797
6145
17761
15453
29350
7033
2382
30748
64318
5578
15314
1591
40764
33714
16398
11050
41818
7661
11536
31928
6291
92
61866
1414
210
51448
41345
26402
1017
1945
28
22224
1963
13691
8270
63523
4058
2311
32853
14548
58066
30115
75079
25177
24299
952
2631
27742
537
58592
38085
17504
14766
41233
30353
389
13061
15857
58742
20771
9355
11996
35397
1033
5826
23271
27998
649
11728
4388
46844
74707
4306
34501
7368
30179
139
2184
34079
36633
7124
12242
9339
1858
7721
44970
24607
16996
46622
3195
215
36663
5051
24875
4228
6111
1377
55951
30887
33005
384
1938
49924
2570
57493
1957
7630
7091
38756
6152
2337
7224
1791
11653
150
58605
67113
14793
61563
1612
18839
14994
69873
35504
14143
2051
32302
1600
13023
29579
3789
33887
38918
60579
34706
54418
16045
1996
35449
2230
26750
48562
10726
39071
52080
5166
24513
9840
20590
4462
2950
52519
67260
19981
17169
39029
52185
3223
690
31488
2390
2211
354
3804
6596
5296
35834
38436
7219
38787
70186
6036
880
22935
40995
21750
36797
28125
1503
24953
393
47786
24314
15877
3040
32238
5173
39492
382
4206
10669
11936
22185
10894
25336
41478
14704
10704
15532
753
30371
11897
49840
73613
6360
22521
80
34234
3227
55064
3028
26301
11888
17202
12825
2454
51608
40358
47085
2172
34682
8437
28158
28387
6971
2270
1456
43830
8538
10031
2174
17290
38791
855
3327
8567
11034
62277
17891
15592
63388
54057
9664
38982
757
22563
33704
5101
25588
56927
14458
7424
15217
60038
13510
55940
527
9333
1808
12517
12866
34133
22170
49733
54775
23570
5426
2256
8006
30206
8670
28566
40985
8199
13474
68
3254
45079
23106
41001
1126
867
44935
38667
21865
19920
5511
2110
35107
25998
21064
47156
22536
27859
8198
22666
27328
23777
10990
221
17942
9182
9171
9050
34988
10403
1307
61368
34947
707
5352
14849
10484
29953
7742
31797
10153
43722
42779
48010
23041
21565
10238
62497
17991
18943
62381
13431
31783
5750
46965
36887
2496
7485
24641
8730
20425
1153
43484
54228
60418
14120
25246
50631
18750
29679
6740
10815
9350
939
9706
25263
21043
3989
23092
11585
22561
99
11611
30570
10565
2681
7489
26713
341
7861
54303
24901
61104
4175
7369
4949
10940
5317
7301
19965
27641
12710
67848
936
10535
1766
43155
28785
51548
9275
56032
19864
6265
2623
14230
56021
11206
41111
33843
54250
6329
62303
22807
10817
5284
10936
12402
2560
673
4088
9703
34503
29837
39856
29956
15700
8530
24425
1718
23258
36752
8353
32985
10037
365
53950
25
18400
15406
4850
9461
4268
23782
12693
37583
14759
10803
7290
64905
8732
34339
17692
12768
15861
1184
32496
1443
4831
65335
22624
7869
37284
38005
8749
39108
9949
1105
17368
21061
2286
12444
6135
48996
5092
34607
12255
33217
23940
3757
26094
10227
4601
2205
3421
49337
16881
4189
10538
25953
25018
20877
550
18854
23571
7489
28923
8037
13070
38659
2242
43684
24170
609
19513
37658
24570
22711
47353
51035
36637
1599
31193
25597
6568
24119
8889
12518
5161
17839
10502
794
18613
50090
5242
3623
14758
10639
8231
4534
14677
35088
4654
7629
16414
24172
4056
4140
3854
15206
5515
19721
27698
27901
13280
4304
7040
24530
1873
17546
15621
20813
4207
770
4000
54221
8163
42717
598
8570
653
56275
33517
20936
19752
10010
23649
8272
4340
41635
13537
28461
19849
16215
11086
1898
3914
44504
3206
4116
11070
66
6251
5732
2817
25119
29288
13324
5576
15276
20857
9342
13998
20168
1062
24325
1646
15091
15465
21255
25664
51299
57497
34952
2881
44802
7453
23918
972
19187
1233
780
9982
756
45302
1661
17282
27590
8213
65482
55473
22975
462
3286
42035
53485
2
7481
8443
147
35232
33004
46209
5972
11194
3668
25652
2415
39135
39424
218
9696
2300
67684
4109
15104
3729
45243
21202
7346
5560
759
1653
50172
12364
1355
4209
21289
31276
62806
43424
9801
6020
59054
24958
27159
1913
4210
22136
45735
5602
33884
12238
1084
66864
245
54448
40197
14647
30655
11575
4017
12050
23823
14617
32493
40169
22189
47490
25411
4830
27160
1669
9244
34475
18105
7782
62984
86
14638
10294
14219
32481
20072
43174
9940
1679
63935
38919
40653
15683
8304
20456
70842
2506
41280
25430
20266
377
16046
25223
2432
41439
22073
53360
2497
15768
5641
5545
1471
11943
23247
20593
4420
29365
13355
58563
15263
30793
47366
7139
11155
43496
61799
27225
43545
5721
5869
20599
11415
1040
54421
17304
13897
14753
32033
803
8410
4356
545
22144
25123
17265
39087
5736
1839
19192
3312
54852
27550
11823
18493
1495
14365
49759
4129
9422
23736
17996
52980
10244
13754
26850
1924
8066
878
55283
1923
24198
14758
53991
1867
10910
8467
15673
3765
2447
10473
18028
14162
4292
23298
2657
12315
37271
7041
1614
32989
57610
6512
8163
22992
5
25935
29087
12753
21609
6322
5258
12486
8156
213
9421
56002
40475
6858
2241
1528
30192
293
9619
38921
11301
8431
58210
16390
21380
4501
1571
49595
3386
36167
973
9109
13814
21587
26213
577
16289
17024
17945
6164
11107
26421
15329
9916
58087
11871
7308
1212
55935
13057
46674
2215
615
19753
10750
3237
36611
24404
2615
39484
14296
15551
29014
14250
2182
26593
32609
11608
2151
12572
28419
911
9930
775
28343
37862
18199
35021
41520
10164
130
7045
33451
48112
13538
34464
9342
10200
52699
10560
16217
31918
6074
5885
19830
1858
28908
744
42347
6215
381
25338
33605
950
3101
32431
7938
16912
2984
9963
19215
65136
40920
11021
14532
28501
2556
1397
13006
17640
56528
726
63137
35630
9377
28877
63292
11333
12802
16920
45124
19899
1565
46074
5637
9121
13871
26964
77525
40511
46061
13588
33407
69027
32616
39356
52411
23583
34027
17029
36056
3736
6590
33459
18735
18410
19646
8778
34000
806
25963
37721
9072
10010
12879
2592
38022
29727
6105
32119
1652
3905
2305
17007
11864
24882
41668
21159
20807
1448
3538
10926
431
42084
12196
36065
12214
14551
60898
10991
19407
13915
40695
39707
29688
6645
3848
238
15248
11199
56890
45700
5797
2672
36646
13310
11571
8079
30930
17003
451
12696
16330
6958
15062
31132
2569
16422
4580
8585
1652
14330
43687
4677
267
37980
14467
74
1459
615
192
11155
4439
13891
9139
12979
21192
7134
13105
15850
4665
26960
18165
6896
13664
11542
22828
237
7662
10316
14906
46341
3596
513
14438
2102
28443
27720
10304
37276
7657
3094
9437
13023
9918
2346
16696
1187
845
12466
3222
28062
53308
40187
4372
1159
21263
185
29290
8018
52159
24978
7210
16157
937
27615
38864
10290
38054
21510
980
11009
32991
31910
40629
25352
8786
2967
368
68261
266
23321
10512
822
18757
8926
2184
463
1509
10795
3048
11283
36915
28998
5559
5705
2569
8609
53117
29774
3066
49982
1547
27430
40758
1380
11387
391
20107
5660
885
10142
39104
52434
45078
789
11315
23436
26518
522
23531
6637
791
2228
7014
21926
3766
39587
10398
1559
27079
945
2707
4184
29916
7849
23940
19129
42880
47493
1217
7750
55180
5155
15040
20620
10352
23979
1557
50888
13199
36096
35826
21560
15384
4287
6279
23303
10410
24520
3250
34465
33884
5111
1347
22480
1372
39890
4631
57665
474
55046
13187
8339
4936
4626
19267
5838
42823
31335
16531
47527
1331
4450
20011
26642
1563
30841
23446
30168
20433
1576
9265
21440
43140
2443
18245
4007
48886
13795
19378
5670
6108
14347
17
27567
15131
17285
53759
25153
24407
19014
89
1054
245
22546
1318
13244
798
33764
36451
2992
9989
31350
47841
9196
42737
816
26256
28235
12865
13574
4384
2275
49334
27381
32004
46216
24796
40370
9767
12033
6900
8942
29767
321
46891
24051
13333
25674
45217
46178
19998
5617
21707
19830
58334
3496
12327
62315
2662
8750
15534
16995
11163
8052
12759
35531
16
24696
10194
20846
28860
2425
47
17164
18337
34401
57354
50143
606
486
5441
28684
13476
6360
8729
24076
48
4695
29382
6250
36133
56390
17783
3332
68956
15308
24070
7332
32240
20664
1459
23562
12391
40023
533
36190
18314
19572
7049
3264
16502
2917
37002
43755
13336
40705
35680
14389
8610
11746
35446
4669
53858
34215
28441
4911
38872
7418
57192
24578
5535
21364
962
40163
22933
11903
27685
58385
19441
26959
32061
4270
34510
45491
8158
7030
15996
13510
19479
18091
3481
21995
29961
18556
6368
34351
22661
56485
5661
20816
4925
1940
33488
38895
3432
677
2935
73956
32785
63279
57996
25133
12460
675
62394
2685
427
5618
18816
30181
6718
12089
31564
3930
25394
9224
13960
14253
11237
33960
11613
52674
52172
37009
18486
5806
52937
21447
13710
15395
7508
12170
18208
15568
4102
32502
3684
2527
35872
9298
30040
3180
64982
60090
17592
10668
2640
39967
48847
27020
32269
32626
9916
164
11055
15582
78277
16949
5844
15999
45080
10280
18276
33797
9576
1216
3344
50623
3880
36397
10868
12624
27240
18828
1928
44650
23357
11091
14208
18144
3425
16757
9889
18405
900
1480
16920
19353
58051
24063
29734
722
3593
513
3617
2453
34547
5675
19275
60913
306
10525
3580
47042
5787
29949
3265
39893
2436
69167
21838
7588
61764
3310
897
38735
31056
59713
1214
22713
16946
28548
23668
69758
17630
4329
15814
20564
17913
885
38517
228
15505
11141
527
12423
38512
19651
14943
64097
5459
28847
3123
36641
475
22464
31190
9552
13476
6343
6062
827
31979
16574
30089
8554
424
2039
675
56042
65446
23077
34740
1017
27580
1893
45213
58143
3277
6424
14643
21582
18522
41912
2501
9679
68490
9698
9575
45146
18214
55069
15033
16142
29285
516
46744
2404
11515
35678
13730
1246
27089
375
39395
75640
15006
28314
1464
37909
3991
17371
20249
58003
12474
45220
7861
7827
25546
33071
21664
1003
25182
74704
5991
66702
6891
850
92
26679
9120
19405
36
47954
5484
435
16629
25240
9118
2970
39435
18160
8297
25502
26755
5099
18828
8428
1845
10448
3857
6458
7052
54560
25237
8459
7899
74649
1587
10207
40172
3616
39623
37082
27074
30775
15906
4003
5527
10317
18085
13862
3522
2954
10713
3309
1688
12166
1759
26503
38210
19343
20437
20074
9460
69125
44087
4216
1392
2154
21691
3845
1269
11936
32870
8711
7913
7318
21679
4742
6243
18993
23285
1242
22302
11433
13613
67228
1422
14131
16234
2990
17631
49209
62860
23074
23966
46977
43811
6740
11763
424
17453
37648
16519
12359
6063
25954
31060
11468
42284
23616
47895
20473
5043
54127
2105
50416
1979
8609
43925
57611
2866
39921
5415
2193
35294
59587
21223
33609
21387
7701
13481
19235
6589
40209
35821
8496
21756
2398
3324
1301
1252
22465
25836
17101
13820
14939
9671
422
3291
11002
6278
25900
2295
23046
57111
3542
59766
8550
33826
50441
13251
829
8200
26567
17258
6602
49875
3548
42750
2188
26172
16140
46094
13859
3598
14475
3392
41969
9115
13267
519
4158
32015
405
128
6322
1606
20112
11791
367
1547
2792
38818
1599
7752
21474
53845
4384
8939
41469
782
15297
20414
45111
4691
40012
67676
12988
35421
62402
54948
23622
7966
752
36305
50647
18455
5234
32619
50272
13046
23755
5186
9765
27054
27962
1128
12110
54635
33399
62539
63432
16878
21560
37719
24865
7008
7114
19166
60997
71080
21759
12132
38666
32387
36926
3174
29072
4580
21155
47365
58308
37508
699
40757
12962
34661
26199
60605
6161
12735
638
2402
5572
3545
5762
28663
12169
15085
1491
237
67998
845
3540
473
13223
37016
9506
888
2815
17278
19015
14166
1674
2678
59568
29777
23580
42177
11329
44817
245
45818
30489
17793
26778
16899
10268
29659
24918
8623
17096
27026
1852
19501
2128
3285
14215
193
7015
20321
35487
17758
31975
2993
19029
2266
14864
7712
8165
7439
71202
13768
35639
41302
30846
495
26246
67226
49382
27753
45086
2898
9488
36223
18939
21249
28875
5106
15856
43688
24094
14890
5111
54911
28051
66436
40867
2101
15810
48550
580
1561
4927
58221
18748
8624
8155
17424
27560
7378
3966
23863
1468
15250
50836
14751
1055
34401
7805
11529
140
822
6207
11264
2200
463
18744
2141
697
6864
81
2510
65
11110
2462
13703
11526
17187
20443
3539
12925
1199
23509
15757
14839
4882
4554
3499
26032
17370
21105
64164
43203
3076
67500
7210
26221
5014
19631
1664
59125
38387
6502
711
1170
57207
9342
18471
28945
757
18799
9636
10297
5600
43135
25751
6012
12610
7680
63342
11151
29532
2648
57302
18578
9313
984
30882
59083
56
15253
7297
32445
8455
7112
38674
56483
14268
51157
4057
20456
27119
52760
22664
22210
43426
44938
19554
17482
24301
2259
27202
56957
1267
18216
31386
14129
3755
24707
1260
22078
35953
17809
56320
62377
16558
44937
31311
6217
31118
7641
39627
3482
14052
9890
14529
55097
3150
5431
1035
42194
14115
118
20167
6636
18781
5453
39727
10719
725
3745
12827
22841
9844
36607
933
17782
4053
6399
43095
25039
45
32378
2863
4795
24993
3803
3761
102
16237
56275
11560
7687
48486
27585
21694
25238
17846
15120
28376
35710
4584
22272
9290
47183
2812
20171
17213
2314
573
30761
3564
12604
31034
915
15195
28727
49039
4848
3927
28168
4450
4418
24920
21542
31618
10787
34458
29040
15284
11845
3457
11207
347
17514
20731
3349
26534
7561
29152
8895
14251
8791
28956
7410
9182
27988
38024
13917
21045
26312
15413
38037
7474
10
31686
15821
3862
10169
1855
10512
2751
3638
41537
563
4671
66475
47286
8743
11474
32184
165
23783
7602
74507
22827
28828
7940
46807
23388
20375
50
27660
8222
382
15993
1506
290
1097
43695
12366
50535
1420
52550
37073
68207
47856
6963
25111
68946
33034
6139
16365
3261
19582
3813
24014
9823
41269
39985
68720
7183
12041
24208
239
805
63479
9165
49923
4531
29792
24410
3701
59951
2070
333
21073
4212
34111
46908
16842
14770
20512
43532
1573
1825
21842
50483
15444
15402
1609
30531
11638
36025
6210
35752
8161
18277
67825
13316
7087
53824
489
99
46399
76
33941
1972
36304
55
8100
5506
44212
10064
48588
1629
12457
28552
11391
379
14974
57059
46452
1191
14323
11020
27306
22395
21170
8695
12070
318
2621
44750
8633
22237
19903
16293
28882
19049
9957
5190
14458
5965
40731
16701
15788
19000
17940
17079
6641
18844
358
5266
64248
27342
13350
4878
6396
1622
59146
14570
43632
29800
16961
74740
3447
38787
12726
9281
33926
1217
33495
49770
47179
19501
2730
45149
30500
1575
3075
20558
31
1866
7475
15387
29704
64040
10667
8187
50091
36566
25222
22743
4700
8852
62623
46644
27878
12066
17089
16066
44448
11633
251
32524
58829
2224
36411
46533
13111
13721
23747
3587
27308
11530
2474
56913
11553
12838
3845
17995
27595
43682
17189
25594
48162
982
17545
17628
56051
8197
1779
63510
1116
25932
26539
20856
34180
2278
6706
10639
26827
36803
44823
58679
19170
26425
20578
28059
7084
27956
8316
7041
14600
281
920
3662
806
58433
18322
1109
8316
12400
41498
8947
19453
1034
12759
18495
4716
18062
27306
5911
8025
19306
73989
6508
18637
44642
6364
2078
2117
34856
38311
1511
1026
40074
11034
17058
1756
4830
29052
3122
6089
3327
27038
50339
74327
8327
6457
20150
26282
30747
13456
39507
6962
5598
7289
20841
7856
34214
31473
6311
10339
13978
7018
42388
36686
3796
10862
2020
47869
2071
23871
31830
26707
38993
4173
29144
7216
35015
5821
1371
19464
31730
7552
38082
5764
30593
19322
27314
12838
22276
49326
35786
2210
16428
6228
25431
13555
26651
35191
33885
210
18431
26029
14311
47332
21214
23664
16658
13000
18792
73762
22857
49
97
1686
41501
23523
19447
31547
35287
28173
3384
19403
15053
30432
55632
9025
447
67892
32602
4128
2870
37321
3300
12317
13345
6004
90
2921
62647
36284
52017
5524
14298
55560
11433
19864
1522
3291
62632
16463
5273
1930
12410
151
38644
5308
2153
52621
36018
48483
17664
2705
38394
189
21789
247
70437
12891
5707
47968
1502
1156
37257
47900
6711
10540
4362
5691
56025
6043
31988
28799
3559
18602
48735
329
26199
15284
21472
40190
33117
4241
35631
40384
14955
17934
22955
39937
53715
6384
12357
64224
18986
40857
4798
26317
36572
8670
43927
10534
6259
7241
8434
30335
39322
63049
12392
6063
3218
1965
43443
46279
28640
14447
7138
4006
20931
23790
6713
5584
1042
30344
16527
12303
2084
44645
11869
3427
4727
7999
13854
2273
28337
2580
22710
31582
31462
55066
64538
43049
581
14521
12117
23794
2084
20811
11188
2186
8453
26718
46577
460
6024
5117
31643
28346
67076
16162
14441
114
28312
1195
34746
59311
22040
636
19797
3609
54518
2906
12422
28499
35988
7381
17059
9682
9224
9662
23360
26379
8173
14784
42606
13813
30216
10178
54205
19410
1417
1290
43415
20736
6117
865
12252
6054
66704
42184
626
44125
42947
63201
4591
5986
5467
60538
52252
15357
1483
9613
3313
8684
59401
1564
10768
2109
42635
5137
51195
9004
8371
51095
3693
2568
13282
25683
48951
2827
48124
36528
6756
16127
3905
11210
15615
5356
20767
36244
1257
50735
12991
11319
17337
63036
18477
55743
66959
7129
25248
7201
21907
2846
14072
12261
2242
5972
1436
13675
3803
40006
7538
4083
42553
4419
5542
1647
19668
2624
21455
32905
5884
29690
5524
40933
1267
18179
1142
13373
11273
33221
5026
67711
15072
30393
7274
16477
4218
1239
2349
930
1338
6073
20937
20056
523
67721
6350
2100
46907
25187
10291
25485
6224
1850
27592
3395
2913
22060
6097
16626
58125
9260
15314
12378
37319
8262
15426
21760
14567
1569
16809
7428
18364
16320
23898
3862
2971
6974
29541
1104
23782
9186
62888
159
367
9603
46600
7313
12283
33827
800
1969
9646
4271
3191
772
26723
65628
11459
172
23180
30008
7890
3567
3879
20431
33455
33560
21683
407
54972
9555
28937
15807
25145
3819
36289
50004
21326
9233
11035
17580
22961
348
28107
51550
13489
12329
3921
10089
24108
50324
35726
1925
15178
11431
6833
7754
30881
21642
10928
506
36493
6010
19991
27414
4970
1416
17535
8035
44201
19392
5522
37772
13216
25586
5802
3703
9041
55825
13566
41576
39295
10705
7524
52594
6326
43627
196
3087
3917
47919
39519
12609
1342
31148
14243
35756
11437
21852
53196
4242
1295
16492
20277
44322
11197
1347
4054
32039
37832
5548
15017
12285
7550
8427
5712
19970
31
16396
8390
1483
51867
1763
20097
5422
17149
4622
6531
66429
6418
19754
19153
19181
52552
29060
12931
5284
25269
44797
2093
378
40410
2744
1231
16142
861
14041
1675
17791
4658
10448
38404
1836
13415
28861
55779
65342
23574
24546
59472
317
18575
21096
9183
2566
5225
2891
2472
23037
3379
26919
49089
12912
24154
6901
11201
47277
12963
4195
11534
10645
12748
18517
7426
9504
447
8957
130
1333
1538
1731
5344
26909
4061
4630
27935
48786
31749
31033
16808
32361
25364
43603
27060
9501
48035
12051
49648
4975
3425
10045
43243
42094
12695
25522
11262
6998
17187
39011
9394
14547
769
37260
5464
3916
26963
9069
7023
317
15474
71417
54184
2743
30636
337
24734
3922
19090
8413
25663
8274
3289
21379
3219
15312
55897
2924
19071
33783
13955
1857
9811
13859
64901
3719
296
50620
9903
17998
29784
13037
15654
6153
20363
6239
6842
19404
1210
22381
27708
47189
31674
48143
36770
11578
20125
965
10906
190
4966
6225
8494
29650
12659
43150
1146
34969
24548
5710
823
30382
14915
17048
2880
25516
61098
11492
13751
7142
12472
24349
2172
6906
13897
9453
4537
39834
11554
40456
36885
52157
46218
8409
524
4691
4329
37059
1343
5192
26247
9878
21556
14194
2106
8738
7045
1112
16285
55857
41692
58311
30913
688
3663
53476
22237
25247
18786
1616
41573
65765
3110
13052
27645
3045
569
20964
24213
18235
433
46702
6240
45001
1224
14777
53297
5043
56573
821
19301
64040
7868
22135
73395
25468
5765
2192
7934
54049
43736
8553
52074
1577
47
6154
4503
324
575
14835
19897
393
1122
48988
2796
345
4011
52767
2390
41631
2429
2734
24236
304
6437
18126
38479
3748
553
44292
8201
5940
41774
243
29406
2473
19536
18546
35499
31676
19777
279
915
24056
15883
18419
40096
32954
30854
34892
9919
33137
3034
9637
23594
70232
36
64648
12601
12207
829
14008
10956
30745
40962
4758
4641
24299
9601
14992
2663
9679
9923
37030
17351
28602
2032
3471
8841
15476
2373
7723
3789
23105
33259
32641
9013
57039
21977
10975
48860
8112
2585
28427
25069
10542
5551
3786
20141
18306
13603
9203
27965
4666
29013
1623
24482
15882
18618
6115
38626
66617
54907
8954
4267
4586
7184
13284
3342
15723
11242
1455
913
5499
6555
395
15917
4734
32137
2353
3610
25080
10495
1695
5822
10628
49032
204
13222
24991
754
14329
6948
3646
4943
4399
40142
7230
20750
5107
60580
15249
16689
21084
58072
62032
6967
42629
1527
2516
1514
16817
3341
26363
18338
828
2325
62460
28889
6553
50975
2544
29415
10501
16963
17202
16507
16092
3726
6235
4357
1638
24529
2522
51686
25651
15421
18510
11679
22495
60944
45984
4916
370
55
36127
3326
3666
25700
29419
38830
6123
2324
4421
60507
19939
13163
472
5172
3691
3184
23797
16721
1357
44932
45629
9313
3219
10233
5213
36316
4202
2577
63686
32935
18860
7840
22858
1383
1476
5404
32048
899
52687
17596
3063
3852
4541
22149
1794
15314
34379
11274
4700
26588
5072
35447
12915
46544
517
6983
4743
12555
27884
33591
14390
9762
63744
13210
13631
518
72634
40966
3817
256
22010
5581
44978
12685
1244
5076
64400
9514
7271
13225
27496
7507
20295
15404
19525
2671
140
8903
31353
46380
7608
21259
29278
76
40278
15045
13845
15840
58056
24163
471
814
29792
39051
8792
3722
1859
42940
31474
5451
42307
16243
723
4367
3153
13440
16363
7649
42936
53907
38094
4486
18374
1341
58460
31872
4257
25869
1640
14888
1668
498
1479
16811
7874
15908
67734
22860
16714
6655
36201
35955
4938
8455
52652
7518
21390
10653
413
911
3291
10761
1417
8053
6915
732
157
37323
9191
26616
242
6717
26751
11432
50837
251
14409
29132
6831
7206
24552
4040
3143
18406
1886
4316
27892
3147
8145
27451
18292
15187
13927
14377
26685
38990
5921
6032
32693
14343
1247
32764
24492
55436
12302
35751
36957
19385
37343
56767
29294
48717
39895
6311
115
34015
2822
34
16475
218
4068
38522
24568
3997
7489
35110
4930
12883
4001
23880
29861
25967
39607
4331
140
11458
34338
286
37583
2304
47668
52527
37666
2396
6691
23438
33656
493
11213
54623
15619
62013
1176
1417
9955
44277
77069
25957
74867
9882
66156
960
149
23586
14521
1503
17766
18261
15328
34621
20040
24824
6655
50046
14440
41676
738
2407
21983
3760
8802
51018
1811
34916
3169
21887
7636
8101
1537
2142
36667
17550
21021
20869
12268
10040
2555
38
56191
18739
6281
15693
334
12166
43109
55
20222
12977
8747
33962
15151
30626
18352
2451
7023
2227
21193
42580
3934
2193
256
11745
14521
475
15223
807
1098
11691
27640
9532
57401
4919
1689
13031
14496
26933
14171
5210
21000
64407
26847
7201
40934
3334
52012
4780
8808
6866
14825
22856
17401
8720
21079
2881
445
2458
37073
4790
4975
24983
7827
3741
24621
6603
56292
37559
13195
17748
14101
1305
3771
28894
39842
25284
10849
312
10417
11258
16174
2176
3562
24752
3311
2682
7673
17976
10421
1240
50299
24388
34479
54191
7533
31349
19095
30678
4171
5242
4113
3858
28040
2152
10507
53229
13394
3546
14423
16001
13286
40176
12693
25465
9763
10525
33715
1464
3218
20480
13302
67335
11983
44051
27213
3497
20495
1173
21780
18360
17344
3777
390
13224
40589
27356
16925
32902
45165
2224
12552
25560
10958
22695
21320
11812
13680
3294
24278
81
5382
24882
48167
9931
4543
27825
2997
57544
17379
11499
3067
2909
21098
16019
35631
41029
116
8069
38280
23116
25736
33530
10615
5313
28250
286
1430
67261
8387
5592
15856
1345
2711
39792
23005
12599
9799
4038
40274
28564
17058
13337
1649
29046
41956
4791
17922
17306
24758
10595
59469
30987
65796
18952
13634
1210
4311
31387
56344
55860
24993
26831
1100
45214
9898
8148
19587
43681
1001
46826
109
2013
13295
4976
37107
14281
1916
51591
3569
1281
12054
55242
32600
10746
56475
2707
1186
21084
62511
32293
60728
7777
33166
25815
42953
24569
5740
2211
17088
58685
51927
36897
27685
35416
17923
8685
335
4454
14095
28333
17402
50540
21270
27686
12104
30778
46795
5861
3425
12098
30191
26825
16529
11900
14700
10177
7422
19954
13342
14608
5372
11149
1071
46626
35862
33538
43477
2149
19025
15141
6928
8742
11191
36146
13097
16625
38270
29066
11208
14441
1094
22323
29127
4637
12296
23131
42134
12279
13043
3611
31409
5023
2139
15328
504
9641
3495
57961
14300
31201
60665
6566
18867
589
40410
29891
7880
8859
24400
5854
64540
21734
8030
62527
20613
195
12051
14263
1308
10603
1198
43634
3067
6080
20380
108
25837
7103
17562
11797
5053
26495
31077
19896
18279
2806
1092
12391
30588
7347
46734
5065
3830
51931
55114
41079
18771
14819
4084
23198
11419
43774
14780
29544
7274
35437
42359
34993
51404
37595
9800
14072
33602
64329
2462
18126
11830
40307
19280
24688
56395
45937
1953
16002
7682
30120
1641
6244
3042
21643
9208
3523
8251
1947
15763
4369
38756
49917
62383
74455
18287
7903
1470
19179
21449
23614
30568
6337
10854
6401
33134
32178
32302
11006
10225
8245
57526
4372
3758
8024
14446
27874
12621
44140
15000
8409
5197
21459
54791
39577
17605
43776
40442
1367
30896
56125
5036
3938
31136
36239
547
17089
3507
917
4181
11666
8687
22721
61402
16243
2511
2222
17625
10729
34128
27720
30953
43529
22728
25603
23953
5785
4725
51380
42651
14040
32758
29974
26865
3255
3694
12151
33514
731
61033
50706
44472
40057
16109
16257
2774
3521
1631
40933
67822
9033
22245
22642
1749
13726
16898
43
38158
3755
9583
3422
28632
51605
5852
20755
16286
1029
12685
30922
61044
7712
20789
5921
23074
1562
20667
3606
5362
4726
10182
12874
23235
28356
78
3095
16885
22804
53865
48697
2952
644
11057
30934
46764
3583
38711
49155
38419
11672
3496
77047
14289
16670
5308
7262
62477
35079
52082
8725
3670
19502
43904
10139
38547
41185
7914
19943
45446
24216
35001
14027
915
38687
8464
17049
1486
20081
1410
2429
61635
10736
13386
31895
9467
8307
19426
17843
341
12082
3048
5397
34820
49445
37210
5615
47829
9517
10580
45821
1433
131
17710
6052
3392
3335
13602
1617
1543
9650
12703
9834
54929
31955
2154
41628
15677
663
4119
16374
9172
16973
49807
7147
43940
7842
22481
1030
10360
546
22661
33453
2414
51497
22052
12971
31143
38175
22644
399
3373
23999
16636
20659
16943
40765
6564
15603
10893
13735
9926
2279
4299
9759
665
166
22479
22556
6141
2100
23829
7098
7200
35292
19498
35378
1110
23919
39435
30806
9617
27463
6740
26278
21563
3092
48607
14904
1371
40532
11101
2907
51149
28662
30836
23060
24802
11346
39055
19991
20763
800
19594
25479
42582
17904
24231
12373
35465
1148
26012
5797
1465
7112
32698
4088
24611
52009
34473
14593
13060
15478
9407
238
58509
23549
35086
972
35157
53199
25606
3445
15888
4930
48840
14232
12609
38431
26850
17838
791
2298
68016
5600
176
25016
29356
34689
28755
30398
38270
11761
11589
26333
27697
10305
17715
21910
3320
29055
6278
22673
32530
7728
6268
20761
23845
12975
54252
64187
9462
22069
11125
471
30367
34426
7957
26528
28670
17484
17550
19356
65
2441
2284
3341
55565
11291
32222
12303
43821
1516
137
29685
28238
4319
7536
14193
6129
23228
62101
6841
50958
4066
9510
17293
12086
3701
14872
4560
2570
19972
40360
237
34428
6158
17439
30261
54827
1947
32818
25324
1724
1708
3313
10550
31361
16598
21950
28121
1175
35224
698
35765
46188
10939
7480
7864
41969
596
16246
33213
21733
56715
20330
70886
17457
21514
35637
15125
38337
4697
6281
35392
3291
40971
12601
784
9292
49079
2016
21171
59863
5600
4153
1595
3444
8445
910
25243
1499
29584
1498
1994
38011
21305
15755
39382
26369
11521
6870
53415
1001
13884
18692
2277
21245
20078
4776
33685
25822
1597
48540
10042
1521
21535
3706
4679
937
8284
8522
54230
8493
37968
57641
15000
43078
52943
9436
44687
4038
1007
31863
12426
2004
1220
6637
4878
1571
3785
22806
17925
15144
25616
39538
3555
29905
7566
50141
200
7589
37613
5892
6744
18006
621
3711
53635
14931
22828
18235
1967
31997
22577
14279
11122
11861
70448
19712
15058
20592
601
24089
13392
9280
4564
11720
59025
4056
17076
2441
18202
7711
18315
2370
8010
28905
59577
225
11558
1131
13538
29264
2930
6637
45991
45203
4110
4756
57807
23281
1931
93
12403
45451
22148
71238
34432
40325
433
42247
1642
8528
1358
6328
25824
23020
9575
39679
4978
12173
16286
7592
1959
25807
11179
17784
16937
1929
45716
3678
13969
45045
805
762
761
17776
15424
25476
21028
27866
13956
2895
19491
11475
3749
2361
4552
33728
20415
5665
1975
20387
167
345
9634
70776
1978
52037
2284
10652
16284
27833
11787
175
31697
722
36694
3744
77921
30072
6120
16568
31593
6616
6162
3000
39682
24050
46601
9189
12384
6342
9357
15801
35918
33325
52546
12324
23933
1822
8261
18853
2349
6896
1178
4444
26822
5912
2889
57551
21321
47408
3002
5513
29950
36849
2606
33956
3158
22067
20351
12231
62238
25399
10692
31767
13356
4618
5209
31335
39142
365
13084
25750
67984
32040
43857
650
14136
34425
15629
63227
13708
4782
42245
1663
14374
4778
1367
14283
8684
12667
31724
22176
20682
2858
21843
7913
3573
483
25346
1803
4229
12443
1992
16324
55861
17656
920
63033
50599
23010
23217
19538
47438
11136
1643
1236
3146
25091
65124
7952
36953
58110
9745
68
28766
428
34093
16039
5889
16762
15307
4513
14151
6811
65430
8865
7289
27020
20779
34411
7510
25358
2962
7663
15737
1476
54489
7733
3828
30537
38907
3497
40625
28811
67169
23181
6127
42027
322
3674
14254
33689
5580
18110
30457
5139
38285
21741
29783
22362
16168
38646
67691
6260
10374
1555
63017
799
40214
39678
11280
47446
61665
752
51163
15576
1691
46718
4066
37227
16779
6179
19346
11448
17902
38978
7275
24094
46387
4976
12578
41780
12574
22615
1452
22254
1811
18650
8484
6251
898
436
27303
12628
35571
1031
11139
12043
25457
3709
29130
39564
9783
16540
20106
17943
25845
11982
820
41579
56080
42477
13289
9607
5491
33220
18101
2222
2932
1802
33491
19170
10998
33282
39303
47103
2038
52064
4043
8934
8245
10632
15528
29466
7526
13391
5022
12683
29976
913
58461
40429
5305
39297
20561
4476
21740
21186
7673
5211
61455
14806
574
10759
4565
3056
50166
39357
7961
27509
3516
4770
18492
14477
10678
17091
36137
75592
7811
2222
4652
40205
5372
19928
16505
6978
10236
2677
2470
31752
24772
20917
2335
6567
6462
9947
4576
14384
10745
41141
6105
43554
19867
24140
5889
29423
21048
19168
40604
56342
5209
31360
29070
15854
470
4235
1763
3001
24480
581
6246
47696
30382
52484
797
24213
413
7447
3698
25165
25745
9962
43710
3901
10988
15354
3267
458
71220
20868
28085
4217
33224
71481
2774
45187
3
11314
460
52288
24601
3572
41700
478
13850
29373
995
19280
15155
15230
46570
61301
48657
10764
8883
597
8008
8757
13317
52834
15362
529
30948
26433
10640
54103
3369
5985
4323
30146
384
38762
1954
29874
18296
27275
14575
49968
59029
1763
17754
26245
4509
7974
53159
3760
17530
2421
45272
419
19180
25677
1866
2253
26018
51515
3004
7955
7893
57748
78358
2608
18454
9345
36416
18481
11610
13371
33185
31798
1382
2807
618
186
3564
9402
15746
6555
33232
1199
7563
11007
33
21678
65335
59095
6612
26495
30438
5396
14070
37271
31381
364
18765
9239
19951
28943
1200
421
14240
23748
764
390
24061
52620
13448
7500
1768
25904
2759
11706
4144
13767
12661
3127
25985
11109
17392
11040
10978
28421
17529
9141
15278
1869
2276
21063
36985
10290
31444
371
18155
13684
400
44508
14192
62366
12277
5297
505
1496
2261
845
15647
11204
14161
54935
38419
3273
561
10062
7262
48909
26029
30146
9348
15069
13158
22097
19424
62784
17487
184
25206
1970
19012
41978
14141
45251
8805
38193
34451
20521
3796
8263
10808
1708
6482
42166
89
72663
438
62189
220
31824
7365
23887
20232
11204
26486
6703
2559
2915
18487
24570
446
19465
26127
3222
14647
171
3666
7673
3669
26707
44478
46175
838
5433
3332
31535
11781
2222
515
4701
7959
26712
10252
13713
37750
6967
8287
62224
615
33216
4102
54637
9422
9715
35029
51121
22870
3178
26420
42102
32174
13466
6303
28819
33086
34197
20479
13929
6802
18500
26549
9443
4956
40851
211
2859
38091
29741
29836
46303
24813
2251
26801
4269
874
43975
16334
42251
8422
9532
5661
13593
714
25244
7828
16805
29878
43746
14848
49652
6175
57
3223
34144
25252
22952
8490
25692
13805
34349
31509
34136
156
37115
1074
33510
800
11500
27898
36364
32074
60677
46993
7964
266
61242
4189
7707
20563
1012
29773
26029
8633
1058
886
509
39157
7935
6336
16213
7069
378
18335
23434
24761
29838
26758
45809
18671
61820
37291
19917
2597
8062
2394
32242
4364
23104
37546
452
52
15464
11235
23830
30356
4770
26755
20512
6945
6246
5173
21040
14060
46375
5891
1652
672
8209
33350
12667
21029
4754
17455
22634
23730
21332
4297
15948
17652
54153
31897
36524
60040
46749
10285
43962
32354
891
26427
22935
23679
45407
27794
20782
4581
28895
57134
12120
16530
13803
10226
20827
36603
23683
57250
47856
10203
12058
6140
576
2522
7
4010
8134
5181
12817
8044
31570
5438
7635
3120
41802
23461
12730
11910
36665
14292
4988
9445
11360
15125
633
7680
21701
31662
16871
18504
1477
24801
22040
51284
11134
47794
1028
1052
25663
19512
14356
10408
44768
12523
4936
4500
16749
12104
29221
31975
55003
15055
3041
6579
41640
32421
35939
1824
17017
63571
44130
9835
240
37299
30606
20374
1579
14191
5476
4174
57184
18760
337
32034
8964
24499
12231
676
19057
60256
9353
16207
48136
21143
1737
2218
62593
24828
1561
33520
13226
39834
49695
26693
2199
33479
8988
26602
40479
22659
50529
68941
2937
35036
19
399
39636
7749
20170
42642
26213
5107
11195
28515
174
28888
2694
33452
6606
7188
1578
61352
19793
2163
10339
16807
1757
15468
227
55467
88
4487
45454
8066
1379
1505
4921
10565
54
30841
1888
9740
24724
41350
30325
23677
11217
46
616
6809
35742
7816
35750
39517
9638
15709
1476
9039
31493
325
6500
1564
8293
1297
25379
10010
18842
13506
37555
3295
33852
10726
13819
68870
1389
2330
45
31527
49272
23966
26587
11755
44151
5118
10171
48041
4600
16719
6296
6034
12505
4257
582
13069
8746
107
16235
12298
5020
57486
51326
9077
17563
2513
27658
5680
555
11723
28880
41380
25232
49410
7094
8113
2927
7182
1531
8857
2932
35455
8721
2950
36640
38584
14370
12202
20740
4480
11441
33845
20507
47836
22381
28218
11635
22361
9763
47015
33687
33099
91
25781
8443
39545
1688
45331
41640
54962
13485
19121
38129
4578
52637
9345
9509
591
8203
8699
1650
29976
4855
24974
59355
51057
1052
4114
631
45788
32640
17139
20907
14721
557
6801
697
8
717
73871
3958
6482
72929
8393
455
30389
31170
4608
31821
23157
26494
14905
2802
4645
15294
39350
14255
5530
8879
8909
2437
15575
17659
17599
26406
2258
29794
6971
32541
4041
37846
14813
14774
11333
19471
4784
42568
44793
44003
5287
32616
24616
37245
3741
17908
19971
21978
145
10078
6257
9301
39574
46637
14262
34420
18894
15478
12390
1426
9565
20473
2023
13489
43734
15802
26135
15115
502
6382
9434
23000
16349
278
5130
25619
15960
8204
8947
3638
9559
2672
2617
9710
2335
2209
51684
7270
17571
7225
18577
2393
57178
18514
11608
7907
43432
13726
24087
24371
40150
4730
10087
42380
4009
6410
32139
18937
12501
10669
622
50195
5672
16504
18191
4867
13868
20399
33007
24912
28719
11888
15445
36849
1686
13724
1926
39989
13211
37884
25176
13934
25914
595
16790
19472
1811
34738
60118
18933
3179
755
4012
1956
21221
13427
559
8761
16314
9023
16239
596
4122
32591
46346
41427
44117
2335
2925
4875
8463
11091
2177
32488
3750
15838
34164
10881
32425
19300
1008
39931
356
25264
21538
4555
31972
1660
9961
424
3676
56557
5391
1308
20949
57897
13014
11270
26636
2340
45416
1955
2170
21
14523
16619
31304
21739
7752
42151
6344
7515
2988
6033
63
20399
31950
7472
5899
7224
39618
30464
24289
4090
13460
21108
13342
17261
19647
20681
9899
12286
34966
12101
20409
20086
4597
6814
28015
1432
7839
2365
20767
4678
45913
26397
4989
60873
45613
24633
7366
31457
27953
373
26602
6350
5949
5619
2548
15489
13818
16147
5611
3911
59000
3968
7852
26779
26154
6685
13351
45591
7972
21419
18746
45454
23718
16282
58391
28222
13522
4829
11718
30180
5890
5734
38286
27926
17965
52687
36651
7262
16900
16992
24538
16558
55302
2230
2714
967
16630
10908
15003
39101
4699
9429
29495
32198
53378
3760
5390
43362
5158
20742
8745
41234
48465
42231
9108
29604
151
56400
26510
25080
23807
14574
3475
11463
54709
43114
2918
57030
42055
1738
72846
18813
72557
18824
21052
11185
3275
33339
60008
8933
1612
2550
10485
50023
12869
13447
326
5444
1374
46659
47388
68538
19424
6108
6887
22809
1421
26841
6021
3756
27600
293
2341
21752
16619
16202
1466
3771
39519
18389
26461
4763
207
42752
12350
7591
21435
16375
7501
32346
940
30166
185
6457
17390
14748
13833
54695
517
28206
14286
30275
63722
25015
609
6510
16382
555
40258
14468
58889
12970
48141
1898
10110
27012
768
29829
20769
37350
10906
3578
25272
3818
28341
9935
38617
60530
38505
27734
60
7178
4162
17159
11628
4151
12908
6824
49836
24534
43354
2779
12029
18333
17065
16325
37509
33596
15183
13866
6203
2291
14107
29526
15686
46193
32654
10065
10777
4629
5643
4274
12114
6650
8909
2392
3296
9262
5741
24097
30757
48035
2133
1540
8769
30767
30987
22674
17812
8472
5492
36242
4420
166
6075
22753
9713
25708
14638
5795
1941
5671
48483
3670
1156
53838
18983
20649
20968
35170
2729
30362
7173
7640
14971
3825
18175
60273
10697
6635
17292
70846
20431
21383
30023
43644
21540
910
28732
228
28542
44079
46008
5692
7608
23181
26867
329
10236
37133
37280
25642
4381
1279
43640
43865
8765
33551
30140
43093
25131
41091
13743
3355
12031
17270
42856
7559
1928
16030
6605
399
16550
41507
11263
13743
56636
35542
10366
35705
18275
27232
5041
43206
2750
14032
356
15882
28763
46089
5636
24606
1706
11837
8423
43110
7292
5084
2054
19407
20291
26
31164
762
37974
12073
8265
15799
3986
33590
4644
16106
36712
21416
44836
9382
17791
20857
3173
5139
36661
25705
53247
20531
19596
5405
632
15371
14876
27906
15176
25609
25737
1383
14424
5652
51631
2228
5041
41836
5540
30329
12858
894
17576
5431
14258
36097
10817
2187
7645
6512
42506
50113
45985
4823
35179
2712
29361
66401
8230
1734
47530
35534
32400
4195
42332
5853
49613
24823
31332
37611
41060
5561
35231
17051
42214
32876
509
10714
6502
5822
7574
13960
35175
28693
31191
1360
20896
32435
39270
12051
13095
20765
2464
6887
9794
15167
6321
22978
39306
3040
3427
1175
37661
13497
6791
13222
23971
41069
48950
8791
3175
20756
41234
2466
49031
47414
7070
17208
68941
12297
42136
23147
69030
7643
3655
5545
27293
17143
1175
34458
32397
27744
9152
48824
6341
6646
7602
47730
2819
10542
4549
6614
2040
10218
19440
4933
952
17816
39513
598
5081
60059
13325
12123
205
1205
34132
29013
24514
38402
5394
9417
32254
7972
3884
34453
26756
52868
12833
28874
34431
62991
7607
56278
38993
20768
748
2788
13843
6923
18599
1444
163
35163
15328
2701
62526
39194
36458
60382
10349
26792
9111
18697
17896
1763
6224
2344
9417
13487
728
3212
409
34472
44367
51249
13116
595
10899
11768
24459
26491
2916
7997
30315
12007
31356
46224
10637
28354
22476
10826
7842
58414
5454
4235
14551
63997
40171
19947
6561
22370
13809
9158
12411
10449
6520
414
28377
924
10964
30443
10358
9470
9816
6033
15956
52577
12324
3523
32071
27601
19434
15614
779
18560
25858
6166
68486
10832
19047
25277
16211
643
33218
14799
4675
58
120
27372
45173
6284
19652
33403
6389
27827
18748
379
10820
20454
22888
11687
1748
38116
3233
646
310
21924
23352
7892
57792
24200
1905
8334
3476
4132
42213
10657
16307
13119
6833
28154
26375
731
18967
17455
2696
26244
4014
24121
41857
258
52375
12029
22205
42901
27941
8802
31143
18217
39818
12547
7505
21989
33213
2613
68265
25900
56962
16778
43955
537
19805
41331
38964
17612
37177
46379
24369
37746
14433
43202
17288
13188
20757
16033
23362
64961
18950
875
22820
3143
24300
53634
9233
5554
810
23800
13171
28443
2110
50530
25597
28602
3508
4262
19155
4057
43512
36165
1103
11407
4592
10733
2076
36393
4652
8989
23201
15693
3671
3754
63305
19129
3528
8636
29546
3491
5972
1082
23447
44945
15680
3007
11523
24869
3680
22160
4606
20164
66885
32200
34430
5268
26766
12658
50650
18709
305
2966
28297
13250
1870
5373
29024
28272
44809
6232
273
18343
26626
9272
44175
29872
33904
1879
35743
18776
32019
35990
22279
24565
69260
18859
32430
18570
10986
6949
1809
1426
3566
45792
37567
9075
6026
2442
7371
23874
12371
2907
40550
6454
26095
70879
48263
4156
1514
7196
48063
17131
3877
4311
38805
611
12876
1180
668
12737
3419
2138
3811
311
35774
7782
7257
25554
12872
22023
9671
44831
29357
64911
2532
35296
6689
3596
7589
47124
13616
14020
22931
7148
17690
1189
10626
11373
873
2580
6232
3727
34862
31328
819
1971
9295
6481
3097
11288
12691
9261
24225
9697
12054
18615
624
297
16605
32552
27121
57971
1076
2453
64525
30726
59063
9866
58613
30778
9605
35596
11458
27523
840
8796
1117
9151
21114
45418
43178
3422
27640
17515
9181
55369
40892
7650
5251
180
6371
52037
3536
7394
7391
20350
18921
14056
34963
11910
19972
11686
27350
30807
11516
9291
6682
48181
6873
42750
52086
20477
11457
44618
4484
5957
14266
3135
33267
34657
39241
7683
9163
23269
451
3552
7327
32323
49136
7734
15994
25205
4995
3031
51454
16739
33363
6003
87
12633
22477
6
10122
3787
10380
36514
215
8304
31854
6454
35650
10064
14737
5424
34195
207
15847
48455
31215
19200
59427
1047
58271
24588
11198
3961
32373
8072
37565
1412
12063
29984
5144
21044
1064
10346
20934
566
1422
11584
11501
50392
6284
25099
28351
36236
25289
49346
47906
7260
3314
49694
21548
5362
36457
27636
9223
3897
4600
28265
10723
64256
12091
65529
13747
55476
53055
25996
41322
37648
12111
12230
18417
36990
9791
59835
10753
4319
19326
36946
6061
54089
59498
9040
832
5033
6237
27217
19807
20265
10065
21172
65516
33192
26633
46146
6923
28521
3014
29270
25984
24879
6124
4556
3329
40579
4116
10347
29765
48609
4537
3790
6509
18521
14466
19171
35882
58606
14573
3174
50425
3597
7863
4626
5670
39801
49567
20214
8653
75
8077
19063
25427
16651
2052
10101
67109
868
27364
12190
16294
6896
27808
14929
24551
74070
67624
6175
16348
27312
13333
19950
19645
1914
32815
39981
23096
7153
40557
16867
15555
8590
321
28329
28626
22314
2922
6971
41839
14277
52784
64271
56902
52722
41013
8948
69130
10116
55495
42620
20226
973
193
26118
27462
1339
12307
20339
4937
4492
1048
6761
46205
34632
10154
26111
53635
9052
31811
2336
44391
21249
1181
51401
24222
15277
40321
17969
4837
11872
2574
8024
2386
10892
31178
23219
59025
21995
6841
9469
2490
6364
415
38264
9380
11416
5693
3290
219
63688
22487
1464
9683
7020
22726
62551
29887
42215
9839
2895
4069
2027
4919
44857
57583
20778
176
27621
3983
27612
26748
1561
12136
7918
459
1912
26549
215
16719
8950
42252
8348
2668
29345
6791
13676
6947
36916
23609
31718
26887
48624
7817
19196
2532
20496
118
21
28203
23361
6983
2100
49642
11874
22359
11728
7677
50006
44423
27353
27465
52256
20377
31928
29959
7163
5347
7807
39327
1527
13095
15190
12979
11218
39916
4795
25322
11722
9876
33583
1931
15968
32093
6405
7865
42398
25511
25093
19444
42111
11831
7834
22756
56901
11284
1593
20844
381
5384
12238
2
2742
17009
7957
71025
11679
4982
21969
12564
22609
15694
39822
20107
2980
5775
8046
11516
5114
46119
16775
18239
11940
4998
53865
32055
7153
10949
62401
17328
5958
14372
29082
9894
18634
20830
14537
347
2652
1187
2442
33
19577
4680
14361
6649
23785
34413
12418
14736
14447
39145
15411
33736
28810
135
13648
9280
16387
28277
64439
1727
26447
47790
20612
18306
9012
3688
949
22266
35047
50065
18418
13865
7725
4505
1431
30167
3280
8240
25610
48861
45212
7012
17134
17104
3754
13592
5526
28291
21188
1053
2929
24548
15726
6079
4750
71766
2850
1659
5134
16388
10597
25557
2991
22475
32646
62044
31673
17958
10477
7047
33122
42111
44105
8754
15959
2642
4963
484
66710
22092
12315
2973
8189
3906
18865
2553
2897
7169
27491
2048
27298
48781
779
11789
5613
201
3263
6866
24023
28079
3236
21612
1981
38500
18399
501
5998
9062
28745
20331
33662
3785
14130
5158
32048
23924
5100
654
5515
3504
26796
10968
50264
5509
37491
59677
13308
24217
616
19185
13545
38236
9671
39726
42383
246
14806
21590
10004
41118
27
4944
57710
3572
42368
6293
138
21274
30253
49991
4538
45780
7717
39248
21824
21312
17754
10264
2283
34644
11596
17326
2851
2233
33022
55599
55790
23535
5056
176
4003
6690
60563
5947
2250
6570
3234
216
19942
14333
9020
21062
25561
3970
12095
11864
50981
6234
3358
86
10462
29397
6418
8338
53461
12666
16929
4497
35463
45344
4327
27138
36613
12090
1129
4863
3028
52272
43
15124
139
10524
2582
46786
17809
52103
2018
21954
19451
5963
35104
22372
11500
603
13785
42391
46967
49599
897
11476
8242
2248
3308
31790
11431
9023
21605
66217
22356
7254
35341
33316
57800
9213
36572
630
20579
7993
1762
10524
2802
13586
29189
6095
4035
18940
63588
2267
335
29030
60277
48389
24372
37592
16720
24052
3074
1615
50091
10166
33218
2598
20232
176
3415
28375
17186
35210
50482
2850
30842
2951
31565
11057
15942
13772
1548
15899
5623
9428
4824
10920
33182
21118
2454
40507
4040
6694
17256
35347
20432
42462
1254
42962
13610
19522
13492
1094
18012
17457
42560
10507
20052
23318
5080
62635
1846
11540
2620
13302
42134
23776
47973
25143
40564
43429
44499
18943
41240
55825
15306
4650
29588
3825
32220
43163
5628
10555
2950
29465
20905
25087
49986
34138
10
6984
37732
1372
2460
5966
18801
45850
1849
25170
4191
7104
20425
33757
38658
1689
1957
3850
245
256
19112
3528
9475
4085
10683
31964
15224
1076
18487
19862
55874
3619
1421
64120
8819
21577
867
1952
25878
4545
22142
6633
27379
11857
28169
6223
3907
37061
32153
3691
6303
50703
17338
18905
10600
37645
40134
21497
16289
27232
47516
16995
56643
22577
840
17771
454
23159
38633
16491
10622
8449
24902
38205
42555
1543
44250
37491
6744
63214
15200
13951
19152
35232
4658
5215
26315
206
32931
27992
77912
30827
20116
11714
38892
43520
22115
29313
8487
14424
5048
7772
42690
5033
7944
24418
34408
2544
32464
50736
17570
39890
12112
29831
8492
24389
16480
553
14240
58762
26268
14206
36772
6903
11577
25573
32651
35193
23920
4501
22374
60
28953
27074
1109
5785
17389
57232
16031
51925
18670
31906
13114
22849
23265
588
48358
10187
49243
13601
3712
6294
31767
5078
25147
60469
23168
2856
14773
1812
41792
39112
11726
6611
36435
48049
21582
3782
21929
15731
16460
8455
28776
1403
9119
7100
43255
11795
5696
15123
10561
18171
9807
43123
6594
3212
581
28870
1002
34169
25702
9342
22693
10736
25164
260
58525
1538
41363
9383
7637
2809
2666
21772
5585
30295
17469
7371
70332
53506
39320
34362
41025
2079
45007
15398
9462
8793
27777
32065
27391
1377
5414
32095
16502
9412
18974
37094
20610
8157
33462
738
39071
1145
12687
34697
28091
39559
50318
2904
39304
7894
382
15817
3866
39052
5362
7064
30789
39434
19990
63906
7304
21428
7798
15874
23816
60433
57967
2366
60690
7885
418
911
22127
5017
8773
2968
15064
22192
10375
27917
12327
2103
2752
590
33601
1360
35155
13670
7507
69010
13255
23068
22428
37571
9642
3160
1794
54012
7255
7951
26816
13124
16051
9675
3279
24206
11686
15659
26447
43759
11156
9911
1395
19551
9869
922
658
11359
8718
19754
9737
7616
38255
17722
16641
1789
747
1357
21484
21296
10079
1836
39530
6735
63690
4886
1657
1070
4594
12100
5974
72546
15573
30945
12998
1631
19269
13672
5660
25621
55859
1382
15010
29049
16417
3182
29025
28735
9457
67903
3167
195
11456
72084
4412
13362
25261
40727
28744
11417
2643
8623
9827
108
68573
59879
52094
49352
9200
25362
7468
4394
54693
2402
520
9065
46073
35093
59950
6021
10268
6027
33362
39273
13454
29279
34401
1804
8366
426
36445
41331
7839
8895
41251
19783
64963
1514
13744
1113
52068
171
32282
30855
8119
2165
11884
62569
61976
942
56163
7437
216
36799
26250
24328
3688
22575
1409
2365
23120
9869
410
42745
37253
21900
63713
13610
361
3366
50578
12360
16333
1353
9689
62237
4323
10815
9002
18583
2107
6786
39
5904
4495
33693
34720
3700
17885
13246
25713
37895
5969
8168
9867
29078
898
3579
14049
15386
5450
3194
16675
15132
354
16428
13707
4891
64959
139
16354
46130
37035
13181
25976
29403
43295
8327
36685
5403
37620
34860
9439
3248
50771
4651
1202
10743
32823
13446
58142
15563
32389
3353
17934
41481
16049
24883
29254
38853
12635
1477
1422
17799
19312
63124
4168
670
44574
32943
23521
664
42
23097
9150
40941
20064
12524
34992
22259
33014
606
104
50192
31190
2117
46310
50445
11679
29827
550
16921
6841
4992
41338
18667
35023
1285
2246
16550
4981
18863
5530
26516
2484
3825
1787
2928
63303
12562
1974
4092
20469
10490
23161
16003
3417
3282
37829
71602
45345
1574
8611
2839
11425
12010
553
38778
5766
1027
46470
8040
39217
4742
54146
7188
11816
45632
35996
30155
17678
41853
4327
16577
5042
3226
37826
44364
56033
20289
31943
31303
1924
18831
20723
22469
2744
31842
12849
56240
12514
15243
16893
486
13159
46081
477
580
32773
37727
7306
13271
8849
1577
2195
2305
17902
22871
23006
5149
30629
11196
2785
17356
17325
32456
2024
8981
3279
18022
13970
17224
48215
14317
1978
57086
45720
576
15868
14907
20209
15146
37990
2687
14
91
28520
14750
59331
42651
12604
1943
43058
27694
5522
45650
5708
4441
36276
34147
12376
25609
18632
64746
61201
21054
9797
32396
13338
11960
37320
3264
8153
43923
17418
1364
76971
38638
5818
1831
9617
39342
5656
17881
31147
3613
48657
22554
6627
9672
50189
4065
27888
8780
13436
43733
8414
40567
10901
28138
9556
11049
15198
10822
45259
296
12452
34796
26338
7845
22150
948
55811
16147
32914
12509
37
14120
10153
4862
38708
21915
5178
14544
14969
9062
3429
48271
6857
22520
20342
1312
69030
9181
59472
379
5211
10054
12979
59609
38037
20495
11657
47200
46498
12399
38626
1618
12658
12768
27424
40681
17051
62392
17677
5616
1300
1177
5621
49064
38232
26253
38591
50538
5653
16764
2533
6095
20679
6638
15487
2055
34792
6706
4509
6709
20604
15794
28419
21587
2376
72939
36775
15927
68187
2139
7757
2398
13821
3718
56437
66608
12952
1960
57624
8375
7991
4748
4238
24994
47659
1662
259
25989
58178
51841
39452
2740
59431
21583
16349
625
27659
45238
18
57539
840
13502
63477
22043
47037
16740
994
3395
8820
15659
55201
6600
39356
26857
7614
3118
41491
15236
52449
14150
1411
10595
9367
35082
5901
4260
10570
218
54952
47652
681
7538
38369
65838
24986
4419
8658
53161
4633
8040
17969
5244
7554
43100
8341
38345
42878
37775
3003
32059
38937
11651
10726
33528
17744
1060
15532
12912
19088
43905
2474
19772
48679
4878
31559
2099
22584
2179
3360
19220
4768
3389
30812
1238
13367
11043
605
489
70266
31441
16603
45387
25765
2592
10254
22967
2891
35060
21029
6161
1496
47670
32627
30032
790
25676
5962
56121
40990
34436
21496
170
11984
3326
760
1859
33309
28600
9913
7087
22058
58685
21042
7125
3050
16554
9775
48200
1595
11627
9963
55160
35134
3485
3830
5394
11139
36236
7197
34837
35417
15923
8406
56126
28313
5507
6344
40619
16259
26017
39882
41479
14505
107
7891
12795
8028
49132
48064
17944
22048
17121
4980
29773
19380
16126
49085
15340
13775
34715
7071
26331
5792
18190
25264
10299
10741
2422
5280
27489
2034
33277
4843
16361
20017
20250
5211
2305
32728
110
56688
4940
27646
70025
4852
45124
6510
38869
6121
48360
33931
18134
30955
12858
29552
27297
43614
19815
39736
1179
6206
10719
21844
29460
21712
6688
9711
28943
67930
2075
41469
1737
5832
9783
26598
105
5750
38236
144
10839
31047
12279
19466
32428
4871
39679
15473
1251
11226
22486
9371
52495
39459
31710
27930
8792
6012
12141
4338
9806
27033
8285
3030
23248
9495
24647
7937
15471
27207
5833
14201
1133
2137
2587
55580
18126
2080
10401
36480
32169
32805
55576
2899
350
2102
2753
27052
3422
4906
12262
944
25721
12917
4189
28805
5053
7927
1530
2454
13510
12044
14512
33174
20297
28496
41680
34939
8621
5785
23073
63591
21037
12499
12864
8360
14754
63399
16829
10882
1676
25636
15827
6452
3623
13138
3896
28087
4297
78240
11219
6283
52409
6606
10610
15344
13434
9596
12022
6635
58330
8012
282
20813
10290
11454
19860
18288
9871
36155
20282
13127
41854
29361
2787
52590
20001
3061
32848
1165
6501
65332
18030
15141
25461
1548
14659
39089
17171
28358
651
19596
36931
500
58459
28933
34592
33749
53198
1362
290
15802
59322
282
13291
26051
59916
33631
61397
12046
149
17580
16553
34132
47245
26400
53874
9092
9132
60507
43452
8049
69437
10046
17171
22719
3856
38626
734
1239
7676
8068
5454
34772
14039
28400
37157
43433
46460
12282
18548
58963
5251
4045
21540
577
8043
57099
44881
8314
37986
15320
41322
26631
60971
987
12914
9868
27363
25093
60673
2746
31935
36003
28185
12500
1026
15627
10007
16592
35390
1944
54541
41677
19006
8414
20596
63089
44934
2903
52880
9725
8359
23568
13653
59633
9446
28622
2027
28042
14301
3176
2447
5138
12041
43305
26277
3144
12293
9128
49105
2399
35349
8675
16370
37638
12116
15477
3181
1286
30633
1329
3114
26357
19411
17671
298
24965
27560
51030
38285
5504
11835
4682
41749
37480
43713
33660
16881
8422
43562
29940
15902
48103
24956
39999
32498
73436
33897
18074
4132
10481
5327
29628
32522
48914
48079
10899
9698
1010
10815
57746
215
3118
50575
43487
36660
34325
18605
19581
2135
9719
12412
50560
4653
46543
45611
6845
32428
3047
19616
32848
2661
13415
15865
64130
3215
1109
6026
4803
17820
64497
41716
39012
6453
40505
32113
4917
2282
70627
1149
20345
33977
13448
24148
11570
7170
3901
25691
26635
1162
3401
4284
576
31443
22430
23846
18841
5879
53770
4139
69663
13292
24489
27486
3217
5848
4953
7782
18451
50959
11684
17744
13161
4136
14597
11941
30966
516
20818
2414
12416
2210
9370
8763
1399
29397
31598
2654
45985
13444
30005
26614
27142
50334
2531
1607
2906
2419
24305
59285
24893
45839
19568
57916
14297
40274
35504
27069
21380
12225
17173
11792
55699
14017
7236
44957
43332
29910
67181
22520
59714
6285
16736
37970
9596
41068
14384
24979
57156
21575
15079
29599
8602
16178
1491
24393
4228
30274
37551
9147
8202
41062
15660
13214
33778
13355
1183
6610
758
158
4716
4577
1982
1895
11932
55052
50846
4949
45256
10659
3723
29153
1695
612
11153
49563
36834
19699
13365
57112
5689
19864
19781
37534
16234
61316
16742
24540
1831
8074
5511
3324
9279
9806
9806
2352
17011
23469
3496
8766
12228
22486
60899
7237
43152
13252
41255
12634
72729
58203
60043
5958
8154
6472
37332
31818
60496
387
1491
26638
2627
63475
3480
6419
11590
55043
19420
27732
19375
9672
16761
5208
17811
52817
2271
7894
42119
2728
5920
56685
2735
5708
45548
8826
3922
61744
62331
34587
27186
13233
9423
3725
43326
7097
67835
4723
36757
21154
6869
56186
48880
14761
15918
6354
58491
39819
55739
58807
25700
16164
19837
35559
34557
13242
47996
10365
40004
31231
34717
15911
1578
24599
531
52168
11551
13534
4830
8301
58258
46943
8756
27209
44551
14934
25972
57684
22680
28926
8235
35974
6412
20658
56683
15112
16064
5931
15255
2997
9341
38378
26009
19964
9403
42735
5109
46497
2510
12657
3763
22561
5852
240
20224
580
68905
26353
4655
67292
54297
68468
14561
56972
42470
7380
50371
4924
9494
12981
44633
2366
38920
33589
22214
31468
42148
19702
8123
10677
34038
15498
25839
15695
11576
34929
2047
53276
15281
4304
68450
54405
37158
14935
19183
25148
46062
55999
12602
10322
50790
42615
57067
29847
9543
30069
10122
19533
7015
38857
7547
6781
17163
1196
11665
57738
15891
21716
15754
5203
13563
498
32067
3762
10376
11793
28134
9403
32054
25772
25747
65382
41858
11311
36394
1765
24112
64186
9188
37996
47704
35936
2377
1629
5766
21049
28101
15838
18480
25376
1232
15756
289
39077
18385
3274
1416
54248
12060
29615
8544
39588
3503
612
13369
21265
49096
42758
868
2775
1044
42021
497
3095
8686
2176
10351
33544
14993
68299
25902
3060
14507
19625
1249
30740
82
2278
5417
4215
1704
3902
11528
3683
27075
7885
13749
212
12190
4386
1983
39761
49821
4135
39490
11108
18435
16157
25001
4815
51920
24565
15836
37234
11984
36972
40561
2594
5274
33901
39561
20348
24350
10978
17089
22005
17587
511
30579
21333
2991
1538
1027
9323
7024
26451
20690
47297
2273
20466
4084
68547
33997
3053
73
4714
1775
16092
358
8716
39395
2071
20058
3492
74
1492
59018
48908
35392
6677
149
3120
40785
9233
332
6631
14001
26766
16597
975
19041
1397
489
12751
3662
5995
42228
2213
38552
27366
26575
18333
59266
1981
12955
60333
5677
3133
35767
16352
3395
1458
2022
3824
43777
21620
33230
15360
26388
14408
7661
18867
12406
30788
17190
9044
2372
9613
580
846
18719
2450
5103
10597
47657
20681
10014
36724
7057
23500
546
36296
2053
16144
15470
66493
29642
47685
41723
16096
27510
10711
16854
21495
31917
2578
5328
22534
52404
4456
4654
4008
9744
227
9787
4628
19369
28816
4996
14544
25553
23646
18030
20959
8834
23102
11301
2364
15045
33164
36701
10510
3776
180
21996
23011
22364
25703
16586
5394
1354
48348
25040
1482
72572
870
28377
11228
9180
17167
4211
20052
55479
7635
4708
37313
12523
435
18878
16135
24515
10969
1199
7511
163
5718
4767
41911
57975
56125
17112
25368
54122
13073
19189
17642
7238
3511
2669
46650
577
36249
10500
3611
53081
382
1224
8099
18245
7009
3311
8982
6029
21222
11460
16936
9376
15614
29891
26257
42065
8969
49983
4207
21943
46753
6999
22187
123
24551
7601
3564
3261
25464
1805
12008
15278
54002
31803
7369
1061
25272
275
69656
6160
37028
4846
43628
2053
4525
26257
19575
21301
14970
8846
6008
46036
4805
2285
8413
20284
53135
222
2042
32250
13497
6991
2299
188
17378
31611
13436
337
6049
23887
24120
2418
29250
56730
15315
49461
55078
5551
21960
41296
8518
4001
45458
15571
3567
28473
4310
1599
28776
23690
65462
50326
25599
23667
24065
59233
54629
20981
50970
8023
4038
41928
2798
15323
2679
28906
907
26664
5799
57510
2244
45604
26516
10506
19154
21739
5501
5484
10030
21001
21820
31761
5089
31770
46959
2811
327
18579
27098
35777
467
14301
19518
2815
34396
6091
4861
36865
5096
8221
5107
7463
5211
1150
46494
9345
19674
46884
503
5361
15571
10587
21850
5344
27475
40950
16834
5819
8617
5092
49314
10539
5751
32272
7585
71539
11523
30416
16203
9747
839
65133
27306
2745
3970
23252
13266
5889
2330
60082
29584
16200
11243
6245
42743
474
32053
25330
2766
4910
68593
48153
32378
16810
14645
3403
23210
24340
1816
2807
863
3928
27825
18584
4802
44962
41491
11988
894
33852
61630
17467
24256
2559
14840
15774
27394
38426
1213
5420
7310
96
6686
4797
25605
50545
2290
48
21979
18933
11520
8503
5017
70016
1899
26333
68121
69449
4483
15338
10863
9172
52434
21521
18499
19435
22938
1982
5783
16422
2362
32656
25673
20087
6636
13820
6934
61665
24326
6289
1733
630
15395
60782
20318
48445
27197
27346
65481
63526
64596
4334
21350
44919
10234
2839
30483
2751
34322
1889
4744
40318
2439
33558
58542
28378
65
67768
5475
778
1412
42166
21774
68077
114
13526
4405
5971
984
36654
1455
292
222
903
22811
33027
19277
56999
17702
18761
20883
12763
22815
41565
25033
13427
28203
15460
38609
1175
12625
18576
30695
3981
24240
38541
6091
15422
2515
3287
13703
43320
45371
4553
2111
39105
4436
50217
9838
3081
4426
17114
18249
28573
36353
51575
21979
1996
4842
45085
7080
54949
6161
6008
20202
47517
1408
14720
35551
46263
52897
27204
1574
24852
5669
989
12074
9838
47604
52178
17744
4498
69145
47033
23910
6455
31652
49152
48201
45809
28785
10078
263
1909
31388
10912
16257
7480
52031
43579
20151
7146
53726
47501
40026
13116
5852
10467
20128
52302
36911
149
902
2934
6527
2711
18211
40401
6566
7823
21095
21552
3912
35033
30729
32626
10297
7594
52291
17567
3995
74510
29488
9504
5925
10395
47166
5355
19491
42227
33962
4550
34736
51849
40
5297
58470
4911
3225
42156
2417
18016
17673
56099
35081
4112
21775
33977
50560
29897
17190
10367
21837
8685
20715
27538
34071
29913
1458
48910
30997
57288
20930
9702
22427
2065
17108
1333
22548
9015
11380
7412
36065
8123
3826
255
2659
5321
61386
37
1790
10022
72346
422
63
3506
4474
40206
71362
14080
21205
359
25431
2541
26881
39189
9501
23834
12382
17421
49136
27101
20768
21100
1599
7259
6503
9253
21278
8372
2337
37403
3346
33346
64067
18491
11997
16163
7422
17807
17803
1376
20877
17600
10525
24714
11070
12503
11607
5640
20905
1559
12188
34825
33880
27643
8139
16092
5074
23042
20032
5572
39719
2027
12590
29655
30400
26092
33541
44770
8279
21644
35938
1839
874
9519
19255
28087
1891
19367
34830
35566
6080
9158
34740
7403
33188
28985
44308
34135
6002
8383
6824
1439
30542
21376
6533
21878
19557
18166
4199
14930
1328
20303
11971
2792
2203
29457
35705
27137
26434
21098
4702
2262
13370
10263
11246
3676
51493
7820
24505
19182
23654
2923
18328
6094
2086
26646
54809
7546
70377
11265
19746
6498
23172
494
1770
31069
27153
2611
19653
46446
941
17315
32617
8599
5615
3343
2699
7832
14328
9203
51896
17478
7976
22498
34613
11163
47111
110
36767
35673
18540
19202
31669
399
29252
15778
2941
12254
14119
2682
76287
20453
74011
36435
7030
22772
25629
29263
54053
6461
45032
12609
3661
37618
21597
2011
8836
63918
6797
20843
27420
59861
7597
6113
841
8132
121
20949
6919
40741
5243
9450
736
55395
55852
399
1191
413
11836
1757
6493
5855
1344
11939
3812
1456
57144
28256
10405
2608
3169
4003
4882
51343
12298
34781
1858
5273
46462
28461
8941
877
4549
59998
469
3462
4518
17916
640
29739
7754
19986
40211
30001
8279
8561
10260
8
17553
2790
14489
3940
20408
11974
10515
52902
16295
11861
6137
20230
1685
11440
24050
29335
64416
5807
12107
6279
2585
14433
28399
7226
2534
2742
3053
30250
21894
6214
36258
4869
30395
11470
45761
14894
2100
11412
7487
61692
21249
24405
17044
12584
15209
1531
17912
7585
6759
34213
14638
69497
2657
9357
14513
34073
20988
27966
21411
17532
14262
23833
50338
72705
33986
4477
4595
33392
3118
37473
9579
11392
38889
2549
13715
31029
10915
141
925
9125
40974
12466
10843
22073
4357
39124
13384
20402
12041
46835
17632
5793
4284
1869
9144
4580
2597
52102
12820
51657
5372
6913
15355
4
27398
6674
4109
2916
53067
12706
17400
10726
51759
69266
16039
27352
7907
8695
16940
4750
27874
802
5862
9015
14250
5418
11588
17885
20076
38765
176
10041
36240
2187
2197
3389
9188
21945
11526
14488
8838
41572
4660
71997
12668
18589
2799
12632
20803
8903
15478
39107
2497
17085
25795
36440
15026
43526
26713
32815
15712
2479
1676
33745
28034
5964
5187
8881
5814
11373
51927
23018
25257
12543
12509
19392
10468
13719
10456
20556
16567
5595
60027
1076
44356
3604
60094
39317
11842
10998
26842
20425
16381
28495
23466
167
7036
15018
42855
37493
192
4975
37475
25275
2597
13383
2962
5043
12486
34158
20938
958
1448
1826
6793
29522
1362
281
48090
57037
126
26616
16333
146
10650
47801
8729
33085
16006
41294
10007
44736
16523
14848
10444
53348
5291
35968
6686
36951
13943
38574
15376
33562
10371
4936
15593
3058
7566
20905
5446
17459
33068
11170
43775
16544
46659
39735
2951
6788
24273
9130
38852
18854
36996
12428
27383
2197
14347
34753
17490
4014
8426
39030
26259
15147
7369
10513
10713
52618
23619
5591
46020
22791
19074
13493
6716
1038
3781
59453
15146
3763
21529
8640
14928
11145
52051
5314
478
55977
26469
5910
53897
4996
12041
10137
1020
3335
43619
72142
398
44379
1524
17950
3105
5210
12199
19137
1858
3500
6722
1739
336
576
33400
5777
16238
29141
49084
33054
50143
10218
123
21934
7833
9539
62340
54335
24691
18941
15250
13203
5992
30155
47077
13729
36602
4359
25169
16685
12202
13069
14382
71218
13610
49304
207
11942
10991
510
28450
14206
2309
33213
23348
40347
58929
42356
30801
34966
52279
4382
2322
5691
8115
3124
19089
1705
62581
20316
32185
16038
417
3527
12165
6273
12012
24771
51724
39729
30508
375
48578
29707
3415
4947
15024
26102
46982
32340
35687
6600
33003
156
651
11546
38456
4111
1863
15407
1323
5776
41165
21661
49936
164
12526
15038
43149
756
8490
15658
8096
11156
19602
6803
10962
128
12287
5610
14817
58968
30594
24901
20484
30950
35156
39476
18098
74060
22113
1725
8883
2303
50930
46992
14326
12400
219
21013
28132
2053
674
25844
17659
20810
50119
62780
21971
25225
3699
22913
50002
51827
7556
5306
27485
57113
5347
2595
56145
10003
54261
39692
29164
35930
7545
49653
34998
3341
8571
2962
2959
8228
21509
8622
54557
14110
31256
1004
17018
9117
17503
16640
4642
40887
143
25861
33619
11215
13570
11241
9149
32609
373
9978
25065
52979
62809
24093
5775
12434
45632
28687
42605
1661
20501
21576
56997
46123
6206
76583
14323
3090
23259
13824
5198
67566
16687
26662
53764
4018
32740
38620
2403
9111
57536
34984
1312
8001
2329
20081
863
43516
3142
20387
19136
5535
21636
40344
6087
1722
141
19920
5889
2541
11788
26889
24562
11988
27701
38554
56672
16493
8667
56654
50631
5045
37010
20511
35590
10210
6807
27813
10456
42300
224
41903
8327
8801
9857
24786
29035
2429
7173
11728
746
14412
8910
31099
7626
656
48039
50522
16310
29291
29293
37444
1630
33162
1097
9003
13139
41578
792
5083
1910
1704
1534
56615
14352
15129
22488
35552
1378
19608
35068
31774
1173
15805
1251
47031
14846
14667
10938
11769
4328
840
33090
29055
10367
18450
3865
37749
581
27323
32232
39050
56283
25269
9028
38214
821
51284
15500
28605
35951
8888
29249
15458
12792
3520
12830
23002
27308
12552
53489
46639
27408
5704
57197
8181
21650
37400
1387
452
16498
3206
12062
23
14459
9971
37549
21074
3534
39299
6611
2110
21702
9820
20651
33906
15679
4040
12926
21836
28838
51633
1776
3001
704
11669
32821
15808
19928
26817
18753
57963
1030
25826
76168
25208
5453
36243
34612
4404
12631
27028
176
5601
5757
15154
6833
30
15853
38458
48298
24728
24528
26625
21067
13924
25758
13423
30875
2583
28136
17737
26474
1112
9403
11349
26375
8727
13156
5633
4496
2297
6916
64865
37876
171
23426
26899
60
13555
9535
26398
31031
28733
12148
14456
23256
4844
147
2556
2875
36063
3079
8734
5601
17423
32552
57377
7366
180
26631
13168
1171
7076
17962
51
9920
42228
10552
35971
63239
7905
26578
21142
67829
30226
28755
7014
15186
22654
25014
19789
22641
24374
2013
23712
73030
7333
1225
8053
30833
11802
7122
4406
15097
37520
6651
1799
62207
14862
4860
1654
14616
40846
15022
19114
61667
66400
11067
9745
27
31607
57620
2365
10053
53079
22747
2057
981
22918
58219
63956
10713
7730
55846
7753
2960
3552
26323
26956
523
4120
2374
13516
50228
27662
713
37912
6710
4635
58725
19740
1818
13553
24682
2006
17737
13901
44296
18852
28375
11751
3622
25433
21381
6097
7129
50791
5431
12275
7918
4527
10019
33593
30870
10172
14106
65045
34464
261
62404
13425
17652
7348
32297
154
31402
49796
17516
15407
22305
27479
9359
28830
15238
21576
36978
56907
8375
5516
29835
16477
10599
3989
2781
11091
3792
6234
548
4143
5275
22840
3798
9756
23273
3806
2963
41226
10047
20927
4493
1998
147
25204
34120
15250
12492
12679
333
24980
14880
299
16752
9236
4044
7090
2083
5938
17505
2451
6600
14584
1996
45198
1516
9833
14585
2844
5567
33251
4395
20337
21715
42369
22080
21817
863
7325
46385
17429
9937
37840
9066
17752
9526
15319
39787
19506
4126
9376
195
3483
13768
43629
13822
17688
1329
45925
24960
1738
24237
11286
9800
25877
41465
26687
1615
17906
21443
3539
50508
9306
47753
38931
2635
17971
803
31979
14091
33792
3063
6514
6080
17605
12352
3639
603
41233
31864
49671
33383
7288
24703
35293
6364
18181
40552
23746
6286
385
24557
12416
5784
27112
42798
7622
6143
52419
9522
11814
11024
71217
12874
32584
4365
9431
3370
12908
3048
40073
19423
5327
17625
16241
42138
37638
19662
11193
2122
11676
7148
4575
1728
805
23659
39920
44252
6352
55128
41443
13189
24230
1888
70102
11751
10529
4437
20586
11576
19495
27936
2254
14227
5529
51961
64254
23947
12455
5793
45429
10046
39089
16152
6055
16587
2138
7308
860
10861
37746
5445
6360
7521
1378
3027
4455
72089
31902
5412
26261
18422
19461
7303
614
37063
3311
8590
1711
6362
17196
62910
2264
75345
2877
31800
19169
22279
47808
2011
12524
5169
6803
612
8435
4515
8489
18055
20073
48229
19009
1063
11101
15828
3031
28777
4898
17329
3609
1339
358
8329
64625
182
193
566
30447
62547
26306
21683
68320
49
7008
22211
778
22782
27956
4664
18683
24465
11401
30821
24348
5843
5789
30632
8958
11508
3562
8988
16182
49
23188
15014
5654
40551
3783
296
37996
4787
10215
8379
21175
65861
20730
7033
1338
9628
22711
52266
2272
53350
11089
4614
414
562
9540
5199
19114
44276
8411
31125
18158
7522
22961
26269
16221
1455
7995
21962
17877
16940
29888
7907
3705
55216
11089
355
1324
935
2644
61665
32959
11905
8602
7258
2020
48443
8928
397
881
20593
14577
15009
4765
15645
27190
13799
23198
63481
9322
7763
39544
1662
13521
70211
65906
9442
4113
12844
50569
1459
965
5
4926
17415
12480
2409
33227
25997
18834
61450
959
16834
29264
3714
31624
30888
3944
27233
36104
11926
3874
16017
17946
10908
2912
32304
22250
60001
756
3140
17211
9971
19639
4256
3077
54577
675
12021
10545
25206
30745
15230
18620
23476
2137
18504
1597
3093
22338
43402
59563
19509
39862
15056
44054
833
19734
699
15209
11704
19937
1037
10315
7209
44385
38155
11563
15271
28340
38028
1755
6578
4088
4833
24633
2067
24912
22633
3858
9592
1199
9676
4646
13808
50260
3144
3398
42310
7062
916
876
13511
630
3540
23588
1507
60889
14259
1338
50262
27426
7545
4468
13902
3696
16474
19368
21451
19773
10914
8647
45241
35188
1449
13637
108
62459
46148
33731
40335
13026
34255
4413
9147
1924
12043
40015
377
4630
1225
43028
26604
5627
16404
19885
3814
58420
64478
39728
35759
40140
26342
19782
7368
24816
1489
3626
10923
674
49520
56206
7119
23390
2487
166
53791
925
24654
15078
2402
1403
40254
34656
28390
17011
4714
10252
5432
10217
4458
25913
41579
8264
650
20745
30803
4804
4984
6697
220
3898
1710
14739
48667
6647
4566
43192
30670
19376
9904
20012
4245
6661
1070
12932
61806
10307
3910
13521
15990
21447
22423
67996
43356
4938
4154
16423
14320
33684
51619
47963
27364
1666
1527
27867
4235
65929
4627
8134
6247
26663
19528
3471
15078
53193
43042
21781
65994
3548
12945
16536
19774
61319
516
22013
25666
11560
24245
10010
24412
24887
1469
2094
25006
188
41272
39784
28934
4010
23403
15952
399
3089
21457
5308
13329
46853
26560
9869
1131
1170
10514
5609
5558
26837
39831
83
10501
8586
6854
20729
3852
57777
306
32543
1368
43296
66386
37921
29524
16010
6768
31080
1085
66092
36677
2085
31957
8539
47212
745
1445
44142
5969
4294
42172
2892
2138
23828
13131
1302
13207
24364
382
26407
9914
11109
7197
13968
31442
17
12097
718
36362
16029
62717
24653
42077
60483
5818
34301
8179
35851
376
9593
2502
1244
1978
5508
11612
4326
13954
26552
534
40927
9289
3917
6374
3077
13226
404
5988
7478
62803
3165
54769
7820
6760
16658
1410
11796
34867
43345
1280
63576
8631
27411
7258
325
14126
7250
45103
38302
21052
13777
6247
4684
22220
43278
17080
21970
10206
12822
8674
5619
47018
8591
41712
16166
16732
35869
31161
49230
36771
17913
11774
943
24739
7204
17706
34321
47856
43436
750
24529
309
9511
3351
27931
57288
33457
29648
7157
56377
1122
5245
5811
17244
1796
4101
695
30041
57031
41661
9967
21662
6469
24013
287
23066
54361
5850
10190
60611
28126
10664
11427
43064
25956
30903
3882
10176
56880
26745
46911
1400
13217
22693
14973
3504
6930
15822
1875
34477
10776
37625
23040
5486
16158
158
3449
14414
9282
36532
7115
37208
18204
5338
37845
39188
11244
2451
796
60772
34965
10685
11173
17428
12834
3519
35307
419
11525
222
4800
35162
37213
40872
10536
27084
42200
3554
13569
46396
8627
12177
7927
42145
2297
36089
15552
41594
24266
26290
59149
32670
11164
27786
2414
29827
5173
33690
11693
3758
32296
11886
1683
6986
9555
10266
3281
12097
5444
4015
16983
3194
37179
9494
12446
223
18928
4117
37843
725
3205
34163
8758
19743
282
30117
15257
33230
1378
4638
1855
420
38946
41458
9268
51641
16223
1588
2520
4930
42683
2347
10189
30879
50648
36103
29706
27638
2617
1837
17455
4707
20441
7223
7670
5698
1572
37671
631
58398
38224
24136
67035
4525
29918
7445
388
65586
27768
11492
21740
9244
1132
3796
18867
2826
46172
11800
13177
38143
4615
279
37674
4855
5088
13396
501
29549
64337
8175
412
21430
4435
634
22928
8980
3434
30514
49411
4179
32524
1360
2455
24247
25489
35904
14320
23969
6149
12299
17165
30745
7801
3301
1054
8841
24039
8399
3883
16320
39009
8337
2324
632
70367
9004
23507
11562
5904
32719
5988
803
6
5915
44081
23730
4631
3486
2682
17757
16777
4406
21203
52363
59534
29559
23321
931
18416
21431
2740
25855
17985
6716
17577
17498
24918
37502
24561
13675
37230
39722
6827
30846
6710
2094
16661
27364
35027
323
1065
357
17119
10146
4350
7440
2527
49742
48130
6014
13800
28569
38833
2038
14797
13712
5134
6436
74191
3886
67291
14111
752
13792
38715
7872
29147
16516
21655
11259
39091
48661
3610
13782
18745
16474
5592
6707
34807
27324
700
20752
28631
382
2155
9839
12641
37008
7269
38244
25768
9486
50587
7039
1099
1134
10805
17238
8650
23126
36200
19685
35
1296
50428
8358
1699
6269
16650
50287
17133
8371
33775
8403
3975
37198
48587
15817
15646
2908
4241
14272
997
837
3856
1662
5767
4922
3362
4654
13362
845
3194
38371
48543
4065
17326
433
4700
13489
30829
39844
5934
963
28654
9421
5336
4813
37352
20176
17703
675
33018
13261
24266
4697
43985
32480
51558
16442
52543
19079
11471
44757
32949
8426
4532
10448
1346
3838
30473
21931
37852
17114
32344
25748
9142
24478
8232
25010
21656
45696
23366
6266
23153
418
16163
15295
55166
41015
60167
9641
22212
29917
12561
2640
12710
9710
12901
17677
397
28521
7973
4645
14044
5522
27242
20176
30377
5573
32858
33803
16454
9335
8226
46392
25027
24879
25143
8889
21663
8663
3896
5066
7597
30268
16350
1836
983
19362
22845
40008
25203
26355
58323
34355
54495
18707
2798
30974
47861
7198
6618
6306
28110
45983
26046
11367
28699
65526
19741
73571
2893
1165
52748
7368
27973
2930
44223
5180
27572
20285
44645
7962
27770
3804
45955
48495
2197
41826
6897
8730
26735
23606
30075
19651
19240
20900
54666
22269
36493
9718
71370
11113
7802
44186
37511
14965
469
26295
414
4925
29871
15608
5964
32224
3630
21002
10631
9597
19426
32700
9918
3489
1090
400
23856
9186
74118
13428
4129
412
61800
23691
44126
29728
68145
1155
47476
9082
9042
31340
1525
7895
3420
1280
19982
2927
16954
22420
58170
4032
52378
29189
2088
4882
8569
918
1023
21365
9907
391
20338
35778
24786
2123
39333
45133
55012
62596
12062
2217
73524
20580
32189
42872
5052
61617
57284
8747
51858
189
29336
12691
51071
1210
10907
8111
40036
13649
17001
7864
38311
2526
4259
22635
40160
11627
41356
3897
13704
25329
12394
27261
40572
33215
18060
29198
19196
49923
26592
1938
44696
24353
899
7692
4086
3801
3038
56479
11142
27174
28434
75574
36954
545
15337
3702
2160
171
11354
25730
32817
47074
64330
59754
29968
64192
15228
4098
26620
2515
5265
28709
21430
18711
7288
4093
2788
2461
28291
365
49971
11941
19978
50604
6421
2861
28456
30335
177
31674
10978
15599
27960
26698
6227
37470
8129
3144
28014
9095
8013
42340
6407
41694
53078
21
4374
23109
15872
29448
14741
656
51015
1877
14057
16659
13017
2751
3280
41552
1055
38662
22558
7289
2867
53100
5473
44293
51408
16557
3559
16713
18970
74806
13849
10227
18803
21014
743
2757
6530
18485
10021
5284
13208
3736
822
44960
2307
7545
3727
19791
6667
4623
8982
22902
2656
10559
631
881
7503
27844
31522
14974
33053
409
5
5499
33619
18501
13139
30815
55158
18697
4895
28481
7011
34925
68317
25658
14643
4980
15469
50784
5076
13565
23176
49726
937
15002
7041
4151
14165
76
8938
29105
48569
1130
6296
21787
21791
45441
1793
60277
30511
72398
24005
5611
40428
26596
3986
1169
30277
42762
3356
8725
251
3325
14603
53176
70886
17431
75288
4151
62116
78
22209
41448
26946
6756
48471
3642
13780
1280
260
6816
19224
21768
10993
18067
2236
26487
25536
11669
1777
45554
28353
24474
1315
1877
3417
35772
4405
25190
31105
163
2587
21275
2605
14512
61068
8572
4391
28027
24817
18093
16457
9970
33083
1918
36347
23418
7495
52501
54843
69051
22470
24105
879
20825
12304
53740
34802
65489
3795
11061
21196
16962
18818
44402
1645
19744
9420
3251
53452
5537
25511
48014
2861
23431
29412
31411
6079
64394
59128
41546
9809
5778
5101
18949
20501
3735
8095
1265
16291
1446
35162
6838
11899
11106
33329
6682
24102
23516
8658
1764
42876
31502
33960
71784
13701
7640
8754
38849
55659
267
5341
37123
60128
27750
24131
21702
42842
1331
12907
4203
57099
1092
9790
3974
4387
7078
13087
5627
7113
22714
44503
730
33591
10391
34991
5376
8343
18698
41599
44022
23148
3289
30817
432
1407
4970
10723
834
19013
12241
31285
1337
46448
46329
53807
27145
31015
26142
3403
35737
2796
4997
23413
4866
11044
11056
1743
28238
3514
37019
31757
21757
4316
4180
10402
35118
2561
10967
12649
12791
50391
6135
39745
35511
21319
8827
39952
12359
16972
3371
17233
49620
57728
15430
5139
29342
4568
1101
466
19041
16972
3198
26913
32280
5090
13463
19300
423
13185
2066
4737
469
30408
46346
69914
10565
24981
7130
55996
36266
26726
13793
48280
34062
4356
16794
8122
21339
61652
10982
12560
7285
19182
1986
3842
8359
7191
3715
8097
58064
235
45153
15791
7050
3774
29829
31837
387
41290
28409
38340
27845
17674
29325
26250
10169
8475
390
2800
11044
44252
33811
12953
64134
27254
30963
23401
4164
12216
5303
11012
11170
11042
18106
12887
18184
38302
29054
1818
19035
7045
4195
3513
4143
14809
24166
19110
3366
111
7505
51811
10102
11228
12975
63879
22448
20887
22171
35241
45172
16060
37632
489
48301
4984
229
20111
14623
52335
28138
13112
42313
41881
13087
51894
1593
53280
57377
12287
21489
666
9912
19561
74057
68894
15945
9080
9536
8586
12379
39127
15379
9719
43680
6187
23758
166
9412
65064
4340
32917
17704
11251
18511
62599
1083
3690
35009
46400
9987
16935
15997
11120
21904
20491
23269
30950
15679
1083
17387
10336
10288
30985
14225
17003
25997
14632
19139
2737
10836
54646
47152
5078
1670
9183
28959
1189
7131
4347
66111
1267
4977
9589
47692
19639
6267
3645
46492
28731
22150
7984
17522
43745
33966
16029
48008
31107
23523
40066
6853
28227
21966
33012
44502
6238
38551
6455
56878
48458
28436
21442
11727
52192
7960
22168
33933
1550
43797
32585
34959
5
12956
47367
50127
27553
52096
5108
18197
2944
7094
1476
294
15263
12334
15324
80
21011
30837
3937
15942
16729
9660
24916
51803
14814
1325
14299
29211
24344
17872
6340
31774
27163
55383
14499
16508
2789
35370
1711
11642
26539
42229
13697
45044
9198
9746
49060
25922
56248
11131
6156
8224
60909
6506
13769
11156
20475
17188
34435
26239
4075
9117
13081
15390
70372
34335
36126
27128
27593
17282
63525
18288
9653
74721
20078
17642
19493
51986
48598
11040
2202
1039
30475
59533
44619
3140
8291
4191
6402
70590
14806
77500
20095
468
22576
38614
25366
16003
42254
3316
3439
125
51586
37585
10842
6294
4354
23887
42646
8381
15322
10559
32971
39556
4197
55572
10105
1996
15991
7175
64982
40724
66
1268
15668
45649
62715
35922
15868
18512
16251
4349
32279
11135
12536
4587
600
21146
52362
21651
6572
1853
14866
4574
371
15921
60378
43990
70
61608
6970
51050
302
260
15050
12603
40682
20864
65544
3848
9702
372
6845
54023
12374
24250
48437
8820
33345
649
37694
1231
2799
32402
4053
281
31412
4237
7945
21297
30324
10360
1287
64448
10296
24952
876
32091
486
1621
7712
32098
2463
51253
8306
12958
9781
26332
6465
25028
20782
53912
27636
7522
51586
5459
24331
6421
32505
30108
6827
2241
719
35518
26867
21053
44478
27903
13222
8309
29572
18770
9316
34744
12958
42418
13500
6981
4597
38
645
15256
19222
18394
29517
21140
11333
3569
2633
16919
21287
39772
23966
38331
4553
18426
14443
57922
27092
34746
21380
61
4868
1291
62985
23026
9398
53962
25051
5687
8954
244
51450
4382
17514
31019
7964
61260
7484
7709
40880
2809
5920
15574
7201
6115
16557
10848
15649
24237
7473
39997
19078
1525
30774
24124
6162
3648
52516
65930
19143
343
17386
5956
391
296
35845
19731
5078
35890
10646
666
127
37095
10683
10243
9949
14020
6887
2200
8297
2071
28568
873
4162
30158
5784
6234
66401
22158
1563
29520
30802
2492
4945
49117
3331
72679
35569
1765
23200
6812
36941
35784
3548
1293
49968
20493
19138
28544
15139
67070
50551
4864
26746
36338
1262
10198
31633
20556
55608
3433
15418
15585
2006
60475
32514
35356
1130
6537
57372
8817
32240
8327
3893
34111
22498
31287
1458
11369
4436
1945
1489
8246
3366
5151
6960
53275
5202
2561
42381
27537
11543
602
14995
2321
13461
23942
6977
54482
2930
17961
706
26764
48861
5326
9914
61992
1304
12147
1871
42960
27705
6832
29135
28344
29452
7855
6152
28353
9438
17999
539
22637
484
24532
18492
7440
3738
5570
14394
133
3874
38128
14740
16251
40022
1152
17569
8327
31038
34428
22194
35338
75150
21950
20204
68582
18257
51497
6052
22838
4971
15700
25142
4351
15510
143
15
783
42052
37553
49117
55078
22539
7184
6851
3742
55701
45838
50153
27541
23516
23628
27059
18891
355
9448
10109
21282
30909
511
17714
21047
15890
35936
17037
14130
28625
1961
29619
5357
27093
7736
42701
53301
9385
16398
57
10595
52180
65270
28731
4877
52270
2340
6430
19933
32377
4531
3283
451
535
17433
20865
1753
14925
22
10099
22270
38018
177
14265
803
14225
58268
28663
9529
58053
41991
10757
39347
469
59786
20921
6015
17975
6
14822
1612
27826
16311
23855
48329
3700
52183
62826
9056
68289
39166
36704
824
40412
22650
66322
5996
9875
31652
6964
15696
12409
53189
28033
29808
38884
14218
27036
6057
491
18991
27976
31753
49134
54021
48492
12924
26404
519
12931
59349
944
12693
20347
31246
58877
4262
2872
65251
20874
3768
95
3265
1146
6378
17547
22690
5913
1726
34858
12206
9302
6277
3228
1720
2394
984
70976
20980
137
27334
1882
26111
24077
7728
41966
13
13046
35984
15333
43543
28115
56658
6133
14309
49755
23209
1939
10914
378
37750
8853
7772
6744
5944
47604
12567
6772
7429
44489
43355
13652
14949
1426
18055
9775
2734
14841
5621
2654
5130
27052
37137
6322
1083
1778
4
19815
56357
9596
44240
46195
2971
19923
48892
5135
878
14623
48603
8483
65135
8228
2849
15922
17035
36646
24943
7671
3318
22243
22422
12
6155
22744
10960
32176
21308
19923
39577
4709
4860
5322
5142
14502
7034
3744
29944
285
6540
26597
1356
105
7455
1688
20536
53196
2626
12
26
60997
19208
61075
9745
14197
29114
41
32653
1994
32159
9949
2400
9253
5585
41815
118
10540
27713
30033
1865
11288
42759
606
36421
36554
31407
850
14019
11798
10638
8215
34579
45457
6294
30366
3533
19142
1752
56766
7641
27710
26983
14109
17572
15488
2043
5492
60466
18231
3152
12478
18257
68199
27322
275
4561
12791
7811
1913
3950
12449
3536
25283
3269
13308
22839
8999
43175
20219
5904
19795
1469
9926
66216
45693
46391
6262
9122
26801
39752
15346
45023
35087
26776
9604
159
5400
1662
16109
6422
43366
17113
6790
32164
11545
44822
8487
43140
32670
30122
50556
7663
4407
46946
7197
3689
41645
1622
11496
17779
47712
5068
33359
1944
32647
39851
8182
7448
286
9104
487
9654
22209
7882
3440
21295
1540
11425
39935
24744
13924
1542
253
1924
8233
350
15349
654
50387
25174
362
10002
18250
35985
44
4760
15900
23504
44236
60614
6139
24774
21277
14143
3767
200
43388
17545
11626
10899
14356
61386
15360
17000
3249
3551
271
19362
11387
10071
6589
10658
10353
50604
31079
17048
40229
2731
6452
2031
11908
1776
48503
19946
9387
5440
12730
3468
5696
1362
16677
648
1340
4412
41344
46579
35764
296
14585
11098
9347
6674
18889
449
20743
3626
1059
21217
318
52
18805
27438
14821
7038
39881
51217
19732
55011
18201
26728
1161
32574
38239
69150
1312
44040
13287
4732
16502
37
35085
6946
13113
13728
1062
10002
62885
533
3288
49313
5218
14369
41575
5942
3808
32880
49358
44894
4172
59710
29086
18895
2038
50203
31622
53507
21142
13437
44426
20164
24907
177
41272
692
5040
13783
36654
4540
39034
37023
868
13219
4062
64730
2377
8474
2868
55299
1894
28338
10967
32685
714
29361
6207
3487
1729
4566
5050
17768
3854
16395
34241
14967
381
31734
27462
1278
4501
9309
28278
5306
3593
19552
12724
536
2539
64018
7917
35330
14586
13475
2779
46547
24923
58118
54389
3617
35876
7986
18338
11318
28471
44698
21051
11651
57422
32074
4029
66986
39654
33614
24243
16337
31232
27631
427
27973
11456
13176
27163
23410
12539
1177
53781
34073
58259
28458
5363
3632
23470
14607
13798
12029
39794
2386
29889
21005
51670
26396
4641
7171
3626
49006
51572
49490
3495
6216
22062
43590
41508
29312
23748
38058
7831
26684
32124
5030
29833
39834
5449
26558
25452
24712
638
1694
18455
1842
16271
29248
22649
16229
120
516
2482
1672
137
2243
2825
4975
25057
18980
43294
28764
14278
21931
3024
4675
37181
3298
25464
29382
11614
28535
21862
2799
2624
47801
25900
172
14872
9035
4768
14414
5350
22117
353
19
15593
5347
6865
21233
31205
8072
23816
41385
41188
21976
69965
36394
58903
2197
10271
4157
1339
26839
1364
22826
57252
280
554
11116
13910
14482
48446
1540
7876
55343
10131
51468
16073
60055
35374
389
24221
15977
14441
19076
23142
7362
18109
44685
26098
55823
3396
30181
11117
11457
22150
901
22726
7090
28176
10249
13174
9700
30038
3390
8523
16717
9659
58661
26894
40661
3258
2555
5924
26481
35980
11452
12048
3720
4380
5224
46419
52551
573
22359
41938
10942
8975
1862
7875
4548
32173
14819
21391
43563
75597
36783
19083
4671
10343
13417
55560
14792
38028
1570
21916
28637
7004
3780
16249
51370
42352
24149
24634
5318
5078
3414
66712
36327
43011
10929
21213
5405
15578
11468
36837
1654
31838
26615
3737
22076
270
44169
10776
12743
2521
3803
32938
1346
10760
13631
14731
20851
17520
25913
408
10677
20100
4538
11081
6479
13769
30587
3172
21206
24882
5742
738
68120
692
40322
45617
25354
38320
1049
313
31595
30173
12746
40747
34914
4578
17597
2521
39192
12828
12956
25899
2718
6906
7105
20707
29479
48891
12635
9288
60796
97
8667
10805
34154
27539
684
9354
10463
23445
19842
20169
3066
13030
20806
4959
207
16009
307
71871
35501
33188
11916
36844
66457
31033
3737
9797
16500
33540
2204
68349
13351
29538
1751
15253
19082
45076
43063
39235
1240
32341
10083
58534
14160
20244
466
27783
5049
40333
546
36112
6969
11855
24322
19082
7008
41175
29134
27947
44963
31017
17909
4370
16358
23935
24934
6258
41209
494
9412
3210
3432
688
348
3839
12741
28954
21493
11378
34999
13870
38312
21757
37876
30238
8058
24864
49157
6949
25009
27647
59426
55
15994
2377
2186
4580
9635
22161
56644
34079
5724
17498
12417
4510
11313
27471
28658
29382
28596
14478
603
1254
8399
4804
14983
3077
33117
794
20223
1058
21846
36886
32632
37660
2680
47261
56794
8994
31057
3164
19917
30050
56057
40921
48154
33847
1809
10054
6106
28410
27076
5078
3571
215
5011
29452
38487
15132
10676
43774
27024
4702
68764
253
4525
30352
11326
1387
57923
36056
18370
12754
30899
13065
12360
32582
7719
538
24814
17367
36499
12902
1239
14921
41571
6650
19601
3584
28836
65112
1668
18273
25589
39242
3916
668
27635
7362
2393
9224
15097
14911
869
4967
24583
14263
9521
35386
773
6702
613
57718
1447
14360
5117
10872
4658
6858
23767
33718
11913
65944
7826
2602
16094
5341
30790
34387
8430
12412
16328
20394
27567
20239
31382
911
22074
3620
7375
3129
19760
24607
1253
2897
5075
4544
15244
35865
18619
18755
7949
12920
26318
20359
47195
17932
48526
22827
46714
26158
53460
19538
21112
2422
6951
2489
6949
6714
49507
16039
18691
563
34532
2286
14123
5487
38134
24164
2796
12620
25353
20156
12342
62788
2819
1523
25507
32963
10593
9279
15701
9549
590
14456
46009
720
615
16297
27559
4950
10224
2912
14890
55404
19655
63257
42110
48012
4410
7036
13060
10982
15727
30455
15061
23055
37486
14633
27913
25936
7822
10001
13341
25869
1581
21943
1197
33389
10298
5847
9835
1887
40023
22811
1219
12569
47503
25439
17806
17961
2018
22220
55088
22482
21404
14592
20023
48900
35333
19097
3469
52098
11146
6985
5550
6504
744
19106
31539
7695
1753
6775
37405
11351
65165
22612
41102
20166
18461
22155
17116
9683
35808
7322
48408
39652
1621
9106
5072
11476
16169
44525
2887
43936
8066
15870
42490
51902
3713
7045
751
16945
13988
3353
27753
34865
17326
1551
11054
60839
21050
16756
11
3091
5811
11370
4777
59768
14529
36314
8965
1563
3512
41853
21189
20438
2293
29397
1508
19990
4855
17800
37516
29066
24851
7588
53
15338
14424
37093
4619
5307
34788
12378
1850
6648
13971
31166
6981
19832
28214
35404
64050
27027
17694
2566
39580
40684
36380
9437
17166
17835
16470
14351
18028
10905
14378
43245
15437
40084
38001
68152
21003
13762
15165
4408
28383
9594
1494
8262
204
24791
30167
6372
11145
29401
12683
13561
39005
6488
10262
5050
4952
41364
59931
15544
7544
12218
2947
23226
33551
613
5627
10158
11659
44081
37794
36476
6096
32244
39666
4707
8816
1809
37894
14358
2529
30573
29791
3771
6803
20286
7787
7448
5275
27827
45566
15090
8081
11660
40639
4951
7387
26320
65502
14045
58766
31333
11997
8958
45552
17360
5492
42144
25382
21602
2041
9187
8387
4803
3884
54298
4154
33355
17199
3652
8583
5006
38954
24216
552
2684
1206
68745
56497
10664
25840
19371
1470
34698
56887
4345
12434
55358
906
1390
11356
2271
73575
36267
846
16805
11220
13037
53454
9558
66636
119
20055
35720
5943
4710
38639
43112
34411
21617
26417
54292
21278
962
29644
12937
30214
6309
32119
5058
31325
673
31678
3695
20970
55474
242
14637
39405
1352
24159
12533
19191
12752
8674
37265
1081
30838
3
1210
4998
10136
3670
3715
6820
14675
1455
23668
20948
23105
51721
9320
27537
44121
44065
26857
6881
5635
161
1630
1107
12025
46214
14506
13836
8643
30479
29478
27844
56744
8346
4853
897
1432
46944
6908
23787
44217
17573
11322
26764
70533
5768
3884
14135
8952
36045
12743
31695
42584
4531
818
26119
2345
1179
14174
39
17899
26366
25348
28464
10532
17868
6211
4913
12424
11213
26207
17281
46325
1349
14762
12843
15942
18604
129
29446
29182
15600
4789
639
8687
11348
4111
7746
9508
21879
231
11000
10026
5654
4868
43416
27749
9590
6874
52431
9133
10172
27321
38112
62568
20224
31838
56345
1753
5383
49786
38209
33579
10755
32019
43990
15129
45446
10334
10944
8066
3264
22929
36844
2966
36503
3544
1751
864
57638
2615
30835
42288
12369
4964
24411
11642
11944
70121
28093
7697
3448
31337
8554
10646
37741
16759
10971
75133
12109
7232
16065
12834
8928
166
46016
26928
9327
24328
22627
48141
66
29009
1287
2171
19296
2371
445
34317
1203
15542
1242
14570
12572
294
35008
16050
12934
7732
4150
12929
2559
1787
32589
42856
1685
16196
4745
21348
3956
2016
13497
2172
21867
61200
28654
366
16274
18590
28440
30001
42392
17920
30332
535
31453
46763
6682
24029
3301
10880
13979
5545
29272
2537
3974
46998
58318
30992
42396
10552
8793
53087
59368
18153
17578
25713
35220
7887
25060
31257
48864
6264
10942
40328
3179
65987
19321
45035
18832
25120
61268
13403
5149
30422
5147
19125
16082
18691
9348
8883
6873
7898
31507
1611
20464
589
44268
17417
15565
270
32509
1055
2038
654
9934
2015
40491
35668
35660
13896
51965
5229
10983
10307
6455
6941
21675
2000
1940
4665
39346
18934
18547
22751
4325
135
22756
17249
983
1063
7963
2788
13164
10975
14113
25362
16028
3280
38543
63256
4192
30854
11030
642
12093
11332
11396
37083
982
15139
45679
22363
12345
38596
5164
40274
8103
1197
12048
5259
2497
13768
62497
20082
31830
6104
15996
48656
32504
20833
3171
27108
38115
2778
60911
1302
1249
62425
22781
28806
9108
63214
5922
860
23674
51365
23942
47064
21472
1792
14867
55722
15147
9648
15009
1414
529
51574
29734
2991
957
6525
23449
8300
51576
3072
19574
22739
6713
44425
29499
32838
47965
19692
24861
9260
26663
31987
17379
19482
18904
4124
21936
6248
44435
563
13821
15098
2845
16679
60412
2809
32417
7748
13399
36141
24482
882
62505
23260
25943
2677
15794
4962
15116
11413
2989
16078
10702
20567
9965
13727
9942
11535
9876
1613
12332
33157
9899
1871
3334
1355
4388
15596
2648
14920
29731
34796
908
6842
11011
4234
3666
7764
12751
6446
49521
34637
11876
52971
48263
19586
5965
8230
38751
37598
43431
31870
39715
434
40937
75162
37265
7788
28530
31855
4079
485
10258
4226
2987
38203
28693
7783
13370
9723
30455
16657
951
10979
4772
33126
27852
1630
17387
7722
24294
29387
23130
659
50229
14700
19918
1677
22744
31449
17641
1280
8808
45056
570
14236
182
824
6361
17395
44018
15511
23542
26812
1266
5870
7613
3347
30275
29467
17814
21546
5624
1097
1821
42902
20247
4727
10957
19140
6841
9715
10206
47760
54739
22904
353
14774
13278
15004
30936
43880
9821
19670
646
2026
21435
475
18784
6924
6094
46580
26479
7612
24108
39794
6500
2523
1035
1566
43165
34947
15256
12213
36565
2580
3252
17732
73
27814
2889
4075
1815
15798
60230
31432
33774
8820
14134
797
22818
45364
4155
43790
2490
5537
7967
27695
23037
13473
36951
24948
68970
27357
38270
6978
50696
34374
339
22233
47488
7372
13555
9208
1311
4501
12804
9597
50303
45791
39748
19641
3914
4020
4285
34086
4478
7777
21686
12696
568
17516
6939
2008
1749
6029
11784
24107
21780
30873
52251
30707
19531
3390
4134
14223
8683
3613
41514
53542
31618
8291
3520
1144
331
6057
4174
28866
39253
8392
27457
17905
22172
7649
2753
41149
597
8222
5640
6154
2571
38607
4974
38279
17763
4387
12924
6173
149
22766
16330
15924
31937
16979
61224
2096
8033
19643
8652
25814
45739
30454
112
10
37985
35497
16045
26988
1758
51799
45779
42743
13089
14452
35297
7982
41391
13356
28810
16659
615
1336
2723
4093
23077
56718
10099
40851
4073
14196
1625
446
29173
4399
52445
9551
4762
4041
3132
49226
34204
12361
36065
6852
3661
5608
13877
39075
37350
202
9070
6788
3591
270
22901
5492
15509
13790
9710
6800
45845
11466
17359
695
1897
28337
17382
14611
3885
31012
4258
50590
1248
15015
7096
26322
50
43727
53608
6295
16857
9812
4303
66220
1866
52360
13700
592
35058
21342
57857
25039
16531
11593
11399
42647
1560
21690
26640
12109
1993
35927
5948
43742
14554
10371
29917
3922
14686
43952
17682
7097
8875
1933
2585
46956
38362
18633
57987
91
1647
36354
7298
36498
51128
73231
3103
15344
7
26544
15071
456
5126
30550
10722
19053
8853
56665
51180
4938
40762
12803
12456
50361
20578
28555
17535
19859
28975
3583
26892
18809
1004
20059
28131
11468
13158
14828
6242
33485
47138
9496
24705
37137
52547
7042
17893
10135
46015
4068
10021
19814
2748
5066
2037
1093
3226
1632
27409
15705
19823
71543
36443
4017
38379
33288
1060
2495
1056
9592
16201
12006
17623
68548
20394
54580
46329
7245
6576
671
39488
25230
1121
2104
2374
11121
3702
23933
51111
2656
15534
27967
58354
56638
39775
2789
47434
616
25237
9044
24537
32971
60304
3992
56103
29505
3181
12589
12224
282
57586
120
54788
6271
809
15926
6775
28592
18806
2626
68562
3706
12757
7308
3239
13399
22546
17687
2718
25433
15948
26531
8894
1406
8726
67450
10787
19610
5898
158
2746
1527
2587
6181
14190
46507
19339
12400
27295
2732
238
47652
35
3103
18262
61803
2607
11790
29532
12224
788
24686
31027
1751
3080
1894
10024
1215
49720
10808
1541
851
3514
2149
27580
15797
6614
25868
32224
279
16662
2144
595
47011
13089
8355
36021
13704
17711
21578
19790
25780
20476
15030
2574
36132
17653
33981
17294
13391
10140
6190
34157
22962
15056
5386
28069
24832
556
624
9291
13266
41163
8953
8357
21696
9760
7763
58248
5159
11274
34297
29489
2943
4191
26083
19752
56978
52642
45655
48605
3863
16069
12432
14922
23027
42402
2301
22687
46658
8638
31882
6370
5508
14452
2674
37717
12554
26219
7106
28328
14357
56680
59250
2070
13396
70570
313
62352
3986
223
90
57473
28526
221
33931
2501
9292
15279
19713
46593
3684
23639
30145
28013
26725
26659
25474
42822
12611
2497
4120
12553
660
4922
5978
1054
6913
8264
38442
26580
19170
40584
1444
1783
7106
9880
22447
10879
54204
11339
6574
4991
62225
17225
10113
11486
51945
18715
9180
7869
16839
21332
7030
30620
54790
31032
2309
17591
13120
54783
16729
42567
15737
1404
6143
31765
18300
49443
55446
9638
32784
16735
28337
4285
608
59988
61081
16
6223
14430
21433
1009
4150
10985
10041
12977
3550
483
500
211
38744
33088
5276
956
40881
18145
15428
16344
1376
48991
254
44096
34196
18742
42361
31175
64068
14772
24302
21
47642
50381
40705
2711
1288
7939
6554
37464
33072
4159
20035
55897
55455
8123
37354
20345
67555
47796
8487
42809
3750
4406
10875
34049
5305
1043
6854
25598
23158
10135
30692
22003
36567
28763
29570
30101
51964
29957
12275
5565
1377
36924
35636
3165
2023
8404
30857
30234
3147
3617
31266
4259
72552
18637
31110
39537
47852
23208
19389
10729
2606
32469
3063
1284
37598
50262
38083
51900
19468
49850
47415
44964
15347
18400
542
52740
8098
35077
1491
5566
15760
7431
9114
15079
27300
8415
4568
21710
14502
28474
3400
1139
5108
18980
5813
7620
5090
60372
29855
20846
7460
27563
9807
43584
161
11468
26268
14560
49933
45963
1263
40643
23021
14562
47430
9635
6449
48019
51716
21379
23370
8633
5812
10278
2376
20509
1233
17760
44408
5048
4582
6768
50273
65363
26123
70
41797
11
9240
3898
96
50778
27469
25490
55172
29570
54295
11727
2329
35319
51838
27446
12846
3987
1128
13970
49332
28700
21611
19704
358
28255
96
5655
4972
3480
34746
20377
22766
20960
11709
4299
2148
4938
2228
18927
21597
11469
2026
1098
49283
62175
2072
50026
13905
4087
2799
44693
28428
62721
8223
8556
17864
29977
9888
19943
6299
12176
44736
18787
28804
13700
8386
24471
87
20568
6810
2145
3820
54668
1826
13956
28213
29454
9553
9657
14557
2065
37054
39237
8954
1616
6212
69
26933
4003
11124
24715
46156
7457
6860
11611
52918
108
3230
9882
21293
10421
54098
13675
17365
20164
69489
767
21823
4911
12406
55398
26103
29214
6246
50811
7876
6965
54462
14294
20333
8935
4359
29567
283
19858
3087
47708
2199
39436
9208
12873
8283
9403
55182
20548
21855
4080
18053
27534
963
15389
44833
5303
5744
8873
35323
39
20017
29740
19340
3209
18592
20400
10606
44667
9304
1515
38611
56228
10301
15950
29980
8825
42605
1222
9892
45179
311
29521
28453
3612
2038
2042
590
6864
19970
32738
22604
2082
40366
2656
3441
34666
7447
56431
43791
2116
34057
9543
3653
8686
26428
2321
39304
16838
3344
3521
8135
27417
4851
15079
10482
944
52002
27233
7164
14341
23008
36308
2444
2303
14722
6555
73114
7946
326
26699
6794
27853
29056
26686
3684
22736
22204
403
11171
27343
41919
57770
55683
43519
23410
464
4707
18388
16285
3175
4583
17401
6159
32981
14736
28867
22042
458
10193
29339
31469
49614
8577
17559
3549
2738
486
7064
4693
14313
1058
134
17780
41190
565
62708
58438
6788
24869
23340
478
34895
205
43472
13593
15280
1566
4481
779
11664
29140
9053
74914
10948
17386
5524
2580
2352
53925
30636
847
2428
11537
15542
2419
1801
20818
13179
34400
16938
13313
21272
1920
202
6395
12525
3424
44597
9513
39750
4124
1306
20696
32933
2167
6944
1390
4032
31675
22246
32096
59322
43323
28508
3979
9815
4377
42765
2620
35928
57376
8355
1674
34472
1350
6917
2025
3045
32835
20334
418
16133
32339
2647
27737
1862
21467
438
3177
16780
13027
7795
10426
5221
2005
9795
111
119
8999
25731
2548
20481
9885
4833
5105
22034
26716
3030
4085
52151
17305
4214
42851
46675
8440
1377
407
21173
7296
965
26986
7793
41188
8315
63337
63929
8339
3900
21654
23680
7437
77268
552
1271
14519
49854
2505
55597
44338
11883
91
43132
15124
8963
16176
14364
48377
2393
6265
1466
24671
15142
22319
31325
6137
31096
4069
11572
24394
30279
70653
969
17561
5975
76401
36606
37960
367
11506
20895
59112
10686
64771
1743
2756
5927
37431
16091
19799
10664
49434
6277
13346
1447
32527
16152
3551
8445
5074
17407
12362
17499
1035
4714
64710
32922
34762
24497
52022
66445
24163
45024
4532
6154
23523
5694
34091
2205
21833
31401
31650
11130
18061
29487
50378
27087
6158
73410
66510
13030
37523
7485
26287
33324
12702
31505
21250
5876
14275
27625
2866
6435
9516
33800
18619
5544
45295
47649
12636
25581
17330
14517
55904
1886
22541
8691
10953
48662
2242
6246
824
8636
2267
23305
9175
28401
375
27985
21195
23360
39140
3569
5677
11218
1608
34368
1668
2169
41606
16284
6163
58929
4724
57478
43617
9652
8181
11728
22608
52553
39557
603
5666
166
2845
2581
19386
14987
24661
3405
43351
11297
50615
30089
21424
28916
5424
5003
16844
28251
10280
12890
3969
10638
47298
3071
28373
34774
31813
3619
1590
9614
4038
41062
24583
17166
4251
142
29797
18056
29625
5367
13392
44758
2504
11828
31016
13138
24070
5782
6604
19176
19479
64267
41476
11067
2648
7806
46780
33710
7457
26723
24682
6502
3779
16731
34069
7451
136
37176
22164
17328
21636
5538
15582
10637
9267
1072
14226
1527
2517
34259
25881
34922
20921
25893
30089
43797
5824
8272
10621
32153
38772
13922
27430
11179
3798
1206
15127
7676
9543
55459
21442
24702
1923
46372
10195
29606
42514
13185
9269
42041
14416
48777
4968
3375
23531
2066
7047
30418
3849
29732
10950
32510
3158
871
59459
36321
35278
63385
22367
910
4313
6525
9714
31345
4203
16909
30156
7946
10074
35740
11194
2675
1644
16999
31979
23816
19537
595
17094
21819
37259
9941
50147
7817
5874
33664
10165
943
28866
9340
43502
39502
5885
69553
37669
43741
26955
43071
25681
4018
1109
38965
55356
21143
53130
3234
6243
9697
1792
11401
10714
513
70713
9812
9126
4614
41290
2445
25722
35927
26913
2673
5896
10287
29456
25251
71875
21335
21408
44065
860
60851
24706
20215
42596
7190
46738
5454
36305
44996
1692
5933
33976
8406
2011
8655
1787
12107
31329
4542
72437
20700
26568
51923
21717
1143
22400
11280
26511
64413
19660
18936
16108
68869
8871
25687
15262
15004
3733
51680
28012
141
23853
59634
5310
7626
47993
5701
4703
4466
40806
3506
38215
62331
4093
10767
8207
8411
212
962
5346
7066
40530
24089
2243
6176
25904
34719
13633
7073
34234
11102
5768
19485
1708
4355
71706
13965
2394
5844
17538
26182
13412
16862
41160
16983
7634
30792
31053
4582
5895
5874
3619
3543
36172
23130
4327
7395
28431
17428
11029
3375
12995
55720
3257
522
1819
5705
175
48026
31641
15342
20645
10897
35140
21379
43070
10523
40109
21308
22197
54899
7600
18549
22725
6861
8876
5509
1844
17930
31992
2539
73920
6826
94
1119
27120
5762
2382
4743
59791
13597
21407
5922
41224
10391
37979
525
113
5253
4660
18974
14253
10008
51381
36861
26058
30669
40107
15615
2299
7032
1893
17128
13367
2602
12256
39092
8553
1908
1253
36708
14657
57288
1551
17875
18408
25121
54881
19747
20015
32822
3548
6345
1251
570
16710
5416
36290
11026
17093
51073
4289
73474
10178
7153
57415
2161
5201
11542
4517
5696
5096
2996
1709
38354
17073
53573
12741
38701
8447
14138
60298
24182
9467
33093
3250
1338
59746
38395
1866
26137
10996
13145
10563
38032
22232
2948
128
13564
8826
256
4913
61393
27551
9659
25618
3019
16759
31260
1036
636
18319
12551
28907
3387
974
12079
9170
633
52319
36659
60044
654
42955
31564
8961
13080
1679
22075
4577
6901
12750
56894
2310
29588
34567
18126
23934
5009
43300
36911
5238
31338
15865
3576
10187
34705
23245
72161
55117
112
10
17263
61984
5345
5713
4994
14382
27090
27426
3782
6703
48499
4003
11051
25761
20946
7346
74
44937
11751
117
55817
12875
10135
40792
54800
2387
65
237
22475
1741
8744
8833
2935
12163
10698
49257
26902
5653
1399
18575
11181
92
17162
6376
6585
32858
22338
30185
2037
39172
11399
3456
22614
3824
38521
2566
53493
8987
6997
689
9968
1879
19033
675
3681
370
40427
22742
1272
29027
4277
509
1898
51634
22658
15804
47300
17787
6292
55994
1764
6608
47894
5530
33380
3431
22211
539
9466
30647
3484
12422
24662
5759
2068
6252
65919
68986
1992
25869
13716
15579
29513
6922
4542
11691
7232
15820
18304
40766
744
23065
11971
47553
767
9567
7346
39548
48246
42282
2247
1295
9332
32200
5377
39330
61540
4558
3950
10687
26869
29220
55481
13404
50562
46660
10974
21874
5489
4971
11840
39599
21688
12861
60176
2898
2310
16180
31905
2292
10651
49808
27149
54975
47245
2041
21546
42381
60688
4799
1611
12271
12653
2621
24364
2962
547
23370
8852
186
3332
16075
7969
18856
18044
37329
13538
20200
604
21066
4448
24850
23943
6662
3205
1690
3940
2815
5599
15294
1287
45585
19922
7335
18655
4915
5921
6767
1281
546
3445
53342
18604
12523
22418
25618
54553
315
20
20267
49771
3270
44156
12452
17757
455
301
47055
2680
529
10914
15461
622
7711
1301
36542
43086
20230
1587
26917
47242
35332
30111
10222
3214
62533
76
69438
16066
24863
313
3521
9181
42926
3408
39355
9225
27034
33016
300
35725
3630
44299
26709
4751
57372
20705
1883
33267
32
35276
34106
36652
34754
8717
47919
9524
14878
51433
265
36548
14367
72280
8614
818
6827
28036
4689
771
59155
2459
6103
8121
59263
14377
7418
31121
7461
4120
6132
2276
66703
30628
1789
2632
4254
44076
5387
16328
24888
2589
15777
39963
4462
4783
22837
28291
12542
41505
5797
50509
7951
7594
22330
6330
25810
29526
6049
25221
49198
55630
4072
21491
5075
37103
53316
1518
10910
1422
40400
12599
48058
26580
18337
64780
11937
53256
31989
27030
6578
3454
3506
18680
24284
1301
23825
33169
13418
1867
3768
14109
30166
11962
20489
4049
19041
801
10762
15110
37244
2462
454
12471
8399
3556
45020
5931
41133
515
3732
21331
31118
23676
19601
18870
20350
10505
11541
23268
7445
14158
2032
52809
12274
20237
39322
9158
1720
11423
48120
51598
2038
22277
6879
8962
9947
25904
3178
2505
9583
43018
2912
34749
20977
58302
4826
6327
11816
93
20545
25041
28622
5813
62442
28651
36702
21692
12844
23865
7992
843
2553
6988
23763
16321
64863
1392
25361
9226
40374
16960
29326
1150
11140
6994
2108
50423
18701
44992
22548
708
53938
3926
3193
2508
144
22759
20974
10941
7523
17841
8587
24057
175
25206
21191
5101
37163
581
11233
45638
55621
11842
11860
14576
43702
59367
420
19929
31381
27927
30423
28372
5197
28538
54804
28808
7516
235
4181
1610
5652
2880
8836
21160
16199
8923
21782
14324
24155
67028
20319
13390
14425
6483
8448
11334
24670
47815
69544
65823
41363
4301
962
20281
46743
22963
67803
988
13192
16382
24746
28594
19372
16460
12631
2141
2300
20540
77117
10134
33933
15553
6431
9
12419
2137
19443
32773
30477
37228
8980
10796
2686
43432
1468
74395
6869
10204
31994
11791
844
5543
3022
26238
2954
3315
34420
22284
57
28479
9587
5653
40834
43789
35391
8571
23761
19478
5177
20859
6852
3895
25754
20
15551
33173
616
13714
558
961
58463
43937
3901
16080
36033
34838
17581
35509
12889
12305
3149
68576
29527
62657
1881
12439
2506
52013
70208
490
26562
20038
17974
31976
23714
15882
934
39008
3327
391
46857
1151
1024
14350
2312
22464
9391
20523
16896
15506
37967
27140
55602
35690
54702
1710
2401
3213
4329
20629
308
14214
46018
18776
2642
33386
5571
39146
57222
9639
43408
842
6719
1005
44949
27628
2439
3977
59841
1395
17522
3455
3347
10564
22826
8140
1270
7358
31037
17332
1938
7624
14769
24034
57211
22795
27582
21534
14391
23052
56510
55434
2714
51005
36634
2492
18249
27556
68872
5517
38542
16968
20152
4142
56
10825
61438
10524
6794
6559
7358
39369
5525
813
7263
257
50804
26951
8571
7114
1768
10847
3035
28578
11575
17972
1157
14582
10972
30882
28085
30661
52186
17237
32015
44939
13157
279
19834
6657
31888
2303
1465
12852
40342
3236
9590
2850
988
25056
2731
8323
52353
2485
35561
11448
8441
2990
25337
12591
6109
59246
48401
7169
25878
871
35876
14615
9965
11401
32215
460
20237
31852
37468
67317
30877
38300
16151
32081
21184
3871
14391
17337
52153
59040
28806
42613
229
14402
8127
24134
9054
9232
6138
42991
156
11065
17423
38787
8264
1367
10141
34475
27659
40520
1176
20346
2800
4801
51983
7031
732
7477
6864
21785
9543
23504
1787
17647
4601
993
15922
57939
20951
21878
28863
22082
65142
12266
60263
22171
30365
8991
41158
11130
587
19430
24869
7870
19958
16593
8389
11799
75751
21413
11087
26430
10207
36342
33168
17091
51097
1166
33133
17866
23
4682
20468
22596
11253
3944
32487
4732
470
5139
12035
3535
6274
28320
19939
3889
16775
16236
5091
12105
7828
3056
47144
50690
29364
17851
14782
19316
482
45957
41923
7200
13891
3034
231
53828
6794
6825
4656
15176
37377
6098
19082
50815
16609
41217
15865
1442
17010
41591
25229
12053
18523
14441
9594
17475
36955
8007
28705
51048
8454
33061
10276
681
1406
8473
4683
33474
6254
18866
7276
10084
16456
34814
9784
59006
8463
8121
820
4320
1722
14493
36465
1740
2347
8565
140
34794
11474
9571
1624
11340
55338
54082
28433
13696
50820
7573
6742
23470
31640
24998
27799
71568
26629
13411
620
6463
5675
35678
5758
57230
451
61678
13092
42104
3556
12821
12269
37571
21177
3300
4415
29903
10955
30773
399
5496
1115
5139
8716
22740
4287
11970
28292
21190
9341
34201
32368
52081
26529
15603
25521
21471
3973
26753
47789
34309
29601
59939
8965
11753
18698
11215
28715
24384
18323
50128
8710
14076
53256
4580
32811
3334
47680
16495
31539
30809
4378
6411
13277
50059
19456
372
21683
37759
8306
485
40171
36676
19986
51294
5175
10355
38319
17586
26455
5948
11329
2908
36333
13599
11377
44663
40994
4460
225
8274
6879
9467
13920
8518
6094
54493
16473
7837
21044
201
52886
12912
49235
37712
4722
3877
14025
47235
13417
10869
17063
399
19782
12382
41099
25552
55
12278
28816
38912
21199
7359
151
2342
25214
31069
21307
36346
3350
969
13731
68369
59535
3757
2098
18952
9812
24043
55866
13157
29733
4920
2649
6577
115
3863
9633
20905
24919
36319
46150
18447
15040
14245
10477
19429
7371
18012
5103
256
2150
15819
67543
14088
22174
2678
29820
16644
11516
12305
22317
2446
29258
7097
1065
18715
59394
20967
2157
11339
8069
1952
9863
39545
23429
11791
230
6558
2845
12540
39830
30758
38243
2108
11057
17862
1556
358
25850
45417
25990
13857
55310
14382
13550
17301
30136
3009
2723
46117
23676
26160
19668
50141
11265
31533
65687
24098
101
11932
26485
7792
352
26964
46194
25927
32472
35781
19157
2553
3718
28015
2946
3032
23024
49950
40393
13708
29842
56270
1120
17033
27284
12656
24148
1637
32404
42954
10611
5907
6670
47291
40628
46775
19300
9444
5119
12042
9762
29493
4688
17036
5654
256
14022
21999
948
7343
8573
33641
46732
20169
1266
8370
18443
17741
63150
9890
1954
64984
44916
22804
660
10107
4034
19461
487
17845
4279
32700
7721
3613
8056
27697
4670
27576
55399
96
15923
3402
16249
7504
990
1626
33423
35976
20019
2451
17092
9163
25971
43526
51256
7302
423
39582
76741
2651
3610
5570
43117
26103
18179
8428
8844
669
15572
29128
5901
38449
9350
10021
6719
13049
4530
48751
11687
8686
35731
24431
33505
2702
1472
17112
2944
8765
15415
1878
39206
2275
22497
3514
11182
954
8508
6880
44195
2908
23943
549
27477
11851
46282
51568
33420
13560
37208
2032
2652
7
12241
5397
945
2059
22018
8232
9508
531
23860
8027
12418
4776
56770
12450
3015
60540
9450
3361
13920
755
23631
24861
5057
17483
12294
65193
3791
18742
16609
10082
3781
38142
35440
15156
5132
73574
61944
65707
9443
8277
47428
20107
585
39781
29693
824
62080
32886
21231
849
32212
17082
3499
15626
52106
3349
69965
9836
9265
23720
14041
9820
55321
1862
26227
63778
26
2124
6361
42021
41711
5878
492
60116
19731
28900
43939
37868
59710
22089
59822
43253
7354
53226
2545
22690
28289
7985
10698
25288
1902
11055
11195
2888
364
45582
19833
5926
29872
345
23212
27270
2466
36417
2437
14518
7694
6480
46444
9275
32086
16032
20790
22531
16445
4379
25996
37842
5297
825
19130
21244
58473
29114
6618
3044
1209
11724
2204
343
38674
30185
292
57385
3445
4651
17983
5322
8709
26725
18272
2010
50833
3930
34677
1466
7310
2214
37078
21530
971
37865
4581
8234
26492
21392
5180
3356
4869
135
793
17235
11479
12431
13073
26918
19315
4812
6592
3580
63498
1520
4691
5653
21720
28827
62334
45477
56157
37729
21727
19791
1872
13212
51264
27884
331
39321
27473
11734
21863
19117
8466
537
23208
5432
23252
4925
4145
40796
1211
25966
15951
36809
39104
56380
51931
27019
32605
11778
23903
7511
1188
16808
846
13257
706
3271
6060
55258
27500
2254
4917
21194
1905
33552
444
14732
9075
25928
33212
300
15611
27762
15230
1231
6289
27527
48943
3846
25025
3966
3231
2536
2883
12436
13769
1365
7101
19860
22522
641
55311
12847
21296
33694
6904
27786
5447
40896
66689
36001
54866
35532
7131
62369
15321
9865
537
3317
4052
60544
7720
10830
14555
6107
10902
27754
5797
18765
7538
251
50113
24758
6787
1781
13595
24283
2498
60199
26182
10670
46179
4986
15330
13151
69880
32534
4215
2285
82
32445
18081
4803
21771
32414
49147
9321
29531
13115
4111
522
23463
3863
7304
33843
25326
33331
881
42994
50371
38623
51954
7320
6009
42769
25917
26889
11256
3301
1107
38571
35017
33098
15839
536
46589
33029
2700
10399
2911
29365
12649
4519
4327
11890
26689
26377
4552
28431
25611
35281
16385
37142
2021
21791
59296
53627
5569
13796
31301
787
420
18397
36579
34647
21035
2250
44208
2341
4706
55262
24949
18637
7585
5368
66129
18283
44657
1115
1472
16817
13384
3370
27147
2454
9203
10604
1076
2824
15410
29204
17230
20637
9647
29633
43123
17168
8878
42089
5755
9833
66166
10701
12178
35
38936
37796
6838
5768
12364
25818
7821
8210
28706
14100
53186
2522
933
28372
14075
17409
42131
54080
23629
5762
3580
18601
2626
31746
19345
32882
27512
62494
23701
19107
51670
11878
30004
10435
20329
2156
5710
7114
795
42653
2877
31018
7131
22409
12899
13991
29596
9415
3748
36657
6437
2401
46954
7673
2656
3959
7307
1615
51414
1160
20873
31166
63542
62857
1958
8362
14413
6980
6329
11779
68165
7692
50694
10795
53191
146
17058
43421
22552
15565
11464
41417
440
60430
2847
19660
25604
23720
22086
1281
21347
1893
39978
12412
45927
34261
43344
47518
34309
32918
49617
37978
17410
3432
20914
39056
1587
39945
1728
13234
15838
9582
12634
30613
62613
42159
48697
18210
45464
12784
24230
74090
7225
18183
33536
161
5853
14864
2289
33254
10014
38594
47937
8410
7
63010
15408
3753
10778
26476
42915
2745
18709
1519
57809
18160
20149
19729
35143
7937
19631
28273
18809
21955
17228
5651
46718
17339
19349
11862
16
7521
52603
1520
183
44908
11961
14034
13345
472
11583
27266
28053
7760
39880
10305
28807
18529
23649
25876
55526
3033
21567
74
1277
1206
12932
56161
8298
7164
4912
34663
38006
48951
12041
22101
18068
16291
19777
6732
133
14911
6736
20379
3667
6280
25862
30012
29345
18214
20647
2301
1279
33342
65348
31758
22948
52334
2995
15513
18246
20135
71182
4921
25851
2692
2191
2740
23141
20413
334
70641
6474
8550
4073
6766
8546
18898
18206
10524
29666
18039
52849
7009
16721
46863
7249
4851
1434
2535
11970
202
8586
21840
3548
1131
13888
14453
1471
12945
3281
16497
492
22788
10272
8409
50692
35363
23640
3947
38393
1884
13384
26948
3215
66384
38657
75406
4474
10580
1484
16897
7831
35390
26014
6596
41
7903
39183
19023
21990
28550
48786
6264
43485
6756
26492
163
6105
441
6160
12248
38951
1629
17975
35713
3802
13493
27381
33633
10567
28868
853
25508
39155
35912
13989
16817
28122
32831
30529
3828
12304
28219
63004
40822
5744
57308
5813
13209
47160
15364
5278
9480
9653
20822
18850
32205
11898
22001
25647
42681
23376
14529
60073
6718
36952
6679
6671
51959
6341
3908
23173
944
56090
13600
708
41332
9395
10961
19448
18792
11584
4062
35467
4548
56640
41699
7670
40615
3060
25995
27029
17576
19847
110
2705
12695
38964
8846
45645
16776
1216
38197
33521
30194
5762
152
4128
12647
27267
33075
9775
33932
6010
31108
13246
428
24574
9103
2555
32633
2462
25780
23985
6899
45800
3373
6641
12774
4542
44239
36369
64366
3029
2369
29400
23691
14956
12383
4652
23137
57447
27107
19091
9791
117
8732
6474
1011
11011
34967
6044
45664
2981
12355
2257
2
5622
13951
3451
35597
35945
8521
1378
39580
7009
1266
2576
52258
4399
19892
2056
19618
55691
21030
42682
50220
14589
22489
13138
13379
8386
4331
67605
17229
9581
29754
658
10354
19547
15241
18869
3885
16084
22984
9615
1591
40648
35238
35340
9815
3677
2722
15442
1899
8392
1381
1686
5887
16150
22790
47558
7842
572
14440
9377
4192
1384
68513
34805
19561
4181
4979
33409
16459
9213
9725
6265
11426
10408
62512
6587
204
29033
30513
8316
45862
47573
141
67414
26694
4848
36347
28245
8051
3930
36246
18361
18449
38818
17255
10912
8751
17581
3176
7748
12260
576
16824
2450
125
52380
15142
1479
4047
48797
5697
19334
1619
39960
16644
49347
838
62820
26389
8142
5727
36086
49932
3304
4314
7287
16509
3730
551
25831
27298
46577
3009
21806
4862
3726
67158
48124
4920
13649
21239
16898
1733
25517
35237
65899
37333
50779
29241
32501
28285
6734
59395
2496
10762
20998
43106
30902
1489
18980
27510
18701
1846
44796
11125
32396
17993
7133
2391
18013
24356
7182
34824
16951
42921
17038
2104
56786
10420
13627
26880
1426
808
11584
25364
35708
4559
4011
11371
144
29655
27384
6380
20054
60076
4899
2781
23135
21085
8240
25835
422
8150
27638
39464
18820
14608
8596
27960
2382
26586
7391
27921
64056
14796
20679
6296
9027
7747
24607
45520
833
5257
48344
21429
25155
16266
34331
32347
7732
44206
33154
5173
5085
42546
19021
19172
7258
32515
48544
1672
2627
5023
53723
583
32504
18967
44025
25437
41995
27723
38131
7405
27376
1584
65748
5982
11968
41363
74397
26995
43660
16550
54405
8435
3122
46077
2728
58715
21011
48371
18704
2694
48689
5747
11352
5224
26526
17716
7254
8103
597
43545
6556
45616
46060
3361
27982
48699
8150
2412
15400
2008
9960
21889
1522
13615
10354
1601
14023
30890
33080
1898
11331
45651
11201
22392
13564
16743
18996
1902
19756
14663
34397
23752
5666
17396
4843
6706
46238
23666
61532
3735
46906
39358
2675
4764
3931
1564
5063
13134
4219
21329
1016
53552
3627
17516
12228
1995
34013
4169
14936
45512
55772
133
46056
1620
12742
4162
32896
727
31175
62050
2460
14131
9121
8607
20227
3451
4592
2577
21343
62343
9331
21380
1757
17626
40285
37714
175
557
10405
10491
7658
8328
4596
26289
40526
4495
53692
16099
30798
46622
3366
43149
3903
37246
16771
36781
44597
28039
5223
12713
4437
13337
11870
23433
32173
24625
861
26258
2172
16561
12745
72948
44574
3161
2746
1342
23803
4893
29834
5177
22271
46267
11848
1301
1654
52297
2202
723
44641
1049
914
3658
41775
2418
2065
15348
2525
65074
548
9139
34430
33912
38029
1073
11499
9457
3149
39384
3425
29889
20912
60
14631
167
60773
11714
15437
4055
13710
27082
45958
46497
30968
4511
71038
52187
23175
39426
7121
33907
5244
16404
25517
52249
68101
17346
4698
12570
259
6
46296
1420
3895
25267
8916
1498
56920
35175
29695
11636
3065
21438
8343
47920
16952
18414
70595
12471
18519
8007
14577
27215
1852
24300
7027
34817
44351
514
4579
2439
26241
48287
2517
16911
2864
28756
13783
43955
21102
23932
53044
8626
30460
2604
4135
13796
25565
150
9337
8683
39051
839
19516
1533
6015
779
38775
10583
18518
43814
21434
884
6863
27801
11361
410
7376
8295
25936
15288
19294
54768
2333
25810
23285
29570
2048
16580
33747
2578
52649
621
8126
32954
1301
53403
12989
4656
1950
1122
36110
5453
128
2543
454
22974
28744
55215
27194
27134
464
28207
52141
27640
11707
38453
7479
15909
12777
32867
32203
35523
22586
33107
11906
40751
9658
1984
13773
6740
9210
4786
15249
33597
9428
47294
24851
34368
26461
40772
27954
19035
9997
5407
58613
1770
40948
6947
50413
427
23043
263
16785
9186
57788
53835
2769
16525
39296
3708
24934
17383
37180
4936
2361
11414
619
17116
2110
33412
963
3007
2741
52048
29505
21137
40237
6589
34798
26598
3183
36988
29115
29187
109
1985
7563
43418
8649
2405
34482
13808
25026
26531
3727
13899
10907
5156
2565
23404
19089
26019
10027
31989
15279
42702
7814
6592
40310
779
398
4598
17859
24539
31762
3957
60173
6824
18069
6280
32326
20547
5989
1371
14945
13001
9861
7277
10459
3946
65971
28383
2380
10736
37400
121
63502
40903
1633
45681
21736
24436
16872
132
46757
38486
6389
60724
19789
18267
26759
13320
4249
18938
41212
26365
6858
27077
3840
12353
36140
33756
63042
5114
23978
13264
53688
1535
22261
63702
7794
10515
4737
27162
9032
41187
36495
22312
2160
57768
40229
4388
76850
2894
10997
62597
44355
14948
44857
20032
23543
26739
16850
3104
24629
32042
20348
13799
42762
468
24021
29459
21173
45979
12258
24631
54189
46365
9924
25437
42035
49161
9923
18461
30047
1841
22749
9407
30095
33518
467
16587
37554
1180
24848
8456
25966
22096
50251
51724
6158
6431
40398
3465
6649
42620
13076
8032
5745
13803
7848
30456
614
13171
20
17397
22414
1952
29559
19034
10122
55084
6832
19851
28225
9879
6553
6032
9272
42368
6033
42370
11566
5893
52046
55324
2479
8716
17752
2747
50806
23864
24008
7463
1546
9822
10358
22597
4580
15299
28115
22984
31831
34656
812
103
1761
819
30123
75296
69175
7016
55341
5209
64912
803
34774
5211
26603
110
36534
3408
41123
28741
36291
46735
13104
6085
41798
8837
64818
48395
931
1904
24650
23496
49558
33683
760
16305
15615
904
397
16206
4123
22610
10996
28282
4776
23611
19434
11575
17381
10321
15945
260
18575
30388
53295
17432
10770
2386
18991
1280
1088
9866
5494
26759
76021
7999
4718
30031
736
6961
34270
8344
5955
9749
2853
6390
6045
53142
10702
24354
26234
65673
10892
5555
2050
78079
60330
17452
1682
42328
8345
10276
15476
14987
6073
4052
21468
18945
16076
4634
5400
984
1277
30287
24831
18312
3497
8071
13721
1097
13488
18270
1820
37047
14528
928
18066
7849
32493
20687
9582
30948
14737
7252
11757
15358
20898
38130
41937
47746
461
39839
3896
30550
15635
17697
2955
52139
6674
15574
31269
3554
33246
39770
10978
21925
1024
16336
24808
2099
3937
37703
57
27064
2419
614
918
17655
9546
11893
7035
23577
10697
12930
497
48221
1370
46221
51521
5368
675
29779
48670
15491
44994
18427
21251
45263
24732
4640
32789
9391
51929
3
6219
677
36266
47791
13914
6066
13984
42486
3
25705
20835
44145
67220
6677
21473
2388
29744
8160
2265
19
30117
47572
9365
4071
719
18984
24751
167
3466
16491
14075
44003
12497
8697
5141
26078
8912
44397
799
21067
12887
217
57528
42105
3269
44643
7770
20464
10956
33415
5376
5611
20881
65458
9988
8416
15292
9479
4240
20667
580
4872
62811
54186
27410
550
4263
6977
17780
2202
12333
22833
154
22251
11563
16841
19885
4076
51342
6495
144
779
38951
21366
1514
4052
6584
37645
37291
8877
58947
72583
13600
1519
2508
6859
45346
17605
12728
7142
41556
5977
33651
31658
49998
418
40640
37439
3607
10409
29107
11456
12281
1507
32222
2361
23617
18798
15178
257
1520
34873
28324
43223
10003
19696
8866
16238
24338
56267
11862
18341
4806
2598
2828
72988
65383
1393
7434
4705
34057
3444
23938
10459
9835
23927
36264
2462
7190
36960
35259
22382
28777
13175
16207
48932
34801
51584
44606
7460
16401
14729
30519
48843
7314
100
16960
73590
4100
11706
55550
24998
12765
30349
55300
12236
7555
49307
24693
16745
62904
22953
11256
25047
36437
46502
9510
885
3942
2438
5434
33722
16084
9640
35694
14793
4952
37899
52564
1398
27506
37076
2857
26884
8474
13446
44410
64
33724
31613
31142
13173
17428
45337
41385
16951
835
12275
10394
15378
11866
227
17318
338
4232
14440
20510
10002
15253
14473
21766
10875
19909
6306
24197
30742
9838
24617
1376
15654
16605
8004
7268
63861
14596
31514
25213
9864
9571
51583
26901
11727
32950
18910
2445
63032
18890
30901
14879
35257
2116
47383
16840
46068
5895
2034
18260
2450
21094
2447
1279
27532
24647
66589
947
29315
20572
18469
11395
30594
1189
27855
64433
575
662
55747
9525
1377
20641
794
22631
4577
39622
8162
60410
33072
334
53989
31408
4173
17244
34919
27738
9545
5270
3210
14447
3020
24100
41635
10469
17609
17425
1507
29342
114
56241
16927
3547
57104
42789
58766
2314
11723
33916
891
27995
62697
3952
1391
1147
3508
16997
55147
17042
463
43853
5744
57706
6381
697
26721
2094
7920
605
301
3330
45020
34800
18776
50525
50179
9235
64677
587
29036
37171
18885
29573
42820
47820
873
7821
14205
21207
62399
15821
12865
6866
7395
21421
38141
5326
30681
929
770
20838
9593
3764
7569
3562
62127
41557
25623
33700
12751
3247
59966
1952
49853
41396
23332
45732
20984
16524
42829
47074
7084
5029
6263
1275
24825
4521
64259
9808
59129
12067
53044
27062
40670
20896
34433
22527
15943
1764
50730
39167
5524
34474
26288
1049
12091
15301
26837
18449
203
22450
16689
7032
12796
3508
30321
10697
11492
15507
15286
48264
40093
15409
25509
50784
3778
53434
4426
33485
1454
8377
2966
13121
21435
470
12775
57320
8290
1777
31345
35306
8295
704
1608
18685
46606
887
37908
10185
18190
3685
54044
14445
10534
47620
12397
2329
11268
9612
9794
11406
9135
1618
22687
35332
4528
18520
10862
16952
36961
3788
38084
35447
33658
15202
14109
43597
59760
7168
6
23724
3285
3130
11757
12347
34957
15061
38914
6927
35285
19019
40715
6998
46536
3906
12075
481
17211
17338
443
56646
39757
33626
44374
38836
4394
6464
12586
657
34064
71270
31838
1635
7504
27114
50418
15819
1627
57148
7270
119
13653
12067
23151
47049
20842
9774
38305
11289
2363
27272
37968
16104
7690
15996
4232
7463
3258
11717
68
44318
22843
33001
12500
40933
57374
20098
3406
16869
69657
59308
4519
38673
7686
24557
57699
446
3007
10757
1712
27774
7039
10295
37486
6447
656
1811
29928
407
6910
10832
31547
25022
34413
12845
10270
10791
63234
59011
5822
2054
21692
16668
894
6958
3665
18616
324
13359
3360
4940
6228
6816
55594
348
43095
39761
16659
2037
12428
53556
1922
9140
25090
1014
17601
456
3742
17935
57301
53170
4746
31086
19915
1885
12735
4466
28544
49935
23834
18201
18995
3869
35205
793
14037
20999
61384
696
1283
36212
7183
29
6852
26766
3258
2473
12638
13272
3881
32376
15612
4271
3986
250
1338
20066
22311
1138
3728
49839
18112
37339
41731
49924
757
44509
11001
23303
23324
9566
59619
3697
53704
35008
15573
7735
5080
286
53051
21901
3885
35555
47821
1947
31823
8929
47306
38458
2537
1900
43827
8447
5473
21005
3289
2410
45012
28310
9504
15560
32116
19149
5837
592
10117
5159
4958
28767
9190
2848
30153
70057
14057
37644
1095
18658
29820
26348
17418
25594
21690
13630
34927
29358
50631
6172
32305
25245
40364
2568
441
32658
2370
26769
1821
48956
534
6177
13771
4416
1963
12048
29951
1538
947
17205
11388
22900
1494
3014
565
13683
16003
10619
14394
26749
730
636
1531
1463
31740
61426
8409
17233
15250
40490
59336
50762
12601
62809
46391
15596
33486
25797
25949
3029
2373
26941
46274
29276
1370
7245
48694
25155
36424
13476
32432
28348
47894
2098
8
16425
8859
14656
12537
6955
25306
4596
638
45033
37423
46634
60247
50402
7755
121
50630
5458
45832
9282
19989
4113
2203
17449
15947
32123
5332
23068
29467
42317
36984
1589
26685
33165
7019
9222
4403
64560
3877
6220
27243
36179
25320
8600
571
9283
10880
192
48638
16839
43353
13071
8549
22090
33669
12199
22662
16279
57122
4234
3885
8
5486
15791
13443
4844
38022
21919
15083
21214
3402
23996
17658
2463
47602
33677
19786
12891
5362
16390
44135
1083
37951
27967
32414
40495
56792
8199
56566
26746
37597
40592
13878
2107
64041
1209
20808
1666
9085
9165
3438
34676
28901
9291
6873
12875
20030
30123
28079
7077
17299
8247
39803
756
26236
25540
54875
12142
6890
32519
559
7453
5200
465
12236
41603
2383
1844
9013
9397
17022
5991
44363
743
33459
8402
1081
9224
3467
8542
9339
707
9706
296
20287
19824
668
11346
6216
5539
23684
17383
14501
71127
5369
5309
8580
16832
39950
35302
13561
1150
1454
36125
748
17318
40789
30922
33530
22414
415
16598
6550
48759
19902
9090
681
26832
25501
1240
6021
12250
9992
1974
51163
10975
13231
6377
439
6132
703
31084
19436
22502
26975
4444
51417
1062
3776
960
21558
21380
12197
5804
3267
6078
5633
12235
14844
19986
28362
10011
10723
5141
21872
19961
34258
41459
5048
64966
14197
890
4964
8815
16642
39594
16076
1288
31359
5938
27425
15346
31205
12181
5387
129
58625
37321
25367
16596
30954
15203
7132
39957
9674
2825
64317
62144
14097
29845
16461
23119
13544
12557
8126
12023
25451
9362
25731
10504
1382
17902
11150
23113
33940
34829
8928
20343
38925
14663
27727
8
24558
10802
15814
3589
536
16755
35199
47877
969
8938
14706
6768
4060
40444
13995
10991
16853
51294
4746
23349
1047
57717
46787
8023
13207
4730
7835
54803
6801
1198
40153
73316
10194
158
20873
23334
23896
1031
6053
40607
58964
14815
6233
27918
25351
569
5045
35286
5692
17233
36621
20444
38736
7936
161
6654
35
1263
49331
3779
2225
46231
34985
49084
46185
18841
1831
1691
4346
30625
3533
64634
55465
50378
17727
3839
65446
16079
17319
6733
2473
13400
5682
48387
43121
41624
3997
11109
6050
3854
9269
33070
32376
48958
2209
16118
53345
16430
72860
19762
6276
639
14390
26678
68047
9965
2742
18548
16467
55074
4429
50523
14943
24529
53208
15339
3851
13377
24396
26727
38032
19684
19841
56501
1895
49018
5470
7549
17240
4197
4833
4483
65141
55668
24905
46627
19245
18504
2954
34420
3470
15732
36129
33869
47628
994
1486
14835
46177
5405
23404
45
53159
6978
21532
39894
21760
49840
3110
2515
4457
60218
39356
12715
56916
69470
56964
25445
36883
1214
43721
42756
19878
22176
19965
22228
769
21752
5983
46807
41490
18009
3065
59809
6477
34039
11692
18718
12812
31661
3495
8392
14741
16768
28467
5208
60358
9500
31277
7035
41378
41976
2152
2185
24065
14546
3518
3570
24809
32398
23391
13103
72228
2070
666
1508
14932
1839
44310
36321
29477
11487
3267
32298
18604
2262
12481
37359
6955
55603
34904
78
4608
8349
2177
1804
9374
42588
24763
83
7322
1058
2331
11319
56088
1880
4021
15174
7061
11668
4080
13395
4958
31389
51157
1881
65494
1233
3058
8756
41766
7673
33107
35928
5941
26204
48530
9210
1690
8327
16165
2031
23333
20200
14734
46589
20377
6569
15418
36385
69373
21081
3718
33836
1003
2266
10743
1046
23590
270
54531
38399
3395
71007
14714
44785
37605
22430
23641
43843
2928
2175
49218
24385
58684
8427
15473
25767
4591
3128
948
24378
14270
12829
22252
22769
57484
60904
21280
17209
10440
144
28785
3196
5110
25111
23654
22762
5325
8244
2057
11430
37678
36099
8779
70301
30471
60701
19295
59890
17950
18696
932
29022
31389
24938
27948
10188
27219
4399
6981
55737
2253
17175
37967
39885
5709
36962
25334
27218
34077
1254
66361
17782
19590
45636
176
6881
1241
16
10148
47199
22611
41266
41269
18530
48400
3395
2015
75890
29071
15439
4045
210
17963
52696
10826
5070
10509
13071
4165
362
14064
38663
16352
34089
17778
24415
5127
23448
37422
11308
39093
8100
567
1891
20243
5438
4112
8556
23325
5062
27356
18543
24810
41064
11935
15979
8989
32849
29474
3814
22803
5988
6175
9551
2220
11398
17079
1635
22463
45726
28412
18011
23417
2642
26907
312
8695
17833
9109
3409
61863
19703
16106
5202
6465
25658
10804
3838
32825
474
45054
32223
711
5002
9278
11022
914
34633
9801
4693
57312
7012
40647
512
10248
15906
11263
67389
7160
22610
42904
5019
7695
14221
7002
541
5224
7886
270
25303
2538
39513
30146
71518
43610
615
39817
4065
27179
13833
20395
10464
11066
1527
11160
7709
35969
135
6835
43756
241
15947
4016
25682
30261
154
4123
25211
25107
29934
1876
2635
7287
2732
51179
20953
5789
3251
25732
13376
1145
27501
38828
35243
39636
2192
19499
42256
11443
53381
7270
8264
14647
40086
4792
35446
9870
45162
24319
52310
4798
43719
10653
1501
14784
20884
52571
60405
158
23893
7079
13108
32397
5284
2870
11213
73499
1835
85
8587
11989
45347
54866
15477
4158
2277
23516
10761
49702
12983
26123
17039
9322
2530
16882
41942
12160
4355
71319
8362
20083
39811
42740
10024
23736
12905
2457
44272
48942
17735
51668
8984
1137
48293
11136
12671
6541
28189
193
2135
25864
1263
44458
6351
14176
434
14359
10184
5102
4013
50834
22671
7700
52052
11009
20252
13107
29397
15200
35415
31801
35846
2294
13584
7482
45053
327
55291
64525
4327
12439
297
26469
42074
61175
33172
3561
7342
8199
3842
45722
11007
3260
21364
7986
32381
10740
6580
289
51482
12288
21699
17934
2431
42129
35677
4653
4609
7744
13014
4977
12923
18054
18908
54778
5279
5911
13507
7706
778
7031
35817
35458
47253
7086
22040
4228
14821
72
35592
685
22906
38329
1217
12523
12580
24270
875
67619
1812
23244
7626
4008
58887
46631
24782
3475
15956
1946
103
2863
653
16230
15069
594
30811
33201
33578
9155
5482
22293
623
2726
8854
2250
52173
1885
73779
2642
24296
15950
36557
7182
29214
3749
601
10310
5013
53532
235
36867
14331
6208
10312
14222
10514
18945
791
55541
26940
22261
10342
20385
17392
1623
13049
25387
34683
30477
1302
17195
36886
1717
20615
42509
2077
31279
35635
8853
35513
36418
216
16324
14456
15578
21494
25149
11123
38431
8531
2295
2787
42992
8985
17822
4722
30050
37020
24566
10327
41405
13250
55211
41093
2955
1502
23190
487
14162
15981
16604
1861
6393
1877
24845
34521
36716
73558
58654
37218
12020
33128
5957
14198
18494
4127
8807
19055
28051
2287
6700
64961
16962
19482
35145
49474
300
38852
28887
13203
14591
8448
22858
17844
24603
14231
4681
1819
38394
16361
42419
48877
216
62696
7458
1445
19371
29653
22045
43061
67779
4998
56632
40132
11371
43648
6973
8898
19189
21153
3558
502
20511
994
9898
54826
4332
43380
47444
10519
25917
8952
6345
33398
5334
10768
2762
33746
17084
37412
10287
70617
13317
32356
43859
9760
48461
708
19789
29583
29562
9715
15098
667
39698
987
1695
1288
11154
44212
29145
12210
4709
20525
61884
56405
23309
46507
5552
25906
3128
7650
15520
2751
38519
60703
1570
504
3411
20784
4428
1952
19463
4256
23232
13998
23867
24126
1728
28278
1120
46899
46292
22729
2867
29358
9495
71848
1650
13275
7309
1041
42104
1471
75179
6646
19727
2010
20435
7540
140
6712
71661
10338
2393
1406
5363
465
5545
20159
27807
4984
15314
15381
11376
638
2477
7169
35224
9144
16209
24801
19222
9222
42181
9098
73011
17368
29082
5379
36936
16066
21290
777
28700
36343
4846
2543
2237
873
5606
8921
22133
8075
59160
11687
6383
5897
14122
60146
34465
6542
27480
17635
2324
5815
16183
1212
11891
8390
2944
6334
47158
14072
24115
8051
12223
2835
1139
1190
22307
31541
2078
2310
35069
41494
8398
45896
12719
28966
68961
6533
3223
42784
3526
40089
2083
19092
20725
2300
36405
30769
12817
28121
46868
4228
42207
7566
4092
588
34711
24184
33371
19991
17499
13641
6574
8090
54010
37612
49100
3492
8204
5680
17405
2043
15891
49385
2288
38703
3459
140
19009
40088
1499
205
13208
26082
45102
5617
2226
9851
642
24702
53734
5705
16923
7032
39915
6782
7167
48505
16786
7209
8281
22536
5090
38198
37006
47635
16017
23849
23531
10895
14697
41240
22213
24710
1360
2394
3964
2077
435
17136
15090
2051
22123
10513
2874
57058
3191
12533
1633
42048
27452
43154
42768
1922
60392
1337
3608
1841
17208
38821
6494
54883
26229
7042
32125
2623
12618
36548
2781
15348
47422
3624
46
9580
35116
16816
1543
36808
64634
33055
29975
2732
37575
7511
34102
1791
14335
5183
34243
33667
35417
29299
2245
4314
27986
12773
38217
11645
11724
18861
539
4107
39841
64233
37245
321
24377
5693
18716
9573
5715
22376
30509
22462
2581
2318
21547
2277
26689
28129
4449
9153
3505
17774
31406
8408
16626
16554
10688
36240
9950
50821
2175
13663
2222
40405
21116
24267
38887
27373
7534
1802
40606
38938
5504
4681
28922
2801
5794
17309
6228
4030
4948
33843
3519
26884
13403
16659
2707
4942
26733
1896
49181
7726
1377
12255
8358
39975
46950
21501
1596
12058
264
19518
48695
76098
15377
292
17524
38530
32212
36518
9196
10508
26587
4231
12877
3651
30808
1582
16728
24565
17732
10621
1043
40793
46559
18550
4609
36100
1338
25393
37476
6687
8726
1014
54062
1506
70075
14577
31437
65547
5669
5800
11407
14597
8789
4943
1161
4209
11889
4038
18394
6985
5976
46799
3655
2603
31584
31614
2234
1980
6118
10762
3629
26232
14087
20425
363
52545
36
1228
18565
30888
8426
915
15247
30261
13432
21222
22769
30795
21453
29017
4380
9055
42855
5315
8081
59581
21645
70392
14651
41310
17083
8388
4815
3558
11442
14924
17867
53636
22038
2030
5832
6497
4292
222
739
18232
430
45982
55248
25585
778
5977
8281
23866
25428
2297
14316
27978
11953
25510
3075
3395
12807
2204
63716
1688
10045
53476
18014
5009
2044
15802
50750
6818
71303
70040
38509
33123
32674
3182
61787
29487
50479
26695
3500
3025
3195
12980
9423
4734
531
30681
50743
18444
37364
58115
20294
60196
4903
17311
58979
74702
28080
13023
20044
33659
30824
33018
50852
15337
12536
965
9027
24746
1533
4
32304
39018
1687
27195
24794
6996
15919
13639
331
24232
6143
1883
49868
15974
25343
44960
1601
15336
5125
57986
7243
12333
6129
1331
29962
25798
2037
21913
11147
63276
37145
1252
32642
943
18411
28339
2236
67547
57049
35640
317
9770
27393
67669
7583
17458
8447
16539
26368
3219
2990
10884
502
3505
3242
43343
317
14282
5896
40889
25115
49858
802
4792
2490
7158
16048
28564
24093
8783
44027
1086
12259
19462
1280
27413
18975
4626
42
2704
10256
20815
7733
13147
8087
46020
29567
4037
58220
12361
1898
16385
61311
2410
19931
13610
11252
189
4836
7470
2554
5679
7956
46214
15300
57494
2897
6195
5972
3983
17563
9063
32327
32004
23174
1707
187
21800
42795
11837
10982
27572
3046
35406
4614
6710
15776
51965
36789
15420
1116
12807
9344
5912
11376
8627
47560
13463
14428
19658
7356
7868
9048
18394
7730
1772
10021
46526
2780
45198
5316
1478
46115
36346
1806
10277
478
7421
27540
33961
1651
34114
28324
12938
42094
7913
237
1282
11709
29165
352
13894
7584
5879
28809
35180
43416
55763
9564
2065
537
49919
26134
17630
51116
388
37838
13763
18825
22575
60971
62350
46652
7331
15298
37219
1613
364
16464
23939
30360
5602
579
8571
853
1156
32321
15241
4548
709
57839
14158
27739
2209
32176
690
1911
2679
19990
12357
24320
15061
8181
2900
14280
8319
37070
14559
20176
9295
22379
12221
9142
56093
21063
19728
17688
16513
2267
2834
14255
6729
13809
8819
6326
27705
7658
18510
24933
6830
10055
19200
66037
1096
16755
54097
50192
14801
11132
53049
5042
19349
29183
3713
19845
39002
14761
9260
17551
43622
13329
1614
7461
3587
11097
2371
47974
29683
13971
9
24952
9639
8290
11852
20471
7626
54516
20926
19507
5613
409
2237
3330
251
32137
42579
20996
47453
34173
30660
28997
15800
25502
812
2360
5875
11099
10066
5750
8406
2012
12154
23047
65584
1341
63755
5903
55895
17102
12112
309
70985
42445
40703
19995
155
23564
5427
36761
17879
51656
72000
44242
19923
599
23954
43789
26586
2418
1369
3807
6704
13806
4110
65722
6580
7203
30966
68432
19195
10779
14892
1636
20851
56865
7022
31209
9091
10517
32345
1254
63577
55275
5915
1157
35995
12640
9124
6630
7352
18341
18111
39931
1815
17720
36568
34222
6803
30178
17061
8094
20832
5413
12864
46359
16511
6962
1001
3714
3550
12820
4656
29034
8529
10949
228
18091
12215
29232
52868
3755
3118
8936
7200
5829
23487
20045
843
2612
13983
87
17576
1739
14254
37527
39732
35714
242
18900
15161
13771
7492
7694
42945
3472
10571
72477
14994
16136
23661
7461
12453
22205
32015
59412
7143
11971
68
24997
1192
9697
2920
12182
7609
23357
30545
1770
616
24418
938
6635
3723
20385
3502
5541
9085
52987
57793
13372
2566
12291
289
1328
7441
5116
8007
2631
8809
46855
13807
29129
25148
4305
15422
14116
13641
25381
61585
38067
9
12700
859
10396
47787
3250
17775
2917
24107
7225
28538
262
9498
17504
3182
3642
10365
5189
25603
22716
67075
1579
2337
60812
6269
22148
19019
10698
1331
18366
18330
35865
4829
6431
18206
8257
3808
2187
43408
20606
18301
1518
10263
32963
14570
17579
2565
70368
65626
2226
164
18433
6487
1567
18608
51497
9873
17553
392
4796
11026
17626
37683
21919
254
3459
36146
740
26053
26055
24811
14741
6423
42015
14163
65152
34981
19939
2561
1706
42819
20055
6642
16953
888
54799
16174
24359
9000
27851
8935
7333
31676
28906
4285
12919
2735
2169
6695
16242
9989
1725
24779
21714
4365
45534
1798
4550
6700
8324
30830
27647
4230
13757
4456
3161
27779
1583
13438
809
33229
8043
28993
34913
76530
8039
23633
22428
2749
14367
524
18889
6611
54123
5711
36480
45312
22282
54285
1047
25782
44817
2900
5697
377
4115
6707
31113
397
31234
26286
3165
2709
5808
62876
28551
32404
53930
4384
77015
28097
54565
22611
38807
48472
2248
3512
9125
5730
15241
11407
7696
9793
1557
34327
33352
8734
38663
20283
6692
34232
9914
5440
7045
28719
22879
11382
29305
55713
64797
758
820
5706
14731
9630
46884
59093
60898
7021
2691
16477
65775
5469
73454
1305
55372
12992
34900
3974
18011
12455
431
11003
9484
12749
30309
50483
30624
50332
17518
3970
677
1149
46393
23004
5104
1053
16250
15312
47391
38981
26677
35869
4914
35678
4002
3527
21352
4179
363
56206
15232
15451
3646
2705
20072
2889
3067
7186
544
6007
58309
24486
30112
53662
34405
9866
2397
28969
40960
19790
15590
6609
14884
30375
120
49601
17346
15305
17455
7823
29044
149
6109
8544
15716
4096
29694
9348
35638
29215
11692
58751
63362
25629
25278
6376
50229
9432
3457
26851
636
9983
10059
6349
43219
271
10555
24102
14754
6579
84
24265
31047
13741
7114
4320
29900
24006
1736
25153
21183
46356
8174
32841
9681
5961
21800
2113
1632
32490
14174
34731
5730
7574
728
24862
8699
590
512
34008
5968
149
2835
6711
24262
11102
27301
11309
25168
301
3809
24510
17819
8388
13283
4166
18888
6860
2975
2964
108
13589
18487
26027
51757
4506
7107
19397
1596
27912
2850
17025
23135
432
6953
21565
16720
9519
34151
4887
44146
19403
3139
2552
24373
55680
34826
4884
51615
235
8749
9830
2718
9223
5796
15739
33948
5615
38997
75401
3626
15326
738
26515
18605
30998
19972
500
9563
27397
1523
38298
37201
10233
53872
5918
475
6030
29218
30671
20213
48350
149
14597
2159
13674
48449
35591
14552
58017
22784
12282
2912
2094
8463
15810
4127
29796
50989
3309
45553
13880
18919
44641
2218
10607
9433
12636
13023
70158
14712
13489
60216
492
30477
130
5143
32326
9861
11527
33613
23070
935
24178
2007
8997
70792
16372
630
13683
56223
742
7135
32889
2440
20046
29406
13908
1297
3354
13701
11044
27258
13415
15384
34254
20004
9108
32940
43685
54418
5427
2364
1273
12097
12827
52121
17732
6232
6411
11202
691
35380
192
1404
29468
14267
15580
47250
5616
2681
11557
25025
57645
6115
16367
12722
18499
694
6794
50165
48538
13083
37807
4837
24269
14420
1604
16272
1178
20021
7365
1195
31515
8162
25517
824
54949
34394
4857
41807
25276
9237
39298
2936
19808
1508
14116
56215
419
14871
9875
10975
612
7210
11118
75117
17778
54620
642
34551
6376
9587
20443
59737
4237
25223
37776
266
17041
78
15740
13022
34258
21654
18748
10453
45156
18662
12128
6477
13971
35446
58087
15360
3156
9596
4673
1380
57586
5786
17055
50171
75028
7849
10653
25570
19531
37680
949
1480
1174
10916
6475
43794
1545
25580
48401
15338
5332
12341
12795
27576
34662
8760
50909
4811
9233
17666
5071
29452
4701
58230
7202
25260
41401
36708
3380
3936
27990
32903
798
32560
15023
769
14648
6806
36361
18862
12100
1080
4522
16500
5401
7002
21873
9108
3988
20410
737
13565
20964
15987
10647
3877
19138
7262
52711
25419
42297
15129
949
11588
16173
5818
72
2358
27955
23755
29682
49617
7496
3648
15609
5141
43275
47652
14443
6481
10646
12582
4255
12272
10712
94
18134
5582
7091
9145
1248
5419
33442
27622
13656
133
179
17551
41140
1693
3418
65377
1389
9052
33521
6941
7876
9218
13309
24143
62401
4734
5048
51373
9307
3030
10026
1458
15415
4028
56225
43980
6578
341
44768
2132
22478
24971
37142
12159
19499
1729
60
9693
4174
50870
2975
37175
14359
4777
1758
17979
54711
18542
19496
36303
30459
2027
13298
21427
22407
33013
9544
1061
21892
43244
31215
6934
618
69022
25064
28979
9067
31760
66465
13675
2581
75308
28976
363
56604
22722
32254
40425
1769
29226
18824
8188
7613
7457
25017
5640
5463
56482
42579
33577
975
17040
5630
13691
23533
50357
20342
1948
3993
15178
2821
7964
18833
86
33
20136
12345
27768
4062
36496
4735
1767
45294
11541
36272
59470
29940
7807
1449
64439
62350
22117
4647
14401
923
20153
42915
115
50469
49123
27373
36041
2725
247
56882
22000
24473
10411
32597
29620
5565
35982
6854
1075
13472
7505
6960
27400
4223
1032
45662
2851
3672
30573
38458
13417
14175
11141
34292
17356
1804
11790
1487
269
18019
3066
28607
14461
17787
59952
1879
7255
14085
27480
7140
302
8737
3880
29785
12179
17874
52701
61432
30543
25342
63709
4135
6486
50308
21842
4998
16379
34037
11748
7625
23215
11347
3907
21536
23582
19374
8531
9865
14186
28745
1971
3647
47501
916
17227
6705
22690
9625
1379
1319
13707
1734
47861
3985
42414
6602
20195
13402
21092
5643
30206
51725
14906
19305
20216
3949
32435
51119
5748
2819
17433
5291
26124
48220
31586
22718
44225
2896
5352
31385
30745
7324
2256
7018
41067
1788
16050
15256
3269
9472
9973
22555
24999
65889
3524
557
12280
1101
17861
4075
4594
36556
18843
1440
42828
36
1345
50512
25
3254
17164
74369
60494
47020
75406
40522
17962
16754
10691
23540
4301
25501
3064
41490
28346
12902
411
25346
6224
39579
25187
18699
60055
49927
25286
25000
3645
403
25139
4107
27212
25482
27752
54937
15199
6181
7071
591
4354
16682
2855
10388
4967
17916
11365
13912
13445
16756
6300
17950
34313
3014
35540
19327
39969
9202
61877
9940
24132
12621
2512
29053
48698
11302
47562
23193
6737
21424
4124
39377
69416
880
346
157
11606
37221
37293
64225
24130
47394
215
387
1344
180
6979
18722
16700
15156
54082
1979
1831
1841
26453
29190
166
49352
28533
49896
8080
9277
7511
1914
46442
3067
14341
3219
7594
27013
20200
3651
118
4640
8602
26996
1130
15658
3884
36779
11919
29041
33172
6679
8474
4197
40849
4279
54217
31450
3489
6324
28894
35167
563
3842
6384
4452
51564
8807
32631
13556
1226
10097
17052
509
53899
11833
29942
17397
10772
3181
14428
16837
10639
7933
2311
47127
19832
2184
3688
36396
40451
26663
46320
9162
41702
15315
35568
7903
7976
1325
12211
3600
36036
5076
18788
11449
247
28562
6665
243
2969
958
30358
3829
45119
386
41926
40992
60328
8948
7090
11612
26599
229
10827
42376
6780
11808
22299
37895
12158
26383
10744
34911
11756
39529
46470
1940
36018
5146
24846
12297
10272
8921
22305
57293
4288
839
11365
22937
42347
42894
12084
4611
37624
9469
4067
67703
4221
15619
5357
34154
39413
538
8501
30471
52496
38171
42373
6213
55108
68030
858
14155
11165
32670
23915
26965
8834
1650
16586
24151
4806
11575
4178
6651
22789
24076
9794
1439
15119
4785
13075
83
28398
21115
42025
25066
4392
7694
17674
3086
101
39030
28283
25801
12690
15970
15218
7030
9887
46155
47878
13149
3458
63631
33284
11723
34992
6433
43270
25952
35060
23122
2912
11706
9320
34085
195
914
3806
20336
33654
30734
15056
4093
9036
6910
22353
17041
21629
19000
31178
39157
13767
123
38590
35007
1522
11556
27062
6844
53663
27907
6061
30010
1864
4133
2515
8589
49371
4836
17639
6518
17984
20972
3094
4156
20735
990
15134
16396
39746
3005
54027
8498
21950
5118
111
46095
3002
1325
63318
38684
8606
10622
31025
1936
32384
38537
3802
6460
23170
32171
19535
36064
10093
57547
9080
1741
8028
24139
12140
18063
18085
6585
42961
27380
18198
8798
40862
16908
1359
5816
15640
2369
1723
27718
6812
14894
676
496
455
36747
51844
14065
64494
10735
3036
58035
14928
3234
8055
31681
42909
14948
18748
1131
15236
14192
6628
40892
21683
51059
36118
51971
50269
59267
65020
10721
41644
19173
972
5697
9499
28376
31440
64342
2358
1920
21263
8378
2157
33344
59723
4006
34808
5955
286
4105
71415
43430
45802
19216
9818
17818
9406
40934
13057
4818
46731
23546
36837
22607
3207
2834
3698
11331
40683
19117
8462
47598
9905
23324
2353
8546
88
21803
4047
21443
996
47296
34182
31129
17042
875
17279
7248
7190
6134
11143
2701
1189
33317
5628
2064
10655
38503
60064
4173
8754
28100
19735
4124
2414
29357
5173
23117
33463
1552
991
236
11383
38545
6344
45195
8944
95
12346
29711
484
39277
5351
29865
3846
72
43326
60209
29491
6584
3048
32991
440
19718
13722
28598
1343
1784
37097
1786
52375
18613
27417
22943
7890
61321
16039
53496
9583
27920
2333
28528
8396
40765
44008
31214
10733
5541
5958
5020
9076
2549
6139
7885
19840
37420
9987
24102
20812
32867
1281
1956
10926
10801
28082
278
584
7720
9441
16825
23112
1568
28676
5648
21447
14659
8192
19470
23346
15499
19854
37687
26358
8500
9117
323
29445
5160
12324
19325
16014
40864
28490
3584
50650
8695
7848
7235
40364
3300
567
10878
7418
33621
33222
19455
30960
568
45707
30889
14699
35454
55966
1077
421
23046
44042
6956
8169
12935
2234
32514
10176
1257
10504
28133
4590
19411
41161
3783
9349
22368
1632
26239
10029
48728
15932
39970
28266
13192
17282
27687
29151
3357
12870
20455
37363
15952
39419
38509
20153
6424
62508
38928
14641
37196
36503
15431
25046
1504
7910
2117
41228
35149
21118
3177
1201
4617
6703
45918
7392
7159
2986
25433
29064
17275
10853
7016
36961
36514
18988
44629
3309
22164
38734
42783
36494
62391
37233
66374
20898
309
40498
2712
2490
4181
19037
68602
648
24874
3257
58807
3514
15493
12361
261
2039
9601
34862
35428
14898
8037
30902
24441
28972
9965
69500
4158
64385
31969
12725
16804
30204
44033
11232
2110
33237
1697
2230
44711
60702
74
23788
3039
20152
4097
467
31053
29657
1166
30705
40316
4606
1917
14228
61912
36129
7132
636
20762
11622
645
13447
679
11390
8179
24562
39159
21756
574
2059
14271
56647
33379
4639
8907
1932
13469
1158
24697
4629
22407
17951
15669
21172
4698
326
53812
32105
5926
38012
40397
5783
3671
33601
36005
41027
3301
4360
14863
14757
5287
52859
30305
1775
3086
51410
26916
53192
50047
6907
5666
32047
30306
43941
55466
19112
670
10758
8005
5413
2127
6515
37738
56858
745
34455
28092
10568
45660
1859
23286
40019
7812
50196
8413
2877
12462
4204
33458
28880
11182
4522
40625
1770
20331
20981
8567
2594
12692
17415
27495
7137
21636
36254
41553
13904
2709
1133
47866
45767
4720
19871
8002
31886
51651
42057
11191
15802
5624
27304
1741
13900
2596
50864
7042
1277
14883
23027
12900
9478
439
4679
24539
17913
20459
40688
11692
41808
1257
66
18412
431
1718
29178
779
37515
10115
45384
17536
10257
17368
1100
681
1382
11157
28565
14794
15024
372
24240
34179
68593
20370
1256
7046
32769
15577
10900
22816
20498
33476
27130
78
23089
35765
178
26679
7610
9382
23246
52315
7627
11286
23615
2089
34166
28187
29549
60862
49197
8991
47767
28478
7930
26791
23910
1801
1278
36918
12197
75008
363
16481
37897
16591
1910
25976
964
27038
26579
2890
21832
66307
6637
18651
9123
285
7154
35356
17374
5700
47171
2412
58490
9939
64
271
63881
68402
55616
23480
48630
10562
29728
1908
4178
28731
3499
49827
16027
5201
27558
46586
683
848
14471
9612
24977
21371
61062
20580
40163
843
1245
15580
33433
38976
4549
8218
9662
5040
6802
1751
46627
4097
14893
3503
1513
6044
8111
9466
34587
52568
44854
66475
53206
33028
41623
41199
46773
9922
19499
3494
55159
1977
14641
37131
15674
8882
21201
52520
19394
1454
6585
45464
10561
185
13707
43903
36315
9494
34275
47706
44275
51173
5162
1518
16961
60183
8308
7665
5087
53349
7055
8253
30901
22929
79
43482
16820
26915
15345
247
36070
31911
5697
1578
23762
23191
31866
8492
7641
70120
68941
17149
812
3364
28028
35848
46013
25858
31945
13598
14445
3825
34215
15591
781
30519
6867
264
1586
71167
42677
17118
16011
53285
7792
7001
1740
13625
23801
12895
20156
11998
2122
20445
49589
38293
10065
1449
9169
1802
24481
70395
32593
7
1139
26563
3500
1805
69947
24898
64599
23987
5166
444
15692
30648
703
24949
63781
12473
33485
50691
13652
6009
20344
58026
17663
11165
3265
39821
35678
22324
11204
28103
12984
7530
32247
9597
24582
40350
25627
30464
39804
37902
60870
58613
33163
22371
1444
2342
98
5507
29955
30586
44612
23
9917
88
9603
23693
9865
15936
14544
32715
13116
12133
47236
17049
688
23608
27812
59364
16385
24038
10255
11707
98
22390
32561
32063
42225
73246
20483
41683
21723
14502
32551
8111
1960
30305
37483
4616
54153
12786
49367
34755
19690
24343
22734
66883
29947
55784
56145
11488
32192
62097
30768
22638
21692
59058
2362
27160
18951
6424
35854
48128
19997
7262
9423
1010
31329
2853
236
59412
33812
6240
22128
43916
1788
5031
5987
4845
42189
3757
25441
8444
26865
2756
60336
32597
40648
31082
13659
10731
22595
669
11328
4085
20601
77
29491
41631
4167
41585
1792
35851
3069
28613
13942
45034
23745
4615
38157
23221
38380
33797
16903
40489
4850
1724
451
3202
3853
6262
13864
872
649
18203
20290
44774
44078
24529
11227
4826
773
1224
10479
9363
26971
620
13107
26488
16761
31285
18260
31079
7826
5272
50198
40671
3393
9624
23894
17274
2308
1597
59064
2536
4394
16866
1632
51566
5096
1289
4406
15834
3159
42685
10886
27540
2910
18834
50385
3068
33259
49364
291
6455
3863
26771
8089
27890
42572
5320
4407
3202
7334
10657
18573
1468
17635
72398
8587
54839
13345
8273
23354
41110
29286
26681
19074
775
2185
2645
55947
1469
38420
17320
24037
15784
27571
33155
52488
16018
13395
10008
44011
36777
6736
41741
34417
46541
3102
1171
10578
21730
12959
539
16961
22777
455
7600
4460
17319
23996
2789
6017
4221
48172
28694
59170
5018
25075
4272
15337
469
1202
56997
3640
28495
2426
12105
28108
3487
39011
10600
36057
2977
33830
11621
8156
18159
16596
3681
1542
12605
32846
1808
28267
5422
14522
10476
11208
66373
27478
11696
2941
19106
6861
3182
605
12448
1002
19655
20884
71155
4874
4439
37025
24734
14711
2082
20025
17206
8905
13507
5282
34570
46457
6112
2470
32934
39467
3989
24467
18182
1247
32992
8843
33742
69978
9610
10026
4890
13990
44815
5814
46603
22000
10278
2154
4204
28009
23724
66142
7147
44748
20031
18045
6133
32853
17340
12369
20296
7802
1828
55107
38830
3171
48123
8310
72396
354
23166
282
43730
13329
29041
13823
6744
29777
2130
33607
3023
31356
10329
26377
30280
27519
14491
64472
2457
22261
5534
15496
52857
2318
52799
19235
9585
50696
7734
14571
39257
27652
47849
39891
745
69689
32450
31207
482
12716
11635
10639
9124
544
18677
10525
60115
31640
9285
10453
26948
15023
3518
12930
34966
10282
15550
3809
37427
23677
25431
47978
10211
8606
11603
5917
36372
8397
6923
26241
58155
11988
9981
18429
3614
18806
3139
15647
24463
2690
37441
12540
46852
399
13334
22408
15239
1054
4631
15150
23854
27952
14128
762
15605
6204
20656
36244
19969
6363
13172
12126
30230
21069
14400
20620
12360
13037
10548
22853
32518
33294
28012
45064
24493
27697
15825
57001
26123
12115
29658
36908
1572
9106
22715
6942
12773
18860
5998
710
59910
611
3779
29370
2509
1909
27319
18677
1717
23773
4923
8597
45842
16023
29806
8306
57663
7790
53542
18404
10967
2644
8893
8399
563
9481
5533
5774
24398
4304
17761
12021
53168
34884
13156
6278
10050
12564
33258
7396
22206
8655
33017
212
3361
31189
653
12212
2615
863
31209
11420
54844
14
51280
442
14825
36350
43376
8209
34386
11529
27259
62847
6050
4384
11330
16869
3008
7058
41433
2712
69233
7383
17548
14854
57152
10801
557
25713
1533
22753
29469
934
32613
29297
15845
9620
5103
7212
17302
4815
42871
34899
17765
337
43712
26439
37923
9980
37565
10177
32806
4270
9991
22371
60995
7958
5779
17758
1238
7146
24233
358
3091
31754
20757
5381
41943
3039
69273
3292
56718
9635
26374
15968
10024
37200
12074
10250
9089
1705
18469
591
18523
36920
28716
2334
53844
215
25677
57509
14871
955
19027
1770
41180
18931
27784
47879
18786
755
59536
9181
16296
897
6345
33939
21352
4665
25876
34108
17277
25203
38631
18714
2659
54216
58878
29104
27820
25834
3345
69069
38205
32716
38961
30444
7152
19747
970
3587
37111
23
3
38736
12178
18487
3544
12271
40383
908
36401
15666
3062
5410
42561
70264
50339
27912
18873
393
20087
2253
3583
63701
2428
19
22183
13593
5130
5029
2083
20034
20975
1787
37505
1143
1999
10661
5062
399
25027
12552
22
7462
15741
2883
13963
7438
5676
18274
29108
20091
16986
177
37661
17675
4638
7061
27956
3930
56420
9752
42942
359
4034
66248
5933
2686
12417
39706
17945
6956
65694
8960
3401
9458
5852
2584
20289
20264
18096
7238
18993
51682
18862
27873
28552
12729
6061
2918
36093
46614
38094
45442
18932
38144
24662
39344
15307
9929
31490
29130
26583
25871
35892
19069
59905
9550
20654
10655
14499
43923
2293
5552
49552
23652
33594
42364
6918
1535
14109
7251
3516
37878
10159
51986
18759
4093
72988
2657
4221
10854
43256
32517
810
104
6749
10592
39696
23110
21860
32844
6268
11258
200
13140
24583
3935
8307
23763
1312
8029
39965
36895
3303
9438
24974
1672
2834
12370
2054
25322
31786
13953
19515
45550
14883
39346
7437
9854
59850
69017
10409
14959
23245
68499
14254
38868
66765
3066
39382
11071
3526
15331
29743
3881
59063
19271
33696
12
43914
20305
30012
1689
3910
28431
6959
1461
6368
12318
994
6556
25751
19882
1996
10717
5685
8361
7315
3551
16531
64709
6819
7357
37234
14015
2302
30045
39962
61921
8493
14961
715
3257
1243
3176
17844
17278
42245
49980
46961
14267
7329
5513
6620
9342
6262
38505
8456
6047
18268
29
6799
28354
10078
1139
2602
54652
8285
26393
32798
1783
17232
5960
781
6707
3668
31219
3099
759
17946
46
82
4540
55075
49981
41825
18714
2705
16492
43071
2978
5344
76162
36207
1927
44122
1407
20985
608
2490
20101
51
38083
20583
23943
4842
6550
32526
15337
48743
43850
11007
23121
15115
24606
47383
5754
17800
54840
35187
244
8017
10808
56613
1696
291
14412
26615
10592
18685
33035
1642
13199
553
21621
25854
1408
11304
8949
4126
31948
26047
20991
29065
3319
15056
40023
33068
14774
15665
10233
662
31443
8662
53227
8124
1244
1658
23791
39601
353
279
36833
3717
52637
8847
2770
48
397
8167
12714
62904
7526
1428
38458
10186
7612
8968
44326
194
383
6262
324
31985
20860
24752
24015
1161
21482
20137
40513
5234
62146
48011
59554
2018
24218
34418
18017
1708
8922
54029
6353
57175
1156
33473
9993
4949
340
705
36738
7926
50333
258
27312
7351
8599
3655
7094
40220
75474
36047
7566
55643
6664
7733
17957
4666
298
48916
46914
20858
7123
17004
19286
17248
6129
14263
4186
41178
5755
21897
6607
23983
65763
22647
64222
48580
9115
5673
5678
15613
15068
236
540
53261
61121
10998
8464
1521
5568
5910
55042
11272
31708
46661
24301
17341
915
760
41740
7059
19858
61937
1117
15670
12698
18910
10199
25635
1543
48164
6393
7357
14666
3489
3749
4149
27604
18664
7399
21180
8751
43273
12607
128
899
50152
18618
19473
47015
32275
181
13288
31845
22840
36993
10953
236
30525
2095
14136
45609
5857
19373
357
19039
922
6946
40130
6929
8799
30871
10948
6459
37615
15012
6927
65521
15742
9023
31090
13251
789
36372
13859
59878
1548
43401
6267
987
10910
1890
30853
1045
18935
32462
21214
1850
8225
14829
12975
54965
19866
34480
3793
1203
4715
12470
35342
63620
47512
39553
18414
23510
25755
24405
7137
17448
43783
32202
63077
14633
24557
4488
6235
66379
22781
43823
9839
62569
24400
30874
42792
7156
49
10535
1635
44587
6980
65628
39299
17645
49990
54396
20193
7937
36999
64214
56225
26969
672
5239
138
21650
27185
22052
8928
6181
53497
13309
31680
6445
2547
13169
29623
1162
5582
60716
1829
54311
3850
17997
529
18916
21338
31418
6744
55376
10534
5
45107
46168
42647
2877
43764
39584
33470
21201
10821
40529
34374
12224
20479
511
9601
4390
5102
10860
13767
22232
3935
1616
13210
2835
39053
13214
788
14135
27409
32277
2353
14947
7650
21441
1517
6143
37881
6452
20699
31315
1788
43969
12589
13012
7796
25311
53686
2709
26482
30879
4025
30675
3888
20305
31388
28121
7492
4604
53133
3465
250
17630
10274
2428
7394
17732
46159
40655
14361
35076
46034
32290
24851
5844
15513
64509
19772
4533
1017
4780
28149
5603
3252
38146
20597
40432
34357
21833
8624
6596
30738
2761
28878
7085
25410
5723
22451
42110
45302
37890
4543
32026
9686
2635
11865
14987
6325
4571
10860
12192
5934
3406
3161
28289
29406
21888
62400
35264
9119
1829
2192
37946
26005
28344
14316
2826
17186
12787
9124
44862
3841
36888
14281
5405
3743
2360
22969
32935
805
3404
5650
1814
49373
53991
52678
13789
5283
9687
881
16505
16865
598
48307
3212
50543
13701
6853
15237
42
23054
7866
16302
47080
1671
13609
21340
9673
25007
30783
67769
11069
23157
47131
30117
14723
16064
20762
24430
13633
19063
4186
37912
27890
9564
13253
3957
22755
38200
21490
6090
51742
15371
16982
30495
7488
20367
14207
39683
8797
8648
4106
15089
6822
773
33045
6847
766
14413
53645
49514
63688
13541
24683
11316
38302
5302
15711
30198
15186
11559
44176
13966
24124
2439
30677
75146
26840
4553
21128
9818
21824
3635
8688
16920
22439
1690
46964
38769
11507
65949
10476
18140
23282
58237
75693
527
43068
14356
72949
26979
4329
4666
11524
21658
1737
35531
4712
3104
36614
66399
5794
7891
37492
40297
31350
39682
10905
25070
22903
24051
33043
11650
35004
34583
7782
4229
10392
3868
36209
8159
13839
14433
19564
24591
2792
39291
9588
56623
6924
27656
4935
37140
9770
23387
14226
40028
55142
6347
25271
13073
61973
10020
14008
32998
39474
22655
430
8336
42820
14254
344
1103
7922
58982
536
14549
12722
49431
4659
7180
55081
8207
2102
11320
27206
145
5815
5749
38931
27994
12835
15005
14765
7410
3878
5821
23414
619
52963
2978
30011
3020
16884
26779
27045
2715
19979
43121
41466
30240
12297
8595
22793
45147
945
21890
4087
13878
8630
40172
5903
26864
263
823
3331
1763
7586
30700
39654
9062
15163
12221
38902
8708
292
33922
5108
13424
14596
33778
71633
60457
2923
32792
42248
23878
5291
36658
2208
27473
14691
1029
24282
9280
47620
6674
22901
29018
2291
13322
51545
48925
3623
57332
16114
62622
45993
3335
20130
5174
8645
40973
503
68036
23464
702
551
6933
34230
35699
29248
3468
5853
72470
9614
18277
744
31607
3889
34516
8656
18776
19978
31793
14917
42126
3418
990
2571
18673
871
30769
28703
14253
42896
10244
43282
16725
17116
34699
768
2427
42360
12594
1612
1853
29074
18429
16803
934
4592
8022
7406
880
56200
42799
35859
5246
31035
1172
840
43063
17145
10032
50081
11007
5648
21336
3399
12774
3483
22789
1150
4574
11412
43964
32681
23318
8217
37783
13652
12812
53823
14750
30285
10725
4999
3079
18756
44241
30215
18199
4836
43967
62182
64588
7768
9388
10714
31972
62
16061
56501
3064
8176
4292
8048
30665
38378
31211
9423
33266
29232
25246
7480
2189
5581
36986
43386
47075
29635
5745
14135
8434
12647
15553
26207
61967
43389
8314
5346
8276
3136
21157
6286
19768
37305
45532
9847
1410
17783
27014
7505
24922
3818
36158
9675
6522
77893
29901
28118
58923
12591
219
33784
51
7850
42426
7606
21880
21837
427
5588
314
62118
76010
54883
1379
12204
4076
31547
32348
24311
5199
22116
34882
50630
29125
9069
45056
13350
24573
3807
22352
29295
23259
6017
33111
17690
60685
3094
33487
14610
63075
12942
6318
9955
15877
11816
24339
23748
43513
1160
8371
42317
22318
11258
843
8493
59043
27127
12769
30528
10649
1127
3377
18922
51729
21359
8897
37889
20979
2941
6966
33650
31947
9188
15340
15666
36676
4144
15553
8102
3095
10024
4926
8796
13474
27156
16479
2573
35074
3709
25945
26154
58107
50922
20015
17202
34423
1574
26686
21430
4219
10714
13748
22210
12039
10455
3933
38210
54626
31687
29225
11214
1688
52227
9851
16791
17164
27757
16838
5550
399
24345
10332
1621
14091
19032
61305
37030
49186
42909
28153
18312
10638
8054
16030
51
26650
2515
22805
30881
29528
24094
5226
2672
30460
529
1988
24167
14128
17404
26445
33076
6782
36846
8228
4595
4164
1357
16581
952
14898
36561
10805
39192
16209
31813
38735
390
14481
5019
2036
23960
14983
44115
1858
37846
2976
30410
7654
68023
1373
3723
852
23203
22478
5474
35427
4392
654
713
173
57947
32483
24150
2635
18112
52097
3682
9110
23285
15339
70622
21903
10600
34489
49592
11187
31807
221
70506
59969
30926
16119
10988
7879
475
25647
6321
11757
3
3677
7176
17571
26016
53856
19496
16917
49503
5600
8633
3649
18997
9422
33062
3067
10696
20305
14555
5347
51056
59411
39519
308
16593
14767
4740
14698
50662
3329
190
5401
572
65161
20670
12345
15855
14848
175
46466
11519
58138
1622
49044
28276
4603
10005
57708
25849
712
49
49307
43112
1080
11727
2234
32349
6675
3537
7063
23961
62018
5294
51988
10011
1001
29268
39
2717
46125
28522
70038
28265
34742
40139
27724
12270
2781
33903
46795
10265
15118
53515
2483
3310
13779
27969
11187
7074
33880
1740
27812
15438
12943
21656
31166
3786
3835
4731
13637
15552
1119
38790
17533
12584
37130
3770
29304
6229
9819
2211
49836
2531
2163
13453
1437
62600
16249
64449
3868
3343
32023
24508
15188
525
10103
6187
4849
10952
28359
25265
1539
9434
1169
5071
1994
74685
14223
33615
9006
31011
29044
41037
713
53914
25751
3034
13526
43397
20790
27338
30349
22784
60571
3981
12816
12654
30368
36231
33801
796
4767
37591
76757
72079
24034
8
15325
5371
32756
10393
23937
61578
6368
6650
54704
2036
65779
19271
20154
12038
65359
263
49887
12243
8365
22005
52316
38515
11037
1563
11996
22745
24890
16092
22940
2451
54056
3053
8438
24311
29401
15958
49248
5195
31673
18578
32255
1669
48394
5067
4404
27142
32
26577
6921
20280
51616
1122
35452
19419
49641
35331
150
6791
3259
3762
1424
433
14473
6136
25276
39421
11043
17216
22869
9919
26276
21555
7321
3876
41867
57975
61137
15052
5501
2173
12546
32028
45298
50290
39259
16305
939
31500
21242
570
1029
22070
41399
11503
1422
10577
37983
1244
17383
4971
993
32369
58897
2181
44373
2832
45397
10674
5112
7036
2050
3988
6166
68206
39949
31618
11537
1965
12587
17224
21255
3169
1337
11560
19372
4455
7922
52486
21214
42520
11408
18737
3290
10239
18573
11670
1767
51412
19999
21984
7173
809
12406
2572
2492
271
5225
3538
8118
56593
5738
1806
24131
10951
29302
3705
54241
23108
6100
9239
61673
6402
17723
43706
12023
4152
1415
8957
776
1968
59916
94
52826
65337
19049
6659
35982
739
32396
11103
8688
18366
7321
60886
32574
43570
19787
11428
55940
39809
36576
2621
28545
3256
20683
2491
6630
5058
20015
94
24206
311
2252
1142
64405
14795
1098
41663
9235
1700
43165
23617
4724
15836
821
2191
9244
7237
11129
1103
34417
14965
62228
2653
3987
39731
19618
33162
4954
9488
36452
36606
626
4932
7737
25209
45487
16414
23162
99
10048
14048
3471
4250
9858
30842
36819
12347
44505
13218
26817
42497
20981
45821
18734
4563
17211
5421
15308
55391
244
11158
5318
14718
1828
35423
9098
21578
54671
5532
29612
42105
558
15580
17313
56884
4530
33776
27515
30219
20343
34042
16516
4310
20357
14996
24872
20601
28813
60468
3101
8276
49517
703
4595
43586
74163
2168
9741
28383
22574
15687
14690
763
22912
10097
13913
1028
319
1274
241
47210
11374
58374
16090
25167
557
34515
975
9018
157
19497
548
17841
7844
3880
12891
28399
8840
6519
2532
18112
9080
11985
3376
6776
8789
13005
59968
6462
40760
2103
35590
10971
55599
8235
39008
32405
6633
347
14734
6244
134
28755
1225
4393
2504
18226
24425
41559
43269
2620
17908
20689
8347
34634
32745
8939
13938
10335
18017
21342
26352
21026
11507
32331
4248
53286
61212
1544
977
2447
259
18162
28675
12279
2969
11853
5656
14036
72028
1364
54037
2027
61146
30941
10676
42228
27626
15082
29126
7629
24814
15378
1797
10355
6111
5779
17116
57706
10405
8151
26429
14856
9606
2452
5615
15837
21154
7951
52055
9169
26085
15778
38006
58315
27938
14882
13180
7381
13412
8149
300
41622
617
18723
2078
13640
14841
9908
29883
43449
46251
317
49140
509
47005
72052
13691
17744
52676
19744
49085
4687
30512
43442
43137
3486
14465
21248
14307
3505
52120
729
27158
5323
29483
3368
6105
54244
2515
30036
32288
6233
18612
25491
66737
44089
2036
34739
812
49211
36385
24815
69207
13001
26874
37995
34431
39175
11557
5281
20857
29433
19435
12446
36401
3161
568
24879
24335
6144
48171
5490
23038
28242
2990
25148
35735
34598
3297
16863
1794
45501
26058
242
18935
29431
1777
34346
17996
24734
27547
401
1412
746
9329
4362
61764
61737
3284
184
4793
39088
21581
14641
52550
72990
11421
6971
4363
25082
38888
3558
5721
22188
10075
33744
766
6696
6108
42481
7949
10574
14028
3185
25920
13027
6362
13489
8581
7939
20410
2240
7537
66693
2291
7851
3788
15833
10825
845
12545
31642
38137
46652
9415
9623
58069
116
11566
18152
13982
9161
29740
20414
52716
1353
35296
37945
44821
4873
6662
4262
30417
11803
69830
12076
39684
33177
13882
1817
16904
30063
14783
55772
2420
592
463
14452
1703
46831
2698
2067
45373
10127
14220
15909
407
49996
29737
21440
18450
42281
73822
14325
28075
10591
31625
181
34582
5699
8887
6690
19185
14385
7839
19287
21154
11619
8916
4059
25104
13150
2630
49577
11046
10744
6375
45515
22958
19421
4655
20644
25290
41615
32709
21998
26873
24178
20735
10822
51297
17086
21790
4455
8187
52401
14193
55688
605
2370
1901
15560
209
8087
11162
7846
19054
1280
14588
3714
1331
37479
4778
1905
1310
11604
13786
29581
22383
517
51217
7509
22315
51379
11009
27259
610
7448
3056
55077
2489
63052
46517
6711
14739
5553
6421
2428
48390
38649
6325
45366
48005
30316
24471
14079
1901
22775
15152
31516
10089
18550
6547
21081
22729
33885
11602
48634
20040
18278
23873
21150
14055
8969
8106
23132
55378
13443
10274
18673
36352
6258
16283
68304
8833
34317
1671
33678
802
55493
34633
7172
30893
8774
31405
16
30660
1682
1102
2530
7845
18502
14493
19344
2982
39082
23156
5824
37635
55355
195
8680
132
10692
51335
991
6600
42001
6066
71084
33141
5115
35596
31431
59114
10610
7269
3785
13301
39645
8069
5035
266
16635
3208
31159
23819
54273
12470
17181
37199
50154
8796
39356
26912
7153
13646
11719
24582
21943
45060
16944
11650
1195
726
2516
28537
15455
19514
34558
972
3849
304
35247
17331
1317
14185
15279
11890
14286
18647
4360
7546
32723
49947
32404
330
1728
18227
811
9794
2662
6891
795
16252
48682
20905
30950
9144
26948
25555
12369
5056
3734
52193
3423
24204
13184
12955
27431
12109
42988
44446
21092
53256
70
9010
26223
19238
11864
9139
24384
13316
8671
71260
332
9500
10275
14790
286
2870
27006
30012
14797
6066
10805
3066
3047
3409
21907
9513
3398
1428
7974
43439
56315
56957
2697
60544
30406
5883
18422
1809
35949
64990
12420
14252
42
4675
17154
3052
3536
63125
6552
11523
18937
44189
16066
19573
19430
5300
1226
35471
21576
21535
7478
7703
1204
25182
19605
3992
3508
5862
13202
689
1228
26876
47606
3397
25835
10246
3870
60162
3699
23090
28424
23698
34635
226
16646
6389
14150
44897
4310
14574
38688
17617
12683
9072
5398
16181
1056
21636
7387
28440
40061
11228
5531
23822
55510
6187
8151
26603
30920
22825
10806
4569
14578
7148
71338
27811
302
10059
5357
16505
44855
18292
10829
36978
25786
15829
19191
71190
44690
54880
6430
3461
6906
24441
40182
349
12257
26966
6109
51658
20138
13040
15685
1286
14843
6715
28506
16390
64426
781
9716
1016
26676
8065
29
1483
10335
15795
9016
23483
11650
2370
24186
5590
3056
12188
22852
38571
19506
44723
32774
5158
47850
55865
15364
69708
3883
35563
20027
23633
14523
1777
13820
53138
16903
815
25807
64736
12287
57461
391
18440
20264
46571
45676
14182
42486
8843
9144
18730
8598
20920
73778
154
19991
23039
6704
7624
518
27450
70
21019
55985
1721
41437
1823
11429
27456
8286
32103
24704
1774
9644
49582
3477
44611
29427
14904
40415
7771
13478
8789
45307
6307
14882
9050
2665
18107
3121
9781
13363
28407
18010
56009
36044
2697
35452
4232
24869
12327
27131
5056
6120
2676
25408
19371
4950
15985
1576
11857
55914
1079
19633
34395
868
13942
4384
5977
1702
63761
14326
41706
14324
32628
273
1301
56586
11591
33372
54554
22526
25958
425
1715
1224
9126
112
2545
3324
8520
13193
12491
6747
35426
4411
39403
29798
28726
38861
3942
5001
33665
26421
33223
7868
4876
21873
37953
74774
14946
20465
5515
11972
26096
35349
33419
3011
10886
22785
5910
39116
7048
23781
3675
25638
40838
25598
9894
33422
1950
19697
3053
1620
39627
52906
7390
21395
1636
1657
39899
90
7029
48736
64385
20902
11601
1223
22184
35315
2701
63745
11020
14001
23530
37743
4328
25856
1526
1428
40799
55462
43418
5574
16348
18890
23060
68
28271
185
525
28129
39082
20381
6588
15021
23142
18083
23887
50070
46809
41684
2967
9006
2837
21225
25523
2016
8840
5444
12952
9445
50246
3579
627
24124
23435
697
11500
64397
2141
1830
4722
26452
3463
3240
6203
9225
18958
8270
46931
25689
12347
6653
248
11257
49146
37136
26493
26821
51801
24979
22210
55162
70599
300
20392
2177
14125
42884
561
30698
24003
14252
9955
10219
12888
51662
6946
1696
24097
34522
10182
2367
9256
6167
12045
2984
1336
8690
1036
13488
28723
10981
4406
3708
32694
17993
15671
632
23726
29105
16981
31477
23508
23893
2188
10783
2456
4532
1912
23875
29554
11290
7761
8041
23812
21759
23353
9209
31360
1654
7306
3423
2615
27138
31227
5073
8213
3031
46552
15835
9981
14957
19223
21537
21824
19529
8
11118
34045
21494
332
6973
15742
6777
9779
2618
20448
8775
2521
5230
4909
12721
25180
35069
9759
375
12688
14635
31527
42404
17706
34893
44239
22758
15086
37027
36149
33639
1128
1309
2226
18434
21457
13084
59888
30319
18618
32453
9164
5652
34148
16044
41094
4250
20315
6434
4161
5016
19921
17110
1152
37480
614
6254
42815
5593
90
1527
46021
19841
26475
36714
810
29299
30326
229
30752
3860
30180
8599
24705
43050
19207
15039
12845
51128
1500
26952
18683
43135
52069
20152
50958
63983
3494
600
2849
32007
16143
2873
15210
18760
12013
2727
49317
10976
1630
204
22842
15760
48612
18275
2304
25308
3472
24228
33807
56714
44540
745
58444
1462
21806
14418
21069
6828
4272
45782
7748
6508
49
4988
22133
66863
17752
11655
27892
18432
4248
9845
35155
33768
26801
5391
24814
25487
1077
35370
4271
2536
10749
61553
11687
141
41156
27268
44356
13736
79
19491
4118
8433
18855
5563
18472
1625
1761
16295
1242
4879
217
6743
32400
8475
29630
809
20263
145
18865
36283
1120
2749
21906
48
4342
9566
2894
5630
5079
2782
46786
31642
40197
41692
4686
20
67071
10243
3988
47375
25880
1472
15569
17162
16431
5039
14261
14663
11772
6872
1803
52
2148
117
17081
14297
2667
17608
5171
172
4059
3502
29189
12119
14983
23009
25224
50998
133
2472
20379
1087
19023
7394
29466
924
9724
11749
20694
2484
10110
2120
5744
22938
26891
26825
328
52693
41068
122
15128
17431
15763
35125
42996
1787
2384
5275
12104
30178
10146
3673
23309
14697
6395
55054
19920
1348
1514
45538
16149
22203
13973
8962
67183
12983
22758
34111
1021
666
32547
8588
4295
10516
30569
1468
7426
23391
9278
299
25818
279
26391
58132
272
65
974
35858
69261
21457
3817
15621
1139
2029
13771
7510
27569
14228
43588
48661
28459
35366
2882
3301
3908
24076
11618
2993
3060
6912
2607
28819
29188
6683
11999
47813
38065
4640
1134
10192
22748
22381
9384
31008
1595
615
36192
14874
3530
36162
376
8379
8627
10740
33874
35266
22832
10724
6653
8035
9109
8
8822
55085
5515
1326
34688
35832
21314
8442
543
9718
41481
21845
10161
69670
7847
37871
28064
26209
19778
4026
739
28058
24928
16740
3126
49572
17247
11157
1383
15212
31929
18321
42824
16395
44726
2657
18705
321
13372
12330
37460
1460
9926
8848
962
10946
11278
22730
12914
22500
51024
69439
2828
7932
56608
4791
7391
173
13935
3395
6764
14965
17313
12058
4265
38916
17347
37505
29702
25794
35088
20290
12384
1536
66022
10836
5399
2787
62665
25117
20489
22175
17513
11644
36106
12692
16370
32526
2308
25001
16861
14313
3323
50366
33595
35872
3371
8830
443
25600
43286
9185
14466
22979
9691
32645
1753
16662
30759
6806
19776
250
7432
22145
15629
22660
37698
1021
11461
3673
1796
3525
4512
20317
43961
14995
14299
8890
3400
8386
389
13741
44
13856
29842
436
65274
21184
32852
9230
48657
61978
35134
2913
12080
55100
4866
41368
11856
35699
40739
30646
8212
22523
2386
25657
36699
7894
2992
39295
3612
22457
23731
7321
2090
4456
47132
56440
28708
4482
109
12172
3711
5599
1932
6636
3147
55451
16315
22164
770
26441
38739
17674
56840
2065
13209
10560
15894
4037
5516
16606
22021
23994
6909
27269
12076
71472
27530
24104
6483
5879
8339
2044
31645
63092
8867
22424
11873
26147
12425
3226
3931
48281
28567
4525
57601
1123
2844
36115
22651
47479
36093
24307
44272
58369
2017
10415
15046
1189
1366
12450
6829
55967
61996
1429
2247
30727
5331
1971
40389
26988
39402
15997
36374
35075
9030
23178
37336
4347
56543
61003
3139
22194
30813
197
46060
6275
52481
6482
10081
1839
23446
32094
50531
17584
14349
15063
1582
1537
25203
5828
1169
11439
40658
356
2966
2698
10335
29484
32999
28095
20171
8717
357
3940
12548
52271
38794
5076
52205
48440
540
5125
6389
43325
9309
6182
29919
9310
7123
377
32353
3587
45725
20926
26456
53880
16064
2002
2969
13673
2852
13527
4327
1437
3721
10816
12357
24837
1204
365
13676
14552
4445
5322
28087
58596
11063
25194
24010
17696
32536
4718
41701
19177
2749
8911
71101
2824
26745
7154
14536
9227
11184
3851
14017
43072
7473
65600
12566
18
5037
2619
5262
4533
27357
60423
31801
6843
5729
25356
728
16695
55955
46354
3926
3943
9003
19373
13764
8127
6656
13935
22787
6046
15748
29061
33307
24648
26118
28980
14816
5162
62058
4957
36753
51084
17167
4386
7177
6050
30538
1434
34013
2340
9456
65751
11205
13166
36927
11572
60287
2088
31444
59488
16068
6748
9079
14993
41278
31568
2909
7995
10723
19533
3257
2696
6802
16192
3713
23691
28008
695
18415
5583
9504
34168
173
15841
6804
3702
251
4357
17854
15802
2738
2238
51
35498
25725
27909
55693
28853
38351
55768
63643
37019
8881
11102
521
5143
36282
3983
3737
18996
17345
9719
359
3084
4929
499
45409
55868
1769
603
819
8709
40276
67271
14913
34857
40702
13584
60418
57441
17104
1694
54983
17404
3964
24995
3799
3390
47362
34406
1883
1015
2018
6677
42862
32783
51578
3437
8680
8290
65351
6943
20659
39414
29672
39650
55997
10611
408
3079
593
2937
34397
4744
15257
1214
35132
29386
14195
56020
10255
4795
40478
1769
378
19024
8837
19237
23340
54685
9205
1826
39395
28613
9552
9604
11809
49582
2698
58117
19948
25174
8058
1559
19938
47896
2673
43575
49631
11007
19308
59417
2070
9012
5920
3590
19391
12172
12744
6489
47501
16695
14639
10653
36579
1240
25261
256
57037
3023
12851
22472
1609
43776
8613
16702
28544
8658
2289
58022
24227
2906
42463
14049
8491
568
7212
24962
49188
4666
59992
19759
18526
33971
29780
20124
9646
11569
3
47200
1803
31438
18761
2118
34967
44204
15938
54449
1392
5310
772
30044
72942
14035
45803
362
6385
15267
13630
66100
32681
3
21995
18450
12977
1691
58421
1321
3893
6559
24357
30670
11197
41708
7014
21840
48751
1636
209
6342
32781
10466
2765
1878
453
588
17279
22234
5402
15474
4343
42851
1073
36178
1342
16757
21011
5869
3021
3764
8374
50357
60516
5717
23750
603
50010
16104
3297
5378
11305
14840
17190
49457
28719
13869
986
28472
9832
9801
4351
5317
18436
66708
445
25641
1667
24727
35083
9136
2914
34540
56697
4820
12591
732
22960
3840
62913
42681
10453
833
2557
38171
5250
61957
1328
11530
46253
2750
11393
40064
2075
10555
34289
15792
14223
12027
61196
25455
44578
37772
2650
614
640
462
3864
3037
8302
39953
66440
22469
7322
51182
15801
46508
14996
37707
40007
43473
5543
13618
10126
5466
8483
1076
1985
25234
31023
33192
16333
32396
47063
20172
37022
122
1242
1887
12899
4532
11464
22729
8749
1188
41413
19535
970
24663
29100
32444
26507
36341
6612
24904
64249
256
17329
6823
48167
34514
7160
3597
42647
425
32423
29134
18348
1017
49724
18371
19922
7646
5642
38332
26601
18609
39543
26141
45831
2578
41289
773
21399
2654
4409
3618
5862
12982
950
34097
4087
52017
61125
5002
36038
65997
10943
36967
5143
5859
15629
24539
43787
20536
6386
88
33682
527
12569
43367
2163
8876
68456
33590
31136
43747
60562
5756
4424
20337
13297
57744
8321
43376
36769
11533
58675
21047
5824
29769
13987
27828
16636
29735
27875
12712
18344
45858
27365
11640
14925
5532
17763
3094
7054
1505
20372
5834
698
59879
22886
16286
15039
56969
40044
67312
13004
5094
20975
11969
29560
15694
31425
8885
20495
56848
31051
2578
16476
16039
32734
23839
11061
3051
7790
8411
24555
43942
2168
135
33961
25207
30868
43232
4366
37491
54557
14602
24768
2681
48735
2474
32175
5162
41311
4044
30071
13457
11371
14938
45828
11854
3002
24503
56654
11690
6921
8453
42973
20968
6917
67565
4189
2525
1150
4328
18281
5902
32246
7963
65864
24814
37004
3308
11913
7042
26728
25824
10706
5718
9286
19466
38699
48825
48036
14899
44137
44448
51420
7897
5912
16504
28573
4806
33683
26692
50476
16048
26340
29858
65326
35357
22373
1974
49969
48653
13261
7589
19734
32047
38996
20445
4255
8878
32801
8380
31504
1736
8354
29238
12574
18346
47575
4257
2868
33618
163
5139
8528
18487
8911
20573
805
28876
10755
936
492
14771
23635
11327
3288
11718
66248
20752
17576
10068
4728
13254
6775
5139
47980
23025
10488
588
5805
14438
9281
2560
43714
37317
15420
20505
27127
13638
28174
22354
3378
55092
11961
28424
14374
1800
70877
60695
42618
3460
10427
5531
3675
2502
8699
38156
1239
2608
23194
8825
3595
3539
11540
15955
17227
12201
3882
13213
51176
3490
2294
16774
39322
6598
5394
46168
16966
49212
15840
8675
61903
16220
13875
39452
4215
10329
52574
11682
2655
7050
37408
29181
20605
16771
20314
38540
10981
15736
17073
63097
51054
7418
40841
1350
47849
8600
52067
12036
2024
21507
53338
8099
209
10565
19820
5335
54151
12471
8343
10242
49620
1528
38320
19996
47066
38704
30047
20068
146
2102
32633
47199
2723
39452
1539
18132
31896
7936
4164
4730
47515
64857
30155
44459
33122
42018
10576
26642
5709
57547
19182
36265
4247
72363
51394
40398
21958
20158
4301
9130
27794
33204
13025
5915
39930
549
12335
61268
58915
1399
33181
19069
66508
29489
25792
12235
29557
7261
6469
7490
47383
38963
24586
28934
10284
25460
47501
13813
13019
2351
40799
21240
4811
61382
19676
23882
659
1812
43762
47177
32079
43050
1594
4866
33822
26845
5883
2391
5941
12517
11905
56984
48474
6015
2240
37926
3370
6179
7633
11928
20664
34572
5408
27647
7112
32610
123
4768
4641
7113
368
32686
23662
5592
24529
5773
21635
21756
14384
33818
54421
4475
4221
7234
15687
24604
173
58789
32109
23750
4532
3082
5894
6361
36981
2230
4361
27462
1341
3366
7207
96
38543
12029
58152
31305
169
12709
8458
10143
4957
43215
2060
41896
518
4966
58916
11054
14057
18248
44981
20170
26772
38444
25748
18365
4849
910
2254
14980
40110
6832
13296
29197
8920
33699
688
699
11881
35408
6781
24166
50331
20106
7097
11031
10299
1070
3707
52803
34595
42970
3108
8550
34672
26954
9037
133
34318
23341
7338
9245
10158
1936
5012
3884
2283
4142
21356
26740
4220
45015
8964
1531
1045
13267
65663
32738
20874
1406
5144
63866
19573
68400
16691
4341
36847
14712
3729
3301
6586
11115
45717
6920
37136
18884
54591
2776
34640
12774
5272
16440
14521
34204
3656
29446
8087
21327
30360
10260
10628
5567
9264
7610
20317
2078
30709
25396
8126
9365
49735
8395
26518
15688
24422
8894
4554
9893
29273
11272
472
23699
24876
4307
58631
13977
59367
18842
963
26118
17139
6488
811
3191
19737
7470
37226
22892
13142
969
57483
59631
49928
52446
5848
65178
30375
52729
8732
17304
60138
10666
4938
12920
13644
4059
32976
16444
6787
16549
8057
18731
6074
3561
50123
20739
2034
59697
15241
42575
36493
2285
181
163
13357
6448
18599
5176
34564
4125
691
68012
14240
50087
15978
66
29387
4480
31833
3093
32408
57866
4602
14918
28421
686
2582
5072
47043
19878
43167
44293
46187
25522
25722
41033
5642
5233
5731
43542
30509
9964
39040
18099
11430
45811
10543
7208
33189
12181
19008
5544
27077
38796
59481
11267
6605
8987
13614
1892
35499
18294
2433
65604
42791
21931
349
23039
41336
2060
20741
11970
21298
38176
9017
59640
16260
34367
54675
24120
11623
29484
27371
23818
35107
13135
50003
28024
64226
8521
17309
3367
11384
19094
2746
35876
68807
17551
2528
15765
10920
14752
1370
56668
22453
31945
50728
11022
443
3207
57886
38500
3474
33718
50023
9035
11123
8843
8664
10933
8774
24004
30076
6096
2557
39207
15231
25430
5284
25575
490
7826
17831
45044
12728
36814
8884
33087
57203
43516
3558
7456
37418
46534
13530
20731
21011
35782
29345
19836
39838
17600
22007
31019
19831
8265
48196
11562
8203
1430
3666
18330
7071
25945
13710
115
18813
11671
53809
16855
6233
60579
10838
17492
1512
23947
6361
3200
5719
2257
2544
14212
24871
24600
12919
17145
9898
23012
2014
11734
42737
42529
5840
20621
30671
13169
18259
19851
56023
16796
41803
34755
35389
41947
48632
27592
35063
5386
22252
12610
25509
3109
66558
11676
17814
13080
15046
22150
635
2118
3922
17304
2779
13028
20411
2171
7666
31483
40321
12724
7117
1224
56514
609
33338
3313
3282
24492
1248
19169
48656
18500
3687
56801
5167
4431
49666
14872
6794
12050
505
405
69556
40739
15283
14369
3420
56249
17050
14949
65487
14551
5289
3408
48433
11369
19951
42342
27396
2373
3396
14893
11068
19014
8545
63401
10769
1269
2125
1736
59282
11371
1874
37351
33997
1408
8055
48063
15532
33600
3045
68999
28662
15151
14580
19351
35421
4750
30510
31308
34153
11272
16854
55516
12735
34137
26016
38880
48371
10199
12574
10487
33091
16547
15411
14736
3972
12042
21383
46389
24244
56306
20241
284
29702
27769
12864
1079
29247
61311
22932
24102
52340
88
6215
30922
22126
16786
20637
72
9748
2102
6809
4253
39832
5258
23253
41254
24772
26161
15853
10916
2603
6084
1014
6060
1323
18754
19136
32088
4822
5297
23415
58354
18747
30339
41991
21017
15059
14304
61523
7542
6935
3792
36067
7193
4645
2427
27107
5784
25495
26319
10618
57154
842
34805
17787
3080
33672
3443
32668
27983
4727
25603
28044
8658
34964
22644
5401
47702
26616
10391
24983
9143
15335
6215
5218
69633
13496
8938
16857
26740
1962
23415
35295
15113
1223
28360
15406
17744
4104
11366
38345
4082
20857
2632
18115
39159
2212
36586
43117
1679
62092
14676
13790
492
62405
8058
34309
4144
10902
24084
25304
51
12414
37373
29264
767
19394
11456
735
6792
38520
49550
4913
5269
53732
133
3422
17546
8271
296
199
13052
4112
9671
2428
11728
48422
11106
10132
8124
7436
522
38882
36046
57615
3811
652
42361
18190
14565
26613
1330
22977
10267
49506
46258
5648
16433
9502
48215
13036
1316
18654
4300
56550
23753
61
3737
33509
2939
37301
52295
370
14937
20310
22456
17400
9238
2689
10280
19875
9936
26351
16151
55146
16379
76824
57515
43211
40720
2852
39283
19745
646
34913
22816
6914
14242
2534
37897
16852
116
10718
56666
10051
23391
70347
49462
43051
12945
20439
14801
25075
22703
12838
30233
21890
2638
53578
10797
16514
38704
12761
2294
12383
8138
13929
13770
8416
288
8434
21754
5287
20482
29951
5618
3343
27745
37942
30117
3744
10419
5114
105
126
8067
49633
6035
17927
4561
4900
11384
28290
13042
44551
55379
25129
9052
59575
25370
16801
72709
17606
13163
8023
64167
2221
74872
21972
1685
6849
30507
11315
25031
24167
29126
4106
15932
3364
19902
41567
3185
2575
4341
10228
5141
12698
50816
33013
7357
60733
38224
629
73371
39844
38949
4611
46703
13598
14568
1953
16530
34394
4787
39335
11643
17003
30683
53406
25271
3775
3662
8065
40642
22349
9871
22648
13065
26146
6559
13289
2278
339
11673
8235
25836
11643
18540
1861
36330
14583
20865
618
21292
38104
21256
4050
38046
36464
24806
33718
46618
31008
66612
6008
11997
18381
829
40113
25596
26780
18063
34571
520
47555
8281
37881
4794
20446
21927
43497
1060
11532
54266
22662
48370
16527
31965
8986
28350
49908
1784
21818
45362
2409
23810
3997
15571
7340
23989
33755
5638
792
40173
126
7614
19277
2753
15620
15844
20979
1844
8092
8373
12073
5390
13849
2614
46549
1022
17029
2914
391
9698
18948
23485
23829
249
8917
13353
13482
22165
2333
74009
50664
16729
930
5073
40328
30103
7278
28026
7905
8621
11395
37895
51011
5687
2141
10931
20584
73366
5466
2472
3923
22197
5838
4290
13419
33010
27592
20312
2232
231
28773
51708
3439
6229
7539
5187
448
19795
2168
17200
38716
565
67369
9023
25241
34160
806
6979
10187
8110
47134
4895
26046
36051
18683
51731
23469
4974
11547
14626
33827
23055
58328
11293
20806
36042
61692
26572
2127
28647
329
4495
25677
14287
2859
5011
53185
12551
55908
5242
18345
12235
30977
25191
51768
943
5062
30740
12277
16084
17110
67778
9980
15763
42231
2765
66719
55679
1774
18055
1990
34087
13929
21220
1433
28999
35173
22425
16602
11164
30749
1328
671
19776
63540
4588
36886
25840
9300
47167
10368
26172
43168
38359
11400
63235
31122
24399
12511
62687
4046
9207
4321
6134
47183
8295
17994
16657
1211
19571
30802
1267
486
50223
8187
8156
19345
11807
148
6470
39004
16891
47905
16211
12554
19585
16441
16787
20709
2083
42305
17909
13688
753
5094
15674
8018
53878
1707
482
5326
41592
35058
20927
37165
35915
50047
43128
23164
15506
25171
723
9760
32843
10602
3132
28044
21422
4948
29211
32466
5856
13216
41933
10713
17800
38744
59358
361
3856
47784
1534
3898
497
44242
293
31120
18323
14356
66111
4341
1158
72098
66326
12031
41245
13342
75052
10020
16208
15697
21910
14500
41168
5699
9934
8439
11709
8645
36109
38319
41899
75
25838
7063
4970
65112
2757
24729
4168
8071
7751
4505
24413
50544
30561
3907
17326
1355
3315
48933
21510
329
13349
30940
20708
2898
41058
36144
50133
59904
12402
5892
10997
14897
46107
1790
4318
232
1121
127
11051
30569
8961
5049
42208
324
9019
47666
56210
45040
48603
11977
12511
43205
565
44547
10377
5113
45459
25266
20338
4508
28942
8884
2296
61055
29211
32249
3956
31857
67825
21418
53408
24839
4383
12996
193
8871
45621
8144
2346
42859
23581
14026
62744
8236
115
15629
25940
44216
30945
1718
59771
9463
4265
12966
6010
36245
2961
2103
33701
12570
14932
6147
14530
23461
27748
5080
8518
23715
30233
7794
22695
17855
14906
4087
8297
21290
972
10322
689
8202
22
59327
20469
12528
6
43160
38403
32474
23086
50557
18473
9698
12773
6519
4105
12958
15893
38909
57087
3227
40589
683
22329
15275
63999
28673
7470
39118
21537
4968
665
14766
14972
29230
3260
9193
53971
883
14340
8280
22879
34951
1502
6197
365
3155
29404
1687
44273
13969
24281
11486
18085
9985
19450
16815
5072
28524
19497
1953
14079
30027
1434
35133
54921
35832
42077
20424
29890
19998
20262
8132
2532
25775
5844
1456
11550
53370
40364
6355
68178
49
39521
23706
69961
34788
21034
24180
849
62222
28932
25917
10214
41768
6873
9979
22403
70478
45765
49569
13420
2278
6884
33698
21647
5265
18618
44449
17911
6073
6114
21081
5792
12217
9773
1779
3611
20665
1499
42825
1859
2782
74
54559
3260
601
57999
5371
10206
1330
3474
9244
36285
13561
13055
49273
340
39932
49677
46740
43670
34364
13956
11000
21848
14984
311
439
2532
14398
10279
37706
5579
54083
35066
5062
45834
6834
1169
1828
24128
21874
3902
20544
3199
16638
11182
28291
34468
7121
376
40846
6985
13549
4168
1559
26647
16093
18243
24628
7976
19433
12201
20864
20897
1474
56917
18700
473
2900
26959
6334
66873
37850
9476
11045
75077
20147
8679
16111
16979
9391
7218
30795
4657
5777
95
2220
7397
23228
7407
27942
8500
65697
1109
319
1833
5280
9525
5435
8408
2697
52505
3638
867
45904
12567
37625
15207
33530
180
867
22642
8513
31938
2511
610
10713
663
32550
503
16818
6599
15098
42956
28000
11894
21997
5276
36993
21016
35184
20945
50461
36
36952
18456
42694
3630
13377
22352
9913
33871
18752
39550
17222
25250
31571
47846
45121
21438
4774
44820
59281
9701
5640
18385
33841
32206
15188
32830
964
55561
43126
48466
52273
10728
61117
25002
231
10436
19376
32921
19300
16371
5928
3132
960
11925
386
44773
55025
31959
54897
23180
11391
50018
4517
40042
1125
34166
14421
35211
22520
16852
54206
449
10860
3715
39877
27086
43727
4864
1699
53281
5643
13125
18233
52703
41504
582
11554
30616
30673
22442
27874
49136
11032
2340
61934
11254
16324
11977
25035
38357
19924
48241
2952
11311
9521
21773
4329
17299
325
53120
29175
17594
32927
299
2207
55296
3268
8699
20365
853
22858
1178
51011
909
53251
23889
7533
2523
4323
125
29109
10677
31632
48163
3075
3701
1566
408
11898
17169
8867
1688
33281
34596
32993
21834
5311
24428
20306
20464
11926
8207
7918
1015
1664
5830
62295
7438
2741
14654
36706
33102
17767
7176
57185
68189
14486
1367
24524
39358
36013
507
26434
4708
24197
14514
11133
24558
16955
30549
353
32064
8078
37574
4314
25776
31573
5255
1603
13626
2292
16857
24352
4409
171
35292
20970
32763
41976
57062
9945
13620
14026
18555
2577
12584
8441
14098
51035
527
6477
1244
5999
690
488
2615
36060
30934
16867
8150
6017
6664
16038
2788
27975
27030
3136
5281
50798
19580
4514
3703
542
46153
5979
33716
60796
59166
430
44103
45041
14963
23637
4904
270
37862
17961
5972
8064
6167
28023
13364
43278
12433
12875
25764
28068
45695
3668
49829
39046
36775
47066
21078
11131
11916
14756
40344
25740
13384
66528
53663
7586
21998
3263
3532
42632
20796
686
2031
30738
5291
39786
7546
2418
4369
65342
9345
19523
23059
20667
13651
1186
42837
6236
23579
45208
18760
1055
6767
15310
12162
8309
6133
70021
39969
5625
10324
76284
28313
10670
7023
40092
56061
3667
34964
23426
3742
1428
31115
34022
49158
13131
23803
59460
1604
18619
1319
19159
3631
20375
45615
42163
15662
9189
5472
1581
2374
18052
10397
5577
32023
17550
13779
499
62296
42785
6467
33942
23517
321
38089
27604
19563
5689
75291
2407
18963
65197
55988
33017
2268
13519
35859
14
48553
11318
24175
47
39353
50741
24710
29612
22660
6246
54011
52519
7243
12242
27595
9698
17270
5765
39652
19734
7014
4214
214
19411
25495
56775
45755
31375
479
16933
7043
36167
33937
16149
6074
26320
20475
31749
41644
16283
21196
21034
776
7782
34753
12493
32489
15752
25109
6283
4907
65875
10725
1109
16715
17072
44974
4472
67464
35612
45970
43488
3075
33735
18056
22
7352
15602
2234
15353
4547
15545
14248
61402
15303
48887
37463
34694
1054
1679
29275
21687
1343
29475
6689
7959
4299
21008
11632
806
23892
22525
4564
247
47219
16358
1557
1996
3413
39218
72474
38858
10993
10875
29280
56328
3002
23324
6478
15735
11111
3741
11262
25462
638
5608
12273
14434
30756
6260
45317
1248
10080
8456
5384
6927
39086
16503
12749
47609
20196
32
47819
6482
27832
2546
2458
29767
1606
2163
12700
25734
13884
72925
16210
62684
9616
12856
18129
792
7809
23665
26625
8490
10966
13510
70814
57787
24874
10034
77279
386
3735
23020
14093
43233
38275
9506
7016
10062
16840
10111
36053
7318
9942
46248
12808
1860
5711
32381
34546
11857
5346
1226
8224
15251
2156
2067
31437
24096
12320
17699
10860
14194
69854
2821
10693
27992
29404
32786
14061
12826
14893
49768
35035
51018
32357
52301
29723
28442
24293
12560
4573
648
2327
33955
60480
7731
33396
5187
4574
18651
2051
33778
27734
307
34151
27356
10121
1024
4865
19559
2362
28140
7316
26741
34474
7830
13520
8372
50443
488
88
5904
21397
25324
1645
47240
8374
1686
60332
34046
5237
40535
8264
11079
30406
35236
11551
46865
35055
4306
20724
3301
4595
40109
16196
2312
4270
39675
26459
35267
1889
17475
5024
54597
12382
30752
13286
2862
2270
29417
27653
62867
4906
36265
855
16393
32374
32685
17752
34865
2800
42495
26569
10066
2414
456
15806
7184
21599
28970
1521
29232
17707
19126
39566
1060
2163
26013
9842
1403
20089
610
15195
382
35836
11822
6592
24410
876
2132
15266
30121
32111
203
4812
5380
36
53275
2207
24
25121
2530
150
2031
34968
30064
6930
9322
17228
29248
54477
21196
3175
4180
51586
33022
21015
961
25761
52475
38376
5437
7499
6117
25348
4750
43928
11170
1592
38776
7860
40232
11132
12956
3293
17486
33924
21446
56327
23742
30972
4818
34346
49560
723
30553
11717
21466
44649
12208
6920
15287
17164
3469
5057
18117
50050
11558
6444
57904
21262
15269
2221
4727
37132
42981
29679
39058
776
9400
23620
52158
44168
869
28178
5671
6546
2043
57007
20309
38170
399
52165
200
14318
15073
6154
44852
13707
14062
22925
2023
11496
260
28058
525
934
75
36887
51271
28582
27683
21578
35923
43749
8390
7999
747
2473
24043
3225
513
26056
16719
23333
29104
2947
42295
34879
28810
2907
6254
3873
991
4609
31
75
14972
27891
8977
38661
6556
57
28555
49227
21855
44739
20904
20592
24027
36745
27402
1416
20299
2109
23826
13201
17265
8123
2294
975
12843
40227
7696
1202
2766
1714
9935
63364
74577
22685
6599
15262
27147
29935
4463
435
12501
28150
7007
15448
6578
2555
34594
4364
58
6086
1468
34833
35341
3418
28268
10940
479
2044
18840
20652
1189
15990
17030
22915
24807
24324
59569
2300
60238
6357
62101
12065
11751
12743
6996
22775
8926
62705
2393
49240
63984
28133
2312
29054
6872
35984
21568
7494
26659
13780
9403
24772
4322
19308
55788
24863
6059
15538
30490
12524
24507
624
3970
41163
15895
5304
47159
59405
2451
5139
41748
474
12665
22648
56022
1755
2694
32822
33465
4518
12498
36671
13633
37432
66641
7452
5637
8461
11286
22319
23419
20187
5989
167
10013
791
5074
5236
30365
24470
2740
15522
679
6714
6064
35665
42879
46618
13486
41489
44266
11525
253
14231
9469
2782
4011
1475
51104
2002
32225
8303
42385
18273
12217
36882
30351
1271
19009
14263
5933
7498
46255
16835
2982
63601
47315
4501
4916
33562
17355
8169
15775
5996
1961
8141
16679
6474
2444
60678
55105
9593
48067
16965
8427
4058
45583
6155
11803
54322
2985
32628
8145
71003
20532
578
43091
57708
3615
38867
19342
7127
5417
41406
39086
13432
11285
3343
31883
34517
4822
982
15988
23925
57944
2167
44066
29469
36289
13096
25101
19
24506
10832
7201
48096
7905
49146
17426
2755
9219
45650
28627
4389
10123
12208
139
1737
6222
579
32565
1598
11683
31991
27130
40507
5548
6663
28852
23609
13425
15507
6439
16387
13549
7975
257
17006
36270
3184
33965
11340
18472
30454
635
41279
7952
45428
15360
8916
6836
4707
4825
47743
7330
26651
34876
23124
7170
16483
22891
13291
382
39139
985
34373
11284
1864
29
18231
10810
10120
4478
28189
26762
19426
27550
1718
25068
21403
10399
35867
8388
212
781
13802
24578
39483
27618
51594
15974
34456
1266
35963
22697
17557
14060
22943
19124
3508
16684
23424
65778
4587
20083
31006
3627
13673
24049
45445
1140
458
9196
358
17083
6329
10259
9686
62148
14589
3665
11743
55870
11891
34284
5034
1952
107
70691
18123
6430
33163
4930
21611
31298
13593
12028
11835
39542
20183
15672
13700
12385
16236
10981
66507
262
10364
3920
2317
23691
13
6181
5688
9307
8224
42460
20825
55681
5220
18764
12
11579
1103
29689
2272
21748
584
106
15430
9191
70324
13527
2915
17430
251
19903
11828
24506
10528
48409
6363
2051
10356
17167
22397
13685
22896
32494
17407
2759
40188
7549
64460
5908
8787
14984
4848
32336
6796
5187
2775
68
9775
11586
4453
772
11182
66068
52309
153
5233
13531
17017
3844
19515
31574
6592
9962
20185
5446
18128
46228
22296
54071
544
21549
13050
49023
20334
72777
5065
7049
6870
64406
1084
24820
10984
4935
18655
37295
11296
14932
36859
13346
3715
17426
52279
34209
10858
18193
1875
2350
48369
8787
6075
20555
627
1197
15719
50114
3054
12343
16713
358
20802
40150
4251
11069
31648
24483
6147
254
4682
60195
6459
31192
2682
16380
1069
1107
240
38489
45698
603
22190
45495
22414
28217
14427
1562
5388
21331
29924
23656
10274
32694
27196
6330
16238
10158
15751
37933
11656
48015
37958
1528
5004
38980
9315
12358
7167
7703
39766
23674
10855
19852
8293
20456
8628
1437
7322
15747
12761
34790
26472
23175
48532
38104
36565
22065
10603
4791
16942
14539
7033
11248
20846
3792
29120
21503
40076
18565
21578
2461
21870
14571
13063
1061
3387
3238
422
27869
3213
2632
21370
27054
27295
60
48783
20173
32212
9298
1622
42856
9457
5559
4299
4271
30305
4262
26760
2112
54027
6290
46244
34397
69929
45024
13441
5499
11860
38170
15428
31898
6904
64211
7512
5459
23422
6446
7648
20214
8023
5966
32499
15458
806
23660
395
50251
2908
6682
29634
2037
5188
6385
30279
8402
21053
6234
72212
4814
59
19860
901
112
10771
536
11789
17769
24486
11667
7864
34945
20533
9710
10014
41071
25062
11190
6955
5497
19507
22983
29793
4558
1140
59154
2916
28951
51858
59898
27160
1585
51784
1015
32841
25410
46341
13591
28011
1777
17255
5566
16350
54496
11611
13858
140
30607
37185
1177
2143
10317
25016
17632
21037
28910
45328
27035
45004
48056
5227
6283
11373
67985
4083
2504
60078
5222
69779
144
55493
33925
59189
7117
4781
22756
17134
3381
588
72
2339
24333
174
2461
34597
1125
75
21266
21132
26711
23030
10255
2077
6168
11953
19120
21951
29001
8829
1107
30890
7456
29050
2477
24652
62497
7018
12261
3201
2191
8271
5227
67195
36537
12382
8392
4681
35355
1331
23024
4144
1548
6509
40605
4046
2040
11934
6072
12093
8066
1994
28666
56388
25033
22732
12562
13074
17962
40055
4935
40577
4685
10800
2923
38838
1502
1360
24293
23280
5056
33957
16133
36545
64275
59475
17802
42352
22076
44640
49491
42148
4612
32999
369
8917
10352
7856
11488
5116
43095
50960
9637
15051
27373
1107
1100
52339
18953
68345
962
25005
31926
18000
1580
26060
2391
13804
12889
7284
584
2633
36842
29851
1409
2619
10162
14597
9956
22602
5303
5055
16583
6443
18407
4360
57767
60
71318
18340
23737
12651
19159
2619
40456
37209
70720
24027
70374
30951
143
14413
6627
29749
1961
12739
15129
57200
8099
1340
5429
37088
16127
12651
8872
20543
12101
3381
7419
4625
16209
33309
8926
16832
4034
26320
2550
28455
961
22409
72577
27614
39120
11546
11278
3596
21255
6307
18937
9701
38292
46570
1251
31534
6185
29592
33757
11537
48184
51035
35516
18826
4913
7097
31219
4273
2655
166
27172
32574
10562
19856
31836
23092
51798
39568
351
42831
27745
26624
27901
27916
14702
29824
7589
21073
3924
33975
10833
8658
2517
885
2969
32490
19525
61353
35218
33672
6552
5083
2467
22920
22930
37299
21923
1226
19580
37011
531
5766
4097
1995
10153
14449
7086
9493
51047
677
16182
5233
2487
12058
41553
21384
8558
23056
14573
41389
7992
7953
3544
28400
5864
626
3931
50407
1087
32880
12053
37161
14530
15943
1673
12970
25850
22051
2399
36309
47041
21992
28309
49096
27003
43164
10528
24242
553
23571
36894
27158
4061
38210
2385
4919
14792
1414
18265
189
41716
39424
3244
13151
29646
155
48970
54517
59475
20717
2612
5362
29155
33711
4011
2480
15382
6108
26156
15813
12185
6973
40013
7852
2170
41913
19809
8874
69858
23383
7249
3056
2479
18657
18095
1228
32163
11729
9377
33252
55039
25355
16256
67009
4271
8824
1004
40822
22279
46689
319
67634
13869
41954
1671
514
573
45308
8387
2661
10919
52934
3346
47397
43202
4834
21139
4982
87
6419
852
28368
73074
13142
627
19908
7801
9085
11087
37068
14449
2686
38830
2953
16258
1845
21170
4354
13546
6569
26365
1052
34291
887
9176
9380
33101
16699
16804
18651
5323
48648
3496
43970
15943
7726
3508
2664
10254
7081
81
48502
31036
34992
1982
10101
10752
22559
14364
6581
40363
14715
9653
13562
207
253
18364
32585
30536
13785
8211
20661
14902
31336
14659
1974
41001
21804
126
11213
1520
15712
22221
19159
9519
53499
59970
34699
10846
1645
7054
9642
4377
40524
5732
4056
17914
50385
18426
1031
1062
2970
1483
40
1706
41483
8123
12666
3963
49563
9805
1962
14880
2916
4113
24040
11415
45481
43109
43489
15365
3814
422
441
6602
33785
16680
4943
3364
1376
3792
40940
38622
3118
7201
2412
8815
1219
35720
15963
6255
15987
710
37047
1049
7605
21423
6851
8113
2152
4265
2406
33756
645
12682
10111
15027
365
18423
11498
3166
24145
6856
7067
3461
13776
16440
6048
33124
34340
13123
1859
6473
2094
41363
10510
8694
16343
8734
11041
35875
10037
23953
17924
3306
5049
64240
36202
19545
500
2490
59922
6594
11917
10853
1968
20574
6287
39959
39936
58368
8497
3283
29030
237
57856
4961
19761
14006
13230
8560
27632
10447
38196
1310
10427
8837
56179
18444
9084
36442
11828
23210
64
48622
3795
2675
54065
1232
22794
18573
6510
37284
2627
23563
440
52122
7521
46585
2698
23603
3850
10298
26318
37450
9994
3570
42708
75285
48648
23618
26842
1670
1865
15313
13078
26376
2104
5629
16287
3382
23229
17237
19898
10871
9958
28657
3049
53766
4020
3819
56357
11965
16878
6076
18842
42190
17342
4864
5546
3126
1944
33369
8017
44391
3198
15267
2291
34311
3559
7859
14915
38288
4946
33875
1287
28582
12464
13106
7650
15031
18738
13760
29796
577
29536
50698
1418
14334
4640
5533
10967
20118
29094
28038
52301
3367
13253
23123
7764
45561
14682
21352
2406
28058
15319
2534
9888
2835
40255
5220
9494
26535
6380
58607
2386
30579
42434
45778
12562
54208
54356
11642
2538
15643
31104
58498
41659
14687
18403
12770
47035
16976
50235
97
21646
9703
46827
5069
5482
21319
9462
9550
17086
34107
10851
15139
19179
33869
1527
53161
3072
1422
7668
42051
69029
2049
8291
51115
16516
57877
12880
42978
36003
16356
11847
41594
10258
12662
9940
3788
3809
11012
21288
18740
48635
8770
4382
18504
19174
45627
34859
18337
22172
23603
3225
17392
174
34220
46178
1526
105
13785
29654
18500
36696
5278
6249
35439
1652
59410
274
47276
5357
19344
20799
223
3726
363
49819
8178
34750
35500
10606
47723
13016
11976
1657
11225
5699
60224
27922
42033
22661
35681
2980
914
1346
11820
2397
24112
15187
15182
12653
8091
18174
40863
28431
52269
32288
34569
16569
20245
58504
10195
50934
35703
12214
20849
5354
6690
16644
839
12494
66682
49244
5467
60129
11063
33677
57900
18776
15466
2696
63066
52976
11730
28370
2717
28441
57972
3934
10139
39816
3853
5136
6970
3683
4780
93
39539
25588
6054
2759
15376
5865
12281
2884
30018
16241
21122
32215
17917
2315
1198
11991
26742
14417
46149
27078
2815
36793
26381
33483
48368
15655
13339
898
8840
42625
42354
11980
28501
1285
38467
7230
2059
263
10237
1947
5515
5049
30077
13856
35755
71987
4474
15625
14374
48086
32848
27399
9739
31989
13731
401
38477
34610
49519
1864
19401
63316
8721
23330
7211
55981
18168
21242
38769
1407
3990
63511
2268
35557
5602
22129
12452
27667
1286
6903
20942
100
14132
17954
3402
16769
45240
4027
47362
10549
13655
30509
7902
14572
39888
994
28107
4711
56914
6653
7322
11434
9113
4121
32378
57186
3973
13500
18085
9177
11050
30834
2603
16817
44265
5678
48457
554
16018
27432
368
9710
6802
72352
56245
47946
33016
13723
48303
16476
32262
6430
2371
46720
26363
1161
24237
23451
36958
25
10204
19908
2967
55442
7694
21390
1387
27245
16764
6732
20513
8223
24409
9950
30003
56643
6814
7796
2751
49596
4579
26042
21081
39996
55261
3234
17949
67
23959
22219
30603
13679
33269
5903
823
42648
16759
5351
15649
22148
17357
58610
54367
67688
11256
3568
44602
16744
4814
3267
45782
38959
2093
1522
9420
51634
2072
1315
46362
71211
38308
47444
7871
5769
46327
781
45448
56216
33
61902
35450
48173
1045
298
14609
12578
19365
6449
1084
12491
750
28177
29381
29464
5744
27312
29737
21571
12117
23080
6403
64494
2533
15103
888
29249
46375
12872
30111
17313
11029
13513
16385
12836
13833
7013
26356
42511
31058
620
31977
9317
1266
26434
5921
4595
27039
49585
53397
57316
40959
11400
5281
10047
45163
40120
7599
45726
5515
35303
2203
4983
474
90
6873
34939
7389
48
28765
23544
19582
9049
9734
52817
8548
88
4657
21476
17698
28994
16297
10192
13618
4391
3368
13888
29551
5827
7586
40649
10476
1489
11774
49990
819
56482
8231
41195
10503
56503
4195
18205
331
32282
3380
16668
1163
342
53095
332
14597
2150
9759
4079
7318
14124
6127
51698
34985
21348
942
6356
14252
15661
16375
30621
3428
2130
7064
36522
38744
839
14307
1538
13886
46308
17742
63349
12045
34654
22041
840
20023
29325
18338
11447
4986
40107
33724
26072
46039
32920
39052
1605
15913
7313
16066
3120
13835
6967
14450
8597
1232
4051
303
52537
6130
24873
19381
11211
42558
554
9455
32214
26425
11491
34609
20776
11237
7614
606
34483
11419
29773
27915
11739
3255
6830
15516
23108
22119
363
18038
1120
24935
32534
35353
67905
2266
25153
1034
9161
8407
247
16226
10022
10438
38288
91
14846
1675
234
12796
29042
72682
3448
7635
317
28171
6807
62647
10547
8214
57110
34900
26808
9606
18755
8391
59188
27722
15716
3948
25560
23361
26622
15961
8698
43862
3518
775
6746
222
1969
926
26416
43524
13244
45734
12739
42882
7305
12256
23869
12231
6792
14299
16174
13996
52690
27865
9535
23990
31765
3067
23980
15730
10586
3218
45373
5079
1152
5301
31952
24965
36694
8413
11814
401
28552
2879
6292
1304
2532
70
46570
35497
19398
27110
58174
29250
28249
10429
38702
8124
54449
13905
15172
37289
18082
7299
1536
19139
259
45726
48681
31528
13810
17771
6572
33352
35240
6891
2661
6588
5224
629
20199
68865
9271
32508
12301
24300
10639
4968
7628
2265
19833
2120
11341
15095
16730
5665
12400
48664
48700
1884
224
22319
34630
19187
519
56020
5109
11708
1303
30309
22470
4116
710
32889
51527
58054
4023
15506
9226
16702
8420
22774
65937
17
54999
27158
8042
58524
18470
8959
19499
57138
6039
9918
35938
21031
8737
4733
8581
22677
35526
704
23782
30327
43163
7962
6867
13453
47577
14562
6359
55170
5771
19118
49104
43578
13806
351
38395
31327
41509
7973
9933
34038
4726
3703
19391
2349
2926
37921
13278
14977
40352
36086
36775
2823
38678
3996
55442
22446
10445
32693
59647
348
56223
44465
14556
3911
10785
17243
49718
31334
18914
6770
23357
21701
17618
8940
375
578
72210
17360
2607
2752
20863
864
3095
12355
24461
13625
14503
9807
1224
2314
30113
12351
18576
7115
70206
49928
689
154
15416
7491
36623
21682
5300
3205
12667
143
49719
5766
12686
55867
36794
29951
31819
28000
5737
47410
19057
1945
51169
19119
43731
15381
2443
27427
16674
17278
1310
41500
14843
3953
22137
12945
3822
33638
2331
2106
5503
8956
3528
9112
1426
44191
8497
56988
20657
14392
4758
3517
1965
1181
53108
24003
43829
17372
816
310
48282
26969
16416
28024
17582
22160
7883
2842
33469
11014
22869
29560
37829
9200
32940
18446
976
6420
18332
27303
1643
755
20888
25724
17631
64409
7732
28060
21754
13219
12366
20837
26619
4204
177
46145
1982
57303
519
37553
49593
1867
26643
17319
11297
68479
58722
3272
61144
3670
38552
49562
8454
770
10868
53473
799
10167
6216
6023
42219
3185
4628
32454
34123
2723
17110
44079
196
32538
42785
60474
1513
24276
6967
18333
10804
22346
8341
25672
34783
46258
7376
9151
21233
47074
1320
42332
38354
34595
26408
5463
7406
16895
2078
1024
52876
2800
9278
5468
17686
29188
14388
30046
4769
26297
11397
4356
19236
10549
12249
34511
18789
13060
15049
16235
6024
24174
24333
41469
4347
32623
3732
2461
67038
39656
509
12406
15535
43778
115
62082
6788
23730
7629
5132
28150
7132
18375
2366
29721
36539
28329
12287
13839
30057
41332
11823
11921
22485
15022
17450
14526
29992
18663
8040
15588
10934
32391
38272
18496
3805
11019
4006
40974
1692
22440
6409
5800
58156
48178
19376
43766
17669
12130
9793
15573
8073
17401
18852
35059
3676
28351
15082
3887
23980
103
34404
5203
48267
178
5430
71189
17877
60980
15811
20505
17136
2279
474
4073
1603
22641
11851
36984
17496
20811
2704
10226
4464
42408
6974
21396
313
6171
29775
1218
1779
21210
53329
39838
29657
11311
30271
13305
8477
45384
8110
31286
9893
24447
13564
15938
8447
56671
16360
20424
31474
39148
8806
3512
1176
733
24638
30786
12247
745
10167
7467
72041
7648
11065
17381
26441
12449
25356
6439
3701
46142
8736
14931
67805
23779
22104
22494
8723
28077
1574
32808
9791
19207
9799
37668
13957
6388
40269
4117
15686
14844
8268
4360
20733
35401
3466
63534
346
2609
5462
40288
1470
19965
31552
31833
183
22273
21012
15098
11440
3263
6872
31072
16385
27713
24748
1736
6399
9430
5221
58669
22509
51027
1508
25518
24196
24437
1511
22809
11495
17712
33912
5280
273
3542
22444
7552
16928
21340
15
39475
2805
37441
8319
584
4806
7439
442
1466
22675
2840
22975
28084
6571
28112
33176
5707
12558
13356
10496
24049
154
4540
49144
9368
1331
21874
26980
4318
8956
11040
23485
4864
28411
2845
34114
1588
8466
3546
19668
1513
8048
168
1874
56345
62887
8926
42552
6034
23050
5092
21583
36192
22561
19985
59049
32674
22557
20110
36004
10300
10670
53532
11021
39366
10803
8797
22029
7415
11501
6718
1489
3101
12970
2688
33380
274
9337
19726
19765
24975
9384
36082
41753
52127
18171
872
40249
7132
20254
21191
2643
23704
9650
21437
18551
3808
7158
8866
24396
17839
41135
41442
45602
15381
34916
8836
8570
53072
5362
17392
7108
11988
28564
5741
6051
32613
47997
50048
12550
3609
6304
20391
31123
56010
1305
5376
16871
55941
39
68198
3860
27176
3798
30122
30304
16667
3522
2414
12062
3256
9549
5723
932
36987
37672
8695
32605
3843
45872
4124
38904
2256
10838
49947
7301
30210
36293
16500
35528
33602
26529
1734
610
17844
22530
8884
4442
1430
56841
8311
8494
9185
42016
2481
2379
38300
41484
39855
4911
2128
2126
2818
3283
10726
37017
28318
48426
22322
17244
19679
8244
38413
20973
2898
23867
17155
7283
9908
22866
2890
37302
4502
2695
8080
8880
38006
4585
7858
11964
21675
20282
1425
26927
11323
3193
2292
8633
16743
3001
15703
50614
60884
3756
25841
33079
8183
53372
523
35970
3664
46169
60499
22675
12886
20929
25292
26405
18742
9264
65
66132
20267
4191
16096
11308
78500
1208
4382
6665
30560
31198
248
35970
5905
29769
33565
4790
14920
9094
2096
18702
20160
6403
3114
8452
26917
12295
1717
14351
13171
42864
23164
57703
1253
7922
18551
9030
2464
30722
42502
20076
10876
13711
28066
14149
22286
8976
21455
27451
13412
11449
9793
53134
16662
21708
21038
25023
22591
1052
59871
15852
12261
11745
10357
27180
6872
13756
14102
40921
50035
24124
22690
12257
19552
10213
808
232
8695
22604
30463
35465
11073
2596
3286
33739
30823
4120
1603
533
7995
8247
52382
27688
14842
29249
9040
67059
15639
7240
17032
12778
12761
4466
16302
4177
18702
61291
53037
10424
63508
39706
53560
19478
39088
35218
9135
39769
13061
6206
29747
3696
18385
368
22196
46400
9960
2696
45108
34117
4322
10009
555
11969
56765
22217
15940
46615
781
9711
18096
10520
8026
15986
6454
58360
1335
18092
4852
2907
31724
4521
3914
18657
57319
40818
2108
22429
43030
53330
36195
7411
1382
65546
6458
45900
3078
14019
40482
59759
20830
5165
313
9394
33926
6485
5877
27193
8324
17890
36110
38554
4157
12411
18288
6087
37663
3760
3170
29515
13525
74137
600
8039
55712
2374
22981
36759
1564
7234
49102
47757
6563
3501
29991
9561
9369
45587
43499
4639
741
19669
18611
41531
9974
50214
43411
12632
5125
18108
30485
8228
22374
18556
11443
44636
38367
4142
23305
6602
49685
9092
2880
5970
34923
25
670
2043
10608
118
44498
4055
20238
13378
15537
7160
4019
18688
4684
35004
1685
923
4961
32202
18579
36456
21
46251
20288
11355
23614
30036
34
5795
3458
38502
15605
46094
3498
2236
13315
4327
69631
52222
269
21481
46840
1609
5578
7246
16178
1391
43503
18393
24083
35824
27729
57746
18546
12312
9961
34966
31359
11886
25070
21759
15026
29681
60705
803
24074
9167
47034
13368
744
1254
8544
2814
31782
16066
16200
86
17512
7956
980
33225
5312
42195
28331
20238
29885
40292
30453
50765
33700
2705
35416
20273
2417
17510
11621
4647
1802
8168
10903
54750
23285
65
12391
10776
23156
38884
13764
11210
9307
52363
4860
4929
3267
4498
1400
36061
13715
47534
10246
5078
660
26404
44118
9049
4887
7681
2349
22025
15603
36657
972
38627
27583
5515
37808
2250
30477
3495
18440
12573
14989
15025
5625
6564
1019
10803
29314
353
11504
9466
3780
23137
15994
50345
2299
24723
20552
25905
11447
8255
6552
13701
6
14001
1525
65307
55912
9612
2227
25997
9310
5794
23241
23707
17533
1059
31004
1608
49050
18529
601
35315
14849
53147
19340
1899
25678
12167
7015
695
26447
20973
11410
12437
35123
28026
43947
2320
7128
31957
5342
3768
11722
7827
15510
1640
5429
68457
16837
3338
19611
11167
11250
4073
4160
12523
47323
10075
11210
9477
8381
2865
16162
54268
2812
6927
13709
2504
23602
59474
21553
7202
995
17421
4624
52291
1892
66689
3144
989
7470
3606
47098
23360
12881
10658
809
1831
20862
46056
26079
9879
563
46220
13250
39975
36591
12176
30533
22
23474
41278
44224
65711
4633
22393
9765
22999
38395
46338
27528
19904
51128
24515
19415
2159
5478
23238
70179
30108
20334
19042
24960
33327
12786
37264
2864
10542
20747
11900
18392
45891
16968
4536
30189
15523
782
3352
3559
18927
1218
24264
38254
8791
24726
2103
11235
37999
32504
9103
11297
590
49341
2149
25973
9127
13989
44917
20723
24463
6286
7682
10990
16263
61711
4505
42102
31729
12489
172
1415
12857
2731
57850
11247
31330
7164
4352
34826
10398
51544
2085
54304
27819
24851
20686
1108
1358
22667
5548
10645
19229
16030
13483
2947
2460
27251
4829
23012
2542
61177
32970
2894
69768
17551
12235
52193
21836
59843
28365
30605
9786
21440
1314
40110
26917
10538
26771
2795
26379
25951
3216
8520
10463
3063
24342
6193
6086
5587
8237
15190
16139
32400
50139
3562
40409
19620
19434
4881
55248
14410
4177
13681
19021
59278
36393
35410
21016
10092
11836
18304
2902
6671
35538
10359
34626
13349
23600
47496
1752
5046
17773
7434
6883
3950
6135
6093
2302
932
6628
2432
755
9832
21179
2918
1545
31248
175
38364
2212
163
1266
40561
30472
1423
15950
73240
9921
28537
23963
3163
17332
17951
58026
28086
13489
13666
13001
8463
31015
461
33670
9351
31236
20853
33614
49451
11494
4101
13673
37
2399
3246
27670
34117
608
28659
12990
6691
13466
21343
36516
8287
44373
19711
21702
5
60884
20817
13669
10992
8388
20520
10668
24648
34816
11939
11187
3721
19863
14790
16667
18624
132
13621
3593
16249
54101
13528
13299
13744
24328
6154
1109
5404
19239
19814
686
5101
20788
5017
29662
30539
8370
3647
28873
8685
1342
71789
25634
3675
8778
21913
25301
30248
5121
17712
2496
4155
495
22968
3754
7139
43284
16196
13345
6260
25542
19213
7083
20869
14074
45078
974
28031
9176
25406
37022
622
10607
59011
1369
1324
22030
7637
16071
20348
4664
26380
28782
33236
48979
25664
40084
63878
423
3836
71067
14917
8287
1544
10093
49231
50330
5723
120
43165
16029
11993
13186
4748
22985
15278
29596
35318
2175
18948
18636
5665
254
1588
7661
13561
475
29172
35654
1755
56130
2918
56554
14064
17720
6434
1751
16161
10688
33652
75
2083
15967
72942
18717
56817
17741
28152
746
702
215
22915
66684
10842
35271
7439
37660
7125
20217
54733
12845
32217
45453
7251
28092
1059
34163
48417
36674
4353
19750
25989
1887
6115
55230
61224
5171
9300
90
19854
7982
448
27023
27749
43841
673
2636
16700
12325
19478
2787
20299
18497
77728
28064
4203
15096
7554
21466
754
64713
28523
33023
6199
62307
698
3471
6228
2010
17586
33347
37825
1806
39484
4135
2823
15613
5708
30388
365
9590
37349
46152
5257
29939
7467
9921
7768
146
4233
174
330
3923
1451
58768
8288
2292
24218
2844
1155
34398
15933
18958
8351
44106
8641
1450
6105
30237
11305
33472
2543
49111
2657
3226
756
8257
51352
444
7822
3366
11939
5610
2412
6981
31889
37768
2828
8105
62172
27631
12486
10098
20508
9275
15622
2119
50734
12097
58945
2021
10556
1089
5230
11314
23506
59526
5533
2875
12517
1664
50458
32419
34672
13047
13935
18824
38261
22273
44504
21279
29739
65076
33527
6352
13384
7985
37304
36200
44073
3592
7615
9270
2208
34527
19326
15914
45087
19206
31043
43495
40375
7680
36677
61552
52228
9012
36389
14481
17016
47930
26868
6061
17501
33907
14629
6133
23669
14785
18493
1857
825
62094
28447
7900
28543
26977
5442
2059
682
9629
7036
13616
7492
35237
3570
27470
12556
1273
314
26444
11112
13665
3506
1855
10776
278
2327
44596
35710
606
979
55425
14229
4652
20540
63060
38657
196
15519
17673
62723
22657
25487
50262
65062
64250
38657
744
40004
12200
61035
6044
4023
5496
12563
5371
17991
36576
12885
13590
295
26528
33258
3610
30646
22249
8208
32016
2168
5179
12166
158
45664
68742
5617
29715
26
69031
1954
3901
22444
34615
54123
9406
12813
46934
6379
1939
2027
19402
22690
23249
24487
2615
3966
38286
3839
24639
5545
29806
11360
34530
697
40109
13002
38738
3489
26606
59636
472
15869
12261
31429
31082
5731
6136
47044
4317
50565
9698
4108
5977
29193
51008
24158
47739
66071
31486
31485
8747
18950
131
19484
17834
7654
51114
50198
5864
22023
21094
27253
14346
9763
13298
35237
12425
39996
6066
1462
60101
10560
56819
831
8285
2145
17493
5610
454
49580
11047
24214
9938
709
23931
10774
794
27
1384
26151
8997
25458
9297
27198
24804
4547
11061
59152
9991
11272
9362
16195
6743
10868
3468
67255
4473
23192
8160
33805
7874
11843
20398
8631
27977
33616
18655
17002
77457
755
9073
3369
39660
143
14592
23723
796
42514
17523
52596
1605
45368
405
16154
12971
780
3777
89
5117
41418
47106
41887
9367
41131
25030
37713
9825
35700
3276
11528
10303
33946
2505
1926
9
16834
20149
10422
371
12885
326
57541
1732
14038
5445
14628
5735
1283
16600
4255
24857
22274
3618
65835
58595
2817
45907
19816
55246
2692
8971
49112
14246
588
7325
29073
12807
18032
361
20259
56357
15
56783
54485
28640
21773
33903
21560
26435
179
5975
6188
14760
22579
17919
32228
18956
41437
5203
42970
5118
21479
46815
14745
59781
26623
4649
3018
1924
29006
847
52322
24613
29344
4834
180
25168
5073
61582
8248
15115
39916
16522
48652
18429
6881
2884
4488
6405
50830
14961
59479
16850
8983
5558
1663
2956
20060
15268
8329
2101
40800
48034
21148
55777
2782
13497
15778
42544
1386
16953
5694
47570
20931
8067
11834
18313
68
29889
31057
15762
14404
50590
34582
6067
9541
8086
754
35126
22887
9531
967
9073
9239
14354
19536
3921
19633
12244
26660
5439
754
24103
4386
13540
15622
1667
9620
2245
1982
56155
44041
25282
19803
2378
32249
5102
4735
7854
11126
36392
3242
4498
7795
43493
4650
43360
2622
4202
11906
25460
10970
11624
56430
588
10665
31138
12118
27535
2375
39074
22063
349
69269
26474
6993
45378
4299
24904
4548
16436
13618
25338
35856
1152
40988
591
331
18779
5296
2122
11513
32379
15165
9558
19180
4844
19744
95
36560
50203
35354
18396
28232
1662
21137
35491
10805
64785
15950
22375
22993
52504
3934
32287
4949
136
24204
5485
3087
10334
9081
42953
32927
21318
12338
13783
30659
14260
996
3799
38093
24341
4151
942
1222
18258
2675
25117
2237
4502
5463
3760
22940
2679
12060
17438
9735
24393
43161
91
5366
7103
4833
328
23490
41
7984
27145
10524
2197
5722
10297
1464
37057
14607
15074
10513
244
22438
28734
30187
26249
15842
43721
28482
16381
9791
28342
26036
7040
14615
1772
19404
15374
2622
34672
5896
3722
15923
57122
25476
2124
565
43103
6740
6399
5657
18793
45080
28786
49263
17301
25632
16210
70431
5479
2375
38349
5726
12625
19482
26702
389
10325
2885
26222
46321
37046
20524
25980
9165
55966
11458
12630
8953
24319
7149
11893
3070
11473
30689
28929
916
36953
11067
32364
4318
38736
24999
19808
6168
36472
1203
18885
32994
30865
38473
47691
74301
6848
17728
496
5558
17154
1159
12386
7997
5760
45057
9622
32056
63738
6691
5851
42604
16151
5824
3027
18496
73936
27066
1455
3421
13244
33790
38009
16629
43031
6742
17801
4893
42789
1248
36482
16950
17010
6453
1430
5327
13374
26466
4283
3677
29715
16861
4859
31017
29373
61066
14676
1575
57266
4654
25812
27548
34564
32407
154
15392
10528
39380
14883
22818
4530
1263
20997
7038
21881
10447
75661
4573
24931
12124
37018
42755
57307
1794
50189
25082
40425
7394
20738
1969
13419
23963
3517
53626
414
584
51511
27839
68633
13791
42133
22736
13441
2624
19472
2128
21974
33174
30256
7261
62090
50600
2139
1713
184
2299
15720
1
3331
15940
17164
15033
25227
5168
1241
1357
23631
35820
1512
38094
11626
75910
11827
6559
34623
742
3314
44355
26203
22399
28609
14621
41482
26036
43197
5895
1452
29035
31862
68432
9668
1122
43960
29619
30948
20800
45133
12399
31761
36372
2617
479
9724
14196
14900
490
76894
26179
3109
1193
23790
33422
3489
10874
1795
23557
13237
10099
13857
2494
64877
9732
8325
41381
10138
12253
21934
2230
568
15077
39141
16347
50258
29587
44536
20026
51175
6320
5057
59545
59671
49133
8318
73391
729
17521
43730
3045
43583
20265
8210
13817
840
34091
30473
11596
41947
30257
36629
17273
10286
4563
57627
23316
10868
13477
1573
35583
4460
19211
4988
4131
22482
2495
1800
6274
51626
6979
13076
3259
28323
9582
1493
7922
9560
4257
27052
42542
13768
236
11224
8430
9015
42322
13087
275
37815
16254
15165
48717
48998
35212
5833
13675
6557
36788
14680
216
750
5728
22000
25836
19094
32467
1229
32846
29191
40
24260
13123
2188
7417
14613
12547
15907
28065
9660
7375
30325
26553
40327
35053
280
792
12119
31130
3973
330
22433
35469
20540
1313
2093
31638
13142
48391
63619
218
1680
37954
17478
21284
52603
65691
20483
51048
9043
5399
22747
38977
4656
4229
64263
12344
38792
47497
21889
32529
30556
18452
2388
22306
31171
27858
914
28765
20658
45039
46431
18580
8498
55094
37164
26395
16911
25058
15055
53612
19531
29267
763
55209
9778
26515
32884
89
28343
9091
30271
1388
6789
3065
6306
12365
7754
28653
3954
4126
58660
1411
17417
8104
6622
48736
18900
6566
6146
121
26714
22843
570
265
20109
12106
10629
10830
27824
56368
6194
75
3246
10815
18739
50369
48589
682
32913
6757
10047
20495
708
7907
973
4565
5101
916
21204
47102
3291
8762
59696
28060
5309
5301
6176
44
12289
43792
56396
30908
16545
11732
21046
3412
9766
5052
67314
34899
2827
9189
48674
18216
21090
21028
8000
573
1613
2684
8425
11451
3987
11903
36690
74593
44238
34802
14707
8649
65770
37059
7388
55140
2208
6150
2147
1115
9363
13248
22123
1715
5229
7319
7446
22495
17639
28582
39296
5471
38763
48263
2054
30981
8305
3996
6063
8297
48407
25347
47370
4644
2512
33175
39123
15836
600
62019
23043
3481
19756
55643
5444
348
13335
56346
214
9150
39208
58439
24558
7596
3303
18049
40555
238
1216
34040
11156
10770
16
559
31513
3585
27306
33645
5469
21593
721
31936
70111
48005
24083
14272
3109
32061
49921
19040
51500
23893
8970
9172
14560
50
1162
23632
34148
25093
41933
3129
49841
151
18851
11725
24055
15635
16683
45470
1516
16834
261
1741
39412
27362
15074
16298
3353
1288
385
21323
34867
374
25421
26824
160
43960
31718
16994
18622
32276
4919
1163
29908
64692
4137
28774
19734
4171
8828
43622
25135
44320
26586
22885
14326
4677
15440
1807
16911
895
37076
35936
9906
42724
28103
33845
4033
11435
5273
32147
33246
11018
10513
18978
7757
21266
66464
43667
8697
2193
4997
2335
11970
37521
2692
70849
39386
5865
3010
9913
1123
38801
1201
2836
19963
23157
16944
8303
7122
5682
30969
5457
1703
3457
17071
40483
29935
6848
9118
28434
2156
1109
40514
7238
8995
46340
9109
25691
11131
24694
24764
25401
38471
12373
3596
14178
21715
10216
19789
4542
17634
7127
927
37482
9684
3681
7670
3332
1024
40180
798
4370
17317
10437
73741
6247
24163
1138
52979
19307
42402
67292
31729
7847
3344
21794
26988
26901
12074
16000
2009
10401
30359
45576
1750
26915
618
43380
7902
64527
25393
49260
37095
1946
6238
4875
1771
8220
2909
6945
24426
14365
11775
11307
12992
5350
39735
17397
30671
3079
18318
36735
973
139
23816
12698
30500
43828
54579
37851
46211
15075
12290
10912
7221
11051
22070
501
2294
1472
28012
37074
422
8524
31053
12856
3996
48827
21086
22447
24282
19490
5208
25776
15705
66269
40586
30954
1410
6388
27116
17658
34857
2459
19055
3450
3375
1865
21867
23923
948
8442
8003
47083
2055
31470
13017
6016
8049
394
23162
42519
1774
27447
27150
136
7572
28
31468
34646
25958
11677
34291
28070
33626
6696
1135
29975
11138
59720
2556
5947
73441
20125
20787
29285
51172
10761
12883
3293
15391
10819
45752
26977
27968
2400
10646
20478
17563
10134
6461
4
4445
1478
9492
1073
19626
8204
22544
1119
19126
12525
52928
17746
26290
48007
17443
56594
3196
45893
31640
19754
1
6898
4045
4988
27889
48119
31504
7588
6988
28775
22826
13022
21359
6299
9147
4
2529
15344
10119
11306
3454
50081
54650
1667
3113
28219
9600
52427
9620
18903
4427
12962
2498
42457
20733
73016
1965
4150
3466
30464
44210
43638
6936
7621
60263
63055
2638
11557
10288
26958
36125
46352
19751
22317
4895
894
70271
8982
56108
17501
35188
4149
90
11251
32378
7858
5903
2237
12413
49840
4351
41966
2865
501
1211
9134
45037
21696
4724
12396
6239
597
18492
15160
21996
12506
1164
226
4831
6527
22433
21033
20743
14383
1295
17254
14
7541
58274
10095
21442
1696
8051
22265
9357
1316
13117
39535
2282
42108
964
8055
46298
2767
1017
32100
132
6754
365
106
272
57876
22940
14968
42790
50411
16810
38609
8017
2194
2725
14583
46038
20093
960
26314
15967
33052
43476
10784
22529
1178
9437
15216
6204
30201
46430
25042
5013
29293
23735
62395
19423
34067
8264
35853
24631
5653
8879
12504
3493
9909
3560
23384
174
18821
317
30245
21016
6290
23086
3329
28073
34617
30086
44306
3314
1806
787
15287
21332
29441
39533
51974
3626
11052
35851
4734
697
41879
5320
693
6377
32351
3458
5540
61195
34768
30182
6240
14941
45382
22922
10942
171
7944
8346
22598
20051
4261
4064
44065
19484
38113
28838
1684
5360
35575
236
8210
44508
34133
14688
9647
9804
32896
3898
2145
30640
14701
22900
2115
11073
20484
12104
1150
5601
35241
3875
68741
1329
46049
56301
46589
493
5855
12987
3895
18801
19536
226
28517
19331
15103
14511
66376
3272
7920
34059
61597
8164
5704
1646
830
855
14299
66831
20595
33397
51137
50727
25763
890
23710
10065
330
24540
72243
110
18737
42934
25214
10765
4191
57785
48627
10964
16702
46
4185
16282
46729
3703
1638
22929
38482
13385
40054
15527
58768
49320
31314
45885
38679
8914
35100
20756
32924
3126
2531
40552
9637
17707
32956
43786
29745
4761
4913
40184
27835
26509
49561
19317
23905
68677
27636
1224
4191
1346
31989
20958
55453
6866
7198
23613
34193
6030
47169
10701
62564
2158
6884
24047
22912
9931
12502
58495
59506
15733
62394
6706
12585
1151
19604
21220
5940
38474
2545
4439
56550
19214
35960
214
25222
53189
7659
42370
20586
1862
55897
5180
9204
5729
22163
11118
780
23130
9014
37603
50631
4555
15239
25568
5252
19652
9040
39354
4386
42862
1475
33918
310
30509
28429
41613
19846
4824
9512
21765
24111
9399
24969
40461
6613
9271
24204
1378
2355
18300
20785
13244
19977
39063
10105
50996
5033
2130
4910
154
20190
42538
14933
53157
22541
212
1120
32078
36333
3126
22657
16577
6599
18349
24954
14887
14330
7076
17265
1658
23268
12725
19954
13882
2803
36203
18050
20353
23314
24645
8248
32763
29507
31989
271
5355
951
613
44654
1614
3606
23484
39743
50473
1232
55078
1266
1366
1192
29146
7103
238
25147
19436
22497
25234
7310
26192
5565
52696
10924
32878
19818
37448
452
6635
15269
8558
2350
21599
37459
23582
5412
25533
56745
39637
28031
4169
29414
1911
43
2200
13789
37352
65275
37538
46904
41456
44606
26707
2541
37104
769
26992
8787
8104
36
34860
7860
30130
5382
23995
9029
55108
33489
10494
21757
2809
22896
8320
7400
4576
1489
229
43802
57397
55155
5940
20121
18636
14650
12179
40652
20315
6424
6637
3138
13316
18120
11815
5381
26518
1053
44536
2750
15652
7981
13769
334
54648
13581
52
22670
15776
32129
32792
34376
35008
21229
22594
991
206
32396
35098
18229
22940
37569
28605
67502
11741
524
2222
14320
10354
17498
49126
15871
29655
2215
32322
5263
3138
7854
19429
16003
5843
33482
37699
12871
6084
7204
3190
42501
142
3800
19062
60200
17692
53724
11747
2679
36247
57564
22398
36158
7439
12957
5945
36330
3734
47553
2554
6099
4566
447
8810
7790
5038
19901
59647
724
2859
47314
17083
21591
46343
16726
5972
59971
5156
50605
28672
1705
24834
41235
29419
5184
1728
3658
3971
131
37064
386
7535
20728
10972
43846
387
27150
3448
2435
14320
28236
54513
3564
9742
34480
5732
50133
23325
2221
15733
3334
3318
8584
780
9369
17088
65252
12867
9362
17427
26628
7181
44680
15028
62133
18049
34604
58602
6736
13507
14214
12528
34261
12736
5834
779
14614
36783
6425
28612
7493
6545
45484
28879
23095
29723
1158
12160
6743
25800
1806
9200
10561
32950
1412
12935
14625
35609
15314
9206
5887
11660
14627
18288
19500
24654
16911
2040
26528
9337
12033
15856
36837
40411
37574
14605
48577
37690
2029
10411
32311
2666
24339
68806
5184
8514
6218
11543
48766
8334
16769
906
21540
2356
1842
7205
30842
23926
2733
4798
48200
5665
1329
35561
13126
71737
1004
37574
34190
43374
27943
45005
19829
671
1773
21266
7355
70274
9107
33132
8380
21460
5904
5340
917
8403
4330
11647
1265
25950
21892
10826
3782
1939
2300
14966
28298
226
8794
3749
14951
25916
12556
4137
18182
19416
1075
3933
40579
2712
12077
49843
5642
9049
37173
812
1016
5526
6708
25258
4277
19735
48994
42088
40551
11357
55355
37550
3183
7259
11196
4777
775
32310
28152
22159
10026
65
19216
20001
4939
41573
18222
69819
10220
29921
37271
11248
11875
27660
28061
30515
7631
833
45905
20505
10014
10991
17376
3457
18304
5193
4037
3974
45309
3793
44813
13479
14766
3765
44943
8902
27580
7173
865
22220
5646
69765
11527
27927
7983
2425
34941
17533
65072
49258
48142
4166
168
62719
3105
3848
15488
2496
13551
13778
16206
26347
3806
40719
27744
18613
13552
9460
10043
1091
1370
10390
3896
8838
18029
16549
8382
35793
24489
15062
8406
10
2971
2386
4197
32200
6365
1131
774
53111
5990
8829
60436
56673
14302
4053
60373
39342
4924
19850
908
17
63438
66798
444
837
4236
47277
8036
31340
3734
34862
49672
2025
6865
2291
19685
2602
3526
1936
23952
60374
39761
10660
10553
14063
32747
7476
18552
11692
15373
13801
1313
14620
38879
12984
22248
34409
939
15570
35299
4413
30933
1308
1199
33830
43457
28157
1577
6308
26099
53574
26277
30457
58625
9140
15740
2666
30068
59947
13316
4464
13938
3614
35586
9133
21809
1656
5888
2677
31123
40087
21785
46839
1666
21838
23486
14418
3749
45599
7177
30448
40034
15276
2498
2076
8383
43719
10762
12420
12987
1605
42578
4845
7947
39428
4212
28337
4513
34218
9292
2348
15179
764
36530
68200
36807
13792
21077
1104
39092
31800
16704
39859
7117
2915
7957
3439
3415
8523
30930
21883
11317
2180
27867
16707
14204
33617
11819
4898
16806
15170
1130
16662
72598
9779
30284
19729
8818
11142
41198
11031
57
16207
42159
1428
7309
17842
25734
17292
19833
30037
2827
33030
11114
3240
50649
7498
28042
22051
54063
46036
2192
15439
7896
4825
627
53706
423
15489
34347
10409
23587
63049
4833
19330
10977
11789
10525
9096
1089
24788
15585
4001
63999
23365
6181
66661
668
5404
21392
8703
22003
16520
16152
27320
3134
16015
6761
5721
10228
13657
57771
18643
21350
1673
18663
39436
25455
17422
21493
8793
155
45018
36953
18596
42970
69115
28882
2077
32657
20724
65849
23047
5770
22605
102
31145
14150
5960
9188
32577
16119
7195
3513
14088
8632
18173
12328
34464
1936
1128
9715
890
18426
4853
20689
25346
6195
42130
1964
39644
5449
31037
22370
4205
26210
12778
63078
25279
58808
4526
6251
7098
64379
11652
56087
43782
38429
4725
6719
15635
35721
14089
30795
10750
5846
19373
26912
1788
25305
29817
65879
16900
8926
4943
20530
19275
26054
19629
3863
3517
15407
14781
924
3237
6078
56263
17014
5059
4662
39727
22337
57767
26998
3999
15974
25547
17633
2322
11138
3382
6464
5207
57917
2989
5332
25820
15337
62714
53403
23906
55591
1618
20418
448
10656
34568
58490
46501
4095
24698
6928
1384
11720
52807
44525
20392
69837
12849
54880
19806
34924
71547
75448
3536
15395
47300
13600
7043
522
17752
8054
12427
17329
56376
7352
30376
17490
46581
15832
257
18066
14092
14131
23307
49300
54198
63132
42142
5374
17796
21620
14754
15209
37084
3902
18203
9456
16185
5638
57223
12653
21473
7971
16208
29573
61410
14082
1963
43801
46736
43
44580
1355
56169
25066
2400
57029
35690
34651
21423
239
4470
5552
29704
6207
48368
23707
46551
31342
25646
5952
32846
18474
716
19084
34771
9049
9272
7120
2868
894
8836
5910
45994
1461
16928
5753
19252
14367
8723
1641
26575
22579
28793
4180
11453
10299
29892
4506
54841
8516
5438
3474
4459
41994
18009
2657
10674
18333
38034
6544
39527
31150
20180
45538
72823
10573
6898
20653
9421
9652
41195
183
8568
7334
63199
402
1417
63448
20198
37399
23603
26699
63665
2282
4462
23872
21146
92
24426
31612
45752
12483
17217
18009
3148
64544
15383
952
6867
40210
13211
60245
478
39443
18638
11036
15243
13541
8990
94
6523
62763
10133
18758
30041
4962
3563
1749
37788
497
25506
7440
1812
32501
1483
5827
2616
26444
2298
25442
13047
34689
18851
18886
5550
7730
1100
20729
27967
45446
29328
8523
19117
25124
13472
18693
42817
1310
4280
20825
11070
24497
10313
23186
24124
7678
617
42908
5893
42732
23209
2928
33236
8628
20260
136
5699
14306
330
33094
41800
36727
10954
69861
1710
22997
14317
38373
36424
5245
20673
27870
9475
36743
73
8102
9552
8917
1347
22959
15389
2831
34905
14270
36280
5343
2637
4068
9442
2683
411
24865
1440
17960
4829
16662
24483
1577
12917
4306
23051
36848
656
33416
27281
15970
4019
22867
6374
48722
76026
4710
2435
22691
554
30005
70992
4892
11245
156
75815
46165
6228
538
10436
5104
9046
27125
19743
52027
1057
65703
14091
36306
55665
14874
25430
1194
24392
4173
22734
10815
22934
9645
54921
36821
50386
16281
5589
13940
1169
2592
22041
4036
11000
2560
2131
255
4519
3355
9360
931
64284
18630
19798
29905
49654
54631
55327
43215
11720
1135
13341
13142
9956
12533
7668
8892
1373
2502
13750
1795
48653
1388
48033
43562
2001
31882
76345
10756
7039
5780
18200
16714
29962
7226
517
58930
53739
45491
52515
6829
15845
4203
28720
3949
5518
35409
1212
325
62078
29611
11188
8075
11790
11369
13839
9637
4652
13879
2590
16752
59362
26957
4534
37095
29970
8402
37708
71324
41373
26131
46809
10890
59524
39613
3913
189
1050
1680
16205
42694
8340
1011
4503
16507
4086
19842
9156
10772
11247
10901
3047
33892
56916
3436
47351
9768
11978
8465
2947
12579
437
53239
402
4467
2356
6811
8031
24569
5430
17310
6905
1158
8365
3894
22470
23110
6893
15155
7126
56980
55543
33745
14004
10260
14122
23494
56280
2018
15213
36617
27616
3876
36091
57196
18267
25480
15502
291
25149
4741
1714
39847
8371
29544
3042
34045
8030
1361
333
16872
2601
5126
16366
47232
12445
31292
2137
274
11444
9662
9174
22239
3630
8454
1381
34847
6574
49421
20785
5637
8652
125
5976
44608
40229
7087
8401
23450
56392
5191
9380
34439
1526
23502
44332
27961
25499
47021
36259
42154
16682
18595
30455
53493
8399
8451
3841
21783
2156
19663
62
17230
1403
2944
21935
48134
60213
18367
3358
48029
59812
1110
7022
14705
9552
381
1285
6736
10057
5377
17288
3158
38541
33416
4524
10390
46119
43189
14102
4381
15
30187
5217
27
7441
23636
39354
29074
29966
864
3375
10321
677
3054
20966
26792
22116
11115
2659
13968
54588
1019
6927
16541
28363
31445
36152
13727
5965
27811
8533
383
17461
10580
603
4887
17005
33483
12024
6698
37876
34522
59078
22467
16381
19456
57475
23505
370
35112
6625
186
43031
68462
3148
31355
27351
4690
21562
8854
1764
48000
63215
2065
58905
18280
3035
8597
49560
6629
47866
12173
11690
27816
16300
27993
1104
5214
6535
70147
17952
44783
11580
10738
15034
2773
21328
2196
19026
643
17024
28835
51925
21761
11060
42573
13331
47
1043
7557
7522
64942
32723
41396
65349
55875
11863
35359
6106
6700
2338
24442
35686
59352
33278
5497
33829
55484
1556
16592
19771
11739
7468
53543
20219
38943
2271
7310
2368
2574
13996
20721
37539
21694
44304
26982
50390
4652
55863
2783
6035
5437
1995
69147
14906
19220
61774
1255
15755
27300
46484
23389
3201
28246
34142
24200
8602
35350
3734
12001
9569
6665
48484
29159
18682
14809
75213
22594
9962
36031
7662
10737
64
12377
30493
20538
42323
29501
18496
40538
32956
44838
19396
38589
6177
32672
29849
17891
26446
64
73944
22672
352
5328
23351
39426
51865
23833
1771
3332
10982
27953
31279
37088
20318
44141
21790
6474
54649
13627
24730
7918
5659
17391
13711
13756
64445
53459
45394
127
22757
16652
50242
4668
2586
35756
2186
17300
885
13521
395
5756
45499
30657
44554
417
36747
43445
193
1845
71723
23134
607
19096
12967
49460
48817
9784
1584
2161
727
6192
39042
1385
742
28942
34756
5541
518
4625
46034
44504
60732
26568
24094
8908
34018
13991
30484
1512
6330
1938
2359
1713
1211
934
32552
147
42628
6483
32626
156
32454
17173
35976
7228
10195
8819
16605
9305
3387
4629
111
2305
24764
49350
30541
3618
18691
68544
9948
26044
11105
15735
131
15203
128
9356
49096
9732
9303
20800
71984
32559
33562
13525
34015
1875
2980
50092
32109
31295
34093
61022
15424
3993
923
5748
9376
45361
33190
60921
19810
13742
6203
33578
4213
10119
40518
25465
3803
2395
9680
15374
33975
14685
2542
2935
24583
6585
15215
12203
15173
13693
19896
22347
5288
12607
11028
18859
43064
1786
25130
2556
9612
487
30565
667
2984
5751
9397
13591
1554
31938
8946
31205
5430
7155
24533
31964
22900
48726
9656
155
12256
18457
55724
4915
9781
1231
16922
23479
53
63787
4777
18301
29561
20904
10280
16172
19217
879
4150
4409
15117
20288
49368
26305
21420
33253
24455
1639
15923
937
19041
62186
6922
58659
14722
35199
23910
7082
11122
2736
9248
25807
8254
8625
11053
1666
37033
7540
22416
14453
12355
505
1569
14528
44537
2129
5171
2409
2325
78208
19143
23921
27413
3492
5534
11643
6617
4199
71156
10693
626
8044
9849
12783
6347
10162
46870
18879
8293
35606
98
17646
2687
3574
2085
59194
7005
731
9840
78
10627
22774
8409
13206
59397
61583
49938
45899
49423
12148
27195
22567
7591
214
14203
13642
2588
43197
18746
58107
56948
11043
21278
21415
52863
44103
6093
645
23098
33241
32499
16246
2117
23738
47211
40993
9754
14363
773
10797
41484
7492
16453
47917
10980
29500
9746
19013
5753
19162
31697
974
3566
229
14020
1718
11973
4213
28480
40409
4310
5810
20205
16070
1372
36870
11638
55045
20957
37712
12137
7524
2191
11984
29207
24791
368
144
8086
1278
11784
2269
53818
23635
3158
6535
1931
7922
44204
1710
43147
14512
6517
39430
25812
15713
39286
51496
14510
860
6657
40900
6094
13679
37460
44292
13791
17799
4886
45867
49864
33760
13863
4758
19236
8988
8032
4818
24034
19235
35548
5711
15541
4983
33180
5724
2839
17831
6319
12395
6973
37196
14396
48523
66267
28
43172
44471
225
4836
52137
9282
31
1332
14006
69288
22147
19397
19390
30795
47189
25601
12864
31153
1693
11381
26333
4400
498
14052
1654
63040
56011
22551
25178
20390
31001
9808
3750
13823
13288
11685
36800
46917
1239
39218
47550
4292
60001
6681
24287
5881
7754
20070
910
289
29920
35542
632
3087
68090
15889
31622
547
4895
22682
3820
26600
9294
5390
6171
39025
2600
1137
12531
40290
9008
16310
20495
761
10514
4455
47628
18040
34582
39945
41984
257
44705
45728
65308
213
58170
375
8298
36431
30443
1378
16947
1824
5234
2281
55525
23736
16082
7567
42201
35329
1436
18156
30573
136
9697
1831
26199
2680
1921
37045
354
39713
34938
18167
3570
14715
33067
48056
42719
144
17269
50570
10958
58729
6440
29172
39387
27246
9195
27320
39258
4819
2004
17432
12506
25182
10647
6085
35095
1508
3664
28246
259
26240
937
23877
50518
41131
1023
2243
13685
32256
4882
71221
2210
2202
16717
963
12077
3344
18995
36144
11826
48210
14646
1433
5548
2855
4641
4086
41329
29985
5835
14828
19214
39334
4456
5422
22095
12773
7982
54562
4750
23254
33730
37670
5727
3086
13457
2697
41854
52700
317
47933
7907
57245
55081
12560
35545
17089
40390
7627
9565
11808
49834
9799
3393
1538
2906
2742
72205
32643
31940
38177
15108
6499
3726
27750
662
2836
1312
37406
2710
9462
18361
44390
10458
10639
37
14327
20546
17394
15191
13366
1463
40938
62254
28789
10465
40159
26098
8070
3021
17089
16856
9393
5430
52981
4807
16266
7959
697
67723
9389
8514
65752
25729
5118
14217
61611
1393
6375
36151
21362
22480
3310
1064
30138
13683
11579
53689
692
47780
22017
1783
51232
27330
22628
27170
63892
32419
14710
14986
3089
18666
37150
18972
1817
25668
1483
69258
29830
772
15112
7179
67389
2661
11926
28347
13852
28962
1251
41828
5918
22944
30507
44120
27890
20397
533
644
16923
25173
4868
26541
1773
18282
1699
20652
10666
4944
20365
20120
13010
26979
10873
23480
34256
20289
22759
19709
44855
13309
65906
58095
36559
23453
11570
59493
12475
690
16323
21396
56227
25896
48790
1632
16737
44672
4784
200
28952
4653
12227
352
8366
7284
19317
64
163
46839
56307
5473
76646
44952
2113
7787
16130
61501
43996
14929
24808
23029
211
42382
41502
933
44546
7574
62823
24921
44848
21252
10197
19814
41807
2404
2866
43600
7601
21990
26998
2430
34661
20062
26079
7165
35
10494
31930
11799
1813
8752
8491
2450
22978
25453
24812
47963
17611
18133
22354
3854
13342
9373
10850
1256
8967
29015
7657
6055
6011
10926
4565
26134
6477
2432
7566
18399
20469
66685
349
38521
20638
3266
7031
4876
7491
14692
18704
30927
31662
61523
62446
5108
1064
17006
54675
2149
11731
1233
15156
49080
26038
2953
19552
54657
64364
34417
28188
5051
20072
3340
8032
46333
35953
21794
470
25189
60981
15466
8212
37411
7244
48196
28238
54636
803
2030
4987
52123
6778
3753
42339
18904
45948
1241
4194
390
500
31618
18505
43926
48086
40303
12928
7187
14479
29117
4125
25764
29307
20594
616
73184
9668
23193
9036
31680
16145
26919
15693
1995
2557
23362
14364
25972
19980
40317
21525
58048
11578
1212
31434
8547
4653
6141
26827
1905
39725
6941
39429
48295
9427
2595
15491
15385
20181
417
8287
15674
41680
9
21519
628
24332
204
6540
54501
16429
30165
3492
56076
7858
47030
2158
65685
42006
17830
9577
9302
5
46005
20602
6969
66624
39615
6926
27666
53074
14250
19585
25857
44724
25160
18042
20987
22877
39299
44738
19695
3601
43493
19617
8253
37109
11751
9213
4677
2864
15692
14570
18923
22500
46994
25053
39332
1009
2187
11705
9039
9376
14187
670
6524
24989
2990
5395
15735
6354
5416
14717
31331
32063
3162
4866
18324
12488
6163
91
6189
1692
16675
58686
63297
58269
7751
2778
36874
13534
2071
35929
18236
10013
1558
37808
8887
18545
7039
1520
1660
6545
28701
15508
21601
32184
4327
70104
23753
9960
4993
56470
18278
6254
29239
17456
55523
26055
4589
16965
3278
12941
10241
16692
31587
16384
16387
14358
29243
6905
33880
6502
32254
200
40207
29943
45081
3384
48170
7797
4403
19277
11877
19044
12556
22134
47
19599
21200
9698
4231
11460
6759
3588
4505
3755
4730
13458
26657
12760
37801
6191
1175
27345
9283
55032
48943
25101
41092
6334
10501
3447
63293
13608
2173
2277
18642
66585
23366
19746
3003
2036
27219
29120
672
6213
34014
45464
940
2694
1665
4242
26676
46970
27037
7011
61621
773
4093
56779
10431
26123
16456
7048
3277
4440
57127
18345
7231
13145
212
1944
20904
7543
15543
4470
786
15522
30476
19761
9123
6876
7660
2106
4417
2084
516
40322
38868
1497
9092
6188
10706
73230
20868
5737
19069
6947
12805
47033
37180
2035
29183
473
22558
46237
1041
24306
36541
4225
3020
11116
21684
11893
8792
20904
66782
865
65934
17003
46943
7418
28038
12419
189
8872
10649
7429
46373
19695
30467
670
37480
27349
25616
13267
93
23743
15851
13841
21558
13794
31816
100
5619
5187
2929
4440
13437
549
14254
10456
61806
19231
36868
61854
22868
50167
3228
20784
8481
14273
6440
24361
46000
22351
9410
11196
53431
34731
10216
2831
1170
50057
5454
55302
5242
49455
5639
13706
2581
17583
12625
37098
18559
24730
16791
266
37341
4107
18602
444
15038
13159
6198
2581
8139
8642
10207
23852
6602
67362
29388
56800
13605
17609
275
3085
21446
3995
1708
59229
14360
5379
12863
45836
9037
4123
66616
22260
25995
64742
40821
15740
36978
1233
24839
11598
52168
916
4873
4594
6405
39511
5058
12620
36006
7770
397
16475
11664
1328
12274
16774
6598
27794
22939
6916
27409
18059
47893
13414
9813
17287
6088
44054
23770
4883
29577
10867
58716
3514
7805
2356
33710
31471
7951
77381
5875
31156
73969
35557
21510
13463
19820
56545
1434
36581
5968
4474
6660
1386
20793
3422
40516
35734
22471
46101
30646
27162
6768
4487
15082
15082
2040
5649
439
19498
21516
28500
53315
60146
26
36231
34079
4607
42920
33686
4189
6240
2885
4722
6028
12302
36001
22321
4128
1772
675
146
2361
29640
3222
35146
25294
27750
39106
17222
641
2215
5479
1085
2433
16273
16609
11573
47732
7537
1553
43433
21931
2549
46194
11048
4892
180
53861
5617
8947
503
14658
15639
2978
64578
39052
6761
588
25922
1094
2740
63946
14037
25232
6788
148
24156
2683
15675
22922
44841
14700
47622
24608
32973
27908
49769
2676
40694
39741
2331
22252
39459
4912
42235
25324
38312
9436
55299
10844
14652
8955
45953
38243
7789
59774
22039
5492
15856
31336
31009
70949
34608
35312
23566
6471
23148
1920
38088
18223
46182
3992
13419
360
4742
41569
7386
363
13823
5086
32877
20113
10383
2849
1254
629
33495
10064
23132
9525
1829
27587
31786
27467
11375
37810
1133
42673
18574
55581
32182
274
31016
7729
22803
40517
25327
5265
47360
28117
33014
37606
46900
14479
53062
910
4673
463
15741
3189
10338
26031
4303
5985
8157
24115
18215
35185
12205
36931
7469
45224
48097
3359
7049
4492
13818
27970
19665
39446
11816
21791
453
11938
10689
8575
43976
58400
57110
711
24705
50005
10618
47594
5193
965
34820
27860
12624
37158
8211
10426
17378
25757
31490
40709
19038
914
9794
14622
21262
3845
36786
36718
44833
7585
36556
17337
17624
35964
11660
23369
34951
66788
15728
12221
27721
16742
22309
29359
31394
9783
20263
10316
3438
35026
48344
16651
33814
586
5085
23890
62578
15745
3585
22128
54769
18537
13836
1501
25265
973
1365
2748
3175
45670
9377
8529
23990
63918
5085
13863
545
630
3863
51000
32260
9583
38064
18283
12551
5095
43726
46252
4030
24398
32929
40440
8037
34880
6738
26790
8641
44966
25959
16825
17560
62287
61720
22430
1632
15020
16476
2679
53777
12855
23051
14691
43505
37646
30294
11804
16561
37994
13918
58523
26649
53
6671
13023
13895
1808
11086
21808
2567
1885
2081
2074
283
32598
26451
44109
1051
13425
1667
13182
11261
4957
17806
8016
46911
33458
3115
1736
8056
3373
10656
12013
19528
531
17611
47923
1464
4424
29453
14180
6008
19385
24313
10563
2209
11953
44080
21062
4344
19348
8731
1486
5722
10806
17962
5942
6438
8342
12569
66710
18468
7029
394
1614
3800
7094
13078
141
8
411
18414
12405
218
19733
45952
37450
4973
173
8435
7380
12848
42450
33610
25512
11910
147
5019
7612
2118
8328
38699
27265
687
6117
7510
26875
5729
5282
54457
12099
6602
12085
43098
306
36712
19181
5723
49165
10944
3793
3640
5128
16887
21785
24979
12709
9238
24789
22721
33597
27746
15936
29709
2171
3146
31855
27217
1570
10565
6307
2553
46433
7706
5317
47724
3946
6273
40049
6775
24904
66898
6710
30382
10740
6343
3526
1950
2894
31292
2141
3028
22431
10155
966
14336
77041
32029
24176
4283
12702
33764
20856
849
28063
24
27508
4379
38878
19820
23597
73033
16485
2101
47494
61009
9424
15532
43768
1345
226
9983
15400
41918
37327
6522
40265
3886
367
12936
2856
20644
75706
18517
235
13977
937
667
18471
34503
21094
36057
226
63580
14566
631
9221
3799
2138
34623
8661
30021
73528
57979
4568
17003
38449
13573
44
9487
88
10925
2445
40003
10107
2360
21360
12860
24233
22507
12443
11381
39127
14147
895
28480
7875
7662
4154
45762
