5958
16933
1515
2050
3827
1396
2620
4641
28126
9709
4589
1875
15744
3685
43725
11867
31718
9219
1346
10498
921
7718
360
9850
33287
23767
32479
14109
1924
16960
1208
26979
22173
11821
4980
29039
5002
15819
22776
7744
34354
4984
23005
6312
645
11321
48135
37993
13
4515
20959
14850
1139
16520
5217
3832
3298
52953
4510
8552
3082
17735
6242
17269
24196
32149
37732
30798
24241
1084
2238
5528
14656
7416
15868
6943
1638
13660
10583
1356
4205
10979
512
10908
18710
9688
4764
20495
19317
24091
33126
30871
39740
28974
4938
81
9840
15803
2700
3681
17437
14718
3704
3371
2247
19206
11554
11979
21605
4434
10483
29173
2278
2399
5235
11222
6229
26515
6098
3312
3224
50055
9238
32644
4244
4241
7418
3988
20729
13080
2226
4693
4120
42444
3571
2055
8440
4492
14183
19448
15206
1541
10686
9280
5865
35833
1991
1584
480
6368
25268
9778
12837
8807
14834
16065
18791
6308
9087
6164
21330
19034
10896
4331
45912
2672
12529
41328
908
34993
1935
36014
5389
5445
1372
17883
10836
44953
34774
660
8431
22270
37370
4161
2171
4929
2044
5146
34201
26436
79
443
72
30627
16886
27653
3283
27630
48278
26222
3448
3897
7662
7177
1764
6254
24873
2962
13815
13585
17781
8188
19897
1335
7702
353
4434
10442
36920
5379
1537
13158
23182
41078
2458
62
12190
1401
24558
25441
10989
19729
2061
17748
16263
9445
2905
6098
16451
8511
34271
32562
32637
37613
11038
19859
5434
5455
6966
17765
5902
29654
162
5279
7447
8576
41828
27590
17969
7562
1669
9517
8351
5401
5761
4146
32621
32002
6185
20604
8688
12002
448
3312
28381
19319
7281
34192
7204
416
1700
40425
1614
13198
17032
11156
17541
19825
5535
6
14282
15304
30662
3902
15244
3493
32093
3476
40648
8659
18000
26525
10119
20655
5603
939
12950
3178
3729
11692
19589
3215
17231
27768
24089
3171
8259
17361
5617
18938
24566
28425
13359
3131
25066
42077
24785
4013
10049
25849
25722
8734
3048
7199
2939
11671
30462
31099
10117
4737
6562
38255
10305
33607
27120
17619
252
946
2244
25463
2029
23760
9514
15453
12472
217
3584
9602
6025
1648
2640
7032
21418
923
46442
21592
19901
34803
13770
2651
2861
22861
9889
2306
8222
32254
17295
26352
7024
32542
10583
42567
7187
2621
5964
5539
2733
22616
18121
14450
1282
4180
10138
37668
20213
3337
7340
4539
36108
16266
3609
7341
40842
12853
34509
53113
28640
13096
4154
28727
11238
4909
6592
13749
81
3951
9695
5095
13427
7881
20558
9097
15227
4904
25882
19722
31330
920
11059
4458
29287
33265
4663
18364
9652
8766
8935
9862
10377
45644
14067
8627
10478
2257
32095
16022
1654
20112
2508
1139
5104
28963
10439
19482
9686
6528
2682
1074
1828
4944
49809
32135
439
41404
8532
17769
7416
26095
21914
4195
13238
7864
36441
494
16153
46923
7974
7444
5443
20104
9875
16640
7974
33267
5900
35957
26619
189
13451
10618
6008
35660
23335
9581
10766
9026
3424
3029
23668
385
8411
49079
29967
4529
29550
15984
5319
1810
10166
17586
2534
366
8769
7503
7486
5629
5950
6353
17195
9043
5097
13047
13534
5916
37194
842
26331
5708
4665
30928
4925
33643
28951
3440
17795
8569
3956
6202
35297
11615
23078
4721
17842
6984
4145
4375
5631
712
1014
18240
1341
15412
33374
2067
17707
14970
1429
4784
3220
5144
12651
30278
3328
5321
7758
19315
13506
1917
14295
492
21833
10805
10649
5763
4017
7738
17006
26016
10831
11699
13671
12079
2676
6001
16552
25666
995
30776
11693
8980
5947
1448
17111
13121
4856
9680
766
3353
3869
25838
16742
40013
26635
8490
9470
12334
2922
37852
1146
2088
7519
39854
77
13972
14768
2014
12205
3165
10626
37601
541
7903
8856
22247
35332
12009
35402
14250
35584
2404
23652
416
3253
986
5827
12397
1576
21123
6815
2364
65
2712
117
40913
37933
9300
7683
29756
24113
2348
2123
9571
29743
44302
4694
6202
10935
27345
12410
16227
1646
5431
1034
18296
44670
7791
11633
29724
2545
16528
2199
22407
20885
28210
392
53672
4197
16
605
23215
7583
48
2362
21749
14803
13092
2025
15561
29993
7814
5007
27450
1030
3206
24986
13440
4076
2719
17910
8296
25556
23478
467
8581
24921
19614
167
5657
32962
26117
13065
8950
25731
7535
11850
34071
11569
21943
19172
23128
29510
25369
23773
7997
18367
28523
1222
1758
30163
15551
1810
4450
25126
2565
10245
15376
43802
3801
713
195
20302
21532
1847
6663
16964
12138
3995
4691
11499
575
12522
58
10227
5841
5008
2138
9852
13084
39864
19161
573
126
30475
27522
1330
10740
49024
1563
11510
18781
1540
15155
878
18773
1830
5466
40214
11390
15490
4801
2066
45648
21041
16738
31225
9805
5667
3067
37282
4811
22096
887
12703
12804
4845
32841
5011
18936
23875
9148
13098
613
18818
5172
6266
30116
39045
2660
20409
32154
25079
9103
2083
2684
11401
46686
38439
4917
10656
7875
15973
11997
16222
1146
2771
27497
18584
34342
8414
26754
27409
2527
1574
13581
17093
143
4903
1468
4584
3897
11369
8650
35095
821
7744
12523
93
38814
2412
6878
9208
4417
12349
4216
6884
8923
33350
8638
26116
30781
23267
24095
11831
9459
7583
9273
9985
11500
14871
1458
18694
806
22554
6843
7608
20577
11561
12584
3515
37740
36456
32932
8160
6450
6135
18883
31661
1102
34492
20152
35072
1808
16140
21002
29656
1513
536
1055
20315
32235
6426
30734
6573
19702
40037
7521
621
10381
51745
4015
14385
3988
12809
442
2826
45875
2654
12613
11130
23924
7911
9327
5255
123
1109
6599
4098
2404
16708
19250
14547
25838
1730
11638
37842
19715
19124
3154
9582
9939
10629
9204
25610
9723
4801
9385
3075
10846
6571
9830
11700
998
27024
38378
424
7289
33847
11471
5
14567
3347
685
42405
40665
15644
1783
13441
11809
16457
19118
3859
26427
8580
5288
12737
571
1938
23453
26049
18294
43926
5330
9316
7030
4681
5966
7236
5311
2154
42831
17645
11985
30887
352
9804
11252
28760
3381
1977
5141
7962
23728
1209
1975
158
13232
21134
2521
1757
29118
9008
1764
12961
29702
9638
2214
34366
4658
16384
26335
3401
17546
544
21603
5406
1905
1019
35016
14608
32371
43833
8891
3396
6729
20504
4312
7609
9254
2861
1888
17324
10717
35587
19328
25210
27950
8478
17392
3228
286
10421
20358
4488
11622
4298
22171
12165
80
16048
7042
16776
18066
12688
18304
8358
9278
16718
2780
25471
1192
17198
5873
14812
38922
34286
14116
35498
11491
2305
371
757
17054
42752
3339
25489
5066
7400
13934
2088
1131
184
23679
13606
7172
26745
6398
4575
1379
12438
7026
35243
214
15630
25378
19050
24641
8851
6023
8096
10547
5171
3368
6093
26288
2152
3692
7052
1912
2840
9675
40371
5849
29163
18986
48729
5399
3090
12048
112
1735
4964
32117
42660
4605
22373
35023
7512
121
37013
16002
1826
11868
13129
2758
9763
1040
2141
2525
10818
6603
33508
5742
28298
737
20980
5132
10714
6157
4811
8449
2171
3223
45181
6986
30252
34258
33865
14982
1765
1486
15355
27082
23143
29771
36522
10517
10180
12061
13190
36504
33499
10444
11867
7463
1462
17798
9871
7345
2211
6248
9444
17552
19165
13318
24361
5953
3616
22817
19397
1774
6436
8282
3243
34428
33009
5017
20574
1933
3988
719
6681
18277
32454
9384
799
46293
2749
12123
657
9572
16418
43456
15920
24247
758
22901
7650
2044
32128
20196
8297
409
1079
16135
7096
107
4242
46737
566
34490
7498
10090
14891
11577
2639
14523
3789
11015
31717
11677
1171
9882
26763
17860
2530
9381
12620
17647
8192
719
11335
1922
42603
40629
604
402
2851
1706
11975
7083
8271
3586
14587
14675
4551
1058
21647
3936
7617
12122
35435
22088
5858
14822
20891
576
8270
2912
4490
13272
394
201
23782
12613
29126
19464
21642
2027
17100
5756
3434
21329
18882
9236
26381
36223
8794
2935
13448
3435
21792
6916
10978
9891
26322
2811
614
19359
2079
15501
9621
8727
18572
5975
12403
3531
754
21088
4155
45111
5189
22726
30439
624
7986
29535
4191
16036
826
52520
39749
20011
2375
15834
6188
13769
9445
34365
3416
31616
26033
10506
558
24612
2175
40633
29885
23786
32861
8383
898
30209
2994
6870
13518
3326
27566
32340
369
21107
3881
12223
1040
19415
3617
3096
3933
2202
152
51170
36413
11824
31849
18828
30557
14023
6243
28445
38145
6518
10388
28022
17952
38430
2567
5081
8788
6683
19786
14260
34482
7451
14570
25074
1014
8461
13143
9259
20377
37398
2
24289
10184
5317
18648
18537
16221
2006
8989
8419
14672
43992
42935
18612
2567
6973
25724
17907
17305
45867
576
6085
6687
5980
4411
9280
5840
8650
41891
7663
29476
73
2936
15919
14510
35408
4179
963
45913
8859
6082
8836
1423
3062
2138
2454
140
5535
6448
46671
8122
7611
2389
6329
24981
17771
26586
12356
17
41055
12454
3667
14837
8915
20323
8240
34953
50
23955
18992
37861
12053
12857
10667
474
22270
21
2479
4212
38445
20426
22726
12379
377
12914
23392
6765
8405
4593
24920
25869
4677
4696
5288
660
2593
21951
1316
18367
29449
12617
8117
6280
4573
21914
43494
14169
1593
272
28044
15947
13758
29723
4739
6434
862
34791
7640
1634
20924
5934
996
559
18571
3998
31760
23538
14472
6621
24830
12766
3770
1655
2792
4369
9562
3805
29104
15187
50093
572
12894
1580
15813
5096
14612
1432
25652
19831
13959
21386
21240
6414
23514
26615
39478
12869
899
20305
7912
38545
215
7124
5281
44859
7581
18939
7099
34520
9562
10556
13041
22854
21047
505
2641
4996
7169
195
13600
6908
232
3494
2322
24863
1259
15539
32967
538
19181
7043
1147
40547
7345
19915
33055
2361
12569
34762
3038
5331
3203
1750
2725
50206
23614
141
2299
27331
1625
28980
370
14127
2322
5747
2736
11468
30162
8000
44477
13854
34950
24202
26106
1585
16473
25671
16009
2590
7629
3287
12794
24212
4518
10037
12273
26980
18194
23661
6
1627
971
7646
4981
2778
8363
1201
33588
3447
6198
45799
13035
16234
3943
2348
13677
17759
12151
8191
4905
482
16191
35956
2109
562
26317
39014
380
6546
1619
171
134
47775
42772
11213
20216
3396
7660
9555
8288
31847
36264
2571
35781
45435
22469
28504
20545
8383
30191
12789
21439
5574
7992
37306
27945
25133
3533
15208
11500
9741
4660
7267
31146
983
1135
357
8025
38594
16040
9651
132
22614
2859
28299
2536
1808
46264
14422
29113
1200
5350
18549
1293
52748
12429
23300
5642
15433
49038
343
26029
16887
4637
5574
29200
159
562
2579
2516
20947
29417
3020
29731
3782
22484
4940
50731
4536
1319
23055
31291
2842
3338
20819
24034
4104
2278
18822
458
5935
10986
11263
1643
8151
25398
723
8077
31427
15296
10427
564
1109
31371
4777
16452
15667
1559
22356
2339
21918
17707
4293
17302
363
17557
8191
41013
8082
1382
1250
5441
583
18152
39506
13543
46095
298
5466
6804
10689
1972
41279
42684
4564
15265
9098
27106
16811
15869
22009
5768
6527
34125
11510
1742
9480
10101
906
2354
9205
41455
3842
5146
27449
23539
4671
248
6044
22693
11998
19989
7684
33089
6628
23805
45255
13942
37607
9844
3182
1093
19648
15958
38
4007
2542
36932
5003
6596
48941
8822
22632
2628
22508
20055
17707
9633
6966
29068
51048
8058
1248
2016
35652
11815
4605
3725
2574
13596
13792
28252
5457
22788
13112
12373
3605
7856
6939
5238
2040
37101
26195
15029
162
17969
49
15877
41327
1125
47775
15592
18387
5921
308
9630
7076
17037
10130
26020
156
1170
11701
4325
7653
5870
464
16871
10090
16202
2762
36011
4921
12497
17561
7741
2658
9007
3766
8247
15240
40945
11171
19487
7088
36821
10388
13208
1421
2091
19706
9066
5455
1020
31205
6444
3966
14624
1945
2852
9602
20952
4447
12929
77
7469
812
37950
14419
3282
26685
27956
13543
5166
50442
21216
14186
26262
31989
4487
17959
644
25539
19407
5603
9821
7912
81
13005
28696
4090
17077
39456
7643
18876
21305
43589
1686
3870
1963
882
1436
13904
23450
9050
5282
21467
7514
37025
15613
4561
33650
50819
10598
4153
15786
3998
6878
5630
8770
1563
9558
24972
2328
20528
1883
519
671
2877
25349
4966
5597
10679
8805
15868
10907
2352
1923
5575
8411
7707
686
14087
886
15765
4384
26137
26498
27848
24942
1238
32914
28499
16682
20578
25799
14852
5001
6656
2405
1958
13497
12112
7898
7063
18519
174
44715
6853
921
972
2620
7846
503
21185
16698
3228
3766
22449
31558
14764
6567
6136
20832
8568
2702
9512
18631
247
28507
2968
17032
2483
15233
31330
107
18393
3215
24451
8392
14551
518
9153
13722
22337
31588
25603
40093
1126
230
1012
359
620
1247
39691
259
12911
22362
13285
34812
6113
9837
14725
22704
29991
8655
22575
15140
10293
13527
12474
17319
22441
24387
10613
15009
9210
12278
2547
23878
22728
4082
9422
10231
7379
37020
9753
27334
1515
41107
41388
5446
113
1391
5177
19932
2921
23037
568
16072
10751
4278
1807
21880
2423
12896
1344
13191
3464
8528
21171
21223
8442
329
2827
22965
37833
8973
18995
44156
30239
23081
30452
45403
15059
19822
10476
26104
27070
31666
16675
6211
1548
18272
17820
31323
19421
23958
8923
4757
4091
33459
51593
2432
19793
13778
10801
5763
641
17327
15469
14605
2240
48377
2046
26189
1341
3132
27306
27082
6590
13992
41912
1228
257
21523
26828
10350
21329
2791
20062
3639
15862
222
319
21621
6669
684
14719
5488
1059
8789
10985
6506
48484
22711
2571
36134
29062
1217
3132
464
1739
2447
10325
9949
46872
2164
10815
29870
8410
33570
34517
36999
36169
18485
27489
23606
21215
22952
842
10759
1249
2706
12690
22693
18664
14433
2211
36318
3968
11186
936
1949
10014
504
18341
16873
21685
44240
8894
39044
21355
1446
331
30112
4863
13303
11585
26896
23987
3527
16265
9493
3518
2948
21986
27563
15311
1158
10755
33338
3180
8668
2122
11272
32009
298
15670
14979
1486
959
5830
743
5300
18846
1446
11942
33571
21830
1321
4285
2934
24370
824
9930
38757
534
3587
13010
4622
39860
25844
20031
7851
11655
2939
4833
5504
18196
16428
28004
10495
25608
13233
18007
2209
11605
7559
32270
5840
50891
8298
7606
14290
6495
588
10376
1654
3827
40013
19771
25309
29187
4355
16175
172
40407
1564
6745
5701
4007
10593
23889
25358
21291
10610
15276
21928
21233
478
31387
44004
28664
5913
19540
4858
13864
3601
5940
2841
20834
6418
6910
11284
12175
8961
37016
4516
11455
40122
1389
1009
5136
32945
4139
4249
18265
125
8934
812
18473
19902
7676
13505
20442
5966
6323
37817
4267
11275
24658
9187
47549
19186
25254
28577
14150
35455
22112
35696
8355
26826
4421
26378
7621
16190
9503
17045
28745
39225
30
6535
519
25072
3105
32346
23283
14642
6875
22047
14164
45488
887
1207
11405
14240
4523
1920
13758
36175
5805
26205
5200
15578
25
43946
9570
1040
43422
40323
4132
10523
7876
27524
5953
23864
8359
11554
13401
8802
5250
6411
800
4275
376
21762
7080
13377
41308
7350
29205
33926
1963
13546
169
4517
32406
9553
5806
11032
2109
3853
656
14487
314
8479
12243
2929
1485
2541
1833
1393
9458
414
1171
12798
5778
12379
2313
12328
1819
18730
24082
51217
19432
730
10465
6004
5237
8310
18332
17873
3765
43736
231
37429
13182
11021
41958
18813
46490
808
26914
24984
9302
17915
3590
930
1003
34857
17845
8847
29189
2483
18886
16595
453
25880
12883
9102
14852
7032
131
4707
3358
1906
4779
1075
960
2941
2236
31451
13419
38722
5639
932
12302
283
295
208
26002
6318
3158
36677
4261
33553
25763
5028
13264
16176
12713
6467
3154
45167
3271
968
26219
8597
43160
662
15351
18546
10690
14276
386
23830
32845
11767
8459
15383
1649
470
2631
8120
3521
5727
2187
29794
2069
1110
4857
1533
5680
6430
9977
17843
4248
6643
937
27028
26061
6966
22196
159
1791
21847
24261
2863
20785
270
2150
5200
561
11797
34085
17198
850
22430
426
6918
14826
225
1372
20447
318
20046
31198
44722
239
34634
3573
45481
804
27891
1899
353
11514
26647
6699
41965
11491
23559
42618
16276
17783
26755
7071
6118
2444
4391
11945
20194
14241
8061
19242
22610
2556
2353
41855
16607
16547
9245
24327
23370
12671
6603
21225
30460
6218
3337
34267
8799
13874
43468
6750
116
15521
7016
5672
4499
29583
5161
50011
1267
42596
2817
26624
18267
4134
19580
40451
12885
11971
15807
8683
33155
29739
19454
22474
32763
5375
13062
6956
19449
2189
35284
13265
3747
28945
41750
11520
5977
39142
7404
6167
16395
49
30188
25551
27278
24913
49582
9
898
8237
20487
10686
13234
9202
16447
165
23527
2978
7495
5266
26475
46481
20418
668
28962
3826
8342
16196
7236
20912
221
24117
16281
6654
2596
6821
10085
4783
6547
25272
22437
18815
3556
564
13054
15423
33332
525
22704
31540
6215
1211
6652
29531
29602
5187
10390
19359
6731
1332
5955
11856
19346
11208
24797
4467
27293
52334
15743
27156
30609
43901
28139
3979
4072
9361
2697
1187
3384
36629
6080
40240
4338
4416
25932
9534
1127
9169
26976
30250
2286
7809
5692
8709
6993
1431
4300
8129
4343
10245
5334
18784
22480
50060
44698
4137
19584
40845
6262
15880
1474
6282
40151
4988
32299
5582
9602
489
1350
25976
38629
18551
921
9908
8114
8492
35467
17070
7882
1884
883
18427
18987
48781
4440
11996
23312
7456
15098
45844
19187
22933
138
1869
46595
23004
8855
5016
716
1243
4339
10339
41685
2684
9076
2351
6805
31764
10807
16380
28496
703
4867
19408
3674
3953
15983
2261
3082
25130
2202
49570
40592
42652
18136
25447
41548
35356
1319
14836
2013
45126
23350
14805
2456
11580
3161
11743
62
5928
26091
88
1373
20623
4867
39487
30426
9679
4578
16038
31142
15181
22087
3971
5758
20191
2468
6713
47378
6217
14537
12961
1771
3063
33970
13884
5949
1786
978
13059
3176
15480
7601
8
29023
7809
11019
23071
8037
3325
19095
4932
47
22000
9215
38381
13646
8170
27429
1445
6863
30229
1732
9903
80
6446
15174
8406
6777
33771
5522
34442
15844
7979
11949
45484
9343
25747
28740
12421
102
20593
30492
16731
5474
29220
2772
1511
195
2078
23150
31251
22834
10156
174
43886
11141
5605
14886
7460
829
14197
6316
43676
18553
6965
21415
1954
18151
1515
5125
3106
6750
12811
15011
34104
23207
21025
9288
14342
20323
15123
83
12945
2555
8740
12530
16565
2776
15280
9753
5939
12371
49128
6363
9478
8110
15389
11336
471
948
32548
6972
5483
12347
32436
18862
672
24
8910
1839
5130
2460
31698
4753
27006
648
16505
17195
18260
39340
37237
23742
7548
5301
19570
14642
7916
13076
8156
270
9637
23310
35467
18853
4361
512
7934
2941
7343
4665
6100
5023
16069
3228
1388
6831
31996
22748
39077
4364
20046
4836
414
9853
693
42516
26875
32709
8303
42165
12244
16762
29261
5380
2018
32039
11493
6595
346
10644
11960
5707
7169
9352
26259
17230
1358
9512
4167
14225
10825
19172
6411
30528
5696
19339
10816
18342
6621
8508
16883
884
19721
2222
1137
211
22868
48949
4859
28788
14810
1029
13364
32921
2896
5186
1278
34148
12354
19606
333
1855
1641
38081
30136
5201
2624
13122
1774
446
30049
20637
8574
2081
44403
15764
3765
2969
14233
20754
5435
19369
10630
1599
14741
4087
1698
6552
2281
12470
23361
16507
17563
2033
13859
1491
27199
20142
24087
7408
1739
4662
9698
2847
37685
1248
21927
11170
2303
17839
4177
40395
14168
28550
2877
47
2445
26154
178
11257
28841
19647
3178
35051
20370
5343
4885
14759
11601
1338
28723
829
18478
35822
373
27619
8027
35401
7270
5983
4506
2359
8290
13183
21034
27166
526
339
17572
3296
218
1432
16001
42192
16467
20915
8159
7758
20560
5691
38745
11225
1510
29125
16950
12861
21599
1194
35283
13274
1237
19646
12051
15962
17937
11692
4232
4100
10475
9605
6854
11956
7840
4664
5962
43749
12267
12652
44346
25051
13721
1869
2367
30238
138
6576
11364
11777
22550
4629
3727
618
7673
15150
14397
44077
5567
681
12691
305
27625
23496
6887
1444
9140
17192
27369
840
4566
8377
3065
39808
13768
20875
8824
7996
547
8252
20198
7273
5254
18830
37731
19444
10030
25359
10936
2838
32902
15364
400
4202
13024
1558
3322
975
16985
70
24866
28275
9983
9146
16105
24407
17613
24927
27940
8449
149
33109
8829
5463
10974
39835
4921
19104
9382
1305
36
6627
3594
12512
24459
18942
2175
6129
696
34771
19255
15693
35399
19562
19082
29877
1031
4000
19584
10777
8020
10932
39944
28307
6602
16535
49386
5516
1107
3
50626
649
9068
20197
27594
2177
4251
5513
563
45660
905
13439
20813
18
11521
54
20440
503
9402
24769
49206
44573
12237
7643
56
3132
179
22717
20939
3500
7066
445
7261
9034
11110
17419
11965
24437
21430
5240
19585
3944
2674
2691
2515
30556
35658
8793
25940
28256
12362
16732
5819
27930
2655
25919
2876
26572
4926
25788
45309
26637
2789
20253
10212
3049
21019
3100
31161
4092
7637
46529
35130
25894
25390
2738
4954
36670
16105
34743
1658
10943
14405
2155
18636
22845
39107
2248
48734
14027
3634
36206
3310
5938
20626
31953
649
4871
1254
19325
42170
27285
6527
17903
13175
3277
4839
1229
42453
41398
12784
18516
8851
5336
12166
4460
33022
780
38412
5238
34251
6471
5066
12646
4817
1151
10907
28068
13698
27476
8691
15054
2951
5882
20124
5368
3720
5165
29346
7562
13786
33904
6015
19885
22406
7295
2620
3876
47065
1489
2675
19089
15241
1675
1966
13457
6151
11988
2604
20711
10676
1055
38210
969
15840
25406
7384
39668
1218
40178
3011
17974
1140
18099
28172
26828
23551
22460
18246
1633
24451
2324
8626
607
10885
10994
2656
15836
16961
25181
864
11528
29728
4231
33745
21623
9671
8980
15784
5087
9297
13476
29274
51634
12007
3990
2264
13049
28591
17471
1685
8988
18761
8335
9617
1588
4658
27609
14815
183
1914
14377
30401
1240
28769
14972
30903
19163
520
12256
10885
25862
4170
9396
5018
33648
16065
2589
6468
45222
9922
8420
7276
302
25449
7782
12674
3115
1859
153
7512
2901
5177
396
4937
7326
32416
9404
10000
6380
45038
41680
18080
6401
28560
26239
4696
13223
36045
38474
5735
1987
27836
816
8204
8671
34540
2648
48226
1640
8174
1036
24460
3362
3532
22100
2876
46087
32948
17889
6610
4762
6367
6774
3831
24007
16586
10081
28402
10670
37976
29642
24162
5084
1416
3575
16690
31623
42082
6319
12281
21381
8034
1635
692
15220
21976
11196
24239
11
28392
16287
399
22386
11328
35918
19768
7276
22472
13262
9113
27494
36516
5575
752
19684
10948
3315
1486
7683
26431
15808
13059
42709
6032
3706
10440
6777
27846
7197
25149
12129
19386
8363
39643
37403
21784
14348
10630
1741
1851
5465
8194
22207
8275
50250
12272
236
4036
11503
16855
5314
14108
32
24378
14064
23316
7904
13580
35128
492
12221
1906
16851
17574
19585
60
15511
40588
26129
12310
22158
5336
42007
29257
6413
1852
26151
9994
8308
28458
4143
6426
746
3862
4916
18702
201
6505
475
4543
4112
31848
3315
12542
184
9196
10131
13945
4233
27197
21472
280
1854
6950
5534
6874
34497
27685
2
14857
1375
4134
15693
14276
19440
14885
4543
17794
390
412
221
14256
4358
14377
9
797
33444
15988
12
19680
25450
2280
2263
740
4438
30041
2819
20610
6278
7065
29089
4028
682
16309
23368
2216
9185
16266
10429
12245
15534
36601
6502
4274
31494
24619
2692
13057
46184
36
18365
15809
26133
13987
15144
5107
36220
32076
22753
3702
6269
415
26188
691
14112
9955
324
7601
29262
8703
31707
5554
37671
19490
21078
5793
16887
472
25653
22781
6432
7396
2604
8881
32887
15273
6402
21135
624
1339
1899
289
32528
5910
13678
2248
38375
6539
14957
4028
11325
5332
33120
22308
10201
16953
11428
13216
10195
28128
4306
32833
563
19583
29909
1010
6505
6794
24448
4648
17595
3590
39040
5898
25194
14291
3383
22698
32338
9466
1405
8511
292
12112
7681
1185
46174
36438
25597
17014
16038
23776
17944
8929
3901
7815
3941
6493
23995
22744
989
12837
44639
11614
41332
11228
3595
10592
878
3997
5587
332
3874
2145
1858
12008
2356
12677
743
9698
20843
277
5405
6224
6337
4039
12360
23362
12568
37046
1067
21388
128
14679
10982
2007
38596
26665
1573
31128
9366
7901
7720
27981
14857
30790
15715
37697
381
5654
4385
30892
37501
8240
3712
6573
37958
13087
1513
39644
403
16027
23831
221
18812
452
535
20019
457
9622
2442
21531
2341
834
4850
4173
6649
13432
8
18844
25322
460
18259
2834
13521
1518
2673
6490
13518
19005
7333
1553
189
15183
14623
3975
229
14773
49868
24028
50519
19843
18552
5921
17600
29239
12454
6411
4605
6227
27364
26295
3930
12079
7974
21323
2260
21190
9879
16600
8380
39454
13760
33865
2666
9886
481
1476
11722
7603
27667
9428
2145
9314
11587
45007
35898
297
31852
6971
14057
18017
908
25123
16558
73
15730
13301
26607
4768
37369
1995
3932
16244
11500
18878
7299
12451
18357
16651
25850
10355
4034
11129
28524
9594
28541
13851
394
18089
177
18944
28426
7024
21741
1582
18159
373
39806
5313
1723
11499
2475
8916
9297
5540
5273
16375
38693
1174
26123
286
2034
38190
256
31997
26203
25414
7657
15607
20389
34646
11247
2085
10380
13324
361
47649
3457
10288
25315
33195
13643
3281
18257
7488
19187
27313
16059
3852
21320
1879
36304
16660
14750
4380
16769
32908
8890
2868
6884
31131
15919
2090
12122
10810
17949
2056
1066
25252
11747
9768
672
18399
24214
28382
2640
31860
6389
20671
12254
2250
640
17201
34438
25535
2893
17590
876
17291
35158
46352
22686
1852
6473
17355
4991
2874
7210
29424
11390
1830
347
209
8990
5311
4525
14952
14035
34711
2742
29203
43256
17077
2286
26949
39186
18572
15256
1890
12110
16298
4806
6425
10096
7699
17575
13826
518
12881
732
3922
21090
4952
12043
45925
2746
9803
53431
4143
17825
29846
39569
14532
23
6523
30833
7792
8941
4994
1410
23954
4937
9108
33250
545
27183
25783
29846
1958
7852
493
678
15620
25949
1981
32644
13358
7051
18552
23657
20786
5695
227
7235
4872
6639
64
309
8037
37419
23893
34181
10
5361
8821
2997
595
26614
6965
4461
898
1549
47707
33943
5165
5954
5157
7861
37014
2940
1786
17110
2037
13017
6452
13445
21500
6391
7309
246
5322
228
14370
38730
8803
663
30315
17041
3147
9690
17477
5853
2946
36675
51763
8681
7664
7579
660
1268
39211
22037
2426
543
4956
2455
4402
4908
647
8610
2336
26913
3334
23396
1999
26754
34329
18610
18362
14293
11724
13988
48269
3225
18807
303
11630
26898
19007
20088
6307
4236
15951
31860
31345
9887
7545
2038
1706
978
1720
25339
13971
17408
13144
5483
758
1359
5836
29225
8871
4469
10490
40961
2081
8557
10036
19445
1938
20458
13504
24987
4273
2100
9157
32907
1984
4991
5021
1380
25584
22179
8769
19
1116
1347
26162
10697
32369
3968
14115
15536
10407
2372
24905
771
29167
13909
6736
13400
19303
32140
3207
11303
6942
1180
11047
3301
25414
40838
11892
24337
26971
39177
37426
9259
1934
23765
4917
41803
2907
1106
21816
11507
22416
20834
18
4523
19717
47426
9925
6718
33729
103
21893
15789
10978
37281
469
5103
3185
439
35942
10550
15939
13557
27867
31269
4042
2797
28130
39149
2550
14772
2049
33061
19231
6719
1559
5710
5506
32251
28875
37163
19457
12508
3403
4553
6262
16557
1895
19547
3485
10326
1066
14223
43359
28786
7024
543
1506
13236
30993
7522
11096
16600
801
4236
6632
10850
11543
13708
8305
1636
2736
8663
4215
2640
409
493
46977
1287
3881
163
16373
7207
8440
12866
34653
1367
3857
48650
4623
36470
13644
7669
15807
583
49865
833
17228
58
5790
4796
4170
12833
20081
2765
732
1279
8081
38968
47407
3771
34144
6524
10911
11073
6968
5272
2584
4693
262
23585
4460
12359
16909
28306
42228
5318
646
28529
9185
29792
18381
1311
24123
15372
2521
15004
6696
4623
16095
12262
7569
26124
26683
31414
36209
9319
2577
22563
21850
4938
6420
6837
28040
13524
12065
7368
107
14733
20989
3523
15767
11386
8895
251
1573
15512
1491
21881
10161
1091
46216
775
9946
5421
50751
12878
29962
1133
28500
669
11931
14473
364
1776
12709
14965
14655
21698
33630
1837
4214
1386
1642
15250
3510
8007
12755
22007
655
23873
312
16065
2975
29823
5532
5456
13290
26946
25172
5278
46892
5872
45633
5952
5356
4092
8072
5894
10133
6062
11558
16874
6063
12535
39283
171
1476
362
17564
37677
29702
4263
26171
20513
35580
10220
28492
1637
2825
11011
17610
32448
20323
33004
29040
2738
10946
12915
14239
1953
6869
10428
13114
1467
768
2590
9988
3543
3717
1891
31245
34864
45350
10545
12288
6299
18165
19433
29814
2358
45709
19297
2875
14441
12049
24732
27290
12948
16391
829
30491
6043
7635
2713
1384
49991
29703
11780
40702
4873
16260
3386
2789
44784
33454
19613
5531
106
30835
4210
13184
4497
7892
15578
1756
310
8136
27106
9593
36276
9413
6269
6456
1451
174
25112
6237
18741
12533
1951
7230
22378
76
5343
26298
31848
2695
31984
3478
6694
19024
17620
7186
29432
1855
13558
5544
3328
22800
2451
35549
3508
8548
4567
7884
472
5307
29894
20996
2619
31187
3852
8673
10068
3436
8981
38117
38177
9217
11153
9435
11436
21556
9191
35614
17260
47659
691
1394
4642
3731
5539
18298
522
16864
10382
406
5934
7428
10201
16278
11729
25390
9753
9931
37450
222
8380
24829
15432
1479
26945
979
25158
15925
2128
12873
12148
45201
18947
1561
3255
14496
3709
4579
639
7126
273
16687
6924
30712
14091
3881
23032
13969
2159
40185
22401
24827
1331
3006
18184
22924
45280
21756
3564
5944
39
319
8946
4724
15468
8722
3106
1813
36668
12299
19409
382
7743
4700
28215
732
3382
5964
1238
7910
17162
49582
16366
9909
4861
4098
7836
18249
14797
11107
21425
2244
8280
8376
8547
20804
26993
4679
30023
5953
12860
41460
22796
10872
29278
16913
23368
7121
3459
5111
341
1129
52
531
26010
11491
17391
14722
11690
29531
8965
13845
576
10474
15943
12536
96
13817
21416
13091
14291
967
19198
13065
22041
6287
27762
4791
4312
13731
9841
9274
9241
3886
341
16987
6445
963
3123
21902
13300
9789
6627
3397
19263
17722
31235
21227
15298
19717
27012
4806
8880
12441
712
21576
2081
41482
285
2082
10589
3273
7094
49924
4285
25731
9515
9903
13076
28
10548
44660
1514
5023
25586
36953
316
11510
2666
8340
17081
42737
16317
8026
18885
18852
5659
23687
27798
2107
28878
1592
44562
6888
1833
2440
3567
12528
5166
1652
24605
3904
3329
11799
7919
7947
24270
13025
29672
27225
807
919
1413
4251
18100
7199
26733
8763
6752
9895
2271
21842
14343
39677
860
13183
2595
9279
2423
7414
1845
12427
5306
1437
23592
30978
15880
40698
32802
14441
19813
10477
31605
6221
3368
6669
8587
15759
7738
2289
8922
13392
6997
11932
30622
39356
2978
8423
13083
13836
24484
1295
41185
13747
21577
7690
5623
16361
13291
7282
39664
3762
33932
13386
7472
19061
15693
8267
3212
14743
29536
172
37356
5947
62
10591
13331
47
35880
19595
39544
21943
28070
2376
4126
1095
28314
2559
29370
9299
25176
1579
14605
38136
12299
20274
19965
14954
14234
12664
5083
1029
4267
12604
73
18473
39429
45454
3414
7749
2030
24056
13528
30097
1815
1311
27221
16351
108
4730
12265
17563
17929
10751
2124
30432
2473
1961
16222
38991
7849
7945
23466
14182
17422
32988
12378
5148
19226
19202
4746
20446
19470
6714
963
7197
17634
46924
19980
20260
2472
17887
43312
9571
85
917
891
1113
37258
18208
6553
20945
3571
965
2833
18799
21957
36301
31864
2539
8741
2578
17488
12366
3549
14084
27219
2264
20554
8316
12707
2142
1474
1360
4977
2995
34412
16491
23746
4369
8429
2638
7334
30502
18159
22596
4020
2718
19357
17184
10997
21612
42830
19953
6683
16827
9066
20969
17227
14518
11576
29788
30492
3164
11198
20423
5599
25338
34376
21439
11631
33694
40171
12842
5830
35328
28141
2160
26370
575
39140
23480
30662
21046
11183
1577
1226
13884
13
17437
17407
8642
6031
836
282
8266
12712
21861
18741
13404
11910
13248
12434
13724
40584
19207
3434
6126
29781
9075
978
15761
24645
8979
9578
22147
28806
4152
5208
36364
18049
7127
279
41339
11386
23883
2569
878
3168
46317
3419
24708
10785
25176
4994
16316
7853
305
114
30480
15800
12486
2076
25070
10939
266
22823
27232
2285
4995
2237
6940
3965
18537
5669
7406
14507
536
29730
11842
10800
1857
26142
1865
36069
14660
5927
18650
1914
2494
31185
4282
22947
6958
23950
37940
37635
18125
23797
11174
17337
2521
19213
5385
19681
26342
30085
3381
4870
1037
4845
17645
11393
1668
8132
7444
14031
9658
28761
2632
17190
11520
52526
33624
5634
7467
31357
22761
25406
2764
736
233
7524
3740
14740
18163
12
32384
141
14105
150
7789
18182
4725
6447
35721
3995
15655
5181
18973
42681
5539
8242
32443
23683
1635
48
14567
13702
15718
11682
5071
23654
8977
16479
244
12107
36756
12461
20588
23273
23601
19117
31856
16691
7640
4842
20430
7519
1477
15301
7980
857
14567
1345
21520
11388
32598
10935
2005
14785
12653
238
13614
313
13327
10205
528
8959
10534
26825
11931
4599
7
4028
13039
11010
2604
34
5974
6780
41048
6931
8971
12338
5298
31497
25213
30470
5328
1761
4263
21085
9269
40638
2786
3844
13917
12324
9908
2286
2079
21366
3114
20808
38182
8064
11940
24276
42133
5153
10774
53
27
611
154
1145
26597
3751
7323
26905
11452
34474
12213
43305
2349
13933
17572
15397
15528
16518
31507
10409
19854
21441
10320
19896
5001
6614
35484
3518
24685
14114
6449
1360
9878
6592
17169
26060
2915
11376
10415
306
2057
3022
25942
7667
12864
24984
30885
21985
7039
9287
4490
5726
3023
19055
8697
9536
5148
5240
46524
7832
27613
4045
8814
16211
27757
342
6486
6648
27950
4265
4771
12395
3657
496
10372
8642
1415
9382
13256
29423
12324
12057
6552
2305
19784
19499
16407
345
11237
3481
19535
8834
44090
20245
25755
21293
678
11480
13131
17375
6913
4317
16662
13027
24441
920
31755
9682
39053
1347
129
43874
34838
3841
37281
4338
24649
7920
7989
17422
34849
2764
17583
3568
15885
3668
11584
10916
6398
3673
6371
260
41291
43425
557
7971
10321
6275
6494
15176
8517
8161
9896
3045
28974
6850
9180
22497
12031
7332
11473
7720
12633
17276
17482
23825
4962
5621
12072
14737
14595
15758
13481
44196
23940
2933
5375
20808
11941
10127
1167
12424
30055
4005
22301
6681
2847
34103
25062
27640
15625
2785
11195
2340
9276
19663
340
4361
3872
9730
1497
8945
442
23101
17155
1848
2159
22476
5864
7269
2189
9665
36130
16962
11813
16872
28055
10818
1602
13452
246
10917
4947
29360
38446
1873
38178
5867
17407
9339
591
12890
3105
50468
25590
14452
2583
18672
7404
1464
5661
7349
15848
7808
4876
24319
22513
6679
1595
14726
2428
1686
1248
15197
2048
21507
1227
4648
499
11350
26362
27478
27734
10204
13913
35077
8629
38591
161
21720
3176
3528
43285
5324
6316
5297
19857
32351
23868
4538
10179
35540
7591
42716
1194
774
13712
3721
10038
14505
32753
8636
14790
4480
5850
21268
19137
11048
19547
16576
11404
16182
22472
9129
340
18293
953
14922
10809
252
2188
6271
853
3892
1759
7268
47716
1240
2444
9179
6619
11797
16670
8216
15130
46064
1183
3174
15317
3576
421
29192
37150
2875
45604
896
205
12077
3050
204
2560
6908
40029
820
34717
34917
6585
30514
9448
14633
45744
215
1288
9682
36491
15392
29573
2689
37102
419
23419
16659
7177
23
3501
623
18607
11096
20833
11458
7472
7573
19121
20110
18479
34907
904
3155
1927
17133
29435
490
1780
12834
648
1746
20551
5268
4512
11706
1917
561
5052
30871
12131
37791
3502
7160
33369
10259
1348
15012
8342
33413
14030
5070
16969
5197
10191
4497
6792
13146
23259
38817
11905
2668
518
8323
8804
26887
19036
3623
1207
23256
5530
4872
38219
19637
6907
771
14290
32442
2338
6523
15859
16936
5493
36664
22626
9410
8341
30
8493
5161
10752
42325
511
23302
5907
12259
7235
19789
32627
31116
28017
4288
11198
12681
2509
7099
61
23526
8240
4003
36030
5149
27764
10224
18121
6087
3936
3082
42804
35166
25754
9336
7421
39594
26681
725
42066
1576
919
1374
43234
36116
9054
48411
2771
25368
8846
7598
1602
19041
22715
1996
27744
31077
5685
30818
7435
1126
4987
5968
16380
1931
2329
17096
4647
41079
15241
13451
2237
1386
3956
3348
31710
5393
27644
1811
12200
12601
3376
27237
7067
32182
106
15328
15678
14645
4536
113
6849
7336
15781
49283
14243
3756
12952
22904
4871
22440
18223
5191
1230
19673
164
8661
6560
986
10540
11321
20124
10304
103
118
11404
22200
2641
2184
5204
2622
6604
4140
23175
22576
10032
21723
16463
2657
28061
2090
3796
5714
13143
11081
4187
28557
31520
3747
11634
38
13977
37739
1185
16270
1999
12880
332
14281
28616
2093
18759
3707
22006
4160
23424
10791
3133
8221
290
47154
347
1649
2285
2511
23665
1770
19222
6333
13831
21147
25695
37149
27270
9904
32952
35133
6116
14503
30330
17002
4797
10070
22013
4079
16930
27490
8086
22607
33853
1655
19722
16848
4667
89
18202
26574
10174
5560
2183
19651
5882
17264
18156
15484
37607
14863
371
14022
20238
12114
11173
41082
1545
3533
15255
32034
9684
3823
34483
50707
8979
8888
9405
6117
1512
5585
11610
36070
1610
10016
4699
7019
37197
12427
10140
8395
6346
3150
10572
18443
16358
22708
3089
29461
30572
3754
18441
24073
981
2719
13519
17194
29729
1301
110
922
7172
2104
28228
3425
34477
19323
2344
1840
13761
5589
7659
14986
279
7552
13628
7382
17452
31112
14085
12468
2337
24096
4281
42357
141
24808
50355
2380
33158
12095
6788
4281
12191
5648
891
24857
30226
22860
534
22476
15302
43062
34032
1149
7109
9598
31106
2378
1018
6554
5942
7405
18949
32561
988
9703
27426
48820
3563
44166
3835
10589
1200
2633
34875
19559
1534
17801
30
26408
4792
22040
19388
1848
6089
1924
9186
4806
28983
29196
741
1436
5192
6727
14106
15612
18972
48526
16820
26876
9192
3541
44587
42378
37704
25088
577
9218
14091
2955
32896
38969
9891
7637
7475
32735
39580
25335
30385
9344
5045
18491
5075
7001
20567
752
6684
158
8340
28352
3496
14241
21080
3560
3220
458
250
1041
635
16956
969
43708
5910
6137
3411
5403
1758
3212
11368
2447
5918
17957
20044
21854
12743
3115
122
10343
4465
31263
229
1021
30348
11688
1219
14727
35780
7653
18235
19845
1402
17570
952
23778
14414
18662
16174
23589
2131
5266
3498
16113
9792
24824
27
35806
985
12237
14400
20603
8723
4246
2681
40342
11341
32406
4791
1513
7
740
3108
5126
1377
894
3823
29382
7226
1005
16290
1687
331
15097
60
12623
17188
6879
1893
36934
26319
9335
11726
15174
902
20361
11571
90
48656
1191
884
30016
3845
530
22419
36213
30368
6435
44968
9027
7220
27256
4118
1521
7094
4095
4502
18976
2427
4076
24961
14683
25810
40071
20069
7814
3669
6801
27853
9277
5010
15704
1944
13261
1237
24863
594
48527
3005
12004
14776
5028
15769
3263
14927
179
9048
9318
4519
8029
4090
1985
16782
2229
23629
37396
2498
1340
2278
12203
516
36849
3522
4493
6382
2480
21078
32584
9021
16997
16558
21
1613
16024
2521
22182
23403
31812
15563
3589
9390
3106
20212
34078
774
36226
15158
17782
31537
22240
146
2
16066
72
25612
30943
7594
16696
4245
6741
624
1240
1327
25705
27345
38576
3658
26510
7068
33368
10817
16807
25351
4513
8606
14328
43108
8286
5237
17102
7404
48035
24739
1812
9494
448
12877
2058
24002
42504
32648
37533
20376
6713
17032
11808
16331
6579
14888
17301
11713
11545
10351
43092
2806
26443
4166
2058
16084
35364
8473
1422
6860
7636
6747
23834
13295
7752
33570
855
18630
39139
30277
13536
2788
18104
25546
30562
1306
36459
27573
21597
13954
1043
11212
21693
5924
12189
6286
1253
5613
12980
1397
17222
32224
6359
5955
8013
8556
10812
8363
36955
4827
9065
978
6071
7295
7643
9103
9325
6311
21739
7181
94
21831
463
20728
19533
24867
17364
5510
1183
11637
5730
50
30540
12489
11009
668
21172
80
39366
21909
12915
44700
7023
4681
28511
10122
38608
4132
685
30073
24815
51859
11914
1628
18853
2289
28285
5638
9110
1916
17168
27780
1559
16711
15261
9253
16147
75
32822
42777
43391
2697
1533
35091
10864
17509
18077
12294
4593
49265
3049
3797
5747
36850
1086
7107
29517
12152
26318
40245
4518
24213
3351
2061
8840
33538
8
28816
8379
25476
36598
43013
10564
2014
27608
37024
11772
27027
10936
428
20698
14645
11791
10321
15367
36765
8645
5182
31082
1211
41990
14961
34937
12913
1669
605
27865
1434
14020
6068
11423
2795
3729
2389
7242
27744
11777
8179
43234
15923
13392
41687
37335
25164
49068
827
29653
321
9817
45403
1028
9449
19596
2547
21207
2719
7919
38500
11504
9221
265
189
46167
3844
3178
25955
19287
19852
12799
4841
9551
25238
16333
39670
9289
23191
1601
390
16570
17081
18464
9767
42163
10660
7172
2188
3611
7582
41778
25452
11625
13779
2904
35646
18057
6005
1535
15457
33697
14494
8416
26166
2136
4849
9338
11018
10480
3855
33842
3281
10354
43052
52646
16389
38243
12380
3893
13813
34617
119
3041
12747
177
4736
13608
1719
36156
3816
5717
560
18061
16020
7930
20105
16632
12975
5429
27071
3637
551
31301
18319
17649
25809
2876
3554
713
4179
11234
44102
174
8
2387
1072
8437
8888
27761
359
18656
14657
14235
665
8082
23927
148
7732
26796
943
12820
17003
14306
5689
2809
286
1295
36987
9301
3625
3231
2547
2139
4215
3699
16582
17928
4004
2064
11695
5910
12910
3535
18866
7429
1053
13499
20380
6206
7184
35647
3297
4382
2825
11782
20098
16761
26592
11767
18065
31572
32605
36861
18854
14684
6965
192
17344
54
11272
32091
32360
39383
30722
19939
46282
18190
12390
6359
26060
10137
866
10120
3072
20875
12373
19205
18263
23430
6467
15481
34452
22340
13724
8696
689
11339
7757
14207
21008
10826
23895
14316
2125
13156
36836
12317
26364
27805
2906
18589
35095
3908
13075
6124
8790
3016
11806
1715
22815
2266
12373
1461
21121
25
45133
9015
46
44061
23580
2242
20947
24772
26784
156
2253
30108
36606
9138
2932
2027
9748
2227
58
26624
1021
2117
4723
38310
6770
42757
15425
36169
3042
12990
9395
914
371
35474
18114
15748
8211
12853
6291
39755
13691
5162
11221
14235
379
3514
690
6259
47629
38407
11234
2496
17065
358
3677
27537
23384
860
922
1817
5134
13724
2602
23983
33308
2078
8176
3528
31903
10759
1358
280
81
23638
9069
2879
16673
170
21488
1752
28381
21153
8017
4879
3111
14615
36286
17682
17350
3605
32739
7207
33151
46459
16799
28375
1828
1075
13390
15912
47206
1307
4083
3741
23389
2177
11552
14766
26277
3337
8069
20649
2278
1382
512
31965
48388
9192
768
3544
10823
2851
6639
2029
44505
1307
27769
11538
20419
164
45425
1348
3757
5404
1547
6742
25578
2894
9758
4790
5977
14305
3410
35348
1678
1960
363
43761
16130
21022
6068
36282
302
6716
398
30681
23457
7784
11435
27816
4255
27844
2033
1826
7565
37870
1593
4281
5919
20022
7751
10562
1012
4302
19698
8021
11966
25308
8114
31458
8347
18217
4115
800
38388
371
44674
78
5912
5367
43854
11112
211
9687
22541
37436
14376
283
2116
25704
9229
8679
12277
22582
8657
1863
4783
1439
32441
9964
17149
12594
5827
3754
4834
15662
21233
1049
2338
10483
21512
27842
42624
6122
3664
23560
1611
11072
668
7275
815
17794
24481
15532
18029
5977
1090
16730
40421
22516
44765
45904
1012
2597
2410
30948
15561
25756
5378
41488
8617
3008
3582
910
438
9363
17961
39136
28115
5176
6753
2693
39797
40872
30255
33071
24634
26146
1753
143
19073
13434
1950
110
5117
22980
7014
38353
27533
12066
17599
13110
2092
20031
12480
2454
5063
42725
6028
5929
39682
3485
38963
981
7677
38215
1618
619
9825
18727
14582
5338
6806
5945
1080
17329
20129
6967
41825
312
15397
12949
31161
5541
23427
7288
1016
3481
30658
33908
5762
17306
14749
1454
8776
3407
34036
40927
14684
31500
12098
9502
2955
3270
4696
19317
12832
115
36330
548
12186
42524
2210
37429
10057
2251
5944
5326
1630
23801
23109
3401
19605
1783
12398
2958
29687
6986
7140
1496
8242
6360
22954
1170
2480
30034
11131
17924
482
908
1095
825
10831
15289
15399
6244
13207
42854
10914
11355
1220
16717
4459
11490
14165
12080
98
5194
10896
5833
39206
40315
1157
3665
15589
362
15067
15448
13479
5278
24614
15342
21922
1
9431
2827
14458
23160
13766
8882
18249
5548
2243
14911
5447
28079
20033
1
4057
21969
10961
24068
19162
26125
48041
7696
587
5631
18039
392
6611
48856
6906
5674
11312
7733
11521
11230
4793
21505
7204
490
10859
21666
10239
17199
24135
5410
1836
20444
38974
1208
4829
1312
17676
13892
5156
2972
2365
1619
12924
87
11852
4074
1636
2018
53105
45179
378
30012
2284
7874
8831
4991
14853
4532
17579
8895
33079
16713
1081
25590
11449
12290
8704
5533
16339
8373
5555
18
41725
36245
7291
14512
9972
37748
2041
3333
10938
6288
1505
40694
12633
16340
29752
19692
5507
6331
353
23774
9324
44285
23754
1337
36498
846
23376
32914
9094
30508
23405
4893
1637
14388
5751
19316
12238
873
9180
41918
7850
10005
412
5161
11511
22879
17915
14838
15022
26406
14682
149
9034
1903
18670
167
9125
8656
50328
32870
6690
36251
4359
1225
16485
25657
6707
32974
1196
20042
1862
37969
8465
5181
10228
32430
2574
17947
3223
16972
11618
1885
16079
5561
38408
27379
4141
12318
6705
1452
7353
4810
38337
4212
27029
22474
4403
14595
15289
2635
25137
12605
13823
6735
24398
274
3560
4833
28558
1192
373
22996
3334
12452
32430
5458
8887
6366
25730
10583
2332
10833
15301
23917
43657
766
12574
30924
5474
6254
7604
11364
15157
11050
12552
293
3791
11001
6168
25757
1303
1963
20883
7132
8182
4559
21791
11979
19394
20104
22328
225
6464
15916
936
38566
10777
13714
14528
21719
10114
923
8081
13584
17372
1461
45610
19810
28408
393
25516
5436
24624
8476
2234
88
6654
19941
24514
12141
25333
1692
2245
4672
31420
27213
16245
2367
2264
5907
18356
10350
25585
5445
25866
5046
33634
12411
5358
21537
38663
7020
1914
41834
33123
3547
602
16892
14613
11257
3960
1369
35833
19855
16649
721
7709
25771
2990
9314
8446
18292
4969
8439
27
31948
16307
32649
2522
12037
1451
16235
423
9162
30380
11635
390
53490
390
2909
16221
5342
1716
29244
2434
13405
11643
19357
30636
17177
5909
647
12084
14340
26199
5652
17228
42
22924
1866
13753
36998
19649
2774
733
732
17003
2504
10114
27
31152
26477
6656
164
887
9325
32692
4528
28345
40797
5596
5475
4605
29365
25963
2083
20540
5083
14690
487
3278
8035
5971
5709
29689
15062
38322
182
7668
4799
7923
27535
26950
382
4736
11911
32027
22755
13893
29327
26390
30591
30220
26704
15113
2286
2496
39789
54150
6039
1839
8585
12210
15562
2334
35614
652
51648
10
1130
2779
713
2608
12477
14506
46079
9252
16711
675
30137
17513
4179
5716
11637
3370
2195
31632
4945
2513
23208
5419
11802
2594
10615
13481
19832
31209
22281
15363
34502
476
10637
8950
6309
7353
1369
29467
13911
11862
13924
44598
17896
6949
18018
8580
5088
12650
422
1019
12859
10504
13102
16
24930
20114
6162
9842
16179
1170
6435
42548
5410
1140
400
11760
32555
9047
11596
7193
16695
9004
370
29238
19498
7733
39891
19898
4301
4026
4178
10157
6379
13515
9889
14445
41299
23930
1608
44194
14696
5318
20926
26993
9857
22389
26341
6444
3237
38880
20039
9108
13700
8173
11538
32917
21710
6592
13305
60
11068
3733
1193
5684
30067
2151
1931
9314
514
3205
14688
35248
24671
15249
8689
3608
11161
39167
6586
8909
25652
8287
26293
4203
12897
356
5628
609
69
26592
34223
6094
28187
12155
9161
25943
5537
1429
10850
7560
7961
4241
9432
14469
8019
1955
20910
8673
17941
5832
38340
3897
22852
26579
10385
17295
25514
7765
2438
24115
4535
2134
19313
3223
6068
2790
1719
8342
673
11754
20399
36921
67
28898
8529
13249
3020
2416
21604
5416
20295
2131
3152
16418
31019
16975
15306
1689
30484
13222
39596
25529
17105
38334
3367
15485
393
2738
4091
2180
16050
4443
17128
19459
7006
1204
4333
24965
4548
5784
71
5836
27596
4238
33586
4486
31777
2471
2067
2535
11214
11235
719
23631
2507
31131
5030
5397
7682
2479
27552
31567
4429
19581
30666
14471
2678
46094
35033
38074
2260
4450
18734
41563
14848
4924
45229
2054
721
18895
23305
3632
35232
5022
43564
5953
19039
32213
45196
50411
14392
22462
11619
8585
6082
13058
1923
3461
8581
27164
3383
2393
23755
31133
10099
5351
8369
29973
33556
39223
39619
26215
37148
44946
783
1640
2919
23706
22850
34683
38940
23001
4328
1019
10629
8563
1494
2915
17342
17100
9028
4541
10401
6931
8045
7268
10421
3922
18601
17585
34594
2564
45899
2186
8767
4651
47759
3920
29154
159
25833
21559
10774
6392
8558
23020
21609
31715
84
1889
25191
22001
14918
4196
2602
252
23248
6856
27345
9849
2155
6221
43477
73
26813
4399
41008
5081
6481
58
5263
30888
17148
472
23293
2114
19320
12502
38934
18452
11743
23415
7969
12323
1862
8262
10181
15097
3748
11199
21515
20607
7365
7169
21533
11554
22061
16557
2447
8072
5109
794
2085
5037
19048
7744
12254
6519
2812
30034
5114
19753
9182
8791
18586
2883
971
26852
1213
22798
5869
14938
771
2758
43633
42853
2662
35253
5824
17100
10727
1834
1113
10803
14990
12010
38251
4520
7333
9389
33789
3350
23874
8227
2748
2582
5654
7202
1621
364
4135
1911
6263
2849
24380
28134
14352
42513
2678
3265
4753
48627
8377
16
3926
4977
7561
6146
6958
16116
42189
27195
18878
8741
18472
3121
5246
1252
783
12135
4275
26835
7158
1771
5571
3437
18392
18975
196
3714
2189
31191
39385
146
336
6611
2230
12030
6451
1048
22671
9649
3222
15108
8478
21387
18908
15801
14566
8082
16303
10555
985
15436
18253
43581
8681
4266
30482
7529
14190
9997
3753
12244
44473
23709
22244
18908
22649
468
49321
12731
13368
2063
3493
8098
34793
467
543
1781
148
1418
5957
27699
16107
10653
30799
2183
5598
18264
39609
3177
802
28812
43878
20847
2782
902
28493
10200
3193
5964
26476
9457
5350
8627
20431
6113
12314
4839
1631
3324
41420
216
429
16283
25100
18489
7975
1101
19664
33648
790
19183
6299
21063
23565
23744
40774
1103
11738
23436
8855
22372
12711
27088
8968
48841
45637
10186
4910
39910
11044
37818
14248
6610
15622
9119
32951
3802
11108
26623
9996
5807
2806
6058
12189
25913
14622
255
19315
6561
6123
6319
16109
3865
1139
36671
22031
3876
3148
824
13812
7828
38744
42967
25062
306
14876
4382
2692
10974
51566
14997
10612
25359
7238
8326
668
28944
42424
7719
11406
54318
2348
29688
4362
20630
12269
46511
33022
34141
2683
1717
7344
28740
81
1398
20575
44334
8404
16977
15447
446
6795
16485
497
26988
2773
45074
3120
11329
20936
26523
897
6955
421
6156
5812
22624
19115
6778
13678
18991
33369
4270
16092
12725
3201
7899
25067
17476
9782
16878
5826
15078
24701
24996
24019
23003
4553
14844
19910
2560
10585
6509
35120
17460
5980
19745
27884
11923
6179
10760
4920
1034
10499
13433
10942
6951
36278
3012
16202
645
3983
11520
2525
211
4784
13155
2105
2251
19620
10479
22152
16883
45642
45323
15535
4923
6925
2421
16183
6119
8713
29726
26402
38558
10337
17408
19127
16182
30271
4812
20153
8341
12331
3806
26808
14442
17141
19830
16622
45
12695
30015
2716
4270
10783
14090
19841
35190
7537
9754
15613
22591
3630
2022
23793
3847
19499
25818
9064
5507
30102
9866
14124
6
12176
2214
3752
32883
23561
11725
644
2725
7667
6540
39742
3183
3692
8131
19354
7202
9264
606
1408
42555
17469
7537
2222
939
8164
556
8507
8043
14658
14701
41232
21117
27177
1929
47
4700
4470
6207
21429
6639
3226
35164
5080
6161
8002
6892
17440
14556
2935
11817
17690
1393
17811
26383
5594
14357
33770
34284
268
11931
4026
8476
31587
5630
20649
3172
321
12927
2641
25431
7162
3288
9715
10498
5522
181
19320
13151
1628
2913
21408
18333
11976
430
2121
24221
36952
11452
25107
11350
2608
26090
118
2640
8071
17974
3414
3351
59
7655
11007
1345
10720
2069
112
15163
6827
18867
30267
4432
27988
46
979
15674
344
886
315
300
10992
4963
20738
15732
26837
3321
6608
8313
10540
13361
34828
13433
11551
1923
8678
20715
5957
34297
17959
9113
14813
461
2722
24375
25979
5800
27044
17086
852
24273
10602
13708
12695
2203
10450
16576
1712
5122
18794
10050
6611
5970
11820
8669
6392
13541
12794
10530
21084
14043
1687
6098
2488
17197
8630
3172
16329
1922
1672
9376
6459
14478
23952
20216
28741
7438
1823
41207
6554
8278
11801
2369
242
4927
5299
10155
43063
21
6219
4218
5287
35163
37263
14207
12552
8555
12068
4625
12462
18485
9736
1338
456
7512
52057
22783
7435
11932
2342
8562
6978
32720
16304
31977
4152
16470
2655
7476
27141
18762
13286
12839
15477
13952
8855
8590
1429
5672
33450
28523
8013
10512
5798
12345
25136
6178
2650
17664
52096
2411
42947
7649
1121
124
16053
4560
1488
4135
10693
39437
11615
22468
12465
8622
30525
32376
27137
1494
23813
659
2611
7287
926
9066
2597
1593
9577
32064
27103
25299
1590
4794
21665
727
35
32417
473
997
13518
1338
25682
16439
8202
10497
33511
5444
23404
12526
3989
6586
32632
21059
14746
24934
2757
25230
368
25876
26755
28428
1316
2338
23559
2335
35871
809
460
14485
17816
4963
5449
6281
8660
9997
1075
19068
36699
901
1476
16371
37843
18484
21767
3374
4447
27058
18035
13455
2377
4997
16696
612
5560
4072
13975
4632
7343
1730
478
24472
532
340
33473
2973
752
4129
46370
3454
3660
24613
27478
1799
4630
2354
30805
25161
12170
2937
10715
17580
16693
22605
9989
17491
7400
3770
3182
8869
7209
5360
13580
33378
136
22751
41018
4572
4855
1538
14372
28941
23505
2490
5585
3909
11027
4498
2552
1505
2233
22538
26761
21045
22556
82
14475
21936
30379
20350
1961
17533
36358
1364
84
2673
5426
15217
8924
30212
36504
201
6824
330
26527
2596
9121
21701
21538
21754
7278
400
12116
49479
31263
11028
11064
11091
3120
44067
25798
7362
10507
8695
3202
3160
1493
6283
16847
31417
44141
24577
4574
931
7808
1843
15374
613
10119
3823
1113
17431
27749
3917
2333
41810
1771
43936
1602
4141
2315
13155
22187
25765
6477
601
22938
13873
36051
1942
7930
2621
11675
20141
7256
51839
7000
20999
10402
42578
5720
11582
16276
1276
5661
322
827
28131
1668
6693
84
2790
18123
542
19976
27155
29532
3437
7205
19933
8671
22176
10108
464
7196
20503
9141
25946
362
24778
33467
1745
8103
10332
5967
11473
2552
7807
10899
10510
10435
11329
13324
5607
15497
771
221
7353
6074
13249
39189
36644
1985
23628
1105
8241
38888
997
22216
262
9509
40680
24276
291
27013
1349
3540
7377
28324
2375
6791
32121
1626
21372
5798
5729
18218
411
12681
34416
4388
3808
14240
6162
862
2359
6885
12420
23797
16788
14073
1680
814
33211
5312
584
10113
2022
1336
6527
5669
21733
11633
7214
190
14878
2630
3868
14996
12066
22537
46355
15718
374
4061
29144
19724
7340
2953
659
8134
3655
19890
34539
14154
24787
15149
10366
1461
5961
13265
2711
5907
16165
7526
18703
879
15324
37080
43698
13903
27508
26734
36367
20277
17616
12048
4544
10780
13094
15540
13536
3285
17096
2686
1368
8306
4802
11791
4789
10753
16892
20123
33477
6855
36685
20348
30812
14421
16880
8950
9562
49100
26883
10375
1474
1525
33905
25886
12089
26325
4447
2616
1584
22813
25292
21904
6259
1152
6903
11504
25359
30361
10360
5658
38569
20836
30638
4587
34801
4817
4966
2889
11569
10969
52037
27663
22159
15000
3957
40492
6826
26471
38688
3367
32593
17893
725
4789
5382
14297
1691
12696
7268
9153
141
6965
2217
11213
8450
23709
30634
1435
1153
395
1354
35
4300
29154
15139
16499
40187
8815
8652
1217
369
10629
5872
63
7862
11506
16384
2431
6399
30901
23395
44611
14759
36293
24211
682
5396
47228
20334
815
18231
14673
32249
5853
43247
1878
3863
7041
6484
19700
19533
2534
17064
39391
12814
15167
41299
29378
33582
28008
2574
43732
32004
4704
9335
19856
8023
4493
16003
11014
1967
13041
16
36714
2637
817
23873
3415
895
12403
3359
21291
233
37015
11444
10666
10588
45799
25140
9356
27025
1622
3946
14824
25739
423
16800
21587
46750
12982
5575
25577
28476
30321
23156
5615
12668
5859
3409
13493
3996
2997
25287
14624
3054
18938
6801
17120
8941
33301
5731
25449
32641
2148
19042
31713
14191
27554
9395
20910
22168
5952
12198
17673
1445
18189
17141
13551
30739
18817
23965
3549
36907
8074
2730
1270
5737
12978
9030
453
10134
11799
2310
16147
6532
5081
6622
11029
1065
260
19894
973
16839
22833
4534
45950
13310
19133
33057
7166
515
580
224
11623
7528
12885
17713
12911
5730
3289
23639
1528
1359
2055
8369
21464
1945
18749
31556
42683
16014
29279
42892
14971
10503
9787
13312
26117
6995
7035
5847
4435
32674
33418
18235
2038
7687
8554
12658
24481
17634
16051
20774
25999
30993
31219
156
51826
14191
10488
36688
3046
6316
17639
10901
11413
10801
10372
522
2201
14455
545
293
28930
10582
453
27590
36407
13195
35314
41541
497
2598
1742
4994
5897
16916
31651
786
2005
32843
722
21604
2573
1865
27873
11643
12170
4154
6375
208
12873
8659
27260
3308
9945
29175
8975
31351
24344
33236
42858
3000
19411
18711
6157
9572
14093
9348
8595
39065
31443
29937
22885
2969
50569
40120
16590
14107
1214
24792
37299
12759
558
19429
16002
26313
24608
1380
19305
3833
27375
31696
8623
4646
9865
13249
17239
28695
36159
32763
8986
11960
39750
4608
6192
409
11162
2279
20053
25825
5522
14318
20254
13203
1683
760
28521
2584
15435
4535
31318
34882
1887
9441
43230
19264
1430
6013
19799
8042
291
14521
6705
5333
27045
20566
1023
10923
16297
22023
3613
10287
17365
18725
13777
688
46193
8000
5757
8238
766
2033
7409
1311
24759
11751
2791
16176
1541
22313
1147
23430
8472
12896
36808
1140
28526
1501
288
17412
29250
12552
3368
23376
21273
1733
30812
7311
16030
3242
27198
39310
13066
4340
22870
7732
879
4857
25348
43920
337
15867
13369
31948
9584
2838
10993
3040
12983
21784
3382
13050
23284
26145
7558
50920
26095
30826
1581
4432
9227
15760
8842
3345
8307
29285
1569
11259
10107
847
373
2340
4456
11848
747
737
12739
8118
22297
18080
33931
583
11956
16429
50335
16880
16761
10484
7348
1721
38869
4680
1811
26400
3308
12549
14151
19522
4953
8187
42500
17175
14272
1449
1901
5956
6495
32600
37490
2047
5550
19168
5943
12819
7189
3578
2648
14839
10939
26104
7486
1750
30671
358
4156
33370
3300
11070
18857
7306
23224
4639
15785
155
1870
970
6371
2812
483
17452
6238
13915
717
1526
11702
24216
10927
34018
7334
7370
18919
27331
23448
41956
1636
25804
25721
12045
4674
8428
28563
703
20336
32240
41712
647
1460
14599
16331
34116
6368
7062
4599
27852
42946
21101
19936
2337
1693
30416
934
17948
290
4004
9747
13224
16173
32801
45771
16799
51109
9272
36059
20734
6789
7685
2357
9668
1970
3395
11438
2608
1836
15423
9181
2863
18818
1185
18602
36719
7159
4570
5915
18458
13076
21722
18848
30787
1021
4443
18429
36421
7462
32483
100
13336
19994
18682
12212
12967
2311
46060
7445
5850
24552
2170
6590
16544
22701
27493
6332
5916
5343
19850
146
3494
19981
2507
13227
10961
3102
7346
8577
7659
23531
5271
25090
20624
4082
5417
6119
9922
2129
28140
13524
37467
16019
20232
4152
9217
10499
17891
28364
1181
8101
2813
15133
16481
21149
21001
21235
11178
6554
6505
608
7308
9759
9350
6620
5169
33454
1105
8074
30850
155
13465
8728
10850
46870
1419
3521
5614
8564
15064
42824
341
21019
47220
3120
12329
14063
17680
22265
41900
9837
23470
13428
25612
18730
8447
3799
21027
16514
32629
5783
2522
29125
15210
13041
8815
6208
2674
24016
4848
5576
4472
5798
26695
9278
3605
21465
13063
24109
2046
12444
14651
16656
10050
8019
7040
7203
30642
17067
15896
1822
34998
2062
36257
14150
41365
19583
30395
6402
102
42134
16937
20239
18118
31055
16531
975
16690
24148
22541
956
5618
12416
35073
18798
20844
215
33192
33114
1088
2769
14280
14376
24141
2389
22764
32979
22075
12818
26064
6999
11621
14388
24732
22892
5034
9786
5842
7743
40281
33803
18066
9747
6204
12758
5299
3000
10949
29663
400
2031
6556
702
16961
28970
557
153
7844
35066
996
14665
20679
1150
3929
198
19965
9593
36219
11228
28356
10874
1467
559
21622
19937
7511
3401
1980
12961
4357
6541
12432
32041
2377
42540
14754
7955
16757
19984
6054
3611
19044
21265
38565
14950
7761
4206
12886
1644
35642
2059
1932
30981
7076
12846
3391
840
20360
17158
12674
12510
7233
2921
26283
5090
1981
8054
1554
1294
539
9634
17736
32328
5453
559
23523
16878
20015
5567
1602
3431
40765
5955
5185
1214
23058
18887
873
1052
11076
37989
101
11880
26010
6810
2744
26780
5428
21023
33811
596
7326
11249
29719
407
1809
8761
24970
948
8200
1565
12626
1684
29331
8980
26136
8350
30055
21557
11301
14439
878
26027
9135
26107
1849
250
616
15296
31337
1368
34176
4094
18515
10170
8164
35163
807
25395
32521
13255
35865
10563
42543
17740
7704
15628
241
6576
3029
40564
7716
12445
22922
13003
23392
10019
35976
611
4341
9439
613
2194
4130
3404
6954
11427
419
4159
4416
19660
13385
13117
23180
8883
9672
16305
43063
15573
2121
910
27499
1462
9779
538
26405
5722
1401
9203
5128
614
4797
4221
1155
10964
28694
30359
13182
11899
29574
20782
18251
48579
4460
15024
9777
1228
34133
9529
5976
1729
23344
15814
34956
1878
278
45597
3378
10704
26839
6014
9748
4549
10455
2094
15025
19064
35856
40396
3714
3914
2958
6721
42199
145
22791
9154
23974
3694
34739
19368
9219
4145
6207
654
13253
1908
7529
4436
3036
1132
19966
3368
14574
31334
19547
13606
2723
16530
3530
9367
7151
37
18696
26563
37234
27652
1061
17416
22391
8216
5911
23943
5104
9807
51897
1900
2884
1504
1422
13986
33772
30
13452
23936
4706
14013
5952
29447
13959
11616
25026
22255
3650
8407
39982
13639
27555
56
48471
16000
1406
28179
13753
9017
5573
9129
838
46896
43026
35696
1264
14298
498
1983
917
8370
2970
219
29314
931
21504
30262
487
10758
20474
31074
10633
3622
43277
8973
2165
19409
2505
947
11898
7871
12430
4637
32231
15819
18236
10745
29091
40999
7031
4000
30648
23853
10566
2355
14785
46015
4715
11344
22401
19
8138
28809
796
480
11754
1382
19770
2482
11140
17131
2796
17469
1582
4
1523
27827
8704
3793
21474
21140
17440
29518
28422
1731
9880
3121
11659
6742
20025
37957
1435
14466
14388
15857
24693
27557
3083
45044
25891
28504
4905
28481
19396
7358
12389
32902
25196
17033
38346
20902
16804
4783
5452
27386
24801
4689
19312
25514
24260
5393
5585
16144
1580
16699
39698
7165
12085
25138
4160
2095
20316
880
24099
13957
30523
9235
2457
17486
1227
12592
31181
10544
24474
1225
11862
1742
49225
8435
14981
12023
8216
8317
27740
25876
13279
8328
27666
11363
1465
25467
27209
7427
34108
40292
53976
14245
8638
13732
1827
43475
3087
4114
7823
1064
45583
724
1365
42398
4196
39150
148
7926
4797
32548
4580
21739
11424
2485
8896
12296
29751
5259
7737
17726
28453
308
23034
26
226
2725
14143
982
5181
18376
12022
20855
4396
28273
17161
34418
22735
13147
35227
37638
2683
18088
50135
1846
24859
587
19881
34791
9426
4514
5792
3847
26940
13733
1700
2690
1540
7404
8632
1125
33131
262
14666
23667
4417
754
10885
12704
37117
13136
10469
5844
2125
40580
5920
33380
8915
955
28481
1075
11909
21011
28247
30195
14617
18264
3370
16949
1880
3933
1146
3553
18404
22919
19264
25051
5545
14323
33219
578
955
2231
8524
38885
41220
9815
36867
1744
8859
43566
18426
4882
6219
6381
9677
45717
25339
9864
1739
8033
43105
24113
14032
5601
27806
20817
8200
506
17272
10070
28925
26037
43076
2688
1597
50987
20189
1140
16122
16616
45890
17169
4424
10461
3461
22855
755
463
76
21546
29812
18045
390
9973
20566
750
7056
31363
25010
3548
6521
37755
24837
3635
1167
10382
4401
46631
9506
595
19113
26205
41132
5038
17560
35620
3807
8305
33004
16181
14323
7043
12231
165
2128
36863
23484
8824
17062
12852
2309
5147
4339
1126
10251
28705
3981
4802
10175
1421
3851
7720
16551
33907
1253
22238
14655
3818
22196
24902
6675
6688
22120
23576
393
7049
4528
17023
29839
4218
11708
7703
1067
832
13755
2977
11915
4133
15579
1438
8890
117
10365
15028
22095
13901
332
4406
6758
7760
9619
22197
27443
1745
9045
312
20584
29624
13618
2994
25432
9501
21084
18042
17551
34769
14086
36123
7778
14063
3927
34748
30773
12169
16882
18221
20318
7962
26719
9421
4033
14470
17090
291
15828
408
17096
230
28414
31874
5362
15939
3363
4689
77
7534
4710
10301
654
6575
945
2098
1952
5465
31423
19123
340
8132
15384
27982
9632
35273
7500
15216
3464
24250
2039
9482
1523
7365
8180
1160
780
4300
9889
6001
2929
3356
308
18670
3841
12524
11138
17090
29847
21495
15770
3877
4610
1149
38736
31064
30239
14629
44419
281
13505
4267
5011
22555
3477
9226
23084
35137
33108
530
5218
4644
25929
4260
19048
8332
29765
46845
18565
19317
11699
16193
33428
2719
46228
4651
28158
2202
1185
3052
19900
3035
41248
3097
1229
18923
26695
262
38906
8971
40152
270
18815
1898
7200
19964
553
28859
4832
24800
13311
25964
52607
1429
998
15826
6287
18359
22534
21849
21617
15719
18484
11572
841
1906
11789
846
22406
37219
16
1104
23240
9357
4
16460
3716
600
1788
9824
22535
13699
6814
10399
34045
1075
57
7601
5624
21213
6433
1113
13536
5578
14536
324
18282
28263
2945
7726
36730
30670
2767
3969
11572
8371
22167
21949
13951
31480
2002
11760
8283
14309
14894
27010
590
11665
6452
1938
11730
659
9705
2442
1889
38385
2255
4681
5889
22659
39133
10118
34306
30202
20296
8811
36695
20340
11882
45221
8321
17145
26263
6734
18269
27504
23046
1546
6071
22106
2002
1841
20778
29534
6258
16332
6492
12200
5501
18647
1919
20488
2329
15201
792
22616
25105
4062
1100
11786
9199
867
11992
7345
24096
35993
7849
31094
7898
5607
7301
13173
11944
45111
5419
14521
1382
31266
3524
25914
2800
855
9792
10000
2571
237
2254
15517
15438
11738
13257
410
12714
17999
2401
7172
4666
17490
950
10537
36810
35350
17214
9016
20048
29242
1050
15477
5714
24577
18929
5479
40472
2280
30682
4131
5571
22484
23396
16779
1283
26280
12545
19735
23920
4088
37340
45636
26301
667
19179
5376
21492
35020
8972
25949
2484
3409
4377
23197
4910
27913
12052
2934
18392
26782
1297
12132
17327
257
5499
42292
7012
10684
1913
7759
11927
31136
4308
5967
798
18242
11656
9351
2391
1751
8154
24357
5334
2686
5440
2282
11917
9496
7090
6422
4028
37560
2703
12904
37601
43548
2893
10736
11975
1973
4218
10442
8051
37629
21689
10259
21261
6170
1812
5922
4174
30326
29173
5039
5268
18978
16555
5818
21585
72
11681
6013
8202
43756
7235
39360
23454
6326
1833
16746
17724
8145
5279
4660
13260
11400
16780
17821
423
13958
6134
15295
21144
25910
16277
27634
1781
8337
2252
7690
12293
10575
11011
16518
417
8297
586
11470
3677
4789
8803
9309
6761
9774
19607
24330
2729
1587
33795
22358
24110
2729
6181
305
156
9586
19398
22370
7269
19615
3325
43190
12200
11828
8595
23265
10322
8092
244
579
23252
18753
22562
228
16252
2762
14991
281
14980
324
37834
6246
7128
1302
17033
11943
621
4400
30268
7304
1534
10908
723
11371
19871
13690
17442
11956
2376
29871
5257
43765
10513
6218
42584
2155
31230
32804
14863
6072
5949
9091
17445
9788
22880
7330
28272
9297
962
40949
4080
9779
16332
7035
3436
15371
21097
212
13436
30315
14687
4445
24362
1445
10447
23871
12324
8085
6479
10900
10768
18552
14048
6781
1000
11381
9290
1941
19720
5019
2132
875
24959
3226
18922
4722
34
4253
25218
17911
1995
4159
28932
4897
37971
35669
684
2345
18562
953
29389
12196
15222
18
4369
1599
7615
30389
4095
5824
6210
27974
27699
1808
19126
5367
4638
17398
42237
4735
19750
12625
7702
5247
9937
2069
299
13248
23217
1302
23736
22188
7111
16252
21348
42285
3348
7748
43044
1240
29147
1045
36674
4716
15288
13959
28911
6944
3161
1353
3304
17900
13138
6697
412
8653
669
3073
6004
1583
4782
9629
11724
1024
8810
19099
8839
14203
13369
21012
4257
45
33840
2928
13469
19922
45236
11593
6008
18376
18245
27522
22778
26521
20165
2450
3708
5814
41819
19120
18664
808
16824
11362
9106
37510
15736
1799
18235
19191
532
11959
846
36296
11345
32043
5732
27690
3109
4676
23574
18184
15262
1130
2957
37992
2863
21547
16571
15495
12350
11735
1616
96
20219
351
3972
28417
43723
18320
45931
18567
33100
13542
4135
15155
3343
14790
9079
6762
26279
9667
21718
27275
37375
11685
34550
34212
29582
23007
2197
11267
11337
10000
17754
5653
14108
5541
10843
12145
22873
6967
31425
8861
1926
39983
4023
4783
17264
2130
29977
16218
1348
14597
44767
21273
13954
5134
24006
8011
1107
9506
26267
4499
4790
15629
4258
16217
13797
7223
23642
2706
3423
13908
10976
41206
1541
3895
977
955
40472
9843
34172
1116
13839
11909
39624
11817
35922
17823
12385
27071
4504
18324
699
3756
3002
21540
39482
716
20986
23577
154
27952
4292
7215
22626
11255
12511
17680
4934
10239
8267
19299
2284
8050
15315
8981
27716
38293
525
2793
2857
26654
4785
3831
99
33872
9666
27303
10684
27121
6345
35952
24493
11812
19002
30449
36916
7588
8048
1447
23487
8747
1550
973
6750
7977
13774
5404
13925
16681
10472
3038
24450
13513
10553
2244
1908
27969
6578
13883
2098
10662
2597
12874
1975
31521
5841
11078
24320
8026
4253
27513
15524
21237
7789
2356
15452
16439
1950
45071
21188
14751
35722
8256
3428
24495
39400
1634
17623
7017
12059
9929
3982
13826
10307
23435
3549
3244
8913
21965
32685
1167
3517
5612
26178
3143
42653
1004
7167
2234
4137
20839
15953
33933
27628
3510
11589
9442
13065
1810
41039
579
24239
23014
1701
15930
28498
7833
11175
7332
26639
26764
16479
21361
19601
25439
20270
10723
3607
16343
14277
626
512
7951
3292
18016
2013
24813
2414
6799
3082
51
30598
16192
31872
13209
19295
6296
343
34354
4109
7384
126
6730
35363
3593
21969
948
3582
31270
11741
27105
5164
5534
33494
7717
2067
3043
6561
2693
7596
6174
8774
42826
10344
145
1258
29153
31201
2382
1160
6140
30599
8125
10780
51
7940
26416
9960
8341
6583
6436
35736
27064
32541
13493
11389
41902
29754
25082
6097
27269
11056
466
3667
196
10627
9399
35274
1865
12719
11413
2669
51680
26899
17302
45093
24132
1914
23179
12765
10694
15557
3194
13799
2609
7633
12516
9338
97
6320
19431
1575
35889
1694
24696
5077
4
1001
12284
7374
13446
23657
271
10019
17534
3657
20046
180
7378
17433
2485
1496
18231
8127
8878
8833
11254
10124
10198
3821
20973
51493
9734
5106
18153
6284
6431
20634
25192
22331
13406
4889
5862
426
2759
4981
9697
35307
2633
31732
10420
21230
13295
15380
7611
29470
13691
27525
11682
2203
21864
39086
28102
7413
20516
31348
12288
19764
22269
14658
7305
925
6162
23670
6333
3103
7454
2483
5811
30696
42368
22123
33971
15930
11357
1389
3644
18294
42469
15224
393
2455
20809
17136
23093
15249
6888
26322
10401
2455
11348
5737
38383
14077
4490
30748
34083
8487
32687
12619
14672
2773
14539
33538
14406
6563
8864
26240
14529
2312
10260
3711
2709
30383
6871
1549
25523
5586
13055
39314
28905
30
29272
14092
589
17533
5129
29221
12622
5892
44065
28283
14899
26597
1386
12900
4213
433
41600
18055
2560
16514
1558
21520
758
5823
32981
1411
6471
38874
7107
41940
42839
10529
17828
2368
19660
8981
27302
12842
1634
22617
1289
8681
28558
20192
2749
8216
6070
18113
2802
12227
21092
8495
36271
3654
20411
4015
10121
11056
12524
1422
8049
4196
6758
44594
33550
7459
15944
4632
4850
1822
15330
31115
12079
18847
2309
2465
14517
7435
4874
188
38867
22093
28641
1720
16826
36207
299
24874
5745
8093
2221
35158
52224
9371
16699
8549
25689
1658
10398
15173
31694
5558
26
1920
2142
19442
50800
15074
25259
32497
32023
29481
20402
32593
10526
1058
32852
18081
8023
25294
23101
2060
24622
3116
4174
1869
11319
8022
16998
3547
1782
8479
17373
2235
6510
12470
11059
1425
22958
31777
9127
2576
20832
3204
29403
8878
6035
18261
2105
4210
36805
5991
13704
7526
15827
15678
10413
3874
20675
43567
11529
31903
9354
1086
4370
10200
13429
3593
9680
26784
2300
2754
11371
13223
897
1025
31865
2250
9731
42858
7283
20982
6836
15281
17799
24208
15789
32060
24900
1344
22083
24143
5777
6754
798
34957
11001
16101
47
33182
1103
2570
9871
4712
6903
25143
11749
15293
4642
2951
9513
39027
36367
11269
48192
17066
17278
7019
26803
32673
1748
5715
32515
19953
1322
27835
3230
2349
10554
1022
1393
22596
1352
15607
8528
45992
4768
172
7563
45141
12394
1412
666
7249
3802
38314
5498
3073
4380
39811
21640
29038
16531
13493
30626
7993
320
497
11957
30024
18828
38009
4118
9224
45672
17515
37186
997
931
2048
18531
29319
28110
12554
31807
36520
3306
6476
1684
4663
3818
794
30787
5996
2097
42243
5504
5319
4964
23028
5802
14996
18784
28877
2742
12835
8986
20171
14350
439
15118
27218
11708
5857
5552
765
27907
15061
34098
9635
13313
10098
7911
1940
2260
16809
31151
26584
10851
9929
5675
22391
6039
863
12746
34235
11155
48
21304
8798
11714
513
14692
13054
23700
18465
29654
12673
6472
34231
654
7178
8713
1769
512
1724
11434
21595
18494
24485
26892
38913
2197
27304
724
26613
10506
5341
4382
8751
5341
31428
5057
2636
6237
8936
859
20129
4609
2548
8129
2523
16468
29659
6173
44152
23687
33939
904
21891
6639
34104
9194
4992
231
9183
2134
18232
1232
8881
14253
5633
14640
5767
3162
30611
3267
25659
15175
4970
21375
13289
17007
2200
17640
7374
25588
336
4697
15335
22047
37071
3952
21930
4772
7886
13950
33631
3038
16461
2197
45623
8573
6894
938
71
1055
4846
2872
16082
1292
5957
1832
20743
2081
43712
1498
41253
3236
11570
8742
1282
10963
2065
1565
10397
3009
581
5236
2109
21190
10063
619
21229
36473
3366
13174
12068
42694
2036
10514
323
20212
3084
29292
160
27322
1878
1073
13245
11672
14847
18
1991
34898
4851
21767
1727
41630
7204
1
5208
3030
29957
6318
34925
17816
4421
27391
1625
7755
199
11896
15354
319
1004
16120
15231
19171
21021
6922
7129
43018
2298
2410
2660
7500
4299
10600
20932
37366
986
17212
7006
9497
2678
5888
6801
14995
11638
30790
16432
4076
17331
526
31634
773
40711
25849
1562
43934
35499
12286
21935
20270
24967
2081
44474
11602
42180
26669
35398
7882
11437
7889
36401
26589
17045
38786
30333
49858
7905
21761
10394
4196
1853
2377
37995
2546
29710
1085
108
12239
29056
8287
1389
35614
4524
24857
10672
2507
17374
17009
20383
19574
4122
20655
17901
2044
4736
4519
11205
2343
5850
1033
8317
28532
31819
882
28588
36631
16695
26178
39548
12942
8499
2757
1468
5779
10180
47255
584
5346
26043
15724
41458
17732
9680
14224
20136
11906
11616
51399
10029
8445
34200
29951
38568
8001
43525
16174
874
1711
9972
1715
17518
33906
35371
4560
23291
1140
20914
15788
30542
5859
3078
8640
823
16148
3871
2026
1178
2164
951
18345
30925
32993
1155
8328
17071
1788
30320
19516
568
526
15751
25605
8056
537
96
3393
37265
17861
783
534
7824
6898
3138
3412
4743
22761
19647
325
2138
1682
8491
20952
19382
29897
40812
11657
12146
51181
6768
4088
7767
25250
3827
12095
49
7514
32668
19603
920
26896
11053
3031
12056
1521
26858
12546
7214
20864
787
14630
1657
25174
2704
9149
4121
17316
34572
12891
3108
38438
15771
1925
25326
256
22081
11955
709
234
3465
10744
20707
18798
143
5194
1229
17135
38989
9736
2066
9924
2100
2590
28933
5443
3005
2360
466
4377
46004
11447
8051
18418
22056
18797
4227
20377
11882
14652
3503
31815
39687
897
2239
8107
18756
22865
14593
27179
2652
155
28385
31771
487
8613
1333
21078
18789
6952
2524
18454
582
7273
5094
22036
6612
346
18800
12551
16745
4105
13247
1041
4442
20100
19898
158
4463
26813
1550
17887
3009
5825
35199
15257
5558
29294
9028
17521
186
15172
5360
7796
16674
7794
41616
3368
25139
24642
9241
4729
32787
35353
205
11001
11021
1502
4984
8312
6640
12409
11806
13148
35773
1828
187
13203
44876
48405
42921
4999
722
2935
19266
12761
2015
9065
25571
8832
15053
38860
21550
1400
7674
6760
194
23894
5561
40050
5958
15118
1845
4585
9418
659
20080
1007
337
12219
26098
39298
28292
26383
2015
21849
4963
639
42105
1534
14857
8245
5973
1253
22251
681
1455
3092
2653
135
5216
4028
2963
29284
12801
8261
25734
13851
151
765
36402
12773
21642
13585
4414
13258
8868
420
364
77
4373
12082
11716
23622
15527
5208
9115
16508
1442
14367
4001
23312
24054
40830
627
21321
2042
5249
15167
148
6025
9159
12506
2156
13528
6995
10644
13219
833
15039
11448
5127
31341
3120
7393
375
1347
4503
1119
6244
14541
8711
2137
7683
4540
9805
25128
31147
1839
1421
33449
7028
8943
6784
2854
32282
25550
11937
34398
1727
2157
196
361
16752
28214
47318
24808
13412
11234
2979
5548
3634
412
23620
10518
10558
15297
20791
10448
16541
16628
3233
50889
16095
6553
11426
6540
3870
17743
962
11124
329
5028
34610
830
13406
5122
30072
17725
2197
18949
2241
6461
22769
24926
5166
21178
143
21606
32021
344
23475
14757
3016
12647
12577
46651
23421
17664
2276
6040
25519
31001
11666
16010
409
14891
33479
24053
489
2666
6669
8827
889
15080
16843
10110
1611
22038
23115
3125
3596
49075
2345
38621
49208
26375
1740
26551
4192
13435
39395
3201
1755
3005
8827
7578
7445
5523
3688
13059
12066
37165
24616
9072
2900
2126
36838
30486
1225
19453
27951
31637
2794
1490
41774
22799
31701
32851
20879
9376
3
8314
16097
21811
2193
5873
29368
10459
3823
11403
2028
18241
6769
5223
3667
409
4353
29941
26579
13252
35051
11705
21614
1029
13568
24147
12985
17605
8498
17753
13892
7072
917
18534
7324
1144
9306
18595
141
139
12912
1678
139
596
10311
1565
11546
12879
15549
7550
19056
15656
12408
43995
17197
1783
17697
29626
3543
1787
5137
26044
6393
19220
22786
5225
32799
10513
1094
15925
15595
18363
5875
25571
6048
3278
1936
13362
863
20282
14892
29846
2050
15472
25850
23630
32098
3631
4469
27766
21380
203
46
8753
14629
2044
4704
37577
12626
2095
31983
1243
2945
7271
16503
4439
10467
22566
19377
8306
22980
15553
6519
47439
19123
24647
19448
28508
7144
14149
1960
3865
32247
21889
1309
8908
2825
17019
6429
43270
3304
39683
8165
6919
12909
2730
3785
2696
24158
27377
5178
12208
10770
5310
9010
42762
20229
593
25920
34032
7966
15283
26798
30208
14997
13333
10220
7748
1647
2618
4082
3279
2448
717
13806
17150
10306
14946
11731
7207
3385
2772
16646
11026
7280
581
27319
20693
8656
8457
11425
16554
30268
36523
33234
17156
14153
2910
4941
7466
4974
18529
39885
18269
374
11471
7385
18397
9119
400
375
30253
12667
20301
17636
33247
766
11343
4260
4108
30
10739
8961
26503
46474
1317
38038
6990
2611
12143
5101
4976
10906
8118
32092
28168
7500
41748
29935
438
50280
3363
17572
18947
5993
24135
16658
8694
10735
11009
2755
1620
625
16086
13139
10253
11224
4438
18895
10660
7329
929
36848
41615
50413
7816
15650
11126
50283
154
12239
1135
8328
43110
15243
32567
10709
1621
30431
8411
25430
4116
17465
39051
5853
4547
31163
1207
282
7015
38939
41706
5777
31681
8107
42285
172
8193
11419
22852
26017
2919
36668
35289
4044
20318
475
38781
4181
29162
7606
29815
20482
12139
38480
25426
18016
15006
463
5924
12111
10935
34707
19224
16390
16313
4475
26631
11661
32364
19243
5319
1612
9061
19677
3732
1087
22578
19903
1142
2190
11504
229
24712
9141
375
10426
19216
14229
18993
17448
5380
13822
302
333
5831
3801
37465
24193
16765
4856
19447
4500
16893
16649
10058
428
6373
11422
9101
937
2675
806
5625
33955
11362
2465
454
3031
10048
7250
19776
29963
800
20123
926
17087
14936
7809
19356
6205
428
8936
4674
6224
880
22045
9815
28124
38568
7715
33114
28174
21474
9147
6350
15656
13588
24910
32582
8887
1383
1921
36566
2065
942
15194
1923
25603
8424
21647
27598
988
12831
33645
6322
14065
3627
34668
4676
17902
20420
26314
541
33225
48929
7457
12343
3209
17745
15740
786
398
2996
30432
14132
325
11214
8220
6527
5106
19096
1277
42519
1490
2815
38118
17
15794
17325
459
971
16479
12501
7998
8723
8610
14209
6047
2178
2397
15203
25596
3589
957
2725
6324
17312
31188
36622
2906
46445
6961
5241
3962
38406
9407
2880
1440
11930
10336
10315
20898
13108
40734
2469
11522
7132
1589
154
46378
24042
5410
13538
19371
13358
11282
18327
16668
17520
15980
760
293
3941
11479
12903
41118
10024
10526
29371
13083
14408
28775
1714
22327
2553
568
35293
10071
34681
16911
4999
1003
27158
7717
20756
1579
4907
5896
21667
4322
2542
750
10128
21395
26037
10715
34465
3
286
5501
4787
11481
7991
14045
22413
18352
32596
2999
26639
5010
11651
15488
15827
594
36221
32001
12244
17172
15800
14310
8997
18925
5308
32120
21108
30677
2989
20666
5419
2941
1635
1117
11336
21351
18495
2478
9463
11941
12447
6244
2951
41184
6543
14998
45368
2220
14987
18705
6153
2922
3306
20
916
13205
18509
2811
8363
20702
32027
47058
29129
2220
9568
24686
8044
37458
386
8636
43597
17522
27135
13114
8975
18478
16157
8531
4752
1087
2920
5227
9764
12336
6041
4993
1985
29921
19985
14070
11459
30602
1349
8157
19531
6130
9503
1525
26759
171
44403
31149
19606
3975
7111
7587
30657
7097
148
369
7718
19463
46776
5871
857
13160
2845
12256
7018
4010
12042
31689
11315
14554
12904
22191
50212
5946
99
4327
1505
18540
1099
23703
490
6070
17551
48206
18979
40710
18853
8343
1357
1538
415
9791
11394
7952
17927
34716
1981
817
21641
30593
17769
8143
1230
578
631
5309
11853
5578
23794
7405
23547
8347
21442
6503
25912
1596
25450
8415
16152
15280
5484
23524
11650
39731
26689
2378
51360
13156
26838
6819
17098
7874
44424
7263
7394
7519
17882
11260
916
41745
153
2723
19845
6117
7944
14057
2182
11439
15274
3738
10598
822
2547
750
15036
26620
53153
22768
14907
2154
1152
14701
1658
2939
18358
31812
4166
30177
38702
14594
20742
1451
35897
2911
5225
885
11012
8505
125
1938
1676
438
25135
27376
5134
3922
21482
232
24464
26507
1240
29117
33257
13993
18788
8121
3416
342
433
21959
12989
4991
13899
3609
8949
7250
1240
32192
19413
12918
19901
34624
8467
36314
27886
4454
28834
1115
7365
1981
10211
12310
5432
5318
15462
14718
12385
34779
14074
6817
1430
35294
653
20878
14994
8130
4249
19177
26237
12067
24233
7890
22159
7794
47921
34752
1767
5979
21844
24854
13520
4719
11750
2109
14441
15863
35500
4516
47228
25168
478
24896
5476
17470
5432
10918
5025
14859
15533
9174
15689
35463
3963
1090
7313
337
29908
7901
38549
2680
21375
25301
34636
4043
1368
2426
21342
25404
18324
9781
37876
14926
1982
40568
325
15943
3313
10200
4627
2844
2824
3549
30986
1695
7170
3566
19359
40596
389
8736
29934
4619
14455
28100
6913
7774
3781
29793
507
5516
25963
42982
1880
1931
4209
20835
486
1476
9414
24855
3740
21140
5445
37689
41110
7283
27084
15799
5177
10891
16760
46912
332
3987
11173
5410
1214
1147
6028
2755
19324
7329
2303
34624
25348
30806
3925
780
7801
8567
14389
2436
1699
31668
6647
35291
1846
4105
198
2205
32872
1261
19679
18532
25373
3719
8379
14922
7249
26102
1885
18079
13904
3892
3894
10735
13456
23926
16611
31081
7729
40395
3398
1484
48143
20248
17454
7539
8249
1632
2257
10605
3588
6608
4285
47179
7173
13135
7141
18982
18674
15998
33097
15020
129
3928
9068
2690
14822
5061
34637
30686
40195
31245
1967
1579
1768
2216
28234
23360
8252
6827
29383
37066
4707
29323
3796
1393
3148
359
24221
599
9228
15473
1927
19916
2956
405
25310
5227
31911
13647
1240
10189
738
16324
25121
7025
13436
3610
2571
1863
490
17757
2891
14692
22752
5371
36061
3238
16175
5608
1169
11586
2392
9357
3795
476
11565
7077
13013
25097
25517
2247
17989
39286
3026
1096
1634
7896
5504
21079
19860
2096
1448
8490
3045
22438
3619
12801
11900
5053
15381
16325
33727
5511
24647
52176
7343
44971
31200
20223
6669
10365
20730
23090
8065
41068
5340
930
8126
28692
24543
2098
3550
296
7679
9891
2051
3623
8358
9208
9029
6833
37030
6869
24113
32125
14179
17285
29703
1100
14075
5653
13550
9508
8620
15779
14775
7491
6025
2175
14589
14727
14839
2637
1650
7685
992
7536
6585
9621
2304
12418
9781
2377
10996
1892
15530
31337
1843
16040
4056
11136
2088
442
13114
31449
29439
16080
10330
30835
41278
36668
32603
2311
29
21502
196
5362
36708
9102
26055
25476
20322
7015
24617
31560
35222
1948
992
2215
23942
1949
5414
1593
16677
22106
16573
6630
5316
10068
4378
15800
4319
44599
5000
3639
340
30817
21767
10334
13375
10811
10424
27645
26
3440
7728
937
18506
8394
32857
733
12985
16900
7340
153
13544
43063
17609
24185
35656
34310
18911
5446
1192
14575
739
5298
7485
2349
35415
3765
10866
86
24387
1956
12144
3319
33378
11727
1778
27454
3007
37245
12956
7039
3272
6874
1333
727
2935
1470
4667
1174
5318
28295
296
369
14095
12732
3984
4733
8791
13888
9141
14443
604
5409
3169
23430
6
6072
32445
1392
4002
97
23571
7101
2020
2545
2591
6281
4323
33717
1134
10
22360
36278
3566
1829
38271
2770
12901
21304
7387
4882
47119
8371
4375
37202
7421
10073
3271
17724
15798
46884
23434
30100
37044
12544
43329
4493
7149
15613
31786
18311
24287
5353
24918
33140
2389
343
8472
20671
36918
2158
35560
11436
25487
8601
20770
5947
2942
24553
15704
6966
7510
37971
3158
7149
53929
7105
17682
30985
6740
27127
9763
15265
30704
3357
27343
836
16332
14621
31735
3800
9861
14223
7382
7059
28819
18489
22811
3373
238
10396
1516
12119
12583
15494
3140
5721
9274
26323
8864
404
6200
5779
21117
38262
9081
28901
18855
17191
4854
6349
14646
824
1514
4771
10883
12625
57
2643
13975
23299
1954
18921
451
1305
1652
2038
24020
8330
849
30097
32007
4572
27663
5772
2993
7179
12670
11598
25374
6566
28682
37075
9031
5444
81
1065
15064
19176
11832
23541
36958
29458
5794
25386
7414
38846
40705
358
7779
21795
12403
31432
7904
2582
7362
2679
9719
10901
1316
43477
1281
32050
279
7157
802
1841
30886
7223
22707
11449
377
5733
9678
14629
3753
33179
3309
24594
19100
3894
12617
12392
5146
4958
268
6277
37299
3
29621
15632
374
1014
19939
5147
7611
10986
2994
40231
8578
34802
28774
93
2228
12624
7257
3823
5209
510
7783
14637
13258
3404
218
13408
10994
11921
6257
21364
17718
28248
4480
15314
2531
43538
4988
16824
24690
37639
17527
6693
49270
19514
40400
26971
5889
7086
12995
641
11631
266
15015
2628
237
18231
29584
3117
5304
29290
388
9195
1953
20173
5554
10831
6016
20765
23059
50036
4554
8583
3852
12580
14056
2087
11416
7432
34611
35378
1414
5211
6461
26345
34590
10368
21406
558
2710
19021
21825
22912
35060
8345
4340
6050
5172
58
2441
11700
1440
11199
20287
8558
14561
6139
47204
5897
7231
6329
10718
32370
20852
23806
16185
2005
15941
2558
7560
35284
17162
19
29
218
7926
1124
16471
6894
23493
516
10771
566
19056
11410
4439
5841
32116
1759
2956
68
1723
8109
5181
9053
1355
34637
9733
1217
20872
13665
2664
12157
30761
9665
1249
9479
5198
189
27318
1417
9273
2863
3988
11348
17864
4224
9364
3946
441
566
16698
30000
9763
31477
21810
1620
17523
221
5524
6654
1180
34670
6139
13732
12839
21514
6275
25931
14689
44118
42806
23670
392
276
3427
1451
48374
5029
12489
27148
6783
4747
3440
4950
413
2214
20536
44887
17746
6
7383
142
2628
3570
23139
2815
41714
8355
12032
20066
36308
8320
1177
28162
3225
1528
42824
10522
19598
11191
7910
9047
5400
25084
10773
2618
8083
13668
13294
2281
4977
12450
29490
438
3646
8531
8756
1583
230
34524
35939
4183
8077
7803
35770
18932
11816
21051
18567
1676
20216
16363
13687
12698
27087
16265
13915
18583
13282
92
14142
16576
2509
41599
46549
7757
2325
17762
44111
12015
2674
1758
10293
12320
4531
34242
36740
13491
5616
9701
7520
49547
31655
3470
3534
9740
15223
1383
35360
19324
3117
1394
249
20399
62
35482
21100
1704
9301
35731
18863
9139
22728
22770
14271
32444
5282
13002
5567
6287
17890
1194
3889
5720
5263
22024
3747
1801
22112
9140
14231
2994
1423
10119
3302
22406
3015
31024
4924
5086
3352
10939
20779
13405
3002
35076
1898
16308
1061
36275
5520
12259
2479
24882
26626
405
282
2738
9119
2004
13477
9726
19100
26223
2951
7161
36939
23311
12294
12404
6529
40235
32434
4184
7577
6690
19982
11528
15549
6584
7135
33263
10678
3817
25950
3720
2173
7129
2481
31493
13787
12863
10205
2869
26828
22510
3159
3669
52414
18152
2183
2281
12991
32774
1110
45511
19434
27785
11896
4127
46386
40012
17212
16133
33500
15025
5354
3553
8586
286
3477
29125
32537
117
18348
4778
33702
30117
2154
12063
1085
4853
2088
1327
7780
4458
3506
13886
21987
16934
16223
16791
20765
12322
25011
24916
29648
45064
2052
1780
1619
6954
20942
10400
22630
12954
12795
6219
20005
27429
36099
3354
9166
1747
9688
25657
20078
6937
6132
757
6579
10014
7067
16336
20224
9573
638
37763
10106
14568
5078
2445
19569
100
44419
8622
126
25072
12329
42271
1855
7816
3123
15264
35105
11315
5276
1336
13848
2789
1253
8413
35
14134
20758
15509
23095
8916
20644
8135
996
25465
3838
14623
12292
19065
19759
11315
30551
46229
6376
21781
11467
10188
20108
2717
10323
217
2390
2577
2157
33670
196
417
28296
4622
9468
13358
25938
5812
28421
1787
8825
35359
5562
16730
3177
2388
9114
35520
2487
13
12028
16683
5885
4452
10795
13630
3675
11580
4198
22381
25750
17007
31148
8525
10912
30854
15444
177
35989
2625
17594
12555
8843
5576
15908
26242
33737
3240
10080
14350
23424
18877
445
12427
11411
1267
17819
21865
11425
12738
8009
2512
39144
8103
11544
8451
13022
12136
6987
1603
5500
1110
22058
12729
4627
544
4652
18360
1106
1846
25729
36629
6611
8234
25826
102
3296
6126
9505
899
14389
2611
6785
2378
17874
48852
8880
16987
27045
11998
23793
9634
19584
14962
228
14700
38088
111
1434
8557
24149
15791
5655
24593
15147
35256
12395
1896
3920
8450
21685
11084
2136
18172
4172
18819
11512
16834
11739
37642
6531
13780
31463
8959
19725
10119
1972
1025
30947
50071
45753
8222
10621
14272
9793
3197
22004
8208
14814
30385
7133
9557
4882
14044
1039
966
3949
20395
655
9291
602
36093
22388
25495
5286
316
5980
15443
8714
22534
29244
29517
26955
17924
8404
557
33630
9621
10502
27765
3402
7674
2269
24818
14864
14682
6366
21804
19364
11659
34950
11638
736
20045
18996
8973
5063
732
13521
1165
2215
11619
806
4689
32273
22400
1686
6630
15457
588
15679
38640
8520
13860
5858
12793
41541
24692
22867
9350
10940
38413
547
29958
8159
6960
4644
38
1426
16133
12184
26846
4306
40075
34142
6127
16091
16385
11976
3703
6421
34637
6224
42729
4019
25157
2206
441
6764
23572
25823
2729
6045
14891
6186
13975
28195
5430
2660
1394
17043
1717
7852
15673
11792
27465
9213
16488
1356
929
1323
20679
816
437
348
3429
13364
2188
28599
4782
9295
35212
335
22553
1836
7198
24076
1957
41057
25439
32870
6554
31526
11430
11756
48
25777
29136
9158
26411
4151
1554
11318
13651
6803
31984
17832
34335
14035
8139
19409
3416
8147
22655
1188
36309
15556
18846
13655
2883
22309
6921
11416
28588
11818
13983
23367
14481
15409
4009
2907
21124
32439
5071
17450
302
23741
39822
4482
6695
25414
4495
25681
15139
6065
2046
21632
1870
8124
29540
4703
5460
1068
33888
651
18473
10054
9023
1999
14829
229
23173
22755
7805
31133
616
20116
82
7111
21119
960
2206
3656
31083
4970
2783
2894
762
3207
10262
42143
13756
15134
9879
1369
47247
12826
25026
29759
10347
3315
2475
29
7385
18256
40901
12238
19577
44614
2581
9956
5609
1372
23826
2327
22921
39101
274
10730
39900
7708
8834
7246
36437
12050
17418
45669
17189
23894
5388
866
5077
148
313
37272
7796
13541
5191
5556
33433
1108
21611
21216
10629
19037
11138
21929
2793
2550
5281
2086
13902
29972
17437
3498
1193
1623
6457
1633
3111
2047
2522
10603
21693
18260
9024
16137
31036
22372
30831
48576
13831
6762
6695
305
21852
25392
11389
14977
13519
23423
1858
20292
188
16106
14572
6671
4455
1171
908
11588
833
14414
6208
30179
22420
2611
3323
9312
17326
4316
4619
38736
13823
38526
49281
3778
21111
4042
43696
8274
6700
28238
33839
49042
3047
2651
12037
1298
6791
379
7034
10927
11368
961
20215
3115
13884
3379
1817
5127
612
8665
1863
4495
80
8390
1562
4924
6395
40106
822
112
13256
36426
4051
25527
3577
10490
43298
2017
32308
3373
43445
8359
6532
1240
3089
2076
1932
2504
1643
6576
14369
3534
13245
463
24537
10208
1326
5427
7631
6917
824
3098
1744
5527
3799
2940
6430
4883
5246
9413
30272
9452
22397
10147
553
6319
17961
13486
5539
14560
23042
5381
4523
2291
18184
10260
21359
3103
655
1001
14221
32291
1673
11044
14855
42641
8173
2597
609
15051
4988
496
29232
154
20761
5199
19028
31571
24890
20716
15767
2748
9692
3457
4186
7458
18954
794
27101
2785
1722
20746
39215
7713
22171
16079
1920
7689
4852
41284
1349
17764
10168
11027
14367
5710
929
3724
3541
14659
27540
23684
1466
4615
2596
8967
9865
12280
3352
4730
9907
151
1377
24668
11874
2123
3289
7209
2794
12410
8427
12736
20636
1037
23550
763
7629
9008
507
14621
31560
12830
5163
287
36013
47006
20295
2288
21914
600
26251
3046
27672
3645
557
7047
8167
34467
4374
10965
6229
25701
2928
35715
14226
8133
121
6133
5711
241
6373
49935
2070
5844
9473
1423
51603
3280
3695
37511
15918
9988
3578
13104
4448
874
3751
36135
2745
10454
11358
4301
1671
20881
637
20120
32075
1208
29788
32016
7662
3981
4819
34817
2560
11450
23677
12476
4987
5231
6551
9104
14664
26687
7800
21366
1701
785
8187
5341
2624
35596
668
10763
17607
43033
31873
26266
18011
19486
27502
8447
3254
22601
16817
1226
11385
27112
22650
26223
8391
2407
3547
18443
7288
17073
1002
10873
7449
1154
35264
5721
23360
33293
5944
15980
1866
12180
2323
1090
49608
473
21242
7107
17934
13134
20482
12155
2747
22032
6899
21780
21087
15064
31802
3905
10555
15234
13331
1396
213
2091
10861
2113
24835
3675
28644
4021
26843
4269
33365
28242
47468
16824
3554
2338
314
1681
6834
6675
2761
37667
28651
3159
12823
1192
35110
11692
9314
19419
28068
44
39442
7655
10944
11093
11131
4536
5192
4329
14874
6661
149
14204
21397
11091
19236
42296
797
19459
34848
13923
4426
14626
3634
21557
31596
17359
34676
27986
10848
27455
6635
14639
6063
39701
14924
131
5742
11460
28408
5392
9768
28652
8345
10293
10396
4583
657
18190
13030
17603
11514
24574
23964
9459
20470
7135
4208
26105
21436
35280
36542
20696
11784
2528
7253
2407
12315
9127
11893
39760
6674
41943
3120
3812
18311
634
188
10298
2472
3954
17958
27656
2414
14243
1163
1896
7561
289
3281
5635
7012
5181
20569
544
5467
3039
9321
532
10015
617
16103
2706
23514
9639
3291
461
3080
1202
13220
51699
3111
11243
6129
5087
19156
2111
13965
45371
26093
1996
8984
31367
17828
17525
10956
14622
22636
5008
1641
17213
37568
19556
7356
481
22182
21929
8619
30713
2477
21832
37396
690
12819
6849
23234
4075
1668
28270
6187
17832
28018
10490
27618
4675
17436
555
5551
415
9637
26987
14941
36321
5581
9740
33890
38
4851
4034
8146
8926
42737
10657
2014
19585
6002
14851
8415
1602
11014
4521
1461
23492
14195
6056
2934
20070
6391
332
37162
32359
3776
19405
27469
6574
10065
4252
8999
15166
20023
27112
6529
766
191
35449
14190
16405
23321
20207
19056
21377
3471
1305
11047
554
16471
5937
1518
752
24168
26982
20194
8826
16845
9958
15720
17660
3590
12185
2230
2792
3759
23472
31863
16279
35950
5847
7261
31726
2239
2194
22986
11065
16079
15456
10047
31340
3151
7089
3600
12820
23365
144
6677
21528
4862
5056
46120
849
7132
16384
11809
9912
10371
1518
17861
5930
17001
7405
3955
4777
6870
3163
3529
9798
22392
17340
7657
14921
4669
675
2167
17028
11378
22939
18554
1312
26102
2350
6539
23719
16293
6960
1918
13350
29767
6373
3132
17378
7706
5237
9393
7491
3602
13033
41068
17043
6808
9355
11608
15843
22349
5654
8664
34136
6480
20198
13572
46299
11461
7720
27040
18121
2143
17143
6292
1137
825
3976
2608
14956
10082
9781
21959
17430
9601
6744
1513
8989
12690
289
18664
1271
27257
25401
403
1852
13561
19891
18643
9412
10678
23639
856
20498
32443
2026
5161
2257
10392
21902
813
8261
11810
25859
44375
23289
32628
20498
1469
5248
1101
24692
19780
2014
17616
6869
35581
2903
9896
2147
4312
903
285
477
12139
239
23538
13908
15
1577
4422
17454
10433
31606
2061
13019
31898
1717
22225
8327
4149
15456
32761
2736
5068
25741
34080
12282
12348
11626
24546
14344
3329
11520
58
27871
20155
853
20083
254
3695
5877
25198
1117
2453
26483
9145
13721
7751
2556
5472
179
33645
19842
6184
10894
25761
9249
23126
7233
11574
4457
25548
637
8802
17638
11904
2106
1518
1934
13071
5105
28059
16035
18664
18649
6171
4501
844
25358
14186
117
6339
6288
7951
26771
1376
2106
17635
43039
39883
1245
6247
14438
8391
29518
3252
16780
43681
37776
21016
7899
139
1248
25058
6609
15627
1090
7719
619
18637
14758
14332
10223
20432
17825
4076
25740
10354
207
13680
28439
186
2456
6669
15664
34052
1120
98
2440
22413
41902
2200
28482
11750
797
69
25498
43984
2460
17599
3942
17875
12878
13092
2444
792
2511
40883
700
15720
947
11452
6028
8643
3556
3776
34191
3003
6289
41476
4770
13231
29632
16372
23910
24824
25499
2776
6490
3317
36787
3
25701
9334
21316
28186
31768
25529
15932
4607
23835
253
2463
557
38522
15487
12265
6234
890
14826
1
675
7017
1861
14933
4155
1007
24952
2553
7596
32642
29750
151
1525
11225
22886
22787
7
6058
419
13169
3430
6558
65
21652
7918
25971
30012
2552
17985
21327
6524
24595
4227
26613
2305
206
1665
5370
7901
847
16490
43458
1206
21691
1621
29023
52583
24357
1917
14489
17207
22161
47451
45084
9021
7557
21666
29590
25801
38299
15181
19681
34
27747
1936
5772
21835
2919
791
27070
2035
22638
23033
1586
10117
2950
27879
16730
368
37671
314
21723
26255
28418
13243
13996
13377
12130
10645
2359
38282
12825
20876
1319
5886
21370
13206
2794
27956
10019
11202
32401
16458
8677
13415
16828
26735
17364
20806
19818
17000
12076
11764
3407
41195
24148
7236
12678
3718
2189
2750
757
35558
1692
12266
18021
15805
47077
451
5323
41797
13171
6420
11468
5490
825
1024
9862
28355
11622
2718
17212
13641
10269
17403
7863
30114
18621
12473
31062
34429
49365
25543
8308
4403
23974
128
8268
4112
10776
15587
5719
33587
27928
4506
8577
3428
1863
16870
31423
14545
27449
9020
19469
14046
9754
1760
13016
27607
1085
17551
2167
5819
2368
17812
21699
20529
36153
21485
34969
10460
7165
37817
33033
26665
11585
7592
717
3404
9126
27735
41138
25487
41931
16252
2784
3924
2866
17222
4163
18315
7970
33567
17489
1001
12573
25594
2216
24337
8562
8589
18251
10019
10457
2251
24551
4046
61
17938
11329
34878
25518
6136
24674
17541
17626
706
1321
1974
24959
15581
10184
1891
2058
26865
23039
11492
38
416
15078
1332
5742
1314
10668
3927
7296
14616
12080
9555
947
32202
22757
27
7315
17616
2457
34837
32393
13958
9797
11259
38609
44102
16208
334
45269
175
3859
13416
4127
18730
12455
8833
20119
483
27137
10806
37602
6786
37988
1693
31096
3394
8822
9145
3765
5453
25446
6391
12774
25371
1314
1254
824
5619
1071
5713
20381
10012
15292
14417
17794
6486
852
10148
10251
13592
24199
9546
17879
638
3136
38660
33550
17304
22412
3202
1504
13264
11680
3749
16276
2604
1943
11941
5915
29509
601
10312
5426
19786
17670
12091
7805
2510
3021
460
23893
28072
236
10795
29061
17437
8097
17075
29324
8177
1454
1632
22222
4021
39405
1668
5880
14653
13888
18069
44363
14527
7579
6379
1025
20623
9639
22705
36773
17619
34457
44
8990
2139
11588
6342
23726
29638
12242
499
14748
4975
3763
3723
14172
28619
4164
7935
4657
14312
17705
18502
947
12157
23757
41734
17911
10442
1735
13237
7531
2147
19517
2905
1098
5716
2544
13815
10416
19745
13072
6346
7782
8546
25328
15909
1841
16113
4197
31560
4024
32104
11235
32557
11440
11231
5396
10956
10320
8035
1205
46064
13930
2274
15035
26734
30094
21574
13408
272
9422
24284
9164
19170
3274
26
20237
46183
11131
4081
18548
45976
14961
4249
585
473
47864
9741
2217
1823
41696
8881
9385
1722
19922
5613
5376
10205
408
21601
29215
17322
20785
10398
24194
11332
3833
21922
12340
7075
16270
165
47660
2446
43502
96
3339
205
7140
18293
1440
4935
31374
9691
6486
28676
1583
6874
27
32930
805
13842
4055
20294
28581
21090
8187
2775
2201
15857
6494
3963
28681
1637
45542
38576
8396
6717
30414
1152
12246
2576
8112
16280
7775
8512
17911
23847
36218
36911
238
13571
7132
1367
15196
9922
2325
44229
5160
46084
35217
28070
30484
1147
2717
12246
49568
14332
1948
9182
19102
19812
2459
2913
3617
21297
7211
9497
395
3702
34405
20359
48606
33590
1687
5112
5157
40972
5968
8876
8891
23008
15257
485
15118
9140
15318
24025
9861
18657
136
421
20266
22811
1357
3341
9091
2396
8642
556
1574
350
6220
15110
1184
3
260
49904
8969
921
7614
32816
30904
517
5484
5472
14509
4471
27687
1155
20185
16727
3
1432
38837
8721
858
1096
3809
26386
22805
790
27057
557
1819
6131
34928
22839
1041
13176
2866
1535
29166
7291
256
29141
18743
512
7367
20737
3107
4373
12300
39678
2683
9716
11734
1490
8392
11686
6505
9056
36488
6782
16686
1163
24715
16224
19836
3141
28062
4274
1921
5514
8747
8725
10302
519
1406
2720
10029
2251
3426
10099
24466
9678
40941
499
4873
31519
7778
14287
7807
17674
40412
378
3497
20629
32409
21875
28113
13247
44510
33610
15277
5618
17892
31158
5404
9727
6110
7213
92
32631
3136
988
1036
15952
394
12891
8
24637
1024
13265
9521
796
12125
44165
3982
14195
1096
42379
841
22631
28414
1221
34894
14815
1457
40022
2784
17094
7398
20807
17784
19222
6410
308
3821
26861
873
16902
955
1761
24790
10858
41100
42546
1275
923
2705
2552
11314
1399
5928
2030
16543
1022
20151
8282
18332
508
19545
11108
2368
453
4798
31536
19108
10457
6557
2629
32746
3495
23075
10370
28137
4308
17680
14522
15606
18782
4067
33845
36312
14537
1320
112
18595
20269
1466
7982
2832
26985
32376
8748
2107
14551
10522
6378
36880
29006
42507
18747
25504
1074
12811
3168
17817
780
9867
2440
15230
1422
23613
15142
13873
3056
233
10080
3
10777
3545
241
7650
5450
2747
42778
5086
29541
907
2697
845
6374
5761
16470
13146
20676
43615
16398
20929
18838
23634
4645
9322
9364
6830
13418
36415
802
19645
17100
13775
90
81
47455
3016
4442
4717
2320
911
1403
27904
9705
3921
3762
4366
6873
3820
11539
29
2218
34060
3022
29098
7306
31759
22292
7453
43603
35132
9245
17772
13028
3973
27702
1736
32830
4337
1
28772
8556
10602
10254
22642
8707
20982
37866
3259
40402
2309
25374
4661
12662
12252
18050
21287
1125
16169
11270
30215
32465
8873
17092
16230
38227
1046
2648
24573
12148
5358
28715
2200
25960
6783
7926
4347
28370
10973
9780
13511
12373
24764
3641
12121
4182
418
16244
24
1558
1304
35046
14925
19312
5239
5631
193
25450
24956
10590
1891
1814
2267
492
6636
2916
435
4733
14175
11390
33796
1157
19649
5398
1897
26611
852
21117
2349
14035
11379
26887
38455
3246
6149
6158
40477
1560
6223
13158
4111
39720
14255
6797
2216
4059
2274
1522
21068
2298
8033
15979
4164
42043
22908
7
16590
15506
9214
18250
3215
11370
28830
3010
3904
41757
2095
3946
1880
17257
24685
28830
8116
14560
51666
9984
34293
3758
672
9858
18094
1933
3254
9797
586
30185
5957
4466
13720
2129
8020
4143
14371
9803
977
1828
363
180
874
41807
4067
8184
2957
36203
18105
13606
34204
3284
9995
28688
889
1543
33907
11171
1933
8588
6069
38130
19498
12170
16508
31276
44812
2490
4230
1786
9389
2434
716
7877
1832
27933
12753
28078
14077
5273
18872
32441
595
3073
4410
986
9891
31079
45297
25902
4246
15153
35189
5297
50208
8357
250
24109
14109
23128
3213
19491
2801
11405
1625
34971
33328
19979
26097
2241
4530
931
39071
40102
8753
958
2828
16126
16905
7101
29660
1248
28251
12802
339
8039
15976
35048
27783
18099
18547
16218
26750
1253
19550
38319
159
229
11760
10129
36653
1164
33180
612
13602
1729
3891
106
6151
34112
37735
13423
24215
50177
4903
45592
26194
6153
23262
5484
9769
5883
7916
29787
19020
14049
7819
16040
6912
36541
32107
8102
8142
648
3369
1283
2638
12475
14454
5494
39286
44137
3077
8336
1282
1864
31960
17807
17094
31433
15948
5646
18342
39950
23229
19921
20805
2035
1425
2459
4860
8682
2824
20755
6444
2361
45846
7427
48789
19391
3866
19273
18841
9799
10057
7722
29870
3198
9626
7477
15967
35093
31953
557
48221
4434
11647
84
19100
50957
16379
1304
8122
38191
3398
34051
3312
12246
4541
9034
25290
12619
46855
4088
15808
5226
15895
1724
1419
20801
25731
5871
7066
32205
439
2197
9474
13
14269
33633
36558
7672
5865
8444
17946
36861
536
498
7154
1661
5249
636
11887
18479
30284
11868
45071
25623
14940
128
13057
10583
11578
2200
30312
3406
15477
1759
10830
47634
20152
42909
24544
32534
18175
16453
27402
4517
6874
6155
35241
15171
519
11177
12387
135
18655
7184
4939
12390
9293
16613
6834
675
9229
3376
14858
13703
33878
25722
15356
10747
1622
36981
37904
25109
3249
741
3394
7615
8624
2809
21618
4318
6877
4019
22134
40440
654
44555
4205
27785
14121
20089
5785
2222
10057
16807
998
906
5062
7079
20322
4591
838
8142
7652
5905
31231
11985
21713
8421
329
23834
37208
44370
20965
28170
28268
1525
17360
12572
8465
17633
32
16593
11373
29641
11944
20881
29225
26184
4158
10550
37143
29342
28173
23734
22628
2290
19073
6740
9717
16981
13610
9903
1624
1353
3667
1643
15548
1182
36447
22200
11597
2997
18857
466
8942
17867
11150
14718
16679
20631
4867
9824
10034
16413
33696
13923
3354
12158
4105
6980
15248
45000
4084
20356
16462
13465
16700
7728
18074
11596
24760
5620
7531
26419
43594
3100
3151
24115
2663
484
6713
9312
5283
8675
49269
45582
5935
24679
34999
34921
873
4596
18973
4966
21361
23798
4663
7216
14930
7961
11993
833
3722
44483
12935
4341
166
21310
3402
3418
1484
503
10041
301
14889
937
6139
9657
12726
24810
11861
29873
39144
22763
1758
15771
27578
644
7681
21081
2090
2335
9759
4423
34630
33547
6934
9979
20668
969
36962
4108
11153
13279
1656
30834
8077
36372
7728
6606
1011
149
12701
13627
5630
9234
12162
31253
20324
3883
35840
16941
429
25085
8798
16641
14671
9839
10908
22462
14296
17605
24480
4359
30
24848
6492
2576
7173
8068
3633
27004
15324
20382
6735
16097
3108
38944
6597
9374
26175
23336
9727
9644
3281
14733
24685
7718
2074
25670
23220
41348
12825
8021
41031
1632
20375
5912
13778
8662
142
9232
20118
18369
2330
1213
9214
2201
11649
18001
3068
165
8113
1737
712
411
9443
1925
16378
323
32620
17558
9578
20529
10046
21038
2705
83
18071
20896
2345
3792
9957
5885
2518
1136
11426
7691
22797
2115
2030
13502
6697
1499
27918
17700
2149
28246
1890
9991
665
4861
22006
11470
10689
3880
23154
21598
6312
100
19643
21961
44960
3763
3613
34245
33820
11873
32900
9093
37190
2414
42378
18775
3514
5511
34661
6908
11902
608
40813
900
12489
23461
4140
20441
12069
38527
30858
2209
17168
16099
8139
939
952
22253
9078
35658
5163
3
14812
4090
3901
31550
2998
11506
20511
9852
1516
3031
820
6514
1428
2772
648
4028
5494
12269
1026
30273
789
17955
36144
19137
18130
7005
8170
27148
1598
17624
6551
16514
11005
558
27589
15584
10432
3052
17024
18274
7080
3674
9359
18851
8255
12175
34866
19092
14983
13539
7565
11959
4145
1390
14115
1334
1304
5566
395
4551
15198
2511
24180
9332
1058
872
14422
1074
1812
30147
771
10779
11655
27106
19562
30921
8342
21338
32428
64
18954
8478
19999
939
17879
5807
2020
17356
33340
7381
7975
153
8395
7869
3323
24404
9215
39347
36933
4747
509
11609
5455
28726
505
7566
7
6683
11159
23788
11547
2863
47368
787
19586
13400
27344
21660
4072
683
4870
28445
32423
10244
4465
30046
37296
28853
1882
7573
18424
1230
3082
35308
7523
5343
24790
13793
38559
13024
3718
1921
276
496
19823
1819
20290
43880
22349
21532
15126
1612
2183
10042
27970
11760
19883
11149
4749
11419
6598
15128
950
369
24964
14032
2082
36857
3720
3537
12791
653
3982
20429
36193
1476
9848
900
35
7019
2178
559
40682
386
27412
45744
1718
14420
7744
9785
1237
22061
5967
14389
2424
4791
35437
14183
11
9850
5439
4526
18575
17119
9188
34144
13443
30442
24866
27362
22331
2017
10441
8519
82
36901
8698
11399
24641
9026
13017
17693
2015
26394
8953
12988
14253
14296
25293
27080
42689
18207
9028
415
13317
20125
15717
4920
1613
14651
25908
27817
33515
46492
46821
1784
52432
3068
10445
16537
4372
4707
29095
11605
17735
8470
8071
10364
13592
8269
18754
35371
4921
36974
2129
1817
4
3011
36869
23107
92
30731
1302
43091
3241
5274
6087
5853
38497
411
506
12248
2366
3740
17462
33468
11852
1931
47867
21343
963
10752
1475
18586
12151
29788
24444
39953
28784
285
3970
44051
47
204
5738
9803
12584
14055
6351
23399
2647
34
30905
7215
9926
7755
10081
39913
16612
17700
422
65
18234
1642
17705
126
13175
4878
43952
13846
46202
19972
6252
29170
1099
10905
24638
7314
11239
5699
27174
1230
19768
9692
2849
40738
2265
3041
18639
15003
2033
19320
136
22519
998
2800
10218
6134
5425
7295
7697
45575
4067
6939
1246
36295
12044
36308
44136
16438
6678
37475
12382
34309
12198
36817
23869
5962
42712
12855
24273
14255
19604
7250
19380
23800
17541
11714
10488
29067
16241
6508
34962
16739
18242
20311
16607
21395
30944
12295
32919
1941
29640
1308
1737
8294
4184
11462
7788
23418
21589
10300
6671
17037
46075
1013
11433
23128
4380
28447
1360
13803
15393
5864
541
7200
2740
3303
2354
23813
11586
3075
21309
3253
13517
982
7934
15223
17386
14237
26629
2245
25483
3024
36586
10696
9523
28733
16232
5286
4113
35189
21048
2355
24712
22545
14159
5791
15848
17923
1068
243
41276
43033
937
14312
8827
954
17435
22828
5273
8315
22933
3673
10504
3571
19006
393
333
22502
2226
14023
3841
11744
440
9794
10693
36856
466
3782
26230
1331
1643
13145
3808
8470
10661
13808
4105
39409
9796
6924
23396
12117
5383
11679
1542
10090
641
2514
3202
13429
7084
19479
21017
26370
12193
37182
30944
1693
19939
17120
23829
4136
31938
36335
5210
30230
45900
38421
23828
7396
6834
2248
19556
11618
3505
37577
28056
10028
6919
48878
15887
34323
11418
937
24142
11413
31
323
33121
10578
24082
39735
28184
15496
16055
22066
1145
27048
4245
19280
5366
1040
9283
13932
1202
3197
29119
27951
21049
24490
14092
44374
18015
39133
281
23557
15242
15238
24783
46128
15517
35882
44107
4649
2843
44320
13879
21538
8518
39340
8402
2001
31324
32597
20845
13388
7975
17668
1158
14215
2121
30854
31537
15692
5664
2540
10476
18275
39494
524
5310
7698
37752
534
27726
5037
14002
20701
2915
2371
9490
14748
24886
4134
6786
18091
544
3429
6836
19761
8319
12308
14956
739
21463
14892
18419
18194
45742
7363
1289
12465
7664
45898
36175
16739
1802
17610
31516
23860
15275
9236
22074
1557
2715
3638
9060
11845
41107
747
33437
125
7382
404
3198
4043
1747
11687
11449
7996
7400
15208
687
45826
875
1949
6635
27666
15221
9753
1594
8852
34306
632
53508
50585
26645
1134
1831
874
8725
7502
11580
12211
26244
8576
8966
19202
2509
20079
15590
36349
21277
24716
3864
1313
42030
7154
12792
2226
3986
39497
9927
3941
15024
24294
1677
7697
12195
1617
25186
78
1398
59
2654
7300
9159
38519
7098
325
17754
2477
6294
9519
13657
4522
3077
2474
2253
15520
4133
9636
23
2953
12893
17239
31965
2427
6249
13850
4718
40344
15755
29873
24239
37242
44107
13093
5531
1127
12451
5701
15598
43797
32185
4867
36078
743
34286
4581
26759
6355
8869
20109
6952
3786
35453
12067
19286
3419
3352
27338
26663
3057
35088
10478
3677
2787
21005
26693
1655
16116
9709
25919
8051
24128
21726
10106
2806
31639
9996
23694
5594
26941
7600
13334
30475
13992
10198
42470
12211
13925
8588
3741
25409
241
15157
47287
12175
2838
11224
5094
3618
16226
4659
24707
17927
52812
13116
5813
628
29412
1323
9292
2152
3669
28985
9756
1354
7026
21126
1069
2891
3115
3718
7348
1275
24788
16966
27006
6358
17600
19243
33571
3518
6578
811
3305
9929
18507
8649
3640
32988
40340
13006
24226
336
7018
6975
13773
30177
17051
20289
3287
21922
28069
2561
21127
500
6276
5404
15789
2917
6596
12416
18627
8376
1036
4896
18684
14154
8096
23246
16816
39527
45367
13527
1660
3124
12791
35242
4449
31746
7126
13794
32152
16562
813
18158
19832
11111
1840
7490
3223
45485
11046
20816
9739
24057
49186
16238
8940
9310
14252
97
3488
8584
6658
43404
2986
25591
3645
50260
28065
5773
28677
15119
23494
30133
14942
19179
3045
1101
11216
298
17192
5210
2157
29768
10558
19397
24703
1808
22503
26043
21690
32251
3209
7004
17868
10837
23034
18410
9185
9067
192
37123
2144
33215
52882
38249
1997
3059
27514
16441
44605
4004
16200
371
41369
8622
30291
42333
39917
10296
6306
3064
9404
30725
3174
14887
4760
2559
10607
17882
8554
28624
9599
184
4424
20288
10075
384
33916
106
23720
188
95
17974
14342
8466
14103
2196
35336
9328
2706
19862
4171
4478
37179
16410
32627
1560
6745
23092
898
1029
19259
21287
397
25670
9577
15158
31855
3674
1545
12465
17213
946
464
6544
15113
3971
46282
1372
7843
15046
1439
44930
12980
1329
8577
230
3244
15019
23393
12821
11933
15391
4094
14313
117
17313
2412
17973
9256
5462
41746
2598
29474
7699
867
39299
6110
119
660
32915
2402
30319
15156
31403
37814
2722
20749
47412
8369
2481
359
3799
13239
12929
9255
10133
12098
40962
3623
7127
41045
9643
7289
2715
14269
19887
15353
13653
3230
29339
10570
46844
7216
4561
3061
3186
14843
24163
3734
12965
3763
1890
2946
7020
25774
16764
3876
149
4296
10541
4962
802
33694
31417
2012
463
10720
12191
4750
9060
7770
22466
642
2304
8273
869
42254
34999
268
7679
1412
17668
7483
19234
155
20985
2587
15001
15542
232
6030
13161
1904
17331
5469
4005
31776
7658
5937
11890
32342
7189
5300
27419
15011
5712
822
30673
9538
24464
6736
36049
2652
11617
7951
25418
11025
8887
24684
16464
7580
17841
9634
17976
10287
10490
23815
21620
25850
1850
22166
3573
1058
36856
11220
6301
8164
12698
688
2168
4296
8070
38559
27269
11730
10379
29413
15020
24957
16817
18995
3704
12482
14152
2750
30094
19589
6482
11342
28577
8369
1723
49579
2322
724
4728
5262
14523
44293
39044
4608
42256
13364
10489
8965
22043
143
21824
6877
12869
36138
6736
2994
4326
15782
2044
32606
18875
4969
38679
13571
36926
2542
9470
12185
37870
3152
849
31589
12335
19695
7559
30320
5739
2828
11889
33075
1008
5911
37777
16210
3235
16717
18728
5115
7235
2741
1874
15354
3541
27384
11560
6580
5107
43954
1508
13369
139
10743
17300
3980
7099
24913
16796
8611
3208
18813
1618
25525
4145
10102
3625
21159
47015
9468
4387
9427
1557
12962
346
13668
8220
8847
12001
10858
849
13603
17514
43691
45055
30
37320
3968
7834
6911
20987
5599
958
21702
5882
22629
2010
6662
10331
37203
191
2502
13984
1047
17458
10117
8854
10524
703
3577
19636
19339
38484
12065
41164
3371
434
797
1011
3634
5406
6563
32139
27961
19818
18054
31144
3365
6583
9338
17146
1434
30733
159
16109
8593
16775
1369
4021
33803
11595
6212
108
4265
3953
8337
420
3009
35998
15646
7209
8249
35709
1786
7196
1514
5873
6345
10002
22637
8606
3368
43539
10154
7283
2115
1704
15887
15853
2808
2570
555
9293
2953
10770
34037
34571
27580
2337
3896
12848
6102
19395
7859
19399
3237
12983
3550
10944
41422
5370
19435
2712
7351
5670
2795
13936
5930
18371
15836
4173
170
861
3065
1932
6693
12145
29081
16073
8073
11997
6603
2098
20963
5072
966
6669
28025
1755
4617
7746
14614
6155
22191
4445
48603
511
3031
15839
10113
8112
14033
3457
904
45220
6200
10027
536
13198
11483
30290
24902
4152
3709
2215
4580
15738
27309
1145
1512
193
1590
2636
12341
13334
1853
38233
29298
7993
27346
8051
3303
4487
23694
102
25654
7555
15529
19480
5100
7244
9309
885
1707
17012
11732
25051
37076
9439
28427
24645
18018
2274
3790
34621
6644
10321
7219
30156
11665
16222
11878
5195
14066
894
8083
1165
4339
1261
21148
17576
49014
31785
13123
351
10866
22520
10635
23396
1346
4788
33781
14887
712
776
4855
38542
785
7520
2934
17872
11873
487
1855
8482
11088
31844
3382
1868
6787
1391
11307
7722
32702
11278
7323
14884
6742
18896
2304
27919
7705
25551
9258
123
4534
182
3529
18300
5942
16058
26573
14763
2831
25164
11366
11368
3362
4806
9399
42297
17995
8597
22177
3909
265
13996
20560
19045
6437
9990
20886
1794
25255
943
1829
5655
11920
1448
18368
13170
11859
4091
898
42449
42009
42946
14977
583
16263
47520
898
41729
827
30581
6525
4542
2273
821
9688
2478
3892
6501
788
3885
25471
22219
17222
21290
431
7469
16521
20104
12583
37623
6049
1079
35306
15899
23327
5617
31160
2461
749
13730
1393
620
753
24213
14571
36355
1234
23805
1666
27385
8805
51316
8215
4085
5330
7533
36820
2337
23033
9305
7129
19310
13612
14767
415
1117
5229
39458
957
3536
4005
10396
5103
11936
11488
1092
10717
4510
28940
5198
4040
13644
29220
11997
3934
19762
6954
22869
16730
12092
51118
3304
1547
19115
39324
14737
35593
43059
999
5561
490
2766
6624
2451
3683
395
8427
3769
6902
29703
1617
22745
9628
3535
37235
7029
26908
14592
53322
34334
3870
2560
16307
22820
12061
115
15486
9343
2766
34639
1128
21570
3181
33932
9452
111
2646
19179
320
14948
1351
4133
23613
6735
541
11266
26175
419
5679
20746
7204
9641
6691
4885
16024
12252
6361
3736
22343
15
19622
14065
77
2045
166
665
41449
33566
11039
46931
18551
1186
28454
19837
20908
3135
4800
32211
17240
1773
1582
25004
14415
26680
7886
8955
1390
5143
13513
18268
5321
10087
2332
16870
16514
19768
4791
37413
6679
3124
23743
8463
34516
27148
4576
17295
2281
20143
27182
1578
37323
41516
1616
14291
11582
15704
36679
25225
39204
4797
2361
4363
350
7123
30682
10580
8324
529
4877
9824
10259
14786
39073
8660
31901
30764
250
3506
3831
2512
8276
19930
12329
6290
26791
16584
34898
33489
40639
14163
8379
25513
3073
13376
12236
8831
8432
13208
1755
6869
11653
15968
11469
261
5448
16705
724
24014
14417
4685
141
632
24562
15815
16126
3968
15123
4357
28362
15023
1638
2318
3507
14133
13880
20107
16777
5788
7171
17822
36338
32313
18441
2038
33121
684
3788
3382
5065
5729
2427
30023
10647
21296
10468
31085
6175
6887
21570
12422
4992
21227
1783
82
6376
3863
32248
13670
28936
19638
2687
25229
6799
31376
18539
13815
24879
4946
11926
3990
17193
807
12733
30550
44754
222
37536
3475
2305
1583
4947
3584
15394
15996
19731
31003
34506
1471
6786
4052
7814
20854
18015
20122
3574
28577
38932
1859
19386
8684
3075
18757
8586
5644
11584
10748
22724
21753
25847
3406
12213
13381
13936
181
4679
535
38780
6051
1235
1276
137
28660
25860
11820
21895
4363
16516
2717
5757
19215
4075
415
31519
12736
27787
18562
15332
9490
53027
7927
20335
30440
20670
19499
3948
44982
13444
18002
3616
6190
26609
26191
14149
793
7083
4258
19940
22353
48025
34145
16683
23929
42525
2537
10321
4188
3385
4518
2323
1054
2902
5143
180
30476
28866
13790
10168
5636
41260
13744
5829
21268
1226
11633
1657
6142
5329
32577
4906
12525
977
2111
5550
2051
6237
22999
16928
9568
11540
33446
12329
4383
3475
8851
9484
4872
37057
4934
14847
29729
16167
22573
22112
24994
11035
2881
34598
11657
21882
16482
30009
5310
25243
6941
34107
27673
15185
7845
37669
8526
11236
8139
9653
14612
1706
39658
11175
3606
24673
9770
16757
16235
1782
12995
3328
38368
25058
7385
46370
11061
9650
3410
35509
28101
27771
10503
379
12943
9582
16534
6630
28960
16304
9019
4254
11958
18235
1795
23357
6993
6657
10073
16311
10058
26349
4446
3207
3372
18182
14000
15549
5970
1102
1996
21458
7444
29674
308
11489
1405
10354
279
2561
15489
9519
28678
624
25684
11877
15076
27999
50798
9989
26747
14391
137
7881
313
3314
26282
29010
2585
6058
21535
6128
604
19129
35116
1614
38100
7643
2076
46078
16431
10114
1606
11382
38325
41806
5414
6065
1800
1895
24415
231
5140
1115
5217
30239
16441
26401
32188
16645
43149
3289
298
1156
2326
8583
682
19872
128
19145
25905
12267
41168
5742
18598
44891
16646
414
638
9770
967
5786
46859
22214
26538
11413
1864
28806
19644
11948
3454
11789
8442
4001
13329
338
13146
7525
23460
11405
29511
28455
5892
6783
33498
13869
14789
22311
18854
4210
6723
17368
2367
14700
4934
7599
30
1720
7874
20999
21796
1269
6351
11545
5137
35644
9860
39855
3764
349
4946
6903
12927
7118
4580
24468
858
3984
13536
7459
7002
32565
11552
21288
4498
20346
3562
14536
41435
8701
21064
1274
13775
10948
899
969
3677
43902
779
10678
37488
11264
3158
39602
4808
26646
126
3704
8502
10656
3703
1167
5850
1589
9881
11931
304
1171
7805
4554
12059
2549
22359
33797
1932
24281
33407
390
9647
20198
11081
1052
31248
44781
13003
8140
43961
18456
8267
8500
50986
48551
7043
17884
32888
3761
24371
2072
1192
293
20146
13224
44175
18264
40330
10015
29692
2736
39485
20683
19470
46536
1904
22
44446
2624
13526
6637
11735
19026
949
38
6963
10131
35248
27930
39330
1985
6394
3303
2972
26181
364
5315
36531
12133
12383
916
17966
728
1620
26821
27
21647
30545
11026
38818
3604
24774
12707
4694
12697
7780
14672
1544
735
18939
3582
749
2338
5763
22827
17950
48117
18856
24605
5876
22389
19792
6759
39753
23918
31269
18278
5912
178
45211
13401
25686
20104
6814
4017
21901
18014
425
1095
4783
21620
6187
12570
11797
31449
4205
5808
6362
42117
3570
7235
287
39397
2895
6035
5022
5791
2373
19970
6589
257
30659
46823
51617
27426
3682
8648
28659
31952
27675
45383
2766
1789
29434
47845
18466
7034
4058
43697
13738
1043
12754
4329
5872
23620
15730
4855
28956
103
1726
25348
8239
3872
12647
16148
11244
1829
26654
37688
363
16287
1850
39208
2957
26207
11002
7632
38552
3884
7415
6908
484
6181
4565
38404
364
5377
19490
11844
42676
10048
6487
2919
13026
11922
5536
4332
13563
1628
3591
8291
7276
2525
8207
40809
5782
9447
208
5539
14858
931
1882
1901
90
25324
28404
39669
3972
13812
17344
15286
21273
8552
5408
6609
9128
293
1916
1272
386
20090
508
1497
4534
6282
13531
24518
18070
14591
390
9694
11481
16023
8380
4738
9819
16
1782
21476
7850
5211
32577
6678
49978
29459
18995
19649
25122
18157
8647
30927
42216
23372
7578
13604
7681
4375
26419
13718
6332
13265
2600
8288
950
4285
6674
526
2618
33150
34162
6036
16198
1814
7835
2522
6217
9386
17996
2166
16693
3968
14714
20356
908
15537
10612
17610
3321
38996
26
34428
4876
16881
14684
13610
3962
1829
30065
23615
1874
2481
10822
17185
7926
19092
12233
6588
10474
10231
20942
18670
26653
10279
11893
3742
26445
34470
26392
37769
5835
19874
4423
25664
5774
52
9635
14674
19825
44383
10853
5095
5033
19465
8089
8672
24465
13347
3570
791
29514
47496
8114
5588
1974
10765
51214
2697
38132
32695
3476
6148
30640
22979
6199
641
14943
11857
1533
17995
37089
3060
22269
6727
52649
41786
19415
8821
25881
17857
12035
4751
30612
153
25305
3741
44026
5835
12863
14104
23746
11911
20692
2771
7618
7681
1898
1401
7746
8314
12038
7182
3730
16316
6092
20091
38893
7705
18165
25616
24941
14312
33833
3433
50014
11126
25231
14107
20180
405
8542
1245
1803
12751
25743
15395
32245
1296
645
20662
7719
25621
3919
13883
5339
11135
12643
104
1651
15029
11497
21761
12042
31201
3690
10461
27174
16761
278
36455
3965
18866
5074
395
9467
12815
1240
15623
52908
2449
11911
1927
7357
7733
45180
1336
3882
2886
30619
9099
15253
10130
6398
17810
8585
1255
2419
25499
1405
25671
29790
4742
11738
8899
3407
12057
16347
23857
15292
1519
5438
5102
5288
16613
12667
5098
9136
29772
2033
1980
15776
4688
43417
3398
6926
10689
7716
28780
12179
5205
3533
416
7034
33794
6136
12394
332
14
9619
21194
1817
13449
31536
2896
26175
18116
1570
24976
4074
1458
10642
5394
21631
9048
7118
20837
9857
5592
21596
6864
10406
25964
4462
4615
18143
9149
6469
15288
23775
25125
2007
10056
24655
5880
4497
45833
4686
45650
9115
6587
4133
9670
252
35145
38281
5292
10687
7026
10940
7685
31727
6148
1345
1807
2983
4256
8109
20975
39099
5899
3766
21346
256
25289
1542
23305
27044
14143
2167
61
8114
3579
4345
639
3781
30826
1572
6750
20057
15476
6628
35774
229
10016
3416
22253
35670
17881
4957
749
16972
13794
42341
9277
7086
11192
20849
15290
9169
2446
463
23735
3257
23825
4071
826
5379
2987
24932
34519
8285
156
21198
831
19484
4518
7625
36601
11770
6172
4866
862
39635
17291
21960
22289
32509
33389
15417
35525
4847
4394
42375
2188
850
35990
1519
24983
2878
11838
4416
14311
16400
2325
6693
256
13199
40362
24462
12030
3921
25088
4768
25605
746
14365
21855
9751
11446
2338
8578
19280
13146
17476
21337
7835
32862
4506
1582
5828
27114
2139
18264
31433
4245
2153
6536
8257
2626
8638
3682
8681
20087
17491
28385
4137
36826
25314
20662
13500
18406
46946
10072
3239
42120
25140
35445
1610
3570
11117
20441
12605
8004
1192
28876
30513
9978
13244
30922
631
7195
15611
2955
1388
2788
14664
18255
4556
41546
27838
7262
4524
45152
10954
3678
12356
3591
41964
2553
1264
5597
37588
3898
902
21521
16079
3365
10892
21932
15972
1657
14491
9513
36305
179
45749
13208
12285
1832
667
4880
6994
12236
28795
14604
67
1583
19230
30270
2159
28281
771
19372
10425
10349
48821
22512
23026
9984
4836
16379
41698
946
5718
14016
3875
19704
17263
24609
3342
30392
14043
26988
14832
42124
13788
3043
21177
6141
9740
12521
9400
2844
1318
4505
4622
39360
820
3907
18482
13246
1580
24442
21212
11963
18295
10920
8681
599
9993
12483
43142
22648
23846
98
13221
1003
19077
26384
344
23100
14069
583
18009
2650
40099
43259
19069
17566
2242
5640
5385
27437
17395
6510
20217
25579
33922
1
283
15899
15272
42962
51088
5105
22842
26246
13004
1008
358
8265
7372
5825
11176
22992
5597
11233
38217
28672
7484
1936
18177
490
37
2697
30245
18479
4139
12844
3286
5839
3791
2621
2281
3202
2877
16986
31604
610
17584
26720
7137
10556
10689
11647
23499
27477
561
547
1568
29990
27389
11808
16426
4497
17933
27685
3354
6
47383
8957
27625
14059
3406
18
459
4406
24338
1687
14219
31859
2352
5282
7542
1928
22818
42267
8903
6974
17877
9725
673
20637
16993
26905
2962
6766
8943
213
1940
29458
1448
1158
18374
29427
2148
45276
18259
33294
6170
10467
476
30365
22662
3058
11277
37061
392
1267
2634
7981
967
13209
5124
1919
45891
217
30067
1763
11085
21629
749
35497
593
10213
25159
15307
5681
8976
15251
10291
21523
1034
2428
8750
8146
2977
8948
2786
13486
18351
16119
8750
46499
15333
14700
1680
4312
11348
5456
12138
12211
19773
2155
28265
17517
601
10822
2287
17644
9092
9065
3473
9374
9749
2301
8911
1696
8287
1022
3760
637
4544
22462
17576
3975
6369
25853
3092
2848
376
13137
3570
82
16656
6057
44
2559
362
30693
27080
13376
18274
16686
20490
29201
26273
224
181
38095
15
26274
584
15046
4695
10015
1364
10515
86
663
10014
3848
13288
2978
9252
1197
11070
27622
18526
32270
8136
22228
634
8707
4488
1354
9439
9835
16834
19096
48500
46613
12699
67
40776
566
978
5622
13981
3832
6699
1588
194
6162
12904
20239
2699
2634
711
27694
1926
13072
10031
37072
11409
7474
16280
8198
14700
21156
9410
9363
39804
13003
42096
26918
17468
853
20533
12876
7132
140
26545
78
36500
2867
43926
8623
7019
35160
32761
8570
26081
8836
5921
2249
2944
1871
3861
29027
18506
11351
32518
8365
31582
5964
12216
25263
10855
30353
15397
30502
20791
8102
5567
29
816
3762
20194
732
10191
36942
2340
46872
18579
3061
27479
42428
5449
2202
3078
5978
18359
7823
15592
20608
18869
21282
9292
14438
7537
18831
12956
21247
14014
1617
4513
4404
42365
27478
4149
346
17430
35453
15562
6934
16396
43771
24520
7129
6124
15318
710
993
28286
25938
31443
23942
10187
1561
1208
7531
646
31567
31614
46539
15349
12203
3141
15627
13992
4475
23868
17173
12121
1340
5788
4060
36242
3957
10641
47759
463
27760
21203
9114
107
8226
28179
1885
17864
17183
22094
9277
4197
13999
8017
24692
20568
21057
3332
9384
26655
27869
9102
16364
4016
7109
28838
8179
19078
4267
22621
28957
15924
1070
15618
6778
35383
7886
254
41116
1330
8743
16847
12004
5959
31507
17833
22021
368
16325
9913
5681
39427
25977
4612
6905
35709
10111
27388
19944
7884
18684
1444
14281
754
24687
28654
5898
11948
736
1756
50057
27772
22102
30245
12672
16756
12647
4922
5219
22456
26058
1835
27856
25795
3688
511
383
7370
2486
6140
3282
96
9982
3375
1507
3112
23795
11587
5697
6073
21586
22728
9610
11829
1757
23774
6326
42389
25058
16471
37675
397
22768
383
34915
4524
1173
46208
8124
12182
28001
11019
3273
10110
3562
33876
23409
10810
17903
7882
9652
8751
28156
20135
706
10094
4801
7841
1895
6525
16870
9524
5612
13094
4159
33813
6890
3239
22394
46
13496
29248
13667
40810
5929
4849
3760
6369
15131
206
14110
25478
2969
24465
182
30277
7082
8049
2664
3850
2366
36211
5076
38960
7939
5896
5628
1
5186
21650
12003
2352
33857
232
2001
3704
26583
35304
15000
33754
41207
3829
22342
8087
13993
17488
3418
7912
21008
24784
9820
33989
9582
6553
7129
15552
732
5111
32244
16306
5834
31603
4701
11922
41490
17133
4539
11964
16646
5786
10404
9319
8442
18289
13777
21271
28644
20979
10561
3235
20582
2016
31045
22112
767
8586
8011
22337
3041
39342
31170
5054
12825
10364
2844
2697
13415
24080
2847
16427
9474
1166
31776
9136
1093
30918
14904
1829
6701
463
14452
3867
38033
24301
5586
10243
40364
13370
23596
13819
4331
25971
21646
11530
351
1011
5713
212
87
1330
31059
31
20854
27666
15160
19668
2551
7626
28195
3662
19109
10945
10388
3883
9334
7612
3141
3144
6607
12470
13716
26473
42209
8733
22149
615
9629
363
39677
1586
6259
10629
182
1696
27865
10722
26612
843
4948
14948
743
24567
2315
9460
21589
16660
40699
1501
1481
15225
13081
7492
10254
9166
1127
46571
4532
7072
9643
2683
1093
312
7665
7727
10353
43902
12042
3283
1540
15497
2563
9689
40338
13401
8098
16362
467
467
490
21661
4859
21256
28154
13329
9173
8613
2278
3499
586
2354
44528
8567
15566
6981
19167
5185
14883
31635
3847
9974
6479
6706
23155
2486
758
33651
19945
3016
8425
4720
15399
24949
36180
10568
28107
15563
19044
19917
3877
22559
7541
839
3461
6003
30731
1319
8966
21200
11518
7891
29621
17076
2846
3859
14461
13033
20869
2544
4684
12031
5666
2320
17111
28208
4400
24966
765
2286
31716
17934
29097
14132
16321
1077
19851
2779
36162
1642
10485
30219
38059
2786
6145
23276
5368
26562
32487
14764
19477
20959
43836
22930
12484
30356
14670
10336
18943
29130
12845
15461
880
230
3164
25233
835
19905
2508
5200
26825
31358
10242
437
6785
2842
10249
5037
1630
15016
26599
42635
31474
40636
45618
12279
6313
23972
37064
4430
3231
22711
3698
43862
23261
3673
500
4667
2730
45393
6128
10463
4527
16173
22575
21451
27499
9525
3763
930
2340
31088
9409
1890
6145
8887
28617
7975
688
425
17410
11008
14016
12115
1632
13611
11185
2011
16816
10225
15704
16705
1323
2479
241
11534
18797
14939
37422
11251
4419
7850
34251
34329
38560
570
3918
1964
17070
3581
4327
31536
8364
10742
4177
583
27122
8057
13511
24190
30047
3852
3384
26954
433
5180
30815
764
2851
23415
16878
932
11797
2305
27739
28825
10213
6185
25823
24465
9653
1925
36081
4576
2797
5023
1348
10852
25888
5167
3603
726
39388
2733
28643
8862
1355
16437
5051
3578
5712
13949
43960
18856
3546
38689
14576
30887
1744
5336
24328
18166
17354
9265
30375
18098
8436
6522
31357
27925
331
13989
113
3024
22064
417
18607
3323
3185
7675
7355
4635
15774
12156
586
7492
5202
30640
17309
1675
7965
1543
1015
14261
17099
28282
1202
50409
10776
45611
4938
3678
14867
7308
17246
1244
885
23188
47582
23689
346
7631
32738
20487
11686
22501
7776
5417
8021
43420
22442
38293
21070
7124
4159
19914
37901
20892
885
2482
37697
40427
17723
74
1035
7491
11914
3484
18763
891
4876
11023
699
1849
3779
21408
3126
6380
18395
21480
17294
2218
1384
16662
13843
12269
30075
6830
33625
18957
1347
12344
11116
3163
832
24588
5532
21367
18310
1527
26241
8342
15506
13306
13802
32831
26722
9182
37839
6750
46303
17454
19322
4035
706
8489
13805
1480
25259
26260
14681
7368
6376
10162
579
21911
10056
23837
9329
1878
2422
13694
10205
15430
6799
43575
23083
4514
30656
5257
145
35568
34824
8915
8397
1759
30530
10165
31236
16991
73
7206
13431
248
2009
3767
8471
6153
13929
21879
7303
22047
19880
13381
24165
869
9858
36
2891
5021
6528
11103
4670
2017
222
14364
209
17344
15968
18198
26625
7495
1815
4452
3753
28728
42136
1545
40158
23376
12833
20135
25257
868
29303
28937
29723
6060
31353
10183
17242
31643
13635
9612
41540
23590
19753
4099
7382
53
25097
8251
38334
14025
2907
20052
10587
31229
4644
45164
12982
394
9472
12124
15290
4023
11761
30169
3442
2639
4652
4143
7009
6739
15637
454
6413
50441
4302
5199
5189
16159
35526
2756
27936
24982
22197
34771
20644
16340
7410
2856
19273
2904
3002
42315
4308
156
922
46416
38513
23490
9291
4089
6979
5431
8348
25598
4
37590
18098
6956
20817
42210
1280
3489
9421
949
1588
3920
920
2244
1348
24869
3852
242
125
23550
26754
19365
33685
607
12830
4584
10941
18034
22505
8567
48732
2881
21461
12712
10947
1858
7161
4412
31883
12632
30516
8137
2092
1522
295
10891
17409
1538
20
15279
44843
30363
17712
43
19675
13612
10310
10996
6620
11793
5019
36032
25600
27592
8635
14957
576
2418
1466
14025
13462
1411
719
17465
32500
13523
28656
16373
13878
28606
31073
1272
6187
762
50003
25
1660
4634
8476
9392
42230
24755
533
44214
5768
9561
22550
10125
15820
38808
110
5790
7630
3978
47820
5128
3592
27499
6042
2697
397
17160
46772
11502
26886
17687
3455
11121
8471
14364
9850
6196
7408
35058
26201
8710
16744
8435
7271
6346
258
10369
3035
36160
16014
3354
13805
6048
6151
32965
6726
10745
33793
34503
7230
47247
8744
526
2221
46922
19727
19084
1186
11617
33437
8644
5866
14654
38600
13336
1002
6215
10771
9722
42
29979
17432
12339
1716
6493
13509
2064
6031
20836
1465
35502
27097
10249
488
47239
9916
41326
12015
22580
9560
10334
2708
17837
4738
21920
8539
3289
19267
11603
12125
100
15920
13250
154
440
15693
4257
44557
8941
38574
19317
7410
26297
7998
9259
37409
47686
1170
6790
6120
37868
33921
34890
6492
11828
19012
24913
16293
15280
15235
27439
14162
464
20794
1159
1153
1205
6580
5453
1608
43669
15330
12129
13148
20772
13228
8534
5266
3372
11751
3439
6666
1435
34839
24068
8370
41378
750
5231
15698
14387
9268
44916
5838
36495
20146
2941
12031
42716
7589
12539
6342
9373
17791
2024
10574
3789
3641
56
2677
25207
24149
18328
13880
28292
9470
5171
17476
13824
3247
11077
2863
15912
2493
50563
17963
841
2275
250
34756
3677
12491
35743
1645
1027
4277
36668
16677
2468
2263
3569
34287
16136
44229
608
4456
16346
433
7143
16433
9871
776
19041
28276
17668
11735
10650
13741
17213
26535
12803
11080
3946
467
194
7873
53440
1753
34753
2889
4021
5690
5390
33691
5622
1239
33013
23746
2653
7388
25255
8773
2296
21106
21462
3124
6508
874
12649
513
11643
397
5241
11374
30041
3678
15124
1508
11531
12705
4289
5054
40
10165
44545
2717
2495
10775
3078
7997
3652
39499
24300
15150
19880
16094
43122
7882
6363
11111
3322
7083
286
20947
45300
14265
21707
83
8388
6706
14576
10195
32430
94
5205
1161
1760
12912
10534
11539
1789
24536
36779
37165
999
1209
9498
45
2512
15706
16051
1083
9725
4631
6579
51153
6296
5267
13303
18079
6756
195
13332
21703
28473
478
2173
7466
138
1430
32517
8433
37460
18167
20523
6922
108
2642
7693
255
20203
301
27075
28417
31099
19105
2131
46759
8757
3503
3828
2143
7100
1542
5172
31238
4562
16750
13613
4412
10348
154
12566
4713
2854
19453
19742
1149
1081
6006
17951
21120
5508
3443
1941
35321
20737
33675
28425
29329
35990
2234
8970
4281
10419
25567
23515
50759
39182
1808
45312
3726
9562
9086
186
8575
75
8994
22751
28580
16912
21372
909
8216
931
16962
17201
42285
14104
4856
11845
43621
10825
10410
4785
23500
16995
14167
37383
15975
13428
8013
16814
30409
3731
7885
15683
4514
39880
5249
3892
29009
8400
21555
18637
18489
7170
7287
1152
13128
2236
7312
29650
28173
27624
6503
19432
7802
13984
17878
16621
30497
4730
434
22600
21873
1102
1638
33197
23220
3866
26739
5643
10899
117
7857
10772
29652
21267
124
21221
3450
13712
5314
7738
24457
5479
21429
749
7204
2540
19408
20103
14643
3071
28503
1948
1033
18457
5116
11459
18044
29356
314
6870
2656
17350
16101
26841
11248
1323
766
14744
23851
2769
12241
1748
32003
12197
1841
33503
39998
12024
19623
34164
3223
31308
1524
425
8735
795
4818
26414
1228
15670
23997
5095
1853
26741
6127
32591
5891
4486
1544
12292
34230
3182
10717
5083
30674
14074
10928
16548
5102
19882
12307
5329
19573
5090
24953
19779
12679
13107
14782
42032
963
3520
34633
26784
26128
24206
39956
2207
5904
21363
38761
2422
21609
10042
3374
10846
2394
3751
35922
44523
3846
6803
2551
6172
6816
3835
21953
7404
18964
6698
15595
44772
13375
27304
26033
36500
28008
2497
8929
38995
18990
11808
9421
11512
41992
48267
4746
7596
19690
5404
22583
13407
26671
27438
26005
533
8886
8738
15819
15898
15158
1217
9538
22689
1423
10032
41441
36353
14672
42178
24203
9655
6453
23851
30117
7029
5444
1086
1780
24608
29673
7710
1211
37563
22550
5694
4019
8320
5066
9539
20979
26765
5516
11435
8411
9720
1801
30707
2410
43889
1916
45071
24620
7040
318
5465
15709
2008
23557
5799
17026
4201
375
10195
601
35090
35597
8903
629
1190
10295
1071
42155
6638
1988
6912
12276
1209
3410
1982
19670
301
8688
964
1151
10480
18255
44936
299
5746
2396
8562
29779
11121
26888
2
2962
15637
7767
7727
773
21924
18781
17095
4398
855
32537
7003
11800
26655
917
7037
24035
1692
10524
19906
3129
6747
11177
626
8997
29242
59
955
253
2140
10297
11031
11209
21321
32075
2866
4603
5626
762
35297
1895
10071
23650
3362
3395
10030
15534
17788
1424
38322
25153
26411
23403
950
17142
8180
1192
176
15873
159
41421
13219
8765
16978
32184
8845
41711
23776
48488
5770
19156
10664
4516
19490
32200
11345
38146
20427
2904
36973
14618
18730
17010
2087
8511
8604
4113
24279
21892
15600
12455
9003
2518
8675
13025
26867
8292
294
14467
467
22303
13980
2044
17901
27889
6223
47100
993
7197
7294
20523
5218
9334
27040
4841
22297
33763
79
21430
1975
41134
15261
9446
4741
1091
36369
10018
7389
1175
27325
1078
13190
2355
5634
12473
51387
5634
6350
4567
3408
29165
23937
1731
1406
205
644
586
9983
14055
17351
25049
3717
24889
28001
17330
18208
14910
920
964
17244
8594
20352
18003
2039
473
4577
4877
51
2312
7305
16487
27726
268
163
1902
1616
7012
1891
27897
29306
2568
22226
1441
28523
1631
35696
7634
1112
1048
37287
2350
1597
19886
3159
24142
37611
9358
22510
103
15006
25314
7330
19427
1437
16831
38655
11204
9189
3316
41050
2294
6517
11314
13686
4595
30203
31420
4239
16451
18030
46813
6463
7768
11638
1654
15490
12106
11215
19441
2749
2402
2026
5178
4203
8237
361
9392
4143
19626
9807
20608
5894
1293
22693
2689
23215
26584
4030
16618
9382
136
551
6747
18073
7021
3220
728
48036
17719
21622
22056
16080
13416
1886
21858
3566
3965
50005
9558
8305
5863
8994
7406
4643
4516
5840
8154
1793
1920
577
2016
11876
18325
12946
22423
14658
9592
2643
24770
8200
679
3226
35212
8017
32800
20487
13381
41480
8656
9514
9605
1045
3684
1109
22065
20425
20556
31276
19815
15760
24048
17270
38419
5835
2822
3741
12509
2798
4843
6912
680
1046
23878
15383
726
15095
24276
1459
16276
5786
9163
7310
39903
8891
17001
18683
1573
6991
28582
5773
15402
11954
18582
14493
3619
11769
19360
2953
3362
11177
13565
4338
6044
887
2289
14308
19028
4700
1035
11950
12340
12963
14481
19238
10624
13170
3742
23666
3841
1073
20252
1431
4608
4909
22410
18854
10255
4244
11729
32617
14155
11327
20417
29055
40275
2327
176
12275
9826
22195
5632
42760
33487
4438
9769
33403
7017
26550
10286
514
5829
5810
1302
14488
25731
48625
10308
20110
13376
31824
3648
28935
4580
3262
1694
17090
5414
9592
16323
5990
13861
18439
21387
34034
5756
16180
757
29146
37638
17522
7699
8193
1825
2876
92
3113
18527
28635
1993
3472
22783
4190
12135
11729
10
13411
1534
28116
7926
350
14694
29100
13713
15101
38957
10095
4150
18947
6008
29828
9184
10250
15330
8416
5166
18288
3170
24608
50686
16965
6078
19522
37817
2348
6288
34384
2549
3383
2217
23367
19182
2666
13324
23549
9271
19042
47792
1799
7234
2997
3231
6933
15899
7376
5303
6919
9213
1529
24161
1748
25346
8241
14013
530
3720
3239
745
8608
2607
1839
1720
23040
42034
23868
19361
3171
5765
9151
5370
10027
20946
12476
10269
47943
35290
1288
5088
5285
4455
26038
443
4550
4593
4052
6807
16304
9063
13225
5369
11976
7718
897
2636
11391
12266
34693
664
11444
10463
2354
3382
10733
7025
10151
1590
715
11269
15470
24123
1022
13069
11240
18021
7075
1389
25560
2533
15445
39042
1736
9963
18800
13805
57
21379
2340
5680
1803
19906
33204
11284
7581
16739
13209
17493
775
253
1336
17829
36291
10419
1161
4534
19779
25871
19211
875
10627
38198
2287
18752
2513
17692
3030
34884
8424
6898
29247
2625
471
7969
2059
23690
5968
15537
5143
730
3533
6566
9954
19
20771
14494
8993
24142
44226
5525
30865
4098
18874
6876
8407
3475
5084
7448
66
23440
4886
35679
27696
9141
14062
18817
13102
7360
32829
11007
1599
20559
2002
5736
6894
41972
1032
12744
10830
1241
36409
12901
41529
4210
2082
27271
34840
14090
37867
2370
15591
1458
9444
2417
22907
40616
8452
42701
38699
18780
10388
18801
3872
8257
6392
26410
22384
10409
1066
5625
5788
18321
35151
35408
1420
16684
2301
13255
2407
43863
7353
3344
15266
6618
1404
42025
2038
86
130
346
12149
8914
11253
29636
22142
14531
753
17219
3647
15954
8837
31138
16299
4300
5012
29361
23275
20993
12610
5292
10335
27603
12092
7122
7097
19205
12995
5230
13697
8009
1220
7231
23703
14921
7664
10252
23927
24549
31214
38321
30306
13074
5881
12522
38853
1126
1987
32021
25748
7986
23938
3418
18082
1060
10374
48180
20115
11932
5762
1587
510
26099
30756
3799
1372
6235
10527
8948
53541
11251
10740
4753
10089
1585
50338
2322
4826
22526
7445
8188
21523
23572
6405
3402
2416
16464
651
10940
32272
38278
17717
2551
27672
5776
11889
4189
2941
30318
1290
10150
35395
36605
44863
4651
35549
3459
3060
14960
165
7139
24277
24810
19799
3138
5139
535
664
4136
15778
5933
3443
7083
2264
10583
9800
3174
23523
29325
15708
22232
18223
27188
11545
3500
2730
6014
10034
24136
1262
6059
22660
9354
72
1598
24415
9937
41418
6846
7249
374
14871
421
19017
22720
15251
38531
8068
7777
7624
9725
10836
1272
1567
17125
41050
11822
11835
30565
4597
22788
22916
2149
26076
440
18474
27584
1187
974
20769
12815
10791
25454
1930
5103
2879
6104
31963
28715
14058
17291
785
9870
14693
2998
3807
2026
1386
17216
4751
15802
21411
38767
1593
1139
6884
2314
10130
31294
1476
8537
4173
33372
8826
17296
23693
1652
27196
26588
39471
36649
2924
32991
7811
18900
35014
2378
9221
33269
13112
46956
3287
48094
37138
25355
5568
7879
13804
2022
5103
9914
47558
86
207
6691
1721
47427
7992
1929
3882
25675
592
9061
26920
27336
2973
13856
11940
6356
3617
1144
14033
27164
17401
5182
104
33135
2298
7455
6125
2578
11965
5977
10487
2781
37458
42
2296
8155
27215
26520
26490
3800
4687
3
26063
15693
49640
11287
13634
11241
16140
526
12251
2010
9387
2289
11840
242
21907
31342
19690
8833
14729
1917
1462
12266
2366
19709
1253
15471
47147
41144
25837
10399
629
39483
5766
37371
17392
22573
21106
248
21822
14225
3326
422
7659
4432
15521
7772
5540
5519
6021
8048
10770
5809
24564
18271
174
14013
2153
15765
775
21728
33759
8353
4100
17637
52458
2348
936
20171
5486
17943
16816
702
3839
35726
15735
5518
3027
32966
9252
6780
523
34705
29451
488
28309
2685
18664
6272
1500
526
1197
19137
7403
2185
5510
31940
40835
37121
761
2181
25
18278
1294
399
31706
8744
34047
29763
556
22992
9671
18363
540
635
4914
17190
7155
3264
487
3625
22003
2641
604
23704
2861
20979
5385
3400
34961
22609
24394
3271
40074
14946
1801
30313
5014
2890
32310
9850
7236
7714
6522
27974
23583
38396
8762
14909
8183
25043
1734
341
19912
22909
8673
485
5968
21110
9447
2623
42831
11239
3165
3457
20490
52276
3287
14969
21565
4382
28837
3983
492
10698
28788
1064
894
43257
202
19291
19883
1342
762
3426
37118
1477
1972
2026
15242
21879
4312
9489
1880
16211
15802
387
5751
36330
22731
49851
12157
5939
4795
24005
35928
34014
3479
26419
19868
22402
7612
18617
837
47735
2956
5032
568
746
11387
17070
17387
26856
9368
6954
12204
4605
12288
20138
11386
38728
2079
1538
3094
31347
867
1369
3889
10296
40895
11530
9407
37138
36544
418
6637
41
13285
1562
8240
3794
49678
8870
15232
31161
892
14560
1753
25888
6586
3947
510
37503
10806
39083
7106
658
1488
18198
3194
22496
258
19954
1185
31838
42038
8542
1160
30583
3671
21349
4084
5794
10656
4737
20583
12852
10066
634
28409
19715
2764
5620
41302
8666
10158
4429
841
33751
828
21407
25659
9191
29600
1551
11027
4091
1203
19713
26327
17060
1627
5297
13317
22164
2190
15224
10291
19273
16869
1596
43072
31343
24587
11153
677
11248
17783
3546
6936
1635
4994
4217
7931
37587
26177
557
24507
26283
1243
650
751
9252
5908
22446
11368
2282
21260
423
4865
45335
3824
23510
321
17864
5957
33251
13663
11378
9882
16586
12530
9144
11987
7515
5954
145
3096
5855
32338
15761
28634
1126
12752
2434
12719
2795
20506
3164
9321
3846
23911
772
3233
9264
22866
2140
22621
15352
12041
45049
10551
3873
14648
29602
27214
32359
1990
37509
7974
19332
9263
25449
1301
3870
40501
401
1168
8336
26793
46142
2246
15013
10162
10616
3942
28892
19843
28312
21114
5298
4609
20405
12036
42147
10540
28322
2428
408
159
16267
1683
20849
27358
2317
7630
950
9895
21807
2074
4850
4320
26577
5171
2323
6727
16527
3073
23491
5531
902
2125
9876
26965
18576
8140
42184
15262
3069
8458
944
6539
1289
12790
18826
5275
3847
464
10475
26573
15468
29010
1252
909
33787
4682
28251
20589
24740
35351
553
17167
13301
41269
3674
12116
50782
20777
7688
20903
15992
1681
824
3102
5987
7615
21132
4280
24021
46
2436
20564
3407
6355
4845
37539
3121
51048
30703
30287
29653
29221
34858
11064
19577
15038
26259
21113
38709
5267
1743
9098
25400
19481
10021
20706
8124
6071
16121
22842
18512
14959
16909
6498
17179
548
29075
8095
9169
10900
44563
24689
38032
10363
9865
6295
34313
4530
721
4852
413
30239
2380
2124
14224
5827
4940
21092
10166
11273
42500
1940
2740
2487
589
19747
2452
17789
17611
520
4576
408
4633
713
13929
16486
19391
7950
4752
26364
20794
13014
29788
25167
1149
1208
22717
6278
8832
15379
64
29234
31187
30166
2540
11048
7512
25991
24714
16999
12086
16268
4152
26230
1052
21139
7552
37288
4434
9243
12014
20818
1637
774
13191
9514
850
8546
12031
97
35650
4272
2032
46485
19774
22507
9672
30550
16521
6926
41672
3421
20217
1082
10118
14510
671
5337
20
4019
28928
29701
3818
3325
7509
5641
4100
14062
4563
8626
20464
23522
15691
2707
21091
17491
7268
12251
5001
26650
19382
5297
13828
5207
2635
1249
2136
25767
3438
43354
9498
2291
11883
4160
14356
741
1238
3341
3027
2431
18393
20328
4833
2661
17800
5880
17477
344
1160
4536
4361
6589
18203
45478
25195
31187
10288
40539
4936
5962
1755
2465
9109
6903
775
2965
10462
165
8353
347
29327
9065
33115
18742
18469
23802
23590
3697
6026
950
5016
33940
9886
21418
107
7738
7998
14805
2968
31507
17072
11180
47239
6842
7236
31282
30083
7281
20088
21136
4126
2016
23395
3723
29635
7219
16260
9224
11012
46291
18659
40430
22601
21482
6255
12131
8040
28564
31840
185
5486
527
6853
19628
31019
1931
7338
27893
1430
1935
15964
2177
3700
6506
10905
19621
30479
902
37566
451
17454
503
19673
23062
5408
20018
11503
12897
40734
49620
2729
29451
187
3831
13258
23970
18522
5346
3797
1455
3743
31337
10512
7437
12774
1851
5620
4113
3817
1072
1466
86
16775
10098
3374
4499
13090
24186
37931
5
730
834
19957
21050
330
3151
29880
19810
38621
6533
16780
1688
17742
7148
4376
9498
29272
35523
7276
32384
23029
12908
27213
15453
9712
23381
15779
24745
9467
23674
1667
10650
27092
16867
25603
15747
4042
1858
9810
3922
33505
11314
1617
5637
5610
41051
845
10891
2354
31637
5407
279
5342
3011
29973
9512
9909
8762
1502
23425
19952
48160
18164
6183
11147
33930
2752
4989
9333
5801
35641
2474
7055
29881
12197
1441
2287
1094
9266
11736
39531
12864
23725
14799
5284
5862
27569
3012
6187
7600
6280
33612
25385
41121
35735
24581
16566
12310
6537
9125
4615
27967
28455
12034
3270
26427
30068
4389
32926
35552
7067
37988
15614
7645
20962
12066
35818
3950
266
3447
491
10046
12662
16429
10797
2717
9069
6441
883
9998
9919
111
1962
24779
8434
29959
4019
7674
7101
1404
728
42584
5723
20215
18285
15261
4190
24634
14620
38639
2251
217
14031
13530
7633
10186
26234
7511
7457
26261
12752
16899
13624
1569
13166
4461
19659
7129
6852
21114
20677
13464
11247
13171
15168
9850
26683
33781
931
456
356
5286
15357
4166
5845
2597
34137
141
12462
13315
23991
13461
6343
14901
25378
15401
14706
9147
11325
7279
24895
13261
10203
6909
32657
14585
23509
359
32856
22117
4812
41128
12006
2135
7810
9962
815
17913
15827
26657
32
4044
1950
32909
5383
346
32360
54429
12838
25552
918
16324
4458
19376
12724
11596
46894
11062
15537
6752
24156
16545
30832
2482
7870
26260
14158
3317
19870
30947
4264
12921
46023
33335
9820
16023
29637
4013
46175
14403
21495
9267
2207
17798
46184
10885
24304
12947
727
10346
5891
486
942
100
5506
47069
28714
13066
2556
9768
3601
19893
10350
15047
4247
20391
887
22146
10363
2073
10783
2011
20411
11872
3004
3431
6949
445
35965
8785
191
43906
2282
11705
6160
9335
9927
2958
6361
2048
10574
414
1013
8304
1286
390
5075
15529
18078
9437
1436
32857
25030
9445
16941
5404
4534
3931
1472
889
4032
7022
27326
11526
36410
34254
17366
30132
26888
7480
136
14652
43639
14324
457
12335
319
15188
16677
850
651
3128
2339
1780
39310
116
1508
439
4151
9669
14826
2856
16919
2116
31619
36989
13737
23206
392
1179
40405
5196
18431
26132
8094
49157
6203
91
21668
4586
1917
8964
3445
44579
10907
103
31160
21836
704
9223
408
9201
18133
40920
16451
8317
779
7797
23865
18066
14137
33241
7276
29964
2103
16580
24683
11165
1279
4931
12458
1086
1294
45751
290
11108
31510
54
17791
22543
13570
21482
3902
4451
4263
4899
12400
33166
41
6604
19304
18713
20454
28466
34485
4369
35151
2117
813
35903
42666
1139
132
13812
6990
5001
26221
16380
1650
24243
10992
28429
22305
10246
20022
17962
3727
5150
3073
4479
3467
17251
1795
26044
4791
7608
41567
8541
7020
33930
12848
1062
13271
30458
12382
4384
12025
2163
24459
27356
1040
7553
8497
11964
1537
1021
1732
25244
28480
36371
7613
12292
2311
25152
2712
9142
9235
13247
2877
25808
4379
2532
24926
5140
245
33104
909
4651
876
24874
4957
636
11112
8198
12692
11888
10774
17644
25369
25635
18460
951
17077
2157
19709
3197
11100
2019
36586
9176
32785
995
23037
36900
3004
651
24161
4800
9662
1349
5480
28335
2809
41901
419
5034
29410
10883
35425
41240
16912
36865
2882
22353
3571
1191
34088
169
21537
5083
28476
9738
11686
13423
9273
5747
6418
22911
7249
1573
37028
14235
3412
8082
31088
32656
13559
16279
29197
863
30909
3524
369
2221
21715
5576
6415
7999
24983
4287
41945
12234
25342
10620
20940
11074
9712
1547
8169
3409
11146
1520
34755
6854
29409
6888
17475
12145
216
5890
32990
30594
6234
41579
6595
6235
6810
4462
2980
45668
559
48899
442
21760
6149
13151
11572
3833
5151
14568
4612
19941
5401
13180
239
22574
43060
460
13310
44978
14597
36778
22205
21888
807
19859
2151
1797
13523
30547
4418
16445
2422
8471
160
150
10295
8456
393
417
7337
6267
19994
3789
29013
28830
16148
31182
11887
11377
10411
884
9976
37452
935
117
2377
9616
25927
397
10627
10560
1244
2692
12786
10845
15184
3794
27502
8385
11682
594
4454
10416
25408
44202
7203
5080
7058
24363
20842
9842
35522
8169
15239
17006
7224
35348
13237
1027
8
8341
38952
22518
13851
3975
683
3329
15815
37008
32300
11793
4154
16384
23150
34882
101
12117
49469
51059
390
9387
50217
6037
28815
42812
21411
3372
26368
16660
1977
1076
29398
8505
25527
4108
37795
31110
17654
70
3129
2231
43222
5154
4230
29036
20653
1827
15987
4128
6800
24331
13174
969
3255
635
42513
34
29539
9089
21884
17341
247
28640
21450
14056
3116
34559
7509
22992
2077
17661
8786
16394
26523
15709
17774
6758
5221
11522
18566
10565
8595
6150
8608
6611
22566
1388
2512
5092
13796
63
1471
447
7047
23597
1243
4714
4456
51
1927
20583
21207
14222
24410
22129
4120
20296
4256
3404
9350
1090
1721
1594
36162
24892
2091
38417
27801
6833
38752
11
10640
917
22226
5801
38261
27730
9465
12862
324
4137
623
3917
2137
21685
4468
13137
9478
3749
19920
15328
12924
23702
22972
4865
6362
24110
2264
6660
9417
7984
28426
37467
2151
631
10354
13564
8790
2327
37135
23042
42363
10231
30307
6324
497
7952
3142
21690
2467
416
3136
16013
3645
1605
39182
8322
23411
3137
1989
1520
1730
12464
22166
10661
3068
2436
14897
17816
17387
20366
7041
32702
8050
2090
9686
26543
573
42593
2687
1303
900
827
5810
18770
2955
5153
2059
21809
1906
23134
2
30385
19334
41398
8906
10544
18163
9132
17465
2938
10394
38280
4452
7625
13605
1401
15223
7483
15161
6998
11
4354
18963
5827
1107
9587
573
38103
11223
28904
35537
11242
5981
15074
9313
113
15099
4187
10814
4525
12154
35368
1277
335
24622
4001
6734
11758
662
3329
3361
8075
11814
2924
15479
36420
27746
41457
4436
29022
4136
5765
1082
27621
1443
17269
595
8005
18306
1896
7764
23387
13129
6727
21375
1091
370
12117
1870
7390
40045
16466
28942
10558
20483
23934
32778
2997
20856
14139
1264
5
3096
25654
4576
20259
1927
2459
260
29139
546
1516
5835
9434
492
849
11759
16122
14152
3899
47325
4102
10742
4898
27680
31725
968
6690
26050
560
1598
7288
3729
701
358
2613
21430
48533
10225
1811
1986
40566
2889
4153
17249
27442
8
15165
1797
31048
3796
2931
493
5404
2039
34678
2461
6160
23148
33558
1969
22290
19616
21626
10882
7422
4576
4745
12631
22016
2306
26249
33211
9100
2535
495
22251
2901
7318
6474
12127
3599
28929
53548
8033
29481
47855
40629
26453
12143
8869
4932
24220
4213
14149
6072
48947
2769
3942
22420
16168
40366
17289
11187
15738
8046
4090
43582
11665
29573
37902
6163
5980
11069
2753
5340
13981
267
28294
822
6962
11004
5714
26032
20378
11744
12126
18862
16900
1566
7088
3347
3946
6571
21607
15818
660
10055
10472
11066
14991
17752
266
27643
23222
28376
311
24369
24479
4214
17981
18997
8518
26451
2931
11700
5438
11349
12128
8031
1960
11986
7620
8469
16518
39417
10353
2945
31356
6534
10834
41490
41929
19308
5200
10864
1198
18852
15363
1278
7077
13457
16048
13154
3084
12267
29860
290
2018
4285
21105
21072
11838
803
12843
12688
10435
45490
250
3395
12932
12332
8733
15268
14673
20337
12477
24567
506
544
3175
174
3599
10998
40751
20966
3020
7359
15971
33656
21161
20596
4400
859
11767
4463
24586
44245
7104
3365
1236
3847
29541
2882
12150
24582
8723
3014
21561
4889
413
8572
8356
30211
11203
10763
1850
5192
8720
802
19105
39145
3485
7731
5112
14969
18369
1803
4221
15284
2516
1605
45548
24133
5131
14155
24000
235
19672
30631
2847
23735
7978
20970
36009
5574
11060
34559
2349
21204
1102
39207
3577
27684
2968
3465
5765
24895
12800
25438
1695
1033
11058
7242
48
2941
969
19209
6965
26714
9137
4857
6112
8566
2981
22231
770
21184
25835
14908
13659
5163
4701
27399
1525
25887
21160
26659
3790
12509
33177
10703
25852
17704
2216
11805
1415
29227
28316
15399
3220
922
35257
13854
685
12026
9132
5890
225
4146
2616
16723
4300
32325
38972
4303
31460
32
22234
4462
385
2262
9407
2021
2528
4102
17198
21842
669
37997
23226
34149
25673
176
27493
6938
237
8417
28350
9077
37934
22700
23115
13760
5291
20659
5343
50884
12254
13537
34709
146
23512
13138
6731
18386
7991
16521
15300
3179
2418
16434
11967
27601
8942
4194
18895
37952
31844
961
29373
30107
102
743
3824
1758
29654
18692
5169
3804
7280
29642
4744
2535
1095
5877
27938
14421
49958
24398
24855
2086
16762
12129
45840
4290
5445
7790
16321
3723
19358
44504
23109
15998
5045
940
9754
9341
19950
3804
17886
42730
24866
13136
11693
2020
47643
16941
10107
9733
8037
44011
23790
9924
9655
14524
27345
19504
2825
9406
7464
26418
5712
1971
8530
18733
21758
15341
18512
11854
22592
38530
30060
27227
5543
320
7732
18881
7259
20576
16996
7756
544
314
1145
3533
51048
44045
6242
15759
2322
24086
6184
31534
38504
28212
14520
36824
17469
43216
31177
12688
2954
1923
49805
3036
5053
37
6411
21282
5119
2725
29112
22888
9886
46406
795
15641
17825
8214
6931
457
9197
22517
716
9990
1678
30100
1399
43445
43838
30453
14284
25532
3733
6284
1624
16593
18884
23897
26959
24248
47871
36687
34642
11617
2031
15100
6928
2160
149
10210
8102
31867
13424
7643
20534
15252
16892
2071
7872
24391
21879
14176
18850
262
39263
2686
942
8934
40569
11113
35538
17784
5088
8139
9748
25889
8456
9517
7438
19792
1
3597
739
2806
8298
11872
28797
26225
7745
13475
4146
3869
5107
11266
19286
2454
7068
395
2544
15197
11147
142
209
17412
1498
8067
8095
35342
2260
5695
31238
36
12504
6700
7621
19570
28756
29699
5823
8075
1647
16190
36110
8062
31637
2953
1
36949
25
23756
41270
3618
12202
294
4213
4613
15085
2441
5977
6293
8858
12190
29252
1715
41087
40770
32749
18506
11361
1653
263
6400
3210
14565
4277
15803
1792
1854
17755
17561
6148
13183
15900
20055
3008
3718
35452
18097
14673
92
158
996
2005
423
10052
9932
8753
4078
8639
1377
9159
4943
3752
28109
1537
6929
1836
42271
18399
37709
8261
19818
35131
28615
36343
9703
2372
28822
36866
16080
11558
7150
27788
6744
38380
13452
37648
3852
16866
35551
22465
21247
14649
1729
25349
24869
10893
2882
3527
1084
19993
5912
11109
42316
9719
16827
7105
11175
834
18678
590
14019
449
38962
7914
5004
32217
1150
26210
4444
44862
8238
3094
22729
430
18537
30227
14839
1986
25217
10778
8047
905
16160
26698
17553
21717
2388
7228
20636
2954
21940
22639
16121
2675
753
5944
269
33867
28218
17487
8755
2565
10802
3871
884
4933
1999
2792
18503
3624
1129
14559
20171
14157
6060
5355
5636
24805
8388
19174
878
20965
19084
185
14910
2431
25361
32834
2071
2078
1923
3401
52654
506
19301
21166
18924
22829
42436
2674
5551
102
13894
39298
29165
42736
6732
15
3
33822
12217
37286
32037
5576
25332
27977
21491
9044
3479
14935
46193
43695
24687
2041
2068
20910
41
30122
205
30822
11839
9172
44611
205
1822
1834
14444
18280
31517
15962
28042
3039
358
25895
1246
3251
6064
3866
18260
2143
30488
4825
6332
18128
41008
12911
15198
17866
945
14214
4664
13659
6936
10905
17223
3141
7002
1052
36508
8168
2989
7983
11055
8566
13645
235
1402
4854
2317
4723
5006
5520
1389
7343
90
11555
1190
119
19352
22719
32902
16776
12295
3033
33513
5126
1246
17240
5858
30415
35182
26677
1845
7079
22687
4735
21744
5445
138
26523
1117
4588
5543
15255
7011
30971
31775
15932
24951
19112
28555
5237
36005
16822
6860
13453
167
10434
9901
176
9135
30086
23580
1188
418
51871
7200
34873
3529
2891
7993
6341
1921
10152
3421
700
24525
560
13668
24928
28390
15000
11144
21614
1516
260
8183
291
18818
3278
16983
23343
5038
23754
13506
20229
3039
2285
33108
29461
3028
14456
10365
577
10193
4761
39464
11769
14623
16067
2358
619
1268
5177
9337
462
5208
811
988
2410
35565
33764
22602
16452
20110
47119
4149
1571
14890
2955
13729
13778
21319
5533
22571
2931
8587
35709
7634
8248
6187
11952
20381
35231
8404
10277
3031
35378
4166
45
20735
10805
5682
14457
18755
36359
3177
27724
13166
8740
3100
15188
37190
11460
10373
790
17532
6956
16699
5788
2855
12483
23891
236
15966
9894
6056
238
45889
1977
4737
18882
10199
13187
51059
1739
12440
15146
25659
2532
2490
436
5194
6111
2957
41950
51678
1553
38412
21871
243
4198
2827
5161
4514
212
16436
27722
5401
15280
38287
19845
13180
28517
1287
26702
11219
7925
6604
544
15853
16594
1376
2387
6115
18236
13057
5357
9330
24611
32125
12669
14546
25986
15056
25834
9430
26565
4485
1135
6225
29775
12940
19550
6875
3661
25006
766
8973
20654
32670
636
5080
20364
21126
5973
35962
13876
4195
28040
137
23272
7056
26665
2052
14080
37225
11154
7310
1307
1196
3306
22348
6150
3667
1540
7866
3272
9906
856
10187
1824
359
3111
38913
923
7387
17009
18697
12980
4559
21955
37070
12189
20537
29075
26298
15589
21551
30455
3884
143
2276
1355
3
2465
7642
6808
1941
22740
35941
5863
5334
21898
23319
14966
23969
31829
1569
25301
43099
704
31386
50571
1598
573
4631
24301
5556
40511
527
10696
23236
257
10681
587
1875
38514
3200
18825
14138
21563
759
793
2387
10979
2993
1634
47907
666
11942
33622
51294
7125
15399
4642
23093
38835
25715
15887
562
31934
15329
20423
11370
24542
30916
1340
623
2009
189
2749
9549
9825
1036
1277
4465
48171
23681
7790
18023
1304
30053
5109
2741
14147
4954
16568
13313
22183
7889
1314
37438
666
4485
26556
12011
5166
3024
34408
1277
474
3401
7008
7636
26752
1316
26801
6225
19040
4283
5076
3224
14317
10168
51511
6381
35191
1042
8675
2319
6813
1286
4200
1504
37370
18136
15580
31854
9798
23044
29549
41700
21029
17839
808
33175
9063
4918
9053
35917
3488
19140
29318
1801
30835
2820
48423
2875
24352
21914
32089
28295
28316
3899
7086
11885
22898
9314
1481
2783
16995
28488
606
2986
35504
25034
20417
13017
22690
2273
28717
26210
3127
2830
9024
1336
46438
19245
9011
6862
39632
22494
431
1298
1756
12036
1103
16757
18108
12802
2924
48389
7105
17197
2749
4062
2782
35861
11684
20681
37666
23098
25600
32492
670
31301
18902
31687
25204
173
11265
2345
44412
8145
7649
22362
30228
1342
8882
12152
7097
36767
109
25207
15650
34577
28710
14736
5737
3189
6036
15092
16181
19959
45523
50732
32742
238
30771
7047
78
9703
47846
9624
2276
48811
40496
4131
9138
2706
13142
31709
6777
12513
5426
7044
21608
13242
27840
432
28643
9418
2862
731
4680
33673
2206
10095
21895
31253
2921
2365
2289
1705
2809
1449
2886
1873
21271
15955
10675
8653
445
4888
25567
14646
1288
4385
16615
11516
30678
12214
32167
30177
824
13066
9360
18739
26935
7115
16312
5179
6752
1848
6547
1270
22925
12919
37078
86
38514
19845
20222
9725
18988
24161
31535
2835
6756
7902
35889
381
16875
7683
343
14285
8807
4176
2899
1783
8006
8183
7083
6161
11528
14905
26675
28968
6220
30399
34973
22158
7780
9686
33809
10662
8489
10610
15391
15808
42933
22769
208
10944
21128
4951
14491
18432
35578
22400
8788
14659
26450
7497
10314
11625
20587
11769
7445
34931
7586
8913
41430
34431
25964
26554
7708
7840
10474
16610
14942
31444
173
2105
3624
14171
37208
42197
51503
7
40213
20543
1663
23913
58
1410
14550
5084
9316
8085
12987
12140
12294
25137
28138
15314
972
14132
6492
9270
11868
10495
2152
3039
10219
19633
2970
10556
1862
2851
32961
24590
13050
37113
6817
16528
1247
18407
6202
10801
39189
12974
957
19203
7004
20343
10053
7346
11319
1053
17431
13397
47590
36054
8854
2385
211
20220
26312
27423
8240
4917
35707
26933
4951
5876
31568
6078
9147
5635
3495
21461
16774
27128
13344
35759
50621
34042
14456
3343
52258
22058
224
48140
39410
293
2387
8297
20218
52008
18256
32313
35713
5361
631
2866
9204
9004
21439
39137
1079
13750
530
109
35907
6071
13382
10062
8342
236
484
8404
3899
1563
6259
9736
8166
4910
20647
9544
39445
1359
29441
7996
15448
19003
8060
35583
3537
492
16062
20578
19907
8199
112
43598
31743
22605
7407
25369
24899
12244
10994
4476
17689
8560
5754
3892
8238
6610
4258
8700
21682
14790
8579
12152
2499
16762
4990
774
2826
6371
5607
11900
20442
1708
3804
1100
1372
9915
13164
16802
15773
14651
13217
23480
15466
3813
22830
5706
7267
15997
22329
22402
22024
967
147
1608
15409
1131
13069
42353
12622
24365
2677
935
7613
35835
7754
10690
32289
4394
20318
48419
5664
13814
11636
2853
42584
7414
18728
5977
5769
24158
20404
3087
145
25642
13573
29410
1566
20974
3297
1177
7141
27746
21617
24464
118
4097
3726
143
31651
1153
15098
10597
14242
15259
10404
8744
28091
5887
64
8102
12203
10876
6836
202
37479
18249
26900
47459
3945
10996
28468
16661
42741
14668
4578
2717
20019
13315
36139
23101
206
3003
12267
18126
8127
3529
13452
572
27438
34479
370
4930
2385
3173
20339
8094
27733
4036
17569
42487
30648
33278
9296
13534
22703
5094
17620
32901
17520
551
5011
1529
14951
9726
35288
35672
7392
7886
23658
29809
25546
23997
3747
18719
9363
1781
5698
28978
26920
20015
3051
1219
830
9867
2849
18784
4331
14013
29219
1370
9869
2311
22768
1555
27512
24268
29233
40020
49785
2308
24665
8546
9213
10337
39940
3711
10891
26386
4474
12303
11445
16281
4430
16128
8844
4981
11570
843
9292
1374
11841
1835
32054
39111
9394
26486
24460
42812
3564
9399
22718
35666
13747
15688
25316
335
2049
3141
21155
6756
3487
549
18188
17498
1594
12936
12457
1338
30098
1451
3149
20269
14616
29160
535
5818
9433
12270
3446
13306
8920
4013
25705
4399
22899
95
23154
6038
2496
3671
11204
773
1286
22177
24339
37120
28521
721
38044
373
4393
2399
9765
9156
11002
3613
25013
24290
10624
15372
4072
9897
1508
38851
21252
30803
1251
7691
13853
8455
6018
18535
7633
768
22794
2227
6822
407
19532
11368
51980
25458
6370
1748
5145
2556
7869
8360
18885
10048
972
466
12655
2995
41651
13224
31295
3264
2565
4461
7445
40663
23629
11780
23098
36057
12196
21850
1049
11072
6155
24773
9998
28177
12042
4931
21670
4720
989
2183
27734
29012
6215
12814
2520
9515
11659
20072
39499
21449
5965
10155
15817
11043
14841
16357
5225
3390
14549
47194
32325
5493
84
621
6471
854
744
8960
25685
11409
5437
21
12390
12653
1640
17061
52551
41352
38006
2158
13706
2072
9203
4443
9666
10148
514
5024
23659
13000
3358
6686
141
6336
49237
29409
2284
7046
24936
1123
3094
24618
11723
2335
21213
12999
17697
43216
22664
31912
23277
26536
7256
40826
1280
1055
21504
8309
6345
2325
20583
11796
13281
10829
31787
2597
39959
19641
28218
1103
7095
2073
13402
6305
1466
11187
283
31005
7937
14128
20303
28839
32181
1978
13611
10438
36877
1434
822
14105
11096
405
31198
18240
20543
28723
3843
9769
15023
15938
21337
4741
9939
42718
21355
13040
9210
20726
19631
2799
6952
737
3911
22644
29990
13715
26016
44109
21491
19061
21484
6050
11061
5599
8670
42860
37036
17201
36716
40556
24042
16294
4975
2679
13795
19396
2372
3638
18047
629
13181
15422
16780
6859
46998
15684
14148
479
10333
3770
18823
10059
3879
11219
25835
36431
1445
12948
3630
26837
1801
6183
34171
16938
27574
11023
45313
22642
645
23779
2610
1416
15856
23393
5655
34416
17412
25291
21245
2040
9609
9347
37795
2263
2963
1113
12614
342
28494
14397
42495
19571
2395
18538
2619
23684
312
1521
18843
27373
34778
21367
4868
36347
3477
24309
3071
600
6196
3714
3263
8797
11959
12839
984
2785
6004
603
5040
18002
6093
5304
4449
4599
25070
22932
17843
24522
7045
6632
3301
9937
9635
13287
30975
7822
628
13606
2397
9517
45387
2057
20113
28395
1464
28866
8039
34017
11548
21073
10911
659
41785
768
3200
22753
6551
8332
10951
10943
2682
15903
32037
8868
8783
3710
19492
4222
14640
10455
10062
25755
4972
6926
14094
8117
4166
3994
6591
10642
2181
4732
38112
2769
422
6754
7041
15584
29375
41568
12492
5436
32590
6504
25157
27984
18076
22617
17673
6146
27371
12842
27641
37347
41235
6234
439
1979
1815
985
9380
36971
7330
435
2012
2689
38511
2968
27740
6499
1337
20199
5165
22414
472
4190
19423
3448
10239
29616
7409
4388
2768
42774
7796
5556
20157
34995
500
4688
30750
12280
787
5776
3368
29705
1344
20206
31841
713
3402
6686
2605
17764
8224
79
1512
17816
9780
8179
1137
30167
13974
8803
22552
17363
14682
2773
16340
32232
488
10515
15606
7357
2118
10103
4644
4483
3285
4482
10690
31258
9631
1921
45438
5232
25452
25085
502
15617
14947
4238
2749
4499
23971
5414
21085
8422
54
2828
21703
4471
19051
39214
29409
15026
539
25331
9624
11471
1651
11163
9985
21314
13854
9469
2053
19217
17767
6984
3411
10732
6581
10919
13077
25750
3644
17945
19950
20138
9924
3102
11982
10555
27031
6871
26124
13095
6769
19346
10703
17954
7422
2913
5183
19595
11594
8713
8559
6009
18867
30907
116
17234
6228
10678
15942
370
3314
17511
20171
9625
1601
32527
27669
17136
33042
25582
7747
2393
7539
11162
3175
44372
87
4828
11824
1340
479
1055
2026
7640
12319
7250
3792
2159
383
102
39696
8207
6114
6301
16616
15463
9975
1222
6
17083
16536
61
365
2243
13816
21
21898
3245
31313
25121
469
1462
11894
45278
50033
24568
12082
27358
1330
32824
15275
4230
11021
16251
39269
671
595
20912
12666
8720
5877
2170
31804
12544
10055
1805
6053
32991
40215
1195
26422
1095
13961
27561
3424
8099
109
220
9226
14737
37660
13039
10679
696
1250
5097
18862
36861
41941
10487
15246
3167
13252
26933
18161
18922
21431
8155
18569
4398
8256
7646
7302
2607
18205
24025
35129
10955
20395
1883
1293
16403
410
4661
6287
3479
841
344
15515
10185
6556
8204
7842
18263
1870
17515
677
4823
251
29193
22436
28822
40550
28941
7814
3185
11261
12804
2223
31224
5870
17989
5172
34092
22706
32619
6463
320
8933
8805
5915
5556
11348
7885
6395
15822
706
16081
20152
5130
9739
16442
14100
3322
34388
6438
38763
2895
3727
10487
20634
4993
17109
378
462
21624
21766
16034
1963
10234
37875
7209
686
794
5390
21184
10792
682
32394
13151
5510
593
21337
15042
31126
7157
6165
38735
9378
24188
2164
9371
10091
7670
255
9889
9718
624
621
11176
28567
17659
39249
4279
242
3966
8947
414
11384
2868
39078
32170
5139
6424
2363
13461
1027
2708
10370
20976
25985
24
41641
1762
41699
25911
2431
29482
11348
878
7794
1547
8500
3881
5043
3014
1020
3985
2000
13606
19835
32677
37975
1293
10255
7206
20586
1284
6434
7453
20483
8582
16633
9742
20810
5425
10556
30135
8658
27713
9041
2740
36085
40452
17512
7593
5597
24218
2292
9757
8677
25939
4788
13174
22176
5705
18854
213
18096
13802
12223
2975
32744
2466
4535
27060
124
6094
44795
33285
23531
1186
20614
8
8836
36955
1751
2924
7319
27575
9454
22906
19823
9508
5459
34590
4342
1670
32027
9297
226
3782
17932
12686
17890
25854
13861
3040
629
1834
1
722
34574
51526
31424
14513
3201
6508
33160
31251
869
16629
37843
9512
8135
4709
973
13546
12242
8882
34574
1720
4846
1225
13786
2937
6874
7325
5479
1140
5238
13409
23387
17385
21332
40503
492
23175
28919
1589
43758
6564
24944
5026
7892
1834
19220
33101
29806
22757
1835
2889
29
24177
1089
3543
4490
1563
684
9844
26913
1028
7603
3772
16482
9688
3365
8307
8120
12145
1758
4154
5218
24784
42790
4689
20213
83
40931
44649
23818
7818
3124
23864
12592
23650
45472
1261
18765
15941
16026
3249
591
1319
31406
4365
2845
22156
11504
10316
3177
15501
23802
12644
27572
301
18375
3527
11712
14680
14764
6665
8753
16000
5129
10588
25467
33716
5734
36
19810
1866
16847
16650
4525
22713
16136
35569
29
17606
6435
50934
34491
25134
638
15256
722
1987
40464
2902
642
1365
3183
36720
38765
1397
13350
50434
7403
22322
8340
13572
2851
18910
14521
19602
4855
1143
14750
4574
3766
8040
834
4958
12448
7932
1820
5191
48707
24410
11525
3458
7961
4751
16690
11510
52
27485
6201
3976
38510
4436
50214
6144
37788
306
6775
3544
4899
4147
6326
12634
39
3179
5982
24125
5593
10283
9939
32
21331
1585
27606
15617
7903
15128
18623
23619
408
47578
9994
8839
16198
18463
2322
1436
4192
15111
871
23522
5127
2781
22718
24055
1313
31543
31145
3771
21736
18833
6888
1188
4408
2535
11884
8550
13076
1489
13055
21340
6800
12599
202
44102
138
6453
20605
11447
978
29210
14246
14146
10762
13189
7425
5575
669
13112
1931
38922
12562
18198
11564
4645
10916
18547
13671
15537
3825
10959
19192
7564
44468
19877
18528
6460
22349
8594
12991
2366
39813
14339
1687
4330
6532
29531
9209
7990
11572
1938
8196
15312
11890
7442
23333
30448
9779
15940
489
34100
19965
12595
24878
2161
35447
190
8882
17949
2469
1072
2148
5858
10537
4943
2333
2677
21991
14330
8295
3941
14581
6767
2854
12250
2533
7048
25670
16369
26542
32485
4620
1391
39588
2590
1241
11039
46097
13613
4466
11123
407
8142
31255
5062
12172
16145
34299
10645
11401
36249
30482
25028
629
5815
13491
11599
49478
22332
2467
3967
25832
3692
7681
21714
26232
1161
45752
26418
25623
30384
9819
11454
1150
10875
1099
18855
4472
13048
9289
8145
14303
7142
20186
15221
19613
10747
54
10100
1377
2787
10026
26977
13801
17546
2568
12355
34120
281
1902
20591
1149
2291
26536
85
11400
11104
4727
9999
11687
1273
8947
3640
4311
6408
13875
17054
15671
30934
7106
46375
10744
18769
13382
3579
1236
5613
6443
15276
1587
10306
646
36842
4288
2037
4821
4979
683
15284
9186
13212
8375
6048
14276
9107
23708
17746
2075
9338
12668
5506
32314
11668
8218
393
19740
76
8473
24965
5429
3304
17340
35720
8865
2633
34565
25376
9529
24672
24372
6480
16882
21965
21515
28345
6609
22272
7865
295
13111
4056
44947
5264
10707
10504
19867
10241
7221
15585
6675
1338
21709
13907
29032
1654
21564
645
5903
39486
19900
7068
13626
15905
827
21562
6475
14598
3312
745
13563
26075
34711
705
5486
9831
1260
926
14108
51
5591
8000
8493
20233
11597
4287
493
6202
3811
1291
619
8775
3047
14201
2090
763
8145
13362
3050
18480
31209
9779
30144
23691
25395
11264
34739
42641
9099
6628
4070
11537
19756
17479
27824
4706
10777
29380
12310
1902
38786
17442
13265
8351
7810
35919
5545
9938
212
22173
1953
11718
25380
948
7347
6889
18077
356
12893
35080
32633
13734
1634
14968
2945
1727
297
109
456
12530
48095
16163
3453
3023
29821
3498
7567
29458
14446
1220
14753
702
9926
24384
27040
4694
21347
654
15385
12626
23441
4802
23032
22313
34724
23339
1400
23043
14116
13485
35061
34456
26519
1407
3081
22360
4786
18303
27207
35901
13678
1297
17464
20815
3962
91
7291
26869
6057
4990
4556
881
24470
11311
2445
16372
7440
11110
1199
2474
14510
19338
10259
29540
5940
9811
718
3598
2849
2383
4441
38776
8513
3304
606
14645
38351
27083
28733
14482
14635
20025
22471
8580
1474
16178
53097
2815
11201
26285
23690
3988
32577
27533
70
8286
39120
208
23826
28046
14742
30910
20556
28570
12608
14137
18698
28406
1350
8534
781
4999
5583
38701
749
14636
7777
36710
4682
13101
22385
1577
426
1836
1242
4962
13753
6624
1006
23963
20044
861
9805
27998
1818
25930
11537
24734
26288
35661
2821
12542
14568
39233
2125
10357
4445
11889
7261
1577
16468
11258
10105
40852
19500
10061
4220
22693
74
8564
12453
5745
32890
2027
26068
47961
4962
11272
4450
22956
21546
9916
28726
27252
5114
406
4069
11586
21235
22749
22488
1
9976
1777
1708
3807
21991
15881
21533
9676
8318
33658
11503
7766
21551
6715
36858
771
31460
15972
30339
2592
6235
24030
16070
13910
36
30936
338
17313
26336
15662
15747
3166
3894
1203
13444
3174
3446
39369
9860
23071
2797
22769
36947
2890
31766
26504
3269
40560
11778
19632
26785
17371
1885
27087
21373
8338
47239
1083
11921
105
14254
21920
9726
7841
6773
4787
17649
41464
590
48328
27648
11351
7086
24826
33018
5357
32944
1928
7905
16922
11724
14392
14917
5219
13397
1832
25838
4104
10245
18057
13411
8575
27202
23922
3821
1796
2169
4944
17903
4795
656
7227
48421
29384
18549
5507
2688
9224
39586
40993
879
31382
7515
6210
4560
24803
2163
6894
4703
30477
15557
5760
8838
3473
10277
17066
26700
15910
40674
288
10679
285
7184
12738
23558
1733
2464
26418
4294
1694
9466
40507
24158
28120
698
12501
2547
4472
38771
47
33676
2276
1968
19649
37557
2420
14303
12027
5734
2186
3011
45968
26039
18813
2681
6300
7932
20485
6133
16499
2235
9068
23169
12829
836
8763
43312
3256
587
44771
10297
364
17894
14473
16945
61
356
11310
372
33634
18010
1706
5559
27514
31467
3814
7572
305
1101
29202
11879
24429
24668
3511
11233
15339
5353
971
1841
11220
4221
42158
1458
31199
7433
14454
5320
1090
8154
10471
1873
30831
1569
699
1112
11182
6563
25875
30282
46493
17573
2319
7205
25665
18353
7674
30352
2182
29199
15787
1676
6449
18723
235
987
14569
11791
2460
7091
3958
15761
3926
7360
30223
8348
4765
32363
2170
844
47052
1923
24014
26381
3030
5033
41528
2861
28281
12480
10488
18706
11241
1256
37894
2326
4211
27319
5826
21218
5926
7318
17781
13526
33899
11433
2879
23907
794
8871
1136
14300
28346
2789
4826
37629
48417
4644
21260
7707
36897
9722
6585
15622
8790
24299
11843
2279
30074
4724
27661
6537
373
2427
10219
15149
7667
415
10432
39733
40922
2192
2546
164
675
4293
972
27029
3571
3270
26941
8988
5200
18450
11530
20843
10553
25088
17441
8629
427
23398
19358
49969
7547
11655
7933
92
23783
38573
286
2573
4383
9706
17472
1120
50609
25403
807
7460
20827
30431
1486
6522
4819
20008
23814
7117
34912
652
28067
10890
19320
1165
36865
785
22203
315
20984
41522
23991
7123
36699
11103
5063
11716
22583
154
44445
4161
32725
33361
6682
34377
40213
18399
17762
556
12898
9017
3952
8029
1345
23648
8792
1026
4227
14172
3403
3356
35519
31583
24689
13458
12160
30988
4334
3899
10409
12573
24774
2704
5711
10941
5644
23048
17034
7235
21727
18587
602
1066
32932
17052
7502
26519
446
38892
11989
336
10294
5948
20557
5845
32092
19616
31984
17616
44355
5874
18419
4207
30147
10081
1991
9425
11316
28153
35365
14548
2129
1369
8228
1908
368
17952
948
1047
9764
18657
15985
5239
1237
14691
30440
18990
18125
19246
65
31971
2095
5928
3708
4903
8168
13637
41274
6949
21142
44412
32761
5221
26230
731
28901
21193
4770
11532
35752
31205
38080
10554
21657
32580
15105
15293
1137
13162
19158
162
5220
17997
52171
468
15437
4954
11476
7222
27336
18694
10758
8961
13798
3135
19920
13118
15914
678
19675
3396
31360
31732
10396
20464
8228
127
8381
39374
4997
11860
77
2787
16429
29040
1016
10743
6100
210
32
6810
2384
15147
7974
11559
8061
2569
725
15617
3102
17257
43
231
21703
14680
26514
34504
590
23230
17440
19474
44546
1727
2115
25396
32269
1989
1374
9143
12
13478
4835
7673
21314
23665
31594
6554
1586
12455
17990
31184
5608
24440
825
14533
3459
33097
193
7823
12790
12303
1689
3902
8474
4294
1750
32521
2132
4227
21753
2091
10351
9733
9041
515
668
3167
26264
27432
4970
9624
10575
27096
7034
31493
4883
14348
27028
2638
15999
243
34142
2528
39086
18886
31691
33521
4037
11820
12503
1722
140
4607
26726
15921
1549
13017
16019
35043
1234
34312
18897
2137
8102
1133
22137
12356
5588
317
7743
2252
7841
10390
8023
104
1088
42818
6770
17573
6415
2940
9957
26763
8212
8725
3135
9884
7649
19293
14141
11470
7065
7474
13240
12701
2885
3862
2727
1155
12133
3580
33252
532
19006
2368
4198
11498
6781
33745
13852
306
28249
1138
3655
1778
6962
1065
473
681
22346
469
6457
24735
16560
37246
5885
7191
25026
27413
23806
4239
7160
22623
2780
23482
12281
9872
1388
1476
1119
44438
49626
14246
27951
29869
16352
5185
7371
28498
2871
39985
5085
4915
16170
1252
2960
14205
11309
717
13639
2
9952
1074
2822
37403
22599
25352
7399
3262
12165
372
9757
4045
24840
2735
3207
10919
11425
16812
2017
11696
14246
17123
19702
27943
1559
1115
5597
5163
15581
15397
36063
27986
33489
9725
1786
22320
2724
2468
1549
8954
24114
8458
11337
41559
15200
7025
23318
20668
22344
3022
6712
894
270
2953
2809
7310
21155
4645
1592
10149
6016
12078
1845
28642
9952
37369
658
16163
6931
12799
10389
18208
4081
20257
27988
30922
2101
14997
37674
39820
13922
23175
17762
17406
12768
1320
36054
1311
957
5303
6395
20285
39136
12719
4601
33086
19333
709
39594
1568
24643
11747
526
26475
10479
8827
6841
15979
4008
10381
10780
309
4102
1587
36087
34003
39154
1226
1780
22748
10448
2668
30972
36823
27829
15523
1947
1044
7677
1348
4588
6409
25005
3739
3619
7305
19177
400
28142
481
10960
152
25781
7068
17721
4089
1114
269
7108
36202
4037
29127
4604
44350
16372
3030
3321
8956
1559
6681
12651
901
38672
2016
21536
872
6936
29228
4688
26797
15901
24941
7624
24477
17557
17623
29238
139
14
28756
12798
8368
1003
8851
18346
7393
7679
22464
6401
362
4622
18558
5019
4637
3660
1089
27302
15575
2244
462
682
553
12544
17978
7109
4542
7460
16908
4643
5463
25147
45338
6183
377
10966
21907
11087
9666
2390
8179
20036
18169
191
6450
3394
19489
16648
12411
10816
14818
5019
12398
6970
3104
5432
17988
24498
40350
6443
3888
13722
9314
4702
885
37671
1605
5100
1056
3212
20724
8771
2113
2290
12094
1810
7466
6016
4262
38818
20967
11606
11598
2841
279
13926
651
1329
15996
3474
4583
15275
5942
10008
12862
6714
12621
17463
6167
778
27094
1751
28552
14320
4471
17883
8199
25537
9855
6576
601
4172
1391
14247
19978
2901
1262
29052
12489
1224
4285
3300
1717
14961
21846
16159
8801
9101
13379
6159
3544
1452
654
158
19545
3663
13031
27646
13481
4251
17269
1098
11569
24719
21185
2728
7339
13594
2604
8779
11963
19407
1835
1536
51143
5882
2533
5292
8091
10899
8377
15014
11102
23077
34714
35811
12280
19831
19209
9064
52645
15425
835
4265
37877
766
1821
18448
14131
2116
2308
6514
27803
15052
5281
12331
2207
16828
1499
4989
22787
19703
8215
171
48528
31476
19971
6192
6157
34611
12019
8458
17266
7222
17768
8445
9
2888
33206
37240
5559
45874
10429
19593
13592
41426
2549
1046
8144
35383
36825
1931
18555
24660
9119
28553
430
13190
7058
13218
963
40187
134
34449
25073
3911
2758
2858
2065
18004
17472
19967
31203
9164
11251
2710
21270
15
24703
19050
1781
23024
37500
764
28969
25761
7665
1353
12705
30407
25558
1862
17689
9576
15691
14606
10333
7838
6411
2174
8287
47196
835
4082
8558
294
32127
189
5267
20033
497
6662
512
80
9217
26388
29783
5406
17154
6826
5805
20607
23509
462
42108
8807
4727
10072
15530
3534
1079
3191
10575
7601
377
1594
19754
3127
11985
12478
28884
44126
12999
1591
13467
3332
19946
3717
18707
4232
9399
11794
23533
12734
37894
26717
3507
6299
259
34877
1038
31145
14638
22387
2331
4274
44878
5774
6785
9445
12871
6764
1346
9346
3371
2186
84
2484
35749
11128
20337
35857
11445
4813
13581
823
16854
38759
4085
25512
29090
13646
2266
14019
6153
3419
5431
11131
210
5756
115
1843
7244
3982
1916
650
33076
1278
18935
20714
7942
14855
22083
19452
4188
31634
26059
16650
12709
29559
22429
5534
5575
21375
21866
3123
22362
3929
19512
4425
40992
20100
1448
5689
20607
3532
36882
22700
15333
16406
1409
19911
3160
19237
27
82
8835
13644
2165
17666
2996
1536
28030
17227
794
1031
12167
13119
5185
2278
2690
42634
41215
3315
22582
847
172
16324
9351
10453
32847
30491
37361
242
13135
33428
1121
13252
8433
16170
21862
12239
13779
1609
29216
11772
1571
17312
5537
59
7985
201
2692
7452
10006
849
38679
795
7145
10650
4743
11578
911
5474
918
5330
18242
393
2427
4742
8051
17195
16222
2055
894
4912
902
21263
1600
9756
18111
3674
2994
2206
46254
2879
2244
25203
28600
3094
8942
25639
16190
35952
14939
42541
5513
32155
32294
11761
2476
3640
1025
17612
5588
26624
4628
5388
10767
25042
4879
11974
2143
29862
29
19520
15181
26704
9472
6731
11102
2259
11758
33316
24303
39242
8446
7660
29215
4573
6543
36522
9286
5972
8650
3022
36697
4498
48
1007
12879
48625
393
14372
37399
14557
18495
21647
6683
2821
17670
10999
5650
30263
2134
17831
5477
11761
10585
17905
16844
3914
28679
18198
500
39295
54029
24553
3147
14428
32255
1074
2843
1853
23152
15028
4997
36274
3106
14736
95
18862
5618
4781
670
16776
9487
33726
6087
1271
4378
8117
1318
11546
16596
976
19542
15490
18480
592
25230
16585
9626
40212
5333
128
39375
2846
700
33565
3462
11125
32593
10090
52098
1493
731
29557
5231
22299
7422
15644
16364
2200
9991
32114
26565
3513
24092
5147
1801
43511
25094
2594
13958
10536
3616
33666
13349
18252
1294
1015
5482
9093
2999
30742
6018
41161
942
4080
7386
26216
2022
325
21961
193
19786
17346
831
3921
9810
39169
28772
21542
18462
15496
7248
16761
1976
3784
603
21567
26282
5180
483
11275
7819
36030
12037
29630
33839
16491
823
4761
559
23026
7127
19670
48105
1170
16568
25680
9856
29961
3732
1245
4926
44123
2037
5574
22091
30011
4249
6780
19945
1498
388
3359
7530
5462
7818
2939
31923
1257
824
1265
1022
3857
11828
16546
3695
15429
10102
2170
10664
15177
16
5369
1735
9638
1699
14098
1819
5128
24565
10815
31949
10635
37251
19851
1100
13519
31076
2300
11036
29521
34279
13006
4986
894
5792
26703
32192
33769
44099
3651
1600
990
1479
1258
22984
23267
14142
34511
4888
6749
4766
11681
30311
36606
5980
35856
2281
4782
8290
1744
32086
2454
1079
2541
1831
1385
4142
24018
2888
443
28145
27415
14623
352
11567
20995
166
18595
30003
13173
6113
2015
2826
3405
7601
71
23984
24107
6397
34711
14699
8334
6838
11599
11364
3967
765
2091
15756
18040
19177
21418
43794
16375
6421
25539
21618
10118
25634
19860
24150
29458
50797
8541
20424
29313
99
295
4134
24575
2904
3037
907
8831
2135
23346
14248
3190
435
832
27819
6517
21318
332
7683
39170
15796
896
10918
3063
505
6082
6437
4617
4461
15251
6314
12393
14011
2300
41738
13777
14633
9997
9762
3471
10230
15802
13279
2628
9255
7485
3972
213
19155
49685
3629
171
20248
25948
26838
1698
26645
184
3503
25794
4166
8368
28645
6461
8080
7900
40212
5817
2250
13029
2314
809
979
14143
10714
20195
18631
3291
3381
17293
27847
17418
6790
4996
19122
8272
1344
10753
912
22072
10184
1115
2307
4150
21584
33900
15835
13308
7685
22448
23348
1441
3401
18894
12610
30075
4484
1518
15242
21514
8346
6566
34540
9944
22774
27715
51685
1267
2776
432
1064
3813
36526
62
25700
17281
188
8143
17176
819
17105
13954
19747
14846
1622
4967
1731
25444
14596
17058
36407
4048
37299
34232
26131
3779
13892
1899
10382
24674
16572
21264
8702
499
11136
5592
2027
27339
1551
12915
10454
13709
1077
15471
9316
36888
5116
3139
10850
7635
25700
28252
2077
9906
40646
24332
16757
4930
28532
8179
2505
44470
14889
13771
9779
25547
34516
1714
14607
343
10218
15339
32493
11190
46344
35796
6681
1046
28662
19570
13183
33332
8397
1569
22135
29477
45775
28467
11478
24937
30836
5056
1737
27736
15751
10720
40255
3337
3341
21724
11121
7314
2801
140
7500
32812
420
8850
2866
17594
4859
9446
31224
43074
2752
13204
6578
2202
4610
22738
31074
975
26784
9311
18437
9838
3571
265
14042
8616
26647
2957
39024
476
650
15265
2030
18172
19257
2873
23
526
1120
12865
6480
29809
16611
22060
38633
15057
3916
10659
2364
7940
88
1461
5200
13316
6985
576
27143
8002
24118
8799
8235
2294
8679
8450
7963
84
8409
6847
10365
8355
2728
4123
1096
42357
6175
11714
13638
4394
5794
14643
143
7680
15856
11244
1055
31442
1366
2425
5190
4539
74
21077
17792
39421
1540
1397
19821
1817
28705
491
39013
3238
6223
38570
36721
17123
8133
20107
13613
49253
15268
4621
5093
31681
26638
19558
1368
38255
12520
9625
331
5221
37657
1246
15105
79
337
42043
14557
11168
42783
19249
4476
1590
1824
4008
1685
1629
2911
33621
1088
4532
54414
31074
4600
1793
30843
2972
24820
8219
17486
13218
145
27034
4614
4834
30958
12245
3813
1583
2875
36179
30003
10502
7589
120
1718
7614
7301
9766
1342
847
7616
1024
14387
8888
7381
7501
3544
33820
24759
12022
48151
2677
33120
7163
11651
14337
41822
17299
47811
18516
23322
362
8249
28912
3493
1712
3113
22262
28836
3420
2025
1767
19778
5548
6844
26249
16247
19996
1735
1518
24337
34213
6035
4261
10043
35543
10578
2917
5935
19791
8928
5660
2599
13811
6152
6582
39527
15953
12639
1407
42029
18961
1832
3246
1863
30928
4386
15725
4287
44256
7372
11463
2337
2458
4277
1725
22714
4628
13337
10738
15895
4939
21589
25673
1026
14602
17119
24889
12056
3521
17212
19990
7293
6082
4852
769
13386
54
398
5136
590
4270
19450
32004
8875
10149
5904
13162
17757
17488
23452
27514
18501
2498
32549
18202
2553
47219
14063
1008
13497
3648
16468
6983
4052
7584
10063
6357
11795
9780
21534
904
153
3980
1786
12970
7502
46729
17573
6808
32975
23905
4640
11453
34418
28495
14395
48932
15728
10749
19698
4063
31249
60
6506
1699
19901
11357
16440
52158
12652
5971
277
17951
3252
36963
30263
19187
6879
30247
3323
897
5663
3
30657
9504
836
15633
8807
10083
2914
11616
10930
40767
15109
2793
619
1113
18648
4603
9394
7120
2920
1689
21778
15800
7643
751
12058
13882
920
14692
16313
1991
15970
779
17787
37151
296
4381
1173
32901
1250
4541
14803
6389
11994
30506
38387
7500
9871
3928
12342
2795
1214
5649
2258
2608
14800
6058
15223
2985
25673
982
7744
39694
30243
6192
7984
19344
3337
3303
4984
1032
3559
23390
7609
16441
22270
25086
27413
9817
17214
40056
15627
4566
3992
732
42212
40241
5557
31656
37583
317
28508
2933
21680
5551
10641
13107
16023
346
376
35398
1489
14185
31824
2164
1026
4584
1382
3408
24314
11864
5966
3693
23529
13552
4762
19158
4849
3447
6690
6223
14373
11790
5343
17109
2539
31504
107
16792
1805
21712
26853
2116
6743
24560
23755
10553
11588
2913
2677
12911
1588
13198
27208
11092
13883
987
9340
3027
7765
16872
5447
10393
28956
8355
18176
12906
14918
3419
19946
14733
18895
1986
9312
3353
3697
5949
3719
2935
8760
32500
22046
1611
39705
1928
49500
16291
6264
22195
22971
13048
41500
49092
16901
1435
6331
23762
20239
37870
358
7832
39358
3440
35376
2578
697
30973
13465
13030
36831
13899
3030
16462
13445
3277
6142
23038
1508
8551
25510
299
47403
1283
7086
14215
296
14252
1425
18119
26175
963
9307
13960
24751
4715
10388
25404
50748
202
2395
31491
17659
18356
4045
27712
1755
133
2909
6948
43157
13375
11346
12004
4932
14069
22766
30458
1539
34312
7784
6997
6792
2052
8891
9445
28696
21553
1069
14867
24568
43981
20328
1266
551
4228
45289
29586
7072
1605
18780
103
4148
734
17078
9113
44119
8846
24537
11427
17906
2873
1632
5763
8229
16639
1613
17953
30150
5996
24332
29325
30791
297
14254
30397
19737
12829
16232
1413
645
11577
926
40508
6215
22897
2840
8064
10345
10613
2109
17925
3403
40921
9783
4415
6840
3316
82
6211
34910
4228
6410
20945
9764
33106
14595
18816
24633
20877
14810
3326
16727
420
4148
28102
16679
27726
6017
22114
6292
2394
36763
22593
9719
33333
16690
433
14443
27766
6076
5014
31125
2023
4209
12256
43724
24116
36386
6056
4006
1848
1145
1485
3967
4391
3095
46504
39890
38508
14561
9203
9520
1414
17016
7206
12790
16988
9474
33578
17559
20434
39566
253
20404
9581
548
27581
9750
2726
47
15357
37691
33630
7971
17091
5567
19842
20128
23120
912
8511
881
13576
24809
7147
3618
5117
21013
719
11371
5830
29850
7477
17542
25545
3775
1676
31340
432
906
16568
481
15373
2134
928
334
45511
494
19042
17038
15625
10180
17129
1754
45281
28151
23664
3051
6034
26230
19722
32836
20114
2742
11902
25500
15551
9439
3466
3910
32208
1113
1019
39165
4668
24601
6473
26848
1950
12502
24336
128
24739
2350
36939
1486
5616
4300
16083
42775
9626
1888
8276
15526
17561
31722
8344
3050
6011
21161
9941
35811
17374
38117
519
8656
3305
13277
306
13632
40242
35925
36191
13514
535
8205
14322
36434
46317
3573
1125
3492
42649
5568
4012
20367
4583
560
23018
2872
35502
15708
2804
1321
2627
4946
4915
8127
25667
1734
15061
2420
4562
3114
19030
38650
47508
2874
5295
7628
3374
1734
34597
73
19880
247
2935
29070
12624
21706
2469
14489
1232
7073
4982
275
11925
9991
28155
899
10133
5194
12716
30311
29014
13049
28211
17451
703
22651
21657
32227
15432
13531
355
5166
7177
14212
26862
11503
359
10830
4590
7242
17891
2747
8429
25146
5828
2960
5670
9582
5029
29859
9978
38492
17398
4631
26259
28056
17775
3793
3293
6079
2535
3682
20938
10872
3223
16727
7155
23736
932
23524
27140
40694
3303
21549
6738
18083
4643
400
16043
15517
10965
425
37805
41514
16007
10682
4087
20367
21251
12549
22152
24288
33
4420
21054
886
7196
10265
2788
1721
11592
25508
18756
15313
5398
9450
6376
3218
7973
34339
4067
4450
39552
12580
3378
2355
620
33959
28
2150
18772
12721
4831
22667
13811
2711
1224
7258
750
21979
11492
11059
2157
15581
13842
5298
11738
3787
4637
1592
568
19363
28656
35596
42632
14345
10109
18059
9117
25110
7284
23343
19795
34070
39283
13951
15702
28135
388
1544
384
22511
10260
49665
14273
19818
20312
6815
45531
14527
20499
2726
10098
23682
589
20017
4756
2243
471
33143
2353
13229
209
30470
27631
3559
14037
553
1605
9260
9536
8493
12570
4180
9024
29313
42621
14240
10000
1515
12573
6938
18550
2602
13730
24087
11162
4993
15006
8756
3318
13605
11912
14480
37235
7318
5017
4653
2924
14101
49041
4066
20316
903
6067
1679
5933
41025
10345
38790
18235
3602
31364
16776
27301
1913
3072
24625
2931
13675
21571
641
6625
798
7383
514
5395
14580
17381
20812
2542
19151
870
3388
8847
6315
3335
6401
16847
6592
7321
2775
32097
18104
13482
6290
216
19019
4804
1835
1830
1568
26558
41567
1515
257
1196
19182
26056
2464
18692
4667
4930
8802
7147
22382
15185
6430
18214
4033
13186
979
69
18383
841
3829
42064
1940
6364
26262
5233
7987
16167
32079
6141
14623
13064
12883
9757
35850
10479
9169
44334
1073
472
5213
2193
533
4412
11354
16916
5864
20920
2879
8156
12001
23830
42
4814
21678
20159
17615
5299
4849
5639
30109
3461
21252
18267
22280
38469
9459
8331
2415
6050
4526
17576
17343
11229
22473
30525
840
53
6965
26713
4799
1104
14671
338
21543
32472
8104
8899
7258
1908
24383
46576
39163
8707
16635
30484
40319
2379
4733
11442
7979
24081
13776
22873
4931
32164
1832
15692
20434
33137
21003
14392
37886
10393
1827
20440
9541
5458
2425
15422
35588
13400
23401
16453
23126
549
33305
29305
4158
421
19592
16575
39414
28568
3811
11563
14786
13486
84
51
7390
3434
37845
4358
6310
22407
9217
10530
6942
2370
13253
10413
30547
24261
25409
3595
28344
139
864
14533
12985
4530
21561
25607
29790
3015
686
17748
28607
2768
343
8594
1537
9680
5561
24804
25554
188
12042
11648
5130
10498
16187
1271
2686
39037
7933
19331
41902
945
23274
945
10240
2953
19752
13717
20097
19694
2211
289
14450
20220
26193
31760
18919
1716
2926
9960
1331
10205
2123
4936
293
280
4623
2097
16212
35920
42824
22451
7515
15989
20315
21706
19516
14212
1915
14594
25170
4614
6546
9363
29245
3168
11774
3806
16727
12490
7579
720
17555
25302
10084
2931
11199
2261
551
34296
13701
20993
1281
50494
1314
13072
12723
15083
39045
15832
228
2219
4221
2512
36159
6625
14121
13003
7573
8719
930
16363
4193
9875
13544
7248
13069
13836
13124
10171
4912
6696
4613
13314
2229
26515
18327
3856
2455
7772
1398
11899
4900
45276
3534
21254
10661
2790
12932
7254
11584
719
30782
9296
20363
8464
14285
7781
12448
37
47287
2162
21697
23904
12423
492
10985
7737
8068
8712
18162
36318
1816
5279
2859
8071
7420
32669
3258
11021
39581
4467
2739
4971
1697
305
12336
32330
36733
21970
29850
25629
3109
38654
3844
20467
8555
34735
18511
1118
9399
28906
36700
9693
30030
24745
47145
5740
715
4148
34182
9382
25597
21671
4176
5264
48695
41278
7454
1476
25398
772
7691
27486
6709
2182
38218
6288
17494
15611
40446
27135
1102
4388
7289
10397
14727
2739
14070
5505
3985
24375
48767
6435
7276
9930
2936
14340
3455
22914
23718
6846
15783
26607
3675
24731
1258
12581
16690
18862
7601
37068
3618
12442
35995
6488
32202
1456
553
19429
15992
6607
845
22197
5104
15881
1899
46409
22075
6511
14006
20612
17
1335
15436
9372
1939
4043
3668
14936
26320
16912
27504
3984
18739
17345
1773
10606
1421
8538
13229
22745
852
34863
11320
5838
10892
30738
35184
3678
3897
6155
24307
22118
40099
9114
602
11573
3414
6812
28798
8168
7744
35905
4868
6589
26983
15535
24290
2628
12451
3262
7861
70
11836
3685
122
2950
40494
15897
26276
2936
3807
2220
7690
17583
1639
10217
1551
5093
5514
1734
6419
3130
23005
32887
31422
17807
7706
10525
1271
1709
31196
21777
6920
24183
5671
10346
30864
13190
8154
529
6083
2692
5021
8415
19195
18911
22033
23313
47023
29006
14231
13201
3349
9099
1556
22819
2103
6901
13759
4091
9724
5664
22270
1031
10541
7015
7219
4577
3464
10560
2523
9702
21604
7193
8647
28562
17747
2335
5791
20620
8796
13944
31561
259
7445
12027
21934
17168
307
41253
5958
28824
28202
12803
20268
19088
1145
11973
1406
20707
5510
25529
3160
1809
1870
633
23197
10918
3543
13958
14432
11696
1683
19056
7522
14994
8118
1334
20350
31036
7944
6731
18112
7197
7427
34225
5175
8770
30310
12059
17758
19211
16117
8735
28842
33746
23471
8427
10209
31487
16785
30412
1509
33207
14791
31470
130
23145
8517
8241
17088
2003
32515
22333
4907
34388
3978
10100
17907
294
7769
33003
2749
23859
5861
4710
34783
18402
3930
9220
33079
19713
36653
6070
35008
35983
14200
37824
1651
2052
8702
4463
2679
2911
3553
163
608
144
42426
3351
11662
5856
27806
12491
47201
15663
2030
27690
24344
39181
4268
5627
9852
4859
7336
7936
7780
21153
26475
11232
7141
39804
26540
5213
2786
22300
411
596
4240
9470
39497
1227
25444
9931
47188
16471
7890
12977
402
5968
27666
12354
10471
9422
15587
29384
26053
23802
26492
12227
2463
1638
23341
17195
3534
34577
4680
2816
5712
1
13477
6869
4999
17340
4438
286
30489
4918
10655
21270
12971
44860
23057
6634
11536
33431
52317
18708
25488
8032
32418
24010
12533
4843
3244
22788
25446
17625
15026
14307
9991
21889
4259
14625
6142
14825
2353
13342
20416
5123
6410
21946
7258
17501
30472
10595
45964
4019
9074
5197
26521
19524
2325
16467
1902
810
24109
15724
8578
2192
488
7370
3519
6588
477
26745
31807
31160
18893
56
2004
191
32495
9412
3685
26572
18861
6619
22249
122
5157
8233
7118
10290
15425
4709
5751
3981
19354
1614
41352
34402
18173
9583
1615
50455
33900
13716
30075
25221
12072
9875
11833
801
134
29240
5660
1803
4467
9943
18869
230
48034
4090
9529
15565
4720
7297
1494
20274
2283
17651
10064
14028
408
9227
4011
25869
26171
1730
9959
18729
43473
13361
39887
24099
47376
769
34307
1378
2432
1274
4936
4963
3934
4502
6707
19213
1586
10303
3133
2230
12929
765
13328
29038
5864
16639
1551
8624
28199
23440
16155
8130
5241
3204
4281
6413
140
16310
4158
511
13733
7541
36829
15291
16795
1358
17260
40480
16897
5333
34716
9994
4060
6061
24307
10427
16738
13078
5302
1312
1872
3704
5195
36863
6438
1136
36553
18013
757
7131
1598
28572
27785
6886
36581
6510
1587
1632
704
144
44878
34077
10879
3507
48972
33840
3122
22138
2131
23618
1748
26357
48631
806
16285
26430
4579
11339
5090
37
14848
10097
2093
11056
31059
35444
35734
440
7835
29367
3110
2486
1228
1309
22510
2467
1242
28071
19199
3849
1410
5830
3215
16912
28290
11431
7476
1459
23732
13983
23481
11368
42970
32845
19385
22931
21225
85
32853
8811
9643
24237
285
35966
5664
5721
47294
15877
4230
8225
26746
29994
21489
8666
19560
29698
8879
2517
21207
3757
13593
22911
27418
1686
13157
21667
18834
2632
13457
38300
5924
19569
5442
1056
79
25740
30235
7065
1691
7612
35315
8002
11821
12960
4227
2997
19064
1566
29228
15911
23006
18588
12487
5991
14481
698
28155
7389
14117
5424
30797
4990
7804
34479
5766
23687
5507
16875
23136
29111
32550
12899
8565
8597
1680
4311
44164
19239
2186
28268
212
15000
3410
26136
16792
5132
7307
26865
12725
3700
11231
5367
757
12266
7743
45920
24644
15082
28400
2282
37169
13422
46220
20935
5643
21941
6341
3068
10352
7816
9557
45045
9928
1307
13391
6746
16058
2091
79
436
2586
15599
2911
6238
17841
382
477
7499
20003
12040
17539
922
17
16493
13761
38138
14034
48400
35346
13939
4313
2433
22906
60
20061
4866
39451
37575
39293
9191
1010
19910
16197
2191
51
23402
6853
48504
113
6111
3363
23248
529
27666
10926
8880
2648
99
40495
38126
5518
15017
42507
6556
40039
30148
36759
14211
3574
8157
17583
7911
82
2973
338
9834
2820
17085
11549
345
24790
32031
10106
33532
8348
38416
14527
3218
23897
42748
11912
16671
32898
32412
25870
14366
41624
2701
8543
30841
16595
26831
3897
9456
2987
2306
3673
45921
210
15620
1330
2227
4288
2423
12535
2607
3173
19694
22872
52943
4540
16063
8818
722
14058
717
4442
18850
18060
3239
9202
8544
14930
14404
281
1571
1571
13302
21532
3322
35287
16640
18895
13368
9539
9268
14211
14284
13786
4993
31086
4300
3939
48118
11501
3823
10583
11555
15147
2676
26787
6910
14298
5112
16358
9835
154
19
474
3621
2080
43686
15505
20041
8828
265
1874
29772
35840
9554
5018
2812
7930
23371
6602
4325
14781
19900
1173
17333
489
5763
7221
12872
146
2037
28965
2418
12053
149
30067
33813
4987
3990
2495
44820
14803
5812
31913
2310
23300
752
1555
15943
30963
2092
22400
1247
4049
2159
28329
3745
2028
279
2728
2061
1006
8586
1926
8312
450
23473
4052
34154
8375
11049
21557
7
13551
12136
2711
3043
1265
30765
11231
8363
12793
15849
17655
20483
9966
42519
33821
5560
3029
31831
585
20547
41674
11815
2684
7840
23992
13089
22195
1831
4977
17572
25622
4273
3643
35202
13
9304
32065
43433
3379
2979
18352
3767
10033
23604
3156
44262
9947
15983
4784
17330
26486
31857
1013
2700
7291
7825
295
11710
28213
15919
19321
1172
40562
47156
17317
614
37370
14425
42597
42868
39729
2036
3854
26219
21627
37373
8633
1413
2670
15969
26530
1078
5095
1577
13900
24753
6913
26373
18783
38072
18132
484
24361
22851
866
9814
26772
8363
446
37
6540
1700
30272
8044
414
359
37994
16968
1364
42230
1751
672
8606
3742
22357
21599
252
1571
4823
11239
5968
31793
33087
7513
9611
11130
17444
8370
5409
4840
1445
357
9668
2283
15479
2257
4759
10868
1143
22774
17751
3717
8237
8898
5043
3000
31
20688
22447
125
1586
21285
6842
41460
4037
3912
23748
3570
5186
32305
23485
1248
4506
2602
2412
26032
1848
1927
35698
5889
14109
6196
1345
33213
12090
2089
34094
16700
18863
2408
40596
8097
167
21423
11918
34761
10110
1243
12830
556
3403
8772
25571
31568
7179
53
36902
33487
4084
5284
752
26851
22389
1286
24938
16011
10708
847
5516
7424
6831
17667
9434
36244
18357
7222
5237
3216
12646
27559
1840
9966
8515
848
1034
30261
3817
2283
6037
18376
28682
26730
36816
426
4900
26335
17189
19774
1651
21620
14589
6045
18086
6966
31120
5745
8908
1294
19200
2431
1352
15046
16412
1595
50636
1788
16390
25693
30603
476
35511
37800
5833
18638
11446
43910
14020
942
1037
779
5251
19295
14429
13421
5964
28979
2986
3288
3126
14825
2153
5773
1049
20443
23234
11346
2163
20180
1288
3471
7652
15036
13091
27339
2754
10604
29533
5618
10948
18144
1167
26495
3719
678
5972
17111
9122
46547
46869
3404
672
17457
28612
1582
24941
20848
11098
1366
19286
1020
11206
664
33817
17672
240
5486
28611
540
5044
9303
15757
364
7791
41504
6119
8495
7595
7196
15313
13255
24498
11276
1802
16956
7661
19251
19632
118
4468
8109
110
18862
2977
19963
777
32248
8502
37512
22926
6283
37548
1571
7789
811
9821
80
5408
5056
559
19703
16448
1264
28984
4692
6671
6484
7203
8061
16341
19480
22872
16496
7969
2118
17494
7812
41755
33880
3320
9904
20360
13549
18715
30716
8
2871
29078
1953
12886
36069
18916
20674
5785
4006
1245
4547
5837
8090
4090
13195
881
9760
8433
14000
13149
11304
446
5569
33828
33248
15147
17055
25465
2063
7608
9817
220
3443
28185
816
28930
26103
3879
28374
214
19897
14610
43024
5608
35861
7007
18550
46905
1197
24650
17661
20472
27785
428
5848
12798
35460
19570
587
26882
4958
29605
35247
6119
5310
932
7703
27048
3315
15313
9897
18849
7474
24971
718
4065
19100
13054
514
819
3420
34597
6274
4630
1783
33728
39499
10064
32876
21882
8171
40666
20372
8726
5231
21565
11107
2311
4138
2260
3544
11976
4277
6556
4089
21264
11390
3665
677
21322
5800
20114
14731
11538
3868
146
19258
15975
2743
9820
9022
38335
7449
3769
4103
359
500
3249
8292
30691
8044
12219
33936
23323
42405
32993
8178
12956
5117
4502
31884
3944
36832
4478
1318
4341
21733
28228
7676
12501
413
14453
862
194
8458
36499
9705
12272
5190
1973
21468
38742
3294
5011
11964
6814
7609
21199
11523
3987
236
70
9128
1304
804
1291
9410
16364
9681
83
22377
14340
315
2928
16200
26024
50797
11472
24854
2575
11920
19694
28816
9723
7975
22954
10272
35443
798
775
15535
6171
18486
4530
18903
21168
9496
8476
8318
24504
39814
34
10401
16516
9881
32806
2622
387
21872
5893
13354
18897
1411
8658
5807
17146
13155
3110
14651
30496
1024
46756
8849
21462
1750
18495
11983
11664
1306
6005
3149
1602
20122
28629
1189
9615
16839
2281
16087
22498
20541
17051
17795
28918
45334
12244
5152
6987
11814
43504
12394
38342
14620
10028
4738
29896
1403
602
12315
4709
782
8493
9207
958
2171
12461
6298
3777
3732
13481
21838
40231
8176
3722
32352
7619
607
6374
10517
14805
14937
26024
7582
13013
8223
22566
5467
28415
34230
1047
9934
3168
7142
10652
30484
16
37552
5700
8765
15530
8186
453
11585
658
17797
2400
34869
5602
6270
25769
25873
1010
24616
28100
426
1092
14718
3311
192
9491
20744
8920
4788
22911
72
20901
17317
16033
7821
1426
33196
5549
6201
1855
2175
13537
9178
1892
9901
43605
34176
28566
13658
8928
26319
1376
2017
21107
28795
28083
17941
7791
26210
3234
638
2269
686
7798
25747
1054
588
3367
13016
1177
15136
4268
7419
19336
2154
20798
15095
7437
325
1547
2225
5251
1321
18234
27365
18083
25519
8911
644
12389
1946
12453
2350
353
3355
39060
1464
26142
20946
49876
4062
757
6270
1155
2836
8536
5606
19491
9718
2935
4544
41137
21520
25127
13958
5097
28067
3762
10554
6048
3006
8081
6682
7533
43828
27767
10232
6991
7605
24511
2810
7547
3045
17495
458
1863
1936
21511
3135
3929
10901
20286
12119
26002
23543
24092
29752
6490
15150
38767
1660
22214
5830
7405
1279
11497
11338
9567
16453
12037
21458
36623
132
4819
3146
8248
17804
843
23634
3851
3779
541
25565
4801
52
39226
18226
239
4951
1425
1146
10007
33045
24452
18889
43690
9669
15962
3321
420
16969
23931
23887
18126
362
45356
3290
1025
691
1573
8189
2760
14088
181
117
34826
30622
8629
1544
16428
18670
3373
32709
23313
1633
10830
10062
1234
12590
695
2257
49936
15711
6062
11304
17777
8207
4876
10103
8365
527
5450
2360
31741
9434
4346
16708
6042
16015
1068
1379
699
16869
23573
3836
27049
26638
18246
5524
25093
2193
31989
38192
13403
1510
13437
6748
281
40224
13054
28798
1522
19915
12715
1245
3484
8542
23576
2830
27245
2143
8457
17360
1610
6003
1050
10973
26251
2963
3345
486
1435
901
14419
9676
767
743
19145
10460
257
3648
1760
300
3645
2125
3874
8770
348
12292
4099
6441
1832
9848
1978
21027
30445
7000
14769
645
2812
27192
12054
7623
4531
14171
15982
11777
1213
3244
43829
3624
317
20847
26429
11337
46
2006
12715
7318
3861
22340
10776
18005
3528
12321
29674
10529
3944
9170
1351
42625
41055
8570
311
36520
26556
28790
4235
39146
19678
907
224
5284
1280
23557
25712
10623
2427
48405
77
4624
4621
22184
2305
22081
371
18887
9500
4679
16486
11362
27918
23042
16134
13462
298
23318
668
2705
10941
28021
15245
24501
6080
14670
1104
5060
1061
4705
1323
49261
4786
29036
13864
35438
18445
18539
33697
21204
21944
3662
398
3044
12053
3241
1496
5615
8253
18168
15862
12776
30243
7179
4172
48447
30163
5260
5296
8294
14614
21476
6974
13492
6205
2125
6003
2255
38090
5360
25517
1909
9330
13110
5967
39271
20705
30282
3326
18782
34216
5130
1784
4719
3629
12408
1717
31364
34175
5928
1804
11228
17072
14773
8347
16785
5038
17367
23291
36886
2134
19892
8897
9391
4594
8553
20338
559
3888
16214
404
47243
345
23892
7201
37675
8020
25745
36405
706
8244
22582
18280
4651
24126
12867
17081
635
22952
18133
7286
13517
13677
11957
19660
23294
22660
1826
4369
8727
12159
8614
1126
320
138
7063
15872
281
2896
9090
919
6096
23225
2174
19652
30820
8283
6971
22354
21014
13494
24163
3190
3623
21740
7532
19500
38658
330
33309
25595
6235
3984
14596
17680
23123
2760
7565
5085
16978
7176
34250
38181
17911
1370
4575
24890
13868
5613
8775
1349
15327
42812
72
9966
10133
30201
6104
32566
1920
238
25747
25171
866
8574
4135
1643
2219
30001
1071
31553
16350
261
26025
21349
52645
460
3310
4841
34017
19160
28100
5329
37838
2944
332
28566
713
13400
34281
5134
21922
4948
11127
15310
22848
6917
9266
8392
13266
17697
28849
24765
24665
31899
19832
11367
3220
16273
5705
31515
5694
4413
46056
5604
11678
11535
30048
6750
5186
8843
2977
25813
12066
11005
1110
49806
14930
2807
10651
247
252
8035
2627
23698
2222
1680
331
6305
12634
9933
29073
30239
51307
3038
15554
7349
211
8369
4248
13349
18094
11257
4620
23487
1429
16927
945
25277
10435
15114
2147
11695
31981
16164
28923
24990
19805
11259
24722
17452
24922
11644
26718
1018
12371
16040
26648
2425
32464
2547
4930
476
13382
18298
22446
1171
17405
8877
34896
6341
31060
22567
14804
1481
13725
12479
19239
23111
12634
5506
5610
1810
355
963
6483
278
28543
5763
2595
1457
9398
4183
11665
5473
29942
171
7360
31629
226
5948
548
214
35307
4527
13373
103
9477
2646
2974
2693
8068
24240
2677
25059
2587
54
8276
17093
30126
28762
4087
12895
49890
4821
18612
22202
2466
22783
2188
12512
540
1336
1679
9056
18518
6508
14702
11296
3966
10460
47216
37196
4591
7439
2979
12314
8247
48029
6105
23640
27312
1822
26468
24868
4216
16008
8038
41709
21496
43135
40538
4973
2170
25642
47319
6460
15968
11272
337
6093
4187
2870
8413
345
28403
14927
19167
43259
6517
18461
4543
8209
39536
21871
32724
22030
4635
5687
24767
5026
17145
6120
4530
367
23270
2236
3154
11615
6660
17576
13206
1223
4952
371
13650
1152
13357
3108
14113
14656
274
888
21663
21614
8811
64
1289
2072
28930
9712
37980
3450
2641
33109
4342
23078
40479
16246
35686
32598
24029
10456
9168
31223
7736
23410
116
20991
10002
8205
5624
11338
289
25474
14401
2077
16426
38573
8261
150
16036
9454
12759
6011
4297
312
2408
20753
10580
14348
15766
37043
28924
20361
37581
1743
10029
38354
3572
22988
20558
249
19488
4432
12163
17073
1445
12434
5959
20657
578
6959
15952
22831
20737
32187
2957
20211
32576
20697
21664
27266
968
27296
27328
8757
21187
22737
29467
15173
169
2678
5454
17269
5924
5046
23287
35825
17341
13789
19545
26818
9414
17830
33730
6840
28456
1175
1355
946
21419
1636
28095
13511
1787
46099
683
35206
24236
1113
9545
16588
14234
10981
3062
2236
103
642
16095
25351
6396
23112
16422
136
25619
33459
41565
15518
9882
3573
16195
6511
13022
30270
1774
1844
41192
4815
13450
44812
5263
1252
11650
764
10671
4314
19485
7582
6787
38848
27161
9074
5652
18537
4182
4192
23545
3851
4813
7953
24796
2645
5407
39142
13304
8009
29345
1420
38885
17860
12011
1768
12982
2794
34566
26675
5802
12015
30829
4190
35044
1454
6481
13442
17112
21594
1012
2891
9255
3585
26178
5757
2015
39373
3253
1631
3889
11442
1761
23217
27615
9677
4554
16360
14252
10888
4564
39981
34194
9476
984
5980
40286
43927
4749
9763
1057
11156
2055
6389
41538
5486
29024
986
23119
57
4320
10498
13556
18152
26211
17221
41504
10810
486
4542
8615
38346
17328
10670
8818
27764
6572
1744
4115
4767
3242
3285
14611
11343
19221
26021
32969
6399
2997
24197
15979
2810
2258
1648
715
7202
12390
3733
25192
23371
41825
27749
4326
7845
683
8302
19647
18856
5687
24044
25681
21335
50217
593
1172
40039
34054
37940
28334
13024
38391
26383
11380
13530
51924
12820
1808
8787
16464
186
20075
17876
15405
6025
54722
21684
23056
19205
6316
15670
3197
25046
1301
34215
4841
179
16151
16731
2973
12776
23972
8079
12035
21254
30451
500
6010
26143
864
623
15584
9959
9340
13303
96
23819
35543
971
703
7753
28992
5967
27119
6118
13310
1391
7145
935
35906
9858
485
10386
628
21716
47707
8550
2186
14541
16858
895
38666
12954
9017
5893
14800
24191
18208
9158
23591
9440
124
9423
1756
4061
8203
5533
1264
22965
16922
2457
40919
8350
2998
54282
22683
36394
21861
17880
2231
33454
12908
23063
17591
2847
18102
8204
104
1235
3726
18199
23665
11320
18396
1187
4179
52541
449
22539
46058
26033
3364
42813
8632
8966
16110
11783
9449
6998
3882
20158
2799
4526
16047
23282
12376
24617
18429
7169
11916
692
36235
56
18860
19557
276
3905
12391
3391
9962
19551
23303
3835
11302
6671
10935
40299
16558
26936
4830
13559
10823
6730
26975
8352
5511
1552
13979
47443
43890
22706
9355
32686
7525
26292
298
35703
18978
1199
607
479
19562
5909
58
28754
1252
3179
17682
26859
8333
23198
20800
15208
11592
6921
5378
3
45691
15100
2624
6973
37487
4396
3261
12344
5498
32562
23205
28757
7476
6213
21642
18979
4811
16611
21650
14306
19005
27458
2324
33153
8951
26268
2514
29236
5404
28849
6656
3393
28520
1830
18187
9065
818
6885
32162
18068
1389
19939
3534
1952
15859
7794
8014
10798
36101
14030
27316
9141
16211
3032
17060
11003
12208
5658
27729
17919
1189
46099
24317
17826
2693
268
11946
349
10154
12361
33223
41211
20532
1383
10218
7348
4531
31998
27927
705
28632
5766
33646
1659
6811
9417
41200
1229
2435
3287
16919
10003
10793
2111
4261
3830
6320
10175
934
17252
25679
2201
3324
8552
4869
262
1295
774
16975
16668
568
22874
15399
2627
11769
941
1442
28906
25583
563
21493
6331
6582
40016
5679
18036
33007
1233
9349
2644
891
23415
1508
1367
25882
13717
6504
19842
47396
13004
6426
8215
24758
6426
23040
24700
35771
2756
43963
39474
2142
37469
4487
18784
3464
433
19708
7687
8684
3755
2107
373
4788
29961
3398
29905
28379
6599
2695
13186
5413
7668
3911
2950
9202
33412
21165
18789
46415
5296
8781
13320
5066
11737
3956
355
6841
5330
15274
4242
18161
22426
34979
20406
2675
10471
31373
10511
24682
14694
2434
385
16112
15616
4093
334
17780
1768
29923
37778
371
12526
22218
30297
30304
31281
5743
3457
38275
13482
7505
43403
13307
5323
3829
22162
8138
28462
2636
41504
36675
39889
5445
3333
29597
3940
21883
8375
4696
5520
10433
14777
10507
11947
11494
5305
8520
17300
6248
532
1699
7545
18188
1093
6313
1116
17902
6573
37062
29884
1779
19413
1106
687
20150
16386
26934
9462
3467
28944
27258
21201
18386
36784
3424
3517
29403
11540
12494
23787
12478
21573
1434
10645
15031
581
12197
9186
12502
1579
6329
3675
1656
8439
8918
30794
17582
4221
35538
25754
14747
38499
26491
16111
42491
3162
631
154
46222
13450
23925
5106
9284
4960
2146
5330
28428
3578
1401
43918
23722
249
7580
12616
18574
14690
46400
13929
39031
37717
1610
44069
3786
6756
32952
2641
9175
5351
1465
30535
28914
12623
26254
12834
24367
3282
13050
6951
28645
6062
16552
1870
48256
27036
24011
1270
15219
40276
9391
16621
28727
1150
32568
201
418
40578
10061
91
23444
3428
8369
12062
29448
17739
6312
18470
12087
5154
4473
11856
5526
13158
1930
30
1729
30016
7525
479
10714
43759
7568
6778
666
28130
34967
11106
20601
44034
35259
4454
211
11563
30595
7350
10546
32472
2501
1129
19626
42997
13190
49269
3309
17869
1627
533
21519
33838
17896
23605
10093
39580
20292
9335
34037
4580
10777
5849
1456
42651
41522
23859
4341
25566
22847
21678
376
1538
1602
10209
33584
15659
15158
21740
3845
6492
31286
21285
7199
260
44651
14241
4172
27382
1377
37369
30423
25715
10892
8076
10512
12363
8248
41058
12499
5423
901
10194
2451
32400
9209
7604
32307
47718
1551
17459
2575
26920
105
27962
6252
26479
20310
24855
21833
18381
1217
9801
16336
16709
46102
2084
4754
42918
31571
3277
3887
13454
14577
360
12647
2075
28254
4473
28769
48371
7393
20410
20837
4232
482
30621
1527
25154
6986
8512
21901
20034
4561
2243
13885
25081
365
29424
279
11170
919
2040
6940
9811
27757
35760
444
10239
11383
3996
41022
2236
3507
13707
25903
15214
266
8956
55
21908
3425
1267
42101
11721
271
17298
202
4648
19879
43624
2433
2796
2540
3430
38820
4779
4420
6320
18765
14817
22494
14823
1302
7316
14222
558
1105
8214
12698
9877
2630
30350
588
46085
13047
3367
22939
12302
30239
439
4601
36853
8233
1183
49068
1667
28087
16924
25793
28490
26885
24819
9683
31753
2597
10210
4587
4622
11808
30657
2914
31796
7450
27407
3258
11821
1244
4649
3972
502
29
1136
13543
2003
2064
24384
8142
17260
26997
2024
43310
9808
5588
6478
2079
11882
11289
6258
40783
13433
16249
6372
35200
3684
7351
3888
3717
23029
9782
9006
9329
22402
15018
34473
2151
2476
1071
407
6839
1910
960
6139
5757
3129
9885
11689
37559
22672
7616
10159
5925
125
20489
8488
20253
14544
1523
30660
8740
39338
14231
3465
23192
7317
12346
6678
6109
26965
4261
4949
27691
11570
1392
83
4172
16927
416
10582
423
36398
1858
5185
215
30771
1917
412
653
15780
766
28334
7041
21497
14488
621
102
28062
2749
8933
1607
4070
35237
8445
531
3728
26494
28
1489
7208
10312
27324
30160
642
4427
391
20956
10942
1409
3160
5179
1978
15140
7881
12961
6399
8905
5703
43204
3634
1654
2603
16779
7679
1689
10234
21886
16112
25867
10864
575
6091
5822
25802
9128
21489
44210
323
5165
1244
7380
3238
37837
19413
42245
5728
12736
15712
16628
29065
15000
7721
33781
143
25917
8518
33514
6582
17866
30436
23409
21371
8230
1397
3038
2696
1750
8848
17698
646
490
117
35927
243
29995
14802
14354
828
7785
4368
5543
1193
3374
10971
16408
14509
2693
12948
21299
12471
5672
12288
653
32010
15887
33700
15495
26345
17781
7795
8114
11597
8675
21974
5599
25182
18395
12150
1591
7785
13595
1082
4158
8986
289
6582
365
12998
6147
11981
26981
24241
24154
27486
24479
8841
17170
1052
9043
833
10572
3523
456
8553
22382
14939
15025
15934
5845
749
5635
7542
41103
6257
4328
33471
11646
12269
1573
16956
29983
34590
2965
1953
20783
35187
27753
19932
2957
28690
35964
20650
694
32826
20403
4328
593
11448
13744
44134
1509
27567
25633
29505
12267
9879
6509
23520
23152
1940
501
4624
12190
10104
15213
2450
18398
2035
10077
14438
15999
14498
27559
796
918
9289
4638
1692
29019
2938
979
21851
2273
11502
1716
14828
42767
10320
47265
4912
7099
20004
2728
16424
33722
26777
35294
10346
682
1173
24842
39716
27312
619
14874
12361
30814
23412
3441
3314
21613
1345
5286
32929
11545
22845
17834
14844
13810
27819
24066
14668
21644
5125
19631
34704
8256
7996
27259
9059
3660
30634
9448
2606
8716
10886
2599
21008
6874
613
13914
2885
5994
5812
26129
6159
6571
11108
6268
3664
13521
19573
1522
11136
12266
1847
10589
7643
37726
10030
287
6769
17510
9552
40253
182
31787
2673
373
3843
35597
2335
17660
5998
11796
5184
1032
29713
26557
13757
15563
49537
11240
112
21246
45344
36497
38938
38224
1700
563
29916
41961
8218
45777
3125
28719
22557
37717
19968
1503
21090
26370
19368
3668
7711
6325
7961
15235
10704
5594
21321
43971
1504
24200
45257
12625
3581
891
7258
15837
15499
21818
7393
29420
9288
24273
19483
13739
6014
26231
35976
13964
36887
769
2685
945
7728
26469
2037
2864
30378
17325
6124
1633
20340
37145
34520
46
23869
4928
17595
34780
47641
20531
6928
39791
26790
38926
25883
11260
4412
29991
41224
11196
36869
20711
3685
27931
11271
24278
23296
7981
9689
9305
3826
3470
10715
24865
39910
7203
3493
26033
29909
28084
27900
405
235
9364
9073
21304
494
1115
19844
28175
39472
12013
7761
22485
15341
13821
1206
11705
3490
24155
25025
1598
25165
1911
1843
251
19564
9869
9298
11314
535
25883
1121
11600
13353
4690
6593
5818
1060
22202
12376
13640
1597
6219
41882
23109
9791
11718
20776
8998
33
27115
6003
11691
18525
22758
26393
17165
37967
3313
11182
4393
2325
32620
8336
30940
31149
9947
1429
17506
4181
12186
10
633
6136
18550
5986
20169
3119
26785
35839
16429
20317
21847
3186
33837
9452
37740
4825
11815
41310
428
529
1619
34114
3862
4226
7167
5449
30749
400
36358
3791
3911
10777
266
11685
44375
19692
10336
456
5725
839
17656
41131
34742
2805
4275
16392
16375
14108
17876
5705
10214
15744
673
17608
5918
15844
19656
1011
5316
5959
1400
1612
2107
27592
19574
43112
43733
22690
28858
42225
28602
3301
49
16411
1241
382
3290
13303
159
25531
15976
14448
7353
32576
1693
6975
6258
3777
4266
13917
29241
2839
226
6700
15307
13765
6978
37987
27353
3508
2852
16863
6779
29874
7136
1700
19137
114
19726
20011
9565
1563
1222
18742
18732
44574
53
1851
10391
19819
38570
36245
7302
21195
17721
1358
11450
12897
7924
4170
28520
26807
19631
11519
6585
11414
11317
31423
9358
44341
3201
7428
35727
9237
33417
12226
940
17920
2817
10501
39708
43667
6537
7744
33
11102
20854
10707
23570
4443
1456
17071
4056
20834
20676
1084
16616
47313
6215
5320
4182
12930
8521
4872
17868
5208
10125
11730
8194
5534
34592
8240
29078
5185
24295
16958
21943
30017
39169
77
11070
32782
49
1078
9242
3893
401
957
19100
546
4737
11784
4664
4827
11291
45300
28499
1129
4587
18680
15600
21232
3916
49230
24458
14426
12969
12892
3840
3875
5157
8236
21845
13491
4466
7091
17313
26557
7398
5184
515
1708
27889
1727
21312
9973
143
6677
10786
4629
26365
13109
4242
22795
22346
1917
3765
3349
16876
6512
24730
37174
4924
15694
13848
13412
11650
1818
5371
30
29903
3478
241
5026
3399
47681
14487
12278
15826
5011
40919
10436
5827
21280
5015
14285
830
17840
1383
958
7811
10058
24446
5351
10952
938
14634
38358
10817
36756
734
35788
1964
950
8519
700
29885
5692
40744
4764
27785
24189
10681
21846
4261
25280
25944
11852
2200
192
1239
7428
3609
12906
588
1782
42827
162
23844
790
14207
1367
9048
10757
32600
3550
27232
482
7390
10089
32512
6559
2225
24302
6765
3728
19900
39534
25394
1434
568
782
12726
10314
20857
31486
17115
20177
13319
558
388
32158
21233
6240
1611
10216
25105
49546
15712
1985
9143
22907
1557
1172
38932
1399
30984
10877
2348
36234
25673
15537
3174
40943
1404
23162
24405
30576
19000
16023
7827
10060
4749
37705
28662
2057
31358
457
6260
3696
24990
1788
2078
278
23840
36827
19671
18384
35613
31615
7933
5144
32703
17071
32621
48809
3153
4223
3390
17540
124
18944
11073
2610
715
382
5700
4742
22565
9007
38652
25263
2048
34102
17208
43016
14361
11302
36307
4078
1227
28231
3468
37979
1283
4955
16329
2168
3356
11439
25146
30958
26854
848
7031
14995
48686
37753
9473
25094
44738
10937
1452
1251
3526
22396
31
729
3622
4045
7374
5
32665
15577
3923
39187
19808
5386
29155
6304
39885
20721
3577
6249
45818
24844
248
18740
578
22859
20404
20027
5979
3756
31306
19072
16192
43694
4923
3068
5199
496
1769
21960
30867
10538
24648
1861
1758
11305
22024
27777
376
30971
7500
1906
6012
16244
467
24778
12657
23916
16049
1338
6669
2760
25136
4484
36100
5858
784
102
37524
88
17063
9324
6855
17632
12341
8612
2137
3109
10807
24443
17176
20915
5718
87
4637
8588
20255
464
3571
4289
727
24489
246
23534
10510
6471
4357
16171
1435
38003
529
1394
24707
21450
4860
5980
13164
364
3097
36994
21297
16036
40360
1760
661
1057
891
22281
9665
32325
16239
22298
14689
4029
13353
1650
16922
8715
541
5999
8402
29734
14586
11957
120
22679
9138
24559
10028
4896
21195
13621
4444
25750
7765
9285
13842
12539
1109
11910
24285
2645
9669
5666
1061
14975
25046
5463
34066
23447
6601
5790
35662
1418
11113
27416
12339
6771
2990
8948
10651
7348
40865
3371
4535
141
16517
8909
650
8228
2381
35956
9899
19382
37610
2381
44871
644
34261
11551
10770
36991
309
26534
26145
31549
6058
9392
23687
17220
275
26010
36058
8249
5
4056
31524
2670
15805
3867
4899
6123
228
34232
19388
17670
27781
8124
37034
23452
25891
3604
31331
487
4397
3695
9567
5579
33268
9624
12865
33731
31
1453
6075
26927
1456
4099
3628
12436
13600
17019
2530
11440
10589
13311
21222
14348
1002
20025
24839
11804
4564
5137
36677
11460
6464
35504
6992
22488
16476
8652
1316
23786
31158
8589
11645
15299
7016
29166
31087
1838
49872
27337
6662
2264
505
42579
2997
19328
5586
14522
3503
5595
7476
3597
20358
581
25723
2709
1036
19277
454
1705
17668
11005
3404
9524
32183
36926
25027
537
15430
4669
6870
736
16513
869
3328
43295
27694
12527
16231
5107
23821
42051
48834
7511
1428
4679
21
2382
6558
22179
30003
16240
881
4012
18014
3351
5037
5874
44886
17545
31975
12566
16018
14185
10005
1736
29983
23631
16711
16860
7439
35254
14719
7290
2973
38627
41521
426
11231
4431
3578
8045
25726
14508
4621
36855
11991
139
13416
17428
6148
7453
2500
4155
26616
22177
27979
290
7305
29651
5624
1361
7572
9366
34247
34280
5951
5626
22566
12027
39955
29947
19895
37100
4023
24397
12166
25984
13069
4796
18832
1691
38559
6464
578
92
48190
2523
13619
6936
3558
2934
15706
28
33673
251
2113
43196
25457
23311
46500
20122
6112
28198
202
13244
14515
2033
6623
6330
17374
10280
306
15380
133
27212
11606
8947
19734
31621
286
680
4326
4170
35917
13402
23111
2107
3114
522
7662
3379
6948
1741
8098
22683
22417
66
35831
10027
18612
506
2856
18786
3361
28204
6516
19317
11623
41366
5311
2567
19236
36675
49923
30514
852
1618
712
10863
14450
5324
1111
11438
10240
5628
21695
16212
11446
4018
28611
2896
408
9634
19469
28528
3585
13093
23940
15622
30435
1442
2863
7562
2887
37120
13714
14432
4643
18983
10513
902
15262
50401
14952
3964
3470
3434
1429
28587
3445
3694
22503
35277
1731
35432
13604
19478
11187
29365
33380
21845
20371
4700
5471
18541
3753
18479
12188
1441
1799
7164
19807
24482
1526
21681
28894
22142
7181
11122
22808
6839
1517
15082
23472
8742
10541
10009
20208
31360
21163
18315
10290
4030
6942
5934
7710
860
25909
11522
5020
16859
8547
4633
2956
29102
1309
22959
2340
11411
5505
3579
38322
20713
4735
11031
19560
27687
11715
2844
24575
9626
36887
6474
45676
14351
5
46659
1299
3807
1924
17032
10909
49744
7740
12122
978
7896
634
6225
5390
32032
14151
15154
10711
257
22781
1206
8081
26641
5093
1572
9358
26427
5286
35508
21689
7496
6352
31671
31147
4401
10022
1660
15491
20236
1140
4657
2896
20879
23878
16789
19537
12886
7723
37661
32013
10200
19584
2723
13335
29910
3904
40349
1331
18361
14570
13405
10552
40000
6510
24557
31563
13906
25039
522
32
14624
36436
1319
28367
774
25137
30452
6616
29097
33153
33601
13848
6399
27019
5029
2764
2242
2190
4176
41606
26209
8199
26882
15302
29363
12633
19210
13575
16784
82
20039
2139
15042
6416
49121
897
18654
14720
4948
30410
35865
54000
1133
11065
23445
7387
4794
21882
16174
6713
10806
5016
14554
12918
3583
30284
8678
20368
19273
9887
10862
6827
58
1353
15876
2407
976
18185
17989
6524
8149
5558
12392
204
991
36440
28224
7287
10216
14265
26553
4108
327
24454
13134
112
16877
2792
6666
8561
9459
45853
30798
622
26578
1316
384
1022
13898
17080
5952
106
30176
31239
3681
3965
4241
9138
19744
3893
527
4581
138
21928
4479
2450
1337
2004
14720
4641
10227
6082
2265
12132
34933
20629
37835
3903
44823
9166
25035
40499
8141
2079
2089
8157
3094
49743
5916
16800
17162
18811
4768
8444
10880
4194
21210
4095
4791
404
2791
8605
448
12086
14419
27422
8491
2850
22108
485
6538
742
7248
15671
5223
21392
6163
20545
12454
15388
5168
22347
22824
413
5451
31161
11452
37409
3836
888
4806
11245
3414
6472
1737
7939
11146
22185
401
5046
1320
1065
7032
11874
8007
12117
2033
23588
1581
32449
985
14673
42947
306
1187
2704
26385
37751
11887
22691
18507
21452
19611
14507
11919
3703
1920
30709
5660
8143
5395
9116
17054
11756
9732
10490
17059
17542
16371
2402
7023
4440
10139
8019
8293
12830
29823
31106
21441
2119
5049
23240
15325
33520
1624
31581
23787
32594
340
131
8465
2593
22684
78
1283
15203
6442
16407
1744
21474
22916
14178
4207
7545
16321
2558
18828
5092
13430
17213
3934
37576
2650
7062
20356
8909
10144
6055
15323
11609
18258
23350
20628
15802
4712
12663
3375
2806
19116
42204
2585
39548
39344
11719
775
22850
2391
8675
88
11154
8670
3228
36108
6902
43
17926
19016
23986
18793
22375
149
26655
5658
2598
43615
325
43207
3452
10315
6051
5635
15765
4820
39733
6580
4710
16823
27219
24132
36174
24176
16713
6417
23389
21170
16959
15522
7068
37326
2935
6695
110
4350
6724
31475
11006
6849
1225
1820
3562
5186
29847
25112
12838
18259
6582
31815
34738
1068
26618
20652
35559
5971
5969
3042
16116
9216
37205
1841
39352
2482
36418
16927
12239
13287
7581
11917
3880
14436
727
20016
2192
10779
1945
2181
3874
9368
4312
20095
34883
2890
20793
23275
422
39584
40646
7668
19809
4159
8665
123
28887
414
9370
6999
33726
18848
12373
32646
1291
8299
39087
2663
6633
46922
24322
11644
19861
19409
1751
13658
49572
6571
33804
9769
6622
10529
2981
47532
24591
6604
16880
1926
5191
14101
7083
1704
29587
23182
9909
11100
2500
1669
625
30
5724
6397
16017
8280
18993
52528
3764
571
15527
10861
12584
4335
18222
37441
1082
45
478
8921
1685
5258
4583
4717
5700
17207
8124
8546
13464
74
14206
2965
6939
28741
18471
6346
12079
29365
592
4329
23119
128
8977
21693
24561
73
9703
19473
28668
5066
47442
29598
2479
5668
14287
4501
27165
35542
4745
28039
20272
37961
1693
36061
7555
25916
3756
45218
1444
20603
1226
6085
2286
22836
15051
7475
38934
23035
12440
12422
2270
546
13448
22647
13988
11906
24432
5329
6163
8133
29566
22669
4150
5152
11934
5549
1699
9065
25539
19237
7171
7504
12212
4450
19317
19644
14716
22923
24081
20541
16054
16261
259
2100
17955
7652
838
5014
2585
7178
6952
91
36416
5180
415
3686
18663
620
18637
5999
17438
157
2383
1477
4266
263
10981
4373
24139
3640
9078
16406
7323
22438
3749
6758
9560
7092
6034
2937
2212
14400
5733
18999
1093
33897
7256
27334
11190
18889
12354
8972
30085
561
24869
27409
1243
13835
4984
304
12125
18533
14126
2940
18427
131
37999
43855
4285
20314
1622
3545
14114
3972
28102
1856
4250
21127
18795
15891
2725
53298
15255
713
2210
6560
17886
3776
33166
7103
508
5320
853
18782
40883
11762
7448
13974
24653
1226
880
25468
10429
17591
22149
23014
8573
2697
19766
2084
1226
6977
13700
11699
18160
21088
45343
16331
9746
3202
14263
3528
16292
3845
8510
810
4385
47819
22161
8086
37714
3806
37103
3657
10407
9052
12018
2074
19195
9806
10870
21580
19039
33427
8621
7462
21271
11788
7676
9968
9630
167
15392
4081
2813
23676
20926
32700
2488
226
47357
48548
16204
5030
27210
2968
48778
683
11322
44051
2670
16979
21152
15390
28273
11819
826
36302
22344
10311
4656
18893
9279
2821
3743
49334
26269
4597
16551
48088
28255
48495
38840
11192
48998
45365
12901
2513
434
12564
13276
5721
4957
43217
2594
19425
9792
3602
47008
30824
9865
10209
41970
35169
1842
20265
8668
5629
7642
5403
659
40118
43328
7692
798
23453
40766
1211
1914
15862
3798
28798
22438
12786
12273
15787
4672
8949
513
31769
6061
24342
2309
6905
2945
13291
6434
6193
44066
18019
28154
24682
4858
34817
8301
19556
7611
33630
19568
8784
4581
19400
3704
31857
22
20634
156
685
3360
11194
4329
694
11405
8188
16562
27358
2003
36763
16678
11218
684
30438
8776
42896
7206
33512
154
30027
22847
14463
11674
13843
1733
24686
7
29086
1640
29273
22857
29925
1578
3385
36789
9182
30929
11338
513
24688
7784
32498
1295
13145
4222
1859
8660
1786
36745
3092
23719
18160
4135
1051
26899
3131
964
5659
29352
1048
32617
4635
5101
14552
2554
25821
660
31275
8468
3315
1651
12095
9478
23976
10927
41226
15180
35315
3059
11409
6228
13963
461
590
11159
2618
9027
3494
6124
12611
23110
5831
1271
15191
35903
2466
27340
16356
2779
5915
17163
14601
4153
14420
34521
20540
9683
1121
370
5985
1011
36490
13101
1754
32269
15927
12930
4806
1714
346
19609
3765
13280
8227
30604
46151
4168
20532
9315
26964
28320
15290
13231
812
1726
18121
32643
4628
17753
9356
1049
26402
12467
7285
7961
35775
8092
3481
13329
2297
19060
16600
5537
28093
8922
2391
5487
22243
25167
30854
5150
4656
8745
26687
20244
10076
22529
30025
18482
7405
321
31039
27629
6733
1471
5838
23560
40180
25507
26268
21525
16427
12536
2186
1540
38599
33784
21687
14999
31155
5373
15382
20127
20209
6271
26317
14631
37938
38759
9027
6096
6789
4982
17235
35507
314
19096
1052
13008
11153
26722
1344
3250
24285
10897
4766
11530
2641
14925
13296
7674
27428
5832
1973
7291
14166
29823
49489
7225
16495
6648
14550
1001
6116
1623
5859
28337
15758
14049
2167
29165
9647
18247
19077
10791
1499
5877
10436
7055
12543
26903
19022
19215
4847
10568
8241
23227
15148
20228
30
11150
15802
223
36685
2537
10412
586
448
29513
4011
15425
19555
23345
2925
14748
5572
19028
4840
32554
27426
1119
834
4149
37134
16830
26785
9063
12458
19450
5265
17879
16931
591
1682
21985
7460
1707
1239
29155
452
2422
38974
1026
4877
7229
19437
1534
3232
2096
13608
922
64
32118
824
44320
71
8686
14151
5547
17854
4187
2534
19297
5892
23491
3100
6909
38999
1019
26046
15693
26904
8210
14559
13377
19947
5369
16253
15056
4407
2346
11362
8372
29861
11031
18531
4904
2305
3588
11106
3830
34962
8920
880
4953
31702
5896
31613
14786
16972
4419
21086
19701
6475
1552
31330
35289
19462
22180
5511
1869
46186
1984
11536
382
10290
31324
1489
19143
12200
8271
26001
5131
22381
6505
851
11069
21924
624
32182
17015
534
5538
4550
12278
48423
31828
8776
129
6007
26089
37625
10858
2251
22532
6657
2276
22347
8170
21164
34884
6948
3269
11830
44924
30983
10722
15048
24575
12144
709
1894
21391
15122
11389
6696
5153
16902
35499
26704
12114
24031
897
13155
1283
655
5572
16437
1144
3559
47111
24442
15618
13470
8892
21922
3785
8287
33498
611
10722
9513
15703
12983
19455
4640
12652
12313
32772
16154
8000
23098
374
16087
29418
2741
16913
4222
6258
14608
438
4469
4981
667
5318
7448
5245
11455
6118
6510
7787
40748
5363
28978
9661
7062
20864
20104
17900
5885
4920
6760
19352
34005
2088
291
50038
8205
17412
25373
3598
15441
3140
5576
9001
34135
2716
3899
7133
1414
2075
1593
15627
7074
974
26810
48435
34717
25579
12083
8338
6263
1462
14420
24959
1067
37112
8784
46939
16809
18565
25277
7587
15075
3534
1177
20438
7526
40361
10594
5401
2927
24095
15779
13304
13036
2339
14680
11888
204
10488
33015
1804
18300
7648
4708
8354
3598
4515
5027
18227
3218
4603
5356
23959
40087
2718
2737
881
1784
11274
11840
25242
7720
31463
37214
41690
11838
503
4585
236
8222
13403
20910
23759
9416
23097
1582
5408
20475
4220
41652
21423
6273
24779
10106
18030
8017
4922
33115
29567
20104
11985
5978
3269
5499
9685
8257
2551
33861
11437
34400
7230
31802
8834
9
5223
16672
20411
22775
8456
3135
2743
6754
38565
4365
5678
291
21062
23651
9062
16134
31370
5013
3507
16783
3344
9217
23299
9370
6880
9288
11003
14013
27788
8712
15959
18232
34016
13925
5524
4413
26274
45972
14506
4619
4628
29599
17016
24160
13683
3114
4908
1908
41833
5450
44205
13057
16192
2021
1193
17429
2237
6824
13143
5141
16704
39582
39975
30383
8460
22253
4923
14579
3202
6784
8482
710
3703
1515
52303
10272
1314
9353
23158
11769
6520
6508
2733
24250
844
19894
26126
14599
32346
16765
21657
15243
7418
402
32865
12813
6663
88
24174
5747
32790
6437
4763
25145
16394
8133
17248
1305
34378
49722
9053
20116
28126
7889
8007
45391
7323
1030
7537
10108
4697
26005
3666
12203
3290
3110
6791
6333
14061
19737
4105
19962
398
6322
406
36998
23069
3736
14156
21791
8030
34567
20703
2999
17562
13055
26507
5173
16344
47558
13161
23119
7541
8843
1291
2113
17173
3959
37730
7472
28866
30391
29125
15800
303
27914
4430
34026
123
11908
5952
2730
13884
14450
16196
16631
2715
21253
4497
9912
9526
11881
7005
25653
23580
9761
26298
289
54
35711
2861
2011
7958
18932
18521
1717
579
38688
19245
16843
25678
35417
14769
36507
20552
2546
30150
34782
11363
37770
13434
7846
6952
9417
1196
16933
1753
11272
3598
4150
11731
20037
10330
28285
2689
14622
27283
9486
14154
5718
750
3797
7850
16123
51178
128
15645
6150
10653
7897
4588
13854
221
6882
4009
3034
41200
26351
759
4851
32474
10834
11436
38962
5571
18194
20191
8167
26303
22138
9884
9849
44901
10853
6766
28372
4002
13727
3822
4239
442
14294
734
10542
10620
6993
48969
10258
747
29865
4087
2888
23481
4161
2166
4943
5320
13682
45206
4422
29365
11658
9346
33920
2087
11015
11811
7188
1979
6246
335
3447
13771
9704
35145
8327
25699
29837
4905
6592
25072
18658
4493
1643
13769
21407
32304
3811
1788
31084
9213
708
12590
5793
423
7768
5515
15483
25562
1647
44664
12808
3835
19867
3499
891
8223
7809
3478
24
5235
6241
15849
1207
32462
1090
10077
6167
39915
33242
13323
36696
1991
4816
18405
14172
2058
19188
2876
160
33116
2336
4905
1270
33937
1711
37659
21209
12124
33670
8624
29321
1073
746
21185
29551
17203
12340
4631
10639
9010
1680
8472
4435
9889
15763
12113
773
6153
681
38323
24551
25087
33759
7824
35282
20
23315
12154
8523
4531
25295
39309
433
17739
4935
29732
10848
1723
2316
136
10508
3127
1042
3440
9712
1610
5586
4350
328
8424
8
6781
22729
3159
2577
2311
2406
39575
17721
1078
25888
14081
890
25712
464
26493
80
10153
161
2762
17611
19925
472
11189
837
11701
9606
579
2008
31652
532
11650
5956
33648
14200
2790
11563
53844
19496
3367
30031
6894
27472
12356
4406
7028
3243
6362
913
9156
4802
7713
12578
2619
23756
24404
25483
20894
17120
495
5237
7944
509
1297
2453
6339
27150
10593
5741
24394
7081
16862
1970
2115
11695
5720
25421
1126
4666
16884
1705
3840
5482
3135
1143
637
2878
49734
5703
10665
3324
1938
2942
11112
2817
37843
6218
12959
464
3930
21838
6190
9770
5432
11148
26511
10192
2149
13254
19473
26785
15739
9554
31000
4155
18575
27458
1870
929
9067
8623
45060
7551
1573
2115
9608
7191
326
19514
12431
18
4649
41462
34795
17939
15102
8487
26610
718
37215
31369
10716
7079
25999
7838
6164
34765
3923
38229
11558
3886
15418
36079
32333
28212
9721
12283
4173
6802
32722
7527
1466
31138
2588
5951
12
10206
1033
21024
18939
69
7741
18164
7071
11943
17382
370
26111
283
1695
5547
12497
1680
19768
1128
15026
17815
35389
3068
1188
6129
22965
23547
4415
3239
665
39878
17158
26450
8144
4194
258
14191
25773
7969
3859
4677
26656
3125
12849
1331
39442
1741
21224
8673
30130
34103
24164
9405
8075
9561
3685
15942
7583
8118
2179
5461
31975
37401
10915
8743
13455
16395
18626
18563
8867
12374
6095
16851
407
3503
2301
11647
17326
32361
670
432
12718
17068
15069
7982
2006
7816
6183
11301
19642
43310
1161
6819
13848
1137
25851
44565
2477
14411
4636
1468
29024
14498
8627
15046
5343
16712
6190
6501
6253
4408
2597
33240
7913
22960
33091
31858
32181
4749
11009
11220
1215
674
12742
32178
15776
2897
10068
32715
142
9294
5363
14270
24876
1799
31055
16588
29863
29673
21207
27800
32601
6317
454
374
294
26346
9238
6706
914
18736
11183
8249
5641
4767
9420
16758
13649
1257
42531
13499
27607
18846
12903
4872
6278
6910
8497
13988
3815
8522
16668
24341
6925
9353
7676
853
30334
6145
12445
17943
23137
11650
5350
3500
22070
4697
5442
13217
16221
12087
824
30080
1560
7456
20996
2537
9046
4590
16390
18005
632
10623
13035
20170
46579
31358
12736
10497
2406
1259
16303
23402
1592
17860
16637
34839
25627
209
23797
1712
14796
4684
708
11908
39
614
21963
11848
4051
16344
3071
5943
17488
29331
12467
7081
15423
5829
6986
13270
2891
8167
4789
527
11036
9084
5547
5646
83
1440
22775
3085
34087
16669
4677
12535
2350
17442
2150
3018
12621
26818
8947
23941
1095
2428
896
4384
3586
12242
10120
46702
3172
2633
3208
8516
2228
35850
4567
9346
5220
1063
25748
3216
4154
26601
18153
25215
24125
6731
28209
23352
40838
894
18657
2109
31685
90
2195
9721
7347
18256
2403
5046
60
7685
16664
1699
7391
14780
4671
6074
7064
25951
31839
44094
9577
32914
4813
11496
16468
1202
15909
25693
24158
22793
21927
10056
5964
88
25036
11821
20750
433
13465
5860
12793
25663
34822
1375
8022
33109
5988
11746
6192
22651
30955
19420
14042
29748
4029
19718
28566
10256
3920
9375
49270
16372
17451
3962
1742
15744
14186
181
15841
13993
3963
4676
41013
27647
8974
35862
17201
15649
2611
25527
22138
21053
33667
29730
11570
16978
1414
3457
5068
24511
16200
26430
7620
18001
8655
6229
21551
14294
13216
303
42862
3176
27275
21841
18085
7428
1121
1469
33414
37177
30300
992
17482
3285
23205
10532
31455
23784
6758
24494
339
5582
5742
20572
2268
14316
2273
49210
26711
18388
9024
20421
36362
7942
10071
34089
510
50128
24960
33787
18622
14417
46699
44289
23955
3668
25048
23939
823
22657
5522
10426
10859
36538
2614
12498
17231
24625
2935
264
6244
10138
7405
2735
4365
2653
11749
5266
14118
12984
7023
24090
17111
19551
27504
2540
7912
3653
1643
4626
16148
25204
3778
19415
5806
15927
1732
13201
5459
3506
127
3205
5368
2600
10547
17514
993
3646
5194
25715
1493
10289
7961
20218
20151
11985
2871
25977
32213
12519
14707
20896
5977
9174
11290
12071
14594
13837
39140
32101
3135
5878
12315
401
16629
22197
22090
34621
7952
23671
923
6119
5706
107
9147
1105
4320
23128
2353
16340
11428
20725
17224
2202
16188
24452
29852
24169
12684
9066
30709
32433
23564
1578
41739
8131
12153
23422
6881
9832
25017
17592
12139
15840
2218
3791
3765
29521
33333
11104
29766
2624
15249
24136
24346
24143
8186
2966
3224
2435
46223
1656
2016
2474
1684
281
28313
18230
10216
3263
14773
3930
31938
21929
15572
5325
12192
9029
882
723
958
6150
14974
13061
6793
32223
10750
29135
6646
4886
18653
1420
33690
5501
7070
1497
8404
9248
9403
102
5267
36918
4978
2507
23994
14265
1546
12102
17008
2226
37214
30196
4161
37977
2358
4306
18431
1569
1931
20159
18952
27404
18139
34286
3178
21620
7915
15033
10375
2554
3326
4076
40981
5106
8193
5034
4965
15702
2112
5061
7821
3097
200
816
9276
4465
28616
11782
19951
4649
10042
15151
11172
43131
6796
47234
7394
3696
6953
1
11106
5251
14570
11677
6990
1269
40088
10606
24466
100
1794
190
9660
36149
2539
6131
9452
2722
2769
34463
20082
188
5911
2094
3705
7069
34748
7640
11343
5463
6054
10931
638
342
19990
34267
12342
481
3971
11439
6626
47015
6657
3573
375
8169
2297
941
28905
5207
8269
5869
15105
25870
15591
2122
1551
2243
4392
14957
29172
3283
4946
1327
9238
6579
2171
46166
34345
3661
1624
14266
25881
11045
1589
3739
11071
289
37286
5582
35616
11513
930
12888
5383
7070
7973
25497
24550
2554
7242
40552
10713
8724
19452
7810
25688
17987
6817
42389
96
2304
3144
41700
5172
2588
5860
45257
25130
5648
38348
7380
29004
34133
27927
1043
1239
816
5185
15655
199
153
12300
82
26341
1615
7166
23937
6525
11363
8711
42340
459
2152
4123
2190
11239
6268
46378
7437
8514
24790
11708
1763
14855
5655
6888
17767
10829
8136
3417
3074
57
34350
32236
8001
1150
8473
20214
31614
20440
1849
1418
13956
13765
4060
15871
11606
7895
17589
2541
23959
19019
6843
985
28741
463
2605
7475
19838
137
21
15263
3801
14102
29926
32770
2644
486
11151
25404
2515
5072
3017
793
5708
47
19694
47342
12192
4853
808
3242
13497
18690
3245
799
48256
22184
1124
25875
20916
20699
3731
2043
17762
1095
31125
8306
13013
15891
17689
979
37057
32386
9343
6422
16746
15991
12705
32430
21600
21249
31317
1690
16397
13046
13083
20632
8517
2012
36978
325
1705
38148
2847
5103
9686
52469
8658
12131
7743
22616
18534
539
5961
52144
21915
29046
3116
20720
435
10014
20942
12040
18636
34506
9502
36372
28417
2605
15777
18184
4391
20096
13498
15629
14183
42154
13458
11723
15562
5618
22549
11255
38891
13983
32789
638
18960
7922
2136
46559
14196
1562
23202
26917
5199
2027
394
8276
10814
15430
9815
14242
163
21899
20073
22379
1160
10425
7262
7978
7813
3066
1547
22441
43451
35397
3508
4386
5753
1733
151
958
689
2980
8419
1851
22580
12398
36504
8404
16080
18469
3070
471
82
20151
20554
13726
19259
31555
30827
20948
1558
7335
5363
4253
4412
2632
8979
108
13658
24607
8248
25
437
26361
8176
1984
2058
24610
26354
1183
18787
18793
12753
28339
1686
16273
3680
49206
238
10451
34702
6991
24527
9336
25802
378
8967
4248
33452
31662
2685
2223
37934
8866
35796
13601
5384
13800
5793
9242
16094
69
6199
29069
21158
21085
8919
344
3733
7043
6600
1485
3492
2050
20194
1514
19022
6002
15601
5905
13769
10305
2527
17249
3893
19546
14308
34859
23596
5294
9829
770
6544
3620
3127
19649
8088
37277
29293
12369
5460
28189
5917
25313
20874
12113
11508
5448
44
17339
2908
14858
3735
6005
648
7284
7614
9355
23336
2808
236
3431
8436
27159
16056
38961
14374
21573
21037
37826
6762
11669
38141
16413
3747
9615
2594
1161
30433
48767
28595
40870
12338
7038
9425
11680
1285
10956
26787
6259
5469
2173
3594
4935
18361
35716
1166
8148
402
20840
32712
1677
7170
16297
40079
1634
21490
22524
969
34033
6357
7963
1240
7880
970
15605
11330
2723
679
20541
7410
5973
4070
25487
32813
556
22728
9242
3108
13842
8031
11929
11400
4548
34003
16041
15579
25948
2460
1069
2379
3496
11609
11696
7582
42
2617
14017
15248
42995
6924
21346
7102
10534
24929
7227
58
3254
2313
6203
37978
2765
670
8056
1194
17876
7967
5938
9484
5774
8861
17640
1881
403
41186
10
33893
8975
4416
3156
2124
19263
44987
10284
782
27014
12
12386
3562
23558
6530
251
495
3462
12322
18034
12911
13508
1797
9310
42501
428
24242
31565
11119
34280
29913
844
1054
229
11896
27893
2490
13841
31998
18787
16343
17788
928
20964
10877
4734
3860
29877
3012
2543
12513
2240
17123
2439
3115
21603
16596
21952
7065
633
13486
3455
6433
4482
25130
6733
18963
1300
12366
5987
2045
7581
32
5913
5947
5014
26320
4248
16316
12095
45880
946
7584
1077
13233
28248
19604
12188
1181
2599
40280
788
4536
3718
7787
9752
12978
8028
8686
42597
9100
642
6727
14760
4830
21045
647
1131
30399
15605
3619
36015
12842
1511
2332
31017
1839
39139
851
39998
6947
38241
3341
1137
39794
30573
2919
2560
2545
17958
873
25255
10517
48880
1738
4690
2449
8097
3019
207
1246
31963
4166
34440
17450
13016
36278
47244
35821
18809
30128
2280
6663
4176
36204
19531
128
10074
756
6045
7961
13657
12813
7863
6134
446
15160
13748
17278
6893
9343
19251
13253
9988
6585
21652
30768
3213
21333
32426
6528
1239
2061
10241
4066
1355
27097
3511
20967
123
726
18362
4310
750
37864
29391
6309
7367
1636
4602
729
34097
3073
10766
24981
24642
14026
5485
3059
15366
13185
35661
28922
5882
287
11296
11697
6930
8279
1826
4966
1757
22735
1787
15594
214
15983
11365
16049
4096
12701
20029
40290
16846
31539
12188
7118
2395
18564
25281
19543
32713
10731
220
2721
24852
8010
21164
16402
3903
86
13969
2
21257
21461
16772
18249
637
13772
637
9881
3551
39687
43753
38777
9211
2013
210
1573
4471
26568
4732
17374
6959
16678
6984
1572
1564
31246
44
32256
582
750
19297
31075
7650
6710
1084
9201
7862
19206
8267
3104
7161
3450
19638
21847
8322
37528
28707
3801
13123
1663
1138
3441
92
42097
8111
30865
3006
1282
11803
6068
2617
14117
17686
11964
2154
33368
5718
20311
3548
18553
10803
8306
1240
20876
3396
1948
26258
2854
25
22516
10344
1993
1811
28898
45550
3658
14346
48615
7680
23554
39942
37738
21885
28564
3298
2720
3060
41044
22890
17271
6612
5
4353
17993
2873
35640
3435
5060
14333
11249
16407
2614
21101
1066
24278
9734
13991
9860
14358
7507
2674
563
13001
16316
8089
24444
10667
4923
20248
2583
3082
1684
5260
15125
1023
21717
21825
9862
33794
21941
2246
37498
14299
1400
12533
34188
48822
2330
1127
7689
13121
8424
2040
20649
13181
8120
20631
10409
10972
795
27338
9928
7836
14683
3028
36383
16525
29318
6435
21790
27637
6217
25824
18186
8608
6483
22871
10715
10144
7381
25506
26867
1625
36210
2651
40700
22675
8460
8053
11864
15103
14504
17168
4920
5644
16801
11525
2127
2835
5661
808
7098
18309
2223
15842
2629
39651
944
229
28199
20112
35826
1330
2562
12074
117
19048
12368
15026
7742
26701
18810
12282
27582
4251
8999
10583
45918
21
3940
14399
13012
3596
2209
18511
5215
11419
17399
11081
1443
5985
16642
7503
17774
6079
7421
4507
8410
5910
37553
35891
3383
10918
2724
211
5507
11519
229
14300
7712
11082
33750
19618
19373
6918
2769
12018
37080
21948
40850
32122
33782
3356
16138
1795
1748
11544
1220
42256
4560
42527
13257
6865
14650
13271
2348
3762
10122
22718
26527
17179
22815
24562
27872
9801
8313
13839
397
165
46497
10362
4098
9799
4927
30474
3680
2049
15530
5108
6500
21347
37542
13686
5132
9810
23318
3950
21987
5017
703
366
11827
4467
70
1545
1505
830
18596
6
435
207
29737
8421
6432
8970
7698
10095
8779
5199
25425
26430
30441
3544
737
7266
5880
3587
26242
9895
31474
11229
671
7746
5888
2141
8593
8804
30427
21532
176
10405
5246
2563
11161
5988
19990
13692
30538
2580
12763
32102
4755
3797
42645
18445
921
39291
6314
3402
15704
20238
11448
5507
27575
14136
13834
3094
92
11187
9009
382
11885
5629
26376
25476
4197
16267
105
20158
73
4908
582
819
22622
5328
9625
15199
25161
4476
4927
10813
2220
2085
20812
12275
42748
257
17791
869
23045
1687
18189
12365
6158
24060
6548
45119
4993
20102
24868
15070
288
35050
21377
23568
51460
19703
6802
39092
504
15121
3892
16230
2180
17440
17610
23805
3092
29325
30694
21552
5820
23492
22843
5172
6279
8387
7933
32282
8845
27067
11273
1105
15553
859
4563
5397
885
145
494
21153
27854
18776
387
7800
9362
28436
31996
4163
268
2433
12039
8076
3324
16063
3612
23623
5424
938
2942
20929
228
1528
11097
8879
35508
18538
4209
34870
17223
5487
34873
15884
2781
15228
5883
14520
9604
8410
1862
12615
4145
24101
23048
3864
7672
4801
10459
2463
30410
30747
12029
16391
1889
22175
19713
3569
5062
13153
26108
18572
34273
42845
9402
302
11825
422
6519
19467
6141
16422
31927
428
15206
5632
15011
5525
18719
18036
5
33177
3884
314
23098
5971
4391
1881
10605
5417
925
4452
27261
1988
17686
18110
6291
14877
4293
2275
694
938
21989
4764
25691
7241
13669
5880
3369
15539
25975
959
7777
14016
7574
2561
8339
2516
249
22381
4879
31593
20423
19341
34298
3273
1743
19017
23339
6754
14427
4489
6032
132
19638
12651
625
16778
20469
26678
26149
7207
6578
2453
26031
6089
21889
1012
31
19146
6311
9461
33975
5129
3634
579
1338
14163
1948
20763
22449
24103
11370
11920
4969
3125
27050
8431
45243
21237
507
19431
6727
644
4057
20357
20065
32253
10530
1336
9213
38410
4240
8500
21275
24007
19266
1747
14697
22267
2315
7042
1505
49306
12509
35564
3998
880
2085
22098
3962
7909
22725
36313
835
2390
51966
7076
20310
3678
15220
11481
42106
14803
7485
32950
22947
5569
2544
3478
7463
18524
1468
6300
8426
5824
8389
26096
29760
23884
7032
17170
2899
6505
11745
2118
18728
13399
9210
9594
1220
22257
15995
15443
4485
19931
522
5835
22036
2703
9529
15048
26163
13133
2067
360
10733
53259
2181
22803
47461
3969
12299
12421
27876
5302
18754
15207
35
34814
5898
1610
22460
1880
14684
2163
5374
8090
11769
21767
8534
13911
3651
2769
11224
39783
6774
6804
35159
609
1799
4071
14746
5452
1934
18066
4377
1606
33958
6260
14815
217
765
16861
9493
18775
4211
5772
26613
2475
1079
2021
7075
13002
28126
633
8328
7729
21084
887
10944
7917
1289
9677
1676
18502
25907
9353
10973
6933
18466
32873
23530
15198
12284
43305
10628
7047
13293
16203
557
22459
12025
9404
20101
3025
19207
5116
5065
21184
15713
5369
2262
10040
11823
30688
16201
23955
21291
23989
14425
22418
15676
30476
34923
31614
902
652
10326
10744
19429
4373
1539
2063
18193
6898
1705
1723
8836
456
15867
1290
1772
7323
37825
6553
43636
3708
28021
22867
8151
6997
8269
38826
1651
2875
16085
561
36816
13106
21918
372
2872
4240
10975
2374
38702
1297
17955
24912
25571
23228
141
7770
13594
18753
9856
21013
14289
17545
17424
34724
5393
2951
9441
17374
4736
13062
37353
45407
15125
16230
36660
14916
5173
33153
16792
1450
20990
25868
26601
2173
13707
5667
1305
41566
3169
338
897
29563
25767
16242
10522
3502
23891
40248
4053
6101
31547
16351
4077
984
22600
7132
982
41172
23216
9506
9058
15877
33985
3763
11667
2309
26379
5586
7119
7382
29819
23606
24109
357
2116
2284
10320
36781
6359
24721
21650
1732
24822
13691
3739
50729
171
25552
19106
10411
10307
44421
13186
4340
1719
12277
10834
21302
6525
3686
29728
24722
1689
31144
7175
375
403
3201
4725
19998
2286
19814
12535
7051
1084
3089
31303
1978
6211
21716
23304
2283
19471
4922
9955
3638
1117
20943
37279
8458
9191
1229
10622
20953
66
5027
2122
30070
20036
3168
8680
9081
45096
16223
42575
1710
3457
46443
34023
17820
5990
19780
20442
5223
22991
840
11326
14672
11687
12792
17579
29125
5413
5244
2560
26826
29729
988
5419
1345
32905
7458
30914
28738
35202
1079
1325
398
4927
11952
17985
2590
21881
46347
16704
9066
30410
15462
4151
7836
19349
6380
365
30938
3665
12885
22663
22957
20779
5098
6536
206
12149
180
13972
19816
19602
13466
10230
17966
1065
7593
8297
969
1493
804
7239
1506
16630
20135
21243
18205
12585
11537
291
36401
1237
22097
4339
26674
47383
6358
25097
6012
36933
7126
1018
3153
5470
23714
13282
22165
7538
48871
5100
231
2246
29756
11437
2387
9516
727
11529
8009
11821
3553
15094
3346
20801
4583
912
31508
7503
1350
24384
25108
5008
250
9205
33299
16319
4584
19932
319
32864
324
1630
36079
1592
7900
32808
5448
48036
25879
4134
27788
25178
23894
21059
28930
3760
34613
30286
7485
1922
13780
22626
28398
2631
21675
27194
16814
12897
1879
3759
43154
13892
13034
7185
7171
19073
33975
2448
20413
1017
4062
37859
2177
6982
24749
11111
8460
5900
25783
16499
21113
30990
7867
671
15879
13258
820
1345
6238
32648
3513
26386
35888
13444
15294
24904
8009
16467
12180
12909
5618
3332
698
38186
184
1936
25907
2991
1002
15747
5876
1112
8363
49616
14367
7065
39227
32523
41602
13698
27158
35785
14432
17839
35426
911
11338
26391
20076
20762
1608
15058
639
13995
11388
27083
10762
5108
24495
13427
3717
6511
4507
36657
20956
2962
30620
15361
596
29130
33462
20061
7166
18082
34174
4772
27419
805
3991
43040
3482
147
14175
21236
2925
3484
4273
40364
14239
9246
9411
4140
23344
6874
50430
2252
852
13107
38551
8855
16794
6516
1488
61
5567
1044
301
8681
33630
4772
17824
15554
30227
18040
32120
4919
6562
6936
15241
8222
15963
1402
12702
6478
28009
24840
5086
24492
11273
6618
18895
3842
35952
36825
24797
11552
755
21501
28916
15818
17560
803
5696
6517
50108
37656
5593
5910
48034
10933
44659
5626
1823
32068
16595
23930
21092
20803
15573
8251
45870
1042
642
8621
23624
1793
39148
12726
480
37283
22869
2319
19692
6218
21897
50979
23295
5781
2613
21948
8876
11437
6516
4700
9540
3609
7988
33590
37505
6131
934
9806
879
20690
6729
10579
9587
24020
1489
4003
13339
5195
12583
3791
3329
23985
28545
2084
272
41231
12966
5206
2690
2896
18905
10803
2922
15262
6998
17656
1158
20545
31857
16768
5850
570
12713
7385
10463
14068
13266
1387
27430
7658
34461
10347
7962
21311
810
4859
2980
3964
4952
10839
10119
49851
32289
1831
710
3509
4288
7498
4037
6868
12473
13202
21483
10422
5165
3619
9481
32041
11658
86
11128
35619
19286
12168
16522
26123
815
35088
1017
22725
26329
393
6034
1240
19067
354
2972
2287
4230
3283
7851
38967
10386
2058
24206
12315
9975
7324
13942
472
10519
21540
33076
28395
36660
23161
3373
43667
48894
7344
35112
27315
2232
12386
12840
20686
18642
600
3592
96
20507
2321
42100
5078
8778
8904
22400
7240
10988
15345
686
16121
10200
23821
16394
15757
13948
7957
20243
25650
8663
18349
3124
15824
6634
3036
13074
7860
6642
16704
6234
10861
2616
5771
13665
1379
25472
11804
37207
26208
9255
18550
7111
10817
654
39806
25630
20630
26727
15276
22761
1887
10304
965
15381
28008
29172
14335
13574
27897
9392
22412
6453
4502
6506
13415
3176
14270
1609
33173
36105
4513
2752
36501
26725
5329
7988
1913
1357
9108
44467
19909
15246
14328
65
2844
33804
9177
15595
449
2498
13262
437
257
2498
40806
5836
838
3015
23909
38435
10073
21923
35893
12426
1180
48570
1227
37405
32513
23540
38
13482
1734
6005
45975
2584
11089
24366
2277
17447
2185
10288
27027
25644
8454
9786
26680
1339
36659
218
7069
6031
15203
14190
7401
3351
10660
26566
6784
29159
24191
18984
20211
19443
1280
40653
5081
6527
2957
641
5230
44455
12772
30077
14708
2313
10502
15541
11513
48547
36246
310
16101
639
30018
33350
9662
16945
34028
12492
1059
4648
7487
14716
21987
2975
2002
9496
12397
53302
1519
208
18666
1563
3981
861
5050
17252
27606
798
8197
36917
18578
44661
19515
33028
32056
24533
172
38611
16
4539
33029
26310
4777
21836
40243
12804
35753
15625
12837
22019
3485
32684
5676
10588
16216
32437
18144
2997
12056
41587
718
16373
29711
9343
4118
2168
249
16148
21302
41881
38187
2217
272
14937
14125
1380
16937
1655
9288
11877
12658
9179
233
1405
9742
1927
6486
15058
3059
11824
12836
14373
27936
15331
14781
2414
31879
30272
3019
20707
1869
28384
1230
17420
7838
25243
2852
1879
1691
36250
28194
10958
499
8837
18402
933
17760
838
1695
5198
5361
11705
4155
23169
7398
2196
20188
302
6638
24681
5580
9375
14273
20481
4039
2591
26128
205
19318
4708
14189
6887
17059
25301
8231
8301
22717
2601
26473
16389
23077
466
30715
28030
16351
5010
22526
9982
769
3542
15128
14805
7833
4570
28071
37376
23352
23239
12879
2014
1747
19272
1931
2942
12737
47399
3206
5232
17091
17303
27720
21431
10086
25577
486
39599
10556
11924
1472
1118
17128
35593
25071
9145
16437
24227
11271
7734
23434
898
16167
35452
41379
32945
5398
36389
850
9483
12408
1239
1778
5576
3359
2673
35976
4070
29901
3713
3121
8646
27149
1529
45703
32038
7093
11633
5110
17353
4563
6709
22154
22015
2503
4064
34892
1727
6175
32195
18553
8348
31203
907
187
13672
1645
1192
33922
5662
9803
3131
5836
19202
18429
160
14807
3620
1836
252
40644
4712
366
2635
4491
14408
18988
527
686
20581
1093
10853
28836
251
4873
48583
31563
4352
13388
4078
10011
6516
16211
23914
1313
8892
25753
16194
4623
13979
15130
20314
37676
2699
3605
25757
35550
737
18882
4020
380
2970
7229
1213
5510
31355
3889
3160
45898
13535
2099
5172
26100
35616
1324
16813
1512
15725
51856
30125
1625
7235
28089
7669
17530
10769
2233
30300
602
33194
17287
11792
40543
12074
26259
7578
12749
2947
52154
5902
13394
23228
2035
26613
2291
11576
1091
8453
13647
5293
5138
39575
10374
7906
3416
3738
6895
1101
4896
12815
13490
24006
6575
4462
32233
27463
5093
29070
1019
19679
5786
7814
15727
2798
16029
12714
24417
4792
1000
21884
27954
42893
27287
10383
18550
35544
35212
14633
23063
39153
4180
1586
1660
9151
24853
9151
33867
12686
1800
287
13653
18769
35010
7001
11230
13353
6822
4330
2749
2647
32892
43861
19088
23186
7213
446
5397
19475
4200
31109
21288
8608
10200
19801
12
27798
5824
6924
4844
11706
15293
6219
255
1297
25628
16618
2384
4691
22394
9778
17809
16382
8928
8747
14872
3138
5147
43854
1376
8431
32838
1613
13499
29056
1271
504
6612
9304
17076
4010
882
1321
4046
1211
17076
16663
28574
33358
8018
33802
1838
8486
22281
1635
2168
696
7837
13231
6116
21443
7903
28283
4221
9119
4155
3174
2925
40841
36365
8980
7162
3126
6804
8473
11196
32082
5329
44707
17957
2139
7111
1041
656
5239
6939
16534
25682
31764
9666
5574
1050
6843
14592
23109
3786
8870
2196
22092
151
14449
6908
38529
51
15689
1615
6724
9099
13493
5758
9209
6003
6662
18250
6210
5832
36877
2211
10186
18153
27090
24572
2332
11379
4362
3539
40056
6992
2138
8681
7494
28642
9107
23463
224
2468
4655
13861
25913
6948
114
1909
27792
48
9479
5559
11011
5220
3709
12221
1621
6179
292
11889
12268
17484
6753
3645
8008
637
35706
7317
2732
961
21881
9924
11782
4275
9032
30955
269
6199
39039
13560
18742
34
8408
34817
31566
1295
20742
11084
20341
140
1846
4124
2584
14512
2476
13117
36724
25909
19777
1210
3258
11843
9288
7120
20395
31890
256
9129
9251
12246
28324
4154
13320
22809
5389
762
1567
18522
1357
1270
8489
4216
1622
7357
7749
10183
5608
22307
304
25278
3643
17689
6530
39773
11226
5133
22397
1770
6063
31913
8726
4110
11733
2975
19792
41710
83
1465
6339
16290
17829
2203
628
4599
18891
49591
37562
28526
12582
20260
12918
1699
22457
800
9303
25748
7450
20806
8607
225
13844
4130
46012
10502
7868
13905
5283
741
3408
13697
24123
22857
30889
6858
10724
4441
19882
2774
5881
17602
9886
39103
10288
5422
6872
37304
805
1381
1739
10219
12334
18157
1236
754
33484
8470
3775
11023
996
11346
790
3894
23339
13995
1782
33275
43734
6581
8550
10912
4571
13379
15545
4050
3208
18948
18806
1419
6827
34874
5041
31098
22242
30801
1171
13131
4660
44504
18694
6124
2964
286
31710
14973
1508
29640
11090
8899
6126
44536
10540
105
13268
114
9908
5597
36108
5176
15334
9156
1544
17
2904
5877
27033
10320
1067
17875
11154
9981
13645
7931
778
30421
18715
20353
10489
34285
17455
2087
5929
16852
22983
1772
27320
14747
6306
7556
11782
3982
20278
23134
4287
22328
5050
5085
52056
8932
6159
26162
9271
12982
1367
27230
20433
32762
35647
9803
484
1086
14624
21348
37796
31274
3691
29600
450
36967
16768
29519
14858
13683
10395
260
17386
12574
25994
37175
3605
4370
11278
20662
10061
6255
2527
581
9512
46427
13805
17960
13835
29435
31907
9264
5611
3151
16514
4123
157
16439
11388
11366
19501
3592
12857
6687
2248
16880
37578
9249
41309
1398
36019
6051
14244
675
8916
2616
365
25353
37713
24900
46554
30295
1011
441
41078
38115
3141
2571
2314
7633
3989
263
9352
11731
47
17344
8764
24879
36304
22520
25023
7227
7069
130
1956
8607
365
4100
19991
23249
22189
50279
32
8348
1894
776
2152
469
56
1502
3049
6022
23034
517
11450
16943
9428
1834
21681
7808
45883
937
10138
6529
4312
344
7442
23096
10188
1873
4345
17776
24819
21129
13926
20971
4675
25748
16566
21395
11060
15090
11961
30263
34161
35874
20841
57
6994
52712
26637
21307
51566
20310
11297
15900
2241
5747
4615
42239
32893
757
7471
34353
30781
29368
10241
10018
914
8184
1856
26031
29603
29090
33314
3016
4466
7587
16821
3050
10675
13812
4662
28447
4323
6501
2389
6831
38432
2305
28382
11085
11158
12527
4498
23164
363
19445
10414
39960
22181
3900
2098
16767
25503
22492
30724
34504
28922
17048
20730
283
2836
698
3607
522
10953
19962
244
6356
4469
23604
10559
1942
687
9419
22206
9318
12722
22675
6443
45054
157
14918
24263
28454
18162
3646
42715
3404
280
16799
22111
8202
7002
361
10368
35094
19311
279
433
4938
25739
8205
13903
971
41722
14319
14819
3481
1016
6630
13357
20534
3688
7081
20097
2755
16117
51524
3397
2142
7214
1116
10500
920
5040
10480
8993
4507
14432
8850
17479
15924
13582
13232
10705
27357
12097
27720
29991
26574
35270
20672
1416
5701
18904
2435
28825
21682
8491
3072
6493
1218
22015
1552
1161
4973
1392
11261
6905
20568
15202
37885
29011
2114
6805
3916
9310
16371
11764
3599
17310
33178
44328
1509
14822
1588
11383
4599
538
17153
22217
1178
895
3503
31532
18396
4571
1266
2841
19127
12342
4971
24113
32096
5067
8547
2449
12013
121
3788
13666
110
8474
32829
3616
25747
19231
4837
5129
17934
6107
12623
11225
3237
1527
788
10097
1397
1999
78
15834
1411
15803
23903
3575
22596
666
4799
53938
10423
8189
18216
19756
20056
15217
33515
5649
28052
22281
2080
8613
36998
201
3677
2270
4499
30110
23189
35066
9055
20341
8499
3703
4328
47035
13813
22324
1732
11143
6385
3726
2322
19795
1301
4902
16832
387
12891
19562
5710
2308
12141
25185
21288
45
16941
59
5649
8291
8523
10834
6045
2868
20130
19194
43051
14589
3842
77
3080
5011
13013
41921
28133
23652
8388
6593
18193
47289
40139
9263
8211
5723
74
39338
7797
5572
35001
10413
24860
19790
28
8977
2514
2602
36105
37986
23196
4234
7695
452
6085
3614
45379
45958
13613
6279
1640
2157
7319
19127
8381
46842
9586
22342
282
830
10005
11616
113
32263
10911
13962
2063
8916
17766
1377
28182
6032
13514
1452
5
8627
663
33252
5731
12730
544
8980
335
36226
1988
1851
2542
6061
6028
4587
812
4753
10792
4194
8253
15614
20473
13805
45626
1974
23849
4351
1420
4294
48535
24093
16008
47956
17738
2901
27349
24358
457
3735
5991
20758
514
96
25045
19643
9341
1163
10361
9860
8483
8265
11375
22592
30233
24841
14213
13110
22282
34395
167
3682
9821
6594
2569
28834
7880
12168
29088
3812
10196
16611
7796
1480
25565
3859
10294
41202
9426
690
875
26484
395
15003
14019
177
906
6063
38507
10598
15579
5132
38677
7764
20317
10427
17307
21681
17584
14149
21281
4688
8202
7469
241
5343
10583
11514
479
39298
2686
1307
10532
2697
8398
2018
154
32029
3752
5053
1204
34335
3786
26879
39
10400
34610
4794
4819
6785
18263
1733
453
4316
28793
40039
19737
12818
8275
6946
8809
5150
122
16830
7780
9479
6272
7594
9655
8734
3728
23863
28191
18287
1347
28289
14356
12366
9173
24011
8488
3065
13676
9187
7905
5512
13288
25005
18838
3507
32725
7440
3729
14796
16359
9067
2542
19819
16058
7793
21942
12351
6443
2685
7775
5495
12252
15959
42460
3210
15724
5593
40146
9913
7158
4617
15870
30428
17070
6999
13823
12664
7557
792
6258
9911
37292
32108
16880
22011
9161
23608
5031
10172
5408
634
31202
11158
9401
22126
31515
30718
16450
7649
16331
7539
12565
1745
504
50981
7812
47176
7620
649
26884
17904
18084
19864
301
14008
11764
6090
21190
29766
21205
5194
4244
24351
7703
7268
10226
13868
37945
12044
22712
34402
1318
359
41581
937
43974
17214
19476
13711
1646
4810
3707
11804
13449
16619
7455
1327
28273
216
8989
3511
23395
35733
6852
1363
11788
37738
24504
1905
14796
3165
29251
136
3511
31270
29821
3738
316
38723
29699
2978
221
33449
17442
12946
10967
24357
21165
1545
23964
311
23393
19872
31375
10260
6527
16567
13875
16143
1970
30957
4537
44446
5149
7468
3675
3460
12631
19464
15721
31477
41313
17222
15615
77
17817
509
12821
21384
1707
21523
16645
11435
10502
1291
36959
40560
991
1082
616
13156
22784
25333
1934
12302
5869
325
8860
6643
11073
7044
23769
46634
10204
47727
3006
11552
5902
2328
22830
2531
1355
839
6650
28857
16015
21023
14198
240
24533
746
26932
16674
1733
29567
10178
216
26843
4672
4780
18798
1910
1380
7786
1002
7708
10218
1810
3104
5887
21381
42383
3174
11419
7223
3827
13984
5051
3759
1223
25631
41345
16428
14695
7947
192
34800
12790
28232
15211
6657
5740
1446
9818
737
22077
12323
19681
34557
4156
7125
2329
26681
12471
5172
5702
2812
5279
1049
67
22134
14326
636
46404
9975
17903
4574
45931
14089
11404
31075
28202
33882
6288
26989
30319
40690
371
485
4110
4108
608
1333
21894
1917
16215
11821
6952
20653
5517
22901
17770
3926
7762
14983
6997
20689
20378
13938
40
11185
3534
7330
20494
53943
5556
5181
7361
2601
15133
2099
8525
9553
3211
5714
14835
7538
16132
15422
9944
18186
1804
5315
21752
28040
2866
447
28480
7615
5695
11894
156
544
30799
39447
1806
68
7154
496
5837
23776
29300
23242
13925
29365
7539
23203
1061
9408
28736
8709
8778
663
9709
51787
19041
40921
3487
716
29056
20358
23480
19855
1361
14286
17945
6057
21875
50
3214
10291
2208
11559
9568
31343
9435
1443
14898
13259
30553
15379
37550
20936
1131
25209
8436
2978
28459
33943
3101
25716
2134
35870
7904
19006
14685
39529
18903
33292
41062
11906
21034
6067
23677
38263
44450
3603
29752
17442
7691
17323
2813
6680
10294
5520
217
16029
46454
1142
4687
10688
14763
2394
5873
22848
545
10494
26744
8835
5801
18140
3839
540
9620
14561
5272
24348
22251
7063
1387
38
48703
32503
13635
352
26521
3147
4897
15882
5810
31851
24077
2025
25346
1992
1935
18629
15895
3854
8029
26549
1919
22
44116
45177
1697
2824
15320
2232
3032
6223
479
22526
115
5337
38999
2650
35978
189
29234
13417
29416
16273
8816
16372
30134
8716
36870
1626
22208
30349
20923
17797
11428
1579
602
29610
23887
23339
4519
9516
29197
19220
22104
21759
10702
3646
5588
4253
48646
10615
40616
839
26932
4550
96
7240
29074
16737
18277
35121
26081
714
22392
18966
1341
1012
7298
296
33005
7274
10882
931
7977
4375
197
4927
9520
47341
12284
3152
2911
22370
11530
5398
4550
7748
37424
21767
690
19554
149
29474
44559
10205
11944
28133
2503
5631
2398
31112
24980
32620
21835
9730
6528
8982
29039
20488
1175
8636
25885
33360
7898
1776
7723
7959
2872
17643
13090
21537
10653
30839
5945
24194
13223
6412
1049
27592
13729
3208
7281
19500
39690
5373
29632
26024
17678
20612
10301
10949
12516
13036
17224
4457
25425
10098
44616
25625
3965
7640
18281
6375
6824
40178
5706
27235
42743
10479
364
12584
4407
41451
2524
29138
6650
5724
1200
20641
568
10502
603
1843
607
11159
23795
17652
8402
1009
6690
11999
16539
26475
3989
20594
5077
101
5952
11622
14289
2888
3683
44604
40102
2095
1394
7283
5184
6814
25724
9669
13982
8780
992
23508
33088
38340
1777
18030
2683
21623
18537
23821
12073
587
120
1130
18118
8525
13624
26627
492
12593
28393
41464
38934
18994
2312
5557
37355
26213
316
18300
12508
41264
23699
16075
1893
10245
37190
2243
24373
16423
19287
17056
17887
13177
786
9841
22389
9360
34519
40098
2865
3468
13334
29135
8284
11334
45335
41034
26540
24979
4533
24167
23334
9225
11173
14114
17530
7273
9624
10889
2554
27516
23063
8887
16551
8786
30801
6600
106
10048
31376
3639
4211
31773
5811
25665
4412
27479
12216
8555
27138
9042
2691
19592
20306
18879
368
5056
9057
18490
11350
15
41741
46665
4370
6356
12683
51327
2277
133
259
7109
1957
811
7420
42480
36288
6821
9303
579
24602
10739
354
30080
8602
6570
24329
37365
704
19457
21954
38695
544
3902
3248
25023
21967
23307
4677
1627
15830
2945
18250
7819
4694
15375
11893
17865
565
2757
12171
11170
24853
4628
40045
7200
5585
7359
19866
21352
596
14670
26706
6081
5830
827
8924
1109
14795
16338
36480
12657
14363
373
3670
17684
40073
21388
15604
4312
25102
39950
7219
1609
18126
3420
19641
1659
21776
2293
38479
4244
18366
68
13154
2695
8080
12022
17678
6237
104
21431
10614
13604
30968
101
14890
14056
68
10793
14505
5892
4315
32477
10955
16723
10313
18406
10473
15550
40895
16859
4557
20523
1158
12647
7838
27669
18623
4854
3090
29385
4969
21062
21446
10119
16402
2568
10784
44047
3135
16382
3038
10558
33324
15142
8257
9512
3315
26143
11017
2187
22017
180
979
10199
13060
4160
5594
8591
13497
10
2929
9515
5627
13112
2002
2644
2970
35735
2101
12207
7002
22062
29462
40875
4313
2694
2236
4123
17868
1605
21250
56
316
25257
7525
10780
19485
19631
23572
84
20139
28937
645
21561
4636
46597
2177
6706
481
28762
18985
20168
4130
1706
45364
14074
16316
45751
20017
32384
21913
18894
7108
32549
24299
3276
25600
14169
11936
20192
14298
4533
25893
10459
194
39070
4390
20436
3284
1338
32986
478
4045
18454
9306
907
41648
6949
6199
44992
23246
16888
22536
4672
8514
30693
9057
9325
25263
33
12858
676
3539
8167
14086
4293
38687
23282
9216
1038
4083
6518
7502
5850
11171
13565
28783
625
17624
6789
18390
24570
44858
9847
24503
14337
10927
2609
48
8900
184
25906
18084
11349
11096
21818
4259
26778
48448
13114
3458
9718
123
6111
598
5758
14849
809
8273
3286
5772
20458
15727
11316
3152
309
22742
18
25242
12113
1916
585
4155
11498
39717
6378
1820
28384
17054
145
14797
7575
4605
6411
2266
238
1685
30722
1961
9110
6664
5118
3869
8508
772
14052
21340
698
39276
2705
14993
15117
96
158
31514
1124
9307
859
27205
6609
5713
17546
8652
38
45946
4411
1794
7139
6807
15591
6401
5511
27783
40391
28102
6454
18694
16242
35477
9523
1476
41851
10131
2005
333
13081
761
29
1384
19416
10655
24146
32864
7167
166
49161
12485
18057
9302
8805
5889
14464
1183
13030
21948
23543
1473
28255
780
4825
19723
27543
11491
17766
24076
38984
9997
13927
727
2187
15031
6749
10132
5727
2312
6174
2196
13927
30424
16594
6476
12
2694
9240
3813
258
31556
9494
4376
101
12540
3209
4268
20207
5589
2033
7883
9295
6263
7854
3920
32937
21
9831
32666
17506
4563
5947
4934
35664
12968
20350
1296
5917
17564
1666
463
15721
2060
15509
401
226
396
1081
8385
1513
12123
8284
31887
5166
5299
4609
8931
7123
14583
18831
5186
19317
3908
823
21657
8247
6105
2545
22625
9144
17036
3690
33070
15970
1783
6331
3533
5223
5353
658
6825
660
166
40136
7856
10715
15910
15824
22653
14425
19689
12538
34698
21097
2885
21804
27878
21136
2612
295
4394
1449
19347
9294
6011
9238
989
12731
32618
3358
2053
19054
974
142
10893
34327
22310
6922
41980
31683
1761
5594
2834
13752
24994
3500
3992
25860
24491
1250
202
39285
13492
1576
44063
7630
1592
31220
3834
8242
14203
112
16844
3027
5421
651
958
19900
12752
7181
26079
1400
3056
21884
6355
7485
33914
9727
7487
38756
32005
5271
5090
31894
27393
2931
35383
10492
40983
6068
17715
2987
25234
8444
37139
2007
9258
5272
46131
7630
5848
3442
10191
19340
13497
16714
12150
6902
182
32421
8907
8813
25237
16097
37753
24920
9063
157
40166
12090
26950
3463
11940
24882
10941
10479
14918
739
10744
16357
45520
9637
787
14321
1584
32435
9821
5173
37435
30180
6943
21091
9457
14803
16161
2408
3520
16883
20737
27584
13068
1240
122
15806
25067
10144
11904
21582
6811
1306
22992
18333
19778
11650
25341
10733
7432
246
15758
2991
3165
2619
9609
2176
36059
5187
5651
673
36195
26662
32130
11742
1823
42876
45126
20099
6040
2142
21174
1231
9959
2567
5348
3102
17
10220
13016
44840
420
5235
9697
16369
2035
69
728
5984
15913
596
33429
22402
823
14544
16027
5786
7841
45461
3891
21617
9375
25039
24671
2175
19295
318
5154
17783
49903
943
14987
4912
2969
1471
4346
5622
1936
10756
5493
9858
8599
19781
34951
12320
309
15812
30524
12406
28426
32033
711
6824
6433
291
8944
10074
19881
12126
36717
30562
6247
1773
20600
565
61
10885
18115
13356
3745
2512
18646
2049
1255
18382
15091
518
772
107
6148
16771
26702
19814
13875
16194
8723
36153
8552
32690
4601
973
6232
1638
9600
4339
19654
37395
18515
9628
167
4969
11781
5538
307
1655
36751
4095
2518
24226
2516
8096
20913
1803
1788
12458
13590
27108
2450
1317
1422
27065
4956
123
10912
7059
8390
7493
2926
2562
37014
14438
35373
15323
27060
6077
4282
7135
13606
5547
417
13813
12043
11720
3658
50693
4188
24805
2649
7618
2834
1455
16528
38415
5533
1975
713
1285
37713
71
2326
5472
3406
21682
9473
17120
398
788
12585
54
3750
31484
3294
28416
6688
878
11006
4608
1694
7573
22562
3172
1868
26401
5409
35105
689
15057
3089
11057
2265
1280
1402
35055
22033
2852
37666
2575
2746
16383
37253
20171
16011
9593
21488
18551
7001
28173
2086
4349
27383
31990
11925
343
4579
626
8398
11161
24624
15870
4982
18361
14845
13221
15053
11237
490
571
30751
10101
163
24052
20379
4477
645
1575
2201
12531
7131
9378
39081
11312
4009
5483
43243
22222
1948
2833
35958
495
1160
2343
33145
42991
25166
32774
9772
17206
5139
3331
377
46633
34383
31760
5134
8906
27952
37387
987
1441
456
9654
7193
554
18045
28950
2255
7769
1722
29685
14217
159
29917
6882
22223
43316
22046
14602
34219
25812
1233
3000
30344
6180
10924
39048
15279
5353
31286
7250
11061
4750
3655
21868
16233
23959
37047
19797
2211
8783
4241
26073
31985
17497
4406
9267
35546
16747
2418
860
20483
749
583
1709
4363
8856
5952
4063
25967
48336
11367
36608
15102
12166
4997
39294
9483
206
6850
5296
24852
4502
201
11380
38654
6919
8787
9322
25699
9339
15756
35557
11147
6087
21370
6719
4061
5217
6809
22450
14615
14700
14478
728
12299
15483
12897
1059
45747
25866
11072
395
15248
38780
318
23380
10731
842
28644
24787
17538
9645
18561
1212
28714
46875
14693
7083
49163
6129
9637
13355
31208
14310
1881
4747
6299
24609
3714
26483
22538
35369
27866
12222
23229
18537
15414
3395
18071
22771
12779
7247
6179
33569
7189
16530
954
6499
28729
4557
25268
4757
12653
5377
4863
21357
14371
26661
831
20767
31247
12339
1582
25506
23385
15712
1290
2554
30055
9831
4842
349
2374
12201
190
41259
15448
9735
26761
18454
5396
39253
27441
36322
324
27793
1157
1248
23371
28747
10136
2220
1020
18532
2686
1324
1647
4686
4244
8085
45659
12572
8934
2658
2661
4706
24162
7519
15179
10600
3354
11758
9314
38748
47585
16286
6898
10712
16528
29478
10122
1769
23295
21348
2807
9005
3395
14033
20820
2041
143
1959
6006
46986
6160
2781
3205
24278
8079
755
8043
6516
7144
4664
4210
40169
3422
16178
10261
8664
11276
18646
17
4124
8809
8216
3107
8108
2418
16146
26486
18260
2584
15495
10991
27320
43821
26973
39194
534
7042
6744
17045
2257
17327
4070
12536
17031
18474
26659
35646
24602
4410
9208
7698
14994
12090
287
11166
7638
3784
24679
34995
6150
3413
9844
33571
10139
2000
12218
3328
46599
13016
12321
27635
35042
5989
3760
14958
7190
2933
6941
30974
19296
190
20075
20656
15554
2936
269
17408
31321
26095
13919
22087
166
6587
4658
128
1261
172
7985
578
2528
3512
13500
453
2981
5722
17396
4403
2552
7638
7364
2482
1560
16539
12864
2882
22068
9641
17856
19594
20213
15415
107
21872
4527
26073
2175
25828
35620
17930
15880
817
3875
38026
2496
17009
7600
16446
20215
17189
3260
16716
20324
16978
210
646
42221
33071
12448
10450
4252
448
9130
1135
30569
1129
8208
14632
1372
20346
25017
21995
34713
6
8050
4153
15
4202
31780
98
30016
13624
34077
24606
28185
538
31401
33718
6096
8121
31436
39977
25946
13965
3846
18597
10023
9627
4759
17950
561
30885
15608
5199
10614
5338
30347
12317
17973
5742
32030
18515
32204
6708
1163
4525
1359
817
18175
39580
960
46508
11100
8641
38883
8722
2278
11041
2103
24277
43125
8223
8192
25275
16078
25519
34255
4040
33260
42666
14852
23295
12972
3034
34686
10666
5467
5290
2363
37718
9011
907
30495
32120
2810
10994
2381
13058
1571
6663
16599
16674
17997
2355
2458
30610
1798
10442
5731
13854
4253
17021
4030
1307
31980
21902
40126
10890
12036
18195
3229
15306
14432
27651
235
18759
27510
12850
18922
27236
7047
7302
4425
30962
43909
40194
234
1763
27746
4295
3457
17204
47538
5089
203
11540
19469
29996
31393
26101
33662
6811
4086
31094
346
17731
1282
21477
4166
3974
27803
18968
1512
3629
4711
8618
15043
5580
184
21615
5392
2943
3481
46287
10109
1770
20165
502
15444
917
30488
4651
6252
11597
4080
14629
51992
34507
1927
2670
5277
12599
14147
15292
6487
14821
411
4693
4619
42418
5990
9727
35883
26414
308
25590
8158
6485
5920
805
7268
566
177
8669
1191
31356
228
5231
29069
12100
7690
3234
45512
52521
11596
11842
11839
13736
2972
22980
263
3978
6656
3213
17370
6604
4577
12863
14718
8659
19688
6664
2816
2855
26101
6736
3726
1940
3298
1087
4917
1820
28696
6710
18845
442
6567
10808
2920
13138
21446
30885
43137
28551
51574
31395
29126
11052
36437
489
11944
14682
9903
23121
31604
5845
4216
34804
25017
8958
8679
83
6318
2065
25372
4406
11212
10011
1829
666
22352
12978
416
3816
7139
1117
10304
16314
1354
2527
4083
35336
1979
10630
37960
8350
7726
2920
10096
5087
13939
5235
2226
8649
5
1728
3943
5626
47549
1910
16936
1071
6795
875
136
17405
3288
5713
5095
8644
1875
2505
44441
15217
933
5828
785
39675
19207
14782
19707
14011
24761
49107
39123
4918
22789
3878
678
38840
20913
12477
18695
87
14844
10961
2166
4538
13156
5030
5790
15922
42939
2136
5958
31106
11710
26259
5341
14018
599
15734
20659
3070
11237
3907
9721
4045
5638
2679
1338
39914
1325
4127
5349
12423
14075
8518
1007
7355
18545
2273
3375
7295
19925
2409
5738
16115
5145
5824
7081
29824
25556
439
22757
22477
35190
13261
5927
11858
5047
8825
25802
32360
44183
532
14567
627
190
488
11273
15837
12675
5237
1771
2730
19784
7762
941
6945
24256
20776
12253
32979
9257
21304
3250
27060
4015
13944
3588
4758
18915
11353
4966
5128
13400
12539
519
30092
2844
34009
39
18920
26455
33199
45401
5891
263
5698
1256
21986
1356
1481
31090
19252
1271
6535
7637
17518
25337
18763
3007
15194
3477
2147
27374
14487
30514
2128
13203
2868
33765
1034
7448
31057
15521
10354
17616
5283
20330
5266
7979
5868
12959
15829
16218
21687
8393
2759
23314
49
3189
23122
2315
21090
10291
11799
2378
1852
18371
14051
7857
25759
2909
15977
14970
26230
3085
95
16424
8219
2823
7751
3864
6962
11792
24817
5612
8878
2802
1419
31621
41957
3720
27923
90
1247
2
5127
16178
13455
1268
32874
3851
20923
11936
9664
10252
262
28570
9537
43508
1143
10037
21427
26065
2392
50842
17198
20252
7529
3635
20506
2474
407
14096
29926
4737
3151
14583
11604
7896
5791
3504
1643
36799
7670
29584
35672
17440
39420
6889
30509
17075
41620
6343
36601
8038
12013
23426
563
8915
41726
3094
1349
23404
9574
1847
17436
3482
6754
14214
40308
11709
17692
12576
13556
18193
30276
34512
37888
31111
11783
3704
3169
3872
4013
25363
5368
1859
9532
18358
14285
10293
12356
3902
9783
2388
1163
17875
12593
5753
333
42431
11217
13151
15335
9790
1275
6953
18109
7354
12354
2012
7122
16780
1566
23577
29091
13596
30153
7826
9471
13989
2256
1474
47573
1650
5203
8039
364
16833
21935
1415
19572
49783
37471
34041
27671
11595
18169
14343
15253
8979
2502
3957
4496
15985
8635
3930
983
34754
16192
13287
1904
11708
19230
27282
38875
11072
2236
1171
14061
14832
5724
148
6006
2385
34591
1453
30061
27798
1332
44868
5837
13032
13354
5343
931
26913
20897
866
20235
4720
17728
1044
23784
8529
24219
26711
14884
3644
5792
18222
5405
18277
6930
9688
32263
1679
2086
13376
10191
24491
4272
1709
3684
2505
13747
40644
7321
5596
2929
15134
19336
41926
12011
4451
6309
842
27156
32075
2022
13577
2408
4135
650
24400
10157
1502
29651
13845
22484
18557
29124
18304
31976
3498
11696
19261
6367
23516
5955
24285
4045
7585
9232
224
2429
11163
5139
24466
24988
15207
27345
31252
24896
17659
39998
28788
274
3631
4457
23721
4270
3706
21955
4808
46124
2915
10512
12666
5830
1121
16251
19919
10782
542
31795
1267
353
28608
36829
15369
16773
36
2057
46179
19139
32262
29187
26159
23194
8487
10023
14323
25659
8078
7318
1713
1122
1083
24310
5546
16761
24939
22285
704
16283
14829
25900
2025
10314
16273
4194
917
27878
2611
2601
40111
39442
5869
5165
6924
800
6351
31363
15883
23797
10774
5252
3969
2423
1047
605
192
7223
8515
32974
25271
8896
8567
8424
3340
457
1277
786
2296
4573
1886
1644
17084
920
18808
6164
4962
40244
44006
24288
40160
3413
12704
49
33201
493
43390
5066
17624
2024
39849
18080
39794
822
7688
34685
24151
35290
24336
11457
21101
19586
1148
9413
8653
36439
13247
2362
279
1541
7015
6148
3730
16832
4812
14233
46269
26363
17035
12440
14083
35378
2068
39634
5127
5284
159
1539
9569
1367
30968
5009
7657
16584
387
1518
10357
14562
24604
45226
45415
36879
27967
5647
11180
6116
15052
25018
10411
5776
39351
26502
19544
6476
4526
34754
27472
11958
30476
6286
30319
23222
29621
25225
3133
37519
10825
22636
21240
27311
5546
6775
6988
7399
19071
3927
2166
6318
7465
16961
8507
928
19560
20293
44640
16300
6483
13742
8100
565
2121
3552
4838
15841
1281
6709
502
6643
736
14896
2529
645
32902
333
3228
28814
33063
43569
7340
22949
8644
2129
21966
14529
12703
5835
28476
686
10716
20076
5147
29405
8883
48295
19883
16404
26836
4778
4099
1657
1685
30429
6242
1410
32179
23532
23643
9469
18337
12410
2407
51017
2671
6905
44303
7934
17840
34493
22678
26507
33468
22691
11905
19309
7123
50508
2544
1141
3171
939
14358
22449
262
5822
14349
9510
11717
36501
29199
11176
296
27204
13414
46117
31960
3643
9234
8370
8535
18191
29765
14153
27198
1929
28420
3271
16093
18558
7288
19921
11987
7309
602
26470
2166
12520
47550
11288
37448
27499
11897
5587
13755
318
4344
16652
22138
17702
18879
4491
26791
21169
27207
3765
7447
7867
337
585
21540
24705
8169
6695
32639
27576
34113
18000
40413
34502
3660
15762
21556
8331
2583
20440
2175
4737
16117
540
12756
36501
8753
7204
19078
37669
22754
36153
5209
14466
40435
4733
36893
11475
12925
2584
16464
33298
17576
2357
1063
34034
88
9067
14850
20856
29307
4022
48021
20192
5933
16894
28330
25611
24942
15024
3315
3020
2179
3548
20862
2457
1097
17127
3066
26079
9206
14849
25173
15822
2777
11532
5415
24547
17901
780
24883
25038
20567
694
20858
6872
13609
3832
6028
13264
119
144
18054
3369
1901
6120
839
4259
34192
47922
17319
34219
28029
11107
12271
261
8108
7153
228
16360
3662
16393
50574
17701
21156
199
4519
21898
1815
1097
13206
30706
1412
816
10876
1235
1106
36590
1541
1911
5900
3518
8830
12284
508
5618
27753
5677
14919
2935
3977
11824
11027
306
1735
19223
10336
7018
22156
4359
14714
31782
22085
296
3060
8337
31872
7769
4762
3940
20612
3393
1604
28152
32910
34961
18363
15233
10597
15685
3106
8981
6172
8955
6644
4732
42102
22289
5165
24046
9229
28310
26626
5140
24775
6628
3072
36302
33417
703
42970
28960
7358
14090
3657
20527
14752
3088
489
538
7562
7423
13332
4181
3444
9141
25479
8597
15153
27618
1244
3807
15620
147
2517
15377
48124
28647
21069
516
34421
22806
1612
5975
1045
9130
2581
484
6146
26047
26446
3392
25261
227
8222
17944
18185
27813
11538
1854
16957
1173
9281
23363
29447
11189
23923
252
1094
6313
14357
14411
24855
1221
12802
5919
27124
35913
6197
5041
10613
8320
887
10452
3815
46095
4713
43634
29812
3224
4816
5831
35250
3235
4259
18455
6528
10606
1096
21532
23777
6007
168
4947
24382
23135
4014
4969
21545
139
11772
8576
5495
28376
825
11937
14617
896
3097
9952
16161
679
24930
36506
14767
4429
70
1490
17811
7101
1888
11003
38093
25293
1994
2253
12618
9695
4122
3984
15541
12660
22521
12046
4129
32852
17683
5521
4315
21993
38044
36
217
25160
24943
17114
1386
14589
13964
7422
18427
10824
6264
1332
39751
29792
35573
12108
5987
2821
5091
4000
5130
7741
17439
47178
1122
884
8211
3400
1429
19108
7297
9432
1421
1340
5441
3605
14960
32059
5342
13858
15781
12163
25391
21470
7144
2808
6432
6672
1600
8983
13645
2660
5206
12481
33967
13015
33904
17226
5074
910
12878
296
13197
14637
484
27275
42742
2497
16844
8845
3936
215
13361
908
8449
27080
18640
909
6397
30769
27101
784
22829
826
2737
11699
14642
23114
15863
13766
16420
360
1535
39740
16154
13110
8556
8296
21256
9042
28122
1561
16456
9704
5965
28525
6492
11685
5947
18122
43744
32755
53716
300
34060
13639
10893
5428
27962
13490
40083
7477
11882
15697
10083
5687
18254
10456
8980
7485
17789
4127
26653
14392
324
16046
15266
20305
3289
5370
1965
24277
21720
26272
16184
1380
42844
5231
11671
10989
26661
4831
47847
12593
14215
10782
17505
3390
541
33599
939
11029
4514
15961
658
14482
4816
2192
33075
21741
7107
9443
2907
21827
8967
532
30881
7197
14325
285
3247
8581
27940
12633
38341
1573
6661
26270
40125
20143
10209
813
919
8474
2240
34273
50157
24954
328
29976
21485
32400
13455
648
1701
1991
24960
9208
14630
31821
7483
10268
16677
9586
1459
2422
29028
16098
31446
21320
2357
758
21021
5907
52
123
21484
11594
18965
42740
2426
16776
10734
15038
34320
4769
20248
34001
4336
988
10570
13205
2090
26206
4643
28382
8840
7843
1143
32255
13060
3324
8872
15580
11908
4390
28567
8951
14756
9778
38106
1737
21068
320
2615
21568
16399
14638
25963
1478
206
359
26113
19286
525
2076
17312
22240
6562
7053
5148
11933
4750
1665
5978
25164
29866
10841
49804
12750
15104
5648
21859
3940
36701
24986
15393
1786
11442
39051
48551
12890
18317
1934
33731
21567
7222
21169
20594
35776
11279
6587
18914
2915
1237
7760
9218
10099
2578
33891
15163
18560
5684
4387
2844
11615
29897
13108
17915
10780
3819
33679
8419
10274
2085
276
2736
27525
4370
2078
26909
2960
37427
32844
11426
4547
2441
3037
26968
30445
3467
605
6809
11156
32073
14927
16863
17088
6767
12883
12364
31789
19001
16441
1570
22569
5914
797
33677
5497
29879
2546
36406
28756
10974
1160
3044
3062
716
21564
33295
1265
2896
11655
7168
16062
12292
39261
8333
1228
11032
16309
22179
13879
34452
21255
16544
5857
16442
43525
17667
6057
2416
15859
16137
4716
39261
16152
32403
2926
7285
602
18056
8427
38131
30120
23173
220
2421
8909
12485
36267
10598
29808
31662
3893
5542
3588
4407
35966
3179
26622
3851
8226
6130
21125
24895
11443
8132
3136
6429
2426
24723
28720
1632
57
18912
6278
38164
4259
27306
831
34834
25197
26998
9135
8238
2288
22519
10577
31970
3417
17380
23180
7252
16218
7168
2
17256
2203
16364
6533
39056
6712
1229
800
9498
3654
30549
22554
3420
34188
12789
37688
34872
1285
34282
15872
31358
21804
3191
10981
24858
29762
18458
55
19130
16885
6020
29510
1994
3719
505
25765
3670
20342
24313
15975
15394
1644
566
3312
3360
3878
29681
516
3907
46785
1960
12886
1942
1002
2888
20980
4834
612
2138
4051
18563
10794
3022
3779
1104
22610
2328
7382
42443
10891
28586
2176
17455
2539
5371
2766
14857
310
1651
346
30728
3204
18775
13030
11713
17200
10797
2865
15331
42806
33653
18470
41045
44261
18157
6296
9541
33049
9135
9893
16819
4321
4471
44
16006
7100
27307
22028
1500
22556
8677
37527
14517
17592
6588
1361
19625
690
29721
25813
19118
21975
4200
26644
13113
29990
6356
11931
18351
2986
27182
5100
4000
2067
4928
9622
16353
363
11703
2677
628
13602
6271
27924
39280
21272
2028
39787
518
8978
22770
495
449
6525
78
3781
3381
1204
38858
1225
16342
1061
5505
1127
21599
35009
6063
20852
5702
21275
30898
12111
16677
6284
1458
1974
34569
30257
31833
2120
10110
28500
4187
8197
11768
59
24048
14628
18042
4948
844
4274
47930
3034
11481
4670
16447
759
13731
30326
7929
16632
193
16491
35580
24912
3012
27020
1977
16257
10837
10945
11355
12541
15633
2459
201
17038
17330
31212
45123
38376
30924
676
1164
14338
14644
35732
85
15448
23493
32469
974
59
5347
37186
17261
13897
2897
1091
23040
1796
3016
25557
30269
7538
30911
389
6862
44827
6375
24414
19398
9696
3837
14964
33832
464
14814
22605
10055
49306
1450
27981
3012
72
567
7057
13913
2115
36369
11950
4375
26822
13200
2484
5938
8458
32783
8190
6353
384
19221
3255
11871
1106
5589
1957
2429
14809
20611
10193
19980
38377
24807
38313
23337
6515
31614
853
48179
255
1703
3368
47096
41468
21634
7999
6228
15251
20641
18132
42637
5089
3681
16252
17556
4781
213
23730
5727
7740
483
12963
674
11091
15796
1895
35863
7315
16545
1086
15467
981
25369
34012
20855
138
9117
10998
49490
604
17092
28208
8941
26733
6568
32322
5531
27700
43445
15217
1094
30757
42115
11379
10481
24930
7935
7570
18372
5462
3707
49608
2265
20719
25966
30632
3838
4964
41017
20356
24188
35675
19583
33871
12940
2710
8890
10340
657
15300
8074
5219
46210
9136
3494
34903
9444
12003
7474
35384
4641
6454
16364
9580
13741
22853
9696
26577
25446
3848
517
8138
2362
1244
3836
26530
27801
16518
2087
17521
490
19728
27557
9458
307
1922
10471
18430
16011
22844
12767
4183
10021
3046
233
39416
15506
7723
28338
8523
11878
6106
1237
51493
16090
11031
33970
12235
32789
20394
241
17417
26835
1260
1272
16799
1578
8007
1617
16175
24423
679
247
1247
12263
3377
3453
40262
1043
3329
893
8875
6708
9002
29079
2472
80
13064
12389
39876
4538
2155
6996
2231
2248
18771
12420
12905
14851
6055
39697
25236
32090
20196
49034
7253
28318
1259
27208
19782
22850
15735
17932
507
27513
43630
8821
36100
32750
9714
26198
17199
24979
489
30011
802
29435
13435
18427
45653
22253
19383
8859
12086
5317
21742
20580
6260
1487
1450
7076
24989
6482
30072
1896
2486
26324
21338
32991
725
22535
433
15104
18663
15420
8162
29157
5470
8268
8995
7265
13464
6381
6705
506
5309
5449
9173
5248
16547
14951
14176
1592
2033
19744
12750
1886
8831
19642
9205
180
17162
3226
127
8657
7976
10254
11868
21897
41022
7697
155
397
36527
1855
14921
8737
18918
929
15127
12887
4895
5317
2125
5667
926
4312
6220
16730
35260
5081
2178
9500
32274
27561
3444
7583
14994
331
12310
4473
384
13311
32596
23927
33283
15563
31675
25219
5038
6273
10274
1079
5432
3134
23151
2056
9270
666
1866
911
2884
16508
36451
2636
3187
12597
4709
22191
2248
2732
21333
30802
14850
31237
1706
25287
396
10
13695
12256
16227
6809
3557
5052
9510
5424
11516
28490
2827
2118
21953
3466
23026
26389
14516
8690
7004
35646
4437
23981
44862
5195
1846
28056
17804
7643
11197
9909
20572
3799
379
5658
15513
9648
17271
5543
38810
5774
2471
30972
25829
11764
4782
12387
35326
10262
6690
2161
1307
1144
32981
4997
28422
15697
5097
10155
2973
19386
5049
871
122
6444
1347
43169
15014
2730
12
30949
32502
1908
14401
759
5730
1900
3280
11695
11373
10252
3865
54749
11684
2589
6904
38115
29357
5
3783
19046
45902
1020
2357
17366
5686
22392
9597
12118
19806
9179
1800
36601
21206
1745
10106
1480
29300
18212
396
34899
27756
42600
1271
24280
15077
10255
13719
2198
24205
30308
20428
26127
21243
11538
9435
19462
6181
25550
40648
45289
10171
4190
28847
26071
1629
24538
22107
39890
507
4295
10813
28861
20434
8349
6126
2356
5825
2799
33512
1100
13803
23818
2707
7658
1301
46500
45890
27809
44684
8175
4925
299
7270
15319
130
665
3246
582
2581
5561
11697
11350
9479
2521
8506
7218
5874
35270
2302
7272
3596
32856
6987
2423
9849
7463
4378
12189
19436
1575
22835
2846
4294
11191
365
3915
13446
12361
3569
7015
1361
6188
9657
14277
2919
23123
7928
20546
35188
37389
20496
19649
15144
5280
17707
42864
1262
4151
4687
12277
2947
36829
28586
2209
16210
12214
21996
41210
8641
33483
11644
31407
19761
2413
1739
12462
36129
21089
19292
12972
1526
7171
10982
25283
29658
19068
9338
16046
2490
5788
38774
34343
20648
22724
9216
19531
2468
927
334
36398
31732
17759
1335
1259
1219
4064
528
4256
36675
1418
15558
18382
42181
29460
15960
12494
22816
6981
13109
24224
5340
3763
7972
2272
11229
10799
20139
8501
1544
19301
20978
22102
30052
1291
18391
2890
31726
32756
30224
6413
4181
1061
5326
3987
6038
11320
6576
18855
16113
67
31683
21032
10402
11074
7172
36847
10126
77
5388
17998
1107
1298
9075
32526
17274
11743
5239
3764
1190
14927
36
14578
11282
38
16448
20614
14094
173
380
16675
34420
9644
14500
2199
16069
1626
10938
35426
11034
12361
12534
817
3338
4172
2441
8776
22275
17447
4811
30326
19593
24296
38956
6447
5518
32239
15668
1863
9110
19211
2803
2291
671
8367
8377
24771
4681
1758
1292
3886
23150
9268
29077
6676
2425
10155
1039
2742
48451
15296
9882
4453
49401
8026
10696
22974
18216
13307
11813
11986
16873
24596
23045
33245
1786
24933
26624
3919
3469
2627
2968
29136
43303
22609
4718
12705
9764
3874
47807
5451
41343
1033
30619
39545
17412
10636
18673
6694
35208
1122
13554
4762
286
25396
33899
8243
8187
28695
14533
28318
26925
1166
1950
3337
27815
13270
29149
8556
1353
7139
6393
35341
16629
7053
25091
15717
9247
6860
9685
5349
2381
1475
3898
21111
5243
29556
177
3966
23949
21923
7243
5734
1925
28942
6773
27088
25453
501
2343
1797
8122
7256
16051
24396
10488
4792
5352
29896
9533
9685
3453
7369
21610
10283
5298
12258
10522
5795
343
2375
18524
2409
737
28241
12879
11848
10240
26596
371
124
834
17201
35172
8477
32517
2078
3068
40581
17109
18541
9687
9073
17641
151
24744
7559
501
50316
20594
687
3400
28844
133
46801
20637
21487
1429
47438
1498
1063
695
13497
5501
1590
5884
30203
4287
17076
29287
549
13889
20531
25282
1391
22961
6168
9178
17051
2800
4843
29548
24329
25561
1957
4337
23389
17366
435
5012
37663
605
19083
26817
39621
1889
14534
6667
1150
2514
15774
43585
1030
31495
157
308
8459
6066
12772
13780
32002
14985
106
15839
18633
12158
1431
4272
16630
18837
4218
1759
1213
39660
8024
22015
25646
23155
5483
13508
1573
27550
27365
2432
10592
145
7506
1849
29885
2814
9175
541
8527
38068
33705
42498
18105
24833
1536
5852
15510
12159
1963
2065
34629
9684
14731
28097
7607
8327
2435
9479
870
39295
8058
5503
14230
2695
15451
5625
18799
874
9026
21297
1235
3558
52789
6095
12323
25653
2856
325
2842
970
781
1146
25417
22571
34056
5976
1214
5552
22463
21375
4088
2197
10501
38121
37303
7019
48755
19974
12658
13686
9145
28113
22239
8913
8134
8660
934
3131
171
647
27552
6129
8833
12635
7493
3773
10884
1269
1915
1546
8518
40338
26226
2950
9092
14294
2722
2737
34064
2851
2435
3
9501
3437
2905
20058
39972
38205
5647
93
26197
363
16907
1889
10669
978
9760
37490
35949
1869
266
1471
3916
14039
980
13706
32417
11062
14387
82
22725
11802
26601
3112
14539
35975
20998
11333
11213
6763
1644
14461
5468
8367
710
7747
21656
2893
13353
4408
374
1420
44607
25406
6154
17418
37589
18376
26606
16370
2146
6573
30778
931
23585
7630
22712
1633
21193
1478
13343
26761
10469
1440
10146
9142
11945
12038
2359
33129
9196
7735
10301
475
10646
13163
30308
21828
28945
22749
19860
8626
11484
30216
28836
17596
31998
7272
6577
12242
7022
3461
4553
31009
27831
18049
36286
907
21020
29619
35900
9176
9607
15246
41444
1579
1122
17145
5898
1623
31863
7172
41416
14984
6099
34101
6824
11252
2497
10786
10680
13019
11548
5348
29707
21743
12093
35458
5861
4811
11957
7936
27681
2159
1569
29824
9180
15552
7898
10838
19192
332
2334
17211
16672
23123
11365
33660
19982
13979
12498
13161
38665
17903
21348
31590
13623
2625
485
24826
4638
18104
2558
6742
47497
19295
34285
31789
12492
42448
836
5572
14466
19333
3700
8635
33303
2372
1132
4069
5114
1746
1851
25
10727
57
23017
2205
7890
10797
5034
4766
21135
5877
15228
17579
163
31712
15425
33524
9118
16991
26339
1415
702
32053
20398
5471
2683
23220
13854
18021
5592
10949
11946
13701
15008
26812
545
488
14001
22752
28694
1715
3138
7782
2868
761
11107
4479
1026
24921
6906
16871
18379
6958
26420
18764
1877
2794
783
39723
474
21502
2194
17894
29655
20367
1105
4086
3497
12
38354
17678
53
16559
7076
1723
13017
15484
337
167
2830
1093
20067
15509
9376
3935
10410
24985
4975
27275
6989
5743
22525
14519
7688
6071
16005
24676
33142
843
41890
17919
29592
20772
41973
300
5986
2331
6419
5602
1901
5842
17072
7225
26642
14014
16088
38627
14482
43162
2075
541
8173
1101
34534
462
1379
6070
5683
14015
27292
14637
6309
14515
14554
32647
29912
6290
37948
9006
22517
2745
20490
7806
3518
24354
1188
13816
21570
8151
13177
3706
6630
2285
527
2479
11209
17850
14871
6508
6684
3835
6411
9485
34599
9256
7409
2416
1893
13069
7320
31102
25960
1676
2965
27015
2466
1771
5980
30076
4827
5155
6105
2077
43964
15368
6776
14324
41503
22187
3981
1269
7565
27442
5322
5996
13891
10224
12952
10679
1526
32176
2821
5667
13147
33715
1157
13275
12600
9067
7425
12138
8808
19152
7745
13605
2482
6760
605
9060
27586
27438
6044
7477
21310
6359
10022
832
12547
12114
5963
2077
6832
7879
19796
27891
20302
15684
2820
10734
12274
10015
5515
27639
14958
24573
30337
25592
22565
8451
909
31636
1250
34091
38468
36575
15688
8694
15956
17373
29000
444
2443
29387
31022
4063
26121
34041
4631
660
24892
11265
48423
1339
21270
20725
11721
5592
4921
9145
734
6819
15369
2362
1164
18
21410
481
34549
10182
11447
6706
29590
21662
23803
824
7436
10672
33392
285
38363
35780
13635
3277
2811
16689
2810
10124
11774
20280
4684
5087
4136
17374
29874
11866
12031
8826
44675
1135
8818
17642
43265
2904
7031
1626
6413
16770
27975
5275
815
868
8140
5588
44304
22091
22380
5137
41542
27381
6080
14549
7514
9292
2159
1448
195
5200
26671
3556
27029
21436
16784
3514
37055
5621
20807
2482
3298
23950
1655
7954
2886
6520
17708
2346
2463
11335
28796
13527
3760
15519
1792
23954
40
9010
9966
23156
4706
14601
39977
361
3069
2766
14427
2697
38283
20519
104
2170
7606
5789
10772
724
1698
437
850
19070
31451
1847
17772
1714
18068
3737
2712
1726
38306
3000
2177
15722
7048
5220
13057
32238
33566
891
1131
38035
11753
18320
17238
19218
4965
676
31705
30088
8463
45956
535
4308
36532
5325
15934
1389
4546
8042
10355
13047
38993
6502
12879
4577
19963
1667
34729
17813
4709
25214
1208
31868
5482
12158
30477
466
12714
35574
20337
6029
37601
8162
24004
17316
2159
16602
2366
23458
734
998
5670
1858
11111
5786
8700
38272
2349
7635
27855
17201
8884
28841
1278
10804
7642
4259
8156
69
3112
6878
553
17323
36369
6440
5234
17925
6625
11733
13004
1120
14072
8422
30532
2445
35963
19859
3565
965
79
15311
43633
2379
513
16866
11008
11108
7978
18393
3474
334
5812
18714
1308
18431
5233
10
1509
7129
33858
1558
1944
1284
10739
2567
659
33624
8581
17953
20749
4817
20252
1989
10558
4663
2568
8483
44238
690
37257
9647
179
32542
16678
12798
6810
20256
5376
19086
18581
523
15776
9038
45221
20586
19736
4766
26092
25579
2934
12129
8673
2821
7288
3118
4116
12034
19804
28766
35704
13693
2623
12501
2130
14794
8413
31169
30852
16162
25504
2080
12142
3855
22672
20645
5637
6337
11387
1583
853
15712
323
2165
887
5293
12788
6573
8357
12309
29698
5370
2131
7768
5747
15768
10751
30157
9825
15645
2634
14746
34673
12372
55
4134
2092
11339
7298
1250
22155
3634
42235
46506
8334
30437
14707
1067
2470
3662
22575
18081
24827
10541
38549
4740
8839
35966
15256
10362
13685
31196
32409
22203
17295
793
24713
1233
21505
21101
35632
16406
4643
41484
43773
2230
51036
9803
2953
2245
11383
8415
8409
8760
16995
28480
10006
76
12612
216
30666
38566
14316
14275
510
23804
1276
23681
32197
9059
12057
8270
19582
19503
4745
270
14896
51996
35870
8282
6115
35275
32866
7316
2275
5665
1543
16107
28208
3737
23438
12297
6291
13942
10604
3373
3322
637
18135
14865
7703
19937
1868
17247
14490
4295
948
4609
11155
5430
368
3751
6305
26926
25434
160
27134
22256
2066
3884
313
21587
15577
3812
3690
1584
1550
4565
26116
3649
3429
28863
34385
3836
20233
25995
35276
489
26002
15312
3303
38660
413
11222
387
1354
1110
1247
21208
33947
9035
6112
40792
30538
13431
2071
7434
13681
11848
3327
27492
1299
17982
24161
6937
8670
15715
11968
829
28094
13524
9573
6024
2720
13349
10999
7648
39640
960
36329
31646
11911
5013
29727
29187
7768
32293
7306
13910
10486
24222
1103
735
44293
1848
2285
8519
26256
2154
2987
13291
10075
2538
28868
7817
4620
7797
30294
195
2993
5055
1895
14889
22490
5287
6405
14813
1613
1110
3772
616
2763
5301
2172
23460
11641
10219
22971
956
3544
441
1454
331
479
4867
32093
21078
13925
44376
23139
24526
4630
34577
14550
698
190
178
25221
2846
19000
1773
4302
10436
18977
39812
250
5299
4623
9127
393
14204
7033
11754
24889
23842
5886
20960
44
15810
6728
20609
3211
14379
28574
13803
256
259
3271
7240
26258
6028
9861
2013
16677
38842
21393
31243
13461
18943
5380
13112
1226
19100
4908
5956
1523
1
3747
5904
42429
46241
5169
487
5104
4750
28954
2225
2099
21001
38509
20563
9401
9788
639
42401
8828
15344
36169
10088
4266
9645
13079
29089
555
4261
3995
3497
3597
2205
7427
23497
44130
3965
3218
2165
3765
24085
3248
7777
8404
5106
17488
27266
14787
26209
2465
19440
12190
11858
3038
5050
5539
13106
28481
17002
16953
19775
10258
24090
6080
393
7294
20626
2255
29192
17565
11299
3726
17347
37570
12529
32807
15232
22
11871
3750
16566
30266
1003
15975
35239
285
18771
16381
2243
22298
10696
17083
20346
43848
3541
4849
11045
11219
32646
14838
11894
14226
29412
11569
638
21917
26916
11580
21854
9725
9820
896
5725
2663
18891
16635
9906
8824
12205
15723
18764
439
19
22866
2562
21546
7673
8217
44298
5641
21921
23400
12670
2796
13403
21148
9790
155
4014
8007
987
7870
9163
30998
2299
12657
13410
5224
33902
14977
7583
8691
1168
5041
14122
10641
21676
2045
41714
19766
769
1124
7029
4500
3931
10901
39946
29077
17662
1957
22340
12720
7769
2586
20969
42630
12941
17075
5907
168
40087
43649
42110
257
22660
27223
9708
13745
32734
12735
778
28718
3937
1567
28330
7521
25072
21323
348
5354
3610
14916
11501
2990
1371
9510
34971
1825
28464
28178
13691
14356
5521
7656
21073
48534
12042
42395
14222
3797
380
10811
3430
1184
925
48207
28373
8647
6775
30281
30908
14497
41306
16636
21580
4961
1411
1880
7887
4171
25162
31832
18428
20642
1149
10713
6267
9622
6982
21170
53
6427
24178
5046
17133
6174
10126
16864
22002
9482
44453
12108
1302
10736
7078
7309
1674
5645
2291
1064
50533
16349
7716
16454
22462
27025
51035
6841
18641
3882
3481
1637
10150
4854
4388
1155
1325
766
2698
13904
2190
32637
2653
26223
11683
3484
1402
23454
22452
9691
24948
21874
15679
8452
1144
1081
44281
1018
1330
14713
2452
20227
8162
42549
6697
1973
688
6197
3897
1467
21821
12962
13538
26759
28960
14371
20076
17198
32328
25414
22745
11854
3818
28001
21951
18532
11080
10794
28505
19804
29598
990
1035
41431
1450
4747
9378
969
4346
13541
148
30488
7375
4131
11296
199
5176
14623
9934
7257
3190
875
17185
6159
5383
23161
22523
21837
7408
1489
38448
14093
3540
12151
2362
857
9764
4315
11129
11015
11143
26177
46406
46118
2175
16847
288
3078
24741
27347
19046
654
19057
24851
10800
14872
10609
17132
7366
45977
19586
10551
21170
8455
7904
11234
3139
25535
36157
29382
1742
3952
255
26442
37171
5074
1395
1610
14279
42855
23569
4919
33172
24751
18916
2110
11541
18349
23907
2444
5195
15211
33387
4338
1024
15100
1886
38121
7633
4931
1169
17304
23445
4175
8097
3884
42385
21732
36363
13520
18503
14653
47312
8481
6484
1196
1545
26710
6132
3884
15188
19121
7917
11706
36971
47238
12852
3629
9460
21782
4456
14629
14726
1378
7362
6015
11837
8432
18330
12999
1059
10444
927
4603
18135
3210
5190
3247
10765
26798
7376
24311
8777
13357
21803
14776
18171
1203
1617
17063
2332
27511
33125
2803
13390
33631
41333
4295
400
3421
42284
21554
5283
32423
10289
28846
2723
2361
1106
9585
40774
7797
1485
209
38675
23576
27456
42956
47384
3623
8157
4981
4011
20661
31408
39909
24369
6543
8943
2739
4701
16669
10
3730
8430
19353
32023
37726
8788
15734
9600
3172
23788
11048
7836
24230
21842
10242
1979
11012
7501
28605
31766
22470
11081
41898
11897
19316
4960
11643
2839
12011
10723
1186
36263
9037
42904
4259
9141
358
4043
643
25510
16265
5064
22609
23964
18288
19133
5133
15017
43256
33950
16187
1669
46389
772
24111
4556
4035
7978
21274
24598
24411
26728
4356
6043
17917
5806
13761
30397
8645
39115
23986
22952
28522
21476
6817
45752
4005
27080
16835
9251
2156
15415
13443
5493
898
1912
24672
10557
3328
327
271
22036
6024
27482
10731
1498
13574
36281
4916
8191
31431
4465
13016
18279
2271
178
381
14922
640
14509
41151
7881
8095
15491
2295
18956
14330
1437
37987
647
17585
14610
726
8842
19051
14336
17689
29548
27210
1473
4099
1646
6451
5468
23234
6208
5163
769
20070
1619
9872
24075
207
47419
5742
17330
203
680
15983
16861
3542
41647
21476
35885
6016
5509
15069
6126
6071
8027
13735
11892
299
11033
36754
38475
2877
10714
1275
246
1196
17612
6928
29389
5671
4994
101
39826
41451
27838
20668
21160
7169
11225
11336
17634
40368
18258
24973
19537
40141
1262
79
8761
4356
2142
27678
1063
16653
16772
29561
7107
690
6533
1701
25381
8616
27825
10923
13084
3495
18978
6220
11335
3043
3313
27062
15673
24537
1208
907
32724
39015
2302
31133
286
6937
235
1349
3805
12274
5595
2149
28360
34045
3992
484
41407
17786
18448
951
14949
27293
18763
23003
30317
34571
5533
2161
663
15999
13446
5202
50689
45690
841
15917
4359
16798
23548
41521
19390
4679
271
1752
13907
11733
2128
10063
25148
33842
14244
5978
9689
88
31267
26042
1744
10218
7740
3763
11248
8555
4544
14379
35983
2361
40519
1457
36656
19991
40510
20914
17851
9251
13278
31950
29607
21597
11174
26713
17939
5052
13699
19421
14242
12935
7037
508
5551
7704
25112
6659
8888
19772
35676
18213
23305
2699
1561
6478
260
11273
36787
35083
28514
15032
9956
9369
35245
7875
27830
41506
3005
14524
13264
3851
7462
15002
861
14256
25500
10254
23539
10958
211
22757
6793
7079
32459
17751
20854
24233
10226
49309
10426
24313
11449
18455
130
369
44852
4433
9987
46623
1643
3767
27865
37374
23175
27723
9352
7547
3054
23184
12600
5555
31114
1222
6692
38707
23493
16466
12320
20621
18694
3117
2210
18072
8206
7569
10832
27060
12689
22966
3645
14608
1040
8402
20801
18333
14723
3249
192
6591
9790
13256
4508
1933
11471
15124
17047
44832
2265
3923
22615
345
131
4796
34019
10429
1249
4710
28650
37163
16490
15050
4606
4350
19155
9065
19184
8571
32597
7188
10838
12411
15042
3295
30759
8845
37183
8944
3200
9199
10393
7520
11142
40852
1930
7221
30975
3897
6199
16544
6711
19771
17298
8190
43193
70
12691
29285
3026
26861
6186
5747
4161
7642
28023
14238
856
636
26039
4466
837
32334
10148
11328
29493
5194
166
775
5319
17136
78
1711
9388
2071
3868
10332
3401
35184
26560
1096
8253
20898
20488
8049
2921
1165
646
24267
10139
3996
12333
2857
525
26555
28605
3283
17758
17548
11564
36373
9516
29412
2986
1522
12805
1127
4361
16170
13102
7179
6001
10515
28445
14250
8846
3183
4791
27222
10251
2323
6714
10919
8458
30198
20403
3030
423
40758
30898
22857
28057
7026
1146
27048
24274
11132
22803
30183
3842
21282
4815
1227
43614
5752
8105
968
22821
41699
40298
33224
13753
113
15538
5302
998
49737
491
1059
14285
21899
13490
14616
3088
15615
17840
2297
12022
17769
5163
27767
13197
1803
39051
5306
18680
44436
1103
31598
23728
23621
33609
279
11498
15543
17172
4170
2379
4150
16687
30357
18463
16793
14865
6386
12379
9789
207
9978
5523
331
4518
4964
3546
13668
4963
16314
7194
144
4930
7602
1774
6109
23973
39715
15097
4364
23298
2183
306
8783
18247
13840
5869
6207
152
4253
13755
11640
34167
7347
21985
8122
9975
8477
2728
30169
9795
12658
9717
2747
1957
11166
595
8106
4831
6218
23530
2077
988
27156
8598
16418
14020
7800
286
910
5602
49728
10896
24953
6391
8493
6431
1451
2266
24517
35576
1236
4438
1977
6418
15799
9156
32423
2538
10409
15098
24039
35149
33756
7950
2904
2147
16031
41984
8408
205
13061
17791
4376
190
16273
1741
847
31343
38991
22945
30928
1193
7201
40937
28860
2044
16233
1548
4478
18288
7930
37367
8791
21480
1814
38776
34374
33795
18759
2540
11576
27334
11198
2170
19478
4044
6390
29639
38519
3958
8032
450
16862
23600
27760
1583
18541
9093
37265
35176
3464
2894
28990
14584
4017
18038
1077
8667
16347
16829
1127
4599
11194
12673
755
2848
556
2731
1523
2992
1836
27163
8727
11880
2559
20347
736
1967
747
24868
42341
815
2203
4319
2731
16638
16630
3356
35642
16692
1224
29653
13897
1221
3709
8159
2502
5094
19197
20824
3821
12316
12626
17473
4465
25155
17830
11708
124
35295
14992
11094
6689
20812
12641
5293
8583
2585
1061
755
13639
3407
8968
34608
6103
14043
5550
17599
8322
2810
5185
3332
22787
708
3810
1470
17603
26275
2910
7773
25004
12511
15502
5996
15110
7500
8869
3826
13236
799
42670
3301
39860
9037
42520
1609
9611
15356
10789
2675
20635
15095
25339
11635
728
1981
2589
32547
4826
16941
9223
2054
14103
2440
33240
12733
806
2354
35622
36266
2833
7116
16218
438
11205
125
89
26077
3208
42546
17242
42581
18064
14398
10016
1014
13375
10129
19841
5545
3129
9583
11403
22282
33614
32943
3025
2567
18551
39292
3281
216
48819
12448
26584
20830
43060
15169
25412
45710
42323
28465
43418
2272
6285
42888
31718
10679
1480
3514
10977
6136
4443
24855
17352
34874
11746
22882
5828
20997
16942
41073
9731
3448
6360
8854
4236
427
45714
2044
24148
25103
12623
9769
35715
7010
7755
2527
19277
37402
792
5916
17651
166
18050
42262
2984
18735
36111
14634
10804
1608
20346
8448
10254
5273
8171
3714
7675
19845
31673
8053
5330
44366
372
12110
6032
4429
43196
987
20039
7776
510
18922
26366
41185
2541
40057
6725
16191
4357
10027
38190
1191
1374
7471
21583
3422
30276
19250
10733
3708
7093
12073
14657
10098
12730
12211
3411
10
670
20506
23753
35233
1389
22234
4835
34838
6537
6867
4482
6560
1893
15392
22443
4041
21107
23812
1559
43840
23643
1175
23750
24888
24744
21597
2300
250
19342
16922
1502
126
39717
28657
27060
8114
28163
1296
24559
1382
5819
29898
20298
27287
17262
181
23757
28131
40688
6994
1817
2605
173
22670
1349
308
5910
246
25813
29819
15203
777
10400
8538
17879
23834
15188
3756
17061
26381
7093
18820
20678
5298
13696
30373
20056
7192
451
23798
51373
5563
8782
31944
20925
4903
41875
12865
23404
14491
35552
4351
28928
16178
6505
8811
5304
8641
28668
38744
924
483
2768
566
5985
419
13011
916
8423
2588
10255
8732
9695
40106
21463
30202
16496
5336
4413
21907
14150
27490
3783
11778
2155
16044
7531
17108
15392
20423
38298
1961
10289
36889
13108
45873
34374
33891
630
22138
7788
527
3047
19782
194
9860
9227
978
22050
42252
15247
7652
8100
26362
4765
19732
14
23400
5439
34057
1553
11429
19046
16615
4697
25322
13249
1153
17157
3356
1928
33593
4952
14572
1305
47632
14626
11150
35489
5930
22047
19231
4578
3530
2600
1657
2088
8186
560
29218
28236
3714
3811
50050
2720
5519
4810
2101
8053
9922
5879
1366
30911
9882
996
2786
18755
14981
88
11295
3752
47002
2751
2124
2745
5659
20021
29776
39863
18141
3535
4900
18812
42664
6037
37602
39818
17803
331
13430
2878
161
367
6318
10435
7321
30717
38409
1337
2121
11280
1184
9896
20597
7110
9194
21296
1955
46605
20408
1690
12781
7217
461
29457
758
2389
12767
2972
2309
865
312
21727
31151
21159
271
5159
7107
3245
39537
4286
1385
5884
3218
90
9430
12087
9446
6166
1497
1564
49635
20728
5561
16816
22471
43893
2374
2356
2477
12853
5233
7132
4843
35098
550
8837
2512
9884
2698
1485
44434
16899
46696
15836
12155
10681
1781
14470
908
4377
4066
9373
18384
1911
4749
38426
11516
11
3494
18201
29672
3460
17302
8063
12425
41939
3744
3915
3385
30556
17728
43273
9086
18196
20110
28827
9063
18006
8621
20994
695
946
11900
33867
2788
19982
1080
68
3236
3
16556
17044
10914
1957
31155
23895
6386
36825
14038
17708
28347
2262
18037
6818
13605
26982
24242
16869
2190
27392
32458
7433
4338
23352
45436
9760
1242
25055
30651
11408
20139
2874
16096
813
633
23061
11490
49156
24293
9968
15787
19918
2421
11779
6149
22583
25844
1857
13031
36062
30297
5805
30088
3516
72
12581
22303
33898
8820
16979
45624
9528
982
7540
34
5615
11140
4493
33580
26124
20408
7506
39774
6690
30461
1184
20651
1571
19440
28321
16884
37573
18581
12673
10517
20467
6102
13051
9408
5
23832
10592
5012
46066
18594
42868
2560
11262
5311
17867
8380
31025
28064
3064
8829
15202
5316
29069
20391
236
834
1142
42433
21556
10097
9346
6451
9673
5447
13340
12
2196
1892
6679
25043
2980
21787
34806
14912
14529
7460
914
7577
13976
1500
64
15392
11001
7302
346
2860
12059
20871
4404
1750
6902
4004
22825
46004
42619
8370
5335
13502
5110
1992
33011
8704
98
14511
9173
1782
23871
8863
23191
37043
27286
6772
85
18537
2695
5963
759
49667
17841
41277
28945
5362
10320
8044
3749
18710
7169
10977
2099
6921
14150
1664
1390
2730
18659
1946
1765
6174
39360
12835
7113
1254
458
3788
1858
5977
9305
9817
27657
22394
11099
416
1776
6210
10886
9034
17527
21646
787
10818
1191
20380
3605
5979
7022
2201
4734
7310
14730
8411
4019
31026
8567
19128
24865
26668
6479
18090
5581
12216
296
2759
12179
3333
15370
9824
68
2753
687
10057
1843
9091
33553
24654
17814
5951
12806
988
13267
9532
8199
16410
19255
28729
30177
10990
962
24333
10086
10157
9835
996
6146
9272
12129
16043
27841
20266
31875
2832
19320
14819
12627
22693
11113
832
16702
29953
653
3932
15429
29899
39046
30273
55
13774
14678
699
20818
44048
6843
31265
1021
36326
3346
45435
38354
6803
541
697
28067
5088
9576
5516
11789
17528
11143
13790
5496
36221
25623
5615
423
39075
6559
10657
26949
32172
10313
19613
4485
46928
862
13399
30738
21467
37268
15757
4925
8731
8309
3538
7529
26570
649
10508
41788
22758
1498
4925
38785
17439
7285
12403
2304
23510
10
1728
823
4521
6366
14655
7716
1484
38353
23455
6150
6316
20628
3205
16095
999
11878
2761
10275
12762
34291
4696
8830
23462
8026
13165
44851
4127
17071
70
23984
35447
1167
4024
31467
7855
19022
1960
12107
4823
5774
23560
12388
8864
351
29588
4154
880
6846
7828
2886
1763
7981
32767
2834
19552
4562
12225
14027
37140
2113
3907
18090
11027
11362
9332
17041
1405
6188
12612
13853
13486
20961
10334
29991
22125
7389
7325
33332
10143
22515
6149
25199
11055
7643
4962
18144
15019
41
6058
2534
2411
36101
2699
2453
445
1723
4291
12055
17475
11663
1879
33938
16873
2972
818
19870
9924
62
24691
16893
16267
6944
716
28060
32299
4052
4510
5220
14507
29721
3030
4798
11592
7675
1275
12161
682
2937
39756
8348
727
11814
5166
399
4873
38944
12364
10850
8256
16626
31328
3433
10716
30496
10145
40416
19800
18536
19845
7629
3980
3576
8279
11728
50925
3213
40095
15664
1826
11404
5330
3289
6444
2528
4698
11048
23968
31137
34658
7114
33188
980
10899
12593
9197
11458
365
23063
11538
7976
12610
10034
23802
8791
8972
2587
1147
517
33505
1346
7894
723
2207
921
4203
4706
13967
33321
701
6625
16991
43000
6080
13147
34488
1220
15428
274
21211
435
12728
3860
38379
1600
18195
21646
8357
25804
831
27854
595
1679
1005
36547
1435
15072
22852
7471
33715
6267
10906
11398
4359
35048
43051
38559
2637
35014
10669
9307
27500
44781
5226
2632
20981
1576
4053
2273
1681
10073
465
27941
5695
2806
28651
27722
5133
2667
39318
30667
1859
10799
10997
14738
2287
9456
4237
5819
20110
38702
5031
9194
25727
566
6481
5226
6547
2506
20238
30646
6609
23809
12638
1088
41005
21707
16183
9357
7094
13723
17687
4069
7
3200
805
49964
13391
43
26200
11335
265
16263
48412
2525
24705
18637
11872
33749
464
6088
28071
48847
7097
5565
5678
28178
15317
812
24584
19675
2682
569
18410
38354
3701
7175
28789
42534
21506
1332
33538
1543
22468
4250
1125
1813
8835
10452
42472
12521
8849
2730
24889
5066
1441
2637
251
3721
35657
26987
18131
4054
3158
25336
1147
15085
1977
23702
6519
19674
12102
18521
6959
2744
18042
34061
25508
43746
9769
3118
20572
628
12419
8331
16534
42366
47666
1072
12784
8156
13804
14173
1691
131
13730
5687
19675
3780
182
36804
22474
31933
4713
9057
32235
10497
10777
4185
20522
10528
602
31378
9452
5906
158
31501
33367
1432
1954
2265
27308
1608
6177
33426
2501
39253
31458
22118
15869
14531
19776
4504
16908
7594
46643
36454
13355
22465
7488
15656
18671
5695
1394
5193
1070
4470
184
927
6656
20943
144
1383
34665
22159
41983
3131
34369
1497
14599
1510
8156
206
3668
5550
11853
6797
1165
8634
4350
23258
6318
9013
5529
10558
7151
2934
9720
2391
8465
36431
23469
44031
4013
1796
1390
12372
8319
7267
5648
34117
24444
20429
2368
1533
2976
7928
1916
74
10916
2314
1623
2666
4120
35199
8574
4464
12087
25406
5420
24754
27310
470
42693
22797
2905
32639
30498
380
14958
2173
26102
42
40226
6805
17105
23618
14129
3844
11903
5118
24428
4328
7065
2082
22503
2291
33977
7708
8312
940
21273
27310
8639
24231
39122
14704
9011
42
1915
20250
25200
6969
23807
5427
3018
34960
7451
10333
2020
35755
3734
6082
920
2004
3762
9773
100
8225
11370
10480
42871
11315
22694
32913
18
3950
889
16984
3356
1857
14400
11836
9218
1046
16572
13215
3134
24186
32004
21131
18214
995
7779
3238
13181
641
10156
18701
14004
6964
1033
16433
30356
6099
7526
2205
17304
7339
320
11054
8757
8072
1
210
4150
52984
970
20246
29254
17330
4548
4652
49299
2770
216
32292
761
16746
20438
6320
7473
6294
7921
11803
4509
40118
17921
29658
4763
9387
19479
361
21127
2910
23584
11866
1165
58
3405
4653
6094
4734
8935
6070
15546
44628
33189
16915
17001
105
49462
906
12108
43375
5494
1155
11031
3550
23859
16511
9437
52741
7705
18267
27199
12350
1910
16494
15168
21036
8609
19137
16569
29303
735
43902
9511
29773
11015
29734
27675
353
20661
33134
25417
7652
31116
276
1763
3070
19738
32234
27816
11843
33074
8946
6903
10179
40514
21333
5990
1322
638
30015
35730
2267
45424
29968
10828
9046
34339
7641
4219
39343
4064
31481
38499
10314
22689
6274
26770
5862
3036
14566
27163
31561
11876
3175
14119
3991
46799
9926
11479
2672
15638
15558
965
14682
4127
16564
9631
9653
19375
7419
9083
11715
5261
3128
9470
1195
23799
28056
4351
30591
13644
31149
9233
14931
29416
6911
441
3675
6861
22124
4150
3023
39225
505
27629
9937
13400
27186
29031
40248
480
6606
11276
41153
26569
769
4060
32001
8654
7752
6412
143
32768
34114
755
12210
33226
45242
2973
30480
39831
19170
4454
14779
6097
7214
922
32980
17744
10643
10568
26625
22492
38
9434
4678
16005
14328
1829
2395
14818
590
5271
39137
19139
37597
5018
41284
12502
23855
3441
2918
11341
2434
574
1041
47873
27460
24496
24814
40990
15779
15394
10940
8911
27617
114
25432
29636
313
1208
8567
44170
5097
276
4517
7900
3642
2877
22482
21047
22803
21469
1513
16689
6526
5904
5109
23802
7822
8289
6153
13728
20379
2001
3466
34961
3206
5946
27042
26275
49815
5293
2888
1752
969
13136
37133
19460
46666
3925
30362
31510
9548
52
123
18031
4778
6381
854
13810
27285
6628
10127
9421
21956
42589
9593
12533
2880
6748
22303
6061
36470
6473
42484
4762
13615
4192
1334
16073
7166
30494
9045
5977
10103
7444
9419
1667
29362
8665
9136
11279
17422
1755
297
17765
20107
20225
6681
6313
30256
15462
20185
4980
13268
30360
17005
42355
18797
996
32052
4936
36683
970
758
4211
7794
2085
2179
27959
7369
2517
85
34238
1374
13616
21253
31531
31472
3741
28801
32549
22564
11977
29258
5974
32431
2217
16028
13251
2429
1955
7513
12201
7119
525
12029
40236
2589
6606
387
72
8050
28391
2499
2946
6457
8258
11836
34
713
5419
21313
9089
36178
15675
1363
938
40690
37
19595
4399
2584
1275
13274
25318
7514
10435
984
14619
7824
1434
1726
40038
40609
5880
21681
1501
789
8193
22640
23861
13847
5001
973
3170
1955
9961
29310
1107
9472
2793
10545
2118
9470
4872
5156
15816
12236
10228
231
33945
17071
428
27346
15236
6308
19424
3008
8478
15147
5628
15490
28708
28
33583
1372
3562
10769
30309
11102
12893
10396
1290
233
6354
6138
5254
2780
11752
28642
1081
11365
11668
15813
27510
3285
16128
14975
2714
5321
518
10452
4561
34266
3106
7502
5206
39427
3050
11179
40208
5809
22658
3137
4259
5697
21755
10805
2047
36692
12089
19310
19279
2227
2500
1399
40979
1998
753
39555
27322
1088
18
10878
19792
24505
2
6543
10248
2938
22107
39150
37512
2907
13926
8354
15226
28093
8467
6448
1278
7077
2094
11807
8460
39713
9851
13852
6930
5088
19639
5355
6791
25584
6252
2692
3195
12752
31446
322
25386
568
18231
37230
32089
27547
14437
26592
21865
4859
31110
590
5954
2928
17906
16611
216
11835
17432
18478
34185
9945
10405
19513
7323
12581
6507
6803
1248
5367
3136
24725
24314
1244
27234
19766
12053
35219
11932
576
19812
97
9170
6462
308
4340
20984
2523
2605
4087
12533
44271
415
17472
42840
5852
1308
2766
1706
10653
7981
16630
43778
1041
20669
14777
915
26706
17552
3560
44108
28540
34997
43314
37414
11295
7451
5122
5841
3937
34914
26363
7847
10701
3280
39037
28590
5466
1185
18078
13520
1826
7103
263
71
2581
3744
514
551
14542
6750
2071
12012
21076
250
2256
19302
9203
3616
21470
18104
26967
25348
11992
14687
16336
2868
19861
12442
6023
8834
12978
19751
12866
1676
10179
6591
6421
8745
10900
12935
1599
20817
8354
15880
2962
1870
3585
30820
37134
17093
11242
4218
495
3520
1260
9470
4153
1234
9141
21870
3438
20899
44534
33367
7197
7141
9870
27288
2166
12696
35993
8333
16782
16622
10777
23935
12208
10894
2879
3489
62
40919
14025
25079
20703
21027
6184
9746
2899
14663
113
44833
635
41203
7922
6394
17574
39538
21541
16346
21264
41758
20657
25317
3499
6138
3802
16311
21302
5751
7863
1071
43774
28
17491
21
21470
4168
3392
16219
5479
567
306
9593
28530
25477
2608
24721
5146
9494
5390
35451
4207
40026
14506
1679
25283
22145
6785
20796
22013
2154
6902
3359
25735
29440
4890
17554
4503
2790
29030
22446
17888
1669
709
30666
27573
7165
24720
194
2970
21142
4107
14175
228
341
19459
955
2835
4542
2665
6217
2716
21860
16735
2993
32893
17248
15527
2536
12171
18736
18544
45013
25242
49019
18221
47562
21801
47552
811
37202
29295
4544
20929
29580
24657
2741
6624
148
10159
1052
10551
4919
12958
8371
32281
45436
10942
42656
28991
7772
1448
22840
16009
18038
378
4434
3938
3181
20201
8352
9187
1858
36292
3387
43768
4071
14975
768
21666
820
26459
41008
1713
16983
2311
5247
679
20550
7422
13569
34517
7852
9166
2831
23684
19088
28299
3581
5059
12739
30268
2029
10287
2625
1382
2192
13180
10936
12924
9960
12366
5106
5148
31426
22475
16775
32843
14231
15500
27387
14465
1468
8561
492
21808
23295
30844
8007
41084
86
27268
24524
1570
24226
4741
13813
6819
9917
16119
1402
22711
454
21075
2475
1122
2502
12924
2694
2351
8078
21947
23765
7301
13702
2251
10536
42459
14779
4190
8999
10281
1413
2274
7367
2207
9990
18238
7076
87
2303
3541
4976
45839
2932
40478
1215
391
28381
8956
8388
9823
41372
6297
25328
1456
23953
2012
777
33726
25284
18913
34896
13529
4333
11727
24981
6140
5240
15095
17158
8882
35951
18398
9370
2325
18869
37853
3746
7489
594
5635
2597
4937
1293
12921
11575
768
6179
1116
21826
7091
9976
26583
24139
18883
38120
12960
2990
4636
24917
11951
5633
6189
3621
35302
496
35914
3441
42154
14176
124
5791
3718
12918
19141
22438
45656
28108
6249
1946
27898
11902
16625
1185
16089
4351
14652
43879
13985
509
7212
1868
18936
24926
4944
12796
4761
45958
21674
21
6294
36
1843
4635
2685
6001
11574
1716
16356
6200
1854
8408
32287
12755
11615
8332
11745
32298
32814
24658
14263
32111
24181
19454
6774
5900
44364
15345
1254
27505
1030
27168
39385
3565
6202
30636
12763
8183
8021
596
24673
5590
25021
31622
3964
3589
12357
2304
16101
1847
22601
14237
29162
24463
42077
23096
6747
9993
25848
187
17994
11014
1275
1353
5767
265
2643
17469
20946
5100
2850
16451
1953
35667
16474
29277
1237
23076
21539
6259
28542
26122
31902
969
7396
6367
4480
30646
31769
23398
39527
189
32526
7272
31030
11287
192
51442
38345
21436
5911
8523
4252
7853
8922
7741
5270
15076
12613
26531
691
1029
2861
3316
15367
4072
6778
35178
41857
15487
7696
48071
16895
6158
4774
20584
4490
17755
12380
3494
18931
8667
1042
6650
22053
24578
12512
1064
3259
429
4884
2651
626
20268
5212
1592
25481
22377
16146
6916
7213
18013
9671
17175
1021
17095
12045
10258
8998
25518
5416
30260
30
8727
2755
8161
40317
8829
21494
381
12573
2467
20008
7115
1281
16595
213
22133
45803
83
5610
3807
11
1524
16914
28417
16688
6397
6167
282
2155
1501
25421
15780
37275
780
35082
38069
1231
13294
11334
22747
22621
2629
21640
4862
51422
15693
10248
2234
757
16070
5049
16136
5878
13469
32200
496
2191
48007
1837
1039
2541
1641
25150
31377
8702
9309
19985
2695
6934
12526
15756
33835
15818
1511
532
11066
1397
898
2724
21422
4524
1565
945
14240
25328
26085
10858
4596
5487
39212
9213
1753
880
47817
49533
37437
8626
8272
2955
37482
30586
13405
3022
20173
9120
19210
21008
8821
11873
7176
11418
16956
4464
29598
18926
24379
14954
11485
42653
9369
2626
9130
7301
19723
577
20470
30878
11759
32740
17246
6756
1067
11502
4283
7679
1619
21421
35045
10354
32665
6363
12480
29942
13558
28054
2461
16783
9208
31008
7084
8950
772
35285
16651
1883
874
6064
9638
32570
467
6885
3702
11953
7953
24558
12019
9280
5791
13494
3997
7186
21693
6533
5436
8624
708
8318
17354
21583
43366
3026
3688
28125
119
38938
11486
8273
29066
22238
12922
21662
617
40413
382
5253
16804
8709
21956
29068
46502
15802
10903
18269
17742
1512
3629
7889
19827
19851
37047
41807
2677
14731
13984
11
48847
21817
2398
11127
1439
50662
8634
48434
5716
26511
1451
19428
21532
20434
24814
3954
2997
49691
62
9220
3514
19711
37294
23157
36447
3498
6488
407
7305
8270
3774
19885
11350
11963
3306
574
21716
6377
10896
3472
24942
16500
9319
40907
9013
726
3703
18807
15664
8322
3366
18369
22763
25966
50778
9242
33711
953
8134
16184
7856
299
27627
27843
4147
18048
11056
2867
3635
2845
11175
12902
1549
14382
34124
1927
15057
1349
1118
32948
40638
25244
3362
14855
25622
22365
26304
1417
16383
3433
1654
22751
5497
26781
110
43316
17061
3058
22644
6262
19612
2083
12015
4319
2369
14433
10253
21308
439
40858
5698
43096
15011
2079
3310
12888
5376
13193
36553
551
19067
37166
7715
37979
6163
12484
15081
23290
459
5369
6698
4357
6902
4644
3531
606
19181
8573
11389
5551
20522
375
4888
36931
15755
15136
23842
5560
26637
24349
8528
2323
6540
293
10937
1088
3970
5752
36925
384
10845
19119
27747
24671
20011
2320
15257
7555
47309
5911
29495
21980
7785
11474
24993
10286
6153
2279
4273
10562
21949
3932
16604
8421
6064
20661
4461
1720
33700
12247
3581
17395
18884
11306
3881
19116
6067
7494
4414
23795
14656
22046
8720
9320
5972
36674
5160
29864
1039
33539
39167
12513
14216
5033
1190
10584
140
16092
20508
3489
21513
11381
5070
28408
20316
26546
1004
26355
9709
24502
21837
20048
19701
22321
28821
1829
13422
3306
17577
5055
3779
41427
8322
16110
22910
14315
5272
70
21568
3199
10211
231
6970
19689
13927
14616
1719
17043
6978
6077
9183
1790
4547
5468
2924
2822
5080
14288
5948
38436
43197
26565
32534
808
23355
19324
11024
4311
4113
9306
20441
1909
4431
22784
119
12877
9239
1620
8749
5928
11899
5488
3647
6889
3552
23292
16790
37
6517
10380
12594
10632
24309
1821
8788
13423
23478
30293
18734
3216
32731
1230
17527
9687
28135
40526
3078
5588
11155
431
17298
5312
13397
4357
33666
12446
10477
10452
383
19242
1517
17035
73
1706
29830
3661
20650
628
8720
47681
42111
4412
17914
30960
42987
18053
4232
22537
3593
27040
6016
27031
15899
38277
2219
22952
1306
20163
15117
1113
1822
5247
29007
12654
12522
12288
26987
31476
10389
29680
28075
5796
13187
6366
25026
35732
8463
21800
31128
3997
15528
758
6631
29146
5063
27013
32990
5653
22253
8094
10635
965
5447
2644
46140
23164
7686
8579
923
18173
34588
21168
2409
35793
4060
314
15401
10841
2493
1263
685
35291
12304
1977
3631
2473
14069
2485
17039
1062
222
2378
5074
5804
19387
33285
27437
16691
9674
7541
40484
11985
26971
185
9352
4953
4703
2888
9161
22981
16446
4633
360
8191
25590
5472
8010
15046
29483
4005
9440
392
5510
12585
46047
38652
13748
15647
9041
796
39274
5349
24115
10355
17539
712
7557
26956
27748
13403
22069
4516
2795
2352
2211
1132
6003
6564
2656
10700
21701
1106
801
9804
32479
2924
3453
38187
1078
39406
7241
4880
9982
11431
11349
16250
10850
37202
2950
1153
6223
19727
10557
42303
31893
851
1965
16512
3693
38928
41112
14047
14701
12001
33780
23107
8744
676
7671
3527
30044
39716
690
27533
6591
17171
29057
1524
1152
31980
10560
3438
6801
2618
12028
4212
8864
44059
31898
16318
7634
804
2796
14686
23865
5286
20692
6031
52333
16767
13333
1857
41835
1827
17965
15163
47921
9646
5968
20127
36209
19234
9030
755
1777
14872
44
5987
4848
14826
3439
27601
9011
47731
5835
6772
2483
7571
38906
7236
9044
665
2270
17079
649
4128
32277
2509
2598
18
25297
14371
3957
3215
31949
964
3532
7551
30199
49964
28836
22156
13811
801
17433
28321
2003
34975
19865
10132
7716
39995
31062
17130
8653
18513
5428
19775
585
37096
3564
10240
1550
11077
43993
18600
2860
17016
6679
1478
3074
6980
8464
3092
3187
21864
4512
1014
8587
2257
9871
10494
2304
3846
5345
1518
1480
24723
15026
12676
18239
11299
2308
2594
4671
17756
1589
652
29768
506
2130
1882
7466
30440
15334
21697
26056
20340
254
440
16351
33280
2143
4450
10610
24988
17860
41243
3909
39844
13411
7856
4574
7647
19421
3161
4974
31594
22024
606
7511
13282
11067
16456
30710
10289
8360
6664
6397
3465
18788
467
5351
41526
25812
18401
12822
2432
7984
2666
20808
7704
1424
4263
12334
2365
19335
35339
12605
2824
3228
472
8184
38798
4930
12894
352
21045
28060
3396
678
4077
24231
13582
11863
6065
8335
25131
2080
17929
11573
6479
29450
17305
471
10667
1909
1649
148
10479
6406
10848
15606
8295
11184
5485
19745
4496
21861
709
8564
6953
10467
23578
15398
231
12652
21540
340
24929
5286
836
4691
562
25599
1585
10130
10058
6951
17173
17647
22089
7328
15145
966
46590
38486
22514
3809
1782
15656
15728
26074
19906
25784
11729
3439
39360
8090
307
12055
1961
150
9807
20481
4967
11379
2007
5627
15444
30409
1001
16509
14342
26804
22816
23310
2718
19155
10066
23854
4402
8664
1237
6114
10060
6484
1767
11756
14039
18767
41283
25604
22474
3397
2176
15459
12285
29393
6881
23029
13100
7054
4307
38058
23862
5407
31911
8203
10517
6698
4509
50482
34459
369
8000
23436
29731
6486
4285
3796
9755
8888
2816
36200
24570
1626
4930
3411
9395
10415
15676
3872
3085
5965
7441
605
18247
48232
602
18117
12352
10520
834
26712
11890
7254
10751
5168
10730
17982
7739
3523
18117
4314
15944
20620
36717
9604
26600
1290
4744
1384
39689
27152
13399
7244
16279
27768
7477
4833
11768
8828
23229
6865
1467
20842
16949
27643
123
15827
7130
9180
4933
19943
27710
5470
9768
114
29820
22
5873
11097
20715
4600
4759
259
9754
39455
15493
31702
50585
25653
1686
2697
2962
1366
15566
7257
6741
2537
33528
8618
37443
5048
3186
17507
1492
5471
28214
1243
15873
42640
9490
3629
603
26048
8726
49936
1653
16155
9526
13193
8350
3982
10590
18234
7753
6232
24113
15284
67
24108
2281
16377
4670
6645
6463
38670
2146
2553
8039
1176
34934
10531
41306
1968
9317
8507
20230
1541
1562
26793
9149
12363
30796
23048
10655
8481
22698
47586
4338
2217
1732
19400
14423
8200
684
19874
25880
16349
9706
12561
21802
9042
14548
12525
2010
3338
262
8965
17080
9324
6847
14
21958
7296
6709
929
40695
1523
16161
4053
1163
4047
23691
11746
9690
7912
6163
10842
9406
7297
18366
12869
4345
9005
23151
16593
8352
211
12343
28306
20217
2899
23562
5510
99
18650
805
7186
7900
7461
6198
46749
13226
7694
6545
2277
964
15737
724
399
429
5049
637
3541
11843
5802
20099
12997
21485
46796
41153
2505
23141
21799
35310
24151
2615
20878
2
23983
10328
1736
12861
10909
1420
18303
17911
5200
10929
4774
10263
2289
194
36168
11998
3742
19210
36517
13305
29075
16105
1255
19242
22262
1620
12339
2509
16920
6633
3400
25483
22267
527
46794
10484
11475
1376
487
35261
17066
13726
3705
11032
46788
14003
1817
18762
15221
2407
5855
30443
2703
2582
28134
21740
22795
21191
8808
3227
4612
13578
2712
1076
4485
7103
23975
2459
13338
3127
4646
13733
4862
36247
4797
191
1561
17307
7748
22854
3931
3577
11591
40619
290
517
888
40895
30944
653
4250
3959
1101
19091
608
17067
29
6965
19401
14495
1161
19030
28825
5881
8167
21823
233
7125
9821
33852
14799
20926
29503
10051
22126
11915
825
34123
21583
19765
20654
28093
4892
10350
6630
5702
495
5541
12825
1631
3282
12501
10883
8801
27086
5337
19592
1448
40157
5607
26760
12568
24801
20068
16079
29072
13781
7338
31681
7071
2833
1069
17397
870
5570
8001
19710
4394
24377
21981
6412
4403
18952
2667
11720
7929
7147
7064
2876
21420
36154
30294
12424
938
11045
26487
12439
34318
31058
1595
2083
5000
93
5071
7493
17476
735
17771
25371
29518
11953
24108
7883
3928
8994
5504
14634
22699
16047
44669
8460
16103
22314
9260
1966
22157
678
14740
5169
11982
7859
790
37711
31673
3966
2962
7097
12409
33466
29551
15075
3224
3824
25785
13314
26072
4464
27434
9050
16311
749
19904
23710
4145
37551
2715
9409
4981
2875
19832
29603
9613
402
35326
10174
5042
28693
23197
3258
230
33208
27426
4194
16354
26720
786
10876
4337
3517
31979
7037
1532
3093
5597
27662
13878
2379
12442
895
14957
30330
210
22306
8485
44694
4026
48834
14476
2328
20033
12366
5391
38598
519
23244
18608
16993
2481
50738
5759
721
7534
9195
32010
1148
24413
9543
39196
45654
34651
8145
17989
20472
12894
31279
31009
26611
20452
18521
36320
13055
8717
15012
3733
44142
21333
50
12996
9947
14551
6129
3820
30126
18153
31986
14837
5275
5218
6033
1836
15209
14300
7949
46731
2095
19751
13120
25342
28654
26990
19249
11167
2687
7663
37748
1756
20166
24006
17056
17945
3202
7436
6614
11716
285
20185
15740
28994
12906
8877
102
25209
15576
15788
28865
6494
3342
4359
7652
18404
1508
6220
5362
1545
1684
13706
7346
9648
3906
17196
1868
10839
21886
2543
201
25916
28350
28396
27323
937
35385
8729
50246
543
2288
10570
34321
18363
4536
2502
46788
11597
34751
41805
18793
14692
9937
441
7800
6267
13701
18509
23486
581
41669
17648
7960
761
44199
19600
13455
588
8208
11080
34596
22829
805
440
4592
11111
20276
10757
1458
187
9878
31090
19764
318
2071
23057
21569
8718
19
2448
18254
27811
18828
16268
1024
13918
13821
19603
16697
17860
6634
12787
4555
28320
1134
25240
1317
15840
5651
4171
3013
8714
8503
29421
13454
3486
2132
22975
2205
8047
4048
21128
30075
9309
2731
4879
10710
9967
3196
4333
882
32
572
15440
247
2318
1768
1696
27851
14548
3646
11350
1855
13968
7725
7013
1967
5222
989
13163
1060
2522
3910
16144
11491
796
26848
27808
4862
34564
5409
24820
31752
3448
25007
6285
6266
5872
1331
20817
4422
15202
4009
1541
5875
12596
19436
7289
4013
51030
5085
12571
4188
1379
7082
26236
13260
11902
3412
1424
93
28499
566
7597
33793
12201
3007
9488
4178
28456
19657
15268
18557
8210
3662
32070
6878
13074
7923
15225
4095
11704
9602
9055
16642
12069
1845
6524
1830
19176
6099
450
300
21328
21184
237
12786
196
19193
22972
6949
41796
1234
30567
1645
6377
1920
362
12263
3683
27968
22778
21167
2201
31152
8692
20037
31873
17650
1306
12247
20381
3898
33898
1950
1897
15300
2936
15696
1474
8689
15806
6896
1802
642
2455
46341
12754
2438
11696
12373
21592
302
9616
24632
9561
21589
19812
16127
43118
20787
17782
10204
38663
22312
9975
5877
17213
6016
13097
4030
15185
5954
5597
606
8933
14422
36020
1193
22812
1845
2903
17699
21048
7500
14009
16143
3244
6711
11721
1568
1059
7629
32031
475
14094
25265
7116
16632
37563
2775
23147
307
39417
10175
3557
8028
16796
2301
17425
16150
2734
144
4694
25236
4500
18478
1581
45735
15150
5278
33
4612
15567
3749
1208
10946
269
18891
5390
2658
5253
6529
4595
3311
24281
906
2306
29380
4991
21455
2847
9030
29275
69
6746
3120
1995
28269
18803
365
42296
20704
1249
31978
14389
6441
4291
11979
38651
20294
4692
32916
20269
738
22414
13246
8727
14709
21707
1970
4283
1492
5717
8098
35562
27787
536
37254
14518
12106
6662
10989
3306
11087
8927
5733
5719
4289
15630
18618
27530
1122
16109
9378
4788
8592
226
15042
7435
2055
26386
3276
24843
20942
20931
15752
839
7103
38005
36005
24494
9766
835
3801
80
13716
20719
6092
18600
3074
8675
23839
26050
5301
1411
2932
32708
90
6795
237
13270
19931
13052
792
9557
1862
8676
32121
36126
13469
1176
17746
3398
6273
6973
4212
26414
2378
9502
4795
13206
53230
18967
1098
15628
30923
6828
35617
4709
3179
3456
5055
11566
5683
7449
18665
3268
2304
14608
4817
28539
6470
52
1624
1820
47106
7221
8379
24630
5676
918
14068
9005
37749
32243
9954
14776
1965
9382
4989
27290
4185
10815
45491
43348
4288
36584
33212
22791
2289
31565
10463
324
16755
30788
41799
24568
21158
6488
10641
27197
9337
4376
13818
375
8063
35194
2662
3424
5220
8538
7245
43629
18654
10590
14341
3318
3159
14461
12480
5007
25901
11021
27292
25413
7471
6899
451
5194
3539
17460
2443
10571
88
45508
5299
36219
23732
23789
9824
22673
1365
6073
17031
967
1034
687
9975
4662
146
8194
502
61
664
1997
5881
4636
33100
10064
17646
5953
782
20224
6985
16087
129
2499
687
33045
13691
10557
7184
6982
16470
23249
3144
6600
31558
26212
4667
1984
12622
12282
2942
10948
7822
29456
32502
14975
1841
5648
25060
16776
1160
21224
1587
7795
1073
1083
4198
26478
15295
23820
21285
23987
23367
32398
2276
24872
2749
14205
11081
32497
4270
225
25374
22332
17084
3904
16416
9442
4670
16342
876
9709
4594
4521
6099
27001
14328
4466
3199
2329
15068
55
30429
1021
15487
2722
1292
33998
13542
3543
30124
6758
2477
28402
5007
4477
13542
9388
34944
13902
13783
27950
24056
17738
2424
5272
33968
32445
21443
7801
11086
24537
10000
4972
4126
12885
11961
494
7636
29818
11106
4748
1412
10151
23317
6707
28587
1382
1441
12334
20745
5587
21547
15880
908
699
1788
7224
24411
3970
6098
2072
7104
3978
30053
18912
26914
36135
1974
3351
7799
10457
26189
3076
4954
6803
32803
21618
28304
9657
5521
1097
22766
4115
6294
26605
5214
5370
8901
9718
5023
24711
12920
25083
23141
47026
4252
9716
51256
668
25241
31996
33561
25118
3740
10110
6038
1766
23051
28116
7219
29274
6583
8862
7360
1785
10729
3350
34279
4101
7155
10861
31687
6049
1514
13470
5271
683
12134
2617
27454
381
15659
7061
31919
16506
4321
16762
38920
10181
12841
27253
50300
8964
2255
5658
1511
756
1111
24560
8579
1099
2236
7202
1832
3112
22439
341
202
299
15655
12055
14143
28140
2625
5932
2160
44882
2339
12713
35982
9449
18078
49311
5560
8875
47201
1351
26902
2125
40666
877
14344
436
11677
11668
5766
18844
294
9651
790
17184
23215
6746
20979
51238
577
2264
2229
17570
34291
10685
6957
8173
37001
42977
29446
3137
19535
9048
2953
10351
4726
4
4990
9597
18374
3339
11910
17798
1051
4293
7985
5597
15748
1552
6196
38543
10764
756
6671
31663
358
6668
4949
15350
16277
13259
31715
2600
13357
1592
21867
46455
17725
975
17121
26528
27800
31711
13909
8196
1001
12580
3866
13898
161
23986
30935
603
1289
1009
25270
10329
7862
27588
24586
440
6062
31598
16677
1692
15946
126
489
3845
13990
26019
5977
11089
7047
6812
284
1911
3354
31164
2815
4717
1704
15873
20445
15483
21607
8389
23973
8779
37828
11113
2403
98
3402
3880
5426
4949
21929
12907
25144
9960
7770
13206
27144
22602
9305
12277
40595
2047
22471
507
18776
1675
11369
3419
40786
3989
14459
2914
25900
12524
9214
1012
16815
9043
11829
14115
21368
10114
47303
549
14075
20108
23446
12171
4343
1793
6368
19807
2036
23874
35141
28300
41083
4810
928
3726
9067
10141
17105
993
15721
4172
2419
3363
944
34182
9769
4655
34392
25872
17745
9803
4754
1629
4290
19653
16101
17117
16437
23163
19645
3944
1460
1828
8440
20377
10240
34130
31616
562
5520
1248
22806
7468
11673
21147
6134
756
2000
9834
26058
22136
17734
11232
627
10851
4535
14142
7350
1125
2815
45434
34484
18970
2899
21746
35192
2934
5742
20715
28401
6415
1097
26149
13387
9896
965
9987
630
62
699
610
27050
12302
15324
25068
2119
9027
6235
906
12844
7600
25062
41930
34136
15303
3681
14344
31207
44753
2380
40
27799
8325
24665
5036
6472
1579
12059
19914
13450
19070
18855
12064
18647
9312
671
7979
39594
8708
4411
29709
10337
18217
17990
6872
9818
2627
8183
33571
33148
266
16252
12244
12338
38751
8592
856
14998
15618
1698
23642
14753
6494
16662
326
34878
11024
41792
43107
1840
2986
2029
33699
6992
740
28950
29548
470
2351
21820
14548
16683
3770
109
2575
14747
696
33256
18282
37458
1713
36443
807
36535
347
2911
58
32008
845
1960
27140
872
17488
2595
9812
21782
8170
17790
11700
5901
33113
10893
3396
1158
6202
10035
3602
19140
3700
31168
3975
127
4260
34034
11716
34082
1985
18858
30387
31307
7153
9456
8135
21416
3257
7675
30425
11039
17263
43032
2133
4100
30571
24031
16357
9948
22508
3036
2399
15203
42695
2888
39664
25027
14874
5861
16848
259
41048
33104
541
20900
6088
23316
23996
9437
10209
8295
3401
18061
3416
3621
11700
7829
4393
5082
15175
15670
8829
3924
9851
997
8321
6936
15120
1043
1274
9165
16376
36425
5003
22006
9605
10500
24180
1473
10928
5581
1076
14
1837
9832
3012
13001
25457
3555
4175
4011
10557
27301
4026
6649
2223
224
18491
1262
36207
20203
33042
14538
7290
5065
754
6640
7663
4297
8885
3756
6732
39132
42415
8552
28959
18750
5020
11938
10888
20810
3209
6488
39434
16911
84
16065
5864
28154
18454
25289
15657
5969
3010
21528
10128
12181
5395
34345
3855
19053
8238
6119
5957
42141
33213
548
9442
1342
3075
9279
666
32420
16149
1114
24255
3397
893
33605
110
3747
35307
1033
9840
4741
6511
30224
9330
24350
15946
21778
35269
3985
1089
3849
13638
9703
6384
28129
12688
16696
25019
1719
4782
8165
1783
28341
18576
979
5554
10193
48213
4224
71
30766
17625
330
1053
24986
3180
27502
15110
485
521
1116
37578
2777
36121
17378
1276
7283
2197
43722
4836
6629
6593
595
36725
1337
18583
2435
969
5005
5660
31147
22470
25181
2771
15824
7421
10996
15266
17644
13971
20659
28054
23954
2763
20571
49027
27070
7447
1604
3050
28
1047
15781
10704
31535
3921
11402
318
7679
14666
14814
845
5397
4019
321
4784
13415
15994
855
5901
25419
13439
43181
16737
3444
719
14653
507
6117
16423
66
41033
6802
20357
565
2050
43738
41243
1288
2650
8706
12822
5849
18064
5275
11428
9813
3736
251
16131
4825
45022
11987
221
33391
12279
12326
32626
13330
23640
807
7542
5260
1887
4261
7214
16891
3825
6490
4353
1943
51200
36752
4190
1542
7756
44926
5133
15998
4569
10908
24160
9342
21365
18298
780
4014
11580
23343
6936
7841
18785
3831
16528
26560
7887
34278
27011
184
2663
15366
19706
14076
22590
14220
759
11814
10638
20808
1638
4738
4940
39324
1658
24519
13585
11125
1046
9696
26368
14196
734
10712
1422
250
5574
604
10443
2571
45144
2793
33272
44273
16793
3041
2042
9005
5003
1226
25806
5
10921
2240
259
1129
15330
5993
4022
1276
13131
3899
2698
6360
28592
46506
12682
14450
6035
30499
16617
5052
19787
26658
24844
19547
8873
17835
22205
22847
366
16246
18362
6513
16378
34181
37580
24662
1955
24107
10421
3713
6798
9203
10534
16142
734
24405
18018
8943
46581
54
34431
1083
2169
14932
18569
7927
2410
2404
19076
28457
4273
7885
4261
26427
3400
5360
35170
24836
400
7879
32597
18499
30319
11422
18994
22151
26481
3907
14278
30211
1824
32095
22343
2263
22218
33716
291
949
22447
753
8880
3169
7598
6131
9778
22131
11
11547
2815
1631
14242
6957
41956
5382
11045
788
2959
12288
1224
6680
33971
34277
21871
11674
38224
19939
21281
13467
28681
12293
7146
10717
22183
20928
4471
12
3924
17254
9423
4683
25611
6583
36914
28064
10406
2338
9792
2382
7367
37707
1367
7074
31553
16838
14199
24064
12196
8549
22608
19731
4023
16228
10646
357
5455
12526
10749
36304
50561
13380
42904
10598
2803
3747
819
12753
5432
22004
12471
14281
11603
5297
21633
14443
18602
1842
18029
3352
23505
13367
9650
18134
5724
7331
20302
5586
4544
21165
447
9964
48127
1285
4039
15158
302
3735
20776
3496
12273
41777
7588
3325
19037
10804
18127
7746
911
44590
38503
8455
28422
31011
8863
7402
12248
32407
6282
4138
34624
27989
5093
1299
18834
8672
6204
745
24512
538
615
17578
36216
10484
22104
747
106
3529
8225
11546
17188
32508
12679
23455
4552
2751
7256
5354
9799
11618
42514
7416
21811
31114
133
3403
3318
1792
16985
23555
1375
2941
654
36842
4034
20119
38462
418
25763
5654
25878
1464
26783
6646
9227
27669
5048
11399
11196
11086
1240
15562
17976
13228
12088
24907
12363
15672
927
1539
3920
26181
149
13214
9426
4267
36634
32903
52478
31517
5880
2852
11294
26198
20448
39814
39645
6832
7629
15116
43306
23214
15616
8762
2557
1798
25533
24526
2969
47446
13073
1132
241
14140
838
1212
11827
4075
5631
6435
11712
25878
15781
819
15286
13834
10834
850
37714
32307
23122
18130
42790
35590
1431
1948
425
5463
4663
22049
8315
19679
56
357
1653
18596
9322
475
19334
12137
24029
10965
3711
31331
19529
33215
2002
1263
15380
8390
18648
12241
1096
3953
476
15511
8581
40
950
4052
3520
358
1559
6385
7192
2862
1119
23693
1446
8436
7330
4141
2704
9092
4542
24207
7812
7091
3215
35010
486
35167
37252
9398
6392
6020
12089
13583
12730
1920
4843
6923
12916
24453
16387
34963
40844
32847
30665
24721
4248
15534
925
35572
1704
30341
30650
1705
1574
32975
29633
12740
13991
9656
6381
6313
7432
1329
1765
19024
19381
12157
2187
15700
8893
23230
1563
3970
13751
4194
7195
48324
26239
41333
8809
6340
11190
28492
35862
2952
28030
6195
43023
973
1273
517
5701
47494
10928
7654
4274
7570
2135
4
6917
11091
23184
16456
1006
23908
10563
1916
8801
2923
11749
1007
7921
23385
5704
104
706
2230
19225
6715
1108
6772
20296
28161
2718
1056
13377
3241
3960
16915
5548
1861
3082
6359
23891
6153
2562
2904
17317
11328
26610
225
8391
18331
4290
20798
3589
24380
17083
511
8373
5857
2717
12248
19635
743
2819
4518
22986
6818
24860
15789
5340
10588
32904
9412
37922
5591
16322
10013
26925
13451
19032
20279
24310
2844
20352
85
21119
377
229
4044
31704
13243
461
16343
11789
4623
17277
7336
12027
26841
3025
18610
4981
16053
16013
1075
25701
21419
6118
28562
24754
5917
46837
6534
8589
38612
36633
27183
6449
798
7019
19855
101
12255
4495
1988
257
36180
5712
5652
18900
9110
22847
1292
21556
6015
4690
5111
26555
6544
785
45202
33507
8113
13215
5346
1089
25767
11911
4579
254
5386
7757
13020
2703
4846
14737
771
32049
1380
19993
4853
6650
15955
15831
5832
899
37281
27940
10099
5193
22473
33110
23661
17025
9516
2928
1380
2611
1901
6068
19668
933
2089
23149
9844
16283
3415
1058
7453
23573
129
23418
1767
14779
6144
933
370
21536
2342
39697
6827
8749
239
37564
6672
4634
547
728
17261
400
17673
9446
21002
5872
22781
19037
47737
5289
10886
1457
21225
393
26300
1687
6946
2832
1980
7605
18157
22978
2669
39094
516
41040
8194
4376
274
14202
34380
13539
382
4239
37476
31354
13820
15991
24067
33094
35125
37599
20623
2402
3593
6107
42007
9433
13681
18878
10665
6924
35564
9046
13517
20043
622
8572
7901
14
15088
31134
5000
19854
25580
3157
2370
13313
14979
19788
22787
496
7179
27255
18583
1099
16042
33326
695
38531
14859
12198
1095
9780
2897
112
1623
9258
1310
24901
13601
9537
3091
3272
4452
4610
22442
12461
15987
14336
7854
1551
18040
10502
4926
24860
3093
16639
8529
22971
3119
5943
43525
9855
27986
30401
7117
28668
3289
20291
10955
31577
3898
6030
23085
16675
31089
39295
33080
33063
3709
15261
5139
102
2535
18205
3488
17895
14088
10244
741
39984
27788
7983
26713
26447
11478
18139
2392
4437
42033
4630
12422
3327
17779
40119
24235
33214
30520
37529
9041
2255
2543
3793
6840
2199
20846
4211
4224
960
9686
632
41095
14063
16828
6092
5269
11194
11620
45764
22581
5330
15651
25289
32990
36640
2885
26
10911
33031
11137
13454
5073
4814
5375
5639
1618
28902
22873
32908
408
25147
1443
4708
16
40974
670
28767
22666
19227
419
1129
9284
27706
27348
943
995
15725
27960
43596
12644
8164
4766
11563
34957
10151
3861
18279
2244
2237
6888
39412
25380
20011
4004
19954
1598
16906
40009
11260
20874
5420
4460
10709
6418
5637
5205
12267
34550
19746
162
10033
8364
2430
38642
4403
21855
808
623
3680
6416
3804
308
8824
2513
12773
17191
2674
23
5214
26053
9104
25258
24316
23700
31506
20371
3488
17833
4513
3593
13268
8770
6479
1671
11185
25737
23886
22147
24877
1391
18807
24781
12175
7487
6930
34028
37951
22101
12996
28914
30491
2303
15374
13121
4364
23398
6920
11191
14940
1465
3898
8306
5582
27910
8007
4061
6957
1389
183
16923
4169
3076
10643
39107
1082
4536
15042
4485
6248
23014
12918
3749
3617
13064
2907
25838
6320
11945
18445
33590
6824
14704
17584
51650
1401
43448
10415
7693
7638
5533
18492
1373
35676
1434
8133
26863
7062
6073
8829
2828
26222
6156
40705
6071
2629
43790
9397
23034
1222
15624
4
3448
13287
1889
38703
3002
2183
6545
18508
45888
19808
584
8709
21165
3168
725
27293
772
5100
6800
16697
391
5258
1464
1346
13635
16192
4179
5242
14627
23494
12302
1029
4942
13166
2948
1325
29380
22799
13660
8983
1883
59
3830
14077
16277
51
441
781
30553
7565
15666
22473
857
26362
33849
2105
15871
5091
29874
813
5966
20296
15703
20695
18021
25258
25868
7645
39595
32726
331
13573
5938
560
16526
1543
6614
871
8143
3411
31417
412
29008
5578
2004
12151
30573
45971
5159
12597
32588
3777
11738
18842
36294
17476
7349
13868
8376
4724
3136
1066
25362
3120
9268
28911
20153
23249
29570
31457
11815
26221
12359
1386
13738
2668
5515
14495
2962
15377
3324
14621
1401
2299
315
33893
7983
8416
18002
3436
5472
7976
8660
4771
2900
30713
44223
2683
16823
30360
28766
30487
19115
4004
21246
318
6787
9552
3074
24816
34725
433
2533
21130
13498
3859
20872
19428
19504
659
6649
20010
50124
25395
10851
3822
14090
5296
8585
4071
31523
5860
20081
356
18186
38137
22120
3673
2869
6076
8738
16415
6077
16413
3842
3463
37701
28802
4732
17505
18800
7948
18397
16384
22741
1140
13776
51354
22788
6080
8991
14595
36219
19786
8998
5092
5469
14257
3720
401
639
7754
5983
11454
7650
39644
9364
3517
2807
36016
11580
20157
2250
4364
354
5738
16959
12619
2772
34864
6201
9668
9072
4756
3629
6420
3233
1345
5317
31717
3217
353
17712
4981
21097
4510
29908
23733
5
12321
10352
4998
25986
5377
1657
14004
1018
828
30
2527
12307
15069
18617
20481
4250
3420
15250
2599
48515
5480
869
5262
2111
18277
3202
35102
10236
4911
1947
2904
8580
503
1615
510
580
37951
11256
4397
17096
12097
17774
518
33681
33403
2421
22616
1972
12070
35282
6399
906
6943
8879
15264
5901
19972
5228
3455
11958
8934
6339
36023
1006
4415
4297
14638
36051
18838
5127
4205
2279
1840
21936
21342
218
345
3037
18127
3194
18339
5357
4306
33927
3420
21927
7006
20861
8682
4498
22440
8329
15323
6487
22874
35251
17756
13770
1483
47253
287
12549
5008
1875
832
7259
27998
36906
1476
23846
14819
3027
18829
11657
20956
1110
7557
9664
27122
5307
14039
1536
4766
4644
20
47501
15125
14222
927
36045
14334
6417
23142
29610
48599
34473
22518
19946
18823
16765
8195
8578
10074
1896
16279
13259
13630
17735
7854
29571
11508
7745
9718
24714
4645
45871
3440
2319
21377
27668
29945
27123
4537
11826
6497
16690
4148
5693
19724
816
5003
23940
22270
8601
19200
805
42803
34606
1471
24067
2968
7461
8400
16120
4826
1124
23351
868
6379
3133
6338
356
9973
35409
25232
31323
2048
22617
23926
725
15509
15379
35124
5534
14979
9999
30610
4175
12856
11010
407
2574
7346
39568
12994
3125
7100
17636
1002
2269
42454
48427
1758
9416
7241
1590
31608
3771
7006
25893
16602
1182
11053
9795
1019
6356
5591
14834
20823
13506
21227
289
544
1243
3214
3141
27248
31513
510
31610
2096
7636
5719
36921
47377
29407
34033
14240
8624
8929
11094
8504
7289
6301
14679
1371
44498
2662
20093
1858
273
17859
2145
17799
22827
7160
8669
37409
41945
1655
29057
6758
12667
3983
16035
34969
1906
17399
3650
10725
36705
3829
52447
11492
6736
3933
26079
7714
4984
21245
3385
3479
5521
9918
5084
15283
17075
16479
333
61
11086
20732
19570
25435
12814
6478
1328
14602
11231
2922
3905
33976
8479
29138
16384
11536
8775
20455
2714
7958
6916
45886
7009
221
14726
27237
2332
20435
5298
1973
1284
2734
19682
267
2658
11504
11065
10209
20130
9411
8484
18645
4724
20298
9445
22197
6094
6095
3721
43700
14898
555
29951
1239
12811
8895
1555
17143
11648
650
878
26445
1063
20022
19561
25391
28123
19399
4252
22740
14119
15527
7569
9427
17073
4672
40281
2059
5732
29530
2915
28702
29996
4569
30824
13626
24886
26487
15356
12840
3072
5955
2179
100
1907
10500
4403
1254
16871
22690
11677
10328
18830
14327
29194
2331
19932
6976
36958
401
11732
33669
10667
22391
321
7614
22267
14748
8811
15597
2728
4063
1507
24412
38497
244
17305
12249
15854
11
2263
4502
24038
35940
4675
7607
2575
24782
8636
12260
7686
1482
22166
3791
3255
5331
23056
3998
1339
2614
4509
14354
1500
8137
8121
18432
19002
21378
15673
37928
9231
2964
15541
20889
16668
1021
10667
4
37698
31645
213
1005
8486
2866
15001
20573
10671
3672
6679
23751
4565
41333
12074
17903
20372
6021
36699
4408
11851
17810
22825
11384
2826
8633
6249
1774
2093
3534
7747
19580
25008
6864
16811
267
19449
644
8226
1656
3290
15622
349
39504
10394
50923
3495
11531
7025
1519
16051
20616
17634
272
17709
10256
13360
34484
29
197
19078
22286
49053
33448
4874
19910
19755
52237
3377
52654
30230
32662
2286
11259
1491
285
40866
38078
328
47
33520
7504
24885
669
3543
17479
2114
43887
202
15570
3646
40043
26680
2542
508
12074
19175
23559
50949
667
516
7145
12510
4043
14441
30042
6301
7664
20182
2431
39417
4572
5105
20696
4475
7896
733
27742
17195
619
962
24492
2254
7232
1170
10280
4606
437
14500
10840
46905
14939
40
40572
3554
2601
4298
19428
32905
40468
9388
1839
8530
5248
11085
2005
14779
26157
8024
12793
10060
10298
1653
44525
5499
10343
13247
12440
3799
12195
38919
18416
4189
10657
6729
2692
28459
26368
5995
2654
18533
20591
35950
13561
1617
8537
2003
16192
16501
31381
6703
2711
3800
22944
1066
26303
7933
5975
42859
1020
2481
12066
2300
15099
11700
19750
6781
29219
27381
7828
2201
27665
7394
36593
34240
8329
1667
35669
5822
18782
19072
13719
31444
13289
18079
47180
3409
3691
9485
8678
2187
9580
13206
3543
13723
1037
38809
5521
2188
7618
251
2122
2666
15032
310
11325
63
7069
14805
11561
442
7521
4536
72
7486
30
202
19546
5749
1797
15115
34103
7815
9127
36886
36971
4570
4560
9084
4960
18394
7133
30842
79
32090
5146
23070
904
3862
6391
7885
15915
7525
2570
17204
3894
3112
27391
1520
2734
23563
14376
2165
423
38688
16329
32810
7276
18211
8828
4230
8560
3772
31461
14187
17291
2041
16008
17378
12151
596
20867
6583
1101
575
6714
7443
26018
22289
1356
7495
7586
38317
23088
15876
9393
13957
7871
4219
18007
11687
4067
49578
2534
442
270
41678
12789
7109
4209
40
1729
780
17316
22390
2499
25295
3453
33503
49862
4127
22374
17732
242
1450
3123
685
7071
21078
534
7001
13888
18371
10751
11614
2204
7558
10039
2512
36197
15362
24118
33259
18194
5276
12705
21629
19879
98
27508
13718
12898
33684
31712
5294
4881
9257
19036
26025
20
22847
3690
13035
20976
774
1753
1983
1111
3404
16455
6458
9498
107
44892
18897
16172
8101
36911
7030
10408
16029
9471
5784
23043
6138
3929
2111
11443
1211
27808
9951
12615
29818
5042
2964
7316
482
12259
392
454
8419
478
2777
8829
2340
17483
13100
26050
1555
20129
30
16953
9712
1124
2650
235
2041
12411
19325
25550
7383
7276
17376
28883
24162
3591
38015
13612
2447
822
20862
42165
13826
15022
3888
696
8477
2084
20699
17302
5646
16390
5098
13361
11461
14254
18802
18665
5861
21848
4344
29394
3702
1822
13943
26572
21412
11208
50251
24646
8651
10167
6746
5415
6684
19190
20090
35499
28487
20535
2850
26381
28511
35132
3681
3292
7029
4462
488
37926
9159
10628
1616
314
23479
942
933
29126
12090
25292
15872
29065
523
1008
6777
4469
12178
42016
6917
12100
743
21460
15124
31145
29538
4803
472
14748
3878
25245
10897
5629
425
1466
25628
49315
5399
24921
5312
1077
1354
29917
4240
7888
15851
7002
17014
31887
3192
1296
13603
10833
6278
30175
5571
28664
6559
3454
26147
44053
633
7679
13523
1
47778
3781
7252
10741
7785
210
1050
30836
1621
19086
4173
8859
17993
3970
19142
31570
16230
34481
17437
13197
2642
4163
16619
9384
7300
21320
3821
331
5872
7821
1471
21071
23614
22587
10207
43506
6086
7717
14571
15319
13311
8094
3046
27755
1808
10613
4646
44683
8862
14
2423
187
1543
20099
8931
2557
5710
34753
18017
9693
1799
601
16139
24867
43101
247
1092
2274
26756
30969
12397
32146
23265
396
17370
36044
16461
3568
50691
7460
11674
8099
7563
2825
1694
2503
40555
220
3049
20333
33141
3083
11494
18880
8805
23993
1631
18459
18413
39497
18356
6294
27081
6077
27525
43455
41552
30366
14757
8451
53
9955
1345
12271
42166
1116
28519
22782
6937
664
2664
1835
50119
8238
28286
1919
7736
2555
9138
39402
31519
21156
6334
13413
1626
2397
21445
46215
22359
7303
21471
29018
74
7606
1995
24760
4303
1956
23669
20428
17990
23953
136
15578
6060
36730
31239
46902
11883
976
1381
9081
15606
1883
554
2944
10555
1271
40320
12810
1214
46424
13559
5026
1271
1058
32526
619
2261
18763
3564
3139
8035
5911
21453
28589
2337
36881
939
9419
1305
23225
6091
29483
6668
13582
24711
17962
10664
3395
8324
5970
7769
9970
25350
6918
14778
1695
1298
24261
3353
5676
10093
5542
5541
31227
6936
2276
24993
7858
3284
11601
120
12714
1626
15064
14073
934
20190
24208
34418
3152
36152
21836
11341
16801
1522
346
16012
14092
9393
1300
40369
3751
3275
1562
3627
33802
26796
4005
7695
901
8111
21939
5626
10483
9104
3847
3317
5612
3294
3209
5752
25740
236
10317
7034
14098
11263
7503
6605
2783
15724
816
12857
31107
1515
1173
82
1959
16473
8850
18730
3941
270
4612
16847
32153
47612
150
13314
11179
1701
3088
9061
551
475
15085
8385
170
8406
7304
18874
374
3249
1317
12062
31790
2676
388
22541
22671
984
20931
947
9038
4894
13066
18611
17594
10132
3541
1802
5473
12278
9236
649
452
1141
11568
29898
11917
6
21439
10768
224
381
27943
1695
6311
6747
5268
428
32793
5130
6413
2456
26758
152
19168
502
418
12048
12844
10034
10221
34328
14419
5000
9571
11797
30352
17228
6015
25659
1977
400
5996
35380
33000
11160
1015
26396
7454
20116
94
33257
37314
36108
19527
24255
37250
7356
4960
4039
18733
33053
85
16989
35882
4524
39151
12767
50902
4385
7597
31303
3027
24155
1653
5881
21138
37300
1953
1084
38976
6603
5474
26934
3397
366
21116
9767
12898
37652
13648
2869
10713
1049
36163
4961
2966
4343
1825
3123
27653
8665
1665
3581
6842
21547
23720
6953
16633
14250
31442
11590
10589
9054
48405
4771
613
10279
28252
41955
3068
166
7354
6361
29597
35546
2108
14751
1751
20746
23705
17604
50602
1328
623
13719
27155
6556
29948
34799
825
19852
19433
51273
23363
25129
17963
31232
2002
756
22705
18995
7299
7011
2436
18161
20760
2715
7338
5692
16752
38051
17318
593
2219
204
11139
25782
12802
41902
5460
19050
7794
22512
39581
14767
248
13196
440
19439
4509
34993
25034
5440
3554
16448
9579
13099
14006
18890
29711
27586
9032
16561
27787
25982
4724
4184
26351
7614
29245
15938
9984
38437
22640
4765
5980
24888
3916
21338
3349
2849
35618
34398
20551
21980
1188
2384
42510
33966
3293
1116
7771
35933
51163
866
17643
7181
19194
20251
4639
19437
11861
6659
25895
14158
12112
7370
11320
31548
10681
19771
19841
2752
13855
8347
19081
29649
1170
1466
1180
30622
5239
4081
18019
14015
519
43771
7571
1812
21113
27786
14293
3958
9124
18074
15154
11705
30198
7802
25107
1804
19
40581
1471
19113
28336
11232
9929
6375
13894
37835
34430
4210
359
30467
18417
19691
38175
2358
23336
13857
10974
478
1866
1172
591
17276
18601
9378
5023
28255
12916
20217
3518
1723
4465
6231
49218
26184
17523
2418
131
7434
1860
12099
7196
18583
35771
15684
1719
16560
10460
728
10811
2939
4556
23826
215
4220
25913
1454
782
12492
22714
12127
25951
1561
23488
458
42719
4821
20975
9529
4525
6331
1047
8146
64
35970
35336
15306
250
19117
33679
5443
1173
19606
3804
14666
8929
8348
7688
14500
9230
12447
29701
3472
19861
11137
19033
20665
28248
15548
36751
765
15269
9806
18915
15993
910
28302
10038
17856
12908
13584
6867
133
5535
2135
10986
10089
20391
25160
5289
1168
15491
416
20204
14538
17083
1862
27896
1638
2977
45096
15873
18797
9502
1130
15934
7388
7476
4257
5669
10902
4522
21621
3747
668
23939
4106
1260
13617
1644
11274
5729
34815
14213
3722
8740
598
3574
11239
2398
15930
3174
20303
26913
37053
2390
6328
32973
5184
743
43872
10080
6940
1996
19769
4152
41765
14446
2946
13395
19531
16490
3399
312
21791
13325
5317
603
37888
43143
19378
10980
11755
13189
15649
1959
62
4202
35019
45141
10622
11005
4956
7413
9912
18324
21857
1521
44605
28758
11249
1031
106
6676
17767
4077
5272
5783
17399
32628
34367
17049
2952
1504
9510
4089
23639
20051
8062
23257
876
39282
331
8968
24300
13696
16537
108
4734
16434
24785
681
9659
26613
7179
9954
5545
12906
23211
6898
23563
39845
19840
3989
8559
21218
42431
6326
2759
14738
358
31584
31921
3292
3179
28961
27518
2069
22993
544
14023
32597
24239
17226
25
1908
38526
40916
33459
9842
15390
26675
23166
17178
286
10007
16375
17189
23004
4793
148
29847
26204
14763
35324
18642
26472
11373
1394
4451
8208
24765
5718
4432
627
41738
3579
6511
2820
9784
32349
19239
15621
33403
5733
4840
1848
4222
3966
12964
33206
332
692
16888
21105
257
29345
10425
23834
32561
18129
1498
731
11082
29333
1227
1928
7841
45697
14987
29511
2629
10269
10475
4922
23538
2977
49682
38313
199
25483
8355
164
3643
35718
7074
16610
38568
28645
47702
7979
41499
3254
7333
1563
2784
4245
6205
1273
8885
46401
39476
26908
8140
11084
1709
31699
870
2423
5468
28249
23188
14430
44221
24139
3227
37130
2018
32255
20876
32866
4990
29761
20528
3993
405
16261
31000
6306
20461
12062
34801
13308
9947
26550
7845
31203
23194
30869
454
6840
4433
15639
5267
17220
10281
22843
19853
5354
17745
34923
30615
77
22775
17554
6770
4322
2615
2288
11112
7701
1478
46180
25740
9326
5956
16656
17171
1083
6181
2452
2174
13691
16243
7187
20052
292
4031
5165
33348
20049
16616
2476
10594
1512
17480
24792
14974
6363
37425
397
5728
9248
16737
5454
62
26892
117
13241
36772
8892
1203
9689
7150
1033
33794
2188
4802
1912
27437
9585
9276
3014
873
30595
15185
31511
27266
301
3153
1993
41645
1828
23391
413
105
12042
13724
37786
16241
11589
22905
9998
11886
592
2356
4829
10280
47524
16775
6895
21083
9752
22735
4915
16039
4823
3679
6030
959
26599
8602
2634
5591
2248
12924
40110
7876
1958
39670
37912
45412
6893
4312
23197
4069
36884
5546
23474
12220
3617
14506
3912
30521
6296
542
38845
3808
49432
27562
29375
29302
4090
4174
6063
5814
8752
2368
11716
15576
21688
27288
710
17454
630
3516
10602
1755
505
26705
32950
10263
4020
1204
657
18932
46242
1498
40789
25363
28547
46276
847
26475
3986
512
6354
1383
3708
2875
36205
14553
40126
11650
34519
3344
4155
6465
12815
9232
36031
3954
883
20521
2879
32111
4404
12441
2189
9362
24789
24948
8007
23879
4996
10571
10186
9488
41565
4452
16438
18896
1255
12618
32614
13337
5576
24297
16881
58
7915
10515
26644
63
36149
41
44
12867
13680
5128
10117
2404
1588
4497
32541
3651
10346
3785
33012
9787
13132
1165
17688
22399
29464
24629
29445
10045
44409
38254
29576
1622
6208
36523
8618
3560
16887
181
29301
16332
4341
2454
2627
9535
13022
13544
25428
2301
3923
10986
13596
2952
4406
13454
4688
6667
39445
16310
2921
34532
79
7726
29835
25697
22612
6344
5680
899
8112
387
2488
8621
13650
10175
17389
31921
871
17859
13819
5054
2117
2747
30611
5230
8246
25972
1740
4115
2523
4135
2638
13665
29744
14470
20104
25339
1758
32279
5584
29143
24621
1523
1229
10869
1204
5847
1895
1716
13685
14321
3325
3120
3779
1437
15083
19309
8448
1878
56
14886
39291
3253
1762
15152
1009
14251
6696
26323
6206
29190
118
3040
16493
7293
1123
2341
13511
128
16723
17104
15665
11240
35885
31380
23473
23169
14532
4897
700
10007
1557
25706
15079
37311
11888
2960
3740
19311
14830
5730
25887
19673
40141
16975
20733
14468
18066
6868
10353
24682
6882
22008
19925
20454
24195
4820
12037
7470
4431
11701
16286
5787
6757
5262
2697
7986
1215
28916
10709
6362
10415
2021
7672
8536
13331
20006
7502
10329
23314
20071
5548
42375
27046
8117
6352
6262
28666
18701
4717
16462
2922
23259
2176
13155
22785
9965
11685
5004
1532
15042
12140
7365
6733
644
32113
1362
29601
22826
9486
6664
47717
25428
10176
46908
5340
43553
9345
12529
33777
4737
15041
18557
1383
7489
9847
15520
7833
8574
8256
10711
1641
32367
705
25910
7379
5552
9323
38807
38473
2976
8449
37999
9364
44832
1089
19865
9075
3327
171
1588
10111
1698
3561
32685
13554
45982
5814
5386
11474
27383
12949
1877
498
29914
8378
8851
4655
2155
26932
31370
8681
13074
6759
13883
8696
82
1373
14938
1036
4873
47317
15182
2901
33790
506
3436
5913
1758
4714
32778
32362
24806
3801
11483
13211
3699
12401
7072
15785
28752
6898
3139
3478
3434
37826
24534
7660
4841
541
4258
21532
3261
14293
4855
27053
44130
2135
157
18434
3897
3286
13924
2903
26814
6030
46
49356
6265
5156
8959
412
10380
8844
6134
37768
20193
20272
6892
29579
13934
5171
10254
9992
36702
4082
2289
26988
13584
3148
3150
4497
467
5015
22522
1361
19248
4413
27090
6796
21177
2033
2742
3474
9142
9288
739
637
20377
24555
843
6850
41603
19470
48536
2230
6841
13208
7277
3821
1654
9549
9372
34048
12696
490
118
7463
22753
2230
14371
22394
31107
22511
40682
6058
3227
6359
10240
39741
12950
9270
10241
26743
771
30838
31576
3551
1970
2868
18177
27831
13645
18868
27156
11982
418
9374
19061
24216
4757
8288
4853
22174
18942
16949
13383
165
15721
1351
1162
6952
3393
8363
6799
7074
1721
1092
4635
29978
24817
7680
42818
8247
20826
3617
5976
33262
2374
2899
8631
26126
13846
18743
2622
1755
4552
35476
6600
2928
80
19645
801
3815
28999
12699
10089
908
2765
6322
3259
13512
11668
14433
25226
19377
1213
36285
61
3298
7960
19800
42273
6307
16186
21330
8101
23914
10791
3293
4297
6933
6481
17548
12876
21615
4239
11535
33870
5616
10099
17067
8539
12502
814
12521
2129
30229
20486
16993
33186
4051
4324
26022
24932
31932
8939
14042
3989
46026
3
31232
27452
49001
290
1063
50358
3640
2299
1506
7772
24918
1679
2684
27852
11502
18349
17641
17549
6371
13031
33797
2734
6086
2653
1942
7294
12682
28670
29686
28031
8017
18372
5714
11228
19410
24413
38459
5441
23587
3878
9414
29199
26232
13862
31461
2155
5818
10514
7756
15
12244
902
37203
21754
11517
11706
3727
6438
18008
26583
2094
12258
400
8507
158
14693
45569
4615
16993
26669
9587
3250
5009
15584
40553
24738
5349
4991
25609
30896
9004
24005
18627
23954
69
2428
23345
32300
860
6568
42885
24883
7299
7458
9250
12652
1112
29818
13932
4944
4065
5683
2096
32808
736
24304
1317
7467
433
850
28765
61
13951
479
17367
2541
15364
10261
23978
151
10365
10158
20107
36755
10334
299
16
5563
37144
8152
727
8909
7608
1974
32639
14831
26815
2196
10213
38042
18942
8743
17204
20202
7729
17773
32463
37741
8880
38098
28129
28097
37450
1322
19684
1985
11521
2066
1600
23176
4598
24295
1885
17286
21833
20841
994
28111
2378
38105
11008
3190
1190
2679
11968
4271
4436
27901
7260
31570
16181
5932
11367
30218
16819
712
11985
27162
25920
17970
44803
15370
3768
2433
4745
14257
7698
261
6861
25283
456
5656
13223
8714
2938
5000
732
11724
48
5033
5905
162
32297
3124
34536
15867
7892
4789
3023
11886
2703
7967
38635
30637
29041
4108
861
32018
5157
13126
32402
6805
3991
9850
6601
1050
8011
11802
13719
8749
16406
3099
19927
539
5226
16567
2372
14742
26055
6438
17631
24705
19345
22806
11355
10241
15875
8068
8026
18765
29669
7185
42646
19366
14698
15091
3772
1112
2551
3218
3369
1236
18571
2187
9787
7877
10711
4508
21782
18279
30832
1669
18091
41081
17464
2389
17605
3681
44595
3491
31591
12375
2386
8913
25908
35778
22685
7881
1179
25859
10978
15708
894
4826
287
3829
13277
11372
7221
25480
22306
30277
13783
7870
4754
39278
6871
3767
15899
1855
1041
1311
11540
3517
13565
15694
21274
12076
7394
21160
3571
24096
951
15172
4566
1531
44232
14218
37990
12399
4895
9463
23480
15999
6110
1
5522
5189
2942
1142
13140
9853
26657
8983
5087
11880
44132
33192
25425
31418
27470
34069
2994
4053
23343
8544
1313
16650
12625
8611
7147
15262
43491
27969
503
15113
22916
3033
3307
15728
21141
4028
36175
43048
10185
1372
8567
2500
11035
1441
20765
2977
9607
572
15799
36551
7484
4946
26570
12109
10284
1017
3014
45109
14778
12023
6410
4365
9212
17457
399
18700
35664
14918
24064
5417
6425
11269
1614
2217
41116
8739
28113
34908
15729
4969
5182
37868
12255
22012
2588
2519
13725
47406
25158
6751
10900
40081
20479
28392
9677
6066
11279
8394
22056
25861
32035
11380
5916
19107
14231
10029
6755
1332
9225
2384
28074
34264
9559
11430
1612
36351
1793
18014
27426
15856
16950
26951
26724
10534
5442
11006
854
22023
1583
4984
26062
10783
175
20461
41955
5317
25551
2440
8817
235
12306
4597
243
30797
728
49966
13137
20664
21440
6228
6379
34582
5458
24715
18525
21610
15827
21905
29222
37060
12590
120
20945
17466
5884
15618
14011
20382
9784
373
4530
47034
12264
26149
13110
3221
6954
2027
15588
43598
11144
15199
14683
10136
9723
912
14572
15179
4929
61
21185
5370
18131
770
36557
6255
27513
1790
28142
6054
9977
8706
14249
3393
24864
14889
224
9926
225
14508
17887
19656
7618
466
17926
11712
96
4009
18908
21433
310
33546
4361
15574
11153
1794
22515
13941
1093
1104
20186
21204
33159
26685
1317
11633
7697
5555
12694
1721
15817
14886
20857
17027
29839
25831
3936
992
22509
4387
2757
683
38524
119
8516
42401
18600
14740
31406
22615
30005
438
4722
10682
24954
7313
1023
3158
2167
19464
8030
1599
598
6938
1873
1842
27390
6847
8640
11264
2760
27266
3297
1180
2275
7895
21022
10186
31840
149
796
758
8612
9075
3906
28410
1603
31038
8362
14592
22214
33543
23536
18422
19258
33921
3715
23657
22876
19671
16127
18461
24996
36723
1788
2911
16218
9077
9134
1553
41278
782
41501
3372
1628
39079
11999
23831
4226
9219
6507
12744
15277
3559
8180
2547
13907
986
12173
9908
44221
27569
15425
1228
1037
23904
8581
30591
5812
8816
19601
921
2368
3737
9592
17420
27902
3165
4776
6552
2947
4708
12447
18049
35252
13204
6763
9111
21242
22186
9398
894
3606
10812
666
33222
27363
23916
5542
1357
4812
10705
15585
497
7483
348
2229
1023
1259
1489
20748
11438
11923
8963
9092
1601
14937
5100
43623
44394
382
36637
8179
17834
1410
27459
22771
14712
1883
22835
5025
3195
15550
1875
1673
8766
34671
5828
901
3521
25439
270
2257
33485
36514
8273
16576
26302
6800
22840
16045
319
30336
11395
10929
16271
19640
8873
4317
2299
16812
7393
25735
2575
9273
33898
18997
16855
105
21088
324
19252
37838
1980
409
4282
36502
2363
14162
23651
8749
18573
8413
2982
2487
11851
1004
2474
1286
42526
405
16888
18359
1642
550
7530
20002
3209
4326
2536
12029
10880
4591
8496
16115
25561
15798
798
2229
10364
23418
18552
5696
22906
24914
16257
33701
30425
31652
5405
5212
1484
3503
25499
20887
1644
19253
29419
23457
21838
2031
806
31967
8763
14022
5095
8464
8232
10459
24
42203
12415
3730
6754
1332
6141
1426
2067
3842
32452
888
44663
39390
6910
11805
3497
5163
42393
32932
121
41588
24473
5396
22719
26428
17832
20945
1560
55
4170
11725
7777
387
1776
58
18839
6563
8531
20599
6007
10621
640
45
6628
2329
5144
2046
4719
3972
5352
11678
5884
7703
1405
3008
5422
5833
3106
1670
33165
2900
41576
1698
14632
16705
49217
19773
3971
6676
912
756
9479
927
1963
3393
388
10625
4262
40067
8999
1260
43928
38513
11865
1583
12396
4556
6796
10218
26071
2206
1326
15594
19450
26480
27620
6
23359
2561
1972
2240
40544
25922
11148
700
9341
1937
1806
13231
1387
32181
15846
4023
3625
228
833
39089
17210
8252
25497
14091
8708
1388
5312
17264
6750
12369
31885
25263
2015
8166
1119
1193
14387
5941
1484
10676
34902
13281
20479
2289
11650
646
138
6628
32985
15290
7954
19024
21375
29612
20029
5881
13341
18759
118
5184
3274
11182
1843
35148
8539
21621
8109
3878
31001
13609
20938
10384
14739
552
6492
32122
4892
1053
8197
1567
6248
18123
2696
43070
14581
1356
11645
10975
14991
29248
152
8112
6885
22289
8985
8789
25006
3372
3185
2490
36101
24428
505
647
5705
26082
12247
2102
17220
36676
35562
5312
10370
13752
13375
8917
425
19400
6050
402
2349
1702
4399
4402
29920
4049
50
46298
39000
1320
29507
15956
43222
5212
3759
4360
1546
1890
10696
26596
15241
968
18546
28253
28032
20981
3445
3000
27873
24733
2504
34138
1616
13403
754
19308
3943
3817
6142
3213
842
30529
944
16735
10658
13873
10153
5309
8508
15441
18482
30473
14216
3250
12002
3456
17458
39408
12986
3890
18457
2958
3818
8656
3125
11773
14103
27874
696
5926
19327
24057
2049
6033
11426
1843
4051
31
12846
1506
25159
6383
413
21720
8652
6096
10402
24739
30800
11238
16252
12178
11320
26258
31314
1364
6619
267
8181
31316
21878
4282
43547
3
531
27064
10262
12153
808
5153
7462
2828
2615
7253
77
6197
2473
46389
4333
1269
6760
2231
21443
8125
3605
21836
6332
516
41881
19131
6314
12599
11215
24970
7625
756
11328
9645
6688
8229
21790
16668
28018
30120
40324
2065
16218
1338
945
33909
4312
10444
13622
21012
14152
20286
503
29852
11850
10369
7012
2488
23516
25283
10559
23673
6741
43696
4282
35105
1518
23382
16369
18353
19695
32730
51754
32659
48544
8879
3272
579
51310
2822
34684
42471
11851
1935
334
1379
8012
43100
11767
26439
5392
12379
18614
8795
15561
10187
8962
13450
13236
24546
1575
1092
794
7613
16312
920
8239
4444
2070
77
5667
25678
21275
26264
17235
36472
13897
11309
7880
19202
15180
21008
5731
28535
19045
14894
281
3468
14327
7298
31625
15045
8545
13861
24947
1135
10840
12714
33751
8452
5554
11443
1206
26886
7653
6094
3479
1728
3874
1648
1281
5108
29057
31913
9672
2926
2233
483
17763
10166
1279
10135
25123
9524
19516
16178
34688
12619
1955
35868
7357
30531
28008
37614
3157
29235
18808
38694
6589
40664
8927
18342
9071
21503
15553
44002
13993
11773
5411
38267
12284
3634
9243
956
2738
45542
27147
20208
4761
10226
12835
6147
1298
13942
40734
20879
27154
23852
26390
32757
946
6734
4466
5204
14019
9983
15260
46092
1757
34452
12685
72
2890
41393
28411
6722
14906
7950
2011
37865
5657
16606
25785
3701
1390
15473
6679
15371
19205
3145
15403
3044
2680
2723
9131
20593
7723
5226
6666
3143
26785
18652
14351
50266
15517
1925
16458
19570
8622
4277
39480
37059
6393
13983
9412
6870
5112
20527
27276
33508
9090
8073
12823
1392
33788
56
19755
5486
14426
35309
2635
29545
13564
11547
27254
1640
16470
3436
19339
14
15569
7254
4727
10358
191
40224
2101
36977
16290
9826
32466
7062
114
17894
1441
9857
26329
26819
9396
34706
8140
13911
82
20426
1755
478
4625
24008
15935
38926
9111
4398
61
2016
14098
7441
15942
5892
15352
27151
33844
4966
10580
344
5961
3026
5706
18411
17392
31765
3100
15280
35045
30678
18694
8220
32794
3248
2683
4830
331
1851
25499
14209
6881
8611
24369
15010
14416
4423
22708
2033
8552
17472
8224
38073
17897
17788
19836
11837
13670
8324
19858
15002
15225
8745
6122
27875
35039
1177
25545
2133
22516
5365
14115
42019
2055
39097
863
1005
25226
794
8838
13801
15327
7295
25245
331
5551
7036
5991
2792
8860
3217
3052
807
15293
7197
9691
24816
45462
8781
95
2459
1490
30602
13077
21360
4704
7682
23607
7062
3102
18625
10523
5435
13598
5208
32408
1503
9168
24182
6533
20537
10002
11103
9358
15953
47786
1677
19810
19910
6943
18639
17192
4297
7717
2364
6249
14058
39652
24689
4858
12651
39519
168
31062
51343
38391
10368
1360
17432
24648
19559
32720
1135
984
8450
17267
5799
1612
1182
18924
1661
17681
2901
4587
2346
47618
5449
11441
17065
3248
37533
3598
9376
41356
10638
7899
14166
2877
5581
24385
13417
3038
26876
5095
15565
147
4656
16315
9957
14827
15293
2967
28006
8432
8386
12509
32520
17372
2311
26434
1699
26235
42544
26731
7167
31483
16108
29939
3229
8654
29720
5074
5673
48972
20868
2178
1530
5145
34051
5
7904
6613
6156
20850
3794
18310
35466
5906
3951
29719
3474
5568
10041
25723
19591
46
5376
25546
14438
4738
18849
14340
12989
15850
1206
20344
407
20813
15646
11295
700
25607
1115
2558
22336
1563
35341
199
43914
165
29237
12540
17229
475
1312
3616
10416
46142
31711
26722
46257
3921
7646
261
22546
7264
3065
8040
9477
909
4511
8807
15853
1575
2573
32929
2433
14631
2881
10762
9629
3847
41580
14346
3680
1477
14110
74
10182
17706
40
2626
23765
7340
3357
4898
34456
29671
808
24431
1189
7727
3068
1405
70
4129
2202
2467
4246
35889
3829
2921
4145
10351
8115
4788
6665
2543
39202
16902
4838
8720
12209
4255
451
4259
2129
4124
8528
1541
306
3941
33760
7517
7020
33418
23656
18504
2707
355
4567
3335
24276
47181
21262
16262
9520
1157
6087
18727
15143
7282
774
1661
2847
377
14871
12949
16544
40518
30401
17663
5216
646
1891
4284
39570
11850
21690
24123
17207
6137
363
18633
33380
9028
13703
6655
4375
17794
104
12878
37985
5620
10084
3780
16754
28923
5718
10190
6156
4050
3881
250
11042
17073
608
526
2003
29226
36319
4373
12018
45691
1574
24485
26070
5555
448
21903
14082
4169
26427
31258
5026
9906
3839
20440
1961
23054
7551
2323
18464
12015
1875
4350
31821
4273
29263
25990
4351
20915
3778
31567
143
14001
6375
32308
509
40043
2367
405
8698
13024
389
2485
36658
23706
3481
18517
5433
12860
29910
4760
3825
39588
10614
28532
5370
737
10404
14762
1256
1721
2229
39243
9053
42095
53585
7403
6255
17043
27360
50039
7265
27566
811
6802
3629
3377
5909
49865
7174
54044
7816
1644
12987
1891
10056
16744
1159
34039
40177
14976
14499
617
8885
12806
28546
6907
11380
36458
34774
27908
3546
1444
24564
10387
37537
5051
40608
38610
5080
15946
29524
19442
15084
375
6970
14193
30131
1528
1683
49220
28728
10205
737
5491
924
7780
3616
3970
5376
165
9839
20103
3705
23542
32435
11959
23707
31428
2139
46689
34444
42906
5985
261
219
9002
12393
11198
11908
42713
9305
47946
14345
9101
8074
9114
21609
37534
10412
7000
1509
29233
4365
5881
3168
23517
17678
20275
10572
982
10654
20785
8134
310
10772
557
11868
9077
767
8761
6881
6102
3165
4731
42749
12842
7451
3472
19270
2936
3342
11494
1424
1338
4889
1884
4227
10700
172
13019
4766
6896
7893
32140
15393
516
21553
27412
7243
17903
13883
20233
37298
754
17957
5536
22887
36491
19608
84
14213
9118
13301
20665
36066
12532
6689
2896
8210
23447
7810
2553
11752
4423
307
6002
200
15097
6462
1013
13939
7329
441
34648
34871
8760
27315
779
11831
19123
10830
19577
31502
5101
711
8762
23384
8881
10631
21848
8400
280
14667
2763
3200
44382
4598
34114
10270
36331
139
8603
1382
41356
13641
36053
18963
28029
11990
8338
3534
6427
6731
7842
1677
4849
23758
10618
18200
2031
11662
4839
14797
30365
16518
30746
19599
20634
702
32401
2820
3801
7501
1775
3064
5347
34971
39724
4622
2543
8070
18578
1235
1095
15775
3533
681
16908
35309
16420
1315
4489
21798
28124
14110
15279
6894
30937
3528
26598
44140
5273
220
3348
15309
13864
988
2663
21512
18381
927
2275
5849
9889
4576
4531
6073
23149
19308
1683
5428
2352
4087
9055
2795
15257
31409
3745
13824
28808
19782
23055
17647
3844
33615
10919
15330
1874
24380
24779
2721
7776
5963
28677
5961
14180
489
4801
30145
19838
4616
3615
4846
7534
8556
12168
26055
9966
36040
39602
6545
5271
10317
20515
8777
1374
22753
2608
15785
16740
18860
9869
1164
582
437
25084
7570
7052
11471
30486
2626
864
9040
30029
18506
4472
13604
2054
2024
4328
9708
7038
22761
10025
7312
17116
4738
23714
11153
2783
259
24722
278
11311
14022
18865
1044
13052
20992
17155
15314
496
8931
8828
12159
12041
34499
15744
2079
23720
38651
3924
760
1215
7229
1597
23649
39772
2132
12256
2245
4438
7319
4077
43425
6327
9606
3976
32490
3662
16048
2053
29101
16403
23
39323
821
601
31829
8266
8791
4121
4217
16513
25004
9620
1447
4128
271
14488
251
7847
3386
28535
19682
25760
16982
742
694
9364
6281
1570
2633
18586
13713
9539
20076
471
3336
44739
19301
25787
12237
9502
48083
26612
29734
2098
1411
28063
27352
8646
5126
23
5038
221
30347
9139
9544
40541
11913
3459
38643
13655
4456
18196
995
19035
21218
32993
1613
2362
7697
101
69
25695
1042
19009
14160
2523
12029
702
9450
1705
18192
18772
16771
3682
42267
5197
4773
19560
27898
6631
6259
18867
3624
4693
38063
4488
2953
6102
31230
184
5019
11992
9426
2406
16273
40813
12666
10895
35881
9571
39082
15604
25272
8744
10867
1070
16627
18195
21203
21757
11279
9294
4689
11178
2743
17116
13737
34175
12744
13181
10037
42233
19948
4948
2694
3215
11261
30180
14360
39998
22139
333
25499
10382
24333
9267
7791
7836
4377
8475
19674
4171
31025
13890
13663
36466
20385
9432
4327
8921
34662
8052
4860
32051
10645
793
12532
8238
8479
523
6527
18958
1618
3052
1418
10759
16795
22072
263
10853
10225
2773
5020
8762
26872
11316
5707
5878
7511
1468
520
684
36513
7358
14571
16501
24208
1462
7562
801
13695
14097
6616
5225
21888
705
42568
26112
7632
14721
30644
2966
52574
12033
19937
14152
1860
13308
5026
16230
39611
5003
13974
1258
21630
38392
107
21999
17327
4506
47848
4955
12317
7931
864
6524
17894
5530
3666
19056
17398
6947
29428
6724
20013
39657
1727
2678
13904
15407
12880
31039
6389
1779
9189
29760
13823
27049
16995
3982
15236
13104
21944
35584
28231
1228
27351
29761
24145
27565
28226
3964
5849
9969
25126
9892
23215
11955
9896
30315
26497
10840
41482
35861
1233
1714
3611
11333
12506
2560
7926
42981
761
34151
14021
3696
1730
1591
25930
3630
12764
8737
9330
1741
8877
15883
18325
5163
31314
15572
31229
38378
12271
2171
340
19302
1699
9538
3152
14632
2218
27237
13217
8563
3308
13841
42302
2833
27379
6666
7850
8078
22735
2030
7274
30478
29892
10116
491
12273
12046
3163
7005
25472
11023
5404
8423
127
41565
415
16843
893
238
11613
8468
43266
32791
9667
5064
780
9438
3966
1521
2532
2554
6157
17643
6174
3732
40194
7285
34857
10101
27183
291
8783
7823
18007
16258
28865
13664
765
5519
462
15009
324
8806
10884
25060
938
20511
9565
7987
22277
34864
77
4414
725
1119
36998
9979
3179
18759
18714
3651
1569
2279
28223
1297
19463
37352
16686
16402
26474
3184
15640
4511
1627
23222
24495
771
2333
25340
4013
23994
25168
22
1353
7568
10588
33040
3894
3311
459
8806
37646
20656
1932
17891
6920
70
63
88
19592
2706
25431
2057
8042
822
24338
7978
3069
28596
41346
5748
12264
14221
23027
847
28567
350
21781
5347
2085
23934
11946
16961
6080
8889
13170
4688
25962
11302
10264
6175
16885
1058
17456
2017
27173
29515
2626
27704
19392
16421
319
17028
46859
9189
3390
8908
28702
8827
1624
14266
5194
24311
804
1901
5936
34576
32092
1952
2957
23377
36143
5321
20557
5497
21675
6135
4853
5235
8055
385
16321
21774
20308
4710
1681
13315
9887
10290
17206
18347
38990
14248
9812
21780
31199
40577
4679
14893
42032
3685
23
18025
13113
4235
40097
8767
2005
18529
362
35604
6256
33214
11311
6151
14937
510
4842
27
15892
13593
36
1539
4886
6079
1246
4888
15573
6238
4065
7238
9529
32197
21874
29835
33380
5180
6110
26678
831
2068
3122
7235
33329
538
15810
28138
10666
17278
9333
28
2429
26654
21031
7149
849
2686
15063
14115
29721
14696
5900
681
6641
6333
7771
3663
41944
1602
876
22
26160
24853
9212
387
18380
14514
16756
13929
4803
4517
22879
16401
3340
657
1299
9063
6788
24430
1696
37085
32058
12838
13847
6384
25428
9014
5272
49052
851
28528
11648
2650
1286
2290
34149
35978
8189
3054
8725
2561
26621
8921
21461
3673
11108
2316
6259
5005
15584
14873
21383
6392
13768
39826
34340
18424
37159
15732
25049
220
3139
16538
20808
15305
27033
27370
9787
797
9240
21102
2123
27216
17414
32258
19151
26768
19569
3418
53417
26960
10941
3662
4065
27537
14362
34953
13465
4846
13620
10451
2045
4587
30
15210
656
26859
16057
10565
4213
24739
473
6920
1684
11526
1494
9421
41116
23245
28143
7324
15853
8614
15983
661
11163
15189
564
1465
27097
9144
6079
6310
2398
8021
10074
3691
4623
4473
21721
36427
34523
59
27081
33643
602
25216
10231
1279
18308
45246
36510
23924
22222
6926
3941
2785
2511
20126
28301
4433
26741
3031
1315
13332
3
6851
17034
6996
7656
17757
17363
5452
1831
5680
17733
1591
23681
5810
118
8644
1472
6032
520
15124
27541
16818
8667
32261
25115
4637
25673
79
4008
36698
46196
25463
19819
30452
3311
1102
2427
16463
18183
20094
8470
29006
11114
19665
32804
1243
3950
20367
8524
16017
3812
10208
1778
29302
3430
3882
5634
11
5794
39936
11915
15464
31304
22741
18152
20213
4224
5912
6655
8802
2727
9394
1096
3565
303
7899
20336
15141
14350
298
12988
6181
12757
18913
100
1280
25375
2378
13590
553
19458
2726
2697
1704
8470
3125
42251
10303
8342
1310
48110
21832
26391
1673
17638
40488
29088
43133
22627
6387
2326
1363
16857
2903
28666
1828
9650
11790
36405
751
17295
3237
43729
16725
7018
24785
69
10558
1897
27253
29930
31753
1920
17283
18937
10706
34851
408
9075
3961
20505
43170
18213
38
42709
22644
25797
26878
28856
15288
5536
12531
3374
25370
6997
2657
2491
29153
5182
1039
5862
125
11211
4538
696
41205
7925
28050
3116
21767
1253
19495
2159
21428
27847
23018
1082
10618
115
900
26577
6279
11318
25540
4976
561
26111
11956
13825
27679
500
12391
26210
1426
1912
2225
24388
16367
992
25733
21310
1885
2141
532
44051
15942
25673
20353
12009
100
8805
13833
614
2827
2424
1532
7197
16135
32293
3377
19294
4252
5130
34378
14121
12473
6602
14178
5762
15
14631
3005
4884
4027
10101
1973
36838
25335
6503
12768
11720
30489
29506
10966
18483
1148
5272
13271
1667
34203
27292
6658
18381
6761
22154
12798
9762
6356
41797
3172
10649
23007
16113
6402
39844
30992
33553
6824
46765
9498
167
1951
21502
30022
11140
4373
15309
834
2415
5237
27237
3313
7570
6821
32333
7606
6123
6243
15911
20977
13152
4009
34377
4077
14910
48964
29705
7059
11150
49556
38648
44
1678
5048
4828
16256
19731
28850
469
16723
17088
2412
4394
4144
459
6699
110
19217
31010
13425
2126
6620
46084
40370
20728
33207
21300
4120
6683
4925
2420
3254
29505
30759
26746
33648
46045
20530
12754
6219
28325
6180
35954
12357
3280
2145
12266
8547
27314
1932
28450
1969
934
50212
14946
1935
282
19805
26503
1047
1315
9225
38607
28683
2369
33037
29326
2170
7386
3003
16843
9
25287
4722
694
980
4841
329
22372
12970
3263
1332
5775
26641
7417
22693
8194
23578
18978
2627
7605
6004
22623
8893
33587
1189
2243
27348
2071
9552
3462
2175
17658
721
22408
1200
21847
12319
139
8601
8761
7211
2045
9795
1336
16414
20984
3450
15437
31936
15408
13127
2626
37728
714
721
724
899
29998
621
8203
11778
22182
1754
30324
18139
19977
7356
32758
4467
22741
26632
9143
37815
6140
5804
9944
2890
17792
17256
4099
18118
190
9223
34596
1144
49174
5825
6112
18411
9583
8770
3259
8194
16774
46902
36776
19803
320
10089
6868
551
33497
128
12139
1435
43206
21231
3889
663
9250
19776
3510
28910
17055
27554
6201
37563
3964
36433
7179
8680
3533
10244
31669
21908
14126
3889
2455
4116
37392
12880
3501
630
7757
1837
247
935
11363
2590
17168
39311
17221
6841
38480
29456
6026
7770
6014
6504
14383
19712
24941
2725
5892
15720
9061
2910
12915
3849
3631
20473
13693
18684
1100
21054
13696
16690
3310
27293
41484
13879
5128
7474
9594
21902
14476
74
2052
2562
18853
11776
18099
1688
38855
40403
2917
3727
3743
7778
5034
1020
10856
24008
16015
9919
14902
1767
16542
8200
25675
9945
23460
23718
5030
47911
3835
43018
3919
21114
4977
13881
5013
11574
3157
7561
33331
6052
35391
516
13046
19164
13613
16286
1067
37337
7718
21039
31428
3714
15139
12070
5589
22658
12447
16803
28050
15751
12508
22422
11996
10240
13417
4586
2290
16638
18482
17076
120
3268
7972
674
21426
20865
5856
5289
14081
20603
2320
19904
5056
25671
1037
25817
10112
30493
32268
24
3178
4654
18607
11531
25346
13746
11926
32563
18833
24271
23516
2249
21948
20252
10750
7656
8317
11336
8127
14357
281
22324
8070
8058
24662
7956
11175
24090
45649
6203
1994
11967
17699
21902
4480
3411
16611
20150
26022
3299
21977
12499
834
4895
31668
33927
1025
19763
2769
33912
170
3777
11161
3092
5755
12377
9814
30233
33725
3981
15670
30828
93
11472
8780
19406
5336
22691
9344
757
475
19761
1869
9034
1
10181
21647
9181
725
30965
35630
2613
12182
18549
4396
2072
115
8822
86
4273
13004
10051
5467
19967
14713
898
4079
27044
15560
650
9067
33070
11735
16454
32383
28633
30719
30609
267
18055
13817
15359
14963
11425
443
35413
14416
30781
2532
2434
2257
1132
28742
23059
294
1016
8150
1400
21012
128
18360
3534
1022
2771
18199
7685
1124
24667
1450
9161
9058
7370
31737
10208
22710
31787
12650
18050
1030
1377
536
14947
3593
368
5855
27763
27617
1618
49109
589
15400
3130
108
38779
2893
29910
7356
10164
29705
1358
45478
22715
19141
30330
22486
38050
325
17072
4616
2609
9901
16709
27491
32396
8410
353
12370
14587
4327
1636
3526
14611
1287
36292
34278
16505
228
30276
31598
32347
37119
21894
12687
36779
4549
42671
3677
8862
9273
2584
11640
8384
22879
29044
18848
4792
35595
9854
12836
5543
15309
1065
20733
18804
16542
14256
1177
30499
33784
4955
2313
6987
1561
2358
3916
668
1179
8643
4777
28517
25798
321
12282
34745
3552
46256
46619
31955
10839
47520
11516
13271
39494
43945
1742
50440
3351
10930
5837
32140
37355
2921
45926
4669
5450
8977
3049
22832
24908
677
18363
1807
23804
12455
11732
38272
659
4670
10351
31234
18888
28715
6137
23454
7711
15132
14636
7580
18382
1859
15774
13695
765
5477
18113
14054
2848
41860
7431
5620
15094
193
3237
27204
13122
17001
9560
5457
27595
10
30180
4347
1886
21120
2468
4504
2101
2975
3885
15979
16113
26574
5428
8120
21808
25428
30013
16185
5182
18163
41264
43
17435
3741
5813
2107
82
759
15009
1329
22496
29093
7495
42663
17728
545
1034
7014
5850
3526
4823
23617
16457
33366
21533
22866
44240
35884
4124
11772
10235
7314
3084
6994
27557
4585
44739
27788
16006
4846
1039
43094
17986
2419
2727
7677
3459
9212
5381
10175
7679
19028
23945
2351
7729
17752
5400
37102
5566
39554
31459
8214
3280
16307
11494
4823
6240
2357
1002
634
20132
798
17797
2554
4662
9370
309
16882
18461
35504
17827
3712
23421
30624
21204
11893
467
14519
34925
26963
9705
22790
4628
27555
10793
17956
38358
13919
11375
8913
17773
5806
14984
10849
27044
8813
6601
18635
925
28615
4200
13139
13936
8302
12747
11501
10148
9964
6914
2611
18610
33524
945
799
13770
4340
197
10469
14646
15615
2356
16790
10261
196
8273
1547
2331
40820
2372
6149
3170
43570
10154
15453
7145
8450
29325
10316
8655
13832
3416
14259
7864
18046
28056
25019
31880
8118
436
22226
4856
3017
19870
37484
7860
17003
22948
17022
1213
12462
21799
49093
208
7677
38825
32555
11839
4115
3929
15703
2130
22781
440
83
2980
2673
84
7342
20933
7012
29462
34163
45406
12076
2218
6190
47515
9367
6167
12117
10715
3832
3239
12800
9603
3393
37178
2521
11839
5094
28515
2716
84
14804
914
8362
129
11816
354
32
22300
3340
12937
8857
8452
6392
41970
5153
1126
27997
2316
21477
28288
31284
11439
32536
18178
38394
4478
3709
3908
1445
38229
194
19477
6327
2761
4844
27488
12815
24890
15987
10332
24996
10980
1059
120
3117
7785
4962
23881
47637
7860
6338
4250
13400
32799
5556
6601
2914
2586
10778
12583
17348
11816
12202
36722
10565
34059
38353
11869
16710
5313
20363
11020
12235
12870
24197
9663
3512
33003
1744
859
6940
6664
18186
625
1246
289
4694
21298
5860
22174
3142
18281
19922
12819
1730
3572
37693
5275
23711
28322
2794
32361
11252
4935
40576
29064
777
2101
12107
465
28272
13474
12978
2682
555
11926
731
26165
692
5522
52050
19738
9387
7115
18973
17156
16017
17228
25106
426
1357
5314
1867
38259
6894
161
23059
4649
3240
3778
4087
36456
5885
22718
2009
41264
1186
13819
12036
5196
9798
18519
30213
17495
10676
36620
23402
3598
3820
5087
19168
28837
146
10159
370
1564
3204
24699
3180
8108
33089
1151
21630
5819
381
14729
158
609
6293
1026
2390
9502
29123
2690
21839
46695
2488
26317
4006
1180
20159
15089
12887
137
526
3935
8230
11962
15287
40436
23665
20491
26427
5338
16125
24687
8755
25860
267
2456
133
3072
540
24954
50604
41368
4955
15508
1169
19479
25875
2573
11343
19669
11556
40122
5561
24308
9172
16150
1128
3875
6430
4732
24869
25705
6809
935
44727
19142
3813
15950
43831
18725
11687
18027
11547
24652
824
572
10026
33735
7462
2759
39920
4953
41116
499
18836
42471
9397
21090
27142
495
3459
13566
15159
2883
25331
23408
31336
14754
709
17769
18808
38783
27838
12040
13815
4914
16319
4250
18557
1524
27035
10320
2201
4232
238
4024
11696
1966
4742
6394
39738
168
924
27449
21691
34269
889
15109
261
9752
2450
8460
15523
21744
572
11404
7306
175
2070
1491
1374
28083
3534
26188
10186
3972
37165
27879
10492
1730
36881
1715
22331
14116
4685
6947
12230
8561
6264
11383
8606
1376
33281
4483
15109
189
10798
2017
47720
2007
16600
22757
1189
23051
3309
37251
19436
9886
38221
3433
47044
8036
5687
2747
22833
16
73
6207
9020
22769
13249
18078
4175
6202
3252
16635
14837
24272
21479
1667
9828
401
11572
31471
35419
22512
22373
18490
12077
13452
6375
4186
12563
6
41966
7840
9611
33796
6282
43717
995
10785
1410
2795
2526
5392
1783
36844
16354
2040
24275
38977
33853
9756
20476
38848
18910
9965
3486
28188
22101
24606
5918
2079
23406
12120
25241
13133
17936
17435
11708
14049
5899
24999
1345
26796
16725
14748
2070
22901
6254
2228
23071
6200
10040
426
364
1109
732
2508
10311
2361
24119
3494
1121
22494
976
15250
29664
11422
6014
794
21798
197
13708
1729
16890
4451
4056
28032
21010
2860
8475
5088
14961
10750
4247
1547
2990
32503
48548
2482
1457
1255
5934
10559
4615
5291
36804
10405
11140
8715
5053
39792
21402
21283
722
40210
14947
222
11756
16973
15685
1013
10377
16516
5437
1844
4809
52558
6389
6958
4849
38573
2636
1788
8255
17128
335
516
5
23040
136
20255
4008
915
39839
27091
10378
2883
2376
10681
13277
10308
17180
13745
38802
12370
11385
1148
12400
15217
642
11817
15795
16432
28415
36592
4059
16375
6340
12984
11743
18261
6651
5867
11099
37500
14314
78
20380
27445
1952
3677
7897
2641
21481
43561
34511
32443
9714
25590
5640
2406
27583
36580
44612
8839
5606
54159
26024
7411
5232
15827
21011
9945
11937
26286
41553
1777
18327
8961
1089
1879
23475
5582
27822
42237
2635
908
4890
27488
7720
12123
1595
28179
22413
5780
43842
36812
5119
24020
25941
24190
8887
35039
32477
829
39420
5617
14689
4673
7636
13247
8628
3914
31252
13573
4686
14244
41110
16503
13278
13807
25025
6006
11130
26471
1265
8386
829
27077
1342
20243
8389
7751
3824
770
11320
27642
13326
1098
1758
5642
18114
1617
11562
10019
8135
10991
14059
6216
27354
11113
5649
59
1570
627
14777
10306
39892
4626
22584
1345
4698
15925
22134
2296
11295
133
6295
848
25954
2475
6745
49920
9853
7330
9926
9252
7724
9044
26028
6253
2191
11240
35593
39546
30009
15449
41230
1239
23410
9014
25596
273
9456
6713
25176
12878
25545
16830
8219
3233
38349
6592
42731
2687
9650
26077
2029
20041
16697
3042
11768
33127
22452
18133
28245
27536
25867
2032
23442
2844
6623
1400
7597
8091
547
23342
9484
1106
36784
6376
220
37563
6567
13786
10133
6251
18021
40855
33971
6494
6284
30228
759
15032
9651
1003
35544
1923
33673
24299
11485
19233
7240
23739
6730
1178
1430
156
28929
10393
15992
24976
2581
46518
1519
43623
30743
25965
632
40690
7026
543
42140
6304
6626
21433
384
46559
2786
18332
42734
941
5632
1242
10596
21537
1871
3476
11314
13756
17746
19600
18467
4043
641
655
6511
14487
28777
1301
11186
11059
30760
40549
33212
3018
20728
2457
6333
12835
25737
8898
5226
15080
25656
1992
35632
19330
30660
5323
21122
18162
1684
332
1128
25372
1048
278
9422
1327
4385
28
275
7003
4121
12092
19445
1364
22420
22728
15050
1746
38153
7649
4886
14869
28756
744
3541
7058
2888
1335
13222
15013
13663
23714
9350
16036
2024
9064
12927
1618
35
4407
6786
2638
8692
5518
11694
15785
10990
25755
2591
33509
10926
14373
13760
25768
2630
1836
647
3745
6640
3956
1544
9231
1521
22847
5494
7426
2880
3071
9960
39010
3003
23247
20163
10720
6125
7222
23534
7334
9509
6063
3131
16429
10369
20975
25531
8941
453
10569
4010
34648
455
70
30977
6044
97
1274
17352
4012
29967
15403
3521
6027
7322
6302
17157
38215
11650
20073
2068
31664
643
9189
29513
961
12517
6133
15464
41627
19154
23982
34232
11393
5169
38529
1907
4029
1237
2374
11260
21911
14127
13949
27245
24048
6076
10064
32236
401
1839
1220
35661
3717
25099
37463
35600
6838
2128
27498
9678
