38763
32835
10522
4650
366
38572
33872
16946
1166
13601
5410
21530
5641
9644
2987
29020
40657
6373
6729
11534
58698
12676
11811
32238
20553
54675
5391
6913
7082
15333
44883
1654
20145
37565
1877
2956
1607
5164
12584
50274
23975
2549
1060
48136
64754
17871
1827
10232
10053
33328
2621
24682
3719
27944
1521
17126
16901
27322
49617
8415
15458
10799
2998
1492
35205
2914
24493
54867
16295
7102
39650
23669
6065
1764
32861
41129
5329
6588
44501
28295
45898
2
31380
32657
50049
2615
18496
13397
480
17219
1888
36643
8814
1034
46560
4814
37884
34878
33252
4
17382
47816
37139
57608
24553
48115
10111
10625
1896
26906
23819
37233
15327
43429
34027
13093
45460
72416
10993
1694
3
22478
894
3229
5418
29889
25942
36621
938
4927
10382
11076
25215
36333
13488
5406
1431
28299
547
21467
61964
2430
77078
57889
2340
17934
34089
5544
29832
7391
46177
4282
13559
21185
14117
1351
32816
30265
756
7
3121
3040
67664
4938
48337
4287
7744
49233
42
478
781
49301
2843
30740
23510
14437
8710
42900
11402
19755
1826
26070
19910
33096
14721
20699
11513
4993
22078
638
1460
5631
69256
23049
4196
14376
5151
10212
60311
28316
32498
6527
738
8126
56061
14376
20831
17973
5183
19816
62751
43302
874
27837
13695
21804
40750
1611
3926
26146
5697
13155
3514
13809
13694
3045
5989
17501
43524
15782
7100
32195
58005
3032
11187
7998
14222
502
6746
10189
1093
36567
760
5702
9092
9218
4658
22352
48500
41172
6497
11562
3013
5222
30676
337
29593
22297
15205
7538
19525
30590
21177
36689
23906
44504
2195
13239
19845
20516
3583
7481
33656
4594
1409
2678
16316
18589
17304
18824
7465
13257
16026
21593
26858
17707
12542
15856
808
30923
65192
53449
38481
2987
18324
25266
1301
21502
2771
56449
60459
2121
47817
32143
12101
34816
17495
160
19967
55047
73008
10276
3465
11674
6339
11249
10219
15971
28936
3781
37572
12546
6161
3793
45309
9145
21806
26343
23166
43804
12964
24072
9979
3763
14035
19665
2582
28920
33759
663
21651
15079
10786
20905
2492
8581
787
38888
13120
44938
5117
7608
332
46909
1237
36669
14570
5859
34296
27990
39616
38289
30185
8707
738
20262
11586
8769
13861
25125
20722
20214
1430
6276
2574
39907
24259
19558
10903
21257
277
24
11
11613
47394
17824
49663
329
13566
888
40126
52805
1986
3285
13024
28228
25837
3658
12362
10347
20280
26821
9131
16
60908
2520
3
42031
24070
7144
833
1628
1460
30515
12564
8
51507
67981
8185
25659
20198
17631
25857
32571
7129
3586
12622
50320
11359
1586
369
17754
3698
5993
11978
16226
870
25585
15263
32759
10260
33164
4961
14351
9818
16951
31603
15731
27590
14995
12110
41961
39247
54499
465
47625
36394
5681
39753
44233
15097
12765
9241
5232
4876
9666
6060
5948
43189
28020
24667
6587
1588
9601
16419
3282
8231
14000
6660
61529
2058
31437
9529
3
4954
11149
5674
3770
11452
6651
20621
13438
11852
4805
7531
15448
66653
12580
12997
4431
32570
38543
11625
50804
82
7198
7439
835
35347
44086
20334
14523
13882
38813
4642
10486
62974
30605
10871
23806
21506
6574
38185
20667
2507
9947
832
2433
13450
6862
31953
1748
4417
12346
36956
13235
8743
36828
7677
57732
879
31568
30922
41489
13378
22631
49038
50511
188
45253
12342
162
8241
1446
2536
2770
3922
25136
43284
205
13396
63898
25580
42529
13996
24043
6359
1513
14852
18664
78739
14158
7161
8259
53045
5491
14613
7746
20326
38265
20045
19507
2818
20193
17388
11455
16539
1627
45594
25383
3895
33482
776
26775
9312
3704
17986
3879
45972
11808
40292
28606
2426
17823
28244
3328
3205
58984
6842
5876
19886
43953
1457
62747
38748
38655
3102
54544
12994
39189
59526
1318
6613
1158
54212
5772
25573
26547
5358
16531
66819
9953
2500
7420
23579
18142
20355
2268
43570
51424
33221
34590
44199
62344
6617
36657
65375
33214
18403
19089
30391
42869
38141
30495
38425
5798
18579
11999
25877
7101
5577
6176
8558
303
39394
42885
10469
2896
33098
59189
3927
26288
19030
16560
42470
12533
49450
2148
11757
33605
8257
19403
21976
3522
398
15309
1799
19607
62883
10756
14699
4406
23155
30758
2640
15033
28265
1160
61915
27268
7808
31157
1571
8719
4439
1204
5889
35625
24436
27423
565
11291
16689
48475
23863
14733
6023
24662
2078
17829
20735
3189
228
13266
2703
60408
730
10488
27366
58645
13351
1926
21328
27829
17980
13857
20056
45948
22817
33229
4934
7699
39072
22850
9859
18983
14353
1583
6114
428
13820
12138
20020
42631
28455
5052
5101
3451
5027
6056
13130
30506
45130
3785
19285
259
11939
15905
60305
9591
49155
13582
6448
18707
1642
4215
2661
5180
5929
5205
363
45191
52851
19488
24999
5260
33193
3228
47759
18548
51718
7229
29756
71373
22472
38073
31043
12224
46871
23181
19507
12067
22531
64934
7785
24502
13775
17870
13891
20615
37514
2475
8518
24837
27804
10485
47121
334
15957
42483
4086
1638
9055
6541
39645
5695
11027
15150
3753
7077
15286
26148
55997
4114
8532
1140
32134
2249
2327
3588
5148
56466
8821
37377
3442
9
3217
16995
33857
11154
1424
26906
53890
3285
7994
63002
11201
8665
28260
18703
62611
1766
46655
12929
49794
5576
14996
23735
36873
22573
36755
7011
24845
42654
50983
8649
21737
18422
5565
21415
200
6394
5678
25800
48724
41881
7105
46352
16117
24548
21831
63585
1041
6759
22303
38290
7471
24277
6819
2424
24276
28407
25621
32422
2856
62557
1742
19593
10670
18991
6475
1926
3704
9071
303
722
24377
2141
50425
140
3110
5454
62085
7023
7374
27186
1411
48309
14423
9240
8174
36045
21995
11979
25219
1860
800
47217
13456
22568
31540
5741
15676
3524
72212
25953
1126
23569
19415
31074
8153
39748
1
38845
80
3001
13702
7169
53339
3882
27833
10376
3418
1709
38047
51898
27939
34
5794
22716
15229
5244
55218
29466
9865
30551
701
1261
17038
27657
10883
21827
59511
85
353
2725
51829
908
10108
37209
8908
25218
13065
16334
32727
670
22286
13330
57517
494
10520
14835
25118
13120
37496
8928
47572
23145
303
1727
33538
11898
848
4351
42103
11373
5987
7445
16377
10465
15814
25477
3907
66692
8484
3317
3793
23056
13853
14165
30506
18411
32043
22257
41145
61312
54669
74184
28361
18916
13882
15200
13221
317
2977
34583
15906
52979
4925
20770
24893
39850
49111
20413
6033
28836
45626
28836
63588
1335
3017
3415
7510
273
288
3226
49154
36524
7483
2048
30793
27689
3081
53988
12271
33880
2132
4475
10368
46733
5271
13013
29600
28623
47288
4699
2
28341
49299
22109
42390
20016
43748
6488
21756
21868
45026
41540
4505
902
48326
18501
1839
1968
12633
9268
1148
19847
3035
5318
34923
10698
10403
12370
21801
3415
18536
18478
19492
23410
11073
24230
37637
7967
32966
12988
30327
25247
44302
38074
1093
1147
44777
61441
14687
34089
38719
5905
14372
13163
4580
26768
13890
1705
33765
5014
27817
8666
37575
6771
69990
12020
8071
37195
1564
10838
402
33511
31
20646
4108
4618
7233
31253
3123
10355
51384
10427
48206
7011
18302
57376
14292
3869
46044
25461
96
2960
42185
2
18480
11863
43061
72716
19789
1025
1261
59190
53099
1
14380
62588
31714
3568
26623
27548
17453
9381
19009
9785
28674
18486
3703
18318
14373
38496
21117
4924
12
15175
48359
20270
36628
2095
13570
6457
60413
19986
40232
9285
12290
33820
3462
705
46158
67814
14561
558
649
72544
21157
346
13126
38868
25201
40538
17206
11554
43237
11049
16779
27876
1961
3617
20413
7589
14023
13861
37187
19123
38705
46182
7104
52919
30844
5112
7300
19836
1914
59298
11981
1072
38746
48598
6645
5601
1
641
715
17641
1050
15102
1656
1950
1692
13598
35691
49555
6920
20477
4124
1509
4983
2981
1557
53356
9664
9277
8593
47122
35771
2032
14879
6424
19386
28379
24950
11609
13066
19479
33684
25113
48440
2984
19784
856
11267
13934
6253
8031
2866
17804
12588
10074
29927
44759
21512
16005
6329
27545
9171
32262
31862
36781
49844
33967
15953
14139
436
26530
19192
50600
46762
4703
7251
3246
31634
38088
3804
29178
2832
5614
237
9946
8023
1724
5347
19450
40757
2109
1666
44495
8890
3912
1010
9014
53608
10250
11666
7979
19160
7263
6049
45144
39654
54008
5848
12214
50113
31366
6483
52200
7707
9476
2719
5745
7138
28482
4801
25711
68416
56938
1732
28580
7582
16465
4427
40603
26254
1185
39937
49985
34612
3614
5324
42685
32813
31820
31033
1817
13005
7918
17397
51438
8714
1463
7054
23231
37935
62001
29826
54446
31657
3501
34184
29200
32078
3601
12218
2476
50618
46109
18802
25184
13050
20078
38340
19402
781
13216
34545
32687
3
415
5471
20864
67854
14114
27443
734
1368
2876
9934
908
6020
18489
19443
51776
20532
44033
2166
11423
9944
12511
6610
31135
12113
897
23811
34425
41977
2399
62310
2422
16004
31303
17203
45418
8035
18801
32172
1423
2366
31590
12254
9945
9217
5919
7791
6680
7393
70135
18841
506
593
19366
42449
14362
37508
12620
38058
4235
8943
27189
41864
13776
5835
63896
2051
1080
36686
15967
10585
31302
24014
762
20580
8074
8301
3538
21334
2046
15912
1833
6444
399
36858
12873
21006
10438
51583
12811
7391
14433
4161
36498
16519
5140
11850
38994
21328
10447
26824
644
6
31306
2574
13155
1610
12549
905
24957
67564
14607
38699
9715
11070
21864
18003
16494
1325
3554
4886
4975
28668
18030
17454
16119
12640
46537
22337
29653
2975
32549
12625
7361
36729
62420
50505
33895
47083
44361
25189
20430
2236
622
7762
18865
3170
28671
13335
45774
63266
19756
20163
9967
32560
45222
48198
2672
270
48425
14883
2224
1
12824
44147
36255
18939
66304
41582
2364
5643
13779
4994
37030
6262
14171
35879
44931
14425
4059
72117
10990
12198
20810
37159
7038
10690
2960
38389
24785
28423
9287
39305
14639
15804
2669
31249
33079
24069
25260
27008
35092
44363
37863
32743
1705
11778
34768
19194
17311
10751
930
24574
40264
5831
32449
41833
38012
35834
28943
274
7892
323
62465
29487
6214
666
13088
24933
2592
23481
26843
64322
35
1761
27518
25872
29673
52964
20566
524
11066
32344
20430
21678
16891
22888
3627
36733
4910
33665
28658
7146
36177
628
3932
17850
490
64474
5157
30202
2606
3253
781
7305
6051
5292
15001
9112
70714
13641
7491
10771
55676
11051
10274
47474
9968
55670
2819
11320
4021
11278
30624
36712
35579
3394
7210
2745
25845
562
18222
31018
3489
65298
2107
4745
16183
9456
40372
15880
10025
40
27201
4328
3333
21773
19343
310
3939
3609
16546
38302
14117
8785
513
31099
32429
5036
26236
6142
1232
50277
13200
12498
908
22453
30397
23614
44974
13103
2772
21380
21477
20211
8220
13216
17516
13812
5234
3
2178
60566
9365
13333
13290
11451
46260
6396
70449
6432
1537
30919
22957
15339
61731
2176
11561
16758
28437
39167
48453
25093
19444
11257
13871
3718
20117
10323
17773
3543
3307
12944
2477
4280
24929
27424
43979
31116
13135
65922
50792
18253
8111
1133
63574
37348
9133
14096
46359
63810
38224
10290
27906
60620
2784
64741
18210
42058
10773
21991
35877
10845
53
6734
20580
19959
43034
884
17908
21657
43124
554
4029
17517
2050
61352
23897
8689
5721
35506
132
53017
37710
23581
4696
5872
22466
62111
16454
49387
29230
4118
16755
28931
31385
23366
47647
12474
31200
12940
8439
26749
11000
38882
4325
22861
16504
27414
47856
13274
35219
13291
2955
1802
40544
4529
12460
598
2058
27978
28475
38971
13381
5519
45572
11427
12224
16799
1783
8519
58413
44263
2578
45943
13564
47101
23841
35510
17575
50483
52347
2973
40089
2184
5945
31194
27896
69381
58724
37968
51871
9942
40833
10443
517
7965
5997
47220
2200
38811
3453
5279
6055
25479
29819
40226
16329
5311
16581
1695
3112
20157
11475
16166
21187
7137
10623
8962
4541
3428
25853
1019
36049
48586
4397
17093
1209
3697
619
12862
1959
4418
20699
68275
10026
18666
10235
728
42435
50450
23104
6074
11877
5402
22425
24379
19655
21111
11763
12522
17856
245
24907
8124
17012
10795
1
45
16967
27122
10013
13800
4140
1063
2093
1198
14044
1036
12654
5385
17189
34916
9217
46089
12394
6722
13166
22401
21103
28566
8528
38551
13891
2
2677
1228
56549
51716
1729
16010
1898
11608
33126
1723
39042
21120
8343
6676
6960
2102
50865
29864
43335
2371
33806
3792
36970
20866
63416
19763
72784
2139
4885
13509
3285
26049
6170
4937
5232
944
23148
4174
15168
31932
2972
6800
2531
12625
24451
23229
50016
3240
41787
49627
4781
1833
16133
6265
14610
29344
3749
20723
35114
24108
45882
15817
16338
34561
690
24019
19166
27272
48229
15884
12023
262
1140
12789
6664
12337
28584
11552
15858
7365
6338
2547
30659
831
61993
30447
26871
1118
8155
38821
63676
11570
1854
42136
25639
10871
11765
16314
20550
8575
62
16051
6177
49143
1112
7700
1727
1518
11690
1147
8106
47
8052
21093
17401
9837
1335
5354
22507
3196
20947
55879
21783
1374
33134
17356
46744
5911
2364
49309
35225
3280
8359
56866
997
1043
5133
68425
7127
26898
8
14260
20260
32472
14432
15797
535
23265
45445
3950
9952
815
6169
4271
5537
4507
1710
32100
27857
11555
33700
16262
45131
2411
6185
2464
31810
346
26993
6254
8624
4355
35746
36582
45922
3278
15957
23986
2087
20189
289
3882
14921
5545
1031
9654
62704
44165
10477
18508
19101
9193
20681
65917
39815
1025
4960
6058
8404
56837
16175
67282
5715
9222
567
37625
44086
22264
9368
10283
27339
3029
12352
125
23465
37095
951
25497
33465
30365
5604
7434
28006
1575
10651
8333
2291
10
38462
30205
27654
7976
7713
2724
40988
31720
61684
9844
25161
17385
5685
15277
18956
2689
38906
13119
15109
135
4735
9106
46305
34017
2285
1904
69292
14205
10792
5970
1443
8894
14767
1108
681
39119
24182
20311
42029
2
75821
15176
14011
39860
324
45177
25066
19793
38666
61764
13698
976
21539
10452
42072
1231
1512
21762
46403
42566
5867
14433
8297
8266
7875
9140
3587
45579
17949
35978
9206
15641
5432
18119
1510
19349
34120
12942
24487
25182
3231
47292
39468
5718
20198
16202
32113
15457
12528
10736
26636
27549
15024
37505
5572
19182
4010
24384
1
14160
1481
49725
3703
487
7988
13306
2747
19023
39354
38077
6428
58440
57595
1049
1739
4545
40821
30172
6042
5338
22329
33139
1152
1272
23977
1072
6639
4812
13275
9045
3858
57067
17899
1110
22019
682
3
513
16352
14749
30653
12624
61669
22028
42985
10773
28618
6160
21591
10210
46788
1065
435
8430
10945
39976
13235
10844
16823
7596
12859
1042
19950
31134
40744
4624
7179
16770
9720
44412
968
5083
1569
46777
1634
1947
43135
54342
18181
15737
3533
61095
14748
20238
9006
15876
6581
10
8722
46430
1
35042
49091
5616
54152
32226
16563
25969
3369
837
30615
43679
5275
15040
17792
4411
53009
16112
26058
12715
703
15310
17766
61372
6096
18107
10431
13776
27962
2819
11503
38721
35418
8310
4975
13902
15854
9303
68330
5749
7828
19454
3011
17339
15647
6826
9101
20973
19499
11749
26389
11549
20609
2821
7842
32420
48099
58221
9
48639
994
687
21149
25736
17882
3670
2947
37925
7727
14711
9692
35602
1693
27095
6486
29541
9466
10518
9560
4549
10914
11490
4605
28325
4658
2158
63821
2383
5114
22569
2850
25468
12811
41974
60763
51785
10183
2782
33581
15353
32014
31742
47997
9848
15217
36998
5917
15237
4963
19023
30951
1995
25542
11151
8464
18671
60697
58088
1677
9013
21818
23171
44127
43771
24432
35633
67167
38822
1709
13280
4498
26776
1790
17455
14537
7918
23078
27712
13114
38593
14559
42757
3278
451
18617
35
16163
912
47636
26162
8305
2570
11565
12392
49228
27043
6942
16058
9143
39251
7553
2169
18484
1
30125
11249
23926
22680
8778
16195
552
12782
7604
52805
56486
9408
17912
65286
2661
7127
13654
12380
23
15261
22745
8706
6683
9061
41387
61674
16051
20694
8
7204
2066
6273
5314
71397
557
39875
2593
21420
9629
43408
62871
12474
73974
34441
36654
31963
9642
44444
23753
38251
18257
13451
12882
2554
12331
34101
5788
35342
41291
7178
20249
7982
10729
13464
7786
11995
8859
4281
1235
2231
6207
844
50283
10624
26052
33354
6032
8605
2095
4865
18655
1335
14895
4181
2874
14431
20059
1815
2104
8339
18642
15045
10042
12835
4058
24061
18808
11372
3956
11193
41239
40113
2600
4684
20655
16427
1187
23264
10155
25810
8269
6
52171
13089
10381
56201
47953
14925
217
12470
9756
59313
21578
10987
4301
39550
30535
1692
1749
23069
36351
16351
646
57906
12789
37504
5164
41922
8343
875
38213
7665
8628
63857
35618
9651
11557
19319
37732
20926
32276
43071
33145
11476
367
20135
18064
2178
4689
5978
21895
550
13619
7999
35114
68632
77992
32735
12824
12876
27193
22122
49255
3170
66157
21408
41292
42875
9836
7134
28502
17257
242
8574
55028
1830
1967
7053
12254
50392
23188
3786
2224
11173
29932
3497
132
12168
49427
13156
48281
2966
21458
6100
13996
2275
31620
18921
42482
512
30645
9238
35502
15522
75629
24335
24246
12978
1116
26917
6460
21437
6581
12815
22004
16814
2263
6043
26350
52678
21930
9858
19646
57171
13374
377
13260
28755
5288
24682
13927
18285
920
23936
13316
23051
5434
765
44096
5599
18025
56883
36130
24358
5957
44304
4635
13815
3883
44204
13475
64911
22947
51273
39279
39364
7703
31059
19318
27511
3228
58660
3986
2783
30370
20511
3311
37
18210
39873
11203
13083
42797
27322
56994
7545
28654
48144
64343
4090
10125
31532
57874
5151
16750
43937
12713
410
30
4
1750
51982
33723
1745
5325
62497
31871
19461
48917
15918
7130
18564
2109
8631
912
1431
17398
4707
855
352
18644
28320
9811
5565
20322
11480
19638
57261
13434
2842
28836
634
9671
4876
23415
56622
55766
13701
12946
1140
16045
24364
52438
4082
6831
20379
8365
4562
7045
3073
4075
899
2296
60066
15386
40541
476
3259
32713
42
12752
6531
7156
1567
22838
12870
3976
4269
55026
7882
1012
3063
34433
8091
31637
43754
15249
22379
74380
46112
21698
3330
1362
5493
43001
46298
20631
24425
39966
1176
1508
28326
6447
33691
3256
28359
22060
25399
4506
3470
23578
3654
8274
2359
6571
41485
9131
23397
6616
13032
16667
3375
17093
10213
515
46462
5024
24953
13677
2266
2617
9798
919
35472
57873
1838
37983
47973
1378
46516
33654
19377
470
50932
1176
7553
713
8491
62086
5620
40606
10444
7205
7871
3293
58398
15586
44802
4113
5212
18425
7598
19661
1025
4767
9618
938
2337
52295
26909
21348
56525
327
2352
18989
32703
36189
47091
20596
14595
2250
40376
24049
55258
17498
44277
5461
1162
40081
13051
12891
17686
35484
33974
53
47401
22533
66901
15380
15674
65720
19905
243
26827
23373
2
17288
6229
8873
12217
1097
5062
68472
37374
21424
22086
8554
16667
36383
22634
34792
73228
8410
33807
15335
13458
12588
1694
5529
19166
41592
21664
17721
16678
8443
69939
1332
1024
2825
6795
35467
14
3159
21959
27957
49201
43199
5983
35580
4628
2524
9
856
7
5807
2348
49223
24480
8464
2593
20394
19875
3888
10660
41894
21479
10703
39931
5419
4211
17077
793
70076
1023
12755
28311
3232
2450
10596
11762
11847
1799
11169
20146
10768
5115
3568
6999
48618
2982
30585
22056
25292
4250
56633
49273
27044
17355
39381
20738
48812
36217
13273
56231
56911
5534
27966
807
7034
4089
13654
21800
38078
5962
37307
19050
4960
16104
746
12856
16545
6177
51872
9372
31528
5366
39265
1261
50896
27172
2377
4
26235
6536
37634
7138
16028
40449
1371
66133
7297
5048
13255
1561
52409
4165
8009
10280
23729
20942
10105
24169
45553
52151
43600
19162
280
18453
49641
63447
58347
18325
1398
16980
11923
33439
14240
15518
19060
1091
16226
10026
1893
25518
4958
18076
54387
35028
45983
4186
3503
2201
1751
3292
870
3443
727
17086
7693
19407
21225
5685
15269
20955
40263
26104
21049
56768
67378
46762
28031
18766
61023
21378
24644
28456
53890
43524
40394
26574
8714
47578
51800
13390
673
60340
39483
3920
13668
682
7282
11266
2296
29490
47469
17570
2404
40426
4031
345
43258
7749
1094
11511
7068
10223
7742
27799
69797
25951
3327
301
345
21776
58555
26861
478
6751
27002
20992
5145
65866
29468
36779
3353
4943
15823
6244
12693
10894
7908
7919
17564
9365
3760
21913
23862
1170
4687
45936
1196
31052
3817
20473
2900
61591
12539
1625
24883
62451
14994
10124
49389
19130
19460
35726
14106
4749
10996
4627
26700
122
3391
13982
8036
60082
7532
31308
12616
27473
8384
6746
4795
4295
11560
41139
12006
43689
1619
13516
30198
44095
27599
41115
14864
24507
46714
2845
35355
4882
725
27646
10423
9770
6481
2328
44955
32363
65458
14222
8743
693
75573
63055
13099
16994
29374
30180
6701
7284
7782
9624
1359
14416
34949
11475
3358
32619
9253
13292
52070
27871
10875
2194
59179
7532
16413
10963
9015
2604
43787
16230
24379
1975
14874
61779
38414
35818
26145
8860
62787
3673
34398
41808
49640
22987
33146
22580
672
11711
3565
3502
7314
1704
4559
1212
7887
54032
6738
3174
402
31161
2955
998
2122
2405
2003
50942
10403
64627
12109
39295
888
42979
791
662
8888
18200
16250
22311
1770
7569
3421
13067
17773
13753
13874
48422
15288
3898
14310
7048
16161
53800
1756
17285
55870
608
33667
1755
13139
38161
15003
36663
9948
2067
8580
19500
4561
55656
25638
64669
21764
15565
15130
22613
22848
17565
18327
10864
7676
31837
36135
62328
65679
5047
2876
6113
40936
12351
58449
29025
24971
42093
1025
18281
50083
20412
14560
20450
9277
37508
63754
1700
626
16712
20855
3273
6861
7014
3494
16265
15364
8605
45541
30715
34892
21431
18018
5417
58294
40317
35687
3875
35171
7618
5815
388
6200
32361
15302
2681
14487
55550
23629
7442
3531
6433
17112
8026
26620
4228
1722
20053
8045
16962
30881
11429
5086
36820
4171
67603
15659
22637
19151
20164
4769
6519
63120
2884
8989
67821
18642
2929
3465
27526
3327
1563
1
8361
1066
59263
34886
44345
7609
44247
12335
8245
7217
26328
13976
49406
17956
4041
71683
3292
14924
52404
5121
3954
19649
24076
3313
59207
15956
12982
21242
12430
9908
10541
15709
66993
10503
14778
26711
6336
1704
7286
22239
2334
7739
6811
19442
41912
4902
6012
20227
33123
42369
9664
50401
1050
34971
4796
22588
62378
15671
25856
17217
22398
5665
29559
37238
41834
21054
11397
50484
12241
41041
9491
31286
17216
1726
12795
12255
32087
25309
5870
1554
35829
19085
46197
43731
16641
2641
7862
20986
35670
48536
9005
2199
1264
8990
26819
2480
16254
13184
14422
67893
11304
40368
2069
1916
11259
6633
5014
44270
8722
28748
53533
9799
1013
592
19984
9027
26760
43501
7178
3513
13609
4556
9642
48346
2
9076
2834
39739
37980
46338
4953
38935
29943
12518
49413
2624
27174
13949
49631
427
2109
14936
7779
39828
52177
592
7368
39485
1705
4317
7213
26365
994
499
7068
21312
13747
5516
20734
10411
71669
49401
5019
4000
4242
21213
61861
1063
1215
7012
1850
3656
44039
14317
1891
15120
1362
3
34127
569
4409
57343
19424
25483
3084
79165
8550
39177
3950
1559
476
3911
12211
18493
11448
43394
30481
5880
1452
1225
22072
7650
10674
1783
1571
23312
336
26218
10012
8687
38001
10079
17768
5271
6492
5352
5882
126
4252
53199
14195
2485
2985
6398
2268
4360
20482
12691
15825
12414
58636
16346
10451
2110
20542
10437
5106
19914
61740
8310
1371
25068
466
12465
28333
18788
24916
51463
31461
18719
5478
14194
9511
46668
10788
11461
12807
48074
12831
8445
1260
1635
26349
1493
4041
773
8717
55268
657
35297
3135
26221
17062
1028
9657
7925
8692
2309
15803
17854
20071
52732
2195
54995
16645
15595
21512
25521
2754
16959
16082
8657
13551
18584
5483
405
8592
5099
8988
25450
26192
14693
8892
383
7761
3780
10531
27276
34176
1159
46486
44101
15559
4814
18511
2359
19986
10960
5326
11001
5151
12753
25839
359
1926
5395
648
1537
1148
2204
2050
36109
15924
1660
970
29793
421
42992
20923
60
36588
13169
42974
14398
14503
56583
26555
1965
39736
28019
6721
7255
14662
5524
49803
25052
499
70975
13763
12369
28009
13991
14777
3912
30305
17356
17716
58607
17672
2706
14397
1140
7261
1415
2322
17372
29195
19019
6856
39901
36578
6802
8885
7485
47631
1
1329
11061
9635
20173
44393
11790
3077
45383
16757
42095
23245
943
4628
38211
35820
59876
42635
9815
14500
38361
39499
25643
48473
2963
36074
5918
13848
887
37754
603
34368
10514
9969
26191
3550
1055
22032
49396
22037
4663
15443
7965
16274
27611
8997
42763
164
24191
16860
3524
1324
23876
69396
3946
15857
52351
36301
6986
1
53680
5813
18768
1903
4315
27868
49001
12224
11280
20938
8693
22771
5056
4527
16326
28001
23441
8520
14725
45198
539
15093
9765
62978
9974
9809
33192
30044
19769
10770
16359
7223
3034
9210
15895
19173
48729
48328
26891
46624
2861
10921
22484
21190
18060
10682
19312
13442
5660
41582
35946
7624
31826
9344
40029
11690
28585
10555
4855
9152
18533
21397
8260
1136
2842
3420
51353
28427
32848
46164
6532
26719
7725
2324
7844
5514
12137
15298
25252
35268
18247
69552
15469
20764
16135
5029
3680
7843
10588
11813
16
1545
1271
69667
59672
23004
15778
3507
1363
33036
58454
53607
46163
33144
218
42605
19109
57090
14626
18881
3137
36446
14484
41379
1948
19667
35043
9860
39105
10637
15249
4603
18197
19502
32813
25327
1838
52394
1964
18377
15290
21366
49201
36769
46190
12404
38997
4
12125
2454
17712
30379
19075
11452
33911
16512
10730
14625
236
31213
8421
7374
36672
12280
12276
16516
18778
7298
21998
19015
59352
1937
4307
2027
8464
30717
9153
8883
36333
5539
20663
17971
2041
50680
21973
1541
86
31331
6044
13092
12016
18594
12037
5847
33927
17150
5937
61320
15956
52946
33468
18639
24546
4477
9
40163
27631
8154
13936
23074
39188
28468
44938
974
3
11052
9230
53981
4993
3
46822
282
30381
4226
14207
14831
14168
21690
36444
34557
27179
21603
8610
5225
24171
47793
9337
25844
38014
4801
29944
31659
39275
46301
11715
6170
17438
51996
69736
28746
12197
4137
2571
17558
6736
42396
6021
7459
5724
35047
263
33722
6023
588
5379
28883
52637
30042
3151
2242
22948
4363
373
403
15480
2580
29302
16161
7141
13158
56921
46767
9187
3806
2614
14253
33628
2716
34463
1290
23761
4657
20434
20195
9876
596
9644
19750
12655
9882
6658
2915
449
2648
37381
16166
24139
11132
52711
10196
27871
36376
42557
7480
2251
65062
14433
51494
44957
46403
7096
26480
4401
21041
56676
21876
25053
12124
23859
11076
2187
13772
13657
42889
71142
5526
6903
5244
5507
6372
10696
24896
44164
36744
40283
36948
2337
16197
1248
19666
31199
54256
25843
19382
20127
39614
9962
915
21535
20012
59654
24711
20299
5041
42159
5228
10973
17934
14979
5989
8926
18749
7645
126
5415
6448
17633
10786
13311
46810
28890
1858
3122
18886
796
2819
5204
8445
2
35077
44802
39327
36395
35942
34308
3323
2542
17765
24134
8542
25163
42733
48322
28803
18629
10252
4065
15432
32960
40951
46333
23080
41910
17904
57288
17687
48602
8051
21059
13360
16272
23897
35573
42480
59524
30600
2446
10807
33590
21822
64694
351
36542
7143
5310
75978
645
33215
9964
57138
531
63767
25
1
34119
29986
45289
17420
14118
1170
32444
17976
55989
44254
17867
22824
9028
20156
33830
16607
16356
6248
9158
4302
56734
16138
20391
11138
5575
16741
4716
37634
8070
3204
60036
41234
60287
24349
53395
25960
52583
14039
16341
9423
16058
8096
2033
10107
10206
8896
5696
536
43412
2107
1528
28757
31532
1773
20900
70582
6868
25677
27458
265
10703
11733
17385
16458
9454
15964
963
26742
2995
5753
16851
15822
17258
32268
9352
36303
22250
3837
30670
11659
11037
7272
56668
1833
15225
317
3844
6
47066
21672
2984
34292
13676
3455
15239
19469
38643
2345
14956
36178
3429
4492
7403
9361
12051
47598
15362
1127
17002
1531
12044
7060
14095
26052
20608
17290
861
35617
20766
33444
16966
54712
1218
25991
21045
24665
34849
11502
3974
13605
41174
644
22448
9552
58549
414
9363
34061
30267
2084
19818
28249
23741
7948
11280
15552
20517
42017
7494
28553
1107
28162
7521
16207
48680
9250
4478
1597
19865
1693
46338
8059
13414
2458
2001
2472
1651
32463
2166
1564
9936
6028
21574
65651
6114
19118
15903
10413
20002
33869
15881
16632
15307
38081
3502
37028
16066
1238
17992
6565
1102
876
11622
8380
26127
18176
2811
39304
2989
866
67073
15310
9902
17132
3196
6934
17402
7712
31261
2350
15070
29982
46150
9816
35959
9211
317
8133
20506
46633
37650
12497
16071
41555
4459
26983
7588
16125
54040
4058
15406
2272
39800
52535
28568
7555
20428
33376
24136
5250
10792
38285
48735
4163
679
20768
64667
4426
7407
43231
36098
64817
24368
5922
30257
14058
7347
3104
17638
11940
49142
28748
10998
8269
22344
23386
420
40818
12896
9457
35099
18882
48261
13685
8934
4
12712
48889
11563
31976
2742
3506
40236
929
70856
866
42785
57796
8997
12774
23294
6781
6530
11078
3415
18471
8873
45661
35695
24585
5169
6985
39659
2556
31020
24677
49767
23648
42740
3999
33689
54549
6520
13401
1144
6010
13456
4463
13265
19001
5099
503
23896
15576
31836
8086
12231
44790
45335
1842
46703
372
6337
6088
1266
2174
581
37409
309
22150
26860
1308
9296
4573
6915
36603
13643
1016
40194
25923
24896
7028
5484
23884
15586
7100
1697
14692
20153
6358
7789
2
37658
34064
1311
21940
285
38764
3418
26042
49438
13544
51963
4325
7559
9454
2374
4290
19764
23220
2765
18225
28387
5740
35613
34065
19524
16396
33096
15899
13293
7578
29030
9630
25924
10620
27357
10349
8433
2
37661
3953
28518
8297
30423
5730
18721
9455
14032
13651
15392
3739
6310
48978
16075
8898
14091
44785
48303
38029
2927
20726
54687
17082
7538
40985
4411
27024
17248
36261
29059
39224
9370
13568
10653
22512
2733
3806
6667
53347
4641
5715
9397
15355
13950
16017
46616
32337
28607
3078
7535
28029
39703
13377
27601
17025
14451
34876
25934
53557
15478
29896
17332
61077
2365
2272
43848
594
8841
56
1429
33556
1897
3354
40165
160
20101
10892
8554
22692
8924
620
1112
2992
5342
1995
54111
2645
17489
32599
3712
10038
8210
1837
15476
49225
19754
1181
892
74224
5881
32689
20559
15476
42344
42764
1926
31685
13174
6863
9811
12822
20059
23155
15372
10757
30216
16797
1
25891
17611
24671
44849
25677
3986
10071
1458
8801
9412
59526
1916
10555
5692
64
48832
714
14065
406
37971
15103
4428
5735
7231
22962
26604
3641
7983
23463
17083
760
63313
6973
41257
35714
3602
39836
3
10292
5457
4887
25745
27591
40613
9108
19574
3255
7680
20070
16401
15395
53318
1983
275
34223
2947
34606
1663
24342
29088
18296
20936
1637
1446
4276
52228
23634
39587
44854
35570
59467
9709
73981
18035
32770
5327
6761
24402
56517
3696
14389
3864
8817
22628
10662
11464
12757
54638
4838
40092
5762
31825
49260
31602
18560
11622
6877
1869
392
17151
5536
15949
15952
32497
38574
32178
5856
13242
48255
33390
3101
12840
17546
1842
1787
1195
30819
12972
7419
39346
8568
21661
35095
8236
26202
48138
10294
5940
1849
23827
23465
24072
34174
63199
4837
3039
14963
29304
17280
17745
1057
75969
66216
2739
17081
9702
22984
24403
605
60285
53157
16197
10482
51354
11082
6943
2440
1494
18465
502
12448
59337
22153
3988
26079
25399
23266
51744
34273
9232
4198
26380
1078
5250
9968
5508
35287
11597
511
51679
15589
73020
11832
27842
22591
41586
2004
4632
30457
44682
30336
9009
308
5697
59570
56583
27866
62244
3120
66006
28242
2405
29792
15357
10864
12814
1448
18871
26793
3306
33120
310
14372
68561
16184
35808
10236
8534
186
38702
23750
10615
68673
19465
26250
1918
34360
13672
29191
15954
25979
39923
53458
36813
35802
11162
4
24622
11892
15246
839
4607
12685
24451
2729
27860
4944
2
24743
986
38262
11904
6147
56872
62536
24686
6379
7423
1471
22777
9811
14665
12122
44305
16600
7200
15995
29711
43853
16684
4922
5984
10295
14309
35669
35126
32308
44359
9152
33868
13135
18511
41002
18452
12978
38330
689
14307
50737
10643
36354
2306
31763
11563
60848
2099
353
1133
702
1120
29396
21653
41698
4838
16372
39092
38428
48882
2085
30914
131
15343
16038
25775
17478
3925
29378
14775
40855
15061
31304
34733
2657
13929
8544
20768
8754
25642
27996
1524
3231
47888
8655
3111
44313
78
13664
47372
23995
9145
763
15946
1447
4424
13226
16615
13
17430
27482
25463
2110
30847
2194
58773
34785
4001
67393
18994
30196
52297
1549
49984
43928
8432
7199
24655
6642
26759
296
18956
4458
2790
13909
38548
20446
15718
45397
15705
4931
51866
12178
11596
64290
2703
10950
30272
19175
64935
306
46411
5448
5721
29654
20712
597
33282
11316
21116
69425
40337
120
4720
7828
19218
4231
17068
13708
24721
49931
32113
53754
2437
4104
46035
2222
11423
2111
15
13879
775
11319
239
23746
2498
11201
20520
19618
69997
1790
30384
31432
9758
2255
45421
24796
6775
55916
30033
4793
49320
3010
3812
6533
5839
28
24425
48569
55461
15302
23357
4177
17805
26915
26718
36748
6138
20515
7686
72448
16799
36941
16576
678
102
56765
8926
18356
18426
25213
2612
9994
19697
710
20243
18157
47205
23232
15005
59276
31198
35817
52874
1771
371
10572
26378
5904
5303
13600
10316
11541
19009
22422
19025
18630
36359
14550
515
21665
1838
2091
4988
3257
29438
5146
15065
2731
6171
1495
11016
15745
7286
45267
842
10540
37670
18574
19854
27688
34375
19648
22856
36271
57215
35145
11463
339
17835
4066
13950
6444
12
9459
2742
14412
6265
1722
37591
2035
45242
40752
10132
4653
38195
38923
11344
56649
19953
57442
10827
23290
4009
3244
9177
38163
4088
4319
1461
4944
27834
23680
11322
5490
648
17879
53893
12063
560
40187
32528
24
1215
1040
18272
6477
35151
59176
18004
4731
1042
2323
20323
37803
16026
25603
4315
10745
5982
26594
9410
33590
38461
3354
28525
10718
33068
10065
21528
11801
45625
34010
21886
59181
89
5658
19210
14
24343
2552
45898
20604
22314
48825
11382
55147
11551
3512
10868
8408
843
30528
29232
1692
51334
2720
52390
23086
9019
20803
4669
14167
40222
25092
26738
3176
2593
8454
876
45385
1911
18399
36471
20335
37072
10796
47804
17497
46869
2823
12393
14601
10334
7584
35103
6768
55256
31727
21636
28991
7
62643
40204
20550
51341
3224
2379
42933
49755
4871
23145
37690
51734
12131
1846
51934
540
57541
9998
26139
33355
17936
33909
21287
2396
5209
7854
5906
32524
67
8798
2288
26129
40482
4581
16515
3489
57809
4032
6441
59872
46677
7529
15152
12846
20156
16544
9945
29490
2559
25655
8235
2691
35396
14452
4209
808
74030
6187
24138
23136
35647
10342
11986
28541
3663
72159
2253
16442
2207
6637
12379
21307
2474
11553
23319
21281
381
46328
2076
42167
3198
22089
56051
71557
489
15611
32076
17413
9048
29663
38455
8851
9462
5911
16780
8029
4945
45965
21534
7876
6741
16273
5906
12345
13007
38116
2389
5710
39980
26474
29514
24270
2356
4928
4282
14403
20457
17424
10715
30908
4562
11906
33943
32585
2618
9884
43236
56702
15719
19029
4510
1044
1727
12368
2012
6
9406
31278
31638
1893
6558
26229
2623
6737
8915
3399
7360
21828
5396
44411
14436
1390
21554
55079
179
9046
31110
47899
3423
946
8335
34834
6759
11770
33622
11715
31829
17067
1875
49771
1463
11774
964
2536
4654
7077
48359
32414
46029
25880
61839
18725
6096
12758
689
242
42657
8495
10252
40614
17699
26791
542
672
32980
13360
8488
13158
15386
27435
15683
27914
1867
482
26668
23288
4405
21619
53722
1227
12767
15387
49932
32700
794
6376
45757
7094
18207
15668
74436
22903
22247
43038
23208
62344
20140
2979
11607
12381
14208
21557
258
17501
25820
50092
3123
1405
7733
200
1157
72786
43328
4728
32644
21259
22425
12396
25621
14704
34180
19925
11532
28
2312
8573
37234
13554
6980
20722
5538
3476
16346
42849
11269
9171
18285
26680
23603
4717
36321
50280
3605
568
4913
38943
24520
9980
51048
14280
62258
26088
12938
7133
66892
1510
4004
7261
1490
38901
15674
53045
10105
34768
25131
8068
26594
4597
16895
36316
9003
13828
27371
39888
3219
19257
1298
7721
6989
9735
9558
5128
1124
42229
6396
14897
25076
31305
32402
5632
2985
10455
44608
5544
9429
10203
26845
22066
3839
12837
9683
29623
647
20732
9180
2659
7641
1376
1920
20869
56176
5874
6219
318
20111
41872
13112
10377
66561
31611
6719
19045
52771
6376
1720
5931
9353
23326
7067
64560
6135
8020
7855
33820
10414
39714
45855
2412
5417
23170
18312
30
56648
8951
12685
8669
7085
71435
42539
9764
57952
15763
8498
9305
1156
15770
5918
31143
9985
66465
8406
737
4879
31136
11120
45595
1963
55219
47095
28250
57112
18223
7869
22985
35403
24373
39588
15511
2078
2784
5992
14947
62706
27999
12374
12058
37537
37705
2189
27379
5590
8178
25685
33531
48526
32545
1088
7044
4729
336
777
35562
808
9816
9572
13699
1068
8938
22569
55388
3210
52270
6
14210
34465
18748
26755
12651
1700
29629
70057
19627
16082
3102
12069
31527
29
34523
3108
10862
70442
13950
4543
4202
10638
13987
8713
25765
8
36952
11541
7900
22759
32937
4343
5841
28597
15750
17571
1135
345
2580
29706
4561
13449
28909
21723
1997
402
11717
18432
9550
43238
17061
49930
13518
27613
16623
64321
10233
9730
5625
46566
56
54125
2816
29956
39170
21255
26390
30841
312
8924
2274
2906
431
811
26078
3228
6772
27100
8888
17386
7500
20300
25448
13546
316
862
6466
2287
1300
20548
15431
37411
58156
35530
1
3793
49030
36117
34773
6164
12231
21975
49983
6635
4336
16869
28319
38825
10754
11504
6243
1200
18465
414
48656
54361
15667
45999
24275
69801
4782
45472
13135
688
36050
4988
897
811
51735
12633
8863
21485
12964
7940
3221
2274
1227
3878
42228
40098
5776
50813
41236
50426
1957
3745
1295
12361
56564
13666
18977
9858
27283
2563
1528
15920
6332
24833
323
6286
55836
5889
32613
17306
19039
9170
13441
42156
15750
7196
27386
24979
36295
28962
7795
26518
326
20624
18615
14702
17017
14880
29359
50277
14525
395
6855
11836
10456
30040
11967
1152
6541
49209
20521
43580
37984
33264
11182
32148
17682
4757
21741
36493
9965
16014
21801
369
2381
5296
11065
27904
65275
5688
21674
26626
11389
47697
18017
59633
3558
14546
15076
991
19908
1662
38018
26137
5492
51920
25948
4397
5941
11471
17424
19260
42518
15391
16184
1634
12043
4299
17335
10489
38099
48780
28916
29895
40419
251
1528
4355
22964
20334
12880
29900
6359
2739
16025
327
20213
17260
16470
5496
6668
50375
2878
7656
9558
9081
37354
34475
13762
14941
60077
22819
29996
27039
12733
4089
11026
385
67259
7454
1461
29609
23489
13666
67139
5258
30436
12811
56815
52638
7455
27593
53412
15845
11151
1
10064
2031
1093
14592
24294
7223
65962
6820
12711
26630
69935
52264
12993
44453
1661
27860
5603
41454
1291
20213
52124
43981
46928
13114
7685
5971
8690
13274
13737
4004
11252
12100
20993
47653
8513
24016
5572
8656
12033
23774
64173
24214
23621
54379
57563
9584
2324
5625
34461
28196
12649
3046
13999
61699
3793
2541
14313
1314
18716
49530
20065
27192
66291
20837
30091
3544
1656
3487
26644
64704
9922
5325
40
2381
6261
7898
27303
14795
17316
3424
1776
28563
24004
25600
14666
4121
29413
2851
1608
36124
15078
4707
14741
55731
18337
630
51076
3597
77337
29777
47286
14158
7682
22172
8233
16008
68230
25673
2597
23939
19133
35757
28163
21838
5527
17592
4277
9
54098
42643
6502
2524
35689
10579
12339
14244
2388
11831
11369
859
52620
10257
16913
30032
25304
19488
9008
17330
50360
17535
45474
40846
24314
40917
15945
15104
61367
32077
22888
10183
19414
52606
68099
2035
14902
24544
33098
5141
45097
298
51188
7908
37229
3080
9419
25371
14714
51145
20543
39764
2694
1799
48776
52630
27451
28016
15915
2260
2592
27355
6085
44658
25171
482
14624
46364
27864
54895
35153
9716
47586
1
9289
8885
29784
17350
18467
35255
298
10277
3964
516
1674
6
7954
31249
23978
6879
15351
18342
1512
47738
42786
4490
52942
5986
21808
44180
32686
28822
38961
48932
4184
19654
142
394
12093
17067
11292
4381
599
9723
575
18232
16188
27736
24058
6486
10098
19813
27071
15720
55469
22512
8784
3326
2161
25975
51224
65
16443
54706
57511
1113
423
4858
44007
3524
41428
621
58136
18988
15662
25330
10146
15460
45809
27352
7934
1363
35169
3130
28245
17994
1240
4935
201
4528
5527
85
2750
17960
10551
54660
42025
879
593
36367
30694
11094
67770
7113
1298
15426
24349
16644
33884
33433
2441
58701
677
35479
928
35648
43805
20188
53845
1227
19501
15165
6740
5753
18452
45126
33226
53250
10579
4144
69256
14109
3034
5832
10197
7128
21194
48813
9405
18596
17062
10884
5829
25068
229
39788
574
14646
5782
30655
10254
50251
12982
62568
3222
16280
33391
9132
4233
5498
37484
22675
16630
20141
69384
68784
5170
4290
21970
1446
26337
2290
24347
33732
22871
8096
11722
3060
19268
30634
27306
14053
28594
3315
12254
12004
19219
14786
9480
20011
10936
659
17008
8258
37188
13763
8415
3822
6985
26349
21604
37524
55721
6327
23419
7417
2613
18812
7334
69821
5595
44486
20101
51757
3770
5675
6608
19679
1719
6068
24017
14923
22561
31204
13066
13849
45645
1309
7590
888
16626
27138
27035
46693
34881
2619
15507
24171
929
777
35726
6131
6557
9661
15886
9307
1
19502
12672
27762
33737
19130
8491
5078
8904
12079
46258
73417
3931
165
5187
55323
10922
57961
36291
3617
36492
9449
6304
23024
9645
16546
25339
41904
25909
48141
50710
24156
58188
9925
2986
7461
30331
61221
17339
5984
18743
37629
41330
23987
41692
4953
9773
11110
9655
15569
8963
13759
24791
1399
33573
1367
484
12165
1
24543
17788
14140
21977
4264
10542
6722
54824
5610
27398
60455
38947
7874
4487
8298
27714
48790
20712
5499
4725
13582
24516
57907
920
4321
250
40724
94
8346
8381
28906
1958
59305
2320
1129
8606
42106
35273
5586
4115
21381
32600
4225
9295
6
15948
3617
6985
24130
24067
56546
28389
7
24161
6957
8199
594
10473
35906
33419
7820
2389
515
31408
25284
6889
9499
24313
11741
21422
16176
39682
3310
13789
11279
31712
11441
5525
44418
1290
16980
32278
2153
48601
2588
718
17795
4853
7957
55805
1638
44938
3576
2429
9538
5591
31201
31472
41883
6317
8757
12696
7911
19767
20536
14824
16678
23739
29124
7050
6642
37720
18479
9292
21648
29756
9139
15550
59115
4542
15739
44109
3133
3147
49139
55613
28832
27015
25201
14317
29915
48306
20166
4729
20553
25744
40897
308
25296
21165
21476
497
13145
14073
7456
30940
28939
1
5252
1029
14113
29190
220
41837
6688
5430
17067
7253
2
39024
4151
24818
25771
15890
20778
22960
2297
11946
66966
29879
9251
43217
50889
1282
65418
7614
22484
32580
25543
45248
856
14232
39368
784
2675
42085
43941
2523
907
49376
12620
42372
21733
832
34470
32329
26862
47088
2405
1542
53738
31516
39892
14424
26167
13700
513
1417
9926
10229
61488
23717
5488
404
962
4532
481
33066
22917
45186
6673
10012
13724
31783
31956
71632
7902
47075
8317
1687
58585
52454
1898
24189
2622
637
812
29974
1199
6369
17687
62895
29171
48941
917
12548
6228
11555
50670
15635
21868
588
1235
43942
44355
4252
773
37534
411
39564
6699
3027
26667
4846
43760
19696
12934
5227
52708
4985
30672
4885
14006
26371
23410
23528
15449
6232
1496
66856
3537
51429
3389
2010
8864
55013
38014
34517
43356
9597
62393
23357
10177
40376
19781
27661
31654
2762
24497
4655
23241
17831
8180
24372
56152
12502
17110
11154
11323
16015
6977
1276
255
27728
17979
29697
7501
55803
12354
20868
5302
1777
1546
13512
41480
31463
29244
320
35550
22517
8005
29131
17278
11300
8566
1717
8401
47420
6941
1461
23559
24340
73328
11259
39604
10153
264
4607
20360
7089
10224
21776
25891
35580
38177
39654
7323
4370
30261
30997
14299
1149
6929
2827
17335
23185
32634
8034
28661
9418
23091
16334
12596
51634
26968
25984
9511
9397
38085
42249
13086
5199
2432
27867
2264
9873
31922
12598
34415
40984
5683
131
23887
43926
843
51930
491
1422
12597
4113
18080
39700
58
28992
28815
911
69051
32904
23574
4809
23556
5135
10336
5697
39904
37698
20086
70533
43552
9493
17548
67162
44677
27446
41550
58106
8036
28129
14940
55854
2001
10718
50701
5387
7809
1757
860
299
5338
5372
721
21163
1682
22426
58889
19181
7127
22006
44806
34973
8576
36161
9073
24612
4453
4337
22933
19780
5937
4882
1561
439
847
37765
5155
36868
28864
24155
14622
39778
62441
6586
45662
1860
8250
10631
18419
17689
15726
600
26149
21620
4566
31477
8551
15140
17909
19930
13758
8042
1983
25682
20191
11917
1895
12244
35057
4733
35505
2024
7793
42523
3047
8403
8258
42311
48162
6
15981
7587
3836
7466
43813
20705
1012
38143
7890
72004
47634
18492
45099
32398
7257
62064
30162
49033
21784
3956
54895
2021
5276
8201
6184
7347
1114
1598
65120
25655
4995
31181
28114
11645
30376
2576
40658
12363
34996
3
2496
8332
17743
51843
5176
11371
436
16906
10930
5688
14148
56669
23927
8805
32919
2674
5679
13482
11962
18823
13539
1116
39168
1069
15211
11151
6573
27619
64414
34173
5189
8156
41617
6989
2447
9523
15499
7316
765
9940
8352
25264
881
31362
7584
5040
400
1648
9338
18288
8338
34352
1493
547
22036
2737
20950
12199
14481
19665
9445
2611
22099
13207
60603
4713
17732
45210
18201
8578
54400
251
6659
6630
32391
1994
886
16603
688
11236
33916
62589
3602
11272
33104
27002
973
5337
8699
4181
31296
10215
54641
14338
8582
30251
52492
4844
1023
4420
19702
24650
45657
12263
56751
12814
66846
17060
11431
18449
14671
23123
15111
49186
1367
10693
11292
49756
58834
8734
16432
34186
565
29560
57078
27632
8914
24631
41122
32416
7751
29955
18165
13139
13480
3303
16130
42358
28094
2321
13916
11813
3011
18847
39219
26932
29663
61560
632
14525
30420
38812
48420
358
12514
19326
1844
29931
826
5933
38222
2753
30851
2309
18100
52568
32422
14713
52539
44741
12886
3676
17574
24124
102
4768
69136
2515
5357
30038
65451
4427
19472
54202
10236
6347
21304
32440
24228
23388
11286
11633
36445
29234
41268
6426
206
6503
1050
26862
14154
2696
55337
71893
7023
3570
11880
14874
9539
22936
8628
5881
784
34052
8
36
18172
47092
26148
30962
34542
25518
57864
10220
6100
12428
39686
18564
4852
3931
46982
10768
36053
17880
7927
40223
12425
15872
38133
7243
590
2330
4872
15200
11246
17490
28452
2933
1711
3474
6491
11494
9514
27667
12062
330
34050
24490
35759
18528
5035
46008
1093
19309
4079
12296
13279
1731
26400
13585
62866
1
38640
29723
21766
22578
12619
6709
29312
16190
19516
44723
52036
10813
9683
10794
964
7463
54644
11760
7154
36086
18816
609
751
5884
3891
12956
5592
17860
54197
2683
34393
1101
9659
11542
13018
49878
4575
33020
30855
76238
21829
4068
23879
18718
8663
4521
32514
28346
2225
21375
22769
13891
12240
1352
4451
56437
39857
6114
25474
9528
12749
1324
17250
13648
2593
48833
34259
39237
872
45032
11245
36062
2884
11939
939
13641
3125
4606
16258
20031
20682
5295
27645
11385
54534
7336
41
24214
13086
53661
7467
7747
2092
35951
33685
52847
5829
6971
11303
14215
694
33037
15525
9197
5980
6736
4196
16484
41475
26
2754
2324
6277
16968
20042
4186
6408
9889
1088
704
38551
1
5220
18634
5444
3128
22597
33491
20582
26988
7790
21909
29827
7767
48659
39054
2988
24335
5139
21867
61188
1323
20921
6830
45292
7065
73744
46352
49621
7236
28653
28733
54606
22580
943
9460
42130
29148
854
59680
6755
33296
43987
16343
19119
11132
12911
2919
26564
7464
1205
8526
13933
4182
36328
4451
12969
4983
35472
14376
21632
1560
19749
2730
871
13795
12115
2161
2428
23850
27452
6851
11918
14378
2718
3171
10035
5776
34608
60665
50524
69488
9125
58577
29129
62588
16489
13451
1
34726
9257
8192
11567
1774
37402
1811
23633
14043
1323
625
554
23505
8412
33760
30990
2159
6866
3576
26220
13201
27796
516
16523
32867
12566
3882
16024
3447
33743
21286
2519
37751
15189
33784
29257
15298
27063
8773
8634
9323
1
3268
10820
3
5000
36895
19561
29838
25552
3058
34479
29262
15507
1367
3742
45191
21093
39538
1574
63944
29824
4910
20737
2750
25022
48829
8295
22841
30089
39470
10886
17038
14969
58408
49986
5056
45785
7791
17205
48011
3
643
21563
23477
959
3432
43484
10048
2349
2729
17181
19416
27514
3162
6641
23000
54622
18344
950
10674
40844
20494
48341
8997
18092
6831
9597
16565
24136
45486
2539
1
1778
48597
8985
5710
64963
20330
1073
38969
23576
25257
25663
49664
44763
43789
21045
12577
13645
42585
26867
35566
23851
14259
17673
17135
23751
3994
30211
50160
45988
4419
7590
26777
13561
36184
6041
10751
45220
1789
51465
23552
15387
21664
58826
11568
10957
42009
15421
23999
11939
8380
6177
29108
39730
42664
3494
23922
19645
30787
6143
16507
8929
42340
23110
49232
2379
4055
20692
16815
2749
30900
14916
34123
22508
57350
3326
13339
18919
3927
15611
13578
9203
2401
4972
6557
27946
20872
20154
7954
1417
37944
19296
19851
7267
8
3238
22721
8176
36705
33555
17837
38733
9949
8169
16
17585
4449
13925
16398
21661
17832
7748
40971
28289
38286
27719
19
5909
1192
21336
711
27613
52026
12906
35889
65530
17388
2583
15179
13142
12345
6038
11046
32236
10759
10790
58079
65950
15023
31548
3801
1678
23626
43417
33733
1431
5915
4
27325
29380
16818
35059
13720
8079
51868
59242
7833
20475
353
22244
49275
1578
26536
32841
4272
1976
20286
4225
47962
25610
34631
18491
31908
3156
47216
25538
37807
496
10898
33682
15011
32085
1491
22041
1497
72650
8576
11718
41200
7617
3644
37416
68379
45307
23302
34918
36960
3352
2732
35684
13096
38608
10380
14792
4385
35184
42534
15832
37647
15341
35649
8537
25996
7372
6669
47954
4038
49429
40584
72379
26095
42079
16395
11473
1748
22362
819
32401
43638
9097
8748
19787
36773
1931
7952
12697
18212
28642
547
2056
11104
20299
16195
10434
12252
8497
28975
53751
6336
36863
8322
10991
52194
22168
5866
2964
30627
28230
23211
4219
1079
24829
27023
2664
14413
30760
13533
10160
50089
24501
6054
62039
6394
14113
40837
14519
11485
7001
44848
16970
18762
13332
61670
76661
2328
38081
8064
47786
25205
11995
52758
4982
6886
17068
12448
32061
40367
24432
35879
10672
11714
9130
31439
11618
29873
66387
14097
385
18284
3853
73103
517
29771
1608
16302
5507
3040
8235
40524
9553
5180
2276
34120
602
5226
199
13229
23694
15736
24357
48378
6044
55580
28518
14315
12589
44283
14901
6716
73198
819
20407
54514
52688
42105
8180
38476
4456
30717
8060
53774
9940
6383
23877
34997
7660
25448
753
10237
16390
16972
2575
22237
37085
33335
39097
22800
42274
6948
210
10897
25157
17283
27923
11318
28310
3563
16334
9800
4491
61964
4279
3486
4547
54548
68201
20096
39598
61699
37498
3598
11336
49582
21864
25029
77520
36511
14253
12292
7407
9201
13325
7671
50032
23882
2
48806
4687
20385
28541
5160
5993
1439
4330
8049
2188
13046
32603
57857
52121
17694
27518
21784
25807
32566
8267
11587
9826
9901
20524
7790
12112
48
5790
66214
44919
12570
12278
55908
6197
19999
13002
3974
28209
17438
26730
20121
16116
3999
58244
9387
16151
19129
7017
26675
44256
38129
4710
7473
9423
16449
15453
5383
12316
11186
1217
46653
38050
20393
2283
2351
3370
5686
7991
757
17771
27474
35206
4936
27515
51651
24517
29272
60
1615
24285
69221
53181
9376
10950
59472
3023
1569
8951
5849
16308
6536
1861
9411
5764
46819
24108
10777
21469
39277
8346
8940
18961
29511
6326
39786
46904
3816
23260
6511
14014
7424
30129
16427
15023
6322
36382
3594
1816
4622
33640
759
44340
2963
6039
19783
26369
42454
659
22795
3726
54443
34159
1965
10201
40409
23005
4578
17671
36374
66279
5332
34585
7073
20277
48328
22470
31157
11024
10411
8242
3400
11873
19931
6709
20778
33642
20283
34049
7944
655
38687
6885
22328
32616
6836
14706
20948
35524
7656
9368
18935
19242
7194
27533
18600
69297
2395
5531
31299
421
35170
16573
2
968
8147
39468
15006
29905
59224
2441
2471
48130
6225
8189
32943
56266
11571
9892
19895
10769
3538
14628
19565
26747
64552
60781
17440
24188
15551
28828
59789
15307
6125
48335
23855
10932
41183
1502
38
8949
6060
15801
60068
19844
28753
41949
7625
26909
59822
2777
27574
38691
4527
53256
12845
1646
31102
12719
2944
29851
4276
2513
18735
9840
68904
38903
17126
25226
28650
2682
5786
20960
25719
32803
6991
12088
7549
88
10351
35875
1066
8510
18573
3721
3415
12783
28857
24980
31828
10
12902
817
383
14082
45589
67929
36828
31306
16708
20204
46549
19700
8902
3216
2806
23615
1046
24911
6553
7185
58199
60270
36300
12255
3736
60714
6622
8304
393
11271
24625
70130
29529
50453
5978
35350
4698
26255
3878
1906
3293
30232
4516
2133
16782
34069
66584
27145
18985
11454
3484
44348
32655
22158
15611
13867
9304
53677
1885
5827
35442
4634
2066
24623
15849
51643
8104
63619
51197
6698
63125
58672
4122
12329
59613
13121
12185
14600
23601
60639
12849
1005
36156
64865
53455
23980
2911
42743
22674
38173
4310
23719
58984
43551
6704
3212
5782
4266
4370
18618
74732
44623
62304
6294
1741
4217
37447
26374
50274
8845
18905
42972
8236
53576
1596
28888
22427
4256
11953
32060
15209
39185
24
38272
12220
10625
7968
12806
3259
43309
25978
849
4078
39388
2986
7600
1
31696
46118
29447
11743
24481
31401
36907
56888
1732
10023
3599
21195
306
3763
20858
17958
9950
28140
70728
1188
35735
3612
30323
19088
23309
5378
5679
11365
19795
33691
5984
2883
4158
68791
30787
1357
5040
3983
7119
7530
14958
21205
59927
18398
11677
1808
409
8151
26936
2
26868
33064
12009
6752
13456
10430
6603
12781
810
26285
10333
6162
264
1171
6646
102
49221
15812
27753
43540
36911
46390
33594
30987
10060
18044
9123
53185
3627
20400
28497
15504
6817
45804
62221
10461
7709
42250
1060
2588
33387
17925
1507
39391
62195
58098
40880
20567
23567
7374
9195
1466
31953
17518
12048
22577
4555
7091
5534
17496
6437
23484
34367
2204
8862
25573
18287
28365
19203
12583
3890
60303
25498
4638
54872
6319
32139
25132
12632
14953
11274
3737
373
17780
36116
3627
5102
48179
33888
44565
38949
9079
54006
34737
39771
11696
44335
18817
7065
30424
47033
19565
23907
36467
30630
30491
18172
4791
23820
7140
34898
135
24836
6242
29791
10109
33768
427
1402
20446
9759
33858
21566
6825
2113
4595
26072
1956
53076
26659
4005
7620
26323
9734
28684
2452
7091
6733
7204
20842
64581
10237
29950
14906
71396
20806
3070
26415
51836
35163
1435
36356
3908
16656
2142
1013
5108
56612
28912
42736
54481
7
5415
42138
15398
8925
26724
9623
13631
3295
33415
53269
8148
270
8033
39242
3955
52567
512
14612
43689
2972
42332
7152
19676
19923
33941
2729
22415
3270
17083
45973
7296
576
16146
2775
30208
25269
30803
452
32866
665
31321
28690
61399
7200
66640
6980
12729
12199
282
49597
13516
30504
7650
32490
28424
5675
20778
45603
37101
3547
682
53876
62962
4970
8190
10864
32513
15538
36487
1525
18327
46614
12895
40785
21103
29183
6217
9601
1771
31289
1035
4
10032
68552
16445
11012
55329
15736
592
3153
11692
42367
55589
907
1669
94
1797
14219
8337
44350
26775
44329
31979
73780
5
27769
44361
69142
1436
4550
7282
69142
38743
7615
1384
49718
3362
23770
9426
937
60014
6741
368
1407
21103
10026
20985
2672
45498
8666
37642
197
4393
2601
1123
26029
26315
12164
28623
20302
53660
26999
14976
27568
751
15952
34198
1618
27831
38316
25639
788
18644
12322
2383
23590
35158
17470
22653
925
5931
13700
16952
5729
5899
3300
7539
4218
9
12892
23288
72884
26227
33998
1
8412
44943
6130
12725
6181
23028
14976
23820
8829
51711
5212
3413
12552
8873
28115
70203
1241
35536
18265
18680
45997
31730
52171
35205
9652
13928
1488
18211
8644
46107
23328
50084
6154
3048
23241
3430
45269
20644
14673
12641
13103
3006
44891
26367
33852
2607
49784
18435
1408
23598
18753
1344
77616
43105
29751
2792
11855
26056
12639
1205
17202
25483
19931
7866
21004
19371
2478
22474
55521
1559
6437
1743
66884
12015
7160
11967
3423
53274
11552
27144
35529
8820
30326
37992
38536
23132
41579
23285
26489
7139
4673
63843
30726
25159
12536
36385
39811
26346
41668
532
244
2106
29203
11280
32458
1869
1650
3747
17844
668
50324
27174
29145
20600
1613
2001
2976
17885
18393
7646
23171
17202
8426
35283
23222
11676
45874
7853
9463
32450
25656
28996
11502
10406
27924
15737
30166
13004
55
15324
44615
2827
6359
8428
11493
34176
4542
18292
285
52208
23453
29000
30305
14119
46808
8558
10607
25254
5097
4989
379
14197
27485
39341
6919
65731
5993
28066
57760
36851
15942
2305
31277
16355
12719
58166
31746
5044
32765
6394
658
2408
6111
4841
38662
15306
4857
15309
69270
791
7714
16715
4753
1978
1650
39072
27932
19249
38293
8405
43347
38532
50487
6262
20271
69259
73096
30084
50037
29079
3666
12083
1975
48738
457
6092
31486
1869
36781
25656
26209
40757
997
53625
6829
44601
38113
16729
25106
26588
21813
1183
1
19883
15234
56264
11955
3128
29504
2568
827
14595
9388
28917
2497
24361
40444
5651
41540
22278
4554
52116
36053
44100
17565
51777
52829
25477
15512
15344
563
18678
26948
3312
2025
8100
70
30995
23583
18364
22329
28124
6930
38911
554
24121
12954
11055
20637
953
43988
1324
55186
18781
11854
3667
23274
9003
35707
62735
22786
547
29578
32556
3123
3137
16318
9647
9838
3560
11096
50714
23820
11935
10268
1868
42316
4804
8185
29865
24787
1442
3513
62215
46511
8975
24
57299
6575
6888
12084
8317
19344
5643
2057
7574
923
352
13769
8045
2561
32587
1836
9446
6389
7369
34730
3191
49899
30636
2005
9981
3611
16709
47370
2686
12082
1573
39277
9548
4367
9876
1859
38989
21492
1096
11362
28893
2
28922
21425
45067
540
6242
48452
545
3512
32530
9733
52385
34358
66161
2503
44849
6867
43071
50838
71372
6618
905
5850
9985
7516
5710
1034
70784
19804
4154
2672
56583
45657
6195
20538
13338
2581
25563
4609
19228
3015
31370
19621
27157
22325
2323
8130
3681
29209
42148
43067
69422
10764
19607
579
6169
2685
51261
8
12510
17937
6337
55643
7185
30713
13459
20081
815
381
6549
25944
42600
15512
2744
14521
61443
3304
40090
7414
25287
7566
51695
28848
19226
246
17492
26219
51033
27298
51008
3425
27478
13921
11470
10344
621
30161
12937
15548
36481
27596
67630
33462
20087
1985
2905
29106
21900
39598
16933
3211
4435
1837
7611
7970
6614
5932
39911
2512
4150
35797
5418
3490
5771
4571
22886
8589
12745
22449
18229
17275
269
26502
39529
35909
22760
1247
37349
18249
6969
47977
22784
15279
1771
5786
21718
1672
12212
30196
7495
11988
5586
14147
78772
9467
20501
42282
1581
11053
34325
62178
24756
16542
12782
4326
40221
9467
11042
17225
24179
3776
24378
3421
4287
13671
6314
9462
7585
73175
38102
5106
53253
35323
21538
56611
56329
775
11391
2919
906
6555
3500
27016
16077
24332
25738
3905
22045
33207
488
735
4640
10183
18914
258
7015
30444
4804
28538
12600
14193
13020
17426
5300
23995
4968
24654
27074
6849
35042
65257
1092
2042
775
17459
9438
63870
20508
25759
65623
51577
47903
1091
20440
31915
1791
294
20063
40711
8100
22677
48016
45873
6036
41029
5294
60952
43791
8250
37920
58924
1527
8395
4064
11656
27785
786
17633
43258
344
12140
11437
5307
39295
39149
41988
32036
833
16883
50374
8346
21188
19052
27874
7638
11801
2095
17296
56518
18996
7018
21065
6309
13011
2895
13835
4697
11517
7465
26969
29780
15539
3412
11408
1844
14422
23249
13982
3748
4666
30402
6184
60262
4367
13564
31154
10847
18788
6104
59761
19970
24309
22877
9232
18060
33504
118
4745
12786
26303
3286
51741
12720
40362
13311
11452
55343
19123
8860
50074
35319
11712
17743
27456
10155
2588
41990
3070
28832
12824
9012
4465
17328
8557
11778
2984
8030
34938
45527
52142
12519
8986
9156
2982
3570
18328
426
12199
44000
4786
11516
62079
50501
10606
36010
29290
36980
42945
4630
52784
52017
133
31865
36340
4584
19328
32101
32393
41101
31664
60398
42086
25731
54415
5326
12988
46814
67039
982
2380
21050
343
33592
50879
1692
2812
3555
4780
9745
5026
1312
38033
52412
2052
25654
10919
3971
227
990
7767
17674
37088
24754
7575
8357
1965
66
16148
2749
3773
68160
25329
3055
31317
15222
76640
1583
9635
8845
2178
24882
16527
9372
40858
16045
47354
15967
33307
424
2384
2095
16669
55339
2960
7856
32067
53253
26829
1971
34988
6622
24097
65128
11651
12343
6161
37528
27486
1687
29994
6497
8279
7177
8316
9425
34538
32934
38411
701
8257
41433
28217
9398
1821
13080
39017
52253
38186
259
44834
3365
4756
6828
39535
56757
7388
7869
1642
2331
6339
26682
6791
2898
50765
19767
16637
30114
2776
8521
11088
1232
10264
5004
2
22687
58557
5749
10287
5834
939
274
28597
34413
4443
14963
10608
71874
12528
15468
23480
29889
1110
2589
19865
7727
40356
12175
35950
622
5737
3053
38363
2765
943
33726
19815
1842
50680
789
14380
6573
8403
12451
12369
12446
47539
14282
60625
33079
38826
56166
15381
13228
60102
17416
50774
31138
19687
49191
7155
48176
2374
10463
21846
2432
36096
1791
19978
2126
55040
22330
16012
19647
8439
379
33119
12807
17559
374
1896
13756
3124
2993
18694
12572
64713
46033
46001
4037
44895
60038
17463
20056
28416
20480
25120
2236
22227
13300
21703
3029
302
2440
6033
13053
31194
42645
13389
43841
14988
69037
16164
17909
7570
45745
34114
8806
2925
31653
3963
22825
58440
1186
49234
9974
24897
13641
25071
1269
4136
8584
19623
28610
26332
8682
4
5997
9355
1044
32507
8597
17432
3334
24660
34652
4825
43779
28282
24443
50258
4582
32487
29936
33322
32707
17584
40833
3283
25218
56269
5851
4584
557
16894
42738
25253
4393
16374
13
52624
255
1191
10707
2076
54447
2811
14380
28260
32437
14906
19630
54
37284
1
6442
33785
24331
67427
34114
27540
31986
19162
338
292
11179
2322
303
8835
19770
519
2720
12643
61202
17246
8794
20093
63903
63770
17148
41740
15937
5485
8385
17967
49335
290
19946
40134
27961
20220
31142
38946
8959
2494
3328
32167
34972
12075
16562
18079
2357
14473
1
7507
6827
44318
32884
12110
4947
22396
9519
1983
12177
928
954
268
29657
42852
45238
3080
21144
2998
66921
28229
2328
62115
1281
47029
44923
24678
27639
18943
56078
4283
23087
55733
58476
6281
31524
24831
30089
445
21170
4023
3242
29905
14346
24913
27566
42597
18436
14518
2609
2495
12639
44077
28643
2040
9044
9922
40719
50334
4244
614
21334
59751
38112
16300
11910
27023
38791
18872
2763
30390
423
24026
20036
51081
7162
7225
18823
12314
190
21676
2240
29170
9953
16582
12896
4092
16689
64008
1912
5359
6228
1761
22807
13894
456
6833
13615
3006
12484
15242
51290
17907
5095
23895
14117
11424
1367
32862
21481
72
5144
6257
53796
31495
1552
71941
55493
17988
524
47523
18406
57740
25726
4443
17455
7384
15193
15795
51952
38696
38994
10215
29479
9266
5719
16745
4835
6280
9077
7322
27851
17459
21908
57207
6209
1632
42829
38330
29610
2067
792
45314
5022
1341
4044
40976
65802
24848
8
345
25739
16323
24163
11773
8733
32460
14991
6
2946
19334
57344
6638
30789
33204
1282
6541
68549
25244
6774
23520
15532
10188
12105
1607
1396
1682
10525
359
44044
7098
3056
486
31946
11247
5853
15212
12621
6307
18033
45492
5602
62271
18537
1327
15734
1513
66610
16472
43377
37540
913
5987
22976
55165
2551
21328
12094
19846
418
43970
22159
46681
31868
23716
9176
8801
4412
14634
10185
5570
20330
58077
21942
7947
38045
1227
11474
41392
20353
59021
22541
15957
1664
39981
10554
1439
1980
269
8617
5020
18221
26428
25572
19880
33381
3158
27025
28314
8206
31276
2116
26161
10788
906
46327
1598
15281
37889
5775
742
11291
26689
47736
72704
10674
2633
21587
4503
5276
14324
18935
15333
4294
1326
14750
18985
52800
33239
4091
31328
15575
54365
4940
5747
1960
15474
27956
20937
29830
45945
19078
9518
38025
8924
44662
29360
42217
1943
25227
5428
55625
5757
730
24626
6474
39414
51607
41935
18389
17928
26352
61287
45495
855
8513
1981
37212
35909
33597
26134
31624
5374
6143
6338
5644
21563
13533
48064
12340
42
49887
24053
1
26377
5060
16814
21232
22502
3222
569
10169
28751
29513
57708
8786
35498
45994
2993
16954
946
13183
10857
30683
6568
13101
1
528
28881
13124
3965
13044
2
10765
40718
1037
44763
6278
7136
2545
3832
63344
61027
25929
67300
73573
47967
9693
32273
5865
462
6783
7662
1507
14901
8213
26177
6212
39079
16757
965
21532
23228
31386
271
3369
38738
1573
14854
5192
7673
19857
4127
52244
51496
11987
10612
16819
1034
24449
48965
45023
10692
3672
19353
29191
30393
982
13873
4851
60826
11
15176
12735
745
10316
3063
75039
2010
20224
12271
965
18860
36286
4475
6228
4764
9463
11516
20715
41779
7908
6925
38363
31864
29156
17908
10272
22918
2823
55241
27355
37727
10220
32328
3866
62523
74986
1449
16850
2760
22035
41507
12246
36742
1402
28091
25992
10522
1696
28025
40326
5685
33067
1221
3288
26728
286
19814
9005
16967
15165
372
27839
58653
3863
3338
1157
31258
10770
7853
28647
42880
44869
37098
11103
14327
29743
15192
10109
25484
33912
759
8830
25331
35944
4350
397
50923
14952
20059
232
5470
7092
17932
57666
44820
1149
1816
48
11914
1417
40168
11868
78
52399
5027
22637
30752
16806
33214
959
23575
12323
14521
23199
10382
49233
5205
44175
25108
34407
24111
4518
2
456
199
1437
56660
6404
12600
36979
12309
226
20915
28830
7556
10
48634
51732
11051
21054
330
60714
626
20634
20464
59935
6434
11206
10620
2958
197
6833
3202
2576
464
2667
31075
9071
11043
4637
23140
1854
15533
1
46958
9730
46374
29964
24228
35083
12857
27201
12851
9643
10942
54712
1481
23232
55448
5593
27770
72601
6520
855
7638
6245
7136
1438
21884
48590
5536
60882
10810
22302
33407
28513
5978
5854
58047
50436
29575
15890
32843
31261
6865
4220
9997
55692
16115
11388
573
31632
10
1766
21372
4995
15850
52438
62
2100
23342
29018
6285
14292
1367
9505
20291
24698
39604
18314
10097
1503
71229
34764
1768
924
2058
1124
7628
47691
12756
49422
2248
11
22344
58492
1
1414
11227
52057
947
27573
9020
12911
1970
7845
19985
1543
24695
60303
16046
13684
40024
7512
29618
22190
20561
2034
40316
2493
8731
3221
3683
5502
14518
36954
12682
21149
38378
2682
7551
11152
3244
654
16065
29650
14905
1448
11296
3954
1571
13830
6523
1184
16287
14044
1951
20967
28877
56661
3349
10654
6239
27557
13419
11155
4566
11918
32281
29202
28122
56503
32517
21712
1432
23174
18385
27125
40426
644
14111
45062
1201
38216
7735
21117
904
29740
70999
17133
24623
61976
33394
4768
12474
2498
43085
355
57684
6554
5615
5980
56287
9033
46775
11629
7323
49587
1723
10428
18536
824
19634
7077
5433
3051
57738
13205
25476
8410
17345
1131
4822
13531
30025
22358
31545
73668
9807
20992
42302
11782
65880
29327
13250
7686
11397
1301
382
892
9842
5429
15751
8051
3689
5972
9855
35872
25369
2886
36934
12016
2426
17299
2611
10861
1
4001
1599
16447
12794
38786
9090
4851
33404
44615
32829
35861
38752
20553
15758
22531
39334
16206
8371
56556
1
4471
28035
20964
4686
20649
24954
18061
19041
42358
19962
34751
12696
47239
33996
71367
18544
14237
33408
44584
6743
7342
33455
29138
53033
17460
4720
45562
11990
30661
14012
9249
31216
32420
12067
64002
7821
7595
23419
2565
31750
1136
21130
56988
12307
59918
13249
19702
52328
4390
7672
7932
1929
24141
5908
8459
4
25049
16340
2837
30954
18959
746
64396
43686
4558
18282
8842
17560
44601
34445
47966
1512
1987
1871
2978
67848
14288
9517
4034
9321
5387
12154
6096
23669
4362
9132
28228
25467
64177
17040
9527
19673
38267
5712
5766
24758
6269
45134
61411
43797
55463
21680
16239
12906
58033
10464
35441
56090
8327
1678
37386
21854
139
70875
19531
7472
38516
9550
22689
26047
13234
8623
11808
70
9502
3611
28951
41549
16033
15541
2581
7072
29926
3495
28754
2567
17710
103
2853
19288
7108
12958
44015
830
24354
6647
4146
62533
19071
14825
16709
1788
8257
5749
8664
52534
24275
24645
24091
9477
33107
17243
32855
60261
32872
10160
5173
6431
5012
5840
11072
4143
15673
7002
7843
47839
10227
10494
23528
12764
57160
20520
5159
13568
2572
14845
13114
858
3984
24689
33231
4067
21883
15277
17695
65837
34991
32635
13973
68044
24691
17755
7217
18029
15001
53096
10196
44521
15710
576
175
10149
1367
1775
5106
10006
18105
11037
20051
537
15906
2418
5273
39465
6789
54240
30155
12848
3301
13012
7207
36403
3718
33398
10444
2048
6272
73585
3996
14651
7249
17919
51427
21185
18440
13487
1459
23889
51541
7252
57376
23066
12475
23692
38445
61576
67781
4697
15501
2653
5850
1799
11503
23294
47361
63058
3772
1859
29873
3203
7192
14123
50163
13246
62348
41184
1963
12374
8845
44374
37640
3454
7910
2963
14173
56461
68278
6292
30953
1563
8045
26224
7096
28798
9134
30876
9220
23860
39937
16816
19501
812
59492
16282
57903
23291
10530
3124
31413
14682
59988
5565
15813
22379
26583
24609
5302
2986
27847
30549
6347
8963
489
28183
4200
14235
21249
1274
43348
53032
37023
18012
32285
4804
23111
26803
2333
3901
14219
10534
40966
34848
2188
43747
23974
7354
9952
3601
47866
3698
8595
1930
34151
5161
2429
6896
8060
33662
15241
36819
30049
37216
2699
314
65532
10618
3118
17123
9200
18091
3663
23674
5376
2
8
37487
425
17103
885
29623
15493
13154
46917
22696
8537
38632
51150
5445
32585
39156
3347
16192
19592
19770
44146
8216
7237
8767
13000
63140
31329
12286
4623
46807
317
14669
55478
7724
7469
26748
1592
51407
26890
29423
2519
7757
10016
14676
1569
9793
4772
5888
17474
25507
2038
5224
22769
17714
43379
7552
8349
884
14672
46973
3702
22007
10962
3387
31788
29859
9139
6999
8543
22431
21090
33872
6182
1364
18513
987
12432
4953
19657
1125
31049
1534
4261
36440
5967
12561
3
60227
52537
559
56140
24726
37479
334
39587
16843
39819
21599
23132
42295
21518
28293
9478
24628
56486
2389
6102
4779
6964
62726
1998
43150
6633
19134
6169
4659
3528
13546
27622
1134
8726
19202
14414
58141
38567
14755
63214
66217
2968
60174
9888
4173
48365
29278
9491
1340
45636
22562
11529
889
5079
48629
30229
2630
2777
13128
7814
8928
4432
21462
13398
23416
6644
2049
10393
15176
39783
6368
18532
40214
49072
62182
10307
40005
41113
38389
42896
4467
26461
42360
1335
29542
15415
18066
640
7632
35856
61210
3391
36782
6232
6325
15723
66681
10427
3954
20217
31614
39050
53578
21
4650
41500
286
53391
46897
27205
4216
39142
3154
7887
23169
10494
5812
8360
5640
5521
21111
43044
9707
31900
47317
39197
7762
1351
25743
44306
445
11
61623
38717
12208
1
223
22813
69455
71130
21618
2745
8281
33894
35871
2531
35313
8184
43910
6679
3596
56360
350
6280
12757
22789
27046
1
16696
4244
16326
41741
53070
28819
64126
8766
34190
6421
41001
11227
5113
26858
1528
2662
45630
62089
18604
13843
9940
7549
222
8274
5470
21612
20291
4455
7026
36268
21528
2757
21841
16513
3792
6319
27372
54878
37921
9533
27812
8549
69036
46462
17842
4324
7403
18132
24265
28076
45615
18053
37611
20185
52056
10099
33509
455
6273
27166
46277
39948
6930
29556
49373
15981
58261
51475
19613
24026
16062
12424
16895
49857
43231
34542
680
10697
33508
12782
31614
21639
3976
19373
1253
32664
24328
682
48640
633
27756
54402
2672
42742
10754
9223
28789
64099
3733
30639
3657
8104
21662
38938
1278
15505
48799
7992
6314
21621
37333
635
6037
4735
2
48048
9613
4878
16919
751
28661
1252
10929
51732
12616
35121
18235
41417
16777
32855
265
19080
3188
23015
40860
21142
476
3845
52395
32133
32117
17736
34254
36816
16922
21338
6760
37374
11789
28054
12924
40473
2543
53374
14848
3453
11676
77207
78502
39538
34511
789
18654
16571
50492
21458
14553
20549
3483
60764
10096
17373
19438
38159
8945
28234
66566
7083
58602
13739
8428
33658
64831
36246
8979
24605
40007
2873
21298
18437
5708
1010
19750
9801
39267
23726
1359
72047
5708
9
59108
19130
44894
30229
17315
52106
13387
36457
37827
1458
22554
7851
1843
5695
4718
15474
22502
19479
38582
66478
477
18625
29986
24969
48454
12163
248
11587
41622
13786
9480
24793
21552
23769
15147
44723
244
30227
929
50917
35322
1
20126
3237
9939
4816
9964
14905
6329
6381
55285
30844
3608
13166
43396
5210
22157
25887
24123
3744
15023
7684
12579
10222
1876
12614
3687
3181
8482
42716
53149
21837
12963
10974
1738
42324
911
5742
30233
21033
34428
3038
59365
28795
55025
13918
10635
438
52640
931
37466
37350
6471
37715
64626
49928
18813
45675
14869
31107
51907
27322
39475
1913
28849
24502
27254
17457
1864
8593
31580
33659
27760
37924
13558
42725
15462
13665
5410
41800
29102
3429
893
18443
3945
40228
22893
13968
56273
42894
58311
36615
23168
8468
1499
400
48055
54867
1575
17767
10860
43841
6359
600
4332
19454
26216
327
27086
7801
38402
5276
62563
24928
8837
55228
4261
29142
17988
15034
18234
10967
34601
35298
991
7781
22081
7870
4445
12150
11245
15282
4682
2891
4152
33272
49974
5742
33060
46235
71954
15499
13616
25910
18581
14071
24270
6765
43
130
5539
2909
35971
37398
15269
48471
12453
896
869
4449
2926
17558
20171
28443
800
38041
14416
48429
24540
19757
25628
32955
54303
19095
3424
35813
699
26493
46465
2344
36849
26497
57846
16453
8159
1172
33877
1188
29421
10636
1621
6431
11970
34519
4476
3888
17732
42620
20719
2749
4420
25199
1994
1999
8683
14051
48746
67571
17066
5422
13980
20183
16811
17993
348
30787
16622
27003
2824
4525
45393
18133
22972
260
2248
27605
135
51210
29778
2627
5903
9636
5304
30753
1073
710
35329
21998
3090
6540
1098
8922
7285
8146
15162
42338
2190
27991
1078
62065
2580
29268
41283
36578
11724
15551
49284
21194
4345
18465
20403
1106
41207
15005
29366
15850
25403
31053
11218
21050
2441
7172
7161
7232
4165
18048
18519
52866
36419
4354
38488
19493
2064
13454
1358
842
1719
2406
2521
18207
8417
424
7192
6531
4687
2817
42720
41570
20
53366
24048
16641
13679
9298
69027
63952
5936
9690
23198
8339
575
27650
69781
1017
49257
3586
14097
3881
1078
6415
5625
2966
70388
4381
9373
23719
3783
41268
12992
9983
37844
6461
62708
42031
236
32648
5257
17835
2558
19394
22932
37329
33570
6036
4442
1880
26165
37705
8094
60003
1678
7678
71268
38495
18259
924
66797
2307
11219
33800
4641
562
27451
1
23269
3535
9876
9912
19108
23710
28950
12126
46124
6648
29653
52156
15021
13810
19582
834
26114
76964
1567
1923
50472
563
47785
233
54228
3140
15683
34714
4471
5878
3641
12190
33454
14540
9371
21566
53423
7459
11279
20
63501
8288
9
17107
3730
2066
1786
10621
8123
37479
26154
35524
22732
39132
5193
24647
3641
11190
10379
12793
40209
12624
14699
11938
2
1325
46269
16644
2777
40197
16624
3605
44558
45936
39714
9572
25947
13789
49408
2876
42529
1898
7145
116
87
10
6164
22596
10832
24429
1243
58171
1798
47456
33350
6986
972
1032
25277
651
69146
51866
44459
3098
10043
4538
77383
1576
4229
41333
1197
1650
30238
10502
45264
951
15618
5695
6607
1632
12779
6039
57467
877
4369
33896
744
63241
15858
29290
48034
9679
30603
44177
42204
22962
3603
27027
18227
27672
32435
17986
42957
46004
14607
52124
25376
7569
14710
46949
32015
21112
1
7395
135
890
22712
22072
1865
234
10953
25059
221
9697
5329
4204
16435
35378
58338
49390
58604
68642
5469
2298
1967
71103
21493
2216
4272
16533
305
66691
23880
14994
15081
26962
63580
25536
26770
13079
71613
13902
7355
1772
12245
12970
9074
19341
6867
1790
826
10372
4307
51638
36529
3344
21406
13560
14187
36971
53596
58678
36192
11694
24848
25075
3733
6198
20605
65123
33824
43036
22625
12637
6541
28202
715
40120
16544
4897
22268
5633
3051
34125
68128
55539
2
1332
11017
39452
4460
13969
11361
9639
6206
11027
4474
5145
44789
14168
536
20482
17943
22411
44989
18817
15367
32257
29853
2000
990
68624
25623
51101
17537
37501
20371
9590
14241
12771
2817
20761
46493
3004
48272
30183
13346
6386
43701
34498
64358
18839
11875
28046
61359
30334
395
668
17200
33193
18699
4152
2
36421
35529
46786
41791
6533
9155
36815
57715
10487
9103
49663
14497
16331
2519
14893
13432
511
20499
10444
442
17287
7985
1052
51761
10671
40452
20250
5692
4089
10506
14434
29167
45531
28829
888
11166
9478
4131
2750
30203
1000
3114
1015
1048
44950
48518
19372
25390
38314
30113
21630
14681
2061
23434
5009
10239
16949
22485
28173
27926
47619
3
17129
338
2670
15239
5450
15055
7229
56
38357
5482
23697
22727
8221
12422
60166
47547
16142
8084
3040
38226
3419
23521
436
2193
6439
45955
49486
7539
471
22281
8270
7162
21789
26395
22870
63484
44297
67694
36914
27361
1140
10908
6026
40211
31422
14492
1893
6981
35670
40879
71061
33664
7264
414
599
41205
29212
5762
38017
20957
36740
51521
12569
36899
34609
16383
7539
3
1206
12789
39608
60522
4588
7584
10497
18409
48195
10675
55235
28050
2147
55785
17310
3160
42551
24254
39432
64678
24913
9617
39036
39286
37640
1341
8476
17568
16695
388
6351
3502
10665
3643
6581
18972
4778
49795
37819
12079
20212
9115
8441
4213
20288
348
15851
26658
23349
3321
35310
22215
25543
19252
5274
56561
73693
2618
54994
1
11130
49285
33749
1612
44059
2933
23637
5834
2840
10189
8400
42436
4568
11029
21185
9488
9966
13656
4066
25050
32538
18627
27445
3528
35495
59935
7225
2396
4635
30157
9554
16233
838
7359
59998
15409
4403
11222
1682
3436
2258
47292
3021
18628
47448
9835
28254
26678
2997
18244
17141
348
2719
3722
20176
27834
19663
14342
7176
83
1493
9621
19589
6801
4424
3887
9519
31628
1157
6797
30363
16597
22529
1572
42475
194
6640
38588
50927
31695
42135
15557
18110
26096
8285
1875
30597
10791
20586
7105
44764
1916
50458
16322
19759
9687
23162
14039
2226
3526
19606
1
1205
7687
38651
33562
11611
19621
57816
22841
33357
1322
10800
15790
41198
22603
42787
597
65849
1424
7410
2390
23520
11875
979
32528
1988
28269
29454
921
67197
1840
8066
56134
48566
12658
9126
3449
8921
15349
286
29048
9770
17882
6913
1872
13455
9019
18138
35974
18980
270
7348
5530
13628
1780
38525
15058
19853
30341
13621
7872
6395
10340
17603
69
64170
27316
1731
11066
10744
40600
50373
13750
48318
34156
35832
64838
28327
14738
12613
41522
10978
13470
41902
1
2812
7624
445
21409
6059
28413
4481
24902
36053
4621
34138
60349
15640
40994
1004
24682
6208
38349
14399
6120
2519
11583
20347
50005
22055
61778
669
16693
46419
263
35858
11370
2712
4393
47980
64204
31978
17619
10414
9252
5352
4647
1936
13120
20780
1
16867
57879
40772
10227
33834
22328
56334
48054
3457
3666
367
51685
14877
93
9769
3444
25787
12576
3763
4561
12115
11204
18473
18052
44298
13716
4403
25551
3518
4539
12185
22781
19432
31162
70346
6162
48554
11471
10330
28926
8
15101
33907
7480
2495
48959
57882
20411
18409
27903
8738
789
23832
45799
7615
28023
27991
5636
1473
34431
20612
24327
11828
45966
21413
28750
10320
25105
23030
662
22941
2856
424
39059
4517
13720
8699
41716
39792
13279
2722
39277
34525
4
20216
9479
8168
4488
3067
362
21040
5067
39900
10386
16800
513
1056
18313
47676
16507
5873
14213
1151
14290
22383
3173
37536
15767
2758
9438
17862
12974
61887
4395
27872
34175
6222
12694
31782
13223
1701
9033
1224
17136
13439
31911
42672
1
6685
16480
710
19135
17786
1220
39023
10952
20157
54324
5852
66708
14522
17517
9896
52469
17983
19682
20202
6702
2341
4445
704
47902
571
24069
9674
21276
18969
25362
26228
11425
22305
7022
6982
3166
35972
9572
22160
4195
39810
4167
28487
3187
18279
3333
9122
5904
4038
9665
57457
3612
18142
805
25274
7003
34
18304
1960
17594
52824
62878
23144
48594
33523
11465
15956
15063
16283
1310
33016
6151
1
47910
61680
10231
22506
753
10819
46101
3873
28972
20379
8670
39442
3046
64039
6534
41825
45741
46385
20138
3145
12996
33893
12822
7372
26561
23833
50305
25940
3353
59339
63845
957
32585
6432
24223
1
8090
55674
25147
1436
46630
1620
13300
50209
2510
3577
2752
10111
56655
10294
21865
18769
11834
10498
25873
17150
24412
30195
18809
2153
68082
8545
36789
2447
58687
53826
55820
1748
13905
29545
3633
46907
21390
39562
33436
1730
12671
2822
13668
6115
18695
38533
33411
743
5434
28748
34437
1937
938
34017
6409
87
11911
9480
9556
12004
2063
32444
24291
6302
12848
26014
6282
21496
51399
18669
15142
32708
2417
8531
3757
36957
1647
4045
18623
71486
9249
1414
12412
23646
32051
9366
70508
20196
19567
3408
14580
1087
468
53570
7290
63284
21398
3538
13897
9491
32060
8316
2604
18821
792
3527
8495
11726
16384
7285
8360
6834
11798
11148
3761
3818
32801
16000
19526
41185
3409
40380
9987
47924
16429
4756
1647
5447
5722
12784
71139
5870
17755
2886
10173
38949
7503
5646
546
7394
3186
37
12442
4228
41683
767
36430
13084
7516
2756
9088
26151
43899
56
36227
3449
2
20749
27799
9449
40394
26535
18012
29649
2669
35332
37848
2530
1905
16044
27537
1586
31658
28267
68994
2615
26430
2882
2060
10038
11403
22551
7259
10150
32250
2153
6864
11469
3349
52974
8456
15722
665
2521
3111
12174
21895
4032
7794
13413
11534
5484
8247
15115
42414
1037
14040
57861
30933
3758
6415
33603
39449
57792
5301
11753
43265
2700
7307
21197
760
18974
31567
2167
20674
4733
32569
52791
6586
20234
13470
4094
6819
31839
43683
12363
16935
51595
19906
4
5310
14951
23840
22019
12842
44281
17774
6715
17481
6567
11294
11379
18521
3965
8386
4004
8621
6623
5589
5219
25107
73392
42158
8439
19680
61174
21703
4225
15872
48552
1796
9960
24301
6966
3488
35044
22322
47651
6466
10956
21541
5437
47360
5560
18012
27343
21482
11793
21820
21503
34041
9103
1552
30095
3673
28326
21787
6479
55767
22050
7798
2718
3281
1811
8265
4474
24849
11049
24865
27200
23404
32967
9025
7354
51429
44146
8389
57564
1105
24374
47892
41506
17878
26426
32380
9307
8647
2064
52205
10275
8287
22382
2786
6468
22422
4356
20437
8046
29194
6375
34141
44090
22333
58430
20332
15215
33730
1271
694
10815
916
17387
37094
18883
1525
2159
42768
34822
40103
16979
10392
14658
18703
1922
14637
13134
1554
12913
9204
30571
6429
1921
844
18933
27248
4513
11130
30665
26901
1798
718
27961
1195
55935
1122
25322
35354
711
34564
3000
12639
17018
10962
8979
22625
26874
10258
236
28137
15505
7584
12043
49182
36219
3730
41527
5341
7437
2474
22636
20796
13305
5629
228
5445
2835
11290
16611
35926
48044
20005
13860
26827
207
4968
29503
4962
2264
31404
8392
55392
27339
38289
57201
6281
9005
21106
2
42158
16287
46386
29884
10120
49394
30715
16745
8965
22242
2
3529
13017
39462
22692
19256
4527
23770
10975
18390
23431
33919
49280
39179
2284
14354
52854
40252
6859
37416
2350
20349
16473
41390
60600
6157
12228
10707
1727
952
2122
17092
2294
40592
40948
5300
8666
21034
9319
15831
29162
22752
42334
4109
36896
37659
20354
22522
13907
42576
44499
28154
27431
14056
42327
39891
28268
51842
7501
8562
1554
23630
22364
12121
5011
60027
10346
32445
51070
12862
1113
11
46523
2473
7270
6298
6495
2985
33973
25661
4618
18445
42160
29691
26784
30601
21413
25256
8350
38393
14100
1115
3413
62947
56500
9534
32532
5541
15837
12627
2182
44609
295
16800
350
7186
37947
57862
15338
439
5794
6742
13332
3499
12336
13906
1409
1
47303
3803
45662
24503
16118
19
1286
237
11818
35344
34727
13173
581
21560
32072
5755
24656
31667
8372
6350
26590
2001
72807
34173
24661
8816
31914
1169
2964
56711
33760
1
24720
21968
19091
1247
16590
31903
59718
55418
17709
5
6088
1461
47207
37599
34113
20860
13796
33139
24883
26705
38450
8410
3037
11838
5036
5
23225
1173
6119
17748
5658
36960
48521
47181
14043
30892
10398
4014
544
34887
44423
6753
14456
5623
32098
68480
4869
48186
9403
855
8937
23816
30552
19114
27013
1555
28365
72575
8579
2107
32315
47709
9531
12148
6559
338
20402
76975
8865
2896
4676
16475
28297
45081
1017
24423
24913
27438
18748
22188
30542
47923
27819
50739
15423
1764
34373
33717
24397
54030
40626
13339
1985
7277
20212
9689
5030
31882
47397
1004
7986
10884
22112
165
34276
31916
2
3088
18557
58644
259
634
38686
11261
62791
2403
539
18248
41188
14464
47903
1882
26815
759
3432
4
9392
7820
18064
521
14385
8540
24448
2041
8283
9735
4236
6878
13759
8393
8075
4199
10614
625
34811
57679
8048
38638
56532
12131
40823
49231
1407
5104
23743
54107
54402
2698
800
15792
6293
10083
15905
16303
31588
36158
8161
29273
38089
820
5925
59231
2817
30478
3059
362
15556
25440
2534
6184
421
38020
16528
6147
9991
22076
49781
13260
8751
65192
23056
30684
36689
63816
49417
59891
1563
23654
4180
31103
5329
647
5444
18162
4789
10333
4126
5654
56394
42930
1882
33037
39849
17193
30750
27357
5412
897
13896
4662
34286
44325
1429
7
38118
48972
3559
45255
9030
18763
22652
9092
9055
23031
21538
22516
30773
40848
1136
42915
32239
9696
10673
2776
13237
11042
2248
42188
2127
5995
1725
24737
19085
18940
13915
5576
20931
14898
4511
17310
11958
21711
13691
49895
1432
66188
27222
5
30535
1251
52383
46517
38554
34943
384
15015
6509
7165
16948
18899
1589
22582
8773
2321
11825
11064
47307
1519
10368
9574
15373
25071
14863
53898
34683
28140
18669
3115
34886
6624
5218
510
17106
25590
2091
14060
56108
26484
30682
2625
6343
36175
17708
37413
6390
10816
2561
2941
12491
6217
40281
43393
15823
11113
15943
16924
31056
23844
30763
29355
1544
9861
21434
9374
36383
41838
18445
1651
50
49328
23121
1686
11964
20106
50230
12474
548
1
37117
23437
24256
24
2444
36034
2301
22617
40262
2355
25811
5171
8505
22357
762
13867
1507
4306
686
2406
6301
45777
12984
38159
11605
760
2872
26785
2079
3972
49555
17825
18480
10395
55672
9212
277
36729
5872
6113
6372
3856
2836
29449
9483
53151
16019
4291
12616
184
32678
58970
1120
42382
17430
15
8693
3379
21203
18917
50366
51956
33322
2332
9275
35299
64993
26340
4543
5645
3198
15882
10
32048
21733
16012
11959
1594
67162
10565
48195
34239
40982
6248
75
35077
22061
67136
50642
287
18618
4622
16988
10392
8291
50535
41465
34228
5383
42672
2208
4637
1230
40707
14633
2493
14896
70790
12184
800
5249
16035
51699
27409
8234
20637
54477
42397
73771
49563
38854
26969
2041
8410
20886
4960
17875
68642
27859
45299
2395
13401
924
40265
22523
49577
3874
322
11124
24788
27178
7341
2259
8888
3956
4414
69921
28858
3513
25060
43266
5245
3210
1827
3816
2692
28358
39226
2895
33172
20575
44751
953
49780
783
35235
4290
5
3452
37465
29196
25618
15045
6087
12566
1703
28801
12846
49424
5675
28118
10546
22366
35521
7086
15152
3225
56743
29413
4713
1243
18686
25846
3117
10468
4043
7027
14169
4284
21789
28449
944
18244
7273
5
639
14867
7072
9427
58121
31692
39479
3589
22681
54776
15363
10328
14627
3708
4696
9734
50039
19
20724
30140
2838
29758
9821
35167
13547
1111
6005
18423
1429
3620
11284
581
10315
911
62844
64278
63362
17890
9925
2643
1
36736
10522
51545
2024
228
39632
2269
46959
14042
3772
18101
9924
24119
6067
10383
12331
25948
6263
760
1328
9134
9429
44580
36790
3140
14020
35614
27283
1207
35816
12525
63833
31857
8932
3926
11704
25324
16150
25892
4004
2823
32638
22331
484
30586
27182
45175
4727
25124
19360
755
50321
3008
3324
16618
43235
28457
48536
1539
20164
32295
7127
388
17491
14339
19072
462
1981
40935
21917
40815
1409
26886
11769
9455
6452
539
19846
8892
37305
63861
8092
39823
26520
926
666
7585
17585
13382
12238
1581
62726
55685
7279
53612
14901
23162
43883
14170
17285
10302
36762
3608
16214
21545
19584
442
456
13440
52080
5126
25115
945
269
491
3477
45592
6797
3551
22180
30008
50233
36919
18245
10945
5945
610
42699
8147
10300
8959
23671
24379
10774
15143
493
14317
14557
24862
39518
37107
13306
808
6075
1222
504
9415
25462
347
51381
20943
661
17009
1618
28293
20802
845
4545
22645
12351
21801
866
47209
27107
89
781
38845
1461
8
2087
26057
29027
5397
864
36567
1
10677
1371
13069
27765
18184
49073
2780
65009
46406
18800
8
7086
2145
7158
26547
53283
728
1361
19652
18513
12021
5097
22434
41972
34958
1
43733
6158
1157
19639
17570
2335
27415
44167
36837
61098
39571
6454
68599
5
2871
15892
5891
37299
12799
26711
8295
10824
10742
32546
7195
8369
8270
3577
24541
2273
2544
60808
13
16965
4893
46210
3474
1555
14374
48229
36637
51661
3369
129
21079
19435
3280
10117
14753
12140
20178
10229
48028
48905
1
1629
51597
41926
937
7000
11003
55743
42927
18814
40631
22129
19767
37422
21855
23988
28956
33092
39168
36452
22931
28306
3713
2259
1804
6700
25271
21449
39263
28102
48556
14815
1014
32736
4082
1421
58226
28985
5756
58377
53158
19248
3211
203
22184
15185
32717
51
8552
9611
7692
8453
15957
3120
10154
39190
15247
50435
42384
2434
8
17821
9328
25078
6791
8401
706
5876
1410
5402
3118
51722
64814
16900
5564
3186
6633
17128
12252
839
58939
26936
96
8549
56996
59902
12384
499
11375
23002
1376
6525
1434
68416
531
51795
98
11074
11938
15305
34221
49606
9143
8923
21944
36473
4135
72392
5500
36302
17996
25374
6342
30491
15516
3204
22413
18758
8873
1142
24597
3358
17044
18659
24364
25002
20139
51905
2
55753
13366
67954
7135
35340
47836
13990
19297
45723
2774
4951
50365
3242
1092
28365
1154
2205
14673
53689
8081
2078
197
17782
19920
2297
28085
36605
2060
4998
8848
11220
9927
26301
16090
18201
19304
636
38012
16247
19378
59453
14001
29910
1908
39947
39593
1081
10691
57052
28427
8139
1283
44106
61285
3720
37943
52535
50540
3558
59632
17630
1571
10933
16744
23083
1751
4601
23533
23848
12375
6092
2417
4723
54105
37550
5547
41905
23008
17837
7583
2447
60687
7324
38289
503
41561
33752
1430
47315
23524
6467
432
2949
9244
1230
1942
3563
16194
51585
47452
5171
2605
23744
6698
37585
9509
756
27050
14640
4902
21370
9894
4227
54831
295
21870
20976
7924
3551
40950
2
5519
4027
30948
8378
18586
1519
246
19991
54722
2270
14396
38772
13387
8735
13389
268
51264
6265
11648
38009
680
34071
7852
41189
1209
31059
24854
22920
8232
57083
11184
6029
15326
2358
41818
33980
27054
56139
17399
44724
60887
24014
1998
9351
32536
27382
6205
2173
24799
1944
49647
33393
20285
53200
16778
2759
36789
30524
3871
7246
422
11263
14591
5551
6200
47843
13952
36210
9240
31102
19932
11349
17740
44575
2650
41561
3864
4939
64028
2071
5114
2001
5595
3899
34308
6357
954
4277
38046
38503
4155
40425
3522
3265
20262
58608
41895
2310
44486
5389
12661
4022
6389
1
10071
269
10309
14176
49827
32714
24221
5993
8204
6137
32139
49626
10129
13091
10413
22466
9110
28379
10622
12191
1598
52511
44476
1804
26008
26021
1379
34318
27098
10740
40821
12915
1071
56062
35693
58222
5598
4539
5807
10184
20930
1
39547
25778
52654
28562
46846
32124
10708
21567
8684
11176
1825
46476
48247
2007
9061
1328
1781
24428
53121
43278
41915
55060
35387
19544
2432
15200
39646
35488
26321
1395
29297
38734
69443
12732
1444
13810
14143
361
30572
12
3842
3650
50322
7687
42054
62940
37426
50100
4238
24938
6682
61700
45463
38899
9979
48027
58666
22757
7133
6945
43586
39169
4844
24826
7632
5992
56203
13225
46960
28002
28876
55531
21597
1490
24801
40187
39291
16229
26611
16967
22147
5045
12610
1384
2268
4004
4592
64769
1015
17948
313
11696
20189
39578
923
27514
26736
46562
9267
5523
54985
42232
1968
56002
22331
61885
24579
66032
23070
28045
1894
13852
18359
2
3856
22788
1178
16573
2736
5490
34615
11153
17558
17145
12353
43373
13329
4665
54649
50360
4181
40660
4377
46163
18964
14162
54407
64759
10304
13525
4277
16222
23891
33376
16751
74635
27997
904
9256
19314
5155
54877
50898
1
9816
12769
10816
38265
12152
9264
33437
44322
49872
32954
58648
31930
16407
73975
2885
10475
18706
45926
15619
32287
16675
67625
21824
20183
8190
45726
2057
5444
53934
26809
26651
32284
13966
48740
4507
7712
9234
11327
8080
10638
46975
32140
53748
1361
15331
19470
19821
4234
33054
7206
36487
7092
11748
14926
22914
2278
16839
14459
35287
5054
37337
22319
7651
12266
11630
39015
52438
7577
1126
6047
2452
6172
3656
12745
47449
34347
15342
1300
7178
19993
18440
35659
1748
6676
2796
20121
43687
14743
10140
41147
3709
24458
18578
14381
156
16890
1434
30566
76086
3693
4320
31389
18738
29612
34016
9146
10376
5227
9799
15976
3015
19236
7922
2030
36154
3088
1633
20759
18019
19311
35249
54809
31532
19910
6281
11347
19858
2771
29795
7484
39283
9709
10961
25496
41828
1400
14079
7948
27629
20456
60519
21087
1639
29120
24031
662
10294
25157
68026
35250
4788
40688
39358
28446
3426
6036
9253
8815
18904
1997
43785
7446
7895
50263
34501
21586
16935
47032
7407
33213
34828
2361
362
7367
53960
14823
21228
17028
28217
45147
6005
8957
6536
8879
5479
10481
13123
5491
34538
59374
28387
34176
26508
51051
64811
22730
29041
10994
20410
25584
9243
7163
4412
19046
26728
29555
4646
8963
1441
617
347
5941
7116
2942
8929
18049
9779
5018
257
68363
30958
59721
1324
7288
2943
4197
29382
64092
5800
28712
62309
53426
29964
1377
50121
9654
4696
24778
388
8186
1327
523
23557
32932
2035
4568
4775
1117
8126
36000
8639
24408
8112
31714
9637
34040
8653
50186
20742
59480
14721
55058
2192
27994
2986
1812
72848
20712
10935
52305
3021
10878
60430
12088
6378
1064
24990
1356
56635
2948
45422
6183
467
65217
31617
18121
77528
8292
6821
25987
4691
42708
45326
6755
5851
3231
16689
44061
8963
59
11902
32004
17454
13661
8767
4517
30613
69383
61963
18513
25261
855
38900
5260
28793
52450
34470
21584
16636
23531
11264
18875
56172
17039
262
25634
7076
41267
4419
51138
10158
21537
8035
12007
43143
9069
45202
19983
7632
761
21080
8315
8414
60932
11884
628
4627
48263
6887
61998
2118
20952
14442
624
13333
4660
15924
38664
3
1123
2427
58715
3587
32959
5351
40686
24187
31579
2301
18679
13526
13302
16458
3772
47920
242
18722
27925
12430
22186
36137
43310
34854
20612
25775
50744
10768
58472
1021
29022
2659
42476
33445
10788
12303
6450
7589
53579
3328
25119
20509
12218
7360
9849
31294
8000
772
47370
30008
62793
43898
68862
5784
1328
13081
15770
5119
8328
26031
3065
6848
5968
27158
368
21364
32658
6146
48556
15303
10169
65452
12287
43125
29835
30514
1481
12212
15679
37051
24269
10060
57524
5467
2684
19935
26061
38976
36847
59305
13716
63102
517
928
12420
4607
13522
9699
6943
4848
323
10650
11413
20346
34054
6470
6566
13037
39608
26839
28612
45202
41565
33631
7222
29256
8031
7186
19664
1424
4073
21898
772
11405
16771
22209
12069
27
502
1051
19096
1117
3600
7656
18562
4315
26953
30375
16673
1102
1557
26788
31171
684
44836
9043
25502
2605
19035
2139
51023
52144
29865
24597
22580
29921
17409
554
25251
3243
43163
6954
5731
34406
3486
54495
22049
20160
40027
32593
39383
17831
19203
12665
10437
33469
4833
4649
41550
2881
20302
9869
47656
9554
6227
18989
21875
34
59159
490
7810
7312
2279
3686
16865
1604
31037
63880
29141
29361
11555
2744
53952
28462
19526
33392
89
3259
1716
14030
7150
7867
18105
7402
2320
16610
1304
7960
39241
1394
28338
29437
7712
5097
39914
27942
33668
46124
34298
3869
58274
556
1953
44528
27835
1898
768
8202
42621
47421
1806
42574
29098
3802
2618
2005
15680
62562
20689
36790
2632
18751
24912
5940
6547
5867
6463
25006
2480
6945
5063
199
37467
6767
10878
3014
38438
27001
23174
3802
60101
47
29885
1952
24098
32982
12448
601
1817
947
32961
13091
456
23708
3450
35130
48166
17361
4793
4108
1726
10196
3619
3674
3133
57657
24601
35691
6512
1247
36681
9353
43120
24437
58579
417
10368
1235
1642
22822
3898
6673
18415
31384
14166
46410
58030
11626
40597
2033
35789
42717
36331
2444
9369
37129
56178
8922
3575
40536
2066
59068
6582
12505
1951
42603
6424
14277
4532
56650
11789
14165
5554
13217
31059
11750
513
39411
4934
46796
8164
39930
12152
30852
22026
6096
2796
12350
16213
45316
2809
14798
31858
4828
25631
12975
16490
5298
2773
937
10337
1
33049
42859
34847
8241
32069
18581
510
53553
1131
6025
4462
42443
24890
1318
7567
14732
65000
3098
20651
22851
12583
13356
20807
4896
33856
4400
2156
20506
994
1002
27361
10289
6495
10388
14662
41640
15678
46769
10471
37426
8695
31966
9354
45180
46470
10246
20943
6153
2703
3431
951
54319
2379
40129
20574
6375
43605
26746
24955
33190
1849
27132
9440
42638
20026
18160
28932
17098
2295
2350
56269
20925
40255
759
33154
8624
31786
12442
7099
6163
52264
5505
18237
74243
994
13832
10107
24168
480
13506
16816
11396
10687
2722
28756
28480
72297
4283
642
2963
13138
8142
36937
55100
10765
2858
38950
34896
42122
7587
23945
14656
1836
100
5014
23108
953
1
25652
16815
19993
19330
16659
11683
9875
16171
14449
9886
31145
1222
17240
33907
63238
26685
14574
44862
8271
55590
21904
22351
12762
8060
26
2129
1967
4490
5804
36256
42425
14799
5413
12748
21764
15418
58036
30854
1625
8393
8322
31811
3206
29610
31364
2527
9343
10863
2832
6931
44115
16258
277
10018
7620
54974
65361
31462
4464
26812
21520
45351
8967
4308
24969
2185
5905
801
25886
1203
45648
1673
13492
16918
16703
16998
47481
6560
8370
22933
1960
5051
50758
5700
18945
595
646
26199
41653
20647
13445
4531
7033
5031
27387
6644
28744
4174
682
25139
4289
20949
516
37
75829
22588
17726
16008
12996
5602
9167
40990
49856
15017
2187
2133
5511
8508
5112
14731
54285
834
6089
7454
7205
1248
3794
18207
45165
6624
1507
39961
1177
10080
5823
28580
26553
45026
29950
20511
24126
7782
51683
46895
4756
129
34007
17775
20079
11657
12565
6212
9100
17671
55352
1341
5074
11061
53236
43370
69332
1814
5547
1853
29583
1486
10504
10619
14527
30125
3821
2182
41409
3842
6057
8634
16102
30798
35704
1863
42073
3486
36884
2547
7540
5426
54767
30186
28367
14064
5308
36013
21216
56228
11997
22619
5655
13959
12239
25222
25251
54417
6362
8953
31648
2547
35521
33627
25011
4817
14039
23294
28859
26749
34389
18600
13353
42586
35960
15490
24511
1
47948
4
4074
24960
31788
35475
931
39390
21692
3899
26508
27961
8845
11526
3713
7589
19390
18364
5539
3753
44743
19053
22097
39896
48753
17758
34221
4651
32663
33343
5949
32654
45670
39965
1963
34701
16599
43582
3306
24965
7770
7528
48050
29979
3933
13025
3061
832
13740
60981
34462
6412
46168
29457
46829
386
5244
7911
7502
22306
329
10246
35047
651
20114
60433
39903
28105
20351
7386
51055
33754
4372
3
2881
33075
6
13660
45907
20672
1981
22967
17014
23405
13907
14819
3908
53127
2602
9171
54699
26495
43111
13686
201
15231
16008
21595
10861
64182
15988
53114
658
18624
5998
32106
333
18039
12573
44064
14334
2782
27805
33839
7925
25356
15450
9796
14412
11097
6851
27548
13862
39494
54145
18003
21931
42927
8974
659
8686
59100
3715
1294
54672
37500
5426
1244
67622
2698
3112
2231
4697
12156
2602
47076
30097
28927
34375
39751
46155
6639
5514
29038
649
40041
15045
4503
8001
26878
3
37169
1606
33812
24773
4085
67462
31018
14822
3941
19436
17497
5810
21737
9998
21571
35485
767
584
35098
3949
38320
834
1176
22408
54101
22402
31899
3322
43963
19598
17674
12854
8644
15393
35833
29941
17541
1046
8
17840
2348
28487
20303
5659
52009
26913
21380
55107
19872
58743
12689
12361
13900
10525
1048
1727
321
56
6357
45887
8821
19244
3482
918
1291
17210
35785
32150
2320
30900
8379
10837
19467
55251
41140
60980
64404
44562
16779
30001
17829
34843
17738
1264
13698
1404
21227
3918
7823
54763
16079
656
11668
7857
50725
1765
34419
34939
18504
4444
3143
41051
3416
19295
25117
17079
15574
13187
7817
20791
47267
33378
35674
4782
28517
16578
11879
9032
60245
25979
14082
9875
20569
5027
21295
45029
31707
13405
6082
46997
1753
4411
45077
9148
705
45961
18358
13261
1876
8128
7583
20109
15790
859
12709
907
57140
2569
40669
10435
53828
2556
29080
246
9456
30298
1963
4528
32863
35711
49440
18020
65843
8597
50436
62536
21507
3225
10778
16673
33540
44653
5131
19464
24901
11725
12405
24382
5193
8410
6064
26943
4995
47186
37
5965
19404
6083
1955
13581
7072
41958
2273
68569
12437
15484
6
26521
28739
3400
15947
1990
62056
22654
76
28739
53191
7363
42975
5532
15260
25231
592
703
49422
57129
54943
16741
340
1934
42116
24385
51355
53510
50396
51721
46619
21520
18750
5373
5814
28309
24117
39761
4955
169
20819
24631
21233
14539
138
15150
3974
61396
8790
67161
1697
29194
2881
8369
23905
1188
42676
3001
2211
9018
5057
2136
45119
11366
301
12390
10508
14341
47761
5909
31174
37165
10473
37233
3555
51190
7479
7348
2
29919
42080
16776
2026
5581
24736
65141
417
3233
56298
62520
2
26708
26664
21032
2771
33248
8050
8233
5403
31670
18502
987
64862
7246
37201
38955
15471
44684
34134
12986
22557
2
5638
475
986
15084
18884
16216
14416
27499
10435
5507
33472
47501
8238
12201
19791
4656
4415
5992
9792
7665
9375
12753
1728
23667
1
2736
22235
23778
6390
2445
57836
4553
1322
15823
252
5960
3417
7766
25289
43273
46466
66148
10474
22705
2839
27201
13759
40932
48820
3588
6397
5148
4237
1322
43806
24937
56028
17150
1166
14455
4552
4825
11019
13470
7407
6927
21317
3976
67041
47359
33634
1932
21924
7458
52510
5926
31998
7886
40157
5711
39221
11236
815
3270
27692
47573
4906
35786
27743
17110
22390
16373
6093
6985
23312
4971
57162
66212
31775
112
8495
14557
3693
31938
50928
35339
35809
57725
12300
5155
33280
278
5164
20673
6917
33609
7875
5161
6438
3044
7071
5282
67776
2416
23558
3927
6352
10636
7191
4416
12
28859
9588
1591
4828
3771
12887
3436
62367
7296
17316
3075
24744
12160
6840
2483
46188
17166
31277
48360
4300
9678
66131
8237
28221
5817
27068
32308
7298
34493
382
29551
5781
16903
13122
33767
2274
7531
734
598
28927
42936
281
16361
9381
25074
31007
10057
4076
3827
4943
10159
5008
29248
11751
6868
37110
1245
6084
16158
15971
18458
6370
9811
32522
2
23552
2968
12018
34474
4260
4231
42670
40904
37218
5088
53526
14446
70568
29369
13319
60161
12202
17712
8462
707
19515
20330
51897
17570
22873
15875
27005
8136
4130
8523
36358
29053
14894
41091
14039
8310
24831
415
58126
63075
52179
54269
967
30678
8940
4577
5995
10724
18024
72608
8
7716
9280
126
39449
16485
16282
14503
1581
7458
21671
39424
23946
3209
36981
105
22337
7100
1643
20368
4521
23656
10263
22475
19290
8204
29447
988
7551
4792
22733
50962
72996
775
2678
23091
17432
33223
1624
18715
74907
33926
45936
4641
13924
2075
7088
21385
25334
2320
23050
587
24662
26202
11782
23725
25700
56189
63983
11403
8682
984
5213
23789
15036
1756
25687
60137
2517
10737
32070
31126
22121
12689
33844
4742
17016
11372
25784
16036
2304
3664
20424
27796
4840
5669
10426
53150
11465
4397
21642
52762
17572
20225
24302
55727
11685
21086
16237
7122
21270
8473
46061
10488
1730
3690
32364
4160
25951
390
33847
840
13234
11784
31617
2321
31187
38969
33134
7619
71224
14606
6379
11887
320
18882
35514
7564
25505
26782
20699
22214
30574
22804
16973
51785
56574
11912
59413
33705
8871
32600
5026
9646
4532
560
48159
3
3263
16864
22528
13304
2283
24826
50631
1490
894
27433
2858
17032
4051
7384
39904
18238
30562
9991
5941
4479
24586
18727
2197
24973
61467
3930
19901
31866
30617
55363
11264
1139
6294
3303
13054
20327
16242
14960
6277
19959
8846
9688
23858
26970
22869
17576
18641
34579
1895
11824
2088
5738
7213
1934
12620
5050
29222
47048
33293
6298
8089
3947
28223
30574
9619
19110
61931
4600
5620
27204
14726
14837
24814
41504
9149
7289
16899
22105
33586
2248
15196
3178
3880
4929
1811
51236
13649
35625
65701
37199
23937
4279
30003
22462
26509
5166
66021
22426
16995
69346
10113
7931
33034
66283
21728
19592
6249
47432
7754
984
15095
1544
19741
23498
17578
870
17615
2862
1938
18026
18803
15038
20465
53175
15283
18129
4125
15696
54983
35729
6928
12170
3600
30321
16468
2425
341
785
28238
50146
9001
37966
1961
9918
3005
2911
6546
36183
23708
55206
11019
5247
959
33009
27176
4360
23313
12007
87
2835
67873
15660
19023
18598
40978
16224
19425
39060
343
134
19792
4247
11764
9318
1936
2
3
21
39330
5205
134
37682
12558
28849
1449
4050
57991
7056
875
41547
11363
664
40247
14853
32
7522
36277
38470
59652
14159
2365
13772
9746
39779
57538
3390
16522
23479
5326
35164
57244
1313
39182
3297
28019
40657
11965
18844
50897
39571
8975
15207
2261
19685
3864
14985
9902
31658
19522
23768
6028
6029
4268
28197
15494
4858
48301
50375
22727
39423
1827
4590
37524
28175
15847
7
25382
33998
46007
7926
26901
57684
1836
5078
18471
6531
7717
29151
33272
1065
7465
17588
71789
314
31080
18605
19130
22732
1573
23205
17639
7665
41775
4958
1011
14874
11273
293
883
23779
46
20330
65073
59301
7244
20237
47683
18898
4546
60445
2
29086
50379
30637
11832
6283
15088
1226
13191
46397
8282
18816
32348
35405
66661
17686
1058
25197
11229
38944
26362
1304
53993
13275
11410
3531
20322
25200
17022
22140
19969
22539
10798
2588
1926
41184
2074
20724
65877
19642
3520
63144
24036
12550
576
2600
26897
23596
2419
25804
1682
31900
47370
23497
48433
33229
9598
8036
9667
11096
5257
51904
5852
8789
6098
23761
18977
9889
1805
17710
36638
1
16421
43877
6162
6366
21510
51520
21079
20203
57479
24518
72914
34756
15728
10859
1665
14341
2111
25534
27849
49810
45584
14464
917
46893
11788
5214
9318
3178
505
4752
33471
2112
21549
21885
32535
19122
12782
21534
4656
12978
12013
64794
6912
2138
32514
1826
30858
17768
5128
1424
1620
25236
25493
64241
33991
38495
52992
3465
65319
46347
1362
18708
8278
19241
11347
44904
14813
10688
57453
45461
8116
8525
30389
25470
10666
9625
15632
11104
3307
12148
8249
8527
14446
25753
29647
60612
27535
8773
3101
16436
3615
3344
1436
36796
30796
53557
1655
5603
25049
15517
18806
4529
10633
48828
6289
29550
7172
10946
62085
14967
5546
38166
13225
17569
5500
10183
333
336
6975
2191
793
11709
10249
38200
24971
60134
6803
63456
9499
2745
6038
497
11761
39509
45811
50682
47362
25676
16802
485
11115
13653
34314
23313
50204
53870
19423
2679
52773
2488
1307
18099
72317
31168
5806
48689
29551
15659
34151
12450
26
11635
46818
50797
14921
2102
36258
3863
44167
20396
15353
34219
30238
4915
38689
5225
2375
19785
21742
117
1957
5191
5961
13254
2952
38562
29652
5735
2308
5612
18684
61059
5097
11488
7123
473
678
1212
14133
39608
17226
31038
40400
12514
2713
7250
46582
1321
2376
2908
28039
974
17405
13563
26016
15584
30056
1737
16694
36745
400
46709
4196
2542
9327
3624
58787
3633
12561
17127
23248
49967
67607
33608
31
20599
44419
33135
40847
1796
8784
23520
9838
5571
18719
63963
18064
12145
1042
5693
5865
18848
25370
39670
39273
6921
39190
17240
3593
37395
27348
21476
4170
10213
41193
14348
4662
15806
487
14141
9047
3251
27945
6870
34871
3870
8596
19006
46139
3731
26354
3055
14558
57784
41141
30186
14496
1237
13532
25323
34755
30318
22909
1294
14897
40579
49044
58719
847
16526
19676
45569
41706
21495
30812
39131
1297
215
9996
44855
43968
43306
1622
6489
7107
9728
11657
22521
20004
42729
21066
40800
11595
8778
50098
8558
22901
38880
15942
32762
33381
47855
63250
41351
29757
9194
57573
55707
4970
48946
34240
6596
15423
5309
6045
28080
14926
3351
17121
4559
30036
12854
30568
47205
42462
3837
7283
67395
21765
3492
10716
6220
28798
57619
25637
1559
27956
55323
15871
40349
38370
17837
5553
906
33040
21874
3004
7077
20640
26743
40678
13782
15190
8367
23871
71880
15156
26471
49995
14106
67417
23689
17416
10363
10238
54169
49127
14952
4155
54344
1590
37643
79724
8514
18140
66917
9130
1860
60181
11592
14
6440
67605
3694
2864
50606
41781
27267
9256
57101
26904
13766
17102
4916
6501
4423
25926
568
13859
4451
49472
12796
4195
6275
40700
19446
55813
36219
1
46175
39145
8365
28575
28979
3808
19134
26874
22274
10401
4207
38021
63938
8443
43782
70623
426
56939
28150
66187
14481
64282
55350
1007
30158
51916
6110
42146
44567
3223
12479
33921
6026
19120
43642
2605
6870
65199
22980
25659
30525
811
11957
26900
4529
21066
13935
23552
20469
18377
34689
17148
10070
34653
53690
3053
48794
11458
22803
36849
28325
18736
676
21210
3055
10213
20315
40096
1366
32858
12434
279
51473
7596
365
15834
1771
11268
18280
26768
4697
32959
63299
40511
7128
37065
6647
2644
7564
4250
19476
4442
9388
9811
28084
9680
51828
5450
3696
23331
20299
9578
3
25261
4802
2534
4167
22168
42709
24134
33269
18857
27418
2708
14022
29334
23318
55488
16452
2098
17011
3132
41473
73314
4836
7238
19546
12108
50555
51713
21918
24553
38562
4001
8441
5311
15171
2911
1000
28713
23983
43386
4276
26485
33169
3
5984
2360
1175
56241
13533
72880
52768
9339
1951
45409
2
9899
11599
32083
7956
4662
5011
8678
1182
39825
4433
19832
4799
33390
44244
6345
14667
31235
12750
205
42033
5265
4246
15488
570
47350
24202
33944
3942
6690
1066
7336
987
9510
39789
33684
1228
38389
45421
32230
39629
7428
8645
45106
14913
2813
14226
23378
9003
11051
22683
18895
6198
28531
2979
31029
66143
2838
32590
23525
7230
21
12903
24538
45256
31897
33175
13848
14558
30445
3856
4303
41962
7546
633
3720
45688
47941
19318
24645
22323
13
42455
21207
15437
1110
20330
37697
14180
884
14512
17473
3782
5222
33743
24883
11096
29774
2246
12745
38206
23024
664
18046
11024
36422
10130
32290
8706
51134
16701
4450
2590
6892
16714
16133
3991
29543
18090
61568
19145
16105
1940
3899
45449
59920
36030
57916
29211
9661
18158
18608
3156
8615
59746
4125
33863
16684
4584
14342
1171
1667
865
46575
23371
799
1423
16915
1581
33914
1114
3797
40227
25137
30071
25445
18881
2
54480
33629
25015
456
4972
26585
10610
7821
3013
26476
11301
2949
48789
13520
34408
7087
10807
4418
4916
5856
23611
34289
1
187
1902
1062
4200
3420
15951
2425
2993
14513
1924
39372
53641
5469
32345
50993
6998
2171
3
18091
30250
800
34064
38611
19395
23494
11480
30523
30022
16997
1
48761
7470
2266
8536
11003
3887
14430
58
2807
15699
17989
26598
1977
32209
46839
54861
5762
12865
3675
21036
7841
59079
23710
6622
57818
47393
1219
2736
37287
48296
2024
33475
6585
24112
28025
5206
11975
22564
11900
43006
10935
57954
41430
23993
13587
3654
53600
12152
4822
11071
18559
37307
37479
7253
2334
21929
5534
55965
6901
4792
50300
7640
3625
18160
19583
30916
6315
4562
22402
21057
32638
3121
10836
61897
30673
4410
35298
12389
31316
46325
12221
51
31035
917
23595
26485
13474
19641
3396
6544
13561
23122
74343
33559
6540
7921
1592
3626
5841
36940
15150
30973
4734
21812
1043
13833
19006
26902
12770
9054
6433
16158
62904
10637
10892
26179
34102
57758
31827
27532
48087
25305
3198
4786
2428
529
45378
14976
50373
18326
21019
19270
14279
16250
11587
23484
70448
6179
13018
14399
5264
21830
1534
24721
51055
1901
38609
239
6032
49198
8715
4823
4461
6473
3659
158
2183
7853
5545
4156
31817
19595
36223
740
46088
3343
12485
48363
46248
11638
33731
12849
22265
9365
28965
14873
2962
26967
2000
265
21036
10557
20544
12437
9773
8594
9408
8532
14944
35338
9085
1444
2459
8399
63502
7616
21809
39491
36630
19470
27016
3484
382
1508
33856
4635
1980
55853
42418
50625
1204
3623
28519
23198
17286
1334
502
6625
2439
28081
21319
62198
2355
9970
33947
29518
3971
1685
48636
17647
6688
47656
27130
41986
3828
2966
7787
3616
20756
15472
4983
1888
23844
4652
7564
502
27407
57030
10179
2135
8859
26802
22998
29813
13684
5340
8175
1120
20085
16875
12152
17020
32778
13385
33647
1167
9907
10230
4022
12421
24954
29755
32608
16987
19073
41375
32807
13646
905
4059
24503
26605
9153
21085
3498
47474
28636
8783
7126
15224
34822
9019
18575
46947
42085
31683
21864
23366
2256
789
16826
20413
21180
32199
27885
2
35960
30092
6233
36221
4055
5362
7643
425
7816
5325
8497
40135
37193
18876
53270
12193
4366
4524
17392
31533
45256
3
8360
17715
5152
27040
3249
45224
32799
2997
54930
8873
3193
73069
1218
6968
21933
22058
16824
4299
53764
4559
38280
56020
23397
43472
10465
9639
6311
22354
494
39828
367
50757
67321
3482
26605
15476
12765
20434
2620
541
9969
13020
3999
9025
1803
1835
3664
16529
1756
16612
14031
36272
1315
36950
17129
5678
3696
11435
12738
9824
3069
2329
11216
19932
25720
31772
22179
28623
38983
51612
423
5052
3588
32127
46622
30492
7651
11226
5195
26622
41232
9139
70266
11932
24032
14081
26491
10954
2500
22468
9726
13006
26082
30360
681
24720
43187
5333
2828
33837
746
15492
74018
5659
48246
5550
8401
5809
2087
441
17367
3584
24849
31294
589
6033
44065
57405
17049
29333
6089
932
25509
10276
13845
15409
14946
803
10714
7365
16081
1554
29289
15598
9769
41801
51899
3762
62505
9930
8582
3472
9143
24900
32892
30297
4443
8927
11678
20722
28723
32394
5621
8713
20213
17396
24552
9944
33339
27165
10605
15125
36284
3725
77252
1864
22013
52126
55954
17508
26983
8963
37459
9661
6254
18066
16208
3502
2353
10685
15898
31415
7780
19210
5683
33799
40460
9276
35
11226
68160
3226
52285
58100
16668
30400
343
61573
28940
24825
1159
18173
30865
17576
57086
30133
122
10667
51324
8395
39108
16509
728
131
6943
7807
3489
63569
42375
5
38129
13567
30364
12925
9542
20144
41551
20136
1292
390
9160
15147
2127
19126
1705
30925
26849
14521
29147
51103
52988
2598
38221
34454
50074
47629
19730
10307
12885
19952
13052
1814
4637
8002
26829
24232
1793
29024
40101
23528
9675
33254
27040
19995
4302
19084
12910
29862
9941
20554
35314
8233
23573
30134
20637
24615
1779
15346
7476
9825
5056
3602
24314
44863
5746
46402
9763
927
4518
13171
11403
5702
5415
16137
6694
17115
3761
7169
19787
7331
60372
13344
4950
33728
16993
46938
40688
15764
31531
4281
38164
16446
21002
26296
63292
4077
19371
12909
44378
12305
58273
5849
15248
574
1
32536
21054
77492
19061
22778
45357
31600
7194
9930
8123
23905
2526
46769
29948
13195
26194
22805
38202
17187
38410
10
891
14161
75926
28691
53780
38186
4947
38
32034
73875
47013
15990
16161
22675
36656
863
67356
8007
5718
822
1817
18957
946
8214
26344
1244
59276
15996
3091
21462
68191
28872
50075
385
28518
58615
52528
27780
30120
5600
4240
7959
11644
39678
74586
1
54953
446
45985
306
2278
11487
8348
562
59584
24804
41362
22327
2025
11407
15916
26047
36874
7235
13933
4145
10658
26456
28079
20757
12497
14668
4150
57785
2954
11232
3642
45469
16253
17483
9605
37646
12876
4637
15127
45864
49292
21293
11574
3504
15527
13836
496
59886
24937
8045
1547
8600
17862
25810
51620
46599
34232
21848
31712
14672
15391
34692
8688
13287
40331
1065
28248
21494
5570
13713
41663
49358
29029
30180
1271
34106
10914
10158
37400
13286
40649
28928
30734
14409
22688
54014
43855
2263
27455
30135
10739
12916
3166
2279
9850
2494
492
33204
17733
19246
3616
43684
40938
19221
6711
9359
24583
2603
13339
39597
12712
14687
42278
9378
33963
45056
42116
15041
42963
11852
1240
31521
13503
52515
6192
5544
45098
39866
7844
2030
1810
54958
32730
6432
1491
34805
4998
50525
8458
5134
20872
26498
1864
35165
10102
31981
22895
2099
46762
9104
16994
16027
40623
1715
1056
21282
39956
2517
4208
15259
28431
460
29335
7678
13849
14109
1785
31313
30518
23640
19037
33227
9639
5521
245
2112
2560
30272
70636
24883
3
26593
17052
18784
30872
4602
22512
11445
30336
52867
13246
9736
24593
35397
9530
7703
6775
19154
26600
16248
19637
26480
7717
67097
20450
22443
24067
2883
6086
67183
592
1872
58515
31041
50350
20811
6924
6027
20453
26462
22018
20266
6562
20329
45607
31725
4200
47188
17698
9218
18585
14534
10276
22001
53242
27989
8686
49076
39556
44120
596
5387
6165
2054
61813
8816
7275
42782
45522
37579
43112
7047
11600
3042
7860
35676
50573
7236
32772
13597
35535
60933
38508
30267
42638
39196
2071
4496
40934
29805
14965
23521
8614
7990
4027
59369
13047
12899
38623
29386
1679
60474
23712
67309
11774
43754
1111
45119
10871
11860
10446
12818
3348
10320
44380
6506
4341
20241
6684
35292
26842
1550
31111
22030
1343
770
19479
40815
4630
5049
10864
11033
25755
13515
50274
34991
8963
46255
14787
12423
28110
3729
11438
6086
26714
12837
7153
30580
3972
13868
15489
25526
27073
3623
3134
2334
8899
2071
6813
22153
35778
32393
2736
41099
9096
3105
31946
39198
14916
10550
15473
1499
7757
36575
15304
16526
10286
13122
49729
31126
3
50751
673
14901
5255
26654
9131
40335
35643
3842
6271
15058
18462
61537
13435
34481
6555
28232
26001
4486
26281
8250
3447
6824
11464
21882
20702
41186
16200
4645
29101
46664
35756
16726
27751
37575
2371
6832
3180
15960
14954
1503
19985
8846
6773
13917
11888
34001
5996
8987
68742
32159
27158
20930
44029
8687
22014
9071
8137
3850
30517
16979
38190
19883
18003
19114
51686
3885
30522
29042
4331
12848
11891
45794
51440
51639
22123
1535
3735
31519
373
42718
12489
9233
14108
54173
6145
33645
3563
16626
1175
25747
24747
17878
18889
12640
47636
6735
1665
29867
11208
21818
3152
30684
357
67994
833
3007
2159
4908
1911
27926
41548
14559
11143
35893
35941
24226
7957
28669
51110
3416
5249
20091
1801
3021
19439
6925
35390
31460
7798
46063
6550
660
5640
1090
6041
4070
922
39
3216
28326
18624
10685
9891
25840
5985
5521
42015
14747
7255
3731
16159
202
50333
10926
30075
1204
28256
49667
2724
27680
56590
33741
3474
46928
5170
1294
8532
13926
16386
12370
10428
6013
11943
13092
7223
10577
38642
19197
64552
48092
21496
1591
59416
677
34465
17297
39622
7848
5812
14547
11562
26402
15881
25643
18730
7027
3280
2
6657
533
5832
7192
38188
12032
10799
3413
2233
45195
56698
24659
47654
39594
3162
736
49598
4567
396
12648
11379
36812
174
507
27524
62105
1520
2395
13712
6308
41321
68941
36305
5691
22466
1370
12865
9687
20029
6679
6548
8693
39265
2103
21579
7492
28565
7245
36858
27641
30424
27020
18080
1064
10548
5610
3411
19557
19885
24819
7573
6564
59677
28426
3311
15578
29104
18883
55
18643
7356
484
4523
25447
45649
11421
42357
599
3595
11239
30121
36093
2144
3561
43797
10895
2134
14189
8247
12668
10051
46449
6822
1584
59439
92
3652
529
5777
10464
21730
1888
63811
511
19625
24
19350
28774
18800
10111
3906
62878
3036
45540
17680
23104
8291
50489
20794
16004
24550
45934
7109
10214
8830
4840
34879
32952
59425
1113
16310
8605
15240
11319
6046
21266
15786
23027
28739
24503
27433
6037
16158
29438
47059
19486
78043
14475
18764
8705
8602
34851
59736
10894
24644
15516
11227
11001
7326
36782
24360
39985
38968
40187
16293
31205
28500
50276
19689
1159
6814
4549
42885
12681
41699
32836
3892
4406
7647
31928
12824
58976
4747
26255
54642
13684
8139
35332
39723
15662
44357
12385
24950
10824
18615
9195
37618
7550
4472
32964
12053
20859
13535
39
55755
7759
10039
5684
404
8689
11579
27723
6268
61264
35100
15690
31001
12919
1581
49925
1883
53922
4726
31528
6556
69801
9049
882
4585
46808
24332
8179
27268
20685
33702
9244
12022
71653
41802
19215
818
18808
9264
7818
12588
35341
19250
28004
524
32319
40562
2649
10499
32631
23215
24354
64390
20868
34955
23682
17387
1065
18309
10986
55323
7528
4681
26932
57288
31436
9071
22673
25774
5332
1
13287
17974
264
14703
27414
13999
24176
26482
2260
20498
27616
1152
1078
2499
9653
44044
29864
32632
12815
13615
15744
59380
10
1016
49518
30052
43589
2433
39103
22014
55435
22053
20519
2089
30376
18882
3671
24265
16425
30800
30412
4918
16709
3895
6220
11666
31807
3618
1494
19213
26278
14247
6211
56449
48213
42331
52439
9005
3681
37728
6931
2346
745
39682
5639
2787
34945
24265
29036
12175
25255
29390
8388
1329
4326
50912
67832
2196
157
25762
29089
739
20707
4607
10595
22436
28645
39699
31405
12204
3153
3058
12127
27502
7535
1069
8899
37363
42478
29583
10219
27186
32002
22581
69656
7612
8161
31305
31890
10946
19097
2677
4904
30240
5703
6330
34196
2890
8133
5900
10331
38195
6693
22362
27006
36333
33
12371
20883
12645
11923
1557
23484
15502
71445
7474
54639
46440
40961
53873
9530
53284
23060
12823
1679
15850
19437
6241
23753
43871
31880
16154
17772
266
18323
40535
7041
9255
19656
612
10377
14676
2875
30620
3697
12514
20150
65066
36706
25396
15542
581
28276
2570
22909
47739
22779
5494
6706
45834
69
2449
29367
43995
2482
21602
8610
2832
28771
57714
5600
52
10067
50660
46705
27757
8230
11488
15054
21448
42301
4603
3381
9594
15591
21917
780
23491
53815
27143
8391
29712
17020
5935
2149
27618
33417
29728
17123
7406
15305
33617
49480
19669
369
49829
29636
736
7619
50742
2413
7657
49605
5657
8104
10186
27844
6648
3363
28091
43641
9866
41552
16981
16
29680
22414
7961
1261
28360
7746
54023
1771
31596
9219
6753
45
568
7176
15408
7410
67376
17167
36441
17055
9870
10218
21596
6266
12325
31254
23100
32025
53288
10640
34166
24084
37743
24733
10218
22797
70003
12009
186
1628
1875
19828
919
4738
5215
2462
2877
14934
14429
31458
28077
18110
45596
32533
31308
25651
64014
168
60376
708
63134
63151
7672
9045
13912
46476
3077
10868
4129
1952
31334
3061
15597
45343
32813
5596
26999
3518
5596
12081
25611
13190
33649
1714
35373
4034
48658
57320
65811
18812
31833
16625
1619
14554
17654
977
65542
2
4
3026
6691
14047
11508
49022
23853
24845
73534
3083
16721
45147
13054
4524
653
63743
15644
4927
11382
58242
279
62464
5694
23325
25118
2293
20500
3816
21692
2974
59685
30527
2964
5829
15184
15014
49220
14996
1685
33576
1973
5630
20340
34969
26999
8147
379
2645
1870
11799
35438
35768
6484
3472
19228
50953
28163
1
15234
8898
17892
9096
60805
26336
4974
27221
1324
18187
47024
10785
593
10953
61163
21122
5231
21334
7061
33053
3048
3845
16603
28310
3478
22093
35438
32823
822
5501
45332
9779
3449
311
19394
33444
77229
12630
35038
17842
44977
33407
33057
5475
28817
13965
22769
25451
11769
2111
15555
43621
23984
11797
9978
8099
34576
18449
3716
6477
6753
4552
25564
5568
38512
19978
1390
20665
813
52335
13446
15192
29821
9180
49366
5472
11659
54340
64011
28133
37843
2558
19668
9724
24586
506
8332
12440
23584
22181
68692
16151
1260
14054
2981
36562
51205
1873
19134
18019
11288
28642
27112
37783
709
3443
6091
21058
420
20105
17466
26029
33850
3056
12740
5352
38536
12229
18005
21519
6018
8811
839
19045
34601
16087
8517
45663
3271
13498
723
21646
4968
610
45543
4748
6080
35780
5719
2084
4627
657
1783
39203
22251
45339
6644
37386
2490
18867
22657
3683
74258
24734
38076
1820
48373
1845
57468
952
576
6007
8952
7089
16800
2109
5128
46462
46036
2928
5768
15654
24113
28754
4127
5262
10451
9792
14211
11046
13819
47781
14784
22090
328
16541
1669
35835
10497
3377
13062
1041
6866
68646
3733
10619
8864
3191
3430
437
38224
30201
1575
41601
5439
1741
21056
13239
42330
34418
26931
32476
44021
29482
39102
33228
1644
8610
64819
3732
9734
27246
7505
14548
980
41
18941
2043
15017
23336
12706
41164
25659
906
8776
37358
15887
60978
2016
416
5161
2170
18356
45513
65036
64822
29050
5714
41926
4937
11772
40206
38559
5476
2288
7732
12294
21980
13237
13299
49191
32352
16733
19115
52029
2152
31367
2623
8437
1806
28612
38186
4613
24188
4654
28542
4144
1
11308
36859
18286
42222
38423
963
60327
2
1414
4235
23504
47687
48411
48881
5145
8750
32123
50458
4284
15480
1725
17042
12369
11309
38746
51811
9477
20016
11846
15223
4356
1142
17152
53218
2181
68802
10067
10940
22116
1304
55113
8809
36460
16483
936
33893
15889
45369
76307
3308
31778
20069
22074
22679
10373
12753
18943
15797
5023
27778
33999
6706
17307
40502
109
19886
5501
23755
14071
8879
18380
66520
6253
11139
4
23466
84
7800
2274
13062
13555
16868
9608
15997
33397
11685
1189
14780
50773
18990
3061
23948
34984
18606
38963
1748
24054
6573
20116
711
13441
26313
6156
11976
51765
19271
7617
55476
32934
47990
17485
49023
2309
27671
36812
420
2390
68340
29535
3272
4414
13582
10606
47416
30720
3090
20184
10348
10245
27520
38878
19973
5739
20046
18598
64881
3163
30196
2117
2043
10641
23672
5067
7309
3813
1186
61567
45880
73153
4672
23256
24411
28542
14127
18968
3771
10732
15920
919
12164
50520
12619
16280
19582
36228
6042
9427
59686
21161
37829
3877
1793
1749
6687
1954
1103
26953
53621
14186
38146
33705
3595
47542
8
7442
28929
1959
40521
8456
3160
26719
23347
4646
22227
16588
23322
12479
2972
30926
36358
3361
13283
23740
45013
3327
993
58150
2082
5318
14335
5985
17341
46155
623
11399
45778
61746
2539
40731
13150
5751
13881
16438
10579
2395
6982
9300
7459
1969
24375
48499
1340
4288
4660
21728
8338
13143
53029
9929
55984
30196
1
21125
6593
5084
17220
13788
30005
4667
2143
21935
47458
22672
3468
8964
75896
47728
33413
9292
3178
6454
7757
5132
31380
3197
32805
23515
1725
11014
3487
6503
39587
23342
6110
25372
14829
7328
10074
6919
57974
1920
3771
13091
6600
5808
14322
8722
13609
4633
36318
18522
1933
476
9003
17008
66956
20437
6609
2880
16025
35474
12995
29251
48738
15352
23913
30435
55640
6429
163
5688
17494
55616
1
935
3745
6358
618
25024
4992
27648
25400
11819
14813
2135
2228
24516
45207
3431
37546
21691
28028
20355
952
23112
8930
8910
33559
1890
2246
25623
19321
19030
25212
5493
1714
15332
7907
21728
19292
25306
27353
28419
1328
27228
1414
3046
5096
6160
722
17376
12470
35132
2902
20945
39250
34537
22093
17199
550
30389
24045
20631
7985
23437
104
59707
35585
72234
1125
3211
16923
10605
72279
13100
33466
61402
16591
45017
3075
11423
2218
42334
11493
41897
1036
1533
25886
4385
1061
12379
9709
53021
6757
55863
6547
32894
66068
342
16265
33690
38109
9002
73
45334
1078
1660
30304
17514
18698
27049
47297
22535
26708
9159
10153
24654
4172
32047
25865
2876
20065
4796
8269
53996
33898
28185
31386
11158
1343
22714
29804
31008
16360
14405
2971
7442
35740
3693
36502
26312
50955
17726
35570
60979
45503
51215
7754
56666
35156
11863
7651
14555
1648
747
37799
2360
8088
41310
33490
27787
21703
6993
6600
1054
11717
1118
9790
24356
41993
9067
30784
46269
28875
32163
12469
23734
45642
9642
52237
14837
70112
6869
20407
48818
11753
32226
56205
10544
19392
5567
21177
10481
16098
10595
12346
52870
19477
10746
2393
63943
10246
829
6195
16526
9167
19826
25130
21198
12562
1268
21362
2781
28212
21739
4378
131
2998
11158
5282
18771
3553
38611
309
1638
31033
2296
1144
3808
40898
1575
14898
19832
12302
3433
9596
3543
1649
44150
9361
16307
9456
7428
7797
27422
362
18221
7006
36762
12870
42426
31474
2829
35531
7392
3334
48517
51047
2760
1735
22951
73882
4423
8000
9258
29425
12052
18490
470
10329
35367
15841
676
6948
24109
9035
50793
8380
28990
5864
1186
16395
10190
7267
48411
27307
16951
721
9982
24128
33318
34096
17720
25596
6917
6614
58838
21555
24610
8175
3674
2360
18976
6482
3439
24882
1081
10965
4126
51661
27409
6885
10748
14706
36955
28937
7814
5448
1155
241
13545
24396
6680
10951
30075
30797
28960
32743
45915
6726
1830
30622
10144
8606
5866
31009
10902
17195
28962
28389
7379
5263
11702
46111
62932
298
32809
1463
22415
70881
42875
4468
18755
3108
29446
20619
6438
642
40211
9564
20537
24923
6381
1418
30484
31534
40858
2720
2241
4716
6057
8044
60261
23371
5306
14126
24963
2300
2482
38216
10705
17100
12398
2762
41127
500
7832
25520
21916
15696
27666
7710
12930
14466
10512
12703
33026
71229
21418
291
6955
61922
8607
12564
37533
7182
3225
41128
9908
38001
4465
431
23021
21338
5599
47093
8746
12283
10595
1440
25229
2352
53956
3662
12814
25285
1936
43521
23368
18617
14914
19153
5437
26683
43525
17501
4195
2414
29131
2901
1
34635
6556
10050
801
15529
6231
4677
19518
12621
470
14633
49145
2057
46932
35249
34267
2982
37991
413
15531
3541
31503
16172
10066
31929
1157
31028
25781
23167
28
73040
31961
9381
4248
3634
19138
40913
2283
38675
8017
5717
29200
13065
24069
52163
12436
51210
24663
28063
54592
2081
7598
1254
1823
36391
29754
32043
1636
15212
1810
29680
19910
39529
11266
47722
5559
11516
46887
27470
28868
32222
19060
1645
50012
50296
19069
11396
12508
8298
9974
13513
1458
5893
23728
23582
28155
2930
16828
34352
15083
1944
367
34874
9567
49541
14527
54163
6243
36186
485
24702
37477
36185
29356
18647
8427
15567
30197
28521
880
2796
49689
16863
32800
24120
6357
31419
55137
22705
6006
20133
14808
7109
16855
49788
34865
54833
1939
12277
66380
17422
727
2924
4902
6353
1850
7986
37693
1404
31101
26040
11022
36746
22713
32665
55139
19372
56427
66
21332
25499
13201
2345
5931
5620
27450
66691
3032
34491
9824
35885
15051
3494
9886
42097
2874
9784
21731
10497
12441
7628
47884
15702
264
10754
14642
2542
63819
32887
52858
25589
9596
3258
11075
7180
25672
324
761
18139
70656
25392
22096
7125
22410
1783
7318
3226
2789
27639
36461
4433
3237
55601
47848
25573
1341
11832
10120
17361
70869
19608
36846
42569
43352
17442
5014
687
2860
13863
6295
1215
6164
13645
3732
36245
52627
10065
1275
62165
34446
62088
59406
8965
48001
14275
16575
6020
1712
26697
8744
29971
11624
30606
59173
6084
16906
41795
5878
3141
4179
29900
3301
16702
544
6118
19456
37913
11685
12063
10977
24818
3330
2667
6987
15794
4151
24770
1303
35143
73065
55834
38227
621
8391
53671
36214
39096
3045
31407
14923
16344
3332
21638
8984
37339
585
11131
32723
12128
8024
24384
2580
13621
32686
13845
43611
25218
9161
1732
39892
1712
56415
4942
19229
25685
31328
17770
269
47882
47222
25001
64380
34223
58205
32
9209
6471
2024
15052
16866
44989
923
9140
13151
15673
54562
38042
465
1330
4037
14149
2746
18094
5792
400
3455
29742
14838
32141
2538
20561
19844
6905
28349
2529
25510
17137
1125
10190
837
9308
24797
13057
31616
53563
41499
44972
1265
51935
25628
28693
2344
11675
5004
1189
38912
63634
7760
6835
11975
6923
5474
31623
43700
11755
67640
5595
17758
10425
56744
7026
30199
7059
19042
28437
12505
4998
6837
4848
12366
701
30473
1921
7226
18854
13190
35381
44576
13065
7656
11903
48926
2630
925
9073
43043
6013
13891
71138
55554
28435
1598
9174
404
27686
13200
8420
45662
45047
12144
25132
1427
24329
19222
11630
5405
18221
37343
37642
17646
16694
8675
4037
8435
8617
32605
5510
32760
2812
4460
14608
34116
12262
3484
12870
2031
38634
34193
24923
2405
23536
65059
1826
12983
20720
943
18428
12384
6733
1169
33628
36601
7874
38058
31676
2927
3727
9644
11221
1484
50250
23272
44385
9827
18225
17066
940
10046
3350
33508
19200
3630
15402
23813
25273
30003
11894
6261
8519
5515
47638
4791
53791
4911
44084
11364
12176
12627
9792
3623
8870
1760
17018
29525
49347
15988
24244
38161
18411
2805
38275
2866
9475
17372
194
7581
34412
42298
60997
29275
43909
5599
15614
27756
1473
11262
24479
8203
3421
15564
8417
18624
23781
23626
5213
14573
24159
5188
6002
6533
22021
30100
1565
21017
24239
238
6115
21786
33266
7701
25967
468
10092
21327
18208
10351
176
29511
8475
19588
4222
53326
65726
11144
60520
32438
4201
13339
53178
4625
25846
20644
7652
1760
47351
45620
15069
42857
52038
74659
2913
4899
26721
24592
3194
29030
6621
43862
42763
37988
13554
9073
5725
11898
26145
23950
20139
1056
21377
33119
6834
29971
31053
9659
9921
28697
1599
43481
10796
9553
16384
722
9142
12337
22201
22462
10766
19467
49433
46572
43081
2795
71593
15564
5920
18434
8717
16099
3206
13389
44928
62820
9393
24740
50045
38955
260
4593
7813
69832
5650
8120
13141
50756
4723
44041
533
13735
10477
1524
25736
6638
16391
3508
7829
40275
14540
24647
14070
9099
4772
11308
43019
56539
29096
18346
40726
29261
13844
35291
37702
322
24740
28045
34635
3139
6783
17561
9392
16135
5068
30571
21324
8591
1231
3852
52604
54241
15255
26259
12687
23815
67823
22645
59639
1
32013
1206
5144
1373
2507
20588
7440
24429
3864
5020
19108
3307
67985
13972
886
50398
15450
45511
13866
6576
28290
2282
41994
25377
26309
1167
35036
62642
11288
47561
9639
4334
45959
2717
26060
14176
41586
38862
2449
10634
19642
37635
31610
3556
12977
53540
5243
26687
6784
69243
8130
2983
485
19177
10789
19826
21591
23788
3744
7865
7733
5327
10079
22912
9355
1653
20541
1319
31972
2488
27599
19520
1063
5060
825
53264
17601
7202
30919
9570
48145
16049
65752
20392
3439
34885
22756
25159
24902
31375
1
5795
17806
31320
25822
48104
593
21811
49120
34515
27096
6604
21582
363
55927
11559
53647
48395
6167
15928
7781
8320
1209
7159
1054
44620
40436
10467
19463
2986
359
6948
7180
28670
3099
48213
1887
42333
1633
1615
43273
46978
14559
4746
15722
262
838
6598
13195
10381
1214
3629
4480
1158
3889
11552
48458
43230
26985
11431
25176
18149
15157
379
12264
40638
12901
6980
38721
22380
15765
17053
39414
6937
28720
6338
5544
50680
35221
7454
1972
1017
49640
1710
31429
10779
9753
17981
78139
32332
20090
25798
60997
17954
50315
5410
7945
2914
8075
62491
2334
2095
36960
15349
26634
28225
6966
52880
18567
737
4092
33995
3257
10503
24663
3159
9910
22951
25603
34952
43677
27046
11996
28896
18350
5462
14595
18543
10153
8821
38203
25724
132
3338
1315
14539
48521
31483
884
9415
4706
3057
26458
9262
53106
10511
9742
9516
2338
60264
37630
20372
9723
18735
61266
60
44510
7510
29647
3127
31605
6138
22276
1885
6226
3460
19773
2386
68848
13779
29996
29935
33905
663
6625
26813
2577
4885
29672
53115
838
15832
48106
53
9015
1690
58139
66875
13043
33033
15924
4637
56624
11207
13576
1827
10022
11812
38681
25829
29914
5230
135
70557
24409
3681
27805
30281
27823
46532
15555
16975
15945
29641
2289
35783
115
49422
15504
6293
19715
1232
17750
1561
939
6601
19236
759
49582
1266
31149
37007
2781
7782
23411
6113
3317
348
16894
26648
8187
32677
1330
14828
26266
58029
39220
1969
1078
9459
60315
4151
5166
45897
4707
17344
62086
20294
29697
45199
31330
17777
12225
22128
22552
8892
4819
8153
11457
11281
2694
1508
12283
13637
43555
42785
4795
63442
45912
51186
22581
4559
45155
34618
1072
26699
16674
28644
8390
15566
1459
13415
6856
12298
63010
13459
16598
5810
56576
11006
29269
20177
14979
32382
7344
5130
8244
11665
1916
29192
23861
4264
34490
12717
31879
12998
712
54765
2792
3249
3014
10632
4187
11959
33644
2616
27827
20954
60214
3
6377
29114
53180
12237
4497
582
6139
53128
50613
2824
42973
7936
1168
11504
29023
9333
26526
1815
28201
6348
1463
72030
54251
3882
76841
3356
33221
31487
1194
3920
10133
13096
1
31367
66361
1017
81
1040
1650
29114
1271
6392
6891
22728
9317
53558
18821
4
12813
47425
11189
18326
35632
44600
13368
15851
2193
2238
2323
7259
40626
3219
728
63051
18213
15666
5448
33230
5499
11725
23279
16691
36099
6014
23870
3980
3402
42436
32672
20148
61429
4133
40537
10827
8607
4952
37776
12289
3962
4763
5421
42422
16259
52122
18207
1319
37963
69474
34943
48987
40384
3767
3177
1331
15982
16538
27583
75596
46701
6645
24485
7353
11858
16986
57632
4725
28608
9624
9837
45958
37873
438
27191
51878
27543
42860
21048
4745
37272
67
27227
7494
24061
13080
1630
19750
66916
10
37613
1660
13881
15474
14490
15360
13363
1009
23944
2
12956
581
35789
33177
11769
1561
370
12420
31160
10708
2532
2206
23513
47407
2329
2591
6847
7
7781
15714
25914
8886
831
25170
4872
41817
22075
3892
12848
10216
6763
262
14922
13228
15152
35577
14734
17660
7838
5396
34777
3100
4373
15090
9447
822
8074
7952
695
32424
12372
25150
4957
23315
29986
63564
24421
11469
11443
24017
48303
6610
66977
1075
56197
23860
1158
3173
5002
65464
9614
65194
50576
56089
7632
20008
11996
40722
3889
59190
1692
35397
2558
29782
30453
20432
50277
3756
3033
3080
35217
33884
13308
6437
35745
17031
30443
3146
36481
2722
15858
22247
5606
38316
33826
1
47662
16354
61670
16946
3
3860
61954
11866
21195
2972
10815
40788
23521
28797
37832
37541
1235
4320
33022
7163
46027
61097
2427
15597
39490
11922
14833
32839
14733
41255
43563
36104
242
13608
18904
18469
2717
7114
5924
19164
55719
10438
16565
52499
3786
28241
6629
9648
689
2433
28594
9069
38337
62397
3
27641
443
32522
1
9656
29470
14097
31296
1867
21411
2246
860
2616
13490
26753
27338
45278
7403
12695
49987
587
6137
51485
27949
9141
60053
2539
658
24862
38126
9203
11676
4163
12677
9874
7768
3215
7536
39598
2992
33735
25006
23284
25814
9934
47059
19376
32470
20934
27238
11853
52
299
19261
51680
30429
28348
35509
11983
25465
20786
57925
5864
19256
6830
20067
31258
24972
15211
11064
3697
2043
49897
6345
39213
22400
2619
19
26066
6207
21168
39504
12439
23147
11397
51023
13472
2606
12880
7793
34326
1684
34187
46110
19040
2603
36603
24072
1
4562
23453
49607
22206
64910
5529
1775
36220
28488
21490
301
5607
7675
2646
48078
36682
25825
9558
20017
26316
22370
7759
10084
32470
6271
29799
924
6801
42394
3509
25422
26597
34484
2341
3815
5159
5254
5217
38930
4496
502
31630
47207
23069
27464
22119
8664
5076
1
1358
1651
60254
42201
69598
19967
5162
23739
35941
14698
24889
50504
23893
938
24633
17021
34538
1964
30532
17647
7840
10706
72891
11509
4751
15059
25778
6503
7280
19724
31730
2449
7473
35910
5040
2
21271
16140
5431
8840
43884
24046
984
19801
31094
28412
300
15629
64856
262
24185
2582
28485
18570
2336
12416
1
3117
68886
22008
39259
67222
469
55092
15468
2975
4133
3684
15871
31
8644
30335
29962
4961
26697
20026
3553
54538
24722
4040
38967
26086
45619
25226
33026
7257
62734
30356
14809
22143
41741
54034
6296
2705
4859
32700
44080
28587
10534
12121
13683
388
37234
11489
58608
10361
5304
1079
68934
15820
763
19710
16399
41090
1
23702
1109
41747
16170
40917
23373
26898
8384
1901
20055
32315
2071
509
1320
838
44375
38342
28198
3824
16070
3772
39211
2377
12329
43093
3793
5556
9107
20122
36284
12330
44309
20626
23080
12098
23245
5880
47304
36768
2994
47045
18502
7224
4163
12979
3827
27120
12145
30898
14017
6636
64816
4468
21109
28175
11671
24596
61078
31587
7671
18314
47815
53836
19296
2
2929
1908
586
29379
5514
695
51940
27324
7341
21330
15925
10446
26054
3
16352
24361
6702
10978
22501
12650
9572
46308
14372
7465
50021
10370
12012
2155
5332
20204
10634
4160
61426
13239
22679
69641
45642
6233
10036
4031
23170
1242
26424
42185
15390
53614
389
2490
8649
22489
33019
10751
2918
1005
4021
1095
34641
18218
2139
38994
564
34817
4388
21889
986
3450
2514
53373
8703
41012
1828
17018
32835
23258
8774
15799
13370
39310
4765
23323
43619
8958
10683
37162
14615
33949
3652
22224
16709
39389
24957
28631
57640
10087
44098
6832
49197
14471
24926
27724
440
8102
37483
23471
8723
9776
25762
5645
15007
14867
5437
1556
7694
11654
10840
15636
11614
1697
8272
26992
33830
8678
53383
9449
11406
18799
15305
5572
9306
20
64971
442
14707
19498
11066
211
11498
6285
33521
10087
33737
13863
4333
45075
7114
14278
7381
11238
49563
11659
8069
12159
4575
8286
61305
4246
262
622
10749
308
7410
37036
17756
4314
2498
55913
5633
17869
65787
21235
5104
11765
21527
40844
50614
1819
11202
2845
10552
979
8026
19313
17777
26496
18803
36499
18343
40012
4984
5323
22437
73867
29666
44257
4881
30219
266
6798
72227
2990
900
7048
28543
33259
433
1612
3359
120
2922
34685
11008
5582
3397
3145
11071
4905
24881
651
22758
6200
7621
43103
41730
47919
22753
30584
19373
8245
644
31206
955
7305
47698
2838
23050
13418
42929
2871
6385
4696
9472
5980
24838
1811
4149
41429
7791
2801
1391
5250
6848
4238
9878
4948
15747
2794
2975
13243
12375
13614
35382
13670
4262
14025
8585
15982
5071
16506
42194
10843
20790
1316
30537
11588
44699
35210
17242
42573
37444
41368
47791
18377
36796
24555
20143
51681
3608
20963
5
4751
43255
4707
6041
34626
16882
16920
6767
18528
41191
9705
3785
4250
55
9478
5708
9855
15444
12592
5269
7145
49702
5943
6864
17663
33963
11865
32159
9066
7415
8808
39795
5970
42292
13078
11061
42277
40905
6094
59280
2075
18363
3768
40373
46437
60876
25954
6077
2427
52154
58223
20814
3436
2795
15717
5163
1344
1425
1924
16099
7658
49265
36948
15352
10845
28003
3719
15403
31803
10067
3592
10761
870
1094
7372
2019
55794
1156
1430
18226
26161
21783
4381
9406
41708
50156
26512
23705
8127
19217
22218
12347
78
12206
6216
14492
25564
8599
9153
73609
37950
47269
5636
5901
21923
8988
9052
22387
2741
75469
28944
41139
775
32259
11087
4869
22682
336
40519
10273
24000
8182
27565
7011
3798
23283
258
4514
12256
934
15271
14726
25750
44000
1472
42043
11044
425
43766
58798
26072
3393
12823
19949
23345
54064
3839
5046
8762
16189
1347
27611
16580
18104
54705
66356
2119
56496
43147
11054
69940
30701
37932
58393
727
32316
12302
39639
17621
14675
763
8554
10897
16040
44090
1272
894
11888
39059
4344
11
32058
10586
13112
948
5957
43865
22460
347
5316
36434
7137
34222
54124
19128
9104
69122
11133
1236
16085
9552
7298
864
23511
28012
20825
14729
21465
10358
65910
2401
26675
24
61339
5490
1381
32345
5264
23782
2996
50968
24896
4412
8819
5053
11990
57935
4436
5713
1145
18063
15831
42177
5607
16505
1
3689
3020
43725
1190
2694
18190
4404
11001
16151
8207
31086
23269
5343
6601
57108
22602
4802
4335
1390
14478
47962
4188
2106
58219
39320
1043
37419
39547
2
16541
14046
13362
12337
4354
15228
27472
4280
25743
6
9350
1015
616
2550
12132
1055
39302
8053
26330
14378
11696
25849
1995
33645
4455
26683
22135
22946
527
3186
17382
2544
6781
6363
20004
3913
27184
22008
10433
21855
8277
9789
40289
8540
49031
57620
2537
46658
29321
7990
1339
33395
24892
3804
77533
419
5455
15344
21404
5208
717
13714
45594
3640
4248
20738
25937
12069
9815
30716
6314
4994
29428
57867
40591
4288
13970
15656
40996
15630
20372
16352
49090
34703
30451
4845
2122
2938
2970
13584
2502
17254
29475
64392
16007
5506
27992
3738
45356
8168
11738
12195
22746
35004
12772
44706
32490
33502
38367
16961
46684
2027
4218
1784
3811
18853
48780
18586
20691
19156
64358
4378
13483
27556
14308
40502
433
4240
5111
2
43585
51038
23446
20324
19407
46763
39798
13171
16260
16815
44596
8612
16361
10271
16188
13670
5423
7430
3819
45524
43939
16655
17260
1497
6575
6028
66610
25982
6088
58335
13077
13903
40951
7712
6154
14746
39487
51045
9675
57698
1
18718
10482
16114
566
34464
3816
95
63876
30075
21022
51470
49573
48039
36456
25828
13169
22617
5570
10413
38416
6426
6048
555
65944
11224
18274
3905
26140
1117
15432
9475
10435
29641
13072
25307
16740
35240
8689
1698
1614
16426
13914
23061
51986
13463
331
41137
8518
7520
888
32080
387
5490
27495
13752
8914
14167
59907
15647
9553
7352
11592
12642
30094
3367
25692
10957
22270
253
2242
14086
12861
2852
28612
39149
41974
55855
2632
1175
206
3253
699
5118
15781
28882
36471
4951
17815
13048
15880
19332
33035
14791
12591
871
5264
23721
54
14859
10
48941
25597
43669
44870
11766
12724
22647
47939
4570
46323
10954
23934
16937
20250
25246
6844
16875
29215
11334
1926
4460
6891
21928
9340
16972
498
24804
13987
15904
51880
5616
27668
3
3209
10
9230
57753
11219
31628
45883
18520
26880
2771
49903
11640
11339
28100
4019
3
27195
29900
18156
6250
14690
55546
62410
19120
71118
3400
4063
8783
26862
21682
4292
1304
20648
24284
12704
12942
19146
16984
12693
14176
673
67944
4518
5947
49229
32850
4162
28455
5579
14511
8119
46921
7331
26104
1576
17334
44272
70777
17397
34503
411
11828
28755
29290
22137
47551
16600
35518
6858
860
5788
35685
765
6813
72346
6607
1068
11272
22728
24011
53987
36812
4274
508
44589
3409
20583
63368
8329
43882
2188
13016
1747
27498
62334
17743
76084
6703
16
425
1
50064
4478
21486
24865
3
36972
390
6805
53451
53850
73718
39287
10083
14835
7093
3896
10677
1464
3315
15511
10095
1215
14689
14346
15980
1018
22483
5328
8116
50925
42105
12981
7527
5803
4429
349
23956
23117
12992
27279
22894
18390
5235
1
4963
75940
2122
50485
223
30112
6795
509
5227
16850
6560
58453
26941
22824
61170
22679
42473
968
58209
10656
7222
3449
37038
9141
14170
19952
49563
2160
46301
31024
7849
12828
8553
5697
9794
14910
9470
9391
9179
1933
45471
55923
12301
16992
18318
1533
49554
55017
53840
28640
8801
27179
7275
23200
40520
2447
58775
21913
55623
8963
22025
34778
56761
6451
5622
10988
30070
55407
13533
27325
9896
31368
5684
7307
40800
25425
22530
25601
7114
32612
35061
1070
1059
7757
1893
41286
35002
20269
7831
2659
27879
8961
13725
36875
2494
24595
5074
2881
26154
13571
66532
64957
31586
6825
9
13419
40776
1479
35557
27361
36092
11898
10931
20577
25944
3237
9029
5252
33279
26261
33851
1161
8434
38650
8124
41095
1924
12
3148
1399
65613
7336
17925
21055
26349
19669
1529
55984
4051
19200
5096
44638
16115
58157
8232
9696
2929
11565
46411
28219
8028
8162
3408
2436
1771
28383
8171
29840
19072
6634
9744
11068
27772
1267
18857
42745
2875
27021
1335
38996
3054
4124
13625
13728
18445
58844
7019
23543
6022
73836
38053
10123
3767
11358
28641
9576
17286
8624
53748
9110
56512
1048
20123
55373
40027
2699
11219
18044
837
3299
49571
56378
1284
13047
10358
2
51536
34420
450
19619
36374
23964
5860
27362
36053
60
7850
7225
53619
19589
8629
17311
28231
6682
49045
40779
13442
17650
7732
15210
5674
4965
7319
23247
21396
16409
6
5724
46378
69634
3342
5609
997
29659
2687
25
37771
17016
9469
1784
61945
60577
18090
13757
56620
37924
8834
1674
27369
9565
4351
5096
2249
423
49479
66
66167
28677
50029
1596
1986
2487
24512
42921
3384
4471
1794
40181
16783
12341
22526
5152
3574
5367
28183
5933
66518
27910
10829
53538
39558
1601
47658
15686
24768
4537
2350
4351
8781
39349
2770
3788
52693
3030
12058
29204
747
41267
20752
22609
10082
6199
9210
34639
29614
17737
356
44308
25596
658
501
2141
22682
822
32246
8631
5387
25831
8985
12881
1338
15093
35915
935
1825
16989
11380
53195
27027
5204
2839
1211
35
32482
52854
21509
27855
23450
54557
10349
1525
23086
4985
11991
1
25206
6101
27221
19461
18393
52356
18854
17243
4359
27160
33230
11858
22001
11410
8979
4934
7706
27305
14990
4992
4036
45998
4248
5778
110
5567
26847
51921
12068
10618
14393
13259
43456
46728
26554
3897
42492
48725
6269
5935
44344
32310
1544
16774
1143
686
17460
53355
43947
29787
39286
5639
456
14674
22774
267
892
1364
5736
2785
15791
28609
9308
16493
36739
13326
59554
14200
24169
14099
21613
75557
1409
12181
1740
516
5299
22106
9653
7063
17102
10279
29924
1998
15135
3636
42948
358
9976
20809
2581
11410
2709
27
63321
20370
4361
18344
16616
34598
1385
92
470
17246
18608
5392
25401
13159
34226
39783
24224
58756
2067
10084
18110
5178
22176
21080
32279
27630
2140
8183
19762
16660
15523
2814
229
3866
31655
20128
27217
32839
9961
27469
36408
37459
9069
1048
28350
17979
59125
22072
40744
5302
28497
14884
17120
18241
471
35246
69668
14861
62763
27991
2
10431
16266
45483
24145
18454
40366
5402
26277
2030
10138
550
14227
1132
8456
19281
1538
10504
6126
16406
6103
14449
39750
39911
22114
31207
42214
11887
9264
34159
30533
23506
1868
33520
13211
2891
34375
3548
2240
48744
65974
41901
49118
11710
73360
2457
5424
29697
14756
2059
54276
19003
7837
5848
27339
1004
11603
43493
54669
31917
1330
609
52126
9187
6615
12843
568
10346
495
62025
40353
37773
56393
21604
57224
7536
398
16377
45060
10389
42749
5074
45203
14777
12906
1174
21710
1331
25766
21884
24526
20108
5090
19695
10611
35800
18011
3151
9472
38720
17271
8567
1802
42613
24411
632
42391
5759
1416
2950
1169
53792
16847
8349
10366
43833
16059
21906
19634
55924
30321
5234
39880
825
6122
49973
31273
12957
4368
8516
3759
1079
11816
3753
36653
22566
12501
38229
15626
27049
18913
6599
18075
24831
27737
968
6404
27790
48351
24137
1137
61913
61593
27164
12603
11423
768
6812
12755
41687
4585
21760
32518
11401
18103
24248
2391
3175
14420
11708
56169
44
29293
3844
8492
18284
8370
23751
11816
29697
66472
1314
6841
3785
13388
27797
25592
5783
715
2158
17776
46923
11403
6128
9452
10267
19251
30781
19269
15180
23505
27130
8451
974
2014
19093
26371
46
4044
19245
30283
37793
4549
418
23364
2524
2796
31946
17001
620
12142
29581
9933
36773
33164
5844
22883
45116
18043
6637
42162
9876
35831
5238
30590
6894
29971
11548
7790
44432
17815
6374
5374
276
20545
11962
63071
960
46944
11183
48370
26492
26250
71677
23486
4432
47333
4698
772
767
48755
30988
27405
49242
10654
5015
29625
37140
45535
673
14
33588
1800
3
10538
12493
2448
2735
9435
20828
31014
2231
4236
26410
52990
3654
74930
18916
16637
2953
9442
7620
57655
30684
1026
48008
24247
16841
19534
34639
17703
13420
55
11332
2483
3326
5149
17461
1
50340
3916
5548
41137
415
71351
30920
16232
968
23732
18551
46193
18269
26285
7744
38544
30661
8681
693
9224
15838
52825
4733
20947
5797
36902
16033
40490
8668
42169
49314
12493
24624
44429
7642
16029
842
12257
1722
37850
36256
455
6519
42606
8212
19132
3553
7938
1435
28017
45757
3826
4041
63415
76
26583
47
1731
33181
7716
57113
1063
2317
3924
31625
34976
19743
1419
39745
9898
8489
8398
19728
31525
9882
8353
4958
3662
11352
27481
24144
22131
53977
29213
73070
28010
1194
31977
45232
10085
2589
23564
10979
11314
31163
429
1400
1361
18721
18347
484
16903
7322
4757
5680
12363
6604
18424
32094
17754
19791
2234
36790
37308
1181
4587
62686
3181
3776
6206
2969
3
12492
3866
46519
50040
135
5251
26474
29066
31653
10251
924
8739
50218
28640
3843
30522
11630
20064
12536
22803
554
488
1312
12263
10185
32349
19219
24005
65929
26909
30687
568
5921
63385
43927
1709
24457
5218
6667
6039
21759
47830
6649
11796
27509
10234
2666
35223
34492
35093
38325
12880
11137
1932
11058
9114
24084
13314
59618
27005
35249
60369
15001
1683
3487
59704
53861
12133
37299
2794
40181
2309
1775
549
25103
43
8839
18383
14746
5367
40046
1519
22102
18916
16271
51125
26770
1329
19114
60591
8964
38142
14172
10781
28712
537
28907
17994
12636
5280
739
5286
5702
2234
3624
11880
53866
3637
27258
1577
13129
3794
17691
1
16431
2747
23225
41290
6353
19432
30496
3895
578
1566
4611
45126
28253
524
46304
10929
26638
8489
24699
38011
43584
18983
40246
9663
42609
2611
3932
45005
40058
3928
64883
49043
17655
15465
33118
18346
11269
13008
13321
8511
22446
8112
4407
21331
9797
41809
6905
6242
13183
5772
46977
73
56045
33052
7990
5337
3606
6984
1735
48626
39220
2506
45836
7939
1569
17148
1358
76023
4531
29404
4738
7890
1702
49404
36463
1084
12167
53147
4701
53159
36382
30128
49629
18812
12650
16345
25359
14472
13093
48128
18278
12984
9967
55593
44207
47089
13663
24666
1460
39003
2149
41353
27355
1258
4661
27431
37478
42849
11616
39933
19908
42980
16931
6046
4744
9827
11662
3
11591
58599
6803
11323
2927
1638
279
11745
17334
17379
7865
7456
2544
66705
6279
35454
36840
5477
23182
17816
3378
9095
24705
44156
1498
4781
17037
7156
29692
3707
12917
820
8531
42472
3653
1258
12457
24597
28422
53912
27201
4393
6714
20942
34941
11686
16547
21
3
3865
1940
9613
956
17872
3538
7226
5058
15622
64638
28010
8325
44566
4281
1733
6897
1650
2804
4780
36871
34714
13262
22515
36541
12721
4209
1267
17346
19619
573
9718
26332
28914
3478
36945
65458
16815
67166
25670
11914
1356
11325
7860
36624
52416
12039
14289
20278
8678
38581
24753
5953
2031
3666
1714
8847
47208
60820
52030
10845
15771
36310
23472
28914
5003
21897
12181
2496
14127
11389
18359
17130
2198
9879
29005
15960
29604
4760
896
53330
1174
30262
54679
6442
8208
504
21042
22672
11364
17859
12795
16749
27935
13118
3357
8893
14559
40629
11416
13761
2707
1269
67419
17288
3066
48994
291
69522
6569
40257
25491
34925
25769
23041
18208
46870
43301
12646
15627
42743
1657
5734
5914
47253
1175
30957
11513
24950
16762
7884
4156
22989
5959
31573
28413
827
70
2379
57445
19555
16170
50817
91
44304
5009
4851
63583
34791
39504
8555
32942
11793
1774
37
10287
33433
66206
7239
31547
2996
1456
1735
66632
24955
8262
303
28947
26341
23744
16103
11425
3674
61078
7664
977
8114
3447
11103
6488
29012
6724
24324
19846
21456
58928
47955
10566
4002
45112
38819
4887
44419
627
9760
39867
3827
13036
4
32366
910
11509
24792
35949
17926
1219
32101
38726
18103
7223
11158
13852
2346
4522
9157
1315
11590
10773
36311
26746
26734
12235
55555
22757
28968
27885
1925
6197
2786
24617
4354
9257
14007
31139
5423
21925
73020
36560
892
9129
1626
54140
20874
9864
16604
22700
6734
3821
16783
452
44975
2871
25097
40087
24074
13437
10504
41346
64022
38401
29179
16640
37017
42285
5394
10279
6717
25576
59051
5474
30828
2697
16
36862
24929
4268
17859
3593
6522
9983
19972
9638
587
31402
27501
56313
72251
34479
14408
13295
11446
1649
2115
49749
46380
4038
12468
7482
57737
7186
6538
5407
6878
34033
3684
9022
7565
6973
916
30472
46889
23823
34395
5010
16564
26380
4554
14056
4792
7493
24408
10997
27783
2075
2506
31666
19186
55332
37670
65644
10160
30084
16665
43981
30768
5570
29294
13914
8943
8930
11200
9236
30493
1167
19648
2120
35398
36568
14023
6814
10110
31415
1641
32753
1393
44778
49277
636
5686
28590
18178
1635
19919
29976
15125
16361
3810
57008
59813
28778
41076
10850
46414
55489
27716
28121
32446
6348
15320
1243
12694
64868
3642
9995
12719
23415
1689
10629
49222
24578
25185
15591
39830
53238
26139
21307
48548
19316
3527
6621
34720
8733
49680
46947
16540
22552
20834
17661
44297
5111
51540
5496
13076
17818
9756
30942
4135
28
2079
17896
1330
56213
16545
67577
41286
10966
5264
14256
52677
20629
13683
16213
15596
11347
7539
8812
27285
3867
19422
19109
23140
42304
1043
32810
17207
33471
4314
48626
3
1072
37926
3975
64068
10786
2811
1502
11757
26662
59033
28171
24935
10337
5121
36827
28919
2434
763
6982
36871
63817
4497
10749
1947
5474
547
32530
1783
35954
13328
7543
45124
23948
21130
6393
379
11401
30689
13045
7417
23385
4787
15874
2347
10844
6279
786
1242
12971
51759
6449
3003
26123
2341
9
13780
14999
38356
54430
26488
40263
25899
18113
32051
11916
18588
23073
14304
22694
12629
589
31667
7356
505
1888
8725
21155
6629
15146
10412
52999
19135
6149
45448
667
23600
2094
29981
19
8301
48392
1554
52043
7474
8588
13849
38851
6144
7309
22728
11322
18611
34462
6085
3210
27528
13324
3839
45352
16835
3793
16125
32477
23554
16281
5446
36579
6139
778
35352
20054
857
2303
31442
12824
16809
13031
2359
36207
15971
20057
4324
8112
1907
5914
13503
7680
38247
2911
3222
55972
10436
20992
29515
59262
720
8606
1191
4107
237
2699
21535
73344
22113
43162
63420
12307
49825
25401
48593
5786
36605
10484
24054
13552
4319
2518
6821
56304
966
10790
12522
1083
17883
47001
22624
815
1199
23106
28972
66264
11707
1807
42766
2909
33979
22
21438
2958
8722
643
15968
49229
53430
7676
1094
27120
8847
33679
858
8229
10147
2876
2641
15390
2489
4431
4569
32093
48140
11040
47421
28557
50393
4619
9440
36932
69419
49228
13913
38891
3279
16719
2071
12491
19464
10663
56392
5892
6258
13897
2314
29638
25273
24260
10727
75
12211
23893
16549
36672
1020
1673
4328
32773
4717
8174
52565
1569
24308
48801
1506
32391
47894
14600
7234
3695
10616
45857
17813
30756
22964
12430
38607
6950
4974
39315
4484
27764
2562
25562
23751
14983
2972
472
2381
12433
33169
34912
53974
45300
14900
5175
70402
12756
5951
38394
979
27184
17122
8485
9741
33559
32607
22533
27304
16477
36
46843
20666
36198
13866
32929
27783
4365
4649
24288
27152
24116
12062
26924
32572
67246
30701
6052
3871
618
14496
4439
10549
23497
21528
32001
56863
6909
18769
56334
34898
1565
55621
12550
53290
4042
10434
32092
39230
9901
33064
69648
25427
36933
867
3987
4795
3825
631
4586
24129
11546
33544
52061
9055
47543
30443
6255
59992
3498
2450
37795
10192
53556
14354
10915
27242
22428
25779
470
58865
8583
17719
41002
18841
3240
70062
9956
18822
18950
33461
2653
19246
60869
3057
977
51339
2641
29526
16853
20327
45926
68762
822
47416
49081
1160
19414
2393
1681
21918
18926
7092
21893
58767
10583
23690
2279
2467
31941
2001
5894
6242
51831
5535
36970
3070
40336
7205
14737
1112
10033
2709
1770
1891
3208
277
2
40729
43660
1608
5102
21474
8064
1164
4380
23931
23284
50639
44359
26337
21716
737
3017
468
10183
2211
14784
733
52677
4929
14453
56704
19856
51911
44653
60926
675
5809
41724
26343
1332
37418
32851
12210
23629
749
13701
11887
27785
39351
54975
28745
50559
43640
465
13292
18175
7012
26810
56834
49352
9794
33851
32386
9569
13402
3114
3533
5497
4179
33399
2629
30049
4596
9122
53304
4906
32027
32604
27945
4123
47443
37768
6697
12387
19173
18766
62801
28550
22643
11133
13037
6518
20222
19391
45305
2445
750
12529
36016
34313
33621
2267
61271
12182
18486
18337
17077
21780
11840
17134
8906
38927
7149
2309
28172
1220
3775
26020
29978
4765
13059
11705
15616
70746
48383
3389
11956
43882
29829
15033
45162
16680
2020
15994
31552
16053
8264
44011
9914
4950
19669
4605
48916
1461
42500
44088
26579
20760
11656
20670
8106
38246
22418
17037
203
39103
27418
2773
20699
17644
8955
22277
15173
305
24141
2053
20237
29510
17298
10922
5869
14261
19
51947
73085
1407
46501
13870
65779
52764
41214
71664
14599
39576
22324
46847
3903
1117
23019
3218
38525
18446
45949
5260
22525
508
6742
865
6145
12599
15234
16246
29830
8041
11896
2130
8606
42235
1278
19331
8666
49345
32895
25464
15567
7356
18108
13329
4903
67314
3558
5817
4563
2824
25479
52509
38944
3708
26246
1099
13058
23713
25374
61266
21930
6537
72097
14847
3224
17479
80
5534
35523
20041
35546
233
19377
41998
4818
1292
290
2502
35728
44440
17059
4198
66853
11792
57017
1710
43231
3385
30049
11441
22969
35801
63106
7290
8482
1027
9384
33175
29904
2776
37740
5209
45513
5367
48099
6088
7957
1644
7571
32371
33811
15706
7844
66526
39478
71446
4627
20675
18090
4303
38804
2732
44088
9223
66902
43368
90
43181
4301
20225
1324
15550
28381
3902
27150
1867
2374
55774
38439
10787
20132
11684
37370
2222
1028
27103
16776
57403
10973
20449
128
31103
10552
19578
23476
31484
14005
11761
5785
27664
2305
51064
5282
1746
1968
31281
30734
11961
10853
32929
3266
5625
10025
980
17920
16166
48866
5579
7701
6109
436
5922
31
3079
17705
6626
13583
10287
26982
21098
10589
40109
886
411
32465
54024
400
4505
3310
2465
3147
1999
46945
18547
16537
7396
3860
23280
2742
2574
13947
7244
39568
61414
26264
8247
45118
6059
56277
32572
1061
50406
69223
56545
7218
38289
5912
14893
50905
11633
3086
41317
17753
32885
1714
40770
51380
988
2268
19496
6687
1574
14063
39493
1635
7078
7159
42845
2317
50825
47359
29864
6728
47509
15904
27238
14604
19597
566
53248
1748
8426
2822
5385
24772
28670
10420
5309
25582
49265
4361
43914
13523
20
16850
24289
18204
11512
28344
49830
15113
3540
43465
29278
32202
20093
26707
1065
18777
27516
58545
7866
12161
29544
7027
5908
41966
9207
4542
17436
36225
21536
8438
23168
10565
3123
26889
10612
6021
30736
46558
10780
10711
23966
22155
49406
2214
3413
8219
18065
6121
6082
7913
10626
13526
30323
5085
11367
41757
5046
18727
36122
4446
2666
4695
51174
30717
47831
42519
52378
16245
40417
41869
9424
29284
811
3061
44214
39484
2274
26822
1646
25000
10728
7267
8556
33493
46333
24453
12063
4820
25384
38268
14443
40454
213
30188
27758
39046
17095
14544
1656
26035
19256
3322
35131
313
12287
1779
52072
31509
2874
12326
5470
11814
63397
52
14381
6770
657
45159
33423
25180
1887
56658
57608
40547
15905
24919
17232
885
56390
4429
10061
3970
24761
60499
17862
1610
10902
26936
23797
44689
4080
754
4552
17360
20544
20085
16534
29783
59008
16848
470
1090
2974
6936
56517
599
18027
68326
3320
8697
22153
53859
27534
6092
2842
6781
3360
1735
6731
15334
33127
36691
70599
339
61929
23093
61867
34023
25236
5432
37718
15606
2163
26260
948
34444
13801
25124
3662
2048
13353
4423
22715
208
14181
13954
9005
1237
4642
9509
13727
2483
507
66063
4406
3785
43593
47384
332
6271
53563
3504
35322
7862
38041
8220
23460
55727
859
5197
2036
59198
31037
21
71
21837
44310
6789
24459
18736
293
43046
27838
32147
35658
7455
1
28794
10161
9
61008
18863
9008
44427
2574
6722
53104
1102
43249
44314
18051
27083
7479
43507
2198
20951
21408
19941
2592
1727
1737
24015
16106
46277
6849
13805
26736
37461
566
35065
4989
9430
6182
32667
22583
14459
29702
38308
7282
29022
53842
16425
17047
2595
21361
5337
28878
47666
26977
63858
4494
13578
21355
4108
26493
13281
4331
153
34120
468
10990
21431
6771
39433
53218
9100
1442
14237
28383
2829
21906
8189
3219
38454
1244
20120
3759
7716
19620
12974
8959
23160
2
10670
656
50907
6336
24031
18213
31769
13898
274
12915
1739
24933
29776
54129
679
8195
70276
46133
936
20574
62505
8823
11545
31051
3435
10842
6
61682
11739
1412
29545
46627
42972
20310
1137
35262
17101
38321
6504
448
2773
6671
728
436
11576
3646
12943
3246
24280
59784
5260
10272
3462
64589
2977
1309
6101
4206
37053
14343
4233
18448
5791
54495
44017
2070
2139
19154
38645
17217
6119
3649
25856
52867
2280
6945
2687
1847
4931
48462
14949
3846
36332
3905
8467
21819
63908
69849
1172
1244
11422
12041
4757
32998
22974
4316
3
29189
1879
23329
25600
16424
12695
53048
1349
4393
14219
3357
1180
3603
2625
24473
57494
6029
34118
18321
26616
57706
2390
20661
4853
55307
3797
22669
14480
40203
10807
5757
15781
5763
8
2360
4733
10576
19630
30575
24625
6583
28929
7286
11868
24582
22613
40436
844
10391
583
9810
14586
1287
15691
40884
4120
1926
27665
1148
3395
22057
814
53928
21280
14562
26520
37257
29849
20613
30163
16008
50402
30608
35632
2027
29377
50856
63067
1732
13681
59478
37088
5111
48872
14107
26353
36726
19673
5922
35943
11157
7750
6589
1041
27641
37468
8817
61260
468
42050
2614
10462
3087
13057
2791
5761
32167
38326
2382
4227
26323
2391
63755
15809
433
11957
7673
8466
7381
60395
7062
9016
19279
960
10297
16158
2747
35734
9213
17966
20
7241
10006
35036
18957
38141
8540
3065
47115
27222
10675
8061
373
5985
3074
7210
33191
31320
32629
31149
1824
12841
6343
5443
43110
4683
21256
52615
29572
23501
5276
65970
74637
25705
47372
14070
5682
920
44743
24863
1691
3901
4356
27809
1265
28419
5789
57952
6125
25117
2632
4873
9449
438
19908
30534
13316
13250
8008
476
1616
47817
17718
20842
32438
38333
39070
7151
2500
37033
18439
37672
2187
23250
5591
2838
1413
9551
47783
8052
50496
60215
14977
2454
35329
33537
2262
31387
812
19606
2073
24327
29172
22095
27183
51077
70280
53639
36055
49121
28591
21770
58325
2276
6313
16803
19796
44155
15670
42365
19317
29393
6427
4715
7480
11844
28655
1998
17083
22927
20409
4336
7043
18566
8222
53292
18665
40831
23960
46232
15397
1423
1052
1119
15969
60272
8756
21792
4285
7984
18978
48853
6438
34631
17725
11393
17570
17246
53170
45249
1201
55860
12995
6053
4
40297
21556
390
7329
6521
7526
22463
1661
11107
35510
33993
34788
17179
25568
17934
32404
6932
5862
19951
38868
16853
45360
55701
36482
1254
9554
47005
2217
39840
32945
32484
6343
5999
25142
61427
6879
57688
1125
19101
19082
15871
9020
13312
19014
15210
45169
27055
2696
10713
1991
12378
6076
28112
12184
26928
30664
10950
581
13877
106
19194
12050
17455
15093
56503
10405
1453
2160
19429
51452
29421
36529
6843
25717
44335
8005
17789
34694
39198
12622
68832
7164
8149
36282
18786
30449
11376
57928
78500
3465
43631
8509
2261
4009
3628
9277
47164
51615
15735
2583
51476
15194
27556
31363
52823
21789
12407
55070
35465
13400
25106
32740
6505
13419
12230
37786
2318
577
5469
11927
19316
14280
14945
2101
40552
453
23610
8897
8993
13184
38900
2700
25417
36931
18027
9600
43342
9191
27171
3251
6363
2902
19382
23403
21100
6580
13541
14724
52716
18114
6001
5155
6024
1337
2793
3075
22920
7795
27230
18433
6922
1198
32568
4967
26513
592
746
3548
46396
10722
15914
28441
18452
3018
4029
54355
23924
43744
36427
16416
672
8633
7690
14566
1143
8267
22840
11167
9972
8954
66386
3409
12140
32446
44749
9456
45398
44834
31295
65699
19028
743
6002
37927
3155
1738
65607
12557
25908
24824
1047
1688
7713
57846
6498
9604
1
14293
12851
5131
5190
19060
3741
13318
45396
40158
7315
11141
39119
6705
53456
474
7127
9376
41219
2327
11063
33272
48589
34659
2657
693
21168
27242
14965
27145
60612
5541
76613
5644
38913
14280
18311
6673
66260
4814
1232
25757
16854
17553
27161
46381
6856
10769
17606
9455
11309
5756
2668
14191
7025
48458
6344
579
3112
8598
34663
9343
9633
57542
11835
7400
44119
14410
41967
541
760
3043
25602
9659
10183
52571
42821
13435
11140
5433
13035
2004
19753
20624
47546
4615
11686
12330
30636
25946
10725
4485
1300
21751
60134
19506
14626
22347
48950
13691
13718
6363
7752
4077
4235
23384
6346
8718
545
42153
34765
25644
34430
5136
4148
61706
22715
5151
52986
8074
91
22484
6022
1635
12014
30848
33163
38087
22111
2540
2331
317
9802
8456
4498
1056
6541
39437
11474
63507
6383
2977
14533
28664
5784
51343
37196
15734
7278
40501
17557
831
508
26663
1795
12171
28444
1672
2984
15547
3226
11532
12392
23671
19960
10269
23269
12845
56487
9844
3623
13492
24036
7561
23098
63843
12879
9019
2809
4
22208
29810
69637
51984
59628
41879
32342
1761
7998
43643
4048
55244
3326
13587
5756
21899
67645
31888
1
9095
44600
65352
49890
700
4254
54444
4513
5165
2448
60933
31354
20080
12068
6865
22511
33885
44782
4813
8804
56585
31147
24724
26456
3452
23156
38245
17118
44683
689
9142
31028
36123
1247
11965
229
12210
7731
46924
27127
36020
35441
17870
7887
22619
37378
34114
22030
7154
15966
6545
2372
5709
39892
5899
2763
26183
3810
10956
17278
4643
1992
61290
1764
28827
10269
10367
698
6022
22911
1984
12634
1
10210
65516
10046
37166
17755
10791
3486
50754
3356
2560
6338
10202
20920
69289
10374
2277
23422
47768
10451
33297
13748
9207
17071
1128
24975
71553
22528
44319
179
3640
1436
23344
5833
15229
44564
2895
24944
20712
13298
7405
29305
4732
20417
13244
1219
4564
5688
16134
50769
10888
10320
6418
13726
53890
7
30251
31044
7038
68056
14528
58261
31194
18066
2399
4477
36733
37079
34771
17201
57674
30432
13296
47182
377
11054
4875
12312
1588
10667
18492
42520
4484
44559
16526
1748
26333
25730
74268
2
1821
27682
35915
8413
26189
17315
30
9000
16009
26236
22825
25346
1987
17834
15349
8205
22816
13530
6555
21530
31217
841
2694
22853
658
9556
12161
548
17311
3127
28
22913
9036
6056
10691
12024
25652
20632
1828
35355
3328
50117
27514
50486
17740
25856
3439
51168
20052
1740
1695
56890
4494
3910
10699
21487
6626
8616
28270
535
1781
25065
29656
33732
44337
16510
58810
2239
6252
74982
15868
11123
2025
7731
3138
13167
16292
8597
5326
26615
12470
7097
49061
42636
39214
9979
17776
32526
3815
6059
20924
3400
28678
11205
26581
52
3263
69426
611
2705
61865
6000
21637
38029
2153
11684
25265
15335
29412
4914
59528
35272
13732
8418
14238
13372
898
24279
682
68920
18727
6517
20694
40209
16156
43365
2829
1993
49116
44190
55113
1679
10018
5623
938
10178
12660
6440
29954
27557
25611
16360
1011
7890
20319
2922
1262
51139
71
50111
6470
43324
33700
21284
22465
55674
2153
58194
27710
23668
5323
7718
15675
62893
36663
9465
21007
47191
14600
1522
12367
6324
9415
27462
25174
58242
8435
31071
8037
11430
20507
24971
14567
29257
13472
5301
6937
30036
52175
1428
20600
4817
14267
46444
660
36614
933
33469
24279
17044
3717
12085
690
29851
29849
15254
47704
11211
8595
1641
3578
1593
10826
5480
3261
2873
17615
1
13797
30558
50931
3064
56338
10686
423
8175
54626
11338
32301
25930
1363
844
22421
18358
43970
26813
61644
14976
47700
23292
32922
13850
4421
5897
40009
30319
63330
37002
11444
7005
6329
1920
11449
7697
59542
26043
7266
41091
32408
48009
10052
743
9346
39689
32636
10439
10189
15166
1784
5337
13481
9091
42265
747
54427
33952
46437
55536
18404
5541
7332
22520
40823
11733
1306
331
58963
32001
28959
34240
54666
1307
72430
11733
3072
9562
798
21091
35050
2010
5024
4746
41934
29761
7404
67442
47842
23244
13391
22498
13549
20641
23543
51139
38759
78387
3547
6813
4373
22676
3591
33235
17
20581
11354
23054
28845
11252
8852
17719
2632
58596
28766
741
8580
12018
29218
20860
5560
63527
28016
697
24225
5215
14256
8930
1036
17113
25514
32200
2175
5779
35259
44775
41590
15650
10284
36663
5284
17332
33112
12065
2794
4283
882
3482
4081
15520
27565
19254
66404
729
2315
7217
14361
46727
7191
33204
37370
6486
1198
24024
1044
20638
52048
4313
45293
29165
445
49110
29305
39027
51692
899
1844
10687
42445
14874
2693
3603
29942
21299
6833
9861
1155
8690
26321
20009
41810
30152
5502
47714
45464
11492
34066
5193
7314
33546
63924
4290
4873
3663
11909
10108
25646
68824
68158
21307
33004
4261
8835
9471
6686
30941
19558
398
9963
8139
5284
1293
2706
22588
6184
14123
9509
21355
11684
9051
52514
34405
7747
16575
7711
60231
1224
12670
57519
46651
33583
1594
5606
35606
16809
9814
5192
17301
2337
12720
3290
20349
60525
32423
53573
12356
4071
7212
6839
39356
277
7411
5037
19467
2012
12735
20392
313
3989
52110
47710
16958
29745
7398
25200
16628
35314
25762
74874
3712
2106
2883
12247
24236
7390
26067
57859
3948
46215
15178
23959
32833
60540
20822
7158
5396
8459
45326
367
3683
6450
4476
15618
1304
12373
24586
15435
3
20083
16636
6685
48720
6179
45999
10678
24797
9883
60456
71457
33495
14632
3385
15149
29268
11448
32060
36410
48791
17698
7
26964
10111
3533
4586
20046
36166
51521
14072
30460
50447
22475
42497
44022
18645
22287
13890
3759
18969
30351
34831
4380
55526
15361
10012
21972
16771
15882
51082
8261
7095
65680
15403
4627
14634
685
834
26353
41403
3505
23937
8523
16560
12978
8494
23478
26006
26316
1897
6878
13532
2586
16736
2240
5355
45498
3416
37404
8600
4295
19667
3348
27992
5658
17511
37740
6793
1308
5393
17779
450
24559
40131
34475
2942
9571
45307
35523
6427
5230
11107
16389
7353
19603
32815
14237
871
38035
45730
988
37802
5125
11373
14238
17
46214
16506
53475
12335
965
48428
5474
7274
33893
26053
8634
404
4937
33134
626
24797
12838
9548
34094
13844
22318
5798
2934
60173
6126
12389
27988
9111
32960
1168
14021
8820
46938
9688
7657
16574
2397
13
49815
45097
5519
1379
7252
62384
5900
6609
35118
14733
30621
1613
1621
4051
2455
12576
45454
23864
674
5348
2792
19906
2649
25298
10427
1900
35391
6929
50233
7679
52405
51608
12356
19463
12798
10474
35196
20985
5
10022
11380
31918
15204
23403
414
5726
4964
29486
46342
41887
27682
6598
5975
25282
9964
1181
16301
10969
30811
43878
28604
5541
60599
46649
33865
7928
251
3406
3496
13857
13986
28546
17164
3189
1506
3182
481
56453
7688
9877
33652
64866
6073
13573
31929
9432
7450
54938
55808
12784
28911
9690
3948
17267
5540
14815
47837
1590
7785
4281
20906
33405
14174
6495
1859
5456
32834
472
29241
4326
49849
6458
7131
19216
2333
5651
2323
15547
40012
40056
34290
34921
12783
668
5421
3558
298
25220
34282
17158
1852
20863
24801
24288
19629
2730
42925
8086
24035
42767
49501
3114
17290
4970
1110
6711
64019
2372
6181
23082
4350
5864
40700
26816
6082
1699
26334
13936
11160
1129
17857
37
12583
21752
34347
16853
37570
7456
58
28470
60065
3723
2384
10475
1115
2339
18150
19012
11927
38278
64168
12255
11187
21178
11323
28351
43746
10814
18
5239
5554
2767
36145
53689
13019
28795
4471
67036
22739
14855
51138
11211
55117
7797
7456
418
3127
45522
20440
52426
38101
33543
20906
7817
7653
17731
23355
3583
2046
41496
68155
6998
42663
47753
20164
6257
27273
9536
35006
14680
18320
7044
61440
18773
227
690
16080
14090
20514
36053
9
11700
10545
27640
36638
23807
16059
5940
41460
7142
1139
7744
10094
1300
71454
26705
12000
3932
1045
18691
24069
18367
13179
9350
45677
40164
10660
9623
21461
6949
21345
4364
33934
48468
68605
37222
22451
7099
37105
33711
19695
9033
39117
15535
13058
33887
37889
6122
11311
36818
14830
28142
10090
26000
34894
6558
40845
21103
16709
3679
8108
8805
9883
10469
46408
11553
5409
62024
14703
10194
8
52346
18160
8886
26455
11020
55596
16456
17397
25468
19452
44027
29021
23455
11849
53947
6975
30134
8193
59002
3436
14784
6
18147
457
1524
2747
30553
5943
19969
2357
56973
9257
9517
925
6286
896
19390
53381
52357
27752
202
4611
3301
12119
41268
18026
1
35302
3817
57185
15865
12162
10847
25317
20694
2371
1645
3207
34141
16565
16470
24937
43315
42653
14913
26657
32462
25532
45084
24802
6905
17
15619
399
30149
6994
54177
2511
45242
5722
19962
15263
24500
71902
46522
7094
5569
47510
14297
10925
19919
8366
36792
474
27289
20712
32044
1
9654
14512
1860
11731
51932
29745
27124
2361
19923
33763
2659
12784
32271
595
14584
17293
59951
32879
4075
49069
8433
3564
1
7344
47645
2729
5010
56217
27536
8288
19792
44611
1341
1339
33355
2961
16793
4915
9167
1284
26922
5609
53046
13772
919
31320
23576
34501
46585
17064
17280
2733
8497
18786
3986
6222
13732
10583
4661
64913
55820
20369
2397
20700
13057
37623
13869
46280
1912
15801
19188
7475
6567
3996
16430
5468
2683
27111
12981
3118
43755
1725
875
555
28
26733
14389
27781
38623
3735
906
36117
1984
14361
5554
64658
18491
18818
26672
7683
16313
23451
43228
11203
2615
7368
8813
65157
934
12657
38191
9149
30986
57580
32542
24879
42239
38159
3479
4964
3922
12782
40002
29416
20714
10469
13339
7096
2543
51297
30433
29677
14717
41348
43808
24017
3957
8008
17497
9845
64178
17894
1470
19100
1857
26782
2579
8466
56151
51498
38907
19548
35619
16307
6387
6873
65621
31159
30537
51445
19782
555
1612
1332
7770
10925
30538
43181
21394
65776
24051
8823
25610
2589
5588
47753
34591
14980
40208
48770
63368
40481
17783
19743
185
7951
10711
58140
24945
14242
20301
14494
700
29100
42626
19456
41508
505
63905
39533
13938
25805
6136
18
18296
67578
24063
15659
32858
43872
963
37504
57011
1410
2756
9825
53108
12368
19676
7545
4771
32513
43117
33935
11020
2449
6359
53725
3494
3730
7591
11507
31774
17570
1274
24297
23676
6855
1116
51791
430
20023
4468
13323
558
11049
17393
2317
29353
13099
3345
41339
46048
19548
14039
8003
3235
37859
7065
6738
22701
1377
1
45642
14564
32402
12964
20873
1888
14934
65175
46495
1110
17549
3509
5048
20653
1846
11305
3665
30674
365
13997
1432
22680
24316
4023
46038
38
6684
26915
19382
57861
15029
1
27653
2164
1433
14888
13886
53491
3162
16780
6917
10745
1288
1689
4700
1548
42993
30439
11428
14949
33319
4968
12855
37424
1
10848
15244
4512
163
1676
17153
10513
13710
46855
1811
6154
329
10689
1508
6257
13637
20488
39829
3385
23145
42887
53323
4667
32712
23505
43096
502
3841
25599
1485
54439
54880
29570
37980
14372
809
37481
59851
13414
54027
29290
6266
6251
362
3
74117
41956
849
23564
38634
1388
28002
7541
32652
7000
37524
62023
3492
50543
12169
13155
11980
58658
15951
30769
6125
9476
44157
29819
16537
27565
4313
25827
14712
12635
53613
11919
14144
16745
371
23756
31386
39461
21229
12421
49473
29216
71202
58532
4500
28297
37069
22196
7160
31341
2094
3183
3250
14288
31464
58933
8225
16016
33326
67972
37078
22018
24838
101
1352
24874
1512
35642
26730
11935
4067
7607
15500
2450
76697
1572
39651
3078
18509
2796
14895
10513
12484
44724
4911
3815
21873
49532
56217
23756
1043
27799
39034
29728
15674
2430
14396
2158
1459
15601
1066
1489
32200
1190
12128
6536
12050
34213
30385
31968
26490
313
4540
22803
32441
6846
170
46448
25115
40498
13748
5962
15759
41251
9142
16609
36533
64418
39981
29309
27686
1985
18318
6189
13693
36344
1597
29995
13456
6525
1349
31033
53038
2120
59711
43483
8180
8643
6482
39472
47629
1511
995
2044
23030
10208
2416
50855
70274
11548
13375
20123
8166
34087
3347
9082
34118
19166
5226
14426
39703
38599
51632
3794
25032
64891
32265
899
5333
22742
5899
1275
414
11797
9098
18516
7522
41662
2945
19483
24219
9106
9140
57450
152
4943
24421
7434
14057
47094
26677
39563
12993
1504
27647
21258
1317
9932
54724
5614
11106
41715
627
61663
7589
12645
879
38608
19866
22867
1943
42964
13644
18741
4135
65264
22897
20429
45492
6749
53854
2023
15878
19497
5680
26981
12269
2648
21477
11788
13806
15097
1924
9286
15752
18478
34
3964
10406
24087
5421
10681
34684
29221
1929
54656
68802
67568
58345
14465
17092
1776
36978
13696
21717
18349
12345
35751
10012
2270
45871
29131
261
25295
20728
22174
6910
10882
2537
15996
48179
29923
18610
45193
44393
17111
50174
2976
974
1
5457
22074
2486
12572
2946
74622
14112
10867
4276
4
21308
27578
33603
9679
2304
54622
12455
991
17813
26099
10361
590
6644
4461
347
29706
11273
8568
3133
26369
30744
38477
3068
4771
26310
29073
283
3024
27741
1
8353
70300
6303
24507
25484
10152
42970
26002
4058
38063
30837
19273
1535
31513
5581
46874
30778
21400
951
22190
2599
51923
4434
21195
43435
538
3199
13347
28684
13956
20941
4347
2687
11276
7136
29503
4356
33224
5798
45410
42320
15573
5007
441
18602
1737
13517
16931
2995
37
33537
38590
45907
2923
61018
9237
36847
9198
8461
8645
6537
12198
8829
4216
7965
40161
18641
7138
13837
21274
10268
52611
2566
56968
19475
3207
67485
40662
20097
34451
6967
2177
42490
32157
35507
42321
8219
2460
6824
31720
37762
24204
17028
10966
5827
1240
21314
20177
1434
13839
19044
37829
1827
10016
12518
29864
47014
260
13662
10024
3907
60159
21504
46587
15934
10264
14277
17103
32543
362
77185
13939
26488
40466
6956
8354
35877
1
1176
33680
23320
41003
12535
10198
59537
21942
6245
3787
5603
4151
14060
36008
6892
21571
23422
40022
10594
31715
2970
52250
25022
34367
6620
45197
40794
25396
41287
18856
34324
3229
38857
10635
25149
15840
12939
1645
42565
4559
17271
6910
8351
6693
73494
10387
1403
29035
3572
27021
15516
50553
3616
42862
2556
23871
22101
1108
53446
6140
7471
22237
60534
14802
3814
23278
29695
36613
12147
5399
1463
11361
1330
9272
9228
904
12646
27532
14561
22996
11038
6013
43097
17667
37625
28239
9365
14091
7719
364
13257
10115
10191
4283
33883
28139
5212
45781
17843
423
1616
21248
2817
292
20079
7918
44836
23815
10366
2443
83
14270
231
27227
892
15357
10464
21758
43424
23461
108
356
19298
8874
30922
9613
29288
2663
54207
2802
20517
22368
12165
14152
20497
6184
51078
41651
13577
48844
49044
9035
316
37061
62916
20632
3415
331
50382
2740
3632
22332
8732
3634
8643
34007
609
10647
110
19039
2282
14792
26898
23526
22138
8913
6084
20215
63100
13251
61748
888
17516
7149
2381
34389
25603
823
10177
40
1355
8883
2717
1301
94
6937
19825
40033
25881
18072
9348
3395
9831
2530
62389
25072
20966
30555
6504
6680
2204
51618
62864
23846
20611
4527
3118
3171
32907
41954
1972
25735
984
9411
6412
10845
7
49144
12080
44414
42615
2443
2269
2151
47005
1278
16134
3348
34968
42794
18080
27570
1
213
27070
23479
11988
36135
41737
992
32309
43704
1849
32681
52542
11569
12904
8266
48932
3552
37289
13474
37082
46740
8763
1531
9140
36989
855
7960
9327
8958
17700
6508
16351
8809
14901
2826
35748
22900
11570
47722
22356
5109
55045
6907
4561
20563
17456
17700
5137
412
2544
42450
4717
13411
8152
9027
21823
45738
9500
18065
33986
680
55513
57801
2671
24713
59628
15980
12600
26011
26809
8525
4667
60732
2044
25397
1869
44631
32096
6667
37129
12
1670
45918
15190
46723
8940
4509
52005
21305
29275
5741
41046
2133
55287
35829
18290
23441
2750
7114
49914
16767
765
32144
12582
19883
3484
5163
35442
23229
13804
4146
15221
40233
44693
49333
39469
1717
34294
14528
77779
16428
32132
3251
12824
7727
20460
543
38600
58824
1108
13840
2911
23396
11396
24
29175
3458
2323
357
16120
9632
30039
20652
10151
9577
57598
2577
41612
5004
2857
46242
12965
26981
36211
19223
52700
3593
13216
56023
6306
9876
29238
4438
12915
695
14857
59682
69034
15451
742
22596
2810
3481
21086
29271
6960
6519
5305
26325
18922
50552
8591
28282
41051
12722
504
34351
6915
12866
1422
839
52409
17174
26750
3240
3627
42345
3911
12244
47261
10148
133
8190
57007
606
9
8567
24411
4707
43498
34054
59558
2709
13932
10249
13491
8064
3546
19612
8520
27825
12460
7958
17888
36518
2343
34078
8366
44988
6512
834
10534
7532
18691
44332
5200
37595
5657
767
49263
47697
40669
26060
20958
16468
2948
50370
38625
27452
5213
5451
63918
7134
51088
33028
4364
37125
41608
6824
13498
20137
19701
15206
1888
18813
23111
44243
5697
52410
1034
24687
11609
6727
24924
4712
28060
5971
20666
26419
30307
35281
3420
11467
522
34012
18901
31412
15925
66859
19770
5566
34546
6842
13471
306
20650
24400
11114
64212
21065
5514
16210
8964
1225
25575
636
22867
8689
3499
11595
2803
18431
17197
60388
754
3780
13183
58360
19899
26217
9108
42776
46846
63794
4092
55492
528
16964
34348
25942
3202
4453
423
17754
55089
58460
92
3821
16347
45398
33375
15679
22677
54689
15600
1461
26199
7342
35754
1416
20968
49688
12849
46280
10909
1071
33671
27828
816
38808
11353
12751
40270
42129
36471
19437
36075
6897
16129
686
12435
8594
33116
7759
15150
646
5752
805
14757
4908
8991
9589
10597
21235
1385
9015
48094
4802
8796
50043
21181
10811
33369
8666
45528
42104
11643
62386
53244
35386
2868
60734
24393
39473
58554
8349
10440
1768
7920
25271
129
7041
19100
46877
12011
15150
64651
15544
2760
31381
25778
537
17085
27185
53826
22915
27571
21652
24017
45859
10230
15723
9987
1248
1323
7254
116
16425
15162
26733
1906
21390
6161
3010
8808
7082
34257
4616
33008
19825
331
43863
23537
32290
35486
6250
17725
8195
3958
4070
23362
14360
52627
17638
746
3356
11044
6460
5546
27722
9025
1807
6585
21212
3394
6576
6105
4524
9591
12376
20014
17705
7643
4868
18653
6177
34004
5345
10952
7231
13211
12977
25456
4098
5631
75935
3
16179
12058
70124
45905
50808
30006
14086
34098
49183
7446
37125
35519
8096
22314
614
3281
644
14744
15259
46654
8431
7734
46954
34527
8442
35821
7949
9529
23992
9775
2902
8967
8243
8149
4820
28587
4745
7108
2438
8229
7968
25087
29118
23291
43158
20035
35166
1607
12156
1
43170
21209
22148
4157
16891
21661
26714
5859
5495
12395
4365
6070
26018
1071
1295
23928
62062
44607
45817
13337
19225
30708
2944
2038
5825
361
71654
32772
4751
28492
398
8115
53224
19131
12180
1236
19961
27889
31752
13421
53085
8267
29102
10516
52226
684
47598
718
13187
4516
540
47586
58388
3867
48613
49705
1877
15818
1463
27425
1394
44590
4639
10581
51309
49269
35099
14093
46399
604
9270
1349
16627
17241
9457
22755
4428
14666
9087
14953
23377
821
30865
43862
39806
30756
14755
36950
13731
24169
2852
2655
7897
62933
1323
12468
5516
9690
39550
3052
21396
42776
5915
3250
10873
2756
364
10186
26660
375
67159
5974
16062
5139
78
37746
5302
11499
58167
12413
1
40693
28219
6317
73050
47155
2404
16772
28120
6711
21667
16561
10399
12946
30390
5294
1342
24113
5142
1228
37699
40274
322
50046
2768
2510
5770
15760
18244
9717
622
21805
27959
13249
8756
1349
44616
2656
5886
4849
667
6515
23672
21489
31020
31634
24453
52662
33567
41516
3534
22470
41926
63480
6210
6911
7175
52527
11111
2998
11089
46985
4813
9330
23770
34356
46227
10532
8525
4836
32267
12554
7380
908
13825
24290
9746
24707
1726
30527
1444
30179
55338
13293
1767
26686
17561
26835
16362
45194
19755
11931
1530
1260
25352
1839
28203
23118
27796
15683
34464
21469
39117
1
51699
33559
16647
11032
8123
21991
24273
7206
17616
9761
8576
1408
6012
2005
34616
7668
11836
8745
8557
59390
40505
23867
976
2516
10167
14002
13058
8470
57
28088
51076
8844
47565
15791
6637
1964
30931
2891
15641
41472
989
2110
70997
1832
11882
33243
35973
5857
24689
14516
36584
18888
11959
13999
7120
5681
7657
7472
4848
15407
41444
1342
21962
18867
19077
7127
29455
39283
17678
23175
23677
2810
3779
50173
68643
3232
73701
8511
6909
8164
20464
46011
24412
4087
4979
43573
50863
6985
2
33667
47431
2272
43051
20250
2879
18779
8865
13487
5755
29888
44274
11428
18106
26039
941
9961
31036
37796
9579
23994
24469
67104
5230
1085
69621
38307
2057
1063
6629
14402
43094
16458
3154
37326
47706
41092
34312
10442
48974
69233
6778
14
2032
36493
71004
12700
7170
1895
19149
18011
65711
1683
16357
34057
11188
61687
32992
54333
1395
10041
35117
27649
1762
6348
4437
46919
5834
28495
20690
5053
6663
657
1060
17216
47879
14234
2791
7904
41101
6475
14454
12543
49791
59061
41240
57492
5383
6655
22390
27585
10963
1647
1425
23472
13281
21082
24204
61883
3440
2
36723
11244
6522
5107
615
31004
50183
23758
8874
2378
28387
1628
11094
22820
19388
65906
68834
41982
57987
2267
27688
63487
31132
3865
21634
5798
9151
3164
5541
6480
22612
8564
4
16724
67405
12970
12792
29986
21063
22535
66392
8178
848
27802
23873
9268
11222
2943
10868
3016
23902
38107
8668
53933
26638
3494
12962
54884
48415
27851
12382
5867
11436
22779
1726
7735
23753
646
7957
15833
45556
1149
21594
63182
17733
487
22004
7918
23668
41030
24623
14993
6509
6089
4175
40736
14265
56779
29292
16257
34363
18896
15214
6855
14336
15184
39431
45287
54015
34684
8651
54990
609
13087
46624
21069
7881
12816
4189
36579
33633
58229
1868
8247
65935
7571
7487
10754
595
2717
26770
16798
50788
14226
20019
24355
33399
43721
31307
57012
50187
15548
59137
4895
6177
59672
2239
25549
29622
14785
1818
20222
12142
9310
571
5720
2606
16231
16422
18160
3497
8411
2638
7573
412
67549
43695
2275
4066
24149
8
26275
39888
14806
7877
20280
3116
11979
39460
17196
1251
5376
10376
60685
31160
39773
6175
20044
1
13310
40873
7872
48733
3066
533
29259
23881
24449
3523
25527
1034
44884
28
15932
13165
23723
54086
9485
35767
21574
39133
23
56958
3189
38532
20019
63182
8225
59896
36066
326
1183
4187
12
28595
344
42910
1033
1922
62684
8793
13583
3761
6181
15157
44448
28493
2338
38551
52496
1329
43879
9369
7606
4305
22569
73714
34116
26347
8297
40140
55437
685
25114
3673
30007
74295
59417
12407
11026
302
5179
41955
11072
2847
20828
23892
12122
34087
18262
46149
13710
26826
567
22117
530
17710
32452
9915
6461
12653
21271
9668
28540
20700
28988
25845
835
9364
668
43755
1772
19447
1280
65812
31078
14543
9051
3432
6702
1869
44108
8188
16787
43367
3
66608
11068
1979
15495
3418
8613
29565
30006
12583
39873
12721
23437
125
14274
2407
44191
38623
6336
31163
17376
1661
65568
24270
1174
11028
1509
41329
27463
8504
21861
21777
32818
53317
36753
9366
4885
15462
64331
4397
3808
63211
740
48039
11495
50588
8235
28059
9203
25394
3988
11
10906
3581
4954
5803
34695
25460
37214
44862
14349
24887
4882
19368
3489
10567
31787
13056
10080
31218
60776
13971
52118
6018
9489
56121
11390
5428
818
407
8690
22485
12053
5160
8865
28421
17070
32516
52566
39600
1
17614
21148
22185
12027
15074
2143
28030
8009
33180
37066
2212
41996
37699
5905
39187
36872
3649
41346
13573
31682
8282
23339
2835
14541
4924
8731
5783
27918
3354
17530
10334
43417
24938
30330
1469
1247
42905
41637
23663
31869
19528
32473
4031
24210
31119
45460
37510
13319
1333
3418
12888
1142
25202
30322
43908
1898
6290
28124
17833
20855
19997
3648
366
28392
41332
759
536
1
1520
21186
25149
22456
18111
4636
3970
4749
31020
20641
37645
4464
16577
3069
42672
13439
13197
77766
5109
1202
39803
54626
35611
33203
815
12578
4702
25781
1631
13043
8501
9
22268
38069
26327
60706
3853
805
25581
17384
8237
12933
31685
8568
60783
24971
17752
1656
24834
5087
43812
17807
7843
12225
53879
8066
5312
245
19748
7175
7713
24192
1683
40236
27686
34315
14741
323
3479
27364
54472
49589
2368
10989
758
25196
19146
8645
3038
31559
247
51083
630
3396
20133
23195
18380
5762
11607
2287
10274
36054
24532
994
14731
38385
13959
133
2647
46470
13773
11056
469
64232
67177
14182
22080
2
8762
55652
30120
11108
49868
64722
19197
1716
41311
10034
613
19172
36522
71856
32506
20782
37332
58825
48927
25387
15467
30963
28412
1735
49155
27801
2455
11858
33776
50544
40021
21762
2277
40989
23008
36169
9091
13165
21435
394
64188
28038
4408
4114
10698
15133
33197
661
20506
15274
17
28026
51438
10279
13083
19048
30114
25506
6552
18596
21191
18995
3204
37461
9063
16
26521
21868
33618
9420
1225
27030
39272
9853
379
53691
28024
10897
24974
18203
16652
2042
24909
7547
6640
1069
65120
59153
36936
23837
43482
2055
49575
54091
2410
38832
34509
4345
59269
2160
6621
24130
11046
8823
58294
4328
1370
637
9746
41765
34694
50376
2253
15089
46579
20288
32593
15408
33526
7554
7198
29538
2162
15131
5840
23998
930
9718
7456
21566
2059
33618
58088
263
1247
2748
22506
23468
44459
10167
19209
29202
4950
6851
42795
5
23261
48559
15721
11407
12882
38628
47499
8639
16840
4904
26093
33789
14531
1372
29275
11514
10045
1424
37359
2528
17816
9352
29597
53984
57447
12136
2267
994
21475
3523
49654
570
28282
3332
11000
54782
35685
3545
1047
6905
46486
29804
64624
1601
2115
18327
56466
9557
28097
1672
22392
129
46027
32664
11607
33623
30466
33298
12204
16393
19773
2251
28515
842
9818
6707
17697
10504
13091
19241
39149
7934
31608
26943
8480
44758
567
5601
51489
11116
34204
1585
228
63587
31886
9133
7488
1674
27005
531
20433
3670
14688
13612
14312
10875
29184
4129
20053
17786
379
69425
23387
23412
8127
8803
13215
1698
5075
11511
75800
10804
4566
23159
16282
62247
11708
28378
14517
8795
45893
64404
1479
34944
16986
11617
12498
7096
64203
4711
1170
1289
22986
11157
66981
624
62340
49032
17375
283
41435
36822
33327
1758
15285
45619
11215
33353
48242
10787
33478
14134
76080
12329
37805
2962
18038
804
25378
2507
52680
1181
35395
16909
6172
62890
30562
50426
17987
13873
41096
3138
4734
60712
52639
45417
48674
5296
27598
13595
790
37639
27315
24478
56568
5622
3005
34299
26235
30002
1552
20000
871
54553
18415
11991
12262
16495
9213
7251
651
46234
16841
12844
48015
23995
31346
29362
10943
481
15473
418
424
3942
44299
58894
26444
7275
1150
43202
2153
29346
51230
13048
6528
16264
45764
8752
14
67097
3628
4598
10295
13810
12114
18805
49907
38019
52558
37507
3282
605
3064
15466
39547
7594
17072
10768
46640
30609
1412
29535
32055
14464
5518
1660
2283
9392
4800
102
47880
3
35369
19536
6833
3025
29759
5492
68072
5360
4292
1904
951
45151
35256
38340
50775
21629
1723
5409
4186
19157
8841
34408
75731
40084
48059
53804
1353
19862
15351
5917
3401
48934
3655
9247
9427
26690
6258
138
57187
8900
40275
5192
17372
32905
34354
7918
54276
39475
2133
13408
7180
18
8708
461
49174
5078
39014
31529
70390
37921
44134
16085
18333
32754
25943
13303
5874
33327
1861
8118
3136
37119
41242
3
46035
12372
6235
32169
3689
6513
17334
19588
765
39625
6999
24939
46118
277
1380
4045
44892
33158
69676
31452
39500
23016
1955
2947
47987
13882
4082
35884
65749
11374
7352
29114
6180
43267
37249
22392
6752
8285
3500
876
11181
14943
3423
3261
19415
18179
8050
7176
15295
13327
27195
1945
6289
32597
25398
74113
35438
3065
16908
10693
22542
18343
23708
5932
17210
6361
50332
8928
57915
15417
35746
11931
12848
33715
32133
58249
17750
33039
57065
7005
1026
46792
22445
33301
3023
1583
14348
74515
806
18059
28236
12656
30936
15952
12482
1631
35284
5071
18619
3143
50870
9456
7030
56216
9438
1041
20100
8412
13201
73315
19726
9
56813
57289
2901
5969
10060
10585
61143
55948
47097
19637
2462
36523
11387
3976
1629
463
23621
14157
3840
7196
18525
8284
7390
6668
2113
34640
3167
41961
13766
43179
27151
3564
56237
29942
3417
21846
32838
3403
43930
28192
54781
50788
9587
10521
3363
16926
4051
9331
6601
30360
1
34402
4620
37048
8693
3413
22101
52734
8078
32845
37148
9637
17853
3752
3234
13297
371
6773
11981
52098
4043
1142
1905
37197
11960
39794
1091
7282
32942
2753
19321
5575
418
4617
53690
66
30753
28584
29457
31608
8272
4262
13653
24524
40674
5163
5053
71880
17719
6118
43945
4118
26549
45372
13217
20916
17227
46385
40680
1429
15163
8467
75205
37369
5099
33681
59640
9360
46673
43426
12562
22164
34534
20445
3290
606
12667
13552
457
1319
23518
17458
10838
3573
14230
20740
12759
36639
39464
1964
51203
21267
30526
48254
30388
6710
5564
13919
25135
3169
45092
4310
3149
2064
48108
10
48930
39536
7343
11256
24374
15642
124
12197
26930
17368
30697
2737
40622
49043
7281
4293
28540
25959
22734
52671
27631
29295
5282
7428
10379
4986
27870
1155
56021
16606
30852
7131
23948
41218
19726
7270
14744
2827
6658
27594
27318
38774
47327
46013
47300
55421
16673
24484
419
33246
2269
52776
11532
6526
21841
15666
39127
43284
1809
2988
9830
60688
15021
47471
298
45522
5563
25401
12761
899
60528
5022
16916
42699
8927
6452
448
18186
21137
24230
40563
10993
2815
16723
30
21239
11748
23118
2157
7645
51454
18973
22579
9608
21653
3271
3115
31167
51970
9182
21564
568
17680
1664
3769
3798
46104
50396
4646
47570
18774
814
29562
7569
4171
42621
4947
43114
13827
24388
39662
10415
14799
449
15981
1997
1
25887
27106
1761
8526
18397
33137
12568
4447
41336
9641
16186
9853
13841
11183
8411
11343
9300
37488
1119
61372
17322
2
44288
40753
37613
2607
10110
36229
67704
1308
22948
64520
1109
1638
20851
3041
38600
32458
33653
9407
5436
13716
8219
33
4910
38918
450
29040
10104
6097
111
19440
40132
67457
28870
13009
31957
41198
442
17292
13492
18701
27435
520
34823
7257
7964
1792
56110
40338
41136
48219
23878
3383
65583
20746
19746
5809
2902
35173
11241
967
416
7299
15800
19577
47411
9312
27724
1305
961
40340
40
17681
28945
5287
31800
37499
44410
381
2683
19496
68271
987
5145
12978
17317
21637
11320
6404
1595
22283
7538
1854
2411
2759
43937
67747
3541
52034
38808
4754
15871
51861
12529
26394
4993
72344
44091
36985
23729
38927
32740
26440
47313
1587
25922
7498
3062
5799
26651
22628
43852
18396
33175
756
8860
15884
2261
25477
53373
49531
14773
4233
46514
2745
2032
14141
40159
14662
11170
327
8711
17362
3989
36292
2248
24004
18263
44402
10775
43516
29238
8366
24543
1589
3754
9288
4690
14446
5640
25829
15588
18939
42993
6153
14508
35
67926
848
14217
8727
33825
9933
22889
684
5603
41431
4846
48967
26574
1339
9960
69171
14646
10686
4446
1042
36529
11320
16752
8210
7098
5199
35016
27340
14351
13569
11504
34184
6
32741
840
4881
14500
10348
7159
248
1359
44933
21822
3396
22073
21988
16983
2928
1814
9662
39094
32079
14577
14247
24877
35985
32958
5047
4646
30228
30840
1323
41817
386
1953
18791
8678
48712
17196
9454
1526
6474
13
35804
65386
4865
6513
34232
27210
24534
37498
2829
10979
8031
48403
13849
25503
20373
2432
69554
3408
44294
26632
3462
41373
30426
16444
71379
46419
37669
9893
23508
23645
3023
4383
4130
4039
28152
23253
10995
6408
11997
31999
665
35739
2308
5818
5644
9021
1145
989
5077
4652
4288
5142
4522
6646
11854
38291
23503
14468
24799
36714
21371
6001
21029
25264
64264
19059
5
42964
16527
1418
44245
3201
4496
36104
1202
7538
30987
836
3623
274
33500
15664
56951
3773
438
44840
24958
73871
9089
7081
35695
42715
50304
27830
5421
2058
2
36575
19427
5388
4269
26395
58283
37179
53956
6258
3506
41705
1463
37363
15322
22628
50791
24915
12870
16994
26177
9450
29923
12401
51482
30523
10090
26062
11393
44146
1190
2978
46658
22224
4066
46571
10682
12754
18368
66161
10741
8332
36057
9903
860
7856
75
6182
19031
29357
5706
63266
9226
9221
2304
14460
40301
16410
35956
1576
14964
8126
32501
2513
544
7947
22266
12758
584
13691
4534
11612
1870
40314
36414
4540
69953
3
14871
40109
11908
17537
27390
12034
26090
2081
30100
355
14252
57932
4223
4569
15874
69742
49150
3491
4194
17659
22427
9632
22103
1291
12645
12442
11598
29768
60376
24126
49768
7638
23579
9992
24338
58845
46401
3
8468
2713
19111
37335
6477
2120
8229
6978
27814
459
1535
28169
16240
46060
15780
5027
1051
5007
53784
5704
11847
7222
4786
42475
19698
15195
13023
49836
7075
32944
1306
26517
25338
3955
2
9411
26045
19537
38713
32064
14638
21044
15544
67138
6762
61349
34392
28334
15806
1130
12166
2838
6768
7043
6861
8719
37773
52071
9827
18804
2915
12496
1741
20523
21988
56651
3814
33040
10134
37258
40511
36361
15243
65654
16508
867
13144
20090
1383
49903
578
1268
14641
4740
33992
6545
4133
12256
39072
27610
3047
19933
64735
33336
6420
22293
54772
19343
26151
33705
30679
2919
51476
1820
1909
1678
37962
6990
20878
12565
20638
9813
23461
1989
47845
47621
9634
16721
10429
48654
3821
7557
21728
4445
10224
12365
24689
5737
12133
5297
21691
23637
20493
27233
23557
41147
29210
1980
14955
11172
7402
5369
25170
34674
31433
2455
30016
7660
63242
52161
13462
1984
28566
8425
8284
1095
36714
10329
3268
12905
16197
19877
50586
10183
30961
39038
22303
29034
264
841
15417
24816
14028
7102
1824
14645
20068
24777
26515
18900
20224
21055
5583
32212
53507
11981
7201
35521
7590
12466
35830
64655
50174
3861
1677
8089
22795
9760
16708
36282
28317
9025
35605
15738
1840
1162
11334
28682
52502
35068
21020
19726
15616
3110
28895
23097
18734
7326
4267
15685
1140
67638
50502
16121
30505
2556
8178
42081
21720
23722
70096
3060
12270
9099
37783
15450
32449
37484
24541
68688
5637
24884
2951
42294
12630
63372
28564
18516
10396
4141
12049
35632
19884
21533
29646
42220
49592
46733
20557
13235
15539
1122
21453
6460
14049
32377
27839
15318
60458
15219
5733
778
21507
5703
26234
28630
635
1824
11723
53421
47130
22321
5174
16225
29115
17510
7
1944
28021
4432
30486
9974
22577
1702
40626
3206
24786
39219
36955
9777
39569
31250
20189
34884
22078
32936
4012
12011
12296
24524
11837
41462
7918
6332
42859
11701
12778
2147
60337
8326
18578
5402
34433
11951
1429
9550
53280
33405
23380
21127
16794
21
5533
23301
34102
57457
28395
34177
16169
5096
10154
10312
5402
9907
17490
2323
20934
10426
32388
6466
28277
43964
12882
6068
31033
748
47534
784
34587
46466
66319
18953
23153
4106
18314
380
12178
19661
69646
8632
16558
8297
28968
15086
5
12137
4986
10991
1986
57219
14615
51147
3891
28950
3310
8395
1013
28943
5026
17151
5642
13218
11734
11469
9541
26293
713
4902
8537
2524
413
17183
33320
5644
18718
4833
28377
3029
8560
1898
32180
1597
24187
17869
8146
34307
61797
26010
7246
46549
6339
23600
6611
31067
66877
14529
50740
9660
29784
1476
6624
61300
42364
48815
10110
28409
17054
33433
24038
37820
20165
989
50209
2584
53350
4006
38592
3105
22736
2096
1723
2911
20270
4160
42871
51643
1522
39065
756
17943
28348
3623
4431
34986
30565
18261
14048
21910
7988
3826
11356
16127
3373
24503
19707
4459
32384
9735
50575
7812
9182
6205
3634
25453
21546
14694
1603
17306
35449
41112
51952
29121
18377
6933
18343
39574
6921
51758
7404
20238
4894
14343
39184
17834
5710
22428
11529
20238
17199
2904
1048
32773
33964
15763
40075
5217
32674
14314
29894
4778
1191
13174
40330
11295
13464
64385
6356
24827
22713
19034
59821
16973
1430
7061
7359
5813
69012
9752
6026
54655
41642
37456
5046
60132
68269
19567
51747
7680
24905
7173
12149
6758
18276
35521
43970
20216
3970
5213
3355
21778
67784
6363
8453
6205
42740
34508
42957
16984
47126
51024
29099
9654
17073
40078
11964
12650
10800
9334
42911
7352
4253
11339
58785
15954
2972
7428
5021
9474
12042
13676
4258
8313
24526
8830
4860
10556
1353
10539
24492
9479
39346
38542
2347
4005
47764
29544
978
15413
12239
7342
7823
50369
4382
22402
66821
53586
16386
1
1403
2100
4293
7721
13980
6895
7256
1451
26054
16227
2085
49590
72409
42606
1781
40166
10604
56283
2742
10097
31519
15000
68896
968
20065
20013
33
2261
23436
29630
13729
15751
8723
401
67213
55895
10644
3628
1566
22828
30606
45977
66050
80
15862
14381
27507
27534
6321
12581
26797
51796
3901
7660
19072
49831
17763
7790
358
4452
16099
56105
10271
20077
6824
10477
44384
10908
63664
2976
20564
26419
5060
1703
16070
7386
20998
12032
5358
61309
51755
16816
23569
63509
9850
16164
3997
45180
1118
15426
39303
2906
17282
4840
30579
34595
21970
9446
57194
17136
666
1033
579
2402
8953
1334
53428
26812
21572
375
31213
41172
23224
1463
13761
12500
3707
10663
8030
11223
26025
32037
31092
330
4968
46643
38419
16790
14700
16204
62708
1619
27153
37985
12355
4900
94
10550
2649
7819
40836
32702
9209
74257
2831
18310
5522
2164
11944
12874
22060
37403
9009
47155
18953
18003
1876
41729
1542
5563
29
5278
1666
12438
6048
7347
15914
31181
8967
14693
34793
10175
11798
528
44103
50443
18177
26918
20167
67388
2437
2887
5074
9907
31322
30299
523
4293
8322
24333
7671
8783
19852
211
29098
41785
7309
1966
35022
31994
13917
11604
64498
9847
2443
1356
143
45732
35695
66236
33899
3709
794
546
14
60638
18040
3261
26335
13557
49003
20443
3
11710
35878
1249
27839
7467
18574
61372
19009
14266
58458
3327
43501
10451
10429
42536
62106
51457
391
799
40580
500
2718
45513
34163
47606
5703
7816
15200
40974
19240
34812
192
475
21227
7749
52860
44499
222
25057
43830
60280
13970
15435
18223
12821
11883
53915
12959
12418
2825
15372
6053
11917
22077
9167
40020
2377
29743
14783
55891
28263
37219
2521
36027
21052
50738
11140
3621
18553
13459
16006
790
8703
13079
1377
21321
9567
5000
2482
1280
1729
7243
12666
19944
7925
32360
2
22312
22292
28472
1155
10871
6793
11314
4504
10190
3
30556
411
18706
23659
2369
12517
12032
2205
11530
6679
7217
2813
31586
25736
30766
9385
4665
8803
6551
1581
51542
2769
964
4546
58278
15066
29
35751
43136
9596
6820
5257
9739
8513
8033
1860
72840
3747
9646
1213
17802
2
17992
58534
7278
31691
39472
42559
2530
1058
28151
26179
5588
24358
12442
864
1168
17216
5692
824
7946
964
569
58005
32861
40037
8635
4998
22903
16747
12206
55090
46320
25654
21145
52854
14420
23133
9957
3671
206
11121
10355
5891
14104
33994
40340
29950
22816
8730
38702
14884
11916
41648
28602
9802
9748
12326
71136
62090
16580
22908
2762
7549
1140
28272
45900
987
18967
7486
454
1273
51903
23200
41133
8504
64315
4
3943
15890
11346
45663
2725
18030
61367
2305
19108
14654
9739
32073
25213
13937
1174
9898
9653
29935
56848
13
48297
2
8272
943
41729
2344
51219
23366
5858
2104
39929
8387
19865
2545
50258
2160
43548
17789
1024
9720
631
10639
6152
21126
11575
3931
6201
4994
39332
50847
33566
238
43050
6556
23869
10852
1955
12988
17981
13631
19627
8541
29110
13305
56476
27241
59741
8902
11531
17267
3056
3795
37867
26955
25012
61644
2700
47128
6850
47385
13643
27047
2611
209
17834
38258
245
21845
32966
35266
62468
1561
26137
19185
10376
8966
5323
35458
31091
6531
40738
11749
16851
947
29366
7810
19095
55345
6572
49299
19190
9124
33179
43244
57942
6743
6126
47464
766
5924
29095
320
2011
14218
23793
7394
35125
6385
1469
7251
13793
212
30621
28340
32380
18602
4863
34916
22872
7205
1680
12231
4142
53664
5950
29434
1233
44330
48199
59054
657
36494
878
585
5334
13789
5430
1303
65580
29094
15826
42756
174
56171
40113
39730
10918
3322
6780
9544
15014
27183
22519
5127
31525
10879
6248
9841
18256
12665
6360
673
5780
31553
342
35809
17559
22190
8825
28316
12498
25707
17449
11305
11976
40508
18314
2431
19647
2988
2270
3258
5983
45109
36098
33175
15859
10986
5901
13421
3399
2742
5902
5624
32557
4881
2567
373
19467
17168
34802
2630
22511
18771
31396
30448
13936
10792
5190
21473
53340
9027
57046
61198
32747
20214
15872
59546
52543
9827
29899
44301
22070
19365
16650
27885
637
24361
56457
977
14599
5223
72332
4780
24543
6692
8595
17331
31345
17645
12144
1563
32092
22492
10304
28146
273
35095
32641
41662
42405
43819
75693
381
23092
35210
23
8943
43
11434
2930
522
34881
23152
15856
33521
25120
48943
19342
14601
25406
38378
9499
228
13866
20684
30214
3421
694
19870
9774
9234
19728
4393
18623
27557
11920
7176
25507
8070
11543
9884
8624
6717
68351
3404
39478
39123
6920
3458
18251
8179
26101
31985
34387
30781
38151
13801
4273
8121
66295
49618
20354
20080
13341
29412
20229
16413
7270
12802
12632
2068
21222
1507
12947
38813
16016
4692
13520
13568
10922
30588
24256
1748
42033
5868
19582
9726
702
1809
13177
50783
21799
243
4893
13438
6662
37804
13029
36613
25862
38366
6353
37205
8750
62151
13145
28196
6679
28327
5781
8322
966
43583
2230
17718
14750
11186
38012
61366
3042
25903
1770
245
28601
69254
20287
11923
33263
57589
18527
65330
33907
17581
166
55869
7557
1283
1594
7886
41317
27889
2683
36952
36452
33012
7862
3
38992
9358
1456
24491
13157
7707
11235
7490
59169
10542
27203
33172
24118
54887
12128
2109
8791
9261
16935
12847
12832
44079
8815
23359
35148
25928
43915
15770
51769
35001
1183
34323
25501
54426
6232
57024
9551
26393
1234
46604
15907
2945
17707
15491
60783
41897
50650
550
4698
31179
63060
30330
12167
32041
13204
7766
13871
4
47740
9267
3
27897
23673
8128
6602
12797
36629
38182
16284
1594
7488
7589
38784
4354
51230
34865
15914
1826
67
2383
4462
57863
45210
26093
3993
3157
8012
14562
19
23499
15085
21442
11735
55184
18691
65914
26890
15404
62375
15947
4376
70455
7642
14908
655
2762
3869
26470
11136
48976
14
14059
55889
39939
1669
40279
16338
70689
62076
9718
52585
1280
9229
4407
9
31516
12871
41107
7073
1895
18534
23098
22165
46651
3062
5263
45403
11845
42766
35532
29456
35931
17950
21849
21218
3115
30509
2250
405
53519
30598
14077
5741
63047
26463
47669
2137
47710
4291
18572
1571
12422
56779
8451
4156
27439
5680
42071
17159
27591
2144
542
33913
77964
8426
33114
4557
7563
9461
14955
24509
10636
15376
5000
59139
11945
15808
21604
9550
19638
1819
2159
1439
18668
45325
8853
2072
17671
7838
37982
17913
54722
28750
3940
43085
15749
966
11434
3208
4092
16329
16638
23056
67857
4630
28147
4834
37495
1535
45432
47190
1627
2514
3308
243
16611
16649
63777
1517
8072
52669
22759
884
62440
23939
8250
58856
294
7634
18283
18619
42828
36803
1323
1692
1
33882
8822
600
50880
11166
2239
43286
26049
29521
20096
59879
919
41541
10539
53432
10958
33511
15969
14473
8883
9367
497
31564
4930
21730
56158
22195
2200
2440
64330
14447
9512
24743
6711
10148
15871
3405
31661
56299
29338
35082
10464
5119
30104
39286
36387
37119
8701
45861
38088
61555
561
24091
13770
178
23843
7420
39149
29356
55
25902
10771
12680
25023
2202
37089
30201
14625
31118
1669
30289
18015
22789
15548
19236
5310
29927
21030
22057
10448
22882
524
10183
45938
6427
23783
44211
649
56782
30875
40186
51089
19015
12185
2
53107
13450
14761
13520
17216
19320
54949
33993
398
45556
4952
57906
8370
66168
8674
25928
68798
11631
951
39842
13749
772
26641
6892
57749
1042
72466
5517
22663
18022
5731
38221
424
34650
10783
18090
2596
5566
7321
44519
18164
5379
33444
4543
33453
33860
5758
7973
4998
48524
55120
2514
31099
18849
5438
2393
44651
27615
8579
24411
15244
4492
18979
14868
53803
1912
12961
24147
3155
22361
27436
62815
911
58577
22661
27411
49047
5994
21999
1388
53780
10979
10570
4491
35330
4261
43633
44719
33522
3245
5489
25202
2579
38978
16027
18927
35190
2771
50227
17090
22397
33591
4602
4513
52578
2547
14275
44301
238
15019
62379
537
6874
21423
22476
39478
9352
1393
9074
73816
58394
23691
2422
11379
23026
7973
16905
24870
26709
1137
1862
4527
12162
872
2819
28186
41301
3775
14016
1988
2957
9441
30539
14841
29655
8182
16837
4680
366
28015
7561
416
37958
54304
33639
2766
37874
65126
31371
4467
21
38629
46786
7051
64075
26994
30555
14368
9112
3972
41852
35063
109
19511
18673
28932
24689
28110
2492
56640
15592
6259
6590
8326
403
3225
15827
4419
18911
8206
999
5782
4757
2550
32781
47258
16989
1222
30596
7880
5484
60414
42175
32889
5505
13920
9029
1178
35399
16912
12897
4375
1253
2080
1191
15136
63876
3874
3703
19715
4705
24018
22163
35923
4161
6319
41605
14856
65612
41616
43584
7755
30925
15929
53046
30149
3672
38972
20843
26911
356
4128
16942
20386
2981
4442
1324
51046
15383
39789
6137
6726
23729
48067
32353
8
41415
2056
56100
6918
56251
26921
2956
28521
1011
9887
23356
32802
4292
33468
19754
14987
18421
8214
42030
8047
38140
2917
9446
24715
44307
294
592
24153
34585
5053
46498
22374
4645
54111
1867
37592
32624
13724
4759
21695
20555
36619
32584
13415
32027
50635
18057
1232
20267
71421
5586
17049
9113
53070
21523
8709
5509
4807
16999
46939
4357
28709
6064
11748
63839
11471
8772
43960
2369
46866
7483
63035
55414
5563
3357
10449
10306
46773
20678
13755
9348
27297
14706
5919
1812
10480
8867
132
26547
2876
49279
12456
5689
7184
389
1462
2874
3329
12590
2594
20377
6337
1605
32296
28181
260
16912
7101
15964
1819
18679
8665
1994
4158
15531
21322
4241
682
8591
424
42247
37515
5143
4310
18425
8154
48359
15434
3986
45171
1260
61814
12954
30758
494
22479
23325
41307
30395
4272
6946
14305
6554
16340
12411
32780
19178
19147
28887
2585
1879
7016
4825
1735
22053
34239
16065
10245
18145
29804
32543
2529
2752
29347
21091
26719
60582
37487
381
3146
48277
65217
27505
29314
6260
35360
20596
4996
3951
23720
20273
42923
24460
48285
3794
37959
4659
3363
14003
5806
34896
45680
33678
14229
41085
29713
4214
44804
31287
10818
5163
71
44101
20483
16446
35519
33156
20479
544
22851
35945
50338
14674
3
19541
28003
19
54268
4227
805
704
961
9838
11352
2943
5693
9462
49033
8308
16437
54779
185
6373
8333
17018
6
28520
22259
49291
12168
21674
23605
9227
23651
26286
10182
24504
29049
11256
43570
16151
11446
34050
65631
56609
8461
47823
11100
15899
4948
838
40101
14529
48268
20457
20262
8176
1343
25717
53486
28989
36904
17125
5987
7523
9737
59327
1496
21419
43394
56344
445
24183
18272
47494
14609
47762
23332
10623
36854
15728
40265
3546
2154
7439
21891
902
11424
3804
81
14238
18398
1742
41779
16156
20097
555
673
3867
26541
9683
7273
8760
1663
12832
1659
14129
35373
38128
10264
583
19605
4147
4823
10168
24924
12371
56894
23581
5094
1892
1339
2018
41784
3146
35661
13663
12441
45219
1300
3990
11700
15660
5562
10378
16112
17020
17293
8974
48930
4835
33532
4485
48773
27320
27720
21340
45790
43146
43425
63001
775
870
6308
25003
39262
62048
59583
3154
55705
28501
1099
50227
5786
1649
14970
10468
25355
30754
35561
4626
7150
26512
100
8471
20374
58654
8290
42010
12243
15135
16778
18438
11764
27005
18345
4221
20087
25249
558
1246
12723
13036
20096
37915
31782
37316
15560
39192
2023
7093
62177
83
1176
6874
10094
2
31744
52713
34625
36543
59099
16006
25009
31966
8812
1973
10908
21047
22189
30690
34105
19602
40034
20020
7640
8599
3839
26217
10049
12299
20356
15078
36600
3019
1351
15617
3432
1421
17412
20946
21169
12395
9099
26869
971
1255
20606
12603
13198
24724
41349
46838
2528
2128
2606
11842
18082
4374
24947
12881
12704
38030
39870
26243
1184
10172
10200
30182
138
1605
8119
14544
8239
62961
8959
10423
2137
11580
12354
33034
23731
24709
5072
9939
65515
58163
28419
15330
49901
7627
14415
18455
43636
27763
1503
2925
18151
11355
14797
29675
5157
17150
19435
5998
32121
39990
4411
26545
7681
9140
687
2146
38026
8867
2490
1750
41526
4214
3399
692
1174
720
13674
1271
1
2068
21222
58279
694
21265
18859
2270
34823
8814
5544
28336
5138
1861
48982
27193
16175
10856
7442
14130
35041
29619
13298
11496
13989
31437
36271
52255
9860
2863
4161
6466
43260
7294
27905
3632
12555
41290
8542
16035
36641
7269
2210
10032
404
377
22737
34328
36783
36241
21899
40538
39179
7652
13744
2788
1311
49078
5025
7028
67925
16301
37491
10692
11463
47500
2602
50261
20750
26426
27355
3730
3339
20998
16568
5880
32699
2323
29
11102
10831
14253
497
528
22135
32900
12802
16084
33505
18632
7931
2505
39209
430
2429
51464
55099
55863
33954
7992
5877
9766
36972
40005
3215
63202
5387
5276
2156
7970
10803
42705
241
31054
5810
24
11127
1205
27887
7215
6854
11537
30401
18338
14181
2326
28952
4465
65046
106
34342
3957
18093
6666
34305
2438
35847
61347
19565
21792
16250
23454
28333
15652
2967
21733
58791
27582
52
16866
21754
5260
11820
39954
32623
46729
12433
58740
6125
4703
26112
13926
32415
26968
2290
13553
12331
20331
858
6533
35935
3106
31143
1094
10195
5
3750
8768
78
28752
34058
2292
67
56073
22023
6085
11784
43138
528
30790
61459
1701
16897
14199
11877
34194
26902
1501
36037
12332
51662
1890
64955
8031
41326
12391
4390
17150
25872
77149
682
3830
11014
70936
15862
19077
1591
66740
22980
27858
60334
14475
8665
9128
44939
9429
22673
42914
6362
6829
35029
60324
26130
27002
34188
16448
2453
2069
10043
42254
37291
58461
60132
8813
41664
8623
6315
12125
22543
42205
6452
5477
9934
3160
11152
7130
30773
50585
39461
1618
10406
18638
20116
15758
4793
50939
24377
19230
4765
5271
4376
28710
16274
16798
7460
10886
33666
19251
31180
21178
7665
11659
15186
446
291
4890
39871
19037
454
427
27362
15518
127
37514
28069
44170
9274
56980
10711
29141
2324
14709
8778
3899
21045
4835
13335
34991
3185
6564
11325
30423
10291
4757
35837
1357
19875
11175
15104
39283
1
7961
52009
55737
11361
7394
12653
17573
40075
36409
47133
20557
36264
43997
3666
16064
345
13939
8648
19450
24629
32635
3004
12053
18279
50390
2996
15315
18048
39346
25134
3604
23769
55661
59792
11169
39621
62236
38977
6433
1512
2282
11177
13152
30206
36936
23611
13633
7778
5558
5159
45535
53831
54192
33208
11938
27891
729
698
1516
9745
8151
6899
2363
22128
19045
48768
14236
3142
7456
45253
7575
23677
9983
33470
6915
16203
30225
29445
17793
25436
22298
6479
14147
14188
2819
11983
14829
10034
18215
26695
7779
9
3713
5389
3994
46632
32305
32394
18443
35602
18442
45117
8391
363
50282
6875
90
8207
20835
1748
29503
20137
347
5996
8061
10196
28677
73
41515
17821
374
16964
47987
4331
19810
3037
2383
73708
14471
25148
6826
51945
3
29729
20947
34359
15458
1028
10493
45385
11315
19663
55670
6948
6097
38014
19925
16843
14724
27613
57204
23436
33624
8516
24441
31498
2364
3229
19004
3360
34319
9319
21156
34706
51052
18221
17018
23193
1644
8929
33877
68950
7190
12538
37807
11797
17238
2414
10140
6901
2544
68674
25017
19960
5199
8742
1326
1753
11123
10740
16115
8914
2415
18099
2825
28484
15121
60211
3641
64711
5431
39867
57094
5138
29138
23530
6067
12931
5984
17340
20426
43983
9807
76516
18678
34401
7651
27772
59860
26692
32186
12174
7745
11652
18256
30104
21434
13967
31358
9101
7809
7333
326
13041
40200
7864
7871
1303
5508
17447
55174
11739
33280
30328
5307
52916
19856
18198
2480
18561
22415
30231
25
11910
63149
58102
12080
1426
30490
20798
63252
8075
33646
15430
12721
25181
430
30019
2410
20041
3142
8177
32789
16073
38286
27977
70535
27917
10150
3156
3347
32300
22138
1667
10917
21479
2901
23496
50562
17729
18573
245
28627
33808
9259
14332
11978
44555
8112
935
23061
17491
20148
4215
401
4814
56865
56121
61123
38225
22235
4843
15442
37283
3190
12877
8335
15428
43583
2263
5513
26938
2046
25890
37705
5764
3284
46390
20797
24465
44462
38862
1381
6633
42878
57377
4659
54181
9313
8060
36434
11528
39201
21104
15532
11700
7803
52019
23965
46536
1
7826
5657
2113
2287
1
31101
29347
45654
9845
8962
42463
6665
10247
50489
65068
55766
32587
20710
1032
40710
62722
51325
22054
26075
341
14176
43980
15713
22952
37864
25361
18686
13616
94
39330
2942
15165
20551
18445
13646
30895
60134
23600
3470
1583
9627
16371
5649
7001
20940
56253
1966
19542
7719
22626
2931
5270
2122
6928
40355
11841
10251
5956
23131
2489
318
38761
16
6501
15866
17599
3749
21280
11639
47243
49467
47579
17972
54915
31612
10112
22489
25020
14844
16768
5887
59236
10258
54418
57424
1700
37932
35877
22534
25291
2000
25787
19
64253
1003
2312
29649
7286
1970
26578
55800
38070
784
4622
2846
14599
23408
180
68306
1965
22099
72988
29666
3721
1991
19976
4399
4870
20075
17575
17349
30588
22269
10607
13372
9033
44846
19503
34252
56172
22935
10878
11036
18323
14695
15829
43880
25993
26745
66215
739
23632
37872
16267
1480
13717
39035
4391
869
37015
16366
12687
11769
15108
20877
18174
14508
29559
5608
23338
22516
38621
21238
64290
19535
24436
63754
10102
15738
39878
18675
16656
66938
21072
1165
4
659
19264
17242
5924
54521
59071
4322
77033
44562
16516
8630
28882
28439
737
475
13709
58081
23487
22828
1706
11186
12093
8908
10630
1555
23314
27115
2432
8566
30047
10352
37729
60873
5650
8552
14694
3958
35062
1367
3342
30282
3
23300
472
38238
25982
21651
6884
43774
8410
1305
1264
1037
10176
392
2842
6763
14095
5185
37411
3467
62603
22757
34638
4818
70995
17606
2865
8780
7003
71555
16025
4222
41201
3472
5651
5248
66056
9477
8310
9964
7220
1766
18173
1125
25684
21146
56419
60127
5190
24510
10650
10380
778
56095
24388
12364
2531
24782
19218
12721
18220
13235
715
452
37190
24357
22599
4494
18405
13194
40433
22680
5621
70165
6758
12841
3171
2090
27084
33519
6757
11134
45339
38606
10316
17929
23561
1790
2400
59892
42570
9476
26088
18871
4613
38070
10006
1745
43723
173
20495
7551
15427
24496
43440
481
4515
57256
10458
3862
27833
24181
14265
26467
13701
15624
8816
44572
4567
4067
46656
45736
11825
1448
5774
1219
16115
1403
20145
53989
9
2268
18136
14403
32841
1075
22500
10692
71896
39280
53291
29938
1689
8019
12088
5309
10918
10042
3465
47070
38255
22174
53527
15460
6984
20416
52869
4203
56103
3192
8551
15638
4450
39063
51285
16000
8224
11817
21786
58481
10904
27153
15891
48309
26233
71816
2590
24702
3713
354
11563
889
2033
44672
27813
997
32689
4571
15362
32636
14947
25149
18518
37019
3992
35334
10742
14899
47558
26397
38276
2063
15740
7936
14120
13057
33039
24046
23627
823
6079
39294
19979
9711
14102
3574
26003
7292
16453
5384
14637
6856
10249
4053
18655
19155
33033
18281
5442
1256
9276
7932
22258
8677
13169
7247
16528
29440
25035
15510
39905
1867
36535
24667
2404
8730
11744
63584
29570
31473
2003
19736
1709
46932
18918
1098
14931
2089
45074
55466
9900
37378
19998
1343
861
26569
23185
21666
42878
29436
1677
1256
25089
43679
26449
61460
73080
17255
3202
1424
49
27754
26766
48388
1046
63727
25917
51491
8673
49621
52854
2602
15780
16862
27305
1171
61509
7860
25114
47364
24989
1014
17503
5978
3123
24170
19247
1855
12850
18399
13888
24814
10326
44084
38285
5046
12505
5161
59491
22291
11
50
3957
3849
13919
28550
26464
14578
26124
5588
875
30256
868
13829
479
28148
8235
675
7838
15265
16355
15448
50472
19659
579
18963
37697
33272
2493
3415
9405
1
4695
107
17669
6991
491
14400
3437
1834
8696
53160
6941
1231
1653
11814
6668
17046
1913
55365
5897
9703
33172
9022
60150
47895
18157
1971
10460
34039
51338
63713
27794
24565
22492
53434
2255
2216
8213
35194
24430
699
3261
38355
4770
7374
40029
10845
826
20769
1237
9337
27134
2816
5749
24533
33256
39804
64152
54170
30667
8793
16265
19760
41798
10854
43977
4275
18947
8226
1504
21992
10072
31126
29578
8618
49374
15024
12704
2463
25638
42214
23818
23512
21278
6365
41025
14799
18318
17295
7642
32704
29391
42873
26832
5278
2666
12279
1666
184
77690
18829
4804
266
20953
50962
21725
759
20463
28313
42644
13043
9768
23301
51271
6834
1562
27422
11469
26433
17090
30275
67531
53045
9293
19883
21651
12181
35508
3790
1425
4718
9767
12482
3983
37358
6915
3715
35312
24028
35470
49175
13742
1351
24616
6993
9466
75
914
2438
26229
37194
46125
14585
58665
780
27535
34540
2849
3289
7534
2287
20930
13771
55743
6769
972
9644
24505
28530
16891
545
12174
35303
3476
6532
16541
14529
29147
47871
2298
30131
3580
3967
1027
1984
15877
48941
30663
6934
2528
19936
14863
20527
14137
566
33142
28254
5472
31276
3125
32469
12848
13800
7853
3219
33160
12890
404
1795
27360
3030
58636
28482
35332
23594
16329
17184
58042
54328
71423
16515
16171
45797
33744
43197
14101
23920
23302
18646
22767
16796
33098
3828
26000
743
39627
36932
50420
24574
9513
38201
31944
5932
4511
37484
10289
24537
29033
15923
16485
13480
1476
7588
40871
2556
45451
2508
1309
38807
22889
6295
26534
12758
25341
27127
49808
28041
7526
9183
38154
32172
16729
4715
44396
1880
2145
16753
20266
1118
12241
18700
8376
37080
43864
866
68215
11028
36779
22231
4754
10475
25645
16884
24400
47556
34641
50833
42706
10728
10576
21252
24473
2295
29140
4462
14007
23892
24077
807
28902
21393
50241
36565
18502
6304
26743
2542
15464
2628
21989
45151
36951
34323
3534
6609
17017
4850
16807
6644
19851
23639
58073
10995
40402
8928
39631
52351
715
50572
3110
18939
12424
4204
10573
20380
452
14113
40183
38464
8736
530
721
28982
34145
27821
28342
3551
9987
32577
16993
54209
1015
53243
20890
23397
3
40364
1108
8200
47982
58019
23147
17528
9719
70779
35642
9140
15513
20051
60170
16022
5211
70171
1401
13791
18224
20912
16687
388
8330
9936
35434
1482
7112
2526
1001
72494
45130
1
72193
32301
26805
33103
56209
10468
10973
5995
13949
16857
16181
31365
16031
5369
1737
21547
3112
25432
1709
25540
20300
2
7986
64377
11879
30483
2210
22921
49166
48537
14417
847
13862
67371
56694
4554
11
61422
396
12341
19133
19329
939
9750
12536
32193
1389
5729
6899
862
56807
11910
27294
57890
763
9236
55125
8506
2
5391
52224
37396
8424
3581
444
34752
38594
37804
3127
750
3552
4403
23675
22129
4780
1687
6975
1
51120
11845
10048
62716
1884
67331
6857
18188
28216
11376
2846
18375
19591
4833
15012
20457
27771
5794
40880
12122
36655
49797
69429
61363
31050
21586
7627
1486
34906
5838
19294
7543
11179
39699
10896
1490
673
43442
72562
20838
1594
68478
2155
7578
3127
20224
12670
23907
3520
17909
62462
8246
70434
1734
4532
4596
9882
1514
16247
4561
11399
17684
6445
5168
53633
16334
27427
12772
40288
21807
9140
3903
11037
5501
16104
52737
5000
12436
12785
2572
29270
14059
49434
5866
12164
44770
14082
13945
10061
6334
3070
57627
3994
28406
702
52373
9243
36107
38758
5738
17688
24490
13837
38148
8931
41158
10994
9629
26182
17229
5937
277
36808
17702
1553
23619
28821
7761
18503
50022
36705
5309
45611
4449
2709
41907
22980
5599
486
32782
31291
7767
9271
1606
47906
18060
5756
4695
34269
21624
26872
46531
3470
1122
28746
699
1872
2450
42
16132
503
28897
10268
3
30275
52170
49927
4548
19901
34896
36752
13161
14020
8287
45663
35714
62942
42508
7367
12511
29009
13893
24596
5372
14926
7453
53183
19311
23573
24941
45764
3751
24410
8298
10086
10732
12478
8536
20812
15300
16322
9857
8254
53500
36098
1850
21347
8018
14939
42146
11971
25595
17905
3280
7739
23071
22996
8617
9993
58443
44545
2522
35337
37575
9689
14343
5711
26585
12426
1811
9517
50872
23211
17225
4
17410
2275
28734
21665
42618
6555
15878
32750
33889
42767
68320
35801
39649
42389
3275
5801
3191
19039
60445
16951
15064
32557
30667
37529
24437
64834
3997
4689
12172
15105
3965
4951
7729
20228
25691
65898
23304
8540
14706
4712
4208
17812
8908
6710
8579
2466
5627
16035
7178
1568
62775
4067
9174
10
5333
5169
47686
3713
3765
12547
36370
22429
6420
2787
19248
52188
33432
18866
3396
22624
380
11086
31630
27041
44941
16748
27771
4345
4364
3542
55892
1745
16068
13735
4093
52107
4908
27576
26470
25442
10030
7531
1336
8691
23622
12
6361
3748
7985
24560
6765
17113
13429
42118
310
1332
2789
10885
16630
2389
8623
11032
3283
24203
65491
7719
37042
41348
17531
21724
8411
37286
3406
39428
6175
34676
58951
14673
19536
35026
26560
12665
39096
34502
2346
44947
26499
50685
4012
15085
3960
25406
7259
24470
11773
10193
65449
12733
1735
16473
23239
37017
61641
4247
3147
25131
17921
1300
7329
6122
63696
32706
38212
32297
18282
2139
36483
56699
12623
16226
20987
18130
40163
8100
3708
5614
61428
50234
5503
14538
8434
3461
6548
10422
3671
57541
8708
872
7880
17049
6438
7865
28106
31853
28287
6971
19764
1168
20168
22296
11598
3516
29276
4275
16476
37925
22096
7044
42779
22627
10269
4535
9293
475
16228
1104
19772
2400
8034
29646
1
14092
37219
2689
5414
532
26780
25243
40796
13358
15327
59615
31943
9856
1000
32553
29547
20854
12303
13802
29429
1905
25346
13032
60688
7856
51444
8174
1734
3018
11854
783
22195
219
24450
214
4919
1036
29734
2436
27186
668
1953
51591
8936
27493
2800
4112
11020
7381
4336
46640
8357
16716
17685
8024
13386
13008
3315
59122
27845
1580
260
2815
25623
59704
14561
12808
9106
10818
70689
3677
20034
19002
48206
9756
48116
22837
24841
18081
43078
5847
34878
7112
18508
9274
4204
27680
11976
49926
12265
23016
7868
1749
11085
6476
380
2391
20183
44631
35348
12311
20425
5075
18193
45382
8759
13811
19219
2767
1229
27679
5196
10
19549
16860
23176
7224
65779
5348
54461
27224
23236
37008
40842
6265
370
1885
49795
13563
14589
18956
36499
39169
13151
2938
25259
29794
71827
6943
14643
24139
2316
18123
23105
35
17636
13126
6009
10103
381
41787
52412
39241
4396
28526
32175
19144
9253
75311
17491
25410
17517
2678
26238
34689
15025
14013
32939
32192
16863
6123
22436
30703
6275
50367
4296
13533
12941
556
12450
1604
1909
16021
4241
15388
8376
1794
28682
1840
508
13260
1442
28267
14817
16326
27427
211
23160
23486
14368
23257
72620
27591
8019
8594
24407
29312
36581
25885
26339
6508
1404
27491
7878
336
7309
40669
1334
1753
57590
9744
26332
22042
58869
9073
10928
44691
32611
10585
6024
13851
3518
3345
58507
4867
2132
1641
8787
14290
253
69691
33715
44225
39236
34307
47690
7376
3024
11143
31037
58884
2300
37001
16401
3297
19248
53114
10985
276
17739
13257
29688
18769
23976
11576
2313
28917
2203
18503
13994
57395
33110
13007
3421
23347
11706
5031
12311
4866
9387
1772
1952
519
12200
8187
20799
1447
62904
14709
14028
2243
4218
3567
104
77646
16318
5627
7252
44359
18555
604
60669
4998
40419
10712
13231
2469
2941
3929
6361
1326
56409
41399
15405
27574
11956
1424
38253
5418
13472
2144
911
2
42101
36268
25593
12233
7623
39289
15919
5949
19544
15468
8496
4353
36544
8199
4490
7102
2461
440
20476
194
29453
28084
28433
7230
5126
6862
7673
33553
6803
9841
14929
2216
2771
356
23092
30529
52164
32458
23656
55509
22543
731
18647
981
54007
6854
59959
41832
3816
12335
9790
30785
483
3348
22968
3727
29913
15344
25505
22368
30132
67
47066
14116
6474
8149
9602
18229
3185
3924
26532
3675
22166
33899
62
19342
59828
6860
342
11969
11500
5158
33759
8145
50096
32609
8
16301
4824
6549
1405
11519
5623
1452
2448
37461
1130
67991
64181
21349
622
16899
29893
4533
40903
14911
24273
25138
14706
6720
32753
30246
4821
26681
11001
19998
24784
37515
33003
15811
35693
16453
29480
3446
40348
6149
3879
35019
31020
32983
11075
2332
3285
8347
26399
3523
13180
5904
7335
21968
2915
21122
55891
7424
30644
13463
27394
10198
12186
3788
12050
66680
49713
22250
703
24438
13843
42425
4910
6
1033
396
8023
22577
7223
62144
3171
4644
31033
43748
11206
1940
9104
15312
7430
13622
9181
14410
908
4653
18439
6798
19414
9573
843
12719
7406
13686
10912
6125
43042
2101
23883
2022
5136
26263
29881
52080
14063
14976
2093
24031
1707
3403
5683
40985
23511
16734
3278
15429
21355
6175
18078
2818
27692
12241
949
59245
3851
10828
51146
18302
12219
714
30151
13
30762
4165
44519
24035
43038
1
39262
4735
10512
60217
26298
61563
6328
3363
7380
1883
12776
20674
10461
26716
4504
26597
61808
9096
18115
48658
113
13131
52294
32903
5628
38618
2541
8641
25589
11450
1867
494
8166
26626
45581
36328
31349
14919
5732
28359
48711
45518
39199
69562
52512
33096
3055
304
69406
19234
44587
19889
10386
11954
5779
4822
53635
658
46136
19866
30581
46820
12
1223
58274
30149
32616
64919
18808
882
1427
62394
53650
70754
26506
4643
19632
5115
3808
8800
6448
24975
24103
66125
11711
26253
3971
56187
3
19369
34646
10290
22353
8827
429
4574
3803
9194
47902
21427
4595
10939
6594
18332
52931
5066
7957
1348
1732
1823
28782
27160
3625
586
31376
11753
30585
17373
13735
31716
46418
43497
6613
38549
23605
2718
3615
42798
659
9096
42758
4766
1
1647
31710
39979
39450
199
10247
19011
2342
55420
11846
55156
4245
6596
116
16797
13880
1488
18587
45573
1224
14497
434
26211
11998
4190
30979
5004
12073
16797
16171
875
21443
1717
32298
31836
48110
47472
4708
24467
3178
27857
23637
53568
1423
3272
29041
6895
21886
15327
43191
6802
2759
11693
30351
12973
10531
4408
24026
23841
3820
12682
814
33164
19603
37305
18820
5252
10895
19465
9882
3388
24875
23924
2
3341
47083
15221
23274
44155
1390
42313
56789
946
613
1901
2421
25748
4149
3651
2335
8989
2988
10685
5189
31098
30989
6543
41177
18934
5036
61374
15171
6701
2184
31255
43849
8194
18183
19908
11566
9249
505
58823
22009
2992
4089
2463
23353
44557
11713
59004
1966
20135
480
17195
2832
8145
15606
3597
6358
29731
53409
15498
10701
14901
8483
4991
44562
761
20447
1301
31656
36974
2209
48076
13607
9998
14669
10157
12654
27156
18666
19917
34717
18328
55968
804
60371
22488
4010
41590
9620
7820
5384
9482
30063
64759
1411
2982
29646
5577
27258
2775
28243
27525
22449
9825
3020
19488
6060
15457
9031
34803
2497
33509
19611
15251
1852
3607
622
9364
17720
14610
4014
12355
7175
1502
6897
4837
15643
74399
29533
13518
660
34669
26548
2469
46115
6657
45543
29031
25915
42431
35953
6432
9379
4391
13425
3182
5731
6137
13109
40059
20770
2156
34878
28119
9920
17709
3193
18767
33790
12518
40995
36651
23276
3124
11292
45526
8833
44300
36192
14674
2195
4626
26311
11160
3214
38618
42091
10153
11438
5441
17953
25189
31812
10483
588
23599
48153
5115
6235
27440
36395
499
2429
577
11195
17635
5415
16309
16827
72831
502
14783
66769
5742
25549
20064
4325
4707
13018
25810
14291
21779
4019
63351
13839
2232
14819
48473
1444
34192
18669
35757
19294
17117
64547
32309
4578
1114
8510
1893
6262
2266
4368
35329
23514
29271
5414
17613
35672
12450
31049
7213
2732
421
8314
42871
27900
8005
10231
6776
25407
3339
9201
42896
16505
249
25192
9978
28617
16338
8
48411
29983
1838
9143
5409
8298
27041
29015
3646
3659
60688
14956
8813
54184
9076
42764
64983
952
48392
17533
1460
44365
4162
8016
56958
8363
74228
22414
44573
13
9740
13669
899
7943
1816
3343
11612
24856
2926
1032
4864
7854
1665
53239
12859
28199
352
4668
27653
47534
16854
56135
1271
700
40395
1108
4861
31968
14667
16190
1193
2419
8375
19030
9363
17679
21173
30097
30471
5510
1167
1794
8115
20603
19496
17926
7595
31286
25486
12272
10867
645
34747
33665
29766
5063
2754
1170
16737
30834
27234
33604
12336
446
57813
629
18137
8988
21708
11655
43993
48470
42566
11749
1093
3341
3055
46656
19836
30476
44616
40614
53070
66009
7417
38329
9003
12392
41459
33852
8796
921
15284
30134
18523
18247
50613
9910
13042
8610
24202
6337
18951
63020
5664
23955
1603
1207
774
46122
6706
20856
37719
10235
32668
2587
52840
23130
8449
21380
17814
53130
1909
18494
40880
17055
17320
5895
18424
20194
27619
45772
4021
7086
59634
7134
10418
18369
43345
23654
23692
2190
218
18109
36936
8999
14074
13735
2790
6315
10189
1881
63062
41875
15197
975
9900
2609
31395
22005
34667
43390
42000
12009
601
17101
46561
68907
35181
35207
4532
496
25690
26781
12045
2718
16033
87
6904
2369
3723
10247
40
34452
1993
730
799
6148
5252
66605
17508
61644
270
21312
21448
25508
4277
12402
3556
918
20369
42435
31878
22070
10460
27773
35684
35776
710
3613
30666
3532
17981
24076
2378
19480
14953
15560
5597
29780
788
516
5708
49345
36870
8632
16379
4891
1749
13879
15882
1659
17674
2908
51746
9230
15708
6966
466
50432
21897
7016
8238
34527
52049
7645
628
34042
5327
6223
1274
67066
28783
44497
18682
1485
2580
46262
10204
1167
7080
1445
34828
36320
17517
19498
51574
4392
12132
11522
1873
23457
11198
4990
42727
14806
35248
52837
27643
65899
32938
1951
42184
4170
418
14073
4220
26199
2840
14231
9380
4561
2275
10617
17737
292
3600
9313
1290
39042
13702
516
28520
45311
41448
64198
17790
30403
11233
39976
73956
5536
24249
29667
24160
4931
52173
1634
196
33866
3811
58903
2996
1602
16074
3321
722
57413
3403
38367
12043
49674
10095
14722
25643
18165
10941
10165
36762
21414
3708
2108
47806
221
44598
1
2071
28475
6620
8216
26010
39078
57215
64145
6583
4765
27213
16980
20407
7427
28312
239
4639
45524
5163
32731
33483
14052
2142
3896
36812
29809
34301
20869
49752
12965
56899
62191
35304
57
5165
435
36722
759
10697
8156
2812
2291
65268
11786
10055
5023
22755
25093
9859
12525
64299
15611
418
8481
11194
26622
45153
48716
18836
23464
20071
32543
5005
645
1453
16006
36485
16936
168
4791
69851
1866
5357
51470
25211
34462
4393
39858
30179
12093
5943
443
26582
1569
43986
74808
42600
2687
17472
20272
8206
2570
10300
19240
16343
24952
4137
10536
59917
15776
29939
4181
28920
7173
27475
12959
14780
27204
33032
23617
61798
4923
15480
66296
51430
40862
20681
59204
25416
63801
21652
20294
32647
10976
33232
52058
18937
7918
55952
56604
4600
4408
6395
41186
27664
6045
41944
36487
33407
19647
3312
36708
21467
780
8626
27184
37806
20885
7282
602
6291
31830
42025
35893
3684
52440
28730
29051
19942
1018
73587
13110
2391
1334
4320
63504
30555
37411
18868
2633
1432
7105
35091
7587
54578
42538
20898
2363
34151
37078
12107
37300
47866
2792
45947
5793
38618
55342
13410
23260
38872
37861
54649
10196
7238
22063
4420
29747
16628
4817
33283
65858
47949
48754
33782
436
18495
9994
8042
5015
3726
7409
225
9158
11272
40863
44524
2811
8211
965
20834
9738
11401
34899
6
4551
44977
28644
50127
29859
45702
38468
7550
34973
315
817
52366
4253
67364
20528
40322
26923
17860
10842
539
22635
35011
5205
28856
11243
23708
6824
12653
3917
625
12280
14652
43028
30257
14835
53344
1319
11047
15923
2522
48930
5139
29635
33995
4029
16675
16244
7680
30782
3553
1463
38701
42069
12390
48580
37197
13986
49352
17973
37212
12091
53617
7614
55877
15778
14237
18462
56123
982
2819
1717
1170
4082
1175
489
26472
7286
23213
23671
49611
33313
22232
10711
8159
19900
3382
14811
27102
14420
4
8254
22269
3827
30808
9797
26773
6322
10590
54900
20411
8113
12408
40908
45847
2396
265
25768
3921
11656
46648
23826
41307
7209
12830
5950
25176
7620
70056
54655
1254
9961
60170
54686
24581
48182
27433
46244
42223
2022
380
15301
537
2774
38580
33463
47098
32387
26207
7678
35789
43507
9109
18006
9024
20080
3552
3591
38823
16902
64400
12049
20055
32950
39991
4524
23035
24914
868
4499
3034
26640
56900
14258
10698
4953
51592
65511
57756
5319
4362
3245
45306
41533
12246
869
2421
24323
2550
33201
4456
10347
1232
5903
44247
60776
20903
59898
2056
26079
20182
58091
12127
15570
610
17121
31077
37047
21280
15442
14487
612
106
911
6254
11178
35448
23406
2598
2614
5981
52845
1365
8480
22267
51734
13641
3539
2844
48040
739
24990
8906
3420
52408
71
47999
61270
59588
26250
3025
6610
8648
1662
40172
78357
36257
15894
1270
2978
3293
7373
13234
531
1187
10273
10290
2795
5717
23987
19793
2190
45708
45485
9678
20777
31825
6199
12603
29864
1404
1456
110
27558
19501
8218
11778
33143
56624
16886
3803
36852
3083
7767
4763
892
784
26096
9215
27251
17887
9066
19788
3152
10836
52590
15675
47863
21469
6428
8856
14210
898
1350
7381
3168
5266
14417
1009
11514
54379
19492
282
24
11545
8336
8954
7654
25412
16
6982
12503
1798
6724
20835
59458
29208
8395
741
52058
14114
15556
5916
1576
2385
38701
370
14601
13710
53306
45609
13658
21679
17220
43405
6044
63554
41447
32510
42264
9503
2210
14655
9685
8036
4961
7498
1589
47561
6274
3016
29155
36031
19106
13868
74310
28096
59436
54732
23600
34067
2247
2148
7719
42144
11415
11301
9157
10872
23104
51621
32910
1572
45618
3640
49494
25458
4602
2534
332
757
1245
28531
45862
50428
101
32700
63193
713
8773
217
22872
3959
16435
9007
68
30319
22853
10265
23509
46481
34496
4322
2084
17508
23515
4865
33223
20204
37572
73555
4882
3028
20829
1878
1810
12212
1013
31950
22145
9489
8824
25312
4842
4676
48856
48475
39884
16058
15559
7995
9081
36272
21491
14205
19172
16034
15710
3575
446
2938
11152
7106
36114
25008
5282
49923
42742
64622
5865
4
59413
22345
14241
27366
29197
21055
16077
30234
4653
33573
22594
21846
10525
31711
18365
23258
40081
32865
20018
22072
22693
11076
1874
13828
3761
2773
18859
30343
4184
1232
877
29249
24423
15383
1378
15360
4
32791
20302
49380
47268
40027
9057
1283
33979
8152
15396
53958
14334
185
15942
49307
1917
55030
33423
21991
19261
34456
63036
36753
4386
12962
12142
22605
6019
17372
17909
25472
30078
3953
85
9432
6633
1909
66155
2437
49490
36
15817
13225
41427
3617
33751
13
4259
4374
989
20636
30368
21335
35552
23727
13012
2583
10714
15054
21220
396
924
253
4855
11683
6750
33242
8109
31553
25700
38450
2576
32258
28879
6249
26171
34287
3068
25130
35142
6846
1314
1989
24182
19398
3196
26406
7645
14502
3658
3255
59071
67350
28750
3631
3634
492
23760
6046
17963
23800
12207
16267
87
34220
18116
31332
3
9200
31062
16661
3788
1562
2947
11330
13804
32241
3193
18622
59309
67485
18494
40337
2462
1268
6278
43442
39604
52256
5563
6319
7679
23973
3
445
8393
24517
5250
10007
2965
56652
141
36265
6386
10279
68156
26918
40322
20691
2719
4939
12170
21
25580
46113
1905
21497
6021
10879
21198
5568
37951
593
5928
2683
46798
2
11625
5694
5787
38858
7568
64463
23590
27619
5914
1990
393
317
1775
22955
39188
28431
6655
30452
8090
36363
7439
50823
30556
43519
20637
43888
2939
40941
11030
40021
29787
33877
8033
10150
26332
41052
2371
27527
962
11137
8314
387
2291
6246
1192
36122
27198
13611
35403
38592
30877
13612
1157
16798
21502
31902
15510
23960
50870
15539
3881
1448
7367
9137
14275
1294
9018
34279
1265
1612
4038
14239
3643
2194
2734
40559
58916
30173
9105
48251
18650
9115
15297
31299
13342
1590
11336
3446
56420
4166
3100
2155
5020
50678
44543
1624
12394
12807
11894
30735
15662
9816
49781
12754
14186
1243
4870
9703
435
61577
41664
56589
9901
1348
6863
2813
44
6494
9819
7834
40088
20621
17142
69475
5621
43813
7193
21412
2938
2983
27092
6993
5649
11299
608
30026
5709
1511
9190
13760
16693
15238
846
42273
9004
51010
23613
2808
20258
17946
66205
36638
521
32785
11065
3169
13428
37304
40138
9771
6269
31001
3161
4039
13674
37839
8225
11522
3435
34916
4547
5932
22667
2869
17364
20347
12143
4310
5128
18854
24307
1718
36295
44265
2748
13874
3440
6891
1168
34655
12355
5398
7139
36329
9286
2722
19143
11059
66180
9303
15528
11054
14389
2471
30739
32892
41412
53520
63797
22305
13657
40987
5450
1573
907
3095
916
19462
21586
32236
16046
1422
13754
2434
9995
13791
17586
5670
74706
46614
30454
16651
45934
66846
52921
2318
10354
29765
72888
1433
15653
1058
38536
7587
1164
92
30469
22400
23323
68673
6079
15278
27648
16150
20227
21764
324
14701
12191
30197
5939
20104
161
3121
26260
17818
31448
26426
13333
804
41335
1593
9534
11628
19780
37576
3277
15572
4905
2033
14584
17727
56379
28703
17249
43344
28508
30474
9852
13829
16123
19902
11569
4860
9606
45519
458
54704
24727
19716
10518
21591
16894
6860
10391
33023
8869
1545
44888
47472
34834
2860
56341
3493
33853
15691
2
18073
8425
2813
11011
30566
59055
16145
45585
16634
16017
72859
76196
28351
6682
15110
10708
20623
8467
43321
21868
13042
42479
32163
2561
16523
60151
48918
6837
28360
15813
320
55051
13667
18626
32222
61305
31947
21950
21394
1285
44422
1360
41497
20679
12507
1535
41143
56300
22445
5674
24841
53747
4451
34929
27103
30846
28086
15417
22382
3868
35965
21203
5495
30750
9263
11631
2010
6676
3199
16934
48907
4311
5865
16798
19051
14423
30996
18768
688
11215
46808
23875
3727
45489
9240
539
5113
5708
31729
14253
27723
27387
30299
1619
11240
25199
10198
50117
767
18968
10268
5289
16395
16974
29234
14886
36290
62393
21254
16595
8
43735
21327
3589
12398
12668
20297
24695
32943
8233
4118
7780
28645
40091
24961
1140
37693
8835
12946
12417
8262
32252
9474
16336
46506
35971
44446
3230
1276
14
18899
3223
10834
57983
17972
68641
10156
14387
557
16
52500
56018
3255
7948
463
2959
228
7081
13647
14370
2325
10265
17311
50748
7400
6314
29637
38367
19394
8075
17311
44835
8205
11549
16306
4559
2510
3504
9953
14980
21233
31737
28914
17041
59694
23544
3408
15897
25451
43296
16865
17660
1023
18352
22887
18280
7382
3469
42157
46289
38506
63901
4952
4753
50992
30899
933
29136
6402
14439
7020
25861
632
3579
10950
9665
27098
16769
12878
13838
52226
10474
9586
2657
58160
76720
9067
11875
1249
49272
10332
9532
10316
38287
2086
14393
29937
17759
19190
24628
44245
7473
13587
26778
13187
11739
4106
861
1206
14809
68002
2519
8771
37400
50467
11093
40364
34218
625
18307
20436
26155
8456
22048
29862
36144
19445
15520
35318
23834
5710
5025
46588
7724
17987
50080
4706
47269
8406
38906
11442
19868
55267
34197
36587
1374
11385
29660
12053
2869
38
29663
2482
450
33882
3913
18024
2336
11008
9135
2
14377
55059
34692
1628
13527
3157
40028
65650
1915
4745
36598
23795
5919
14288
12910
4941
132
6287
26192
3446
26362
8669
15535
31746
1663
12208
21163
20220
51849
12777
33926
10505
30707
8622
55989
72136
7202
280
737
23393
15190
15526
2615
30065
5434
2131
2085
21500
9918
53175
47969
30034
7109
3668
39761
41616
15283
1058
1674
11683
25120
20031
24938
27943
6510
40946
4511
9675
27828
3671
9142
3951
41495
3685
1844
66986
7240
25439
14884
37130
15661
14677
28082
532
3918
1974
433
4164
10582
28723
696
26228
10011
17416
14115
641
12732
12642
19155
20432
11963
28421
378
594
47200
44563
23813
27694
33134
63764
28368
18868
37877
29320
24319
4057
51550
50801
71429
34550
7224
52676
35248
29195
30090
67941
21432
1929
38319
760
29599
35475
3304
11390
24015
3256
5536
15858
15038
5539
46101
2168
9584
6227
4922
5457
15696
36536
39685
832
27256
23108
14522
8644
35020
713
11598
5321
32968
14950
15046
29381
53715
46627
21756
20495
9284
11478
11497
1710
2369
18586
51663
10855
572
4928
30673
20824
5863
65168
13266
8396
30184
16443
63215
13893
17889
4849
3313
22893
6418
33348
225
26873
17958
12587
8090
8164
11382
361
7023
31117
495
21769
29755
11243
32305
2171
11256
18906
32130
1659
3581
19149
29778
7569
20
32470
59264
29052
4133
3091
16773
18337
3282
29475
24727
32435
56072
15302
26080
21066
33180
87
946
28257
29306
4948
28909
13403
7451
29222
14250
45537
44056
11663
19633
24239
4898
3324
808
3156
4321
22385
12178
2961
6986
21096
7882
20733
31044
13158
274
308
12989
11115
39125
6833
3161
8716
45553
4816
13516
13898
40139
5336
708
37032
28212
8044
20593
641
7046
11200
41434
4243
7884
1895
9270
18983
9166
3008
41748
14384
1753
8879
25204
54326
30421
30746
18528
11250
37227
564
2985
34422
401
21245
18157
4916
554
34721
43814
12219
23740
5185
27348
2872
39129
27822
3839
52973
14527
19512
4485
1899
2938
24062
5073
25039
12456
28290
21874
62864
2927
51966
44792
3264
16222
22848
11846
860
2271
7159
20637
1234
2
2468
164
6891
29553
3
6272
2772
5759
4301
21730
47159
7959
12871
3887
37167
23304
7489
24668
12385
5056
3286
39076
26842
35284
3424
213
21272
51071
26610
7878
76096
11198
10066
8426
8214
50637
1331
17650
18417
3841
4589
1331
8953
24107
18919
4448
56126
1740
26421
27578
964
16048
14297
20846
11170
2
5615
11248
38585
4300
15005
561
8001
28730
27967
31118
5555
6528
7806
3979
59205
11215
4049
367
28628
3145
63112
5169
50290
9313
7089
14672
29562
2539
6234
31250
32473
1973
33569
21356
72202
3657
12969
27820
40737
13815
3823
40479
25696
31878
4271
379
207
16674
42232
14567
40382
52685
3143
12518
19936
33613
277
8574
10095
16961
31340
2854
19296
2008
26927
3747
29107
12500
1239
9003
21264
1259
1950
20617
36853
2783
8984
400
38561
3442
28
27181
32732
19855
222
10433
24211
15184
4148
35159
37298
25170
69014
20463
19813
7818
43188
50
13090
50920
7341
1036
9481
19686
15368
10993
27017
2588
1
13167
33944
53656
68858
5422
18654
2183
1181
557
3615
48466
4747
1031
1041
29162
27101
49759
3800
25165
17462
14342
10252
13071
30895
24073
28005
34705
28072
2334
7653
5414
9798
3963
13756
9175
27312
5734
2381
22372
1759
52481
4591
7831
51250
24845
28481
33015
8535
3507
41774
18490
40
6545
4984
34326
37562
7688
5184
4302
18930
10
21585
27678
8270
7041
53781
6390
2376
36390
27945
456
6426
28567
53376
28776
60853
14077
18349
39003
38
39673
15440
5593
36978
5228
42342
28027
25252
18684
66998
4822
11226
33665
50393
42715
17231
8409
22236
7964
722
14177
27353
56989
5410
16225
1954
47166
64671
3889
1366
22633
57100
1246
4806
43146
10750
53032
10698
26502
12831
1494
9533
21105
34989
10704
28823
19488
20738
59938
10079
395
5411
49978
9330
16
26023
26515
35642
35824
7385
195
16495
52260
18337
1776
32506
10531
11438
9360
57040
1721
2922
29899
4265
26616
17373
56191
63721
29057
33057
14224
4754
7786
4352
16856
22105
52719
77301
5665
56250
15584
7435
28601
21075
2678
36789
60802
16579
73023
308
849
3136
14545
743
31957
12322
23183
30291
4388
54380
9384
14878
11911
25190
34849
1230
22240
4044
862
23602
16546
7389
23238
5518
798
18064
7332
11117
9128
24826
1510
1395
25915
4317
24570
38267
63984
24666
59792
35245
25217
7267
51421
31861
9043
10028
3
3753
38460
3973
65445
1290
7953
11296
16149
7806
45941
12159
37164
24525
23570
805
7622
985
1944
44836
14650
2681
1403
58670
11578
12120
30760
351
4943
35570
6639
15965
2827
55268
3274
58642
8068
15733
445
7347
7722
53711
11614
7441
11599
10253
10094
4190
10119
42614
6070
59178
5466
39372
808
5304
9940
30731
3825
1679
29367
24382
41318
45978
15457
34572
4309
53168
629
6942
7553
2449
21831
34906
62656
2834
27433
12563
4667
17476
5691
7251
50133
33431
61641
13632
48368
18224
49079
33735
15422
24
36613
21676
3170
6301
21400
9240
14535
52630
9984
277
23909
81
5297
9277
5382
3093
3495
15939
7159
19246
9984
14933
18653
8682
24240
6217
4730
44746
9734
2082
17928
19306
18269
24350
8186
3792
12739
8984
67619
24698
14273
56741
36049
22781
3637
38911
38994
22156
7346
933
9012
12395
13082
10361
20083
18240
20020
43152
29420
10275
18818
51623
11416
25699
1735
37969
43912
1481
59460
13727
1548
7627
39054
60793
29029
16691
1046
34212
5610
32450
51357
17663
39970
43864
935
27072
19497
23516
27211
6468
2673
11764
31415
1986
10925
7927
63539
18068
2717
9948
37967
716
59420
16745
4422
17348
13369
25460
6057
70611
8321
3897
13252
9680
63683
15309
28732
12575
46410
20304
36048
42706
2074
6554
56140
31428
10730
10256
59281
3443
62453
19614
1213
33993
5362
1032
7564
10880
22385
71997
9431
12334
15198
4568
7491
2410
26083
39629
42318
1044
5741
61568
7993
33672
15309
1177
12009
42239
53461
5396
62575
11014
16952
29317
8325
8498
15672
22559
35586
44763
17641
5268
36309
6156
12287
31872
45764
25610
21137
34404
38756
700
2974
14803
14130
7035
38577
1406
26224
32925
17152
30582
5639
51544
5126
12267
70388
57904
12569
45437
8280
43084
11324
44810
14973
10259
8500
21761
39130
16791
20950
8801
5003
15083
31113
39027
10723
46801
1181
26324
2776
7183
75114
63982
57806
40681
22543
50316
15751
890
15683
11451
78385
41558
42004
3366
48943
23044
17055
27299
55577
6223
73633
2146
3371
53102
32586
555
8648
31505
26014
6289
2123
20464
36555
13282
644
2702
13049
41092
36340
29295
5208
72847
42923
12584
874
301
11226
34819
13109
1642
13142
1566
1
4180
49285
25233
46622
7189
14041
1273
31381
4650
47
12352
4680
27926
611
13652
14064
31942
7134
3843
22987
10972
27014
37129
42227
748
30341
68751
6041
14251
1933
33482
13647
1093
2
54493
26433
6495
17966
28662
29354
40698
11732
1448
37432
15949
9261
3727
8046
475
1407
18218
7996
14592
1135
35416
8038
3968
3370
4544
16167
58115
19261
3125
28330
9849
4615
8531
16263
6923
2522
9601
3414
1207
24406
1182
57280
14031
67222
9490
6326
11564
61647
25896
12522
18902
10278
23780
23761
23683
14757
4687
426
1126
33771
65350
4047
11266
13535
27641
36338
796
37880
43772
30149
8452
48387
33843
18482
2522
37530
15727
52424
10576
20833
31733
2804
3742
10214
6252
45579
37822
25201
27882
12425
549
61
30734
48753
29868
4393
20847
12840
10572
33200
3846
1484
12387
11529
1273
48719
33302
38676
26286
5731
1039
33281
63577
21126
3946
28940
3987
48870
44904
24256
1383
7569
5530
32834
54760
37779
1067
3822
29145
7501
24947
62838
1665
65142
32125
861
6597
1986
33330
9739
20286
12828
5392
33472
2611
23639
14376
27234
18906
1891
263
48216
873
9095
452
38296
66483
17046
22131
38153
20214
13215
20895
37698
60
22684
2527
23056
2846
9960
10588
30079
20061
34778
25446
42231
66252
24458
20981
51484
42074
5971
42753
22672
52685
5157
43716
26210
9034
7725
9923
18870
5726
20693
4704
3922
816
44121
26337
4453
10974
4165
35986
25810
2075
30680
17925
4586
18957
48712
13742
11540
12273
7425
23726
1075
3520
2001
4934
16584
4719
19452
7919
2069
17239
2601
18915
40837
5868
11686
32168
14659
23617
3392
24440
4652
5494
21034
1592
11528
17416
3536
27925
45448
4392
26173
18827
6708
3761
57684
47678
8555
14225
4474
12201
68868
11922
18054
21681
11726
2595
13747
11843
6876
52010
8180
60271
3322
21372
330
55908
1492
27304
13084
23699
1448
14699
25477
2143
5805
5696
16280
14858
4219
34518
49144
8473
7676
31030
1522
4161
26706
3170
12436
33340
3263
19034
6742
50915
30152
62456
25228
23413
26659
32074
4012
9983
44013
3771
7336
3186
4257
5483
20016
8886
37257
6734
10736
56169
27457
11183
15239
8056
23898
2
15051
6958
7357
10723
9684
8370
26305
27068
27020
29747
10793
54695
25319
11461
21450
4491
9478
30011
4109
78
54303
49648
8541
25529
839
32246
45812
1134
7410
14425
32428
58233
23260
292
26759
1942
5893
26913
22850
1
23538
2943
11335
19720
2121
18899
12894
2470
29734
6271
11570
17687
24935
323
25369
21256
24106
18935
21258
18598
32268
44316
6052
1765
2998
36625
6241
21703
4366
23634
6836
2490
21770
46
7740
3406
38744
34385
13551
3910
24633
29538
17376
17753
70348
4387
20599
8479
16133
44907
14539
29711
1332
8786
8728
15448
5501
4059
3259
34595
671
40894
3968
22305
32751
70045
11387
29954
31639
42636
18792
26115
3208
8086
21582
22635
29015
1394
43396
6934
46271
4683
36795
11323
30971
15365
33114
3503
3676
4862
2298
44051
21356
23297
72483
44439
24353
32592
8787
2328
6119
34245
40838
47285
27928
52077
9085
16179
27861
33179
845
13304
5048
29677
17367
4192
463
111
21042
25744
7945
4401
3701
6671
40692
6896
32752
46269
17980
24955
2421
20429
58216
10528
5767
45633
30873
12132
14112
8999
234
25509
21287
20153
18922
11085
7302
5875
8353
42595
5257
31123
3461
924
9439
10959
21059
26747
22032
42864
11685
41776
18490
2257
18726
10076
20707
8514
11704
16065
313
526
8739
9410
7608
24022
19051
47332
26745
4948
6150
4556
48300
62863
59013
52144
16890
42218
10712
137
48925
2567
5118
5460
34625
16142
1803
29197
1774
44486
7732
580
33409
20526
16343
4929
2630
33735
23062
9774
5506
56777
18566
7823
12172
10346
20993
2726
25215
1978
8676
1418
47544
6299
45402
26001
11637
12803
2766
1129
8795
1211
5686
9744
13146
966
28626
25281
36264
18485
58649
28080
29826
204
35556
20166
15446
52797
68602
31993
3243
20021
1972
43581
14722
53119
38134
21555
15765
41307
1589
8643
15023
10112
52910
21482
3338
35531
21091
796
12411
14597
6114
11396
2625
2613
27386
45174
6183
32375
33394
51211
31102
14560
61618
24502
24691
387
1531
50990
58892
5176
44268
63944
4204
9515
15879
63855
11159
62502
74266
79
47140
1199
18560
61833
25740
7723
7762
5719
1906
10
9043
2326
593
23962
1146
7636
12608
17659
41823
26694
16417
35969
6155
7
47212
15378
7966
6178
892
13675
311
7707
21872
41252
43829
20887
47105
22538
1122
46091
3818
31118
9293
7606
1724
17919
9717
37034
7543
59090
47262
35639
54329
55359
11003
67524
3648
19231
6782
556
32174
11521
25006
8160
19655
36361
29687
65
8056
3970
6161
6156
1934
7114
3803
15375
7652
46372
17578
55855
8426
18436
30879
11390
28929
56222
9906
36952
9953
1037
21902
66946
55845
11298
2864
4167
2094
4148
66496
4410
12405
5412
6731
46420
2157
22134
197
14
1892
41493
9940
62873
36438
9819
30313
33043
20667
6799
22791
10602
2548
4594
24519
705
9570
2100
39592
3414
49195
12503
12934
58646
840
27530
57418
19521
14293
23084
3450
14243
9034
45384
30415
3792
24691
6604
20501
53924
32407
41468
2000
23048
5881
53604
53092
35819
5723
17593
3726
8948
4
36658
45460
2396
2018
5595
8610
73977
12469
19744
20854
280
24833
9764
19797
9923
33631
43350
10245
14419
25050
1022
8206
22241
9047
28465
10965
2805
968
35116
31731
5114
3530
19457
2028
7926
18003
12336
32861
13523
13385
50688
12713
12529
40381
39036
22718
41280
6258
19586
3967
10127
1915
13436
43782
37810
9463
38972
45110
10216
64956
492
9841
9121
8041
7552
77745
58260
38985
7096
2142
46375
14
3153
53159
1336
4776
33221
15303
24377
12218
16220
3983
2531
3
8225
50310
26275
55537
9
24802
9705
27198
13865
5916
18513
25312
341
10624
3865
20045
35806
39954
8151
7511
23519
1902
34884
34679
32846
26147
36548
43147
21582
6838
1611
45471
12497
31863
12891
15526
17565
36963
8852
40500
38915
8386
31455
3459
22509
25912
35004
17732
17594
35186
491
14391
23060
865
3495
4375
12546
19119
43901
29073
1607
16046
23474
20078
21468
26964
26861
15585
45857
74987
43877
30477
6067
33241
24680
1816
1
16482
667
2752
2279
11545
49262
1293
14401
21497
25468
5263
53844
4372
3247
13695
16323
5837
39213
6615
13054
8817
72930
18381
49210
28541
11269
3017
2301
40787
1700
18950
55273
40349
5705
13412
34644
24529
34722
55618
15525
33161
12
63894
6632
4008
13686
13480
12068
1813
10542
32141
13530
43832
945
8057
44381
17553
8370
14856
3569
52115
6762
12424
29604
51100
28340
22188
14524
5470
37813
2809
44180
3572
17306
17977
1520
16516
8786
44484
22834
8348
16789
32919
600
24416
8248
9431
3362
51615
8584
14804
2577
36683
11240
27057
13052
19937
32203
9657
46839
6313
30459
31050
18483
1334
2040
2044
18180
53798
18900
5947
68449
30097
9701
39176
15437
10491
21587
74141
951
1314
1214
766
69356
10533
26815
20421
47775
14036
2686
15418
17012
8675
6096
31015
1695
7199
40493
17403
5824
3208
62
62451
27321
3074
17109
9958
519
2208
6747
3302
9540
28751
18266
32279
13548
30016
17037
2078
4240
18033
40811
7760
12883
4612
64198
24957
4952
27003
4254
12452
17962
53356
47668
62008
21144
1343
21454
41263
76450
19524
1475
20365
36
26284
1583
35621
1400
22798
4661
31025
25415
1
12020
6667
7676
13232
19544
40361
3183
12750
42875
15132
626
36865
38029
7900
8795
7394
2630
8277
2945
680
17234
24286
25689
25260
7021
381
44523
25439
5860
28137
415
7838
33347
6576
5767
15453
26278
17656
4563
13640
48923
29032
1843
12209
30080
18266
37009
7079
32927
28843
19499
34688
14748
10337
2225
8019
14561
12133
33192
25194
29932
3461
12566
51541
23477
4476
28493
12097
4376
41345
36343
4234
43385
596
6385
12940
36075
24586
8318
5431
35928
18540
37205
12932
812
4498
18195
4267
3270
4831
3854
46727
39816
39171
7098
4519
50218
28187
679
5515
963
17895
53815
3983
19096
10239
44959
12205
6043
2941
28311
26873
22216
23016
6092
1562
16521
3322
1652
628
13209
12507
58547
33426
689
8731
1149
30223
219
10328
14776
19809
5097
40046
40372
18089
38399
13209
26287
39004
41872
19297
30340
50328
3877
62
46268
27488
27744
68068
27043
42361
15345
7165
15020
28587
9264
24010
5145
47896
1800
1557
5482
1602
12760
50668
2594
19355
8611
7213
8712
982
35613
1
9694
3964
42032
453
25575
22461
455
2895
12949
8367
5856
29099
21825
37682
6021
14458
22673
13346
1045
24701
22180
9630
1553
2232
43133
6828
13134
31777
24217
9586
8780
47818
7592
32635
14299
34408
1374
1823
43507
16596
15240
8630
13805
20452
14857
2716
7930
18195
16182
55505
6439
39544
11
11678
3636
4240
7717
12733
32
26705
41852
42387
5818
14804
5220
31952
35298
33211
545
8784
5363
3686
25585
17120
36456
26834
27910
6369
17978
10555
7662
8721
50928
31804
20953
2212
21981
41388
28129
17281
4622
61859
21848
9858
17190
15818
9935
42754
34637
287
53929
28732
21383
8215
16621
1946
20157
29449
16918
11967
14589
48368
462
17263
5422
16089
1624
56178
35555
14258
35326
33924
7974
11809
1548
41196
43037
11243
9772
20012
35735
38561
1877
18478
22290
5066
3118
77049
8759
12943
301
1939
21669
33501
8379
39755
7570
9937
13975
2628
68151
22689
10034
65183
63318
9798
33871
50413
5531
32306
24263
43423
5038
44603
52297
29853
3828
6860
1706
43041
46775
4572
10412
2416
4961
1569
17204
1195
50660
33218
8146
35109
32961
24842
69745
36166
30015
9809
8830
4536
52709
3040
3268
7928
11216
29548
14650
9614
27092
4316
600
2606
41969
23485
2220
22330
8189
22622
3867
10710
9389
24564
36316
42723
18492
7895
265
17484
8993
8830
35295
9992
20368
57397
33058
10720
332
6907
4585
17907
11898
2575
32378
34993
2197
1
227
6536
849
3097
36588
18151
2909
16173
22580
43383
21065
20196
54710
14926
60590
30159
17897
12044
27749
1798
17936
13317
2602
11824
27739
724
12295
11284
9022
16981
33507
47862
20065
2651
7185
17756
25526
17757
29216
18255
16386
14315
1398
17899
919
2450
7939
16049
65370
14467
12446
38703
34
1
30090
27852
535
65738
2454
14271
8545
13357
29543
8526
16884
29582
59609
1476
22857
17000
21814
6657
14722
1633
8951
284
799
23212
53059
2379
8683
16625
2218
7138
44392
49963
4391
51004
18500
1266
31372
52397
4261
3893
6591
23920
8110
3039
13527
2876
9689
10413
28903
37920
17273
31434
10160
25291
715
49953
8231
20737
40803
1420
12374
20684
3734
25337
7231
46439
24727
10162
26497
9583
14728
44947
8244
15932
3305
28
9386
28485
65236
5125
59731
28812
13657
31337
2152
24643
20442
35644
24333
59602
2649
47688
8802
9089
1431
13812
314
15812
17125
34854
17601
6867
11536
1717
29417
18156
4248
13066
12201
20377
5106
18574
11071
26590
34531
10246
70751
6605
2145
4512
5194
425
43340
62135
18225
8612
20822
27110
5141
9401
12501
15777
2186
25419
16257
16739
46608
29000
18142
372
36777
30178
2441
5248
46218
54890
12781
17570
48782
42941
39765
38304
898
30307
7169
6492
42444
3343
24439
43498
35959
58487
9776
10152
18893
32683
8875
10969
27992
30029
9033
1438
703
14924
26137
24565
11921
47144
4839
24649
41511
16250
21642
10225
8180
41980
31149
13582
38770
30171
55978
23441
2872
9130
9887
26265
8439
300
2335
2436
47630
35630
2787
3459
29177
7565
2140
18470
36067
24376
27429
6465
8332
28396
64565
13595
7098
36271
7340
13774
18913
2756
172
51128
528
14558
391
18772
4166
54281
7107
20380
16105
2561
8051
54605
17583
11980
60864
18536
12010
2748
61251
3679
6158
7172
10574
34968
46605
48602
37023
3635
4109
19880
22130
11651
29302
45298
51393
18283
39859
64
1462
31201
4580
15280
7543
9467
3237
8032
6043
27589
1767
35405
12960
39619
9995
476
18059
34114
34961
42222
1321
19661
10442
18409
30529
21346
35196
23113
43968
27525
46210
1628
7128
7952
39951
18734
26327
5977
5506
13180
11527
20083
12640
5436
23665
1057
43142
13064
14089
4719
1981
1301
5451
35480
24054
11573
53859
484
3920
23590
187
3365
1375
26714
9831
22295
35570
14366
40526
33431
39935
36387
1319
43767
49054
13455
16746
2462
56029
75429
33115
7720
63984
15594
5487
63658
32720
736
3266
832
22107
13630
17186
11472
10402
28889
8130
22014
11271
4350
263
24371
16606
976
4126
58906
22675
7382
38532
5310
15898
15992
46102
13439
6110
4642
46374
33789
28931
13795
10414
23382
5315
40561
6432
13996
33022
42226
29170
3720
56
42741
35445
18092
349
28381
27041
26921
19751
10383
1462
9524
20948
2182
5127
22856
11456
18969
13479
8916
42312
2781
14998
4740
9164
16253
30537
49905
10455
8674
2260
5927
70697
13538
2665
18123
52849
289
19179
50843
32023
4163
55559
28645
995
48901
38341
13226
5637
26635
19347
10856
47865
2344
70368
5587
41857
24240
23648
50214
663
5746
5971
35697
28376
28934
10854
9744
22351
3704
9334
10590
4291
19913
30919
10571
2772
30050
1376
4476
28127
2023
6604
8764
23319
45305
65141
54412
18101
5344
5229
1938
6090
11565
1973
30064
19709
24745
38021
69013
17
61333
3381
6868
30965
2590
1
38816
5298
2641
2786
1615
16261
13343
25363
31513
1700
37767
3128
47636
7255
848
327
21477
2889
5693
10630
17863
54529
30108
9908
14344
9755
5881
30870
53117
6256
38068
72573
21004
614
63590
4896
6129
19429
18450
4790
5720
33313
6707
1413
48912
6696
11217
19907
2120
14201
6637
39724
24601
64290
70035
248
47544
3442
2800
32766
720
16333
9358
45680
4556
3605
17409
56333
4161
26180
19587
262
35587
26054
30037
20874
51520
15743
32510
35369
13939
2979
59189
23244
7276
4696
6623
10711
34294
5255
24023
4074
3109
21356
6550
32679
1826
12960
38574
15708
24510
25336
4315
45778
30692
27119
4632
5158
2064
34138
15107
23253
787
17572
42336
9644
19908
10058
23024
46909
756
50105
48913
2769
59617
7722
10714
7350
1516
27222
8522
471
19204
5915
31393
3
12399
4967
53769
32750
18011
5131
4859
7266
25872
8842
44266
10156
1794
1956
40981
12411
3796
11932
19825
21535
19148
2803
36443
26985
5744
14966
7706
4968
15774
3248
2978
4
3661
37537
2282
39352
4686
23
12251
63047
56176
15876
3975
21243
424
51035
9620
7423
63455
6768
3639
20525
15279
32448
35574
35665
1395
34262
16104
6249
45291
1698
41669
42811
41982
10312
24546
11784
1692
896
33626
13943
20543
47252
62044
11728
16811
25660
29215
22909
31531
3469
3377
48841
43423
5462
38483
29787
5612
2517
149
12510
37729
15280
10905
33057
6106
14983
49059
4831
41688
7715
42258
43737
52369
26962
2064
5273
12787
53056
15627
32119
37334
6983
35939
132
27545
45185
43268
21511
5927
1
2418
18973
53483
7941
9589
13688
25765
12614
29615
46615
37532
33572
63443
7858
7187
30354
4457
739
43243
15411
3244
938
27762
69743
3929
7858
39837
31148
58128
12740
38696
9664
9435
14285
601
7572
13744
32631
14087
12068
43550
2
51035
13767
41530
18369
6396
51396
7135
20675
53977
24919
5414
25668
38887
11709
6844
5800
27814
25330
2368
32679
27248
749
54866
247
2391
38821
16264
2028
31875
50249
61960
34842
10608
10221
18540
13478
1918
17789
14909
22359
70280
39454
7142
1371
16918
30947
20837
3487
29638
4819
58050
25712
15034
49427
14517
6627
12739
8445
62739
2040
70278
613
8236
1757
969
15126
66024
45932
10243
43081
13998
4236
5897
7058
7435
9336
22000
46248
862
15252
44682
15
8727
54470
36521
1099
12567
9792
1031
1854
4669
14637
6514
19167
23779
6072
7511
369
18090
3755
1661
3664
9619
22048
38128
677
2650
62588
14579
40671
29935
3774
24298
2755
9996
2815
29486
13899
1963
19821
6897
7987
20125
29092
45479
1516
503
4126
883
34550
25090
33199
6938
6030
26268
27531
60147
25636
28229
8418
48589
8577
3033
23118
11153
30139
32106
45082
7896
6773
8481
3643
31142
52694
2652
25333
60613
21734
19090
5449
16431
5972
33687
25475
54802
26601
43885
24418
536
20619
19921
27480
15733
8004
44277
7390
6276
14800
1190
9018
10981
67809
483
8472
680
983
53917
4724
67701
11431
13700
15226
25325
3910
9090
5834
56359
7366
43624
644
17764
28814
22402
50942
24610
41256
5624
16426
20721
9314
9016
765
27378
15367
9875
4683
9067
50510
18845
15011
15446
37608
64593
20380
37666
7639
28952
54002
5151
1993
46263
5448
3092
6495
4594
4029
2893
12180
11512
20511
34566
2871
17639
4840
24897
15503
229
21647
2914
35546
42981
10430
2695
32204
28250
65107
17637
3429
19816
24030
25407
16
9633
15232
1340
3996
28435
39351
7279
5628
29186
25388
15535
7403
57482
35561
341
33413
3916
18042
10563
30694
63906
24573
31821
10911
65000
1709
40116
5048
18954
11560
31938
4371
27468
35831
7486
23646
51781
3283
7564
30930
65691
63689
43422
1917
4739
9771
15332
14645
24099
31915
11430
7174
31696
45448
1032
25086
9364
953
341
14808
58584
51939
5670
11328
17484
32942
317
22901
3217
18887
66893
38146
28675
5550
11865
28249
6936
9124
38173
9571
27459
303
48552
625
15454
18920
87
3
26407
21135
13271
27968
52620
362
17115
535
12808
15672
10147
39968
11280
38420
10444
69594
16576
19299
17382
1670
18556
4783
17529
1234
12391
6423
1271
346
15439
36172
36026
935
425
1305
765
30068
13828
3808
13165
12159
8
2889
2997
1720
67334
8179
35053
9167
49971
14580
18893
708
45137
19650
55884
52631
24810
23462
25457
7919
35261
32422
2753
53451
5427
17029
1006
20781
52418
7595
4115
5868
13159
64598
68112
37
28105
29204
13523
358
6230
24552
1591
7093
4436
55862
328
418
1724
15709
32915
28582
16446
35401
21011
11932
51227
14724
22290
5192
40264
19056
15120
1026
56806
6912
10238
5594
5398
12914
31516
1
18124
14555
2875
21317
1455
30549
24185
9562
10092
5280
13936
8824
1264
1757
13002
2272
39637
47634
93
490
26895
5902
7364
1544
19307
12289
19159
27529
3036
10373
9676
4866
10764
8178
23653
10814
1381
8116
24342
2017
31873
1212
13664
19185
6502
23704
1098
42647
1788
4632
320
55899
60388
5904
23060
8675
1626
11965
18556
50592
4603
6576
720
34336
10968
25921
54191
45755
40373
51071
6697
1162
3264
20081
42420
3723
15608
11316
56620
15254
59993
23239
3201
5501
26248
822
50397
14153
8247
18486
7209
22661
6529
5153
28470
794
12743
29178
41704
57661
9919
33896
58516
24187
41600
11174
13000
4112
42972
69032
324
10558
66221
37763
2436
22037
10883
658
3600
2437
11691
8279
5343
2743
13419
14125
56818
13136
20578
44249
2670
16881
795
44287
32893
24925
31780
26704
7043
2753
18748
68576
44898
35653
42266
5992
34369
2329
3120
40118
28831
250
9958
9765
7222
12247
25555
2123
39395
14209
345
33555
12469
5445
15853
7482
52641
34450
3822
41091
6723
24463
4394
37771
29995
60230
13853
3
21847
5944
33596
31817
9308
1676
5540
12377
20602
37303
37578
37400
46879
21002
20317
3924
51023
1450
976
12574
4474
6475
10937
42558
8106
1
10966
1838
19405
72259
12024
3403
1653
5129
33564
29089
8194
8503
50167
31307
57816
9816
40963
522
39523
1018
10666
22375
12033
29581
6445
10192
40983
9714
61340
47178
4361
33655
11621
5885
969
17868
25196
12498
20907
29149
7279
4
18055
22331
3845
15791
32263
231
5344
36302
21994
51576
3541
55290
8011
269
6087
4522
15036
739
34293
7615
38368
15233
12744
31981
41122
11
15134
14614
15347
20766
1732
6139
13791
12543
44508
980
2511
42370
38510
9390
37870
29116
18217
26046
42330
16635
19024
50154
21800
43593
3751
329
6845
1023
33457
7605
57381
25289
1108
49219
5058
48583
33475
71944
23470
4523
58108
2483
26772
21927
39961
19
47497
32814
67806
3439
17950
3990
26818
11730
14702
20238
269
21702
14254
8558
879
15724
40697
24501
2752
26920
6887
20169
851
9330
44347
17211
22858
14626
1966
5878
43629
1182
1002
48414
45438
19811
26538
1880
51731
11453
68572
6868
2579
24957
3300
10138
22184
1890
2808
11447
5644
26231
5539
10562
6955
560
17596
25177
21270
20872
5367
4340
39893
5764
19715
34704
35738
5443
5233
7332
27581
14629
46902
23975
36450
5449
15217
69736
74874
2085
7636
3377
7615
57275
5658
21171
581
9566
3935
19417
18015
10157
485
39702
20142
5502
1995
17974
14538
16394
47157
38601
4228
4673
52645
8582
35910
17681
9790
11056
15401
18292
10238
17343
24337
9902
5857
7076
17849
35623
1343
24479
13810
54345
8934
39576
39897
36273
22799
34644
5786
3193
10475
11828
7860
21212
14208
21255
49435
2614
4147
37247
11929
1582
8045
35067
10938
18036
40437
40523
3293
54880
19040
3160
12948
24044
20419
30250
5092
3239
1741
354
42351
26054
32571
836
10468
29572
7226
21288
19041
7532
22972
47952
6750
1872
500
45704
31901
41262
6992
3532
16379
15040
49149
3654
5989
11269
11640
9762
413
3980
48967
1158
560
18436
44672
12480
2546
3233
7887
35226
5217
17705
26022
16407
13822
44047
18428
24500
4057
432
14464
70676
346
30826
24473
31134
14751
10648
2630
4689
4327
16545
22056
37139
23997
15436
32985
2586
1183
3068
5136
14379
1570
4662
11098
40903
8806
13494
41828
8824
18401
25005
14778
17919
3771
3728
16342
6449
12282
35220
3524
46919
34826
24355
42606
44115
4704
78085
33962
22268
33689
56444
7736
48397
30105
49761
5901
59889
32149
48262
5252
4056
18170
382
39876
14438
12047
2523
940
20947
3328
32747
718
2633
41848
13886
57070
37420
1387
43676
497
27507
40004
15473
34670
5233
22649
43175
30015
7693
7445
6934
6628
45732
7163
5833
422
378
21537
866
28207
279
1148
42047
19075
5681
36649
29134
478
8886
60955
69725
11247
9610
31493
5671
3749
36690
6645
5719
5344
9283
61287
39618
38910
12437
30090
10349
8023
15467
1158
7574
6551
50618
11347
29415
70405
12866
18982
10081
34228
2985
49301
37059
653
9313
45734
10010
18814
9182
10972
633
27764
29584
2299
7955
15305
3144
4279
7008
6993
7085
1871
35687
52233
1
14578
5089
10734
15826
15409
1927
3070
5965
15478
22401
16343
506
9469
15878
3903
15727
53289
29034
783
32160
19911
47961
14935
20081
2249
2926
2223
44731
6377
185
4192
31725
20549
35869
6365
27609
14162
38667
50053
3780
17309
32908
7918
55615
14266
13231
5
40979
60577
5682
13043
11024
1855
2199
45986
12758
1965
51404
13518
12526
670
3493
552
21677
8635
359
2925
47914
18431
23280
2037
15331
60293
4420
17170
57710
17664
18962
16642
1702
3331
764
28596
20422
27679
4447
14049
21693
4159
18552
3599
1954
19019
1258
43195
27388
8645
2156
4647
27289
32960
4360
10128
5206
9215
21236
2573
5995
2834
23799
27603
2
56081
26235
25993
63358
23501
18198
6115
16944
14205
16948
20932
20969
740
4467
46442
19375
7780
13862
4194
83
1875
29128
9579
33012
9252
15460
2389
7568
2120
50737
7637
13911
14791
38579
33170
2049
3403
1220
15941
1867
1973
382
8554
4927
13248
48596
53529
22129
13291
9677
20004
11710
12489
48366
21442
35217
44986
5685
1423
36201
9094
31883
2366
409
2107
42436
24533
42926
5719
20049
6215
30906
28375
24619
7520
1435
13195
15702
24783
45230
62059
34381
1126
212
25152
30869
18198
18336
6382
38544
21689
23716
31022
629
50663
1669
3036
11284
12730
28905
8393
13034
38659
39038
4197
38966
1999
3185
6551
28387
33343
4048
42778
8189
32240
15695
3547
49990
19993
35817
30671
38519
45271
60552
7130
57988
65723
32859
5219
52403
3425
32945
67222
9791
12147
2956
73481
13456
4435
1949
22894
13018
64051
69
10950
7235
10348
10197
2307
27764
18390
24620
21679
22457
30774
57109
25627
14991
32242
46238
30004
37213
19307
26743
26755
1782
3022
7329
67037
53305
35481
2399
53243
52184
59303
51169
2131
208
38883
38894
36188
15244
9218
16164
296
18006
1473
3116
2
11863
14787
24464
624
37236
7176
138
30761
56513
25330
15680
2500
1726
3021
22390
5042
140
6642
45845
56943
1
41
3265
16624
3836
11266
74788
2908
14342
3315
30135
8245
22756
1559
14048
35283
2758
2110
30136
6340
74573
188
622
2310
7139
4584
52706
12582
1548
64190
10966
5784
6549
6009
17276
14541
11818
28626
3
1652
15992
3358
8309
64682
4022
48971
6605
2725
23721
27401
7830
25329
14930
12301
51134
31762
2919
1918
52762
27270
32122
1554
10632
44041
18558
3962
47507
31603
9857
7434
13585
4767
25603
665
10155
63127
30897
5507
4263
14262
43827
36798
25296
271
10824
21753
2518
12592
13384
4105
7191
32676
9700
40882
7715
61342
17865
2901
5657
12634
5337
30580
3072
20564
6552
4981
21017
20384
67973
38117
31223
28881
15494
47
12026
7659
13937
47149
16762
21192
4363
40805
4923
13235
19982
2167
31212
40852
1958
31718
4171
59340
10807
3736
17220
2905
25691
5193
9602
12375
26891
13610
13276
72749
24793
18114
8498
1134
5046
35760
9519
44865
2220
27382
30834
2150
204
9692
22781
5971
59287
1227
22721
62578
5811
3643
21009
18391
12176
2429
36362
29482
11542
22080
24577
5359
2638
26524
22206
992
15157
16839
5843
4712
1355
10703
5271
41098
51431
10633
212
5871
6402
12688
6999
39377
9033
3578
25358
17025
361
37818
10616
30669
18801
6358
34099
16711
13447
20563
7388
1500
5478
3539
39830
27505
13707
47059
31530
36046
14824
21904
609
12750
50514
23461
17682
1057
47984
13303
7937
18099
5723
8495
1313
39959
24423
68576
9222
4723
13249
1731
11202
17175
6411
34694
27560
41828
47977
66
33916
3635
57853
17913
7754
5867
19871
13223
6644
17718
2385
16144
21857
1522
12629
20087
56138
1063
334
25520
4121
7861
45036
15959
8670
20655
6191
1110
23491
11386
39056
21340
26558
19384
17154
24195
24122
8598
4447
41054
14092
31698
5979
1205
34320
23930
18771
932
56683
23489
2821
4014
35880
35381
21779
30
13546
4811
32581
34805
24893
55862
50238
58003
968
4557
1121
28837
9447
38671
28610
19369
13292
3702
18906
8061
17755
10110
47215
50869
38368
68697
4293
26838
22119
41857
49889
67003
11179
2167
34936
34205
12763
612
14942
8242
5
19275
50176
693
46652
7018
17470
37514
6959
11458
14057
62019
7215
24393
3165
51180
13259
34716
1923
3806
1186
23970
679
49134
1068
10755
30817
58325
3805
39818
14302
43888
28734
297
12280
31704
49814
22301
6308
74762
44895
2671
2737
14984
13248
51220
14796
32521
20092
12469
8127
8889
13596
40840
4386
16235
10269
27576
20
9642
13392
5081
1482
14647
9713
30154
22045
3870
51879
7710
27915
34075
6836
47011
1154
22460
58827
48437
30373
9927
6958
17400
42564
28176
11300
3399
4723
1914
15845
13641
22712
19173
28433
14948
10976
1
2598
27740
61966
49876
1767
937
35573
11912
21533
17083
70908
2557
10094
11752
51405
17157
24810
7427
31139
19376
5400
14166
17735
17009
3240
3789
17785
44748
18673
19661
5820
8817
5497
9475
12517
14282
25671
6417
7205
3937
35860
32421
18544
3339
2361
9573
3484
60463
3393
16958
21125
4822
15475
57324
559
36798
34838
5027
38186
645
13033
2879
33376
35235
28340
13326
36768
18608
24673
14072
10431
25637
734
7448
19538
20391
27521
4536
2571
73169
14065
35152
2032
21291
40166
7225
17328
5660
728
45610
11915
61123
42796
2257
27274
5175
3862
35511
50244
17693
28320
18356
3622
31151
32846
2582
12846
16096
6545
3071
19873
18080
36050
18953
8416
18600
53014
31346
8512
6589
24910
6903
58765
23431
23247
24920
19702
32384
31971
13211
8659
3410
3743
68557
28208
7719
9031
6596
8899
33219
11970
15460
1623
12032
1952
6518
63886
4400
21713
8318
6033
23702
24182
3095
7579
3020
27708
20725
375
3010
26959
687
2578
72964
1666
32124
16062
17882
6664
805
34536
37702
3300
25995
4899
18664
7782
29757
22983
63
2299
42611
353
2618
27579
28325
3773
34559
8376
11905
33992
41082
24882
15
7683
24303
13675
9566
514
1445
40062
42979
1
987
17428
3940
59513
49605
24652
31978
6721
19425
17085
36240
33522
35654
4742
4196
50400
2994
8079
1523
187
434
25579
58446
26122
21486
42084
7741
3215
16312
53273
613
8540
4947
8664
42643
24217
14131
38260
28261
1
58814
18748
54863
30630
18072
34444
8127
5318
21738
1591
40425
41704
626
29780
47813
44515
17537
39854
17116
3110
31526
2283
33889
1938
30871
15390
14151
20030
407
7895
733
24703
5632
11695
3800
316
29989
7636
900
7675
46602
1111
30003
5675
5270
30488
6890
6983
15141
12752
9492
2690
4544
4887
5015
57688
25204
62189
20802
44506
6547
25951
43721
59814
443
5003
4019
37028
40167
129
42
8201
19606
12678
21627
19971
344
8277
19826
3481
28956
9549
5796
40586
15311
14513
48683
23074
13845
11678
3578
67500
8447
2425
21559
8510
29619
71076
844
31906
54988
35932
50484
11342
16000
36598
6151
25706
30101
16067
45921
29645
1
32
18654
12626
24484
32380
21739
12624
18946
3700
7659
14613
8093
26179
1354
9889
2
20615
12891
65708
7331
15972
11916
54355
7719
4953
39419
1346
24678
51122
33056
1772
719
30928
637
31284
44589
23321
24952
8853
16669
4420
27667
6990
934
32276
16790
45546
9026
14578
20901
36443
47057
6394
35222
34086
27640
37822
15149
313
9534
7613
54219
1
17979
43950
53525
12438
18081
1823
54922
11808
30397
1313
573
15464
28669
864
12214
20523
23434
30808
21557
2646
5720
10064
15480
6586
714
9031
10032
631
37296
76097
3135
1336
16973
36209
50987
8072
6680
47634
12014
18
19719
31180
4
18423
1251
2446
1498
338
10326
45245
3462
1384
23857
14770
7337
5785
1098
44339
12297
7028
8744
10388
42905
4048
31556
1941
36802
11325
28010
10681
38424
5803
71140
4915
9041
10431
16201
16372
9944
53270
5042
22438
16296
949
9412
3429
26397
8869
36964
24257
35415
15350
52108
6808
18628
31230
20115
27945
1174
15855
4645
9863
1818
17719
12487
43340
7191
64427
9243
45080
3041
34142
44928
37048
60775
9560
3645
6883
14822
10559
2153
11372
49536
12020
37541
1860
1198
16423
26506
22316
3086
70369
8959
41944
23640
16175
20847
12414
3722
40179
1728
2317
49145
46255
20035
44459
31136
25453
43154
17907
9822
11864
4813
37759
56538
1030
32260
23428
1458
1447
53388
5870
15792
720
20045
6822
10881
14174
31567
8993
2530
24111
1213
45287
45481
44207
4574
5879
18029
256
1
242
12570
25109
2236
4997
5202
13365
65908
25770
7182
4295
40176
24913
4993
57918
34252
12493
12663
2
24322
4345
2111
6121
215
23379
6515
20670
15809
11331
9420
33705
10887
68175
16396
24321
21968
25402
49368
15423
7715
34222
34129
13592
1402
61098
36897
7494
11490
4339
28233
12211
13245
10191
2806
9934
23750
2509
57425
6034
1565
9618
30127
4798
11383
34079
20496
175
28715
22438
8437
18054
10004
5273
2800
5272
40976
45504
10542
3328
7884
1968
4372
55883
9305
3516
4006
6529
1723
36197
10163
15704
42160
32
5953
21290
16182
22916
64638
8244
4029
25918
23706
62828
31879
34854
23305
16885
4304
22491
29241
20037
16272
9003
48422
57318
17009
3038
19610
15244
5984
15887
10917
19518
9921
38397
31937
2051
9911
7361
40584
18342
6852
13
14516
4616
27493
70490
38193
33970
1776
216
36911
5289
21774
7446
14036
7588
7602
63995
6088
18438
26323
60291
40443
8270
17544
6682
247
11053
61761
74385
32959
60658
12349
3849
7293
36679
268
12862
6086
4264
17562
8024
28
31712
36341
4520
24096
18212
11417
2767
33549
13157
17172
31385
2636
24661
4401
14380
4601
386
40266
5380
39722
21486
10096
1028
40504
21066
8085
25385
14539
1349
56807
51527
26322
2550
12142
22738
19170
607
15535
3999
826
5541
35986
5
2904
1053
14565
30477
12391
45601
24928
30881
7113
972
14102
44886
16770
6916
7028
13
1686
1351
4200
2211
55494
50702
13442
28789
14541
321
2365
6409
14538
34674
23359
55048
20256
20598
19304
1946
12699
16922
11479
51050
36775
35783
62248
71160
23311
16190
43785
2431
5297
24030
38202
29411
1023
10787
43282
1150
31799
42751
50611
48581
11563
12424
53202
21832
21216
59311
23214
21181
15787
23272
54291
73576
639
15484
680
1713
46198
412
50589
14727
35008
2313
5422
340
14534
589
17154
21333
15289
1977
8217
6157
738
25297
4870
21084
50105
43049
6709
2367
972
26235
6179
7114
39494
62720
24154
27752
924
9505
2078
18758
33901
1369
26046
2864
11845
3584
5671
7904
14795
29343
2236
765
8931
65823
23225
6020
42243
7814
10771
5955
40091
648
28531
21759
9599
5634
7021
8610
27706
71868
16
10836
10887
1153
4940
1280
49263
15041
16440
7
3960
21097
13772
15306
997
31217
59880
11053
14818
51243
25488
68752
7818
5941
6703
48833
48028
41505
73906
19655
15242
29524
23149
46945
33579
691
18657
20067
30326
125
3222
3427
4329
42339
3001
72660
12970
10092
15871
31403
8640
18784
1848
19945
33224
9251
709
32928
65843
13466
5672
2632
43191
54268
5149
31
31064
10459
4472
47706
45280
35421
322
24280
860
21948
5282
3686
25766
4473
30753
7210
27179
98
2346
6144
11932
964
22583
5332
8329
11971
25896
18159
52679
10
51066
1
32428
40158
17450
22826
15719
61604
769
15358
23854
17479
9708
44085
47485
29517
65689
5822
28808
11568
40530
6391
10317
24582
45885
25033
22493
24005
10834
5550
35378
25841
1611
35187
11016
12084
2809
18594
11938
14855
43372
39658
31336
18594
21842
61405
10769
12112
49175
2081
21516
7126
62505
32196
4739
2729
5010
9249
8195
1735
38354
2566
27670
44347
1470
44590
7268
9988
6295
4126
4699
5903
9275
13996
29511
28148
69178
31956
8180
1966
24551
1075
825
21362
31341
1212
80
30858
25953
10270
72256
4050
9250
4523
14717
49548
20264
4622
27686
6042
12807
6859
10413
7196
33330
4649
388
8037
71356
11885
4799
11610
26149
37153
36411
43414
8270
976
7264
21839
13026
42813
1109
68237
18661
7287
12607
2371
588
68392
1713
30551
5788
1995
12638
16635
41542
771
41995
12299
53038
27543
32838
34055
39351
12081
15333
62622
12821
20004
42092
2828
14702
12639
10371
30966
41189
44587
31206
248
46541
2020
32198
19903
20495
29749
14518
19610
69671
4079
31638
2509
10970
3506
54856
31512
8996
12814
32898
6485
20161
9056
18760
37021
48149
97
10043
1363
7384
26444
18276
40820
68
19013
1250
54525
1537
19215
13485
11389
12521
45349
27215
8100
21339
2902
7114
30535
29087
37044
2145
719
9004
44547
2199
3298
7471
31124
35574
29165
33088
25022
56498
25503
26399
202
43015
40027
15721
2499
34181
20369
32421
12836
12661
10493
10411
48174
10394
2389
43117
52634
2115
5025
4434
63804
60981
10376
57816
2140
51411
25517
46967
43241
12163
50322
754
3
28267
12211
40807
4867
594
23275
13862
20699
5920
42283
22486
70214
25130
18566
10858
12999
7930
41824
26345
67918
9501
36034
41592
7228
37943
20476
8521
10564
1402
45905
9700
1641
5118
10362
2798
2291
6984
11572
19254
11689
1812
2856
17487
30121
21327
9905
4550
14738
1943
8556
27535
19305
11245
10718
15580
17986
27341
2327
7130
23939
38023
23162
15675
4648
34754
42998
53
1680
18677
13215
10312
16149
6374
17904
664
27253
2858
15241
6485
8038
2288
393
4213
15720
46302
23686
26282
30093
16033
31206
45946
28082
56851
13457
50119
51156
4871
10186
27015
33070
48678
21909
949
49357
62112
10724
34868
7547
61019
7844
3788
7822
45569
11
3
11434
10187
7764
984
39954
37519
5493
29939
13105
16120
61295
66690
11558
51106
5022
26158
4875
56707
596
31538
32762
54270
8334
23076
15094
73048
45471
472
6348
8990
9384
7543
13
22180
7461
22153
27045
31530
3005
403
47536
27007
28759
23261
693
873
34945
13628
1597
51274
23605
9213
15243
15211
17336
50950
3947
56567
19929
2641
30285
61440
43951
31782
35803
19656
3286
7173
25983
27869
8748
24431
7046
38738
16833
445
8398
56551
74762
11118
11655
3202
1
61367
15834
21201
29494
62505
47522
47904
7989
30481
8267
28638
473
7155
6057
20500
2252
51573
6028
3515
18166
10894
6251
9613
46944
11299
2899
5727
6595
39676
25053
6958
10371
9712
11729
48085
3735
1919
59423
51400
10987
554
6789
9527
20504
2885
27545
402
15662
48104
11393
5242
9648
19439
25640
49329
24415
4134
20653
22341
47834
29808
24362
22880
49230
6779
58649
5798
7570
12439
11010
4662
19402
8222
12172
4653
17903
39599
21023
57502
6015
957
6608
5137
41929
15189
4947
5727
40044
46817
56761
12610
6347
5173
37738
22684
2618
1074
39042
41812
23273
22263
6564
7851
710
11127
8474
16017
18283
14928
748
32086
2705
18125
16327
19378
2948
38680
11563
49467
14045
13659
48605
1745
16850
6342
32994
13083
46958
39405
5054
20689
11621
3649
1222
20181
5049
2860
13881
12043
415
10029
48636
5820
10919
17544
2789
4919
15914
3997
2963
147
10297
42952
8736
5871
10135
15069
29982
47611
22698
23774
31509
6128
62699
5726
30368
17174
4
72711
44321
27802
11223
61317
1141
16249
42742
14813
3198
427
12067
4902
17777
2297
39568
30437
1661
1533
23115
1824
1449
2849
384
17270
986
4703
13124
1266
1628
24218
38309
3578
5492
7385
9091
6804
1185
19691
21408
4229
15807
58153
438
1683
4570
25399
4478
5977
36916
38730
8135
57869
5674
2672
7510
3240
1870
16281
3576
34891
3167
24120
57125
10364
10929
4012
23061
17292
3307
59344
6781
1081
4885
37217
10829
4106
25852
1381
1410
3624
47984
1867
3553
378
23430
11706
597
31802
783
4549
17101
32263
29959
14337
17812
5068
56298
20254
47067
15476
35303
11095
20526
8393
34823
7288
38627
19333
1925
2036
39099
5553
4143
17731
43046
35596
3173
30033
7
28638
3478
41520
15508
25055
14049
58467
7110
17782
34161
9329
1483
694
2026
8994
9818
13643
48401
1296
45975
38892
41855
8808
6512
9367
765
11745
33452
1273
25894
53868
4038
41187
64860
8749
6105
6413
18805
12593
12439
7
2266
42211
40234
1837
29253
7291
4887
39427
13
39206
19687
18465
2831
28624
6741
2036
98
4841
6533
7116
388
1805
2790
4730
4507
13998
11532
9240
6055
10707
2045
3714
781
37133
31425
61245
45808
23584
26763
3889
44823
51062
25745
3398
1957
24551
18360
13382
10692
10287
18505
19609
11
17076
2933
3145
29862
43767
3240
3831
10693
156
38782
20670
16617
10907
50449
3152
36380
17402
22586
24202
8057
2920
26887
10077
7676
5389
1586
10763
2610
14299
36587
12243
25348
68304
20695
18302
27074
54768
20738
34275
32671
31571
25857
19299
469
38527
37775
2839
1640
19105
11526
6810
15607
1740
44107
6012
5311
38493
32723
3724
5275
18665
32887
23740
42282
22631
3722
6908
810
19005
4189
37238
11028
8480
13387
13863
48751
17390
2058
3003
11084
5933
35749
19870
54342
27717
57418
68293
9178
526
33054
5461
4261
23375
11371
10900
6820
4046
4696
30652
9048
7104
32796
23247
2781
5313
25334
4024
15975
20639
16906
8269
67233
44018
3737
10467
2273
9874
16143
516
32165
2502
50418
10265
11600
7488
51068
48350
12379
6503
17344
18033
42019
19
54138
9932
34776
61283
8372
15621
3008
16807
20024
44090
14045
16391
13199
52666
14182
9401
945
14891
64050
1959
1850
4594
8389
11300
5943
14644
6261
8246
3304
3325
12332
12013
18
35776
49791
25950
5651
5114
10753
15329
2033
246
11209
52773
4793
26277
10918
49353
36017
19935
10559
58974
583
8766
14704
35393
8770
575
10726
21637
32299
42036
18423
2208
5667
21157
12811
21408
76136
2765
28116
37956
14613
2095
22476
23531
50121
4650
9336
5081
8779
31767
11189
12796
6679
40186
37158
21296
1970
7416
16907
44385
15156
3849
24485
42463
5147
7485
1424
828
32558
4788
8729
22183
15725
2742
33082
1141
9284
8065
27353
37811
19237
21450
13216
2224
45305
32492
1344
60127
21
14891
64615
61231
95
27484
6809
43400
45656
45000
19840
15867
2709
9580
7716
21380
589
1351
6106
41162
5403
36358
17667
2493
51778
3255
1
13997
42207
28846
35360
3829
128
10965
24433
11867
44260
9045
16933
71300
4872
2606
444
44046
62600
26684
13550
25084
13906
8629
23620
19110
51386
321
2946
241
23371
26251
21189
31629
23307
87
8683
10970
12898
20742
27172
14446
18141
28
3565
365
10151
15925
7653
16199
6025
7
719
46359
9330
50407
663
25988
38112
39201
11710
1738
34298
66487
9970
24416
60716
20425
51989
470
22614
36811
3645
683
31855
270
15319
49858
6957
32278
3937
5672
16868
13922
24565
70152
6689
763
37153
38145
12004
2540
49910
2259
14408
43038
480
13347
7011
4736
3927
1648
54143
30341
2396
21140
42017
5730
28671
27877
5293
63728
24597
8281
27533
45312
51858
45321
22410
15450
35426
6602
8522
2263
25596
6475
38839
4152
60406
34208
5558
856
6290
1748
20561
10232
14545
12778
23289
27855
4831
7913
42548
280
3232
4504
9092
27854
61552
26449
26892
41210
17394
5603
11452
2175
14249
33500
30229
2552
114
14616
49912
17732
48956
5135
26155
11062
17023
24768
6595
9208
30843
22965
7435
3595
12816
7784
4494
16712
4480
8754
37762
2680
719
51638
2146
3483
23645
9251
33469
3886
2910
808
1299
36754
17385
14923
5440
52403
14302
590
8003
14689
3985
67867
65372
31455
28089
41442
5894
1
18687
28054
1993
13347
1817
53985
5666
4134
31289
34932
13160
21492
47455
76
11739
6380
31245
63424
34953
30762
693
1534
67051
989
25849
15289
10168
13706
11295
4956
21357
9531
783
19301
12334
8442
12013
6365
7685
29536
35106
31583
8637
40377
63970
13720
53575
22329
14362
8
1982
28895
18826
28421
26849
7941
16310
15229
50853
2074
15673
11267
8844
22425
646
50100
302
20112
50743
35847
13581
3169
47726
1
38308
43417
1352
10805
3685
3311
132
3882
63575
14063
20124
34088
33634
2945
8914
25397
21556
1517
2998
2511
28847
7
4931
35175
5924
39928
38210
15830
3211
23571
11866
417
39756
59578
300
5474
4902
53897
26107
29947
408
2522
640
9694
11259
4919
4318
8895
42931
18893
7416
53840
1008
45013
564
21946
13417
8591
42929
14485
11756
10669
36577
57020
37436
59768
7936
17080
20557
32754
3138
11255
27394
28855
37271
13749
22084
4220
21189
44598
16489
69097
1036
36468
5009
2107
18389
26503
13559
43079
3569
4742
50614
32643
22506
11828
24484
413
15948
10632
21337
37788
23279
49390
2952
74461
19636
29613
21309
7585
37648
2594
486
10471
3745
12928
10424
15768
7378
4477
462
14813
14919
17256
74231
49489
5469
19044
12179
4948
14249
31952
8495
28254
6361
14117
24790
68113
31646
44430
27816
1999
45817
5116
55915
6354
28046
26421
37790
11006
40619
12424
41475
39817
34521
1713
7399
3962
66206
3729
1762
32903
29350
2740
19558
31786
37674
45559
28456
9229
3597
6539
19765
15709
28164
24
4910
4344
14146
2261
6473
6205
13775
10937
7077
935
10261
8300
49581
4426
8946
31357
22611
1106
13542
4478
6096
22561
32578
44041
24188
711
2960
4019
29914
23979
28401
2840
10073
1431
49414
6628
26831
57814
13653
20087
48499
18843
14060
15556
4601
8239
6763
7282
1594
37553
10725
3955
9057
2
10408
23827
18208
24004
20716
4875
14462
9904
6674
584
4711
4529
3479
28044
22720
11572
21285
33678
39668
4293
41159
2608
8624
16302
45415
18038
69415
24509
16828
51813
9489
48131
20872
9001
34769
11176
55583
27888
5558
440
17711
22606
43440
4383
51234
6088
3574
10413
4450
9279
9176
29091
5147
44601
15176
8177
63192
8158
36816
5137
5103
39297
8548
5819
4257
11621
15619
255
59928
20424
16760
4967
7797
13138
41467
51629
16
51299
2308
13453
9194
9360
4093
30590
29163
4675
14864
25393
13761
22938
24955
41352
3471
11111
14996
3611
9990
22189
1017
7272
2096
15658
19721
17556
14370
9182
2
17376
745
12100
41844
30850
7392
2982
1372
22191
23291
27611
890
563
10841
26485
44453
16969
56222
66913
4527
17184
2658
18264
12999
28836
3069
30687
33697
12099
18782
1509
21580
3374
9772
377
11481
45307
1269
31447
43532
25351
7647
35281
17989
22062
23876
19885
23237
33641
5752
35200
9771
6134
921
2939
1714
2759
3405
1522
18687
15787
20298
39590
7393
10254
10794
1862
25991
9958
6175
7642
7993
55748
1422
1094
30062
3089
989
20598
4496
26090
14244
40085
35016
11418
18049
394
5719
29444
20867
7184
17242
33891
6376
26756
34817
57917
18332
51425
4359
3314
13102
17365
4448
14496
29629
5512
4483
2280
27918
10728
7058
8304
21840
4822
40437
9269
54181
36232
22128
22792
44418
22349
21295
5740
3990
45029
54872
24497
5382
29180
27153
36468
15683
33354
15390
48593
440
62399
2066
4076
46735
1391
38743
8242
1878
14549
15099
22680
2102
38849
6373
39659
10358
29579
20701
22393
26502
54172
70734
10777
11310
1
37437
8486
5666
104
35095
1117
8999
5060
43202
10040
72077
53080
869
18912
28703
611
3283
37498
1822
3573
7559
9761
2433
18736
37038
7264
12209
5774
4534
4847
8763
7400
2685
1378
9837
8034
9829
37733
13660
14701
57090
28793
13053
27145
51586
17502
2809
30453
11482
15651
15674
2418
3882
23492
16646
2485
39499
13602
8054
29208
4168
5171
12470
32842
7784
35511
49400
45771
36059
14455
37370
12674
10952
41375
17588
31315
4054
31933
1648
2605
22632
17393
12364
26751
1733
5040
9240
1
35457
2512
34163
15666
4677
96
6439
15024
13841
24317
78
8909
48995
15127
42853
11072
1
14674
12412
2439
16200
15924
21374
254
36869
10967
2306
18750
30550
2740
37060
27649
4978
13809
42258
17024
10358
1660
5970
20062
69333
5916
36379
27147
1778
447
12477
5172
9775
4255
3905
8144
42247
8427
11803
22603
23594
20597
14158
16961
5023
4362
23074
17772
52378
30464
14135
20160
10164
41095
46750
4247
63696
12365
32631
1410
60174
9812
74232
10367
28338
37243
41080
1615
1803
2132
12039
271
7289
32612
40164
38594
20987
6934
25109
34794
6869
21093
1791
34614
19835
7807
8933
33579
8144
17590
27538
11339
22564
26240
44561
61675
8532
62528
8155
12486
5701
14594
29756
39511
22
15086
45870
7348
700
25599
1173
12749
41488
2863
15016
8013
66624
6894
41277
7682
5791
3766
7134
11217
38821
1587
35170
18824
20863
3672
21427
22330
16928
6618
10222
1219
470
8547
3339
56634
19080
604
27350
6145
10159
26351
4795
974
20596
27572
48553
18676
2121
19411
37965
51482
46581
32821
37888
11589
8711
2611
43726
61268
2620
17426
41122
2192
39568
3194
15471
8459
719
23420
1900
20068
13741
30654
35277
40538
9145
2133
6020
64956
16467
42344
28262
49775
23449
13357
31730
20808
30481
26273
1855
24511
6492
12260
15645
4076
1542
8031
7276
3399
24480
8513
36369
7562
2346
8953
31946
5
5644
644
40285
3691
9170
4534
22215
18201
15430
252
24050
18976
6514
7720
11110
11706
20781
29731
38966
36254
5594
19852
40814
9405
8146
15637
10021
20718
1224
28059
3332
213
5876
6809
2998
32805
4170
6150
19236
61630
71436
12942
14055
49580
950
35838
10103
11506
8161
44405
37906
8516
65717
1689
1073
17708
19146
30000
36482
49751
45570
4653
12879
465
15154
275
34324
24348
52859
6426
16941
26061
19674
55461
12932
26388
4533
55037
7359
41408
4557
4741
5590
8540
16473
12853
12859
23253
34966
817
9996
2730
17585
10757
1002
1492
20154
55921
2334
43742
49734
15866
671
18005
44918
7177
27731
27930
13551
34216
14198
7509
4387
35227
7088
38292
20930
34949
6403
2126
3118
14364
3
11302
24261
1673
5313
1
76
4133
35563
7898
46189
29454
48259
440
20502
3247
66053
11509
49822
22367
32476
4012
31
21052
27918
24453
2911
42562
689
32094
22152
7393
23127
1270
46229
10610
41061
19313
56388
7942
46312
5635
1240
32562
6620
11448
44
7457
84
54834
7064
2444
7411
60519
4030
14771
32886
8256
60707
44052
22866
23559
17663
23147
14838
12258
52279
461
26754
8794
28002
5910
20782
34743
18805
5
50914
44650
13319
8042
6615
4066
2207
9137
48567
34661
913
957
47992
42000
39857
1912
2065
23606
15227
2
15610
28415
18364
11468
6932
3363
1875
1852
5772
793
39891
51122
9485
7385
14386
25788
39973
10914
14844
41582
12378
1895
24301
10468
7148
2480
24064
13285
5979
31978
62488
23123
20435
3853
11308
55946
467
26372
20758
12993
50615
9081
64814
5859
30875
14161
15809
15254
2900
11950
34972
496
18567
32599
1297
1499
20358
64041
10923
19128
14626
59619
37011
3926
905
40076
4167
6300
20899
56759
62510
40885
13532
6563
3823
456
245
7891
9701
11399
6415
4557
2904
16300
6081
4894
734
3729
15347
17307
60462
10872
52591
31108
17193
27677
2008
19972
16408
2226
9979
37073
16033
24174
28772
21484
63379
26845
38185
54240
18331
12970
970
4077
7070
70143
12173
19866
38367
15123
6385
49752
2134
11930
10027
5081
46701
12047
35382
11031
21603
72033
2381
973
6524
4566
13769
31021
2661
40309
1638
36041
50767
44706
35496
45626
295
33553
25696
11209
20917
114
46600
1789
1804
5374
7259
98
16047
38441
7720
10657
25193
2554
63152
63889
7533
557
38036
2113
20828
31950
17085
19633
17413
42217
13856
39050
63927
1354
27045
15233
26020
42611
17631
38558
4485
10896
1994
26819
2264
18844
2769
49570
1435
46350
10852
7524
10884
29332
20118
793
633
22337
6263
20813
39516
3167
4957
43766
1176
31642
33856
26776
9809
7750
9874
2874
11500
497
495
38721
21269
2856
2
30712
20160
16069
5848
1325
8115
14632
24207
21111
35351
1016
23580
10162
57918
2324
37496
3418
12279
5822
14026
10471
3831
21662
11109
17080
21618
28660
29914
3
19547
22155
1990
59610
5621
12459
514
7911
3143
41118
42253
15950
20488
2072
23
11138
9276
8603
24494
60098
6572
43288
12483
11368
24849
7041
2552
6315
24958
8077
15472
17650
7817
748
54228
68
4532
15889
6799
49015
12416
50683
41190
4934
3403
12772
13134
20537
51342
1990
45661
18170
35402
18536
72708
17979
41386
22660
2763
61718
7358
20978
8512
4572
30604
16452
21073
14519
21755
443
43534
1783
5643
16381
62432
11166
32940
20508
42351
26463
57659
11407
18658
17031
59346
65277
33911
48821
1804
7860
19222
31858
7599
23051
24297
30448
64835
20732
4028
22355
5257
15143
26883
2430
25837
45849
10257
19603
26210
28445
12884
30124
989
17465
17226
19322
12549
27161
50240
29140
48010
23501
2199
77495
15110
8992
17338
31932
19409
8291
24390
4998
23376
3694
1824
1141
28251
13683
18734
18581
6025
30146
26517
116
10264
15499
2432
8252
14759
49076
11
4831
42061
2693
42589
17460
23834
47123
17695
49376
8645
19892
42024
2480
32378
7488
6026
753
38639
43939
10308
39259
554
21943
14521
25
7965
7621
33190
17646
1358
25208
33188
44868
6926
57372
32903
14597
51265
11717
14796
1430
9895
32783
1
16997
9804
2341
2093
43277
34483
27807
5918
22272
698
5051
33618
5177
64393
7457
12476
69123
24060
382
18902
47802
54153
6246
12796
5342
10689
2686
3066
31597
31421
17378
1168
33536
76310
4911
46
7647
7539
45815
6776
486
6207
8006
23976
26953
3572
11704
28019
19911
1101
47870
40202
51950
3669
30596
25018
35541
38598
7288
41945
13410
49237
33189
18640
4725
71166
57606
3344
53167
46962
53287
13498
24495
1672
4084
15456
37328
2201
17763
5172
4247
25298
12137
2130
60127
24226
1430
48597
37171
37181
6977
44525
3055
1446
2417
23833
25725
6722
12830
24893
19850
5780
21033
9114
21546
7540
3778
37193
11435
72669
22079
3771
46461
18438
32623
4385
3720
37487
27774
14460
916
13209
21631
2288
3379
37416
24556
1553
8435
2160
16624
6373
11883
31943
4761
30466
4763
19537
2228
3880
20878
1351
14106
21829
50374
5962
19866
33083
35015
64672
5980
31648
12275
20474
33801
42085
19382
32647
49526
45759
47642
11227
3679
7102
54998
23887
13119
593
15395
58507
1785
9160
48713
4028
21013
19586
29170
42619
39509
310
7628
19965
3709
27572
121
35711
70131
3071
11164
1449
14999
39844
48107
13848
1672
39072
12806
24790
8564
8318
58102
33628
17744
19968
42511
459
42500
15050
1505
15228
15888
5169
72308
3906
24431
2049
8511
31581
25142
6852
60794
7942
3614
224
12289
25363
29565
514
6692
26752
27389
29303
2577
14336
11309
2762
58727
46321
8628
11062
1124
33220
57518
5156
43381
288
5059
46914
36500
2915
53281
9424
36211
58396
3265
5827
26890
23903
19608
24758
28405
2
3238
1508
10893
12402
32959
16291
9832
12616
3184
17856
35307
15332
11134
2316
43036
60515
366
31857
13244
58522
4116
213
22135
3528
70992
4201
23385
27301
60664
4779
2483
12665
68266
18103
8977
22165
20581
1162
17986
25453
2747
858
30392
4624
33325
5177
6284
31277
27463
49670
27262
29646
68958
13200
45666
10282
596
21336
14172
10151
48551
2342
66133
6449
15345
5773
73003
21742
14802
7422
13276
67809
12636
39632
24842
54177
979
4171
6870
28393
6853
8220
19907
2132
8764
10087
366
6607
36047
26387
3138
7004
47554
39952
48209
24325
4791
9399
14774
35518
1036
2981
58215
22308
16458
21464
841
41528
36941
10855
32626
10946
9576
11145
5758
4847
4600
25898
7893
1191
46177
10468
5328
34852
1491
1513
25471
14771
36892
24074
267
5
18038
3846
22664
19910
10580
20635
9494
5698
6755
15774
10540
9054
21166
2750
47281
18212
14957
32386
28351
32283
1451
65700
16005
34105
24936
2016
45174
26215
37137
7701
31449
2476
164
30616
32743
17963
51634
1795
47945
21741
34748
57427
20483
3042
18138
47250
45
5663
7733
1627
11757
18197
6566
34103
1734
68964
3684
15123
5713
28188
4545
36095
10120
729
3211
5328
71752
2787
1846
21571
63957
1018
55188
63227
4278
29594
8112
5410
1
25182
36912
3098
59300
20227
48853
16263
13242
6129
29481
1231
684
2064
2288
1086
46236
9836
32867
47722
6569
6232
16882
4744
775
20342
3295
150
25415
23797
23356
967
12681
26053
15594
5657
26585
48626
47616
19441
20599
32580
17343
32117
18484
11437
6544
561
45630
45781
44148
1203
270
26813
46519
25780
1591
53540
19506
38015
24011
33765
24637
61566
12252
10486
14462
7393
9959
30204
3
18964
9875
28904
17574
18747
9102
34822
66036
30230
15972
44678
12169
27187
17334
9307
2658
1561
15533
2897
36008
24894
9639
37341
27961
51772
51591
1939
47394
8497
19640
31840
40849
27101
15630
2335
24848
25219
1276
948
47046
18806
15788
3767
3011
6773
1080
30053
23055
14634
41083
12642
20321
8109
2922
30193
63467
1589
791
21020
16948
28074
50561
9489
12413
10156
2577
50911
46125
67648
629
18903
4722
39478
25216
48292
3581
22856
42952
29572
429
9188
8222
7260
2600
19925
32483
58027
18100
9400
38260
27222
1151
60085
3712
1876
6751
2989
63354
332
40594
1605
3973
33609
17
4158
64376
1243
23458
8930
24670
4124
28837
33112
25826
30377
51144
721
36895
50827
6627
1573
2242
19254
28775
22774
2552
1692
10525
54420
41542
59623
38998
27865
56067
54
15567
1049
19073
26197
21648
31839
7378
22235
25895
33495
31743
15744
27360
1838
9195
2657
4979
42863
18834
27338
4245
40561
54168
25520
10065
9154
440
8373
1148
6428
14288
58021
44704
515
49263
15847
69018
52579
23553
2409
28245
990
13176
29385
39834
41315
5508
65568
5545
32794
58650
4417
28821
5731
61013
28931
3256
9162
25528
17620
1107
32093
22114
3367
15720
13147
8262
2064
1772
57836
3134
24602
9289
21175
35314
2532
1676
34088
696
830
7158
38451
20859
52618
3
22020
8136
14410
12939
17497
10338
43508
27150
18985
36375
7178
8381
4831
2782
42711
6204
39532
62646
1004
39036
48327
4848
66337
15991
47357
4547
36275
1648
19213
11515
12323
28813
29533
26902
7700
16167
40347
114
29690
9672
24264
44517
39636
1385
27408
17954
7938
46316
9778
22558
19960
1
24734
11132
12254
3125
63875
4237
58748
3440
1786
61371
2304
4555
52851
48397
50331
33767
64018
5457
24773
32040
6024
14605
7180
5661
11641
22926
39375
19932
9863
10943
54262
18920
1179
1854
38082
12173
2916
3353
17117
52025
5948
31358
24407
650
10836
6481
24639
11195
15829
1517
3204
19470
965
32874
20241
3859
7346
5739
286
37055
8547
15171
26867
25527
330
18426
9954
31342
11115
13381
35394
21919
14644
20564
20673
10876
5611
7936
7146
8928
18732
29310
36143
34702
31499
4550
63088
920
17274
1608
14060
44587
29538
48258
25953
22721
18844
38301
5679
11012
10469
3628
20348
14502
60122
31655
11886
19188
44542
5925
7761
33479
482
70092
19524
19192
11544
28705
33567
2909
37541
9181
43074
1546
18103
44306
7170
13290
8016
51469
32311
17678
56491
3062
40594
1325
3985
12518
3
7640
9782
8970
14740
23320
27808
985
53833
28832
40
9491
3763
9421
9528
5419
6874
6038
68491
42934
4492
60362
715
18775
14675
45640
36920
18974
21249
44117
28585
27349
1254
37446
8594
16588
3384
632
2389
14346
74563
3961
1924
55343
41912
45376
7473
16430
44138
55212
17992
15689
29283
25380
1041
291
17049
20097
5946
4905
38319
12486
38385
7424
1960
20593
41379
40908
12046
9139
3015
5810
37154
6284
9640
371
50
48932
11109
17106
11386
27697
38218
3814
57301
24319
1410
48092
20485
34198
9183
4629
10827
7043
62805
42070
12940
6806
3851
600
42220
29653
33479
2779
6976
44481
24816
25326
72146
17227
3078
12324
24474
3599
2758
1515
9231
31748
20567
3849
26580
310
8421
47604
56005
11009
14920
45099
6373
5186
31559
5711
4955
3798
1386
8163
9573
9658
3062
3834
2131
48499
34548
35657
11193
37432
29025
31385
3890
49237
11955
36437
68085
11531
17669
208
15053
39914
23643
7124
31538
49261
41491
20666
5511
58903
14804
24625
1996
9649
2738
6403
729
30482
6625
5917
30526
1739
32334
27984
51938
28627
25235
386
29990
15607
3038
13170
564
20388
861
28389
11966
4992
1
26733
16242
15551
53969
71034
28198
13124
53099
4121
14233
16900
1509
2864
15787
7395
36558
15952
7422
31994
5953
9555
18605
16236
20912
8869
44139
47977
74155
51074
34864
15068
48239
1968
49051
1907
7591
18219
1220
23626
9080
65967
8422
50783
14666
4837
56510
22441
57277
1533
24062
38071
1169
60215
21861
23941
1456
19970
4464
5310
1970
47790
35539
53820
5851
19069
19138
1983
64880
55734
52064
3602
12471
3679
3019
7835
18463
17240
30131
22491
31852
9245
21383
3246
33560
42719
1018
64935
23730
39234
29126
2791
27942
5933
8621
33676
1
15120
28099
10299
36913
10179
14087
21911
21055
44990
8918
14021
16724
35383
7951
52
50193
5562
49903
10128
18800
3623
10235
57168
13998
52160
1857
6113
13372
21490
22022
27493
61122
8935
51640
45766
44793
26341
16916
34508
27306
10586
21816
10287
21084
27641
26636
45707
17040
71086
18754
25827
8476
15204
8079
3818
513
389
15412
9625
1898
7307
536
14731
17115
40313
20856
4931
17626
17293
3798
21187
4444
20663
22166
56508
34370
35429
34057
13926
12920
61864
1862
5518
45056
72169
1504
10561
7718
22105
14754
9291
55017
2314
85
15
4507
36133
51388
1220
32865
8315
29701
778
43026
13983
40247
23852
32534
34036
892
38181
43190
10665
17733
1040
5708
32921
42945
1829
701
28390
11833
3042
24182
5443
22570
5188
46577
25625
20007
2760
42174
10325
41308
55693
24115
7145
9750
1588
10050
17463
4796
2
6418
9361
18764
6384
32778
39011
13319
7576
2733
32483
13831
27298
12814
1856
9635
40458
46228
12881
48656
22201
57616
30757
25818
53298
15560
5212
8004
9255
12192
12032
4641
10182
9898
36098
41191
4734
1627
7022
8667
13459
8008
10231
3140
18878
19029
16464
13551
26491
59526
7366
365
54595
13101
13266
18382
26132
49360
11426
9658
12138
31331
56440
44942
2
19167
4877
57276
18249
1949
2059
279
12159
30475
23670
63221
3648
20434
4709
50925
6150
14397
16984
5848
9305
8296
53713
1410
19665
1
21012
33257
67157
37686
1503
9150
37266
15654
21199
4739
18323
36958
61332
6340
48244
17331
12279
23164
11643
25842
54620
8157
1349
52917
25462
19999
2534
34001
3023
11287
9573
18139
15371
11878
4820
5913
8403
39640
5777
5
18959
13464
28123
1085
60537
39030
3774
2957
2445
55713
16600
22068
4535
905
15302
1545
22012
29033
3673
21031
22960
65162
18409
6243
21146
25625
16592
6765
3387
12715
27732
9639
37983
48491
264
17867
23615
5259
11841
4412
19039
6053
64309
12143
19730
17914
33604
11938
13
57212
1933
10020
20005
15420
12928
26715
35897
10558
15409
36081
2008
10765
17129
37173
8850
21896
64701
48874
49242
10546
10517
11297
67334
1080
20975
15920
36837
14918
10286
21153
40125
245
49710
5473
28999
9637
46534
12079
20002
33421
22923
52536
2902
47273
6807
31236
56909
36757
1036
11319
20814
5850
33867
5599
4248
10907
41228
13810
18656
36380
23014
21899
627
3063
24445
7998
44206
691
37402
43108
23564
11879
39180
29787
10674
19108
9736
590
30500
17262
56088
29895
10501
5545
3881
5117
1
22563
24881
36049
20751
9988
29674
49495
3963
3450
8444
41109
25722
39831
8663
12871
747
8790
43570
4884
27866
12398
7637
22191
17243
33722
19942
1026
36578
11281
56989
12217
27464
15816
42081
21580
27345
10217
25480
22158
9396
7821
14737
71173
9161
6668
23323
3147
39814
10648
31111
32125
7995
65960
9469
39549
35382
13978
17103
5326
42224
373
35147
352
2409
45456
54967
5947
55403
39144
22313
3527
14707
11429
4981
24850
286
5170
39641
23813
34027
12734
2959
4024
6092
25320
13952
33288
22115
68
6689
8440
16381
22610
11014
50835
17653
67309
4329
12750
7046
16271
39796
30474
26134
11920
24547
1767
43444
12700
2958
6633
17676
18753
2321
27332
12897
50151
7442
11203
14406
10141
4354
7443
7119
9146
5179
57
2750
18679
19572
13696
59002
44
10016
16696
31859
940
51046
6509
7686
52427
30033
51789
403
32306
17989
11908
17523
22194
10515
49170
45101
1
19425
16603
44867
23234
1029
9116
17463
35205
3392
8949
38782
4115
13336
13319
13833
56460
16837
23208
8637
304
6219
8
18255
31548
18609
4404
3229
59013
56376
3687
15304
9597
27414
579
19985
14880
38554
17768
2334
3004
89
9407
11160
15144
3765
10125
27649
19481
17117
6152
15650
19703
3517
42597
2287
12
13313
4227
40251
13613
992
2803
9461
9084
33999
69890
29517
29668
13907
95
51676
35575
20674
51351
3160
38940
21459
14382
3102
9017
46405
549
27200
574
15608
10199
517
19399
22418
5691
16639
11621
8540
6151
1435
9409
32312
12479
11335
37963
3277
3347
14091
25301
8821
23552
9753
4703
24151
53125
19123
18368
7879
20639
4838
68512
6938
4050
30967
12316
27813
1238
24745
57757
1057
8345
65826
16968
66183
72379
16651
6120
1201
3171
15030
45872
25427
358
4059
330
17376
40698
47561
50868
4742
1520
31714
50526
10682
19246
8059
6468
41752
13
508
6597
56552
19173
6447
3656
1441
12384
17689
14841
2709
1196
2502
9368
14236
10280
57161
30028
20937
16198
8444
1994
12366
1500
272
33289
54416
2040
1854
8582
32188
4940
4837
35182
34540
57115
63818
40888
8930
1139
27962
31101
34777
3847
12163
11024
3
43549
68881
20269
7332
335
5159
25009
22011
37907
25178
43095
7681
5601
16137
22587
29877
62805
17530
1442
490
6921
17520
7165
26469
48777
6233
5657
37478
16847
18931
34090
52767
4000
29730
17760
15074
377
1250
5301
7676
2562
14527
3875
15623
27856
12491
22790
114
364
1329
57184
3763
2045
70366
6504
4796
49423
36628
8457
2665
44085
4301
5
8237
17863
5343
22272
8989
18941
43657
619
6465
14090
15848
50345
38652
14558
26721
1719
954
45129
6327
5284
97
8556
58596
8611
3071
21217
3831
60756
6266
36210
9659
23391
26884
24593
25304
19522
22273
9306
8919
2631
5101
4390
7722
14439
13041
1794
10931
75204
21614
33
25370
63578
37280
9824
1252
43662
2805
19100
51346
10113
15012
10682
51783
6222
1285
6071
50531
6413
1110
45770
29629
9558
25
7200
32424
9901
603
46008
16333
19351
4667
40557
7711
6414
12039
15415
43774
40442
14077
3409
2759
54109
47940
56161
3256
4384
11666
34804
2753
11025
37770
18002
15014
42933
2891
18207
13518
17972
70731
9922
18179
38080
24973
38252
659
23844
17714
5132
4989
30009
30197
36
5549
8136
114
3043
34555
1206
46314
28556
51018
2648
10170
21675
34803
631
51141
34302
24105
5924
20697
25794
10497
7888
65270
9697
54184
2648
27484
11683
9262
5225
4948
8933
7618
6815
6147
3153
5159
22191
14700
31606
15397
443
47002
12648
11202
28960
47227
6063
55727
8190
50722
6787
4927
34993
74118
27494
29506
14843
6123
45985
9429
11346
5763
1752
1213
49389
32908
16953
7396
6282
16796
18985
5372
17703
22845
7349
27
35404
7972
10894
72391
19526
56828
9701
779
996
39994
10185
4623
18096
45848
14553
28448
3601
2942
2
15472
6374
9976
29832
44558
9770
23109
19373
4676
9050
6238
13325
5534
27739
2490
22905
24503
30015
22406
11991
9408
111
18799
51712
16255
49271
50528
5262
43199
17906
19056
18599
23077
29485
11712
1494
17803
24296
10975
931
4309
27265
2038
8194
1966
7985
16680
7382
24609
36750
45167
8213
7076
28032
13920
49558
28558
1060
6067
59839
4991
43361
2623
4661
32828
42120
13893
13775
6990
39929
10645
13970
2140
18623
1582
7630
2150
32822
23339
7176
405
3534
25358
14663
74363
40805
5865
291
51689
25829
488
44009
21774
14773
22183
9003
37341
10862
17847
43206
2655
24034
12464
2593
50633
25839
28691
59135
7394
14277
23539
866
6085
52217
11421
25911
31219
2260
4393
30939
10596
24832
36090
12257
14542
1378
49636
42022
8038
2872
968
23791
1930
62308
12157
72775
2259
33020
12193
23409
4704
37483
71174
43160
37226
965
14440
20454
2506
44709
3617
12780
32526
10791
32
21636
53345
12703
4437
33835
32601
35000
5450
2167
36032
2997
557
24253
34326
30134
47674
40389
34729
27669
12662
4174
3569
32192
666
34862
19193
47800
1531
47912
26801
2412
10795
6035
67513
15202
20014
580
10206
3348
58527
38839
4763
8232
34621
4940
23781
38881
48580
5833
19804
22102
874
10721
16068
16655
51481
9908
2690
1208
39394
19795
2369
57962
7864
2536
54558
721
24890
1857
37113
18300
60204
12863
17137
17201
19925
2317
18370
32100
1136
12637
3052
2005
26659
26787
2105
2014
6640
9757
1020
10513
8189
21875
21713
53650
299
23799
28601
22782
23821
65252
10659
1181
26380
29259
6372
6650
7547
15936
11648
10828
9531
12791
16422
22467
3747
26851
3406
39610
33544
949
61793
1236
3724
42896
5339
34774
27013
16097
4030
47013
18187
16672
2
10645
10507
4039
14952
14334
7358
55072
23404
2348
35980
4207
54778
6511
1618
27308
1793
2755
29536
7018
39194
57548
571
12238
38559
2250
5741
40962
36977
20573
15833
23720
14172
327
30577
21022
5849
64788
8636
36155
8488
2785
13264
1704
17185
14622
59572
20142
11330
14864
24974
2237
18910
17152
33718
8376
3834
6841
34239
15312
11287
9122
2505
23584
9223
55049
17566
14713
28422
4719
30312
17626
25026
13936
9010
31291
4932
31998
3157
7914
3166
16256
6086
10783
13092
17542
4695
2271
14667
7684
12473
1104
3116
52705
24238
5233
30496
11949
23551
5244
4259
41657
15026
8382
51702
13056
21597
63835
4149
11745
35852
17587
1882
13817
21104
14161
13590
1357
8484
44920
20258
29940
7357
17117
641
37782
25545
47596
44944
50615
6532
55956
30901
4126
27293
16553
8788
209
22901
6964
17465
53486
28181
14044
14595
10639
29950
44293
16447
20132
14542
24825
13884
30703
841
17894
11671
28247
41514
33794
14818
2295
27472
38729
7780
25868
34536
8406
699
2
4499
45656
328
6
51692
10784
76318
1176
8462
34333
33139
29556
20185
11698
12138
12380
3638
12396
2967
28835
60210
4851
44017
1416
17355
31115
60694
45390
8721
63068
1307
13674
29970
2051
42170
8149
12263
45018
36664
14892
5095
30560
32962
19911
50002
42354
10444
965
9239
58995
35567
32189
3912
5953
40558
51762
9576
811
49665
23271
20009
10021
17890
12936
18849
11031
61844
12482
2831
17551
1
74222
7918
3797
25384
51211
15849
26318
15700
13742
48989
2765
9237
46212
14255
1634
39968
54951
12330
66752
28648
45590
32746
28324
10752
2926
6112
16612
66113
62438
60218
831
16410
24171
61712
37197
12117
5194
4935
6611
34247
31535
21984
30027
13
9819
10457
56515
17087
53408
65406
6615
3737
7513
8579
18083
42417
19491
19815
9524
28334
19280
11619
15279
20258
1466
544
10871
5299
20282
25
31133
10536
38896
9810
49110
5019
26571
9611
3300
15159
8107
11350
31641
3137
17421
2124
12783
11489
57572
8455
14599
26878
28222
25810
7394
1270
67033
299
25324
22421
21284
24370
1939
13775
20559
1396
9830
8423
51584
417
22000
17223
2156
2981
38133
2278
45851
36170
939
2788
26540
17775
44593
30709
522
4653
28316
34592
11343
11476
56042
2419
1014
16512
17086
7983
50619
67107
2136
17995
10103
14738
37279
39143
47966
319
46115
36684
12224
40988
5623
37621
56935
21568
5571
8685
30618
7644
14556
4965
3602
1489
38352
10267
1584
1019
8141
39965
17604
24929
2278
4421
9346
16978
1764
11034
31962
68868
52761
4019
7171
43529
65186
27617
6581
3610
48606
22864
18504
7575
2122
24213
5056
533
9983
4298
15690
12323
36348
3657
27112
9906
13635
5388
6528
53645
10083
4747
45044
40253
17202
34826
2147
41808
72365
9518
69743
12605
1747
71919
5763
3767
43702
17565
3878
14075
6586
27196
36749
25903
4464
39454
12571
25620
30519
13171
64367
704
22964
7716
18390
3
6857
5702
769
3507
39153
74190
40953
20803
23961
1808
4559
5501
21535
18183
19829
11723
34585
20099
2510
62
5769
55520
9844
6970
63147
14734
31354
15400
56958
1
26673
3582
50638
30998
17299
44893
20774
7786
4261
46707
2218
19206
9865
49030
41269
8201
611
44191
50161
32390
19724
10995
6602
1402
22049
21130
25944
2184
14202
1362
51076
29327
4426
19119
20714
49127
57442
12516
6820
54925
7911
6608
14080
43357
41292
11771
15298
42305
44948
31708
17778
2767
15622
10426
54515
39935
7584
7907
9352
25484
9291
23374
14552
9972
34194
38565
43205
2749
4827
6056
34069
20359
95
37513
16862
15007
16640
8262
1297
23014
10748
36608
25048
1186
9518
18894
2741
77968
10622
1183
729
25717
9423
10823
26259
70018
36076
5211
19813
2467
8619
43465
15551
51169
40621
29152
4981
6340
61761
12351
7926
535
44866
56333
1034
32620
23411
37726
36681
11952
1855
2053
50115
33035
72181
20871
20215
21920
19612
10764
5952
15902
9562
1880
17990
18978
4904
24960
5287
17564
35736
14233
18491
3711
64060
26142
28549
55283
31268
23970
12
36005
19098
31570
10658
1234
1636
4689
20097
1802
5468
22696
62747
12844
56225
5322
9616
15409
36356
16815
8952
745
50341
18239
46470
12796
16134
28233
13997
36237
23431
13786
9965
610
162
62335
3028
18160
38330
32134
10460
16860
5378
8129
3854
22594
38171
675
965
55696
6846
28044
5330
39609
27275
11379
22150
9437
4390
24101
6196
11489
8567
21288
9821
56582
7739
668
10077
10327
18808
47075
29231
46652
18202
17083
5982
24132
6337
28331
22391
10120
6033
26463
24138
7081
37149
7749
8314
6114
17007
14546
2129
1682
29102
53367
5539
38140
31169
13398
20237
40448
61286
10368
64301
44253
7725
6807
37596
53094
61813
8953
4955
4995
19692
15067
542
6752
2983
8
961
22688
13782
13016
36745
5039
30813
24489
11243
17498
42843
2326
19501
45110
632
4758
12574
20736
19185
17341
17015
17417
12000
1617
25315
16196
10029
11727
11626
17221
26697
51923
3375
68992
2791
75558
63815
14823
948
50097
23455
2481
23243
15749
19386
10226
5082
683
7066
12733
12814
26445
12165
4816
7729
32933
3625
35386
14430
13062
16217
34735
8477
38001
57134
34875
14274
10181
30211
24900
9452
1390
12870
4126
2711
47314
18051
7553
20625
20026
17364
31205
7002
9771
21176
8813
45097
8832
57112
30281
7836
10379
22455
49657
1
40610
21601
29002
27990
49883
8218
14972
16867
4122
13749
55796
5640
3267
32563
13349
46855
54227
48954
41987
10635
1123
26318
31268
1265
25790
28042
16754
54257
5684
14693
27879
24159
33874
1198
9474
18887
5646
24773
13733
17122
4705
37248
10529
5560
4167
37258
693
321
5281
8174
9791
7824
9998
35428
32232
54785
38213
44619
63445
36835
11534
6176
34332
8196
31994
54834
32184
14654
1148
67541
16749
35
18090
14397
2525
28268
21245
58939
31564
1127
32805
931
716
8659
314
22257
2337
1322
2131
22227
37654
6632
45312
8173
5114
29302
10623
36721
24505
6275
3163
1871
8218
42999
23710
6803
66693
22990
2819
7799
7683
36364
38462
1915
33432
30516
11731
29797
579
3229
61990
35447
28509
2307
57660
37835
1421
4922
6986
49638
14097
19912
508
38461
10703
32587
18969
5276
12173
44679
11248
1300
15197
27497
7101
15342
13969
23014
259
36914
32805
5734
1201
24081
16751
14459
42582
17339
15274
1361
203
35005
1769
1150
1
53376
17252
14702
5614
3683
35820
5111
35544
8056
18020
21792
2965
6
25638
8723
19957
1517
6682
29670
4620
8973
4495
45
2855
35594
19854
3345
41493
9040
19793
27724
21091
14977
20844
39998
33174
44878
7171
17370
19198
6333
29717
7396
11630
16153
48200
8298
2515
1011
48120
4665
10458
29018
59281
4179
116
42928
44008
48543
12405
434
16209
8448
55837
27580
31330
57987
1747
1105
32785
13900
4157
13338
7750
22923
9989
6104
2028
1556
48189
40737
26264
10854
24061
16541
796
9056
47982
17664
4390
26240
14865
1987
18265
3587
50229
13176
21101
5772
30810
6985
1571
10020
19541
2005
591
18380
5426
19135
39437
6723
18522
11765
24981
16588
17399
1323
446
15591
13052
53575
22028
17551
20996
6378
56348
15191
2335
15076
26061
10429
1588
7911
3069
61349
31422
2081
5832
52614
14258
5407
28625
4982
25649
40888
65245
8028
35094
4921
293
4393
1340
3032
40205
9047
49849
2129
5660
29196
3026
19043
20475
64847
654
27968
59493
39254
20121
5290
4891
10836
19051
40655
572
1191
1
39561
16425
20636
1167
8740
22390
3880
15958
40606
17690
657
5518
32787
399
2271
1265
22308
23945
3157
5231
23640
48639
24348
523
622
8738
28641
16130
23672
48902
6487
32811
36535
51251
62646
52417
8127
36055
5527
6158
9034
11999
18558
32689
14168
43195
70482
2073
1286
9482
10223
2109
28659
19570
51885
51439
19691
779
76663
15859
34777
32616
38530
3104
60125
7375
63822
11072
1
4686
5546
1361
47109
11854
35873
10145
71932
18026
7240
40353
49951
13697
46364
2747
12287
21770
19564
36262
14075
7013
763
15830
255
57215
28248
31168
9319
37198
11875
11249
11788
1086
7696
1414
19080
31830
11300
2427
54580
1023
32703
27947
17229
16197
61511
29767
11463
45890
10398
7411
1916
16499
34416
5109
23716
9353
49983
64304
65427
143
57636
38162
32704
7774
16685
1279
51638
30979
38954
34231
24726
32900
54545
23738
12582
2157
563
17286
24603
35589
16271
8475
8736
4181
53894
40351
2257
41193
36030
8348
16048
43098
44641
5101
40222
1375
22958
33626
27363
43376
18508
26377
2892
23133
43327
5683
9233
16100
9771
5357
43735
26577
29602
24310
242
21579
14798
364
11022
33104
7871
40781
31333
28623
6744
57522
14329
18456
5806
36988
17936
7517
20243
12075
3926
14829
12642
52635
25793
2417
12557
58437
42117
675
52218
3841
9
5785
2323
43155
9909
29132
8039
57468
7190
49720
20794
1450
3268
16826
44621
19443
35731
5871
1609
13698
5691
12112
194
38371
4966
2725
22744
315
47281
50315
30314
61471
28968
25446
44719
1381
5145
34955
7928
1110
20674
11021
46865
42982
36304
4712
12326
3054
2389
56501
2396
1137
16910
32699
27224
6803
7152
25303
22750
2782
5262
2384
4832
7587
29320
833
1189
22567
1737
5579
44490
16626
9011
44105
7324
10513
395
18152
91
49571
8716
921
651
8997
9677
40674
7547
24443
17540
12436
29087
67120
10155
4928
42327
25184
6042
29133
3171
3385
5104
13284
59812
6399
6803
16364
46517
6120
57496
20291
16425
41774
3221
15673
323
4491
19329
4
35086
12727
5236
3937
2948
47262
16562
2068
23103
4870
13581
6922
23134
17798
4854
39857
17105
335
24369
24589
64007
3089
11677
40999
49789
17714
49052
50591
58681
12281
3619
27624
34929
11589
3964
2618
800
72033
4394
13259
58211
7669
33112
18434
64527
37472
10747
5250
5089
15881
19164
2861
47958
39268
10593
38
55547
21341
35499
20863
3459
6723
11013
35631
5213
36399
521
19924
48722
14386
13259
19407
35653
1224
27679
17129
18649
58892
10976
425
30435
11856
16017
10613
5898
14162
37624
5204
13535
6240
17923
42030
25545
18955
16948
540
14909
4968
2219
23415
36718
4977
3199
18219
50708
66855
27408
11168
18163
17863
971
5787
3893
16381
19150
28065
2236
784
37706
183
3217
45799
11747
3705
7045
25111
16364
9016
10857
318
27141
38993
49628
1605
9834
16275
25345
20946
44623
30339
16756
37336
1994
31970
8576
6333
238
41262
30849
7070
18415
46342
17127
5031
11412
4301
12913
46371
18574
16074
23611
2723
26837
57579
39110
68136
23998
12947
14641
8127
84
565
4727
7615
1
43606
24081
2760
28608
838
12952
15093
69113
8806
7768
10621
35335
6737
50373
10890
10735
6218
68497
46822
17149
4399
19504
487
35121
38191
6475
4855
5815
9691
62376
8675
1615
34280
29030
2895
27908
5991
514
5853
27098
20094
9333
1959
13637
44466
38536
28306
26891
28183
10527
3081
60291
301
13479
119
22291
31476
6343
37735
11735
9103
16973
64323
49376
20335
16732
33170
14270
13313
28317
20722
9418
11822
4614
3
55054
68316
37994
23873
11753
14119
1732
16292
21205
55161
75872
49552
7174
1
41529
22929
33946
3593
4301
42073
14525
3214
16206
3572
14432
29745
34460
12359
20334
48798
60886
5224
12415
26493
3340
16235
5388
375
55608
42199
16715
26239
43659
2552
33810
16270
12830
12509
6849
33909
66438
14984
2200
7833
3654
34901
72
55613
37319
2376
17094
28750
2271
15613
6725
12818
13760
27116
767
48034
2752
3754
26751
47254
3019
3
26283
14863
7477
35372
27800
57831
11194
1224
23508
457
56361
33375
19549
45168
29232
5192
12002
42223
7155
21629
41380
18232
3809
288
917
5545
10806
13130
16593
8440
2349
54120
16370
18598
50643
1755
5715
8442
21967
29041
15835
7443
2526
32046
15241
12357
7054
6633
1042
45457
25659
55615
2
7463
39742
1114
15885
38748
21642
54597
10405
59843
3865
7099
13719
49399
19317
356
596
16746
10244
23455
17572
7354
8394
7304
46120
26448
16169
337
27655
49155
40396
35460
17586
15685
36642
34923
23139
2
4
73302
8912
23022
14739
31
23173
15923
3030
17610
1761
25
26971
4324
60944
9506
3469
9571
37349
23749
1594
706
2430
2959
2516
4368
30188
31062
9123
8252
7087
7545
33685
44070
56440
51766
7498
18942
2033
33335
1306
30050
6151
18517
21763
21
28476
3585
44227
31997
13255
17799
8222
28196
5685
5485
11713
28109
62282
12213
24953
27724
34438
9188
3759
14832
4917
17165
3845
9264
47940
27229
39396
57142
6646
12160
14283
48315
3789
65849
3831
1948
11718
23730
42528
50668
33279
39302
3275
22148
7987
34213
16814
5714
17014
43051
25673
35341
16597
3933
5997
57050
26950
8736
21056
15010
35433
63737
5387
3798
41977
7327
22470
27777
29225
1479
18417
4558
20322
40522
7921
2406
2130
22277
22822
5218
7349
48475
38355
3339
8449
11399
3222
3908
16370
9681
42547
38789
7773
4031
44403
35201
37718
4782
58324
607
59605
1634
3977
426
5589
18241
24043
41957
16089
19394
31181
24301
588
22560
844
23673
833
51027
10915
34517
2048
44621
15493
37148
17221
10441
36087
22746
13797
2607
25559
10124
18598
11616
62363
597
9099
3365
12076
11933
3115
11979
55340
41415
18249
9419
3833
10854
39417
7732
26970
7825
472
4372
19665
23080
16002
663
17517
5950
6716
1299
5840
34459
15698
20381
7283
10343
34096
12071
50701
49074
2646
12981
29444
22509
5174
6038
9544
26276
14074
1511
4214
2532
7121
65444
8632
18048
30807
4311
32651
30132
8783
43117
21923
757
12255
16019
4419
39656
27661
8210
5607
5467
8334
38386
26560
23595
3125
38940
22015
8896
14912
21405
13530
47839
209
34379
3126
11010
9329
26707
10970
21100
1019
11363
7765
1366
42691
22868
11116
22192
5429
41671
6307
436
7011
24678
38064
340
24755
9300
19361
39530
9200
3606
52962
58676
5503
2907
3419
3487
2738
29817
13516
10569
8043
16635
2338
41226
29233
49268
21162
27159
46
2237
23998
23365
14689
551
23520
9939
3080
1962
2040
57508
17043
13232
55527
23808
877
24853
33307
49161
14640
45556
66670
47288
35505
8328
642
23166
13533
66098
17922
23
2
27582
49704
27772
12496
74931
36266
56736
1094
931
34090
15262
3849
60797
10349
36314
56417
604
40510
17864
14236
52270
27303
12698
15240
5117
16984
31551
24252
6506
5556
49336
1692
18021
2905
2568
23042
42514
9
20825
28382
3643
1150
411
39653
40133
360
20611
3939
17739
72973
40744
3420
5481
62046
5555
16269
3726
38173
13619
12135
34569
22994
23211
6130
17477
4955
5061
6234
25530
15391
1885
36012
16076
14775
12469
1983
12719
20207
5863
850
6082
36618
7767
11074
50447
46614
7550
234
31994
12766
11165
77
7350
2510
11679
37899
40959
32127
20493
16021
4524
47571
26208
35290
4935
7021
30617
23296
9250
39859
12137
31184
29594
32450
26023
2351
12391
26759
5643
49979
51235
18160
4237
44465
65374
51319
227
33254
32747
7416
10398
18606
5969
7403
3918
3293
25519
19470
7846
55563
53450
32962
5193
3061
19354
2578
34424
1352
22
8986
30997
6518
23786
36155
12290
8562
1892
50112
15753
11891
30489
29094
25498
17535
2857
17044
4535
9261
21427
6047
42264
665
14762
5479
22552
2002
17914
35947
47241
17417
3500
7029
52763
36456
9849
28459
39839
44162
31783
4738
2876
39798
5974
8096
34793
856
1831
27981
6487
56787
11833
41011
15165
16544
7420
12297
12516
41506
11705
16805
13205
38950
4140
19304
25863
8567
15793
30520
382
13711
22121
56371
50980
40893
41412
43895
23987
12056
3865
49801
22471
12676
20782
50118
27814
47013
55822
6000
3939
7170
26618
463
2668
2586
7371
5388
26601
382
6002
12306
945
17160
25437
41175
32225
49336
23243
34689
11296
39577
43001
1
8714
5104
27592
16314
9754
22151
806
1155
3696
1
21318
37161
51344
32517
43688
41638
1097
8009
4372
36186
18724
6574
23941
13331
989
1200
1023
1691
38319
25246
26425
41406
31186
27244
25314
29524
38367
2404
67737
62995
29036
47426
16894
66767
1221
27957
24185
42310
21188
25709
26369
12480
29929
61469
53645
6261
53967
173
13007
56030
30669
14759
12332
44178
1457
12356
16180
16098
68671
31496
1993
20382
2022
4174
2236
23
39859
21882
2103
17402
6880
2007
1772
7420
7575
52358
10024
13059
5557
11886
50760
10499
17356
67713
37859
70670
26982
16371
86
8678
2989
19001
12312
1
987
35402
8690
1755
33763
54789
34768
4764
6693
16929
14963
23117
20685
35358
2675
11014
5665
90
19797
47
8807
3195
30236
59827
12207
41059
18297
45023
28238
42424
1360
10846
18610
16349
15845
6306
3799
8078
39561
10516
3532
38002
35930
4805
18048
9698
12195
10599
1035
3391
15331
6304
2
536
12113
44786
44276
3121
42392
5248
6454
34914
48531
26656
49394
13494
7233
20926
24856
6510
17165
64
62602
3243
6037
27498
60331
9866
26514
3
71128
18443
7895
12395
23339
95
52742
4368
1697
2891
36714
1211
12173
24923
30155
18347
12510
8434
811
40791
20602
4558
30400
42312
23171
2095
25746
32038
40673
52118
16278
357
1227
49483
2114
64338
24691
26565
10063
4035
66017
3849
1363
68011
17124
18319
24884
23781
1204
8430
36600
35580
1150
26996
15435
17070
3100
60124
45666
32223
9926
48973
37621
14271
7321
12423
22591
14700
54299
1388
12834
29636
40005
2441
1759
26110
2366
119
19017
1338
6991
17313
9162
10812
178
3627
34843
1006
44821
272
4017
12334
5050
19142
12472
28523
15367
9027
2216
33644
13705
33909
16640
2553
2977
8081
6656
13019
2461
29056
3989
42279
22769
15638
2933
16787
14023
3202
10027
46079
17511
14608
25309
9470
50327
1410
3901
34847
33170
12772
22566
38265
6533
14529
6594
10813
14844
8110
664
21840
3722
2602
507
2
5884
8367
26851
48000
18977
40865
4964
8888
11917
18576
48577
32828
30055
33394
3703
65988
4356
24723
59047
40941
1234
26888
24988
72709
27340
34070
362
11852
50485
28097
31927
17440
52039
40787
33868
46987
677
4833
18099
5321
8774
4326
14329
17210
955
48970
28752
54325
11387
27832
21419
12671
16148
1672
5033
24015
14322
16958
52825
54643
36383
57925
6064
2659
1386
59156
2
15
15347
27260
23698
65295
38208
9567
19954
981
15100
35811
17489
16403
28201
652
2
30094
3483
12925
4162
3665
17616
6431
1943
838
11821
34074
1249
22245
7616
4334
7298
12097
12857
55564
5327
3089
4475
687
10955
47866
27933
8050
45166
42942
13254
11789
34190
11916
54429
31297
55782
4
6500
14490
9892
27947
40655
15516
15183
55738
3136
38710
75757
35312
28878
34432
4096
27463
19302
21197
45495
12668
13037
26157
10019
5034
12084
36093
33553
9314
149
9226
4530
1229
5977
50200
40838
13841
28788
11851
35484
63696
449
50337
57424
9197
7761
13968
9027
4252
25275
9664
19927
42137
34442
53955
47490
27960
1164
49774
1314
4629
1503
5091
36421
31420
2390
6093
28867
5725
59684
19017
27088
4
29656
5054
19750
13730
7961
21915
10879
18152
23202
11808
28040
2908
45139
3
2832
9039
10212
1086
25712
54132
9311
331
43787
5206
31337
8258
25
4149
1047
25216
12711
22716
22781
5650
25062
27837
5614
2113
26491
26057
18883
17505
20353
16409
7424
16770
451
18548
13245
17421
2700
1689
26647
842
6067
29782
3776
3300
46988
6
67542
6948
11943
20309
27518
16503
43782
6984
10908
5086
13597
7612
5
14906
5248
18995
25883
44381
10929
34260
42502
44480
9925
6410
13453
8018
12197
44988
43279
12912
14936
18285
35231
25605
20588
15042
33651
15327
57520
16947
1581
26998
14054
912
38445
3221
1198
15306
2536
4011
3667
1426
27133
179
21228
744
28695
739
11658
12811
47987
22888
4101
41404
4177
19592
609
14910
14976
9228
2946
20421
8727
921
4707
14893
25893
64082
19381
11849
35902
8350
5788
6475
13
13478
6057
13620
17288
18813
7966
29981
1284
260
4671
72207
21629
4264
3017
2903
34247
18423
3979
5019
1832
2921
4179
3765
30217
16054
5797
32692
9
4441
13717
9295
14137
21567
49984
29366
32810
702
56480
7998
11488
2876
14570
19090
7689
12858
56605
25050
14713
41166
13356
651
59113
15035
6920
658
27654
4938
32321
4152
1175
13434
7924
32736
51009
7786
4446
3690
15837
2
7974
9801
1421
66088
7553
523
30318
4684
2217
21900
22371
6949
29066
9
48221
7120
15162
17087
4725
55990
48040
25718
19352
16504
33090
6090
14050
571
3506
47643
23844
39037
13386
66895
5840
65588
66014
18279
3035
20337
18262
6950
53891
5876
31996
49587
30758
13359
36118
36500
6339
18836
49546
9300
9838
10118
2636
584
36774
32897
9450
10704
14727
38213
6069
10764
15323
18913
10336
5500
1204
33232
10229
43109
12822
36293
12562
38911
2845
7251
6869
3897
20237
51989
19211
41023
31101
39999
25512
36765
29348
8055
895
57383
8985
3601
17926
29105
35952
3883
50394
2949
30843
19000
42695
8
1495
13871
9385
62149
11754
64564
25726
7307
25711
13491
35193
8741
29543
19477
57821
1346
19621
8578
4115
5759
49874
47862
30556
7658
31996
21766
7891
19308
7614
27931
3715
30943
27997
61724
20404
4267
7338
8290
9209
19297
41085
45458
26609
1664
50232
21398
16839
10004
20324
4924
3906
59845
2649
1201
5494
1484
2190
41672
24685
8932
63185
5585
40220
30667
18456
1536
2590
61519
45732
7489
3382
477
14366
826
28532
12381
10304
16399
383
4749
8602
34953
2
63079
6885
37542
63909
62468
15350
4515
1111
14705
17733
28691
20411
1763
7506
31083
10708
8015
30231
16960
10941
29406
50356
1662
24218
15597
29115
2211
19257
36118
32528
2779
24348
25351
4092
3133
42883
17644
9094
33552
17749
22414
755
15083
41354
29116
5765
24174
68387
8410
18817
1987
40634
12516
7215
47772
32631
48859
45201
23470
3289
4749
8859
2244
64599
19406
63460
7402
34861
30416
40698
2744
7325
52492
32662
57380
10745
28226
6363
40717
10084
3297
67898
2194
963
10816
2789
8058
106
3747
30962
25464
1793
6235
26960
40552
41676
17126
465
57801
10337
10496
51948
178
24221
2608
19503
25144
14032
13302
25977
1554
17720
4202
5493
9568
37818
14558
18487
30409
16050
24101
22013
5417
52945
9834
6795
18369
20912
7784
55515
25045
10764
31932
11796
12827
16928
15908
16649
3776
3848
19646
1050
21054
57612
49427
20792
74668
37290
30370
477
44776
3668
5954
21919
28190
13574
32778
31045
5667
4203
1908
34690
42911
43179
5036
47083
43902
15575
16128
3279
21274
27208
31026
19596
4647
27192
5841
8942
21016
11683
41035
2518
13157
5595
42073
24726
37066
35672
55933
16034
53219
25130
2263
60139
16402
4042
37034
55997
47346
37888
32659
21946
7677
4857
35144
69989
60420
18250
38065
3093
27209
11290
2046
17975
9627
43978
22117
30112
35792
8016
3678
8504
25301
34723
12294
22192
3803
858
19169
8129
8332
13839
2455
9368
32251
16486
4379
28401
572
18520
4283
35
655
17073
24164
16743
55407
18038
5412
68479
22599
2811
38385
3167
13212
2248
28352
50333
42461
408
50675
3611
16134
281
559
10729
36387
17374
51163
11668
10818
36904
27136
3778
2823
14524
26308
12917
23395
6615
6456
43643
23195
2640
4157
44
37067
21717
4932
4551
1
1387
25025
9619
40232
1
4979
4153
19048
21282
52202
34775
37066
16360
24747
67542
17141
2667
12052
57890
17551
9254
12455
1432
11861
38766
684
5569
16050
478
18772
53423
21713
12901
15802
5839
23860
5903
29200
14970
34361
7872
7657
40495
14032
39882
46196
56798
45470
16773
4913
1507
14968
16464
9199
552
2682
3982
5970
5805
15957
1491
22073
968
27720
19852
18378
62301
760
3849
45431
7424
21694
18510
9602
22598
9355
7892
52206
8408
1860
9262
27924
23349
2210
1931
48479
57034
10848
4255
10295
13675
33468
34206
10474
23307
2862
24195
6879
34492
5903
15638
12223
30713
23791
1
32686
38726
7282
1488
34132
23311
16850
47306
4924
43242
9140
24748
4538
18916
11394
10709
3926
6739
71349
40795
34697
60724
10415
21816
11992
27562
15917
33995
14805
20831
35274
13674
22034
44031
40125
25351
9559
10559
9996
6601
22658
26774
8770
9873
10480
19124
12462
34387
8159
2590
338
52076
57656
3044
15339
39380
57595
16524
15357
19251
18881
4416
12926
19640
59268
6392
34574
40013
7134
19855
6094
18689
6247
21753
24548
4996
28366
1279
5536
23304
31100
32721
26483
4740
27736
3370
40459
19353
3374
24422
37755
3516
46
4619
50730
33310
46393
55126
7763
33218
20113
59043
13910
13900
20816
1898
39929
33530
49774
14154
50040
240
22613
2489
19097
1774
35750
23731
43225
10702
57245
40438
439
1303
33965
22642
13949
14289
1172
30991
36217
1962
2196
15384
426
11853
5423
16275
6473
25936
10830
44232
67991
15524
599
3494
39118
17655
9493
23304
20100
12732
14349
18590
32339
5058
39569
75387
11244
24918
47601
53565
50030
53641
6713
6609
2887
5408
13582
12981
48846
55455
19211
8511
8949
25487
5330
5
32234
2653
26799
8620
34765
19219
1601
458
29140
21846
62995
39602
387
43205
3016
17241
37135
6152
27418
62363
20359
22374
10081
35180
45352
538
37719
34117
12910
3525
17127
6381
18777
29715
1419
9984
2478
2622
3696
57192
6449
2027
37686
3381
46073
48614
4157
19728
51151
717
45497
11116
44676
39702
23490
1085
52037
41176
583
39839
22636
33517
3547
9775
3984
24566
24769
2242
5436
56675
14185
28120
6494
11117
17722
40280
21996
40678
6939
9198
3
32455
42496
25284
3139
11335
37215
21181
48167
58774
4422
27494
3
37542
15183
32524
31001
43874
27003
1751
33414
13302
6958
2140
23246
35814
56883
1434
4370
12070
72042
2
21584
17905
14078
14009
9280
22388
15702
12820
28411
58963
5811
50052
16637
609
18963
3569
50786
27210
20597
28742
27879
43512
25751
31215
2337
2306
34334
72701
7331
2564
28157
3344
18498
16862
15242
6588
8249
5327
17723
53064
48653
16235
3982
3229
9489
1838
20199
40147
8314
39597
27046
34314
1289
34028
13042
18357
44584
7030
13750
5935
2414
338
61965
18860
7198
522
1561
71606
33602
18970
29148
11752
32052
5326
58505
35193
5854
13621
17412
2944
14787
6003
31791
38341
7355
42034
27762
9184
10862
24611
10111
543
22936
7488
5194
20866
26807
14450
74668
61348
50301
17154
6
3413
12015
6385
19998
25605
47443
3214
58907
41804
9756
48685
5366
1935
29393
10621
213
1769
6271
5565
1781
18316
16062
18258
15817
18300
24682
23314
40244
14735
1622
2190
8640
7147
39680
25233
40265
496
31035
26738
58297
4341
14877
12781
18911
6108
11713
8926
13351
22336
12391
15790
10331
16753
13004
43618
724
33176
2859
14068
73640
3750
10844
7666
2251
10560
6383
38335
23386
17900
5092
15291
2262
59285
3094
29858
2874
4482
9072
36157
7234
16951
720
14000
14867
25112
46637
15570
16111
48379
23930
59206
18226
9161
8221
10076
55179
56771
2870
62606
41378
4092
20713
2316
2376
264
32108
7122
3770
1953
27285
54276
31782
46190
53609
34720
11089
6977
27518
854
6294
3842
21854
13970
45459
11803
4435
29064
48954
23361
9374
14103
22413
60968
31284
19490
13064
11692
48803
21575
56092
10869
8996
10804
16999
34207
19393
51307
29067
42466
11505
58678
1339
15336
6888
5254
31785
16306
4583
12283
1818
28263
1536
21295
5358
14702
4318
55201
17973
2216
3992
36764
38257
1624
43694
14846
38633
13783
3006
8115
956
29365
7471
25485
1784
8216
66500
2585
45684
18593
39890
9192
71537
1306
3734
65384
34634
38986
33535
38140
354
62222
7627
37323
20367
60354
2205
20021
45
12317
13658
5359
1144
31513
37328
22663
21934
28260
25496
31907
3716
12719
19708
19104
15941
14753
12794
17155
67
3387
22864
74131
8134
3935
758
10
10587
19279
15821
19837
6980
8199
46920
13730
39828
52911
59958
13936
26799
4793
64948
38672
35926
9480
9994
43429
41704
29434
5468
223
49618
32704
2928
34057
15532
8296
10530
3658
52389
4313
1313
4193
28795
8535
11042
21418
2161
1460
32116
11322
24712
19606
19261
22293
25276
10035
49
2906
29184
55193
43955
48044
6251
440
30222
30009
39827
42890
16107
32206
15037
8181
11426
21589
4068
29668
11366
1433
4493
13057
30466
1056
26012
45178
41593
8459
1444
4020
11429
27913
29959
11983
26429
10715
26675
20133
3809
4744
11116
1766
9085
28683
35842
1
604
1215
7329
4029
9537
36082
19314
29237
10745
57444
19220
13365
1632
56535
8684
37228
1472
39322
4523
25623
29000
35806
14266
13855
28548
52864
33221
38003
10486
12368
8618
2222
39547
37329
1713
262
55777
37847
70670
30154
31036
3840
21425
46321
2408
23497
16758
30313
1172
47420
8238
24056
258
2709
45411
5713
11353
3887
11437
53149
26697
17208
5545
758
3558
12834
65513
2272
7939
8797
3147
18979
18899
25447
59984
543
33713
12208
15818
36174
265
58740
3234
13906
284
3675
1311
2265
47479
3781
8356
7918
3255
18247
46805
1228
3015
73968
18704
557
41626
14788
62648
1981
23520
42616
24043
43296
18396
7123
52272
55228
13452
1669
24933
3357
24511
34578
21391
10346
1042
25830
247
35824
8972
56053
652
300
71547
3511
32948
48633
1524
11242
34139
15857
36112
6099
4035
50255
915
5715
2986
37702
8751
34889
17699
2561
3887
3756
5394
5205
12377
72821
806
1311
19693
248
13544
12169
6655
9095
28412
15639
2254
10708
16903
9126
36503
53043
7425
14
53320
12377
2469
43050
9269
58116
52652
27385
2086
47959
43311
27706
5587
11715
6359
31448
37102
67573
31552
12494
35839
1809
57547
1421
8893
5905
8277
13650
3452
13397
48926
35838
7571
25543
571
97
5765
64204
34804
21805
1179
16834
13265
12729
30718
6282
12786
7113
48072
51011
58980
4129
1471
2
25207
26724
7914
477
16402
58597
26056
14487
23443
34716
19808
32546
2432
27903
5531
36068
17512
19060
14687
43202
19156
2670
5489
29981
16039
9393
12617
6312
3020
11260
43921
19
18681
56832
51922
44996
9336
21922
37721
42316
7444
337
26124
52731
50058
29564
18361
56251
22713
63545
20302
24216
20041
16947
7322
10730
28249
72877
257
7907
24338
2530
28189
7319
1955
474
15557
11578
7690
30402
12000
5975
2146
53607
9126
1
38213
53369
581
2836
3070
11601
46630
17470
15677
46598
7682
3198
17477
2270
5552
59029
18363
641
3
469
1570
354
6342
6053
1410
51802
16624
1530
72921
24923
40455
34673
27382
18162
31990
20297
48532
1493
943
8684
34212
27921
26410
31634
35055
17164
40773
43941
32642
1093
8209
41811
32293
2901
2864
23761
5263
7732
51645
6621
1660
4438
22031
11329
8934
64798
2450
6644
13874
16792
23819
18454
309
33188
9607
64926
17982
45027
69497
24962
25850
13802
2773
33052
7344
11634
51230
514
54256
42240
43311
5064
23886
8874
24672
217
42185
8042
5364
36153
11271
25254
38828
3733
49900
49661
31344
3823
450
12147
44789
24072
20360
703
33023
1522
64
27324
29248
20028
5154
30171
15601
5254
54977
2119
38515
9761
11489
32810
15222
18269
6016
12951
11741
36290
942
34082
41614
45203
12084
10829
2872
42441
18496
28860
37859
55701
4570
4852
40731
5178
11420
22896
13676
39621
20530
19552
27775
35180
10230
21409
13428
37480
19809
560
298
60915
9511
26434
35167
43994
34428
31024
7056
30889
37844
40088
16813
40707
1290
4112
30867
60824
14923
23651
1372
6196
1124
8467
10
54428
7609
13653
13753
19067
13662
29318
9050
33355
28899
10438
18497
26906
599
8763
43996
13616
3739
4113
39921
23554
6501
3492
16934
4
48354
4822
20028
3400
9085
20656
26634
5644
9036
7481
22296
25881
5555
5076
57581
39272
6884
32476
277
30962
13649
4929
4119
23779
1285
7505
863
13274
3293
1960
42849
33576
1026
7185
11955
32790
1
54937
58304
1944
35175
9753
13612
44712
4890
3372
7577
21428
41676
9185
11175
50472
17644
10335
11993
9625
2893
769
8614
31796
11754
28435
51925
15630
63251
33551
13008
22517
31802
17342
4173
30169
4609
46790
11659
18707
5224
5365
5331
41449
11435
44249
4918
16191
35437
34911
2430
1268
4805
24719
1144
25489
32335
29842
13062
7056
27782
18128
16191
42013
45214
48249
8747
3495
13325
18521
25053
804
3448
5266
1918
5634
26728
7207
16548
842
17359
2785
7043
53204
30299
20095
49
7221
6262
11110
12406
9913
8780
40766
13655
6699
12942
9405
10362
34039
26217
5836
30953
2621
18329
6401
46141
2257
10340
440
16885
6195
14898
31418
14893
303
20898
34859
44248
32940
7120
57658
28239
23736
31105
143
47838
53070
42043
44433
42161
19725
20976
14225
2185
41651
2
10487
33969
3933
44556
683
24782
21555
44469
48685
14308
19116
56865
21091
2834
23292
13779
28542
12136
24469
3160
24394
19936
6132
31005
5577
61662
1570
48300
38629
24145
27420
422
34375
9747
1898
1336
51224
70113
2163
4881
1826
6305
6791
9075
254
16781
12796
53206
25035
8770
39239
53186
76357
1785
11105
7787
39591
41477
24160
28642
60790
697
21724
21154
19539
15719
51810
2182
4641
10967
3612
24832
5346
32253
4716
37262
3534
620
1277
9183
31475
45569
80
4312
3579
458
7448
13341
51291
24647
62685
17934
31101
43327
20626
637
8346
14260
15718
12201
36926
6922
14096
21003
7
29368
30920
23402
23096
30811
9300
15122
1065
12952
20847
293
3959
47239
11080
5799
9577
48700
16846
1429
58742
29352
33235
8093
13378
12846
8156
52630
19067
68267
2565
47200
7180
26921
19996
3
9204
11599
20452
11722
54235
27334
4048
21773
19971
37889
7779
7745
37588
30392
18246
23407
4229
8899
21463
7542
32175
11246
14436
59316
22019
18754
34915
2
13012
10445
5531
825
36373
2422
12694
2310
11492
16776
11338
11649
21708
4384
302
34700
4718
10181
36559
18729
7706
2613
1715
500
9923
1525
17085
5262
12940
1
44624
410
1988
34643
61949
815
4992
19090
20307
28876
45732
5048
46806
2417
5163
26391
23139
1629
31981
13727
7396
7421
1149
1058
4325
16952
37727
3542
10284
19538
22762
10491
2541
14596
6941
3970
37176
44581
43017
61068
7648
16186
53506
25752
41674
40013
15761
22017
25428
22888
4235
63911
34649
50524
35876
30723
33017
12657
11988
16624
27043
10854
5486
18764
10262
21772
1178
39300
29581
35449
3484
9086
27091
3748
34295
18343
5549
36211
25551
7322
289
31366
26643
5661
551
30241
20724
14445
10507
18198
27260
56151
3774
7990
27479
56919
6648
35590
57368
64391
6085
38232
1699
6322
23752
6656
33207
41630
4629
12680
3985
48939
31205
54384
18141
48785
5650
25369
15239
14520
8013
3666
36829
59360
5714
7569
8787
17462
1308
58382
46438
8275
42481
46948
10264
9853
668
48038
24075
9067
10971
45554
18653
455
7041
13590
5965
14580
3462
28606
22776
44827
30136
11499
12423
404
59421
8332
21593
614
7318
15800
9340
1786
27546
25447
16836
32406
39807
2637
52846
39606
7192
34668
49462
19923
32221
2100
46868
812
9433
12579
32635
5093
12289
29224
324
14215
26148
31815
1988
20188
50753
216
11642
43624
1699
4176
1427
9597
2120
214
45162
13506
45100
18029
46916
8842
22312
17617
28005
8445
34732
40223
29596
21814
4137
1247
12901
2632
11988
1799
2190
18843
1
13052
9622
23847
25388
3
54424
21691
13545
15068
11999
716
14765
3337
39852
7961
20984
41994
54786
55777
8101
2531
29274
11787
21714
3551
30489
622
11425
15190
33146
15447
4486
3997
53639
26384
14660
25580
29768
7023
323
7721
32944
45459
3678
31375
1003
3146
1414
3763
15701
16649
18748
17692
26068
1005
54292
6812
49630
19942
51164
7565
25221
41896
8
53757
2335
14081
7345
1185
67861
65465
11700
33632
13123
5028
17375
4660
23668
745
29967
27903
75254
37802
62274
69606
1931
4893
11505
6926
13224
27624
2813
6623
5793
5757
1527
48780
51494
1041
7687
644
58228
25756
9886
38369
47108
26126
14326
31569
4593
29206
55387
24335
18834
24951
21451
3040
12577
5384
6799
7644
172
1334
2867
51067
4295
16
12344
11512
14278
35995
35584
51516
1991
27000
38523
15106
4695
1363
6275
78307
65433
5075
39207
9055
2586
15962
14534
7243
39188
54128
24408
21203
462
11052
43522
1468
8921
1581
51676
2789
4525
6782
17130
45015
6645
59780
1234
7399
1288
313
13725
18859
1451
2
6963
13215
41546
25109
19377
5724
5785
33813
7379
1155
49453
37606
42970
13232
14533
27403
18130
37075
25788
35351
48018
18835
48631
27980
129
12650
31897
45745
27529
56513
20406
65212
25172
13040
2678
5849
38752
20617
27373
58473
896
9397
22473
13020
8968
5226
7150
11287
28761
37970
10897
3087
24531
7941
3823
12044
16805
47124
18382
21206
25730
20616
32639
6797
2281
2644
1686
16156
2048
11599
7269
8404
27220
4416
40295
2184
41965
2737
3644
14709
22222
45999
6269
71051
14182
33883
22310
22208
58541
4493
17235
36575
8959
4879
11847
7849
25440
20191
768
19761
2589
9190
3966
6973
7272
35724
7851
22329
29617
17532
56710
17594
7129
814
9919
980
523
15135
3284
25751
27648
33208
46896
8842
3461
34118
7428
34076
18828
34948
23360
271
55471
10013
36897
4175
6207
68212
9605
14812
5505
18977
82
25589
42308
22881
2047
44255
10853
17903
47524
11029
31112
1477
41559
16225
17290
8773
8002
46512
54762
542
4941
7861
6641
42680
35392
1403
3399
56521
6082
45779
984
10103
30921
7638
20841
46612
36798
16753
34878
3418
350
10425
2295
5288
30951
16455
1270
41900
20543
56615
9663
7493
25791
13312
32051
37526
8118
9301
267
14345
340
11011
51749
63229
11435
3816
70033
4335
1316
11215
69497
3620
39710
40690
1872
4663
10900
55837
36335
24813
23995
3892
1335
32681
32701
61786
52308
24798
8053
17159
16063
9428
14202
45673
10883
1145
6117
15870
31904
667
24345
297
46767
5119
2293
46922
38832
17110
7088
23925
13286
48885
312
33175
19804
18327
20745
20609
17825
9465
7663
3066
6398
14913
26409
12692
361
14015
6642
1225
1494
18175
27364
456
5853
67698
46865
21348
27040
16992
6496
45338
5160
24636
18617
9267
16189
43999
74003
14500
23178
3975
10079
6609
1941
10624
18337
15540
33793
8249
3502
16735
46649
15073
5636
6664
22972
27809
8068
5091
10351
47347
58952
10484
12090
3977
38496
9446
13562
49995
3144
9200
5748
63487
9979
18
74321
3405
9883
36601
2651
2311
6348
24712
42449
4734
364
28200
14559
4319
27026
5083
301
41113
28977
13613
52527
33288
12209
9300
59695
17132
66998
24449
12111
5438
26854
39241
3925
5458
26783
4815
1168
2
17445
6003
34873
312
9356
1
30386
50365
7196
18010
26146
910
40188
2320
10661
14775
20424
20526
60360
61209
58900
30936
33459
3894
28949
8410
5630
29396
1
40019
22512
11176
2591
12425
9940
23728
10073
34434
19007
55050
4082
14851
18770
6725
11
32001
60873
23182
12911
5568
8321
4591
11723
6402
18478
2956
12410
2
7996
7829
3170
24007
64296
8691
18769
37000
25768
20501
3705
55616
36886
40461
34846
52299
29238
26335
19063
6522
1193
5233
11268
11691
11315
71251
22429
2033
5712
8361
11406
23284
54025
53205
3275
12904
17554
142
17674
694
40099
27495
6876
1414
16530
30235
17254
28169
3259
12431
23412
8777
270
1
47475
9372
29008
51893
15839
2129
23086
8554
40443
27879
47389
13006
6808
31318
2026
11707
29058
1476
29150
32947
14008
11801
1341
48395
6545
48110
3
5903
32127
6794
305
13734
24552
38906
2965
1445
19791
3079
35303
49837
12764
1720
33438
18174
38696
16591
50264
67078
35851
51051
54839
16485
5776
30739
7452
7041
17228
3042
587
3018
19409
32787
33091
372
4727
3302
30241
50092
4190
38756
66992
16715
8188
8224
26395
31546
4818
32641
1695
36512
27101
45727
35148
7170
30308
22813
23875
12960
17614
441
8128
3347
13463
28191
29
45809
10860
4702
1321
1816
14876
3604
6482
14201
12325
31965
4914
7158
14088
892
9911
4136
1137
377
624
478
7009
1258
10897
44362
6115
4361
22799
10769
11952
11101
10941
4507
13902
12827
2462
63101
30084
32585
30147
39652
24574
39420
37242
18096
25344
39842
53053
1775
14689
19333
6902
1136
51268
27039
1973
6837
294
53035
14304
10126
32002
56338
10819
19598
5295
10959
6778
17043
18620
37727
5691
28278
64363
33075
39073
16725
57830
2239
22027
963
16726
6850
4661
17646
67854
3021
5495
12253
15798
20132
49961
3403
20246
14339
23724
4417
2693
3460
5121
69115
7111
10696
1351
68715
21055
25192
30274
44052
14614
37054
25021
21069
6253
21379
29003
24561
11562
7267
1116
16073
5938
9103
1132
32758
40660
32093
1899
38667
1549
38577
13786
43049
3135
18975
5937
8751
58481
6186
919
923
2223
33337
11741
22340
1444
14854
28707
23110
11591
27225
2738
13235
48410
1636
1
18919
4154
18396
19266
4243
10632
58463
10537
23807
35748
64356
58936
4263
28
6317
8703
9127
28272
1873
2696
58594
7536
6787
5424
6306
19997
13544
14742
10800
28647
18643
63103
15105
1592
3023
71387
10849
4986
10861
48704
33194
19654
1263
1275
26713
7868
2913
45628
38697
6591
15683
50435
7642
2248
6649
4276
3484
37673
35460
5165
74737
28
26587
20678
90
54686
3295
3337
37864
2036
5222
406
6525
41107
10819
21472
1214
432
38788
6337
15827
19041
34262
43796
10156
18372
61598
4124
1497
35915
36778
12899
2861
52281
65959
11344
27888
28434
6299
52814
25247
453
3083
31076
38169
5418
3795
12551
39176
4339
1991
644
27673
31869
50034
10738
2232
26455
21485
56611
12767
22344
1396
16514
59658
10249
44591
24551
44974
43498
30815
7689
24422
31998
11106
8751
12446
41709
1869
10888
19133
3301
53294
17644
20962
44612
500
46589
14316
14942
6016
12344
24839
14923
15776
36811
9298
11214
6935
45459
8583
73711
1478
18072
34941
7371
54589
17612
46370
23491
49620
8795
8780
21763
1175
2798
2442
31319
40126
28781
5012
10984
2
55533
11200
18404
57612
4269
19302
17872
410
29536
55157
13361
17568
8399
4518
19531
20573
25365
1446
14813
1661
4072
3989
38884
24475
7555
10030
33650
683
521
508
21
59143
42245
9718
6794
1349
2225
7411
1355
12686
102
18
10147
45589
19794
420
2269
4966
1095
1315
12647
957
7872
18849
23489
31646
73344
35313
65338
2729
8294
16978
3454
56988
47768
37628
35689
10102
35943
8852
28102
10041
6465
2013
52495
3446
45487
2115
247
10398
9321
6089
31332
11768
21966
6934
33540
76
2109
21216
9
6990
24790
30335
73807
12135
39763
35046
3086
7004
29671
52728
1568
20174
10262
14961
25657
55919
21198
4987
25178
27297
11588
29836
12912
10284
13893
18589
7958
60889
24034
3351
38050
11438
1066
12996
72085
25883
17045
23106
17612
11742
30272
1717
55818
1687
14387
2800
48608
27368
7
30977
37186
12262
28399
29579
5260
31724
49464
43199
11176
32865
3701
46962
4868
20473
32335
4235
5197
7721
47849
2631
5680
17205
25631
29743
5800
53935
13304
14750
6355
30816
25137
40578
2150
5008
26123
17808
12323
8667
13404
18147
30308
3600
4546
10993
10093
24902
22530
7933
3517
7147
17611
43924
9800
32781
9244
16539
59253
1
12114
14209
52870
7645
3583
13121
21565
18028
29714
42313
8834
15434
14700
2197
10107
18462
18284
10306
62241
26756
52124
4321
7414
23204
31740
37708
3687
22642
197
391
25991
2066
14770
49458
39909
59447
60778
12624
223
39817
21894
62731
20876
13796
11708
51176
4345
19992
1304
9249
671
25076
30887
7601
7995
519
26779
20331
24917
9537
63161
10979
16520
18099
41427
8481
32398
62817
64455
15805
20106
4058
9678
7880
7901
7607
343
2706
36831
13330
18031
8328
36454
38904
36307
47746
33758
7941
33920
47299
10098
16829
63310
2133
49630
6755
16309
1199
1058
855
9421
18335
10584
6871
68837
49641
15700
11844
13641
19275
45152
61756
463
12011
11197
15636
9389
10273
10688
318
15745
24990
54161
10880
18876
4498
877
11463
15882
1
38596
4143
32721
7919
10375
46473
30699
6103
2929
23049
39455
38116
78065
2996
5660
17287
880
1849
26179
31113
9493
41005
21717
17559
6733
33151
3149
43422
8359
50450
58871
12187
11103
61800
1560
17077
10735
24275
27887
3847
7475
1223
12163
11211
65118
61369
9186
61609
9439
5789
8201
15718
4351
29918
18782
10565
512
32226
69796
6452
46261
3642
3208
418
8407
69362
2296
27667
55694
34298
3201
46407
5311
6358
20811
20795
2428
14497
25242
8308
51272
12163
16009
26892
8934
11164
16988
43967
2162
54189
11712
8817
38569
40202
7785
40971
17555
44054
25987
480
11400
34217
21473
14987
17971
12420
73594
3836
276
45802
15561
37354
25700
2253
12487
9925
34888
14966
5981
29464
29176
1280
52867
31698
34588
11020
848
1443
1562
50609
5489
2069
58848
37291
37640
45240
438
59432
16529
26993
13589
4219
7742
54120
26513
46
61750
1991
8878
11276
30932
21248
17382
2840
74198
10753
4624
3393
39610
10922
45666
26189
200
9057
19671
15287
713
31653
24388
32658
6907
5841
18631
753
31270
23887
23313
63013
352
34574
9917
3983
32881
2003
8611
66854
32011
53210
33537
2753
14082
6958
63921
12643
23202
3159
6185
12125
36339
1277
1532
19193
58279
5217
2345
43785
1471
17057
8218
25789
72990
7497
21611
2315
12
4621
14324
27807
8880
47979
33323
10285
36933
4255
2582
9138
14725
1565
6432
1432
2493
4285
14602
2898
10994
37197
7900
14715
75731
37606
40638
36293
59235
3151
9878
45857
6937
56587
24330
3584
10193
1734
23140
11498
1472
7883
22549
15061
18606
25882
754
21685
1157
41047
34629
41775
966
44333
15933
17095
9498
10036
2682
16133
24711
5798
3368
55899
3230
260
6407
3466
2480
3039
53606
34727
49068
26466
3717
36523
2122
44020
2396
54694
20396
6287
18059
19776
18711
17491
1397
20018
14950
2844
41283
20736
45051
13485
25403
18656
5663
6419
16992
1657
31678
66299
42586
2940
35691
27252
46312
8824
20265
10462
1287
44539
1
5486
17192
30322
101
47848
24404
30620
11666
316
25013
9108
1444
5323
30530
13257
9179
1114
8762
18316
10082
7114
30719
5304
3860
66606
11955
62073
6773
23518
5437
26972
26622
31669
3792
12800
9747
32429
32654
2056
14086
7795
25106
16676
842
703
7356
58428
2212
9743
20899
3629
8500
26754
38631
1933
6048
58834
4946
11
27238
37760
38691
43150
5973
20996
40364
30027
39666
616
6047
32635
1536
2
16166
12807
9433
2711
43304
6582
32425
337
26744
33535
2463
208
27357
657
31668
62755
1195
1709
821
21650
1633
25404
18
2
2115
7616
53934
5810
2855
44569
35265
32413
43507
1334
2
29548
59345
10304
4136
4429
23251
16898
4
2392
3087
30856
9629
24123
28445
51875
33291
7879
63736
2327
18741
69971
4584
8991
20095
17660
28606
809
50591
12203
18681
25819
4851
61143
36088
10800
55264
50838
1263
22634
1812
15303
27517
8628
6226
12673
9359
17899
15588
1887
2205
18211
53200
43680
25440
33764
28975
4964
14601
2529
4436
20316
49413
28284
6028
18127
71103
12671
20382
37680
39054
35278
9415
44641
3116
1522
33097
11561
25
32460
17563
7970
13559
13231
23997
15368
5019
977
41552
2624
21546
2169
41178
2250
62039
25663
3749
12827
36749
16206
16413
2658
31484
15235
5024
8327
21530
15002
35177
21673
3634
55797
8656
5794
61311
13909
32796
4306
34877
4332
25360
39499
13022
317
19445
33386
23898
8905
24955
2676
22244
10193
31812
23721
24106
28379
2930
17577
31697
15335
36708
8071
37009
12831
23551
39117
11082
22019
19637
46306
366
4307
30595
7218
25937
34217
2231
48977
6929
8474
20417
13786
23323
1867
4586
32239
50609
31364
72867
10328
27416
33831
37372
63589
7305
17171
65118
1086
23428
12537
5551
10725
561
1638
72453
8942
26036
3669
9622
8371
37915
41783
7201
17373
684
73735
18107
30362
37650
26872
24836
10402
2882
24478
6036
27695
9013
8207
33601
46276
70651
1623
55357
4307
74229
20612
28416
30695
5607
2544
31584
13505
4483
2843
11895
71641
60236
6338
15934
2029
26309
3043
9353
28028
42937
25109
3399
9225
881
2
1794
534
37750
100
3337
467
4172
13611
20491
51145
24561
24235
29550
15709
71314
887
13224
558
15798
11250
35977
232
30248
31766
15587
10309
5426
48986
48595
37045
1949
19186
17140
19342
4
8755
188
10089
68018
6697
2511
37914
15947
24333
37500
36659
134
45822
56156
30986
1787
16990
10398
9605
62720
24475
6894
187
17348
5256
29214
20466
28997
13939
33895
3274
23551
14926
33243
11171
4503
21231
5876
20441
18170
12987
33227
39388
6354
279
2871
2275
3105
26560
17989
41762
18354
14607
37122
18784
57664
66719
4551
62473
986
12283
11812
50887
23573
492
12712
8238
3429
13613
19076
1209
10239
8597
1713
25357
384
69995
20211
22405
19459
22535
31334
10965
69124
506
61973
21484
987
2505
37847
356
8482
6933
35584
11976
23714
2305
7067
21360
23359
18959
23674
24983
12129
61468
56204
23668
6689
632
39177
64100
20747
1074
5504
5992
826
5111
48078
5003
12842
49964
29855
13834
20527
12680
2
8105
49562
12646
15986
10177
1707
26813
33659
10088
28769
4
1474
3602
45112
3144
32800
1846
3952
1593
1090
41161
11505
23277
29539
4242
40162
17569
45762
23650
17479
3039
23296
25260
54882
49577
29971
54173
245
40751
39545
22759
44806
6045
6899
20088
21186
41102
2240
47768
10120
4
55078
4957
11152
28062
29183
24536
3891
48731
25665
38145
9739
929
40738
32459
6192
22870
3095
28397
22678
72948
873
44
1893
29004
45167
27070
18233
16927
1432
9080
3021
3840
29079
9759
37596
19922
3158
39539
2
11395
9721
1733
734
2628
63177
3817
22300
712
30815
13152
6963
2017
10443
753
10852
13097
5187
7613
9620
43690
6793
20
26877
31319
29363
15839
18496
3475
21944
46320
8282
14083
548
1
21651
5322
35984
5610
27569
27788
24197
22117
2399
10957
19449
6717
40418
20508
28483
8390
25894
35204
948
6520
9014
20185
19018
31263
17456
24680
10903
1396
31664
876
20116
48354
28400
1
17109
32980
14615
1036
7373
31052
18542
16676
21797
25770
12145
678
1053
1122
32835
3918
15078
63265
608
22847
35365
57975
29263
6013
35422
25783
2072
16408
6467
11559
38911
31827
9635
212
4836
6800
473
11152
7236
27526
5361
14898
4404
2900
6381
29634
7344
72334
27887
19147
29604
62182
42291
52603
8059
55056
41834
8015
68771
11895
30762
12073
35260
27580
23994
3306
8766
31858
64185
1038
1666
13270
74325
51545
9886
14820
22416
9323
12116
3727
25427
23701
8081
17140
1434
26683
22748
2601
15102
29454
54394
10565
6387
44724
64566
9727
19964
14820
6384
18300
11748
2574
2597
9316
27957
20608
1276
29176
5191
45060
16598
63062
47132
75114
39047
2868
2353
37225
6283
2130
27069
40366
25757
29635
5260
34802
9215
11611
31470
23433
19960
14461
1839
6011
7949
6090
47114
17304
52518
14959
14328
1733
5864
881
34522
2545
58332
15888
28644
5644
6255
46
12694
11127
30429
2879
18524
1372
11342
9876
19859
14186
21955
13960
42960
33836
21489
32671
53542
22075
3968
46918
29639
11452
28884
26999
14221
17800
64802
12880
1252
29747
50682
17088
212
1480
6713
1516
48852
10735
4526
12343
20287
68635
25976
12506
1910
26496
1634
1676
957
2782
94
673
9769
9739
23199
40537
6611
5
10615
7100
8392
3050
3378
48422
22496
7678
1688
53328
3785
2045
26144
40051
46794
42397
20801
5671
42380
658
716
70764
6015
3
36101
10582
32955
13198
2394
24
4645
2100
8932
8245
47215
2189
18257
15804
21778
9987
28959
6170
3358
41585
39751
8608
12605
34793
26165
6531
19009
866
9913
43240
3511
3650
31334
5436
14038
28900
2793
14855
16067
41573
9752
6639
9632
20139
185
16546
15681
6539
3628
42729
529
1916
16214
22841
52256
32122
15728
10105
5919
11800
363
44190
25444
51627
12043
11840
36336
19252
37320
4927
4739
6564
34640
10955
27120
11893
6770
15232
41713
33004
53413
45783
27200
953
1163
54899
1880
43809
27546
13
6700
31112
19150
22701
9122
34487
15948
24959
703
990
25396
42657
21579
53046
42278
21141
3300
9346
29661
5513
56904
4170
11827
59185
21368
6200
31636
12848
18325
39836
1217
58311
7423
11320
55350
9446
16615
19094
32426
19249
64572
897
4390
28804
38489
22416
1527
16860
19622
42308
16112
3539
2924
45159
37769
34675
20673
14119
58499
7871
12292
48321
3862
29785
4985
8798
5278
2
1350
50515
1505
1350
47376
4031
7861
1656
42345
5054
9163
24581
16955
8526
39376
15271
10525
42463
40690
29910
33914
5053
2183
35728
38144
4267
5453
27246
40991
1473
655
16916
51077
8585
31473
55935
1880
3570
9123
25142
49720
8
20096
23111
12251
16818
3048
11706
3801
12864
47542
4381
41448
2565
16653
20108
33104
24552
308
14099
63917
24680
606
4381
38331
8571
7156
20168
35252
36879
7202
13646
48109
10748
16662
11846
9084
36971
7384
28139
7372
10683
2844
6408
1204
2011
5239
28061
2076
20260
4803
69180
70836
687
35258
33415
20703
2989
15366
24234
10607
62858
26339
16602
3117
1184
40101
5226
3655
5964
4325
28661
52615
10106
27798
2183
31537
24910
31577
18582
35142
5259
17161
23184
33673
3914
44575
51314
30424
7366
6965
53811
37032
12559
12549
21138
4
35622
10260
57608
41906
56028
30718
3026
644
12931
504
367
27370
19648
53006
9101
414
14757
13774
15143
25515
11228
47602
31871
21821
36781
22063
51488
16933
14766
389
55678
282
35153
5842
5697
18768
56938
26116
16016
4242
41587
10867
1554
17302
8163
14187
71780
39293
7185
2040
7083
3340
26041
3614
17119
1597
6094
62940
14859
45857
13880
16065
2383
45520
6463
28192
21871
3130
14664
1862
11618
4968
43628
26116
2713
32398
3320
14195
42696
40534
5365
6073
14130
7885
12290
6796
65456
1862
492
295
14392
10748
30078
29391
51159
4194
6434
44136
18174
43216
8360
68070
7303
1918
7184
12586
25501
25670
32265
57642
48880
6519
1167
25908
25576
13685
49368
23693
25996
17581
24680
421
36065
30086
17648
4341
1583
25658
29590
8814
8771
24076
68791
55810
35206
18267
3
4987
2974
13507
7493
1830
34891
9703
74957
1251
32424
24597
2098
17742
9179
21349
1
61315
22818
57227
15126
15296
2121
39808
3359
5963
36322
14143
6874
58547
21763
4491
37911
30087
53182
65923
46725
23177
55032
545
18496
14698
41068
33068
38848
5747
39318
39039
4825
22118
19420
8450
25960
9148
3772
8010
2369
6099
37544
8972
5810
930
4985
50366
8997
30667
2937
52705
18875
1912
57969
1384
8013
5975
35429
1789
37864
17082
18172
3900
4292
2200
19742
10799
26527
38569
8685
8206
1
17027
10079
41849
58618
3801
52719
28439
30507
27844
23721
38637
46787
26926
1255
14196
20350
9710
21453
609
2681
3232
21263
410
73726
16448
24892
26929
6245
7848
38169
7027
23363
1068
9140
4242
657
36299
66511
6184
14589
46397
11538
9776
30486
2531
5013
10854
3446
12975
47639
10763
739
24202
54938
21966
11601
2330
9929
33752
64622
43166
1886
31479
7449
47063
3207
4206
3700
185
10698
8682
10041
6668
51577
6286
7128
12536
36907
35680
8598
15479
52543
12088
19468
14410
40135
39506
59944
8412
24911
24596
32316
3745
483
1056
505
16332
8422
47888
705
40707
33779
47975
15103
27458
13809
26501
28548
1568
3810
2702
17104
15542
5461
30488
2880
54736
3898
11640
2082
6095
6766
26078
8730
21505
47302
618
63064
3497
17911
1759
3144
39515
16886
1662
38238
4846
5591
28699
28097
53755
14060
15214
15393
37469
6950
61998
1
3202
38709
43999
51256
9042
8249
28951
28571
40804
13018
6201
60595
6171
29872
2932
5752
25739
497
7802
350
4052
55208
57935
12393
52929
27352
32347
32128
11843
47
47133
69294
35424
42708
52530
10273
11936
6562
31219
2521
5541
43347
54833
30231
15702
11152
9325
21534
45139
21514
1472
39092
38084
8063
10979
2339
5990
2482
15641
6914
37257
50957
18885
2923
2973
20760
11217
38127
20949
41803
5697
7897
1713
5424
12776
18473
33437
1330
3703
21745
20643
17741
11033
5541
9492
3459
26677
5531
2926
8467
14558
11196
46401
4202
7615
7267
21143
586
1141
6
19672
16683
50658
27700
5669
984
9893
966
10346
6210
57489
23344
22707
1
20397
1059
46242
21306
32765
11732
31714
52718
14907
20318
57826
8724
2694
133
3131
14997
46846
72253
4506
2646
15215
1747
11558
17615
19970
2633
19912
4723
7663
24116
4142
2766
21043
15241
11029
7124
20335
34051
27738
1354
46819
1729
19455
13574
5370
6921
15854
21881
19566
56914
17023
10933
46801
2220
6935
58078
10982
4898
819
17262
949
26707
927
6582
1785
55009
59573
26631
17943
1040
3305
2758
21450
51111
12580
2843
13429
24717
14382
62437
15685
7025
30280
46025
26544
57868
58935
17874
2967
428
2626
23683
24019
38902
2775
566
31342
11284
1306
23002
15936
19477
57438
58682
2623
13021
18131
22295
14748
50583
46124
3084
29414
23899
32340
23498
9348
9432
5319
16744
4001
18694
7650
22442
12451
18251
60783
11696
9
11956
10825
16854
45312
22902
13794
2378
62482
21410
27151
55878
13476
6396
9517
7150
21271
3650
9531
11896
42442
13781
8030
1
9060
14648
28094
2932
24152
2918
15404
1270
5901
7666
11160
13102
32193
16444
43484
7006
25120
1125
9369
22986
12206
2257
8541
36400
3250
474
36397
13065
21851
6698
19852
43048
2247
35816
35728
6845
11453
4803
22047
52437
18570
14175
27331
54643
1405
1442
30666
43026
9378
8388
1521
632
3746
907
7234
3833
2849
13706
26446
7517
14731
10524
53636
3203
10026
10
53366
44785
8486
14201
2709
35085
21280
19939
2347
16400
6899
41946
12152
1493
12399
15057
31148
988
5832
6941
9023
47005
13791
35913
492
3389
37466
3824
39676
20970
3183
171
8811
12155
7099
30814
39388
18220
4985
23891
37180
2399
2352
58449
4958
26017
52743
59642
33116
4147
42860
32485
27068
39503
1204
8982
7278
28975
14208
12751
49825
3853
22448
38679
19302
46176
753
37166
48126
8791
2478
2671
9756
12140
45435
23849
43256
73378
51000
24110
44725
13362
14342
10307
48388
2894
386
26299
34948
94
43567
31246
34439
5198
51585
12847
1304
40693
49997
22882
18681
12495
1441
7964
22440
32941
9014
43509
9846
45977
18614
1361
16822
3801
36882
3076
13164
21325
4661
2308
17738
53125
21890
18929
22840
330
20337
42759
4306
8726
1271
10914
542
54169
23698
22048
21904
54524
4551
2599
1362
3895
5674
1416
20033
11
13789
4192
57626
2282
12476
9191
6219
11119
1756
6250
3107
22555
4562
57270
5458
3461
8408
12080
9303
1
1407
26170
2476
58257
727
54802
27451
3843
14010
29635
566
14290
47267
288
38843
3736
30349
1459
21715
2485
6406
31528
1950
9828
14514
1175
57366
51062
9988
208
1366
13894
36560
7114
6137
369
6368
6132
42564
16017
51269
1625
7849
15480
60217
5277
29748
4881
21144
8588
665
27639
49015
3533
39075
17252
4792
14140
22400
35415
11135
7467
15579
59627
869
32363
4992
16028
10610
6248
31750
10878
38141
18461
26911
24756
21219
7204
3356
20221
16661
28547
364
8464
40168
41260
64039
24522
32358
7555
36909
7752
25704
31201
32009
11933
14695
284
33500
14052
34585
25960
55209
47391
61464
10253
9379
10377
1349
1794
53109
1083
35606
52555
10519
27150
20170
594
8871
20365
17513
18035
17230
4006
6115
44949
44630
13463
1375
19848
46743
10151
8597
2609
4808
17580
22494
32472
4803
1553
5057
92
45974
19065
6475
1177
19535
26522
28644
3385
44798
203
22987
32199
8564
1271
23663
16456
877
33736
44092
5937
13509
12287
6225
51754
61957
20671
11009
6725
9562
51308
24561
274
17209
9697
26411
26619
24269
711
58182
14231
37814
576
23306
53634
20926
33898
10870
44053
20856
5145
5004
7565
47238
19355
16769
7468
29984
10777
17577
22239
58417
2
35178
13886
60834
1187
39904
17525
2077
26014
57712
48066
10610
29591
24899
5331
1763
9168
65989
26646
19082
21365
9808
3556
1790
17263
5499
20044
17043
18872
13693
3573
1994
25725
610
1504
4375
7925
25905
8148
11720
34851
987
3958
42849
3938
11127
52775
17255
15485
22482
5297
10714
32132
30103
4307
485
38917
5935
2895
21197
3694
14234
1403
13715
1890
5978
8983
565
9630
25725
23940
41321
13034
35337
1031
4474
4188
14825
4514
32616
9936
29517
29186
4327
24868
16458
30469
14499
7997
5905
37
1496
28391
14354
4454
34555
28497
55991
3765
3290
21754
55892
10181
32691
7216
36700
13531
2240
3065
25934
42993
31454
37165
37033
12761
7275
32669
46680
37232
204
7935
39688
1352
31212
22395
47855
974
51193
1436
45981
32684
3377
8832
1866
17646
3534
6568
52607
35454
13403
47514
29174
35149
1716
50264
34268
29550
42071
7073
28235
19606
2950
943
12242
3936
27942
12836
5196
18364
18765
54073
21816
35032
7268
32833
29597
25458
1124
5426
13118
43611
871
32559
6414
57573
17594
4142
37961
16179
7779
8662
32460
26754
54210
25283
19962
14402
37489
11696
12645
857
2215
9345
23524
40605
27242
23582
19186
1517
13024
8913
31669
10536
6071
14406
49305
9239
44195
40447
5682
6675
55491
47722
7459
40326
9489
3013
16959
12421
4527
39378
3414
3
6767
23506
8613
23852
4614
52676
64633
10315
9127
11652
5668
41558
3437
52385
20152
20457
22278
52174
15501
11028
5964
34893
30912
3520
32318
58248
17568
3988
6668
55827
5513
15065
27348
17325
9080
3714
48242
2711
2385
13590
18572
10460
14957
27029
60830
17734
14970
14614
1097
54748
4742
8486
46699
10336
3407
11693
249
7484
3915
1794
52896
7724
20759
16481
10503
3172
28839
17359
38871
15027
27714
15456
16194
4094
7344
24974
18161
12778
28501
61978
28092
11966
30610
64638
52755
21539
4831
3888
41008
27061
8703
6520
33122
9245
32727
31724
46793
994
3061
14071
5632
27142
20834
6883
18993
13075
5499
2036
43081
466
63251
18006
7590
26507
92
6089
13870
18784
34201
559
23477
26088
11790
622
41632
4621
5155
20605
35766
12675
631
3
34173
37457
1731
16367
3556
28055
295
16453
36806
34443
3371
62890
40742
63586
59261
21438
18953
43211
5186
18748
28729
26455
27908
23216
14315
20308
23605
18
40059
30811
17899
9051
1867
5024
10584
2497
13344
1827
61411
1527
37762
33957
50056
30768
5280
6408
60848
1
32504
2137
2850
9358
891
38310
43457
5742
587
18064
57341
14644
10229
18199
42795
24503
236
23438
18728
9190
15580
43522
27745
9325
29230
814
26145
36518
5402
2004
44249
67088
1522
13269
48640
23716
770
48621
13051
7552
2230
47399
21973
15690
514
4513
20434
24918
3846
39640
18038
20953
2430
2
54755
9247
4469
2786
9443
1106
41842
11108
54345
25199
7804
39473
3324
50623
4842
59503
8134
2332
3058
808
3
59903
4854
1
13580
6445
23523
20392
2952
24055
37433
51950
33781
21543
45608
38338
788
17365
14164
10156
3871
2448
12935
9877
10912
14942
10424
50932
17282
3708
50086
13452
49506
3102
4292
14794
7037
7543
21706
22717
14333
53587
3621
3829
27318
3210
10454
25130
24933
21596
10503
13120
4911
2893
7547
47369
12792
15361
35695
11448
23156
8417
8855
29528
66187
4506
15021
738
2314
19226
1397
50083
2382
47771
54344
11795
18393
3
6742
6169
6032
26549
33488
2099
18085
12152
33796
7879
1384
8757
35161
37363
14108
10200
834
12640
24783
28460
1768
15233
2904
11532
6869
41460
53491
12388
71599
31540
53830
256
6012
5078
133
21773
28626
65
19691
12991
13
50569
6515
272
4071
21387
19841
412
4678
68769
21701
36192
22597
57157
704
19731
38625
24512
20698
5
10483
47499
11460
23957
21475
5836
48878
2796
47689
29595
38101
13366
29391
5017
6536
15811
1940
20921
10299
47479
3466
11876
21422
888
15573
52012
4750
1243
31
4965
27567
11214
25787
35984
3
21119
29679
32758
5493
11730
22173
11249
27392
67202
1927
8092
24830
42274
48072
61345
10431
7879
14592
38627
45340
70388
35241
34912
26335
29630
17236
9
2933
36634
4642
4433
1284
19071
9808
3417
44714
3897
3023
39888
33853
2788
702
9469
17818
30899
5601
11085
1396
1418
7907
53223
5519
44746
2781
4409
9572
6062
16836
16506
22359
17533
5386
44317
4491
12707
8234
23031
2945
21215
3524
8904
2129
8435
16696
1764
36084
31201
10081
54996
44666
576
37153
22478
60292
5847
1031
45914
25623
6845
330
17850
5578
10977
12561
11480
4769
18863
12932
24441
7222
9243
28973
2036
23760
6347
5119
42577
22398
11705
12779
51106
34483
14522
3580
43051
32682
20791
3647
50030
46828
64874
16351
5413
41454
43786
27652
9161
20800
8829
51309
34440
9470
44050
446
22512
1761
12394
34594
77940
9921
53703
17883
21333
44666
32955
34507
10894
1
57117
3259
7118
2235
19984
3085
10944
56771
27342
18882
54353
60548
11907
888
2541
39112
42160
6547
19957
50942
8505
32160
15893
22004
37223
1837
48867
10158
13464
39137
2922
41930
12934
14583
967
7183
8265
31780
11310
32648
67103
15258
5082
311
1887
30719
29082
4548
33284
271
53005
22000
807
36861
229
26232
23420
6929
6198
27537
46536
26680
41993
527
6849
26331
13054
40709
32296
4317
28449
225
7826
1890
4248
14753
1971
29109
1406
489
54702
809
35814
16604
63048
23503
21447
27722
35596
11376
3082
29555
5933
8938
7696
9738
4643
9073
807
2
21
8082
910
29808
8164
20806
4569
7858
30737
57195
46722
19276
11114
5728
63671
32858
4010
22624
28407
34007
4465
55037
518
16294
12951
45560
2916
18377
19760
5755
9517
24342
12525
7537
15044
2852
1815
8807
14
27251
18700
49970
389
2352
9944
1765
49852
45158
16627
1590
16257
18583
3622
6433
14384
61815
2347
4977
29671
36846
37999
612
28808
479
12058
29744
3972
1242
22686
610
30146
4176
11780
4124
7260
6898
35364
19573
57315
19383
2662
16824
25293
34992
11468
29556
39693
15889
5039
982
968
5912
5
456
14983
57910
9213
3633
694
47998
3009
52901
4902
10790
14306
3498
27389
19680
45552
4143
20498
27039
6
7681
46721
49357
11437
18170
19587
15178
12393
51547
30966
200
46937
28587
4696
3102
1360
25382
10367
4295
72560
6046
41206
3638
9395
7676
11489
5398
481
2929
35474
20699
49422
61748
36410
1101
19806
36885
12996
26582
557
42461
24004
487
27358
39749
18385
17350
2424
510
15729
98
69130
37124
60691
13530
74760
5358
381
52420
13507
10702
66652
41879
47261
54019
13864
9788
14460
41888
12428
536
12259
27135
8039
12011
48728
8978
33604
35392
21526
17956
14490
20015
61795
10974
9265
36621
18478
67327
16230
1134
26342
1790
65033
51353
25688
7345
8352
8030
32330
8539
4386
52284
8
2683
24544
40668
31598
6995
15832
47430
51534
10638
53100
947
18080
35206
50393
32492
7625
326
2427
3611
47943
29294
26305
192
11251
6345
45972
19970
33276
5917
1107
40201
38775
1728
10542
16419
31224
36075
6988
43610
8222
3265
21986
1380
11357
11168
57124
40236
2
26960
68564
35630
2112
11294
9494
216
9898
4748
22293
40456
16038
6497
6652
968
21669
6826
20441
20156
16536
19666
7258
4908
25813
17558
516
27919
35525
843
6769
22128
3911
35268
55687
23425
31792
6
15242
13645
30818
8575
5893
43694
40881
3106
1067
21533
38783
7168
52650
56866
1861
60414
2209
5545
3982
12836
10470
25368
48755
1305
24411
654
5596
19742
7289
2976
17365
48539
40413
74476
8538
28540
48723
2382
34320
1086
18196
29521
48361
20011
1915
4303
58915
10092
310
486
9843
18310
27029
31980
35144
2977
37673
13665
59255
21029
10031
4606
44070
34622
26414
27417
34460
5086
4222
49881
19980
29920
32177
22370
36327
10612
2845
8786
50825
32242
24404
25171
13676
2366
21917
2227
12823
5395
66323
14433
45069
56181
33578
9778
1086
8345
45493
11018
14135
49505
8221
9927
1900
7987
28918
3210
19319
10544
3401
12032
8407
22426
58693
3530
37447
18689
308
21461
4285
9611
25233
15131
6563
6336
43828
12118
25391
1789
52442
6590
477
34949
46283
11671
7556
29146
5548
5358
30777
5873
12578
12899
33310
36140
52816
14485
8713
271
45920
623
22081
24723
6
8115
49409
28697
7884
18629
6646
12406
39655
55242
12652
21016
56673
52485
1328
8865
7978
19740
7899
7
1
3565
34
5210
23474
886
18763
7726
33703
16752
9536
18075
60525
7791
71538
22486
4696
3313
13296
6339
3443
1217
40030
530
1104
7414
939
45405
33625
24434
21481
4191
16569
20218
365
11034
3
18332
6338
43203
16169
29704
4834
25038
1826
2947
24454
1562
291
16691
29480
8642
14255
4026
6761
13579
3208
2984
730
6587
5000
5591
31602
13217
11547
27818
32162
2771
6876
18062
24453
96
28369
73184
46441
13439
40493
1843
1271
70179
483
20616
19326
13131
6452
747
41378
1280
2043
31488
28974
14382
8902
13017
559
4146
46427
2136
42948
838
1393
950
6399
31195
54385
6772
68846
38900
30024
13354
714
8326
10970
23315
22444
3999
28770
1904
512
12180
25354
3342
50503
1
19643
16390
29481
12782
14378
4159
13362
49741
28636
20100
24633
5021
46440
23813
31606
23593
8296
44851
2931
10416
20528
1414
39556
1776
12873
372
39586
774
18356
54312
17830
23706
35205
35438
33658
5
1125
21307
13
17719
17401
20807
4870
3450
17875
370
56770
2789
19982
3489
669
10944
354
9304
948
26554
3486
13717
19991
8640
36481
8188
18374
15707
3655
17406
32037
2133
11299
8366
21793
13348
13407
34774
17112
45295
25749
62812
392
17923
22465
3002
39748
27473
14431
20783
12676
43639
22515
11879
28437
9476
1352
52091
26573
3222
29111
11973
11390
17896
6089
15521
29664
15555
62440
1393
109
9401
51904
21519
37928
11605
17363
1448
63512
28594
54031
42058
38786
9365
24102
1
2488
60578
27419
58025
1
9691
14401
523
33579
5176
11876
27219
3623
29641
14744
16336
685
61120
10147
53156
56876
31837
2063
36870
62259
894
13810
11334
10031
48246
439
8448
454
7580
8877
10409
33576
29581
725
65045
30412
17981
36624
11630
19063
54581
6188
973
52441
40029
11393
25104
37927
16929
20067
25327
14881
26792
17321
40360
6597
6608
49326
23939
38457
9663
1610
7189
18219
32645
3656
1826
15786
3669
22428
44241
6977
29048
45586
65834
21509
38829
34850
12923
10187
5252
7233
2656
15656
2685
21885
28107
56757
23734
52695
2930
10968
1212
56581
42717
59020
1364
68412
22260
17865
48937
13270
25651
33519
9293
3264
39135
12769
13095
19044
61898
15221
32857
23899
7994
12742
45512
12174
24272
51018
7039
674
44604
25859
37302
42999
967
20986
68033
389
27212
13652
638
21826
10951
28350
59773
1061
19998
7705
8868
30721
13684
46160
4493
7411
25557
7645
23260
884
5760
36698
17629
32
34873
5927
24647
12887
739
15878
3173
44864
4447
46285
64915
44064
34539
16438
57367
28775
35532
44835
19785
5224
27255
8007
3603
286
63502
1250
3
32003
18117
7825
6561
483
378
66784
44060
204
21808
15941
30
2128
22603
20708
56336
4446
27101
5973
30320
8314
32593
44200
51300
11273
36177
1450
59111
31581
2964
69196
11632
32178
11896
22046
5705
390
745
6
37927
41560
12681
33093
33080
13062
4149
7558
7015
4420
3194
41201
20935
3584
32188
1141
11916
6075
52331
29792
24535
34909
9215
6241
8535
3656
2833
45476
15082
1553
24889
28953
42697
54590
23081
10177
23337
34136
8729
1221
971
4939
7906
3277
5691
54794
30020
4695
12991
65650
42232
7353
23782
48449
60815
22766
10436
17252
11644
7807
58603
39431
5603
1028
3679
47761
22182
5558
24106
28515
48107
12236
4814
5765
28606
28777
10061
19334
1179
17
67592
1458
5839
19257
35119
28828
40986
20115
1259
231
7930
13981
8678
19919
3979
3312
18187
1308
21133
7558
27657
822
6179
16410
42889
61870
2498
30865
22758
5184
7550
16790
6844
39913
24532
4638
10013
35216
26673
6705
14305
528
4434
8035
4902
1996
39120
28601
33152
3558
10192
107
8606
25386
8175
9509
1
25239
3770
6235
14486
48416
1890
44418
23893
3077
1206
37823
31554
40918
14518
13358
43035
23216
18307
33088
7021
9857
1820
4771
18825
16193
16552
22581
25698
5627
4401
26699
17115
9424
27818
34416
38144
62086
26798
34343
62545
3225
7912
29092
9086
1176
34879
17308
25753
13558
25150
2480
1603
16217
11104
887
6953
21461
15196
29888
18156
47
999
6886
40727
15250
1725
9437
57820
12161
7693
1437
4449
13015
25082
1810
48851
2508
33843
5116
23174
15462
10430
16917
2584
3633
21076
28
8938
27530
37658
3086
5536
3
38399
6326
3517
37526
38837
395
5289
29479
6486
22788
14574
59418
17370
24145
1229
33099
953
46025
2952
22272
50299
3317
17894
11493
899
10055
3721
12489
27154
10723
39977
35576
4008
11979
9229
41416
5140
43776
36991
15043
64001
18240
942
449
7783
12029
11613
22840
54802
38525
21937
2824
3655
11811
31222
14177
2
37335
51215
63762
11429
402
33158
18443
18539
11386
6416
2548
10598
54305
12593
1240
20006
1724
41630
20027
47606
17788
18105
13957
12651
42156
59754
15907
1593
2601
56279
11742
16807
39577
23116
5771
65920
29381
9645
50159
45213
5444
2560
14178
8146
6926
55592
58402
11517
32349
28292
4786
37466
40861
1061
17581
1222
16771
50448
1195
877
5039
11822
36094
3282
12042
3685
5684
8502
53899
36199
19434
2640
10648
25535
1177
21599
39393
65226
8
10737
14887
463
7111
504
22092
8799
27221
9237
20664
10915
7225
2
20707
55995
4820
34104
69358
26522
15859
16272
520
1192
7783
3623
3807
1539
966
43581
13163
22189
347
64833
3823
11951
5352
11732
2190
35227
61961
345
11712
12996
1165
72076
32635
14440
55609
22625
321
1810
6497
41648
13072
31918
44573
19049
1098
5571
1246
12092
50603
2361
1788
49352
44010
17018
4021
7485
18777
4217
2180
32791
35234
26652
30989
13547
23962
46787
3304
38142
42782
17027
40634
72194
58701
14671
8581
24769
67539
54154
19531
15996
1220
38594
46917
14259
505
8086
28118
25358
6613
3164
1560
28591
18007
6271
12499
24040
22397
5
43778
3122
11401
4687
5021
7363
8719
859
23885
19609
14655
16776
33983
16197
16135
51322
6915
39769
1739
19311
12510
23268
1189
2502
2024
9923
5015
826
43
1351
5339
13353
33783
7721
3343
8952
28199
10532
2227
25581
32763
17265
12657
40226
20784
8896
27253
4002
1584
21768
63476
72212
1215
20137
3086
1920
9944
15290
3870
36484
13
3111
563
24565
23788
1762
22698
7990
21712
6367
21177
20669
7547
9065
10369
872
5441
4015
3282
38834
200
16
10061
8917
3464
24717
6958
48794
13071
46194
970
55859
60117
37865
14535
1
7854
4423
31521
19459
3514
19216
49509
241
3273
10820
5148
9993
2078
72579
16294
21835
29689
42503
21637
18623
25379
17100
26579
7583
30856
1452
9238
17201
3071
58625
40930
23963
39670
20669
13398
16760
9682
8290
348
8135
47432
6697
4244
1
16016
19206
74442
41382
19825
12354
39813
4505
10916
8133
28617
54320
4429
50075
19579
63243
9300
45370
7525
47673
37425
15851
7956
45637
44311
8850
33143
42872
11195
6641
3243
55061
28732
13859
48533
11099
9053
15053
592
20156
75668
4657
23316
72304
3706
443
68359
66169
6827
27913
54592
3171
3341
33594
33688
55743
27850
33302
10813
1828
17309
62895
38617
6965
21401
33444
52403
3734
5551
61054
64582
7416
14833
17543
8655
14198
34075
25778
12887
11156
26611
9207
15795
14259
1576
41192
45189
18221
11299
41182
47373
18144
14661
9062
4467
6265
22853
37216
16315
34743
811
40582
21051
390
63732
21344
7787
9910
24818
42579
9335
12019
111
298
10348
23366
49432
17666
1647
8812
20413
1523
24519
14770
13787
2
27490
36473
21026
7882
3745
7111
3431
16263
3907
56249
23448
15171
12379
28836
1866
15391
9949
38538
38347
5359
11460
32270
2160
47859
4582
21064
12707
62684
1263
27009
915
28303
4915
360
3882
12972
60542
14532
22981
39771
15809
41135
441
59574
1197
52158
8343
2889
55675
1271
6396
4669
1332
14005
35459
1878
9351
9060
3000
55328
28856
1682
5137
29082
7401
30919
21442
54074
34532
19514
7566
877
4162
16274
38418
12435
4884
9652
6942
47713
40739
8224
1570
38313
3197
7624
3637
3910
5064
40771
59388
25721
23437
48980
36126
41036
8933
4192
4291
48147
54186
704
2
33245
258
2307
230
17044
13536
4
44671
1902
9699
5743
15738
65811
7507
6461
10951
4578
27213
58
61592
7190
30750
27759
46520
8345
14426
4528
10788
18746
22353
42020
11283
4730
47153
6652
30713
30494
12673
666
18220
22834
13918
16943
5802
42611
38973
22309
13002
41185
24569
12005
49524
14704
32645
5987
28294
3492
3230
20998
69181
38142
1115
1188
43448
22361
67185
5641
20779
55146
1912
10147
6217
43431
13100
28041
45259
4982
12634
30139
258
10768
26763
12546
891
47362
27812
10858
32376
691
2960
51779
15198
3604
41721
13159
13229
42818
57391
21639
26267
1879
70532
34277
5683
6813
13249
30573
48984
27757
23469
6036
29795
11390
16945
29034
6177
10940
63328
17211
5671
1812
41069
24672
9562
18320
15770
651
23
12369
26133
7282
31550
31983
2179
32691
10049
17904
26334
71038
21552
2645
24771
14130
5833
12269
37978
42437
14040
9889
7358
12530
44070
18456
11975
2047
2135
52276
3504
23922
8524
6686
1282
2053
3450
19846
19204
13449
29832
2
42064
430
22064
1507
761
1354
26137
19526
10654
16555
1112
41770
37360
10052
13987
50207
24619
3198
5447
2027
49900
201
27398
26644
1494
59705
41904
14098
2754
31
29519
39070
41088
26368
29284
131
4594
37137
8534
45122
5690
883
4269
8533
1627
56746
28103
50253
53759
23201
7308
16169
5048
32829
15706
2140
15295
26117
22832
4177
908
41008
4843
20081
24970
27048
16554
4648
5316
40752
52596
13785
546
27860
27967
47555
1122
11310
23890
22551
18992
48839
46748
32469
2901
21149
33208
10049
43281
45830
283
3418
13452
13361
11052
7977
12818
39569
3392
1536
38331
2920
30665
5390
50889
484
28097
39296
6574
39
20355
58246
8759
17827
5320
38819
17186
6551
30127
2201
33966
1889
4043
6838
1609
19413
30163
15591
72831
15778
21050
3534
1901
22246
5707
23540
30859
18245
1571
38733
35679
2721
18050
35989
5191
19628
21005
39713
57404
29036
12594
17243
8251
27809
29929
34119
25653
24254
4507
11529
13228
5351
1912
54455
31041
6698
1151
7258
5820
11379
8683
1020
56146
3684
11756
13482
36551
2485
1558
63102
42244
22545
3712
6670
8509
45468
8348
42660
17210
10039
24838
1657
2001
5233
38473
33547
28335
32712
1159
48931
6872
15060
4924
3702
66407
15110
39212
13544
36082
17574
1509
12531
29134
371
32
814
22244
9436
4968
12768
3778
4366
15672
5939
14284
2908
55534
9753
6556
6246
27613
7572
6715
21448
41015
26426
59384
6250
35407
41770
405
32369
15634
3312
1549
1737
3584
67801
4469
15127
1367
7943
26274
25136
3689
16979
12435
2567
12638
9700
40418
12499
39246
7176
9125
17580
18627
1706
37230
45382
24391
21670
12194
50869
52558
28668
13401
5447
8764
485
5529
574
16015
857
35161
23313
44431
7755
4534
67732
3377
13117
26420
29007
4618
19
16608
9239
9749
1558
21528
2216
16603
54233
7938
1948
34550
6420
5093
2641
16376
502
30453
53327
19200
56299
2422
8400
6109
33725
12014
61500
2068
7266
44728
19749
3399
17182
60500
30017
17791
4764
1696
983
9245
37394
29955
38150
38421
27811
45890
25704
22911
23939
2331
10833
59694
7134
2945
17131
710
2042
2370
6004
37888
6617
2957
40680
948
21473
43562
23704
57754
315
11152
25845
33043
19471
21723
11475
1950
15701
34981
56436
231
54524
3815
62474
25992
23401
15419
31719
6838
49383
50301
6503
63360
27876
1
8500
24609
10081
1014
32316
58462
45877
37234
2787
38679
47764
20108
2349
5051
25731
1674
10330
26564
6531
5382
27625
5154
27776
12623
508
4603
1723
5587
12679
8202
7822
8414
52720
21216
16063
34702
11506
34408
16327
37205
2627
3029
11361
39121
24554
21272
18765
8450
1013
13971
736
13618
35485
1435
25344
18903
7748
2738
10513
10037
913
5239
6709
61230
39609
14163
16223
28935
3674
36174
11776
15777
420
20520
288
1911
18110
36166
62262
64005
5755
26402
8885
38375
1469
56656
22920
9000
34779
6683
9265
45104
3019
37350
8817
34395
6162
16093
67903
5879
46158
1020
8048
5013
1502
16645
14269
8114
24818
677
6330
14558
4221
21779
25601
23151
13645
22688
6704
16081
51770
11669
6
6115
36585
35451
4508
17846
28453
18
6193
16949
3459
30768
35764
2951
11958
49209
3141
4060
23888
428
681
42641
65555
56003
1032
21945
1041
10544
15277
12428
4049
34938
2228
38408
31126
13741
3079
45531
12501
57
2435
54760
13629
23519
11126
57674
26152
47924
30306
15214
5772
7563
51158
25169
19950
7652
7678
3735
19
17890
69390
39950
11714
25494
22481
2490
38441
2212
3014
1939
519
2915
28195
4469
8664
21882
243
5947
10073
10564
43402
2166
13352
40342
52844
2210
4766
9490
3302
16388
10432
11382
14622
32600
3458
13536
394
5923
4175
42570
24225
12919
8909
10746
2607
2677
22607
9327
2197
34612
8325
51470
9369
991
23854
1557
35757
23640
52799
55634
40962
50248
43967
605
9
28953
1643
1900
18646
23136
23714
19082
66169
3906
38975
6
28985
17429
456
55327
7227
16880
33346
18144
28392
3824
815
31076
38844
8786
38770
13397
2602
43466
12567
11535
21488
41093
3190
4942
2672
16188
14241
1476
2579
66703
10526
12061
10989
47605
52098
9149
8497
3570
1
11240
4305
15567
28048
2812
2710
17653
295
27416
27127
25853
20748
16305
9392
9333
3371
8731
16929
3850
58964
16769
3127
39788
4205
56882
6690
3913
33282
48929
1559
22196
10058
8467
5866
19051
21612
19822
11353
31663
1736
27
29831
41071
26073
21414
1381
21503
2221
43361
6167
7280
45018
19287
5496
6378
19018
1493
7121
11543
1
17362
67653
2055
20597
1406
23638
13424
6661
4100
60743
8257
11498
24294
19459
27093
681
3208
2247
1460
7757
32993
492
7019
48715
12736
24349
1558
2312
31025
5849
599
4942
11946
837
16158
25729
21873
17254
27270
4652
6334
4558
16656
37666
6160
33752
34486
3228
4547
65024
1301
876
2128
12790
10823
5224
34043
21462
1340
32261
23225
11086
52033
12873
29913
64764
21738
13897
48930
14392
28565
50894
4683
52682
13196
16488
9850
48786
16911
19681
2618
6710
34153
28438
55804
17197
44755
12883
12165
29526
18607
66952
930
6070
2538
3737
9332
68947
24594
20517
3756
17794
3985
16392
14501
6052
17830
4329
7811
419
4188
879
31179
8862
1167
4210
49435
45951
31078
15505
58394
5516
8063
11455
763
14257
1355
44960
5588
10998
11177
15489
24994
45146
24114
7074
4127
44193
517
20434
56315
10401
11635
250
17598
14230
43412
10660
45665
801
11368
14209
29065
3446
24311
55791
9864
2705
55443
6179
8448
17027
10448
8950
57075
12822
7307
27785
14765
44192
43214
71955
43483
28916
8714
53956
7050
1463
20563
1565
34688
8917
67326
1
14143
5671
9120
19066
6111
3659
28690
32716
12558
45379
3944
3923
16729
11789
22572
3329
2
25404
1856
3602
20231
27557
52571
1898
68669
23059
18840
15778
3550
5703
2748
18360
2192
514
4576
2840
15029
6912
6004
28924
10221
22073
29450
48593
3111
4691
9690
32190
1517
33249
3726
2099
49493
26779
53323
3091
40229
15919
22546
15495
25684
23495
6695
1718
5123
41631
1397
28614
13887
519
11579
10347
51387
14409
24777
4615
7742
1465
24328
698
10636
1797
8788
38627
3418
9251
14502
25629
18017
19063
3273
26116
3665
46788
53117
51233
48815
7409
4108
2769
11418
16430
63357
1694
694
23856
3033
21346
4786
8832
35712
25209
46395
5188
2659
34398
35287
11668
29201
6419
14802
10170
36064
61939
20246
31399
51286
15527
539
74350
19766
41178
36188
44367
8040
13882
3551
13174
1845
14254
37278
4989
6366
16988
21496
45179
5369
31445
6717
45944
27870
31348
17109
10782
46562
8148
7071
12042
5342
33578
646
58817
17979
46818
37349
2363
739
17363
61435
23838
14242
18821
9770
7056
466
59407
29036
53143
69707
6682
15831
15339
15990
32449
38747
30341
18814
113
28848
29045
22670
1782
1016
20281
3745
45
15870
9283
1019
4734
14602
2796
52785
11553
42994
473
22940
39323
2316
8094
3935
2884
8038
9600
4003
13754
9023
42720
29185
6482
57321
8736
13983
23666
14909
21497
41872
14476
10805
8760
23
15229
17210
23043
42496
4960
4114
24241
22526
535
21331
3361
49202
26467
29637
9159
55641
10472
21415
72464
3910
2670
27949
22165
197
592
837
54537
2543
58066
5670
12483
25611
25975
6500
14880
70568
18376
17121
27219
4022
49583
21424
2860
10
13649
16119
8
10059
11111
51212
7497
26939
5559
47673
28141
16239
20917
12078
49509
21605
42263
42329
11012
4177
15084
38740
10779
5094
57119
1764
530
1313
1348
15461
1248
26100
37569
1198
16577
50452
22424
27997
7956
30134
46639
52454
3664
755
23317
3922
24543
18746
1454
707
20703
34886
9058
879
51965
33888
27292
23983
18118
7801
11393
1042
6398
41154
13410
55797
10468
1668
76229
3213
37227
3056
39204
48137
2276
1276
12387
17786
17079
5171
14961
8310
8462
22438
1
18222
7971
4122
17134
16060
51849
399
60897
6720
15575
40102
15006
57622
26920
40650
23620
10526
2239
2594
20153
19095
14516
7771
5449
6721
19835
8455
9235
24948
447
7072
29065
11959
5392
3957
4
22321
14243
13397
28734
330
26577
8408
318
14281
12302
30234
7569
54347
9001
23844
60624
8113
42211
10105
35155
4629
4108
14568
16526
1366
44142
44571
423
5830
17093
20730
479
3555
2139
1077
7143
2045
2389
6041
22837
12813
6385
30254
24378
37570
1535
6776
42314
5121
11082
3528
2
16645
128
34737
13585
12407
26930
11213
44765
37692
16201
8621
15139
23410
1188
32679
31064
47907
40364
2964
66220
572
28559
10987
10250
6803
30335
50183
8481
506
658
8784
56045
3962
7357
70887
231
3428
7581
23863
7837
16096
1476
53875
5318
4271
54466
26775
4052
3229
25399
34902
3756
27532
15960
60898
21741
1996
8766
12230
10264
4929
4661
11841
31960
2440
3674
14712
5379
42013
15450
20965
60099
11773
19638
7005
15878
13240
13925
18385
45805
10585
9268
15805
1994
20857
34061
1319
12039
40069
1005
41537
1346
51758
2372
3644
3813
8210
35069
57
6126
5792
5136
32364
1925
5
24906
206
18914
1380
9543
17096
1268
661
15983
16850
39867
26385
23107
2758
23009
26223
2834
8065
48307
56431
34540
5142
1051
19503
7976
6228
8539
19042
9658
1745
13229
37796
10317
11440
11355
22445
20266
2821
4595
5629
53887
8380
34638
485
15739
4718
33682
9141
29692
21372
1543
23334
1554
8473
12348
5448
1230
4463
32242
2697
58179
13265
49325
872
7407
18881
9369
22704
43097
521
3542
1419
72286
13962
26394
7760
2552
10320
5858
25103
21124
22629
1189
1453
23348
1009
23371
34919
16678
12535
29068
27234
8588
9257
2595
2832
12593
28787
71538
1396
630
46209
22233
36615
36797
1834
8190
49547
8330
9876
3276
11860
13532
15924
12082
51086
1009
25865
21225
18289
30221
15655
8080
9758
15319
15877
1681
15711
37275
39743
21302
1543
6448
21083
16857
4782
3983
5848
46519
33760
440
1838
2403
20983
57451
28204
1429
9668
7746
34811
35145
12986
10099
19099
54758
35837
19116
4152
3685
29443
23883
32956
5294
442
18611
16455
16229
39351
3581
8734
19290
39091
3349
18857
25299
26198
797
2462
27344
3575
5333
405
60551
2864
18437
25277
59705
12921
47325
36224
22104
17540
11932
23680
3181
10513
11874
48723
49444
16285
4141
22976
6547
23934
1700
42733
9927
40253
8565
12440
26499
28047
11579
44757
35084
3734
3137
24478
39627
31358
14696
17426
8481
3217
13536
14258
10064
21798
22712
18947
14445
849
10461
8547
55636
17692
14347
5018
20678
2150
39486
35791
64019
7807
38816
4154
36214
20377
7493
6623
1284
5998
3586
1139
6535
27692
30812
10719
48243
48779
24991
43807
31905
16998
57397
10584
2721
5841
39914
21428
899
2567
12104
16156
9070
9859
20290
7986
47265
4269
73393
28140
4979
33486
40357
44134
22095
29147
143
2903
31187
12914
39562
3737
15636
17211
4374
547
4653
3270
13741
24872
35070
25582
15085
15608
22432
891
8305
6789
16558
2424
33493
14033
35029
8243
20224
61387
25694
2160
39671
23085
508
7
3723
761
15471
29136
11991
18735
8711
33660
17488
3066
25914
6707
4964
2341
10220
1566
8161
368
13985
9392
5614
13713
21082
3045
1
14200
18443
14334
915
34017
34337
18959
6324
53706
10511
21650
64265
4022
610
4965
30617
21700
33711
17202
41611
7575
450
20177
37574
60579
10738
4427
46371
23495
64898
12038
48691
23629
15835
8960
14655
25077
58852
1580
184
1266
44131
27858
4731
5732
28937
4583
17128
28335
18055
3351
17423
11835
24803
2875
1303
7352
19569
5054
2153
10876
29577
5762
1482
4847
3001
14436
12813
4422
12744
5564
40639
26223
5283
2598
37960
30504
22970
8017
36471
47191
10999
14651
50604
9901
20793
18741
9573
13703
1589
7333
11796
5961
5482
1
6432
14173
12114
5334
2998
21259
5318
8341
7421
24638
633
7914
7766
9641
30282
41048
2956
3741
22803
1754
9594
2800
17119
2079
1222
5400
32666
30333
23058
18340
31963
7037
14995
47306
4822
8076
52915
3900
33248
5014
12097
6598
23543
6060
66516
17032
20240
12881
36187
5791
16609
13076
29705
35419
4807
30129
28842
2599
10553
20530
30310
30416
59310
13419
20286
22226
2841
51141
38427
22414
4453
13393
31591
13725
18795
6982
43415
35374
7624
11503
5951
54943
49136
16619
4503
26871
17951
7832
357
14
11552
18217
9684
776
60413
47330
6838
21304
5461
15689
5566
31344
20935
7263
21444
19809
50289
4667
6959
4316
47406
6692
28728
50529
25391
11001
24677
37803
1404
43635
55875
2310
52167
15886
10009
1
2430
68359
11698
6743
11053
42741
5462
40242
60345
45572
4856
21729
70275
14980
7063
3980
44144
12441
12414
7713
24217
17708
23787
53827
2227
15168
11130
1492
35234
1868
17690
26680
12850
62107
17732
6677
12762
32615
17784
2679
10014
18786
25161
16355
66632
9454
38366
463
38130
9784
7574
3470
13393
20607
34554
3029
29222
19
4317
8090
61254
50379
12243
14544
23597
18827
11484
43084
959
4298
4103
1751
23266
30884
39585
22149
3452
26152
6294
29008
26829
20388
3787
8327
12569
8642
34408
19562
89
25019
40384
59798
17135
1794
3803
3119
33917
33729
10914
37729
7358
5128
6958
10405
1029
69372
26492
11209
4153
23911
10753
17077
2314
7879
9675
3904
4667
12643
1699
20528
11630
44881
1189
26241
7689
16423
28399
41793
13543
3156
9860
17340
7966
8399
4
45360
653
53991
17502
964
5313
27681
61013
187
13795
11313
13254
29995
15229
6640
58136
35926
7522
35939
42890
9438
2153
900
50906
4638
41075
60184
4089
8784
3699
32285
34188
26267
32
7057
5336
7187
36768
58509
25408
34076
8649
41159
8901
43988
52575
2447
21709
11618
1970
977
4333
3883
47139
32834
30462
10556
4566
36591
491
7401
1327
8969
2564
36146
63958
12894
3825
5210
7887
8242
35887
47843
4516
72
1646
22674
6021
4240
8132
16283
63563
336
16117
41387
41412
3131
18
5416
9761
49799
5412
14605
5822
5692
6
2160
22147
73409
58516
37821
13035
7692
19670
64698
24025
25339
8996
4220
41568
3
985
6174
52242
17010
24591
69916
23743
37223
8897
44683
170
41005
46086
2800
1049
3076
2265
41249
914
14551
6816
57715
28491
25205
55449
5781
12751
2291
12396
15247
26230
41246
60754
10167
22053
57425
7874
18433
44942
50364
38758
26249
48902
14209
54291
9379
63662
14432
38927
43984
14369
28395
5725
1190
43354
53463
1786
58761
13950
4626
49667
3013
32110
35910
6452
22634
109
2567
5608
13899
3909
46930
1210
37584
302
1665
2163
31725
2287
4812
33537
66161
45152
20562
19291
6029
1053
2268
67920
41169
10304
19928
18971
29366
10602
25
28467
57215
13283
4977
54829
2910
28549
2881
4914
9133
39500
64113
1197
42600
18380
29493
57151
19852
1030
5265
1491
22423
112
8057
2889
14635
15947
28947
16502
4789
4425
60963
1795
27496
701
46505
41925
4013
15379
45037
20115
6253
600
33386
15709
23958
58
990
6075
30817
28109
49778
3029
14304
13776
20242
17771
44389
4364
6935
2415
36773
921
68136
32571
28444
13155
26483
3720
984
27758
35647
6555
3129
9279
8152
52365
32755
16248
18776
1834
3399
27043
33475
12155
22846
30321
30612
1274
17902
13011
56406
348
3287
4153
5573
39327
5003
4377
5907
6692
7942
20371
65089
32560
30265
4768
42606
21388
20974
31731
714
10145
60864
64659
559
60205
3567
64411
4409
3927
2411
879
1845
20320
4678
4837
30806
31886
12764
4327
1544
6545
26581
44931
22632
4014
27925
29775
8356
21800
3826
8804
18288
26046
21734
20192
36447
33029
11564
63737
12237
1994
26693
46744
63219
10370
15133
20695
26013
1306
899
11912
14848
18243
71853
3351
38954
775
9542
3886
14635
374
62557
15531
5196
12214
37996
2081
1420
39213
11162
12165
833
6253
10610
63065
62162
9472
18262
6094
54535
4537
884
13306
26014
2366
20688
67481
17738
18432
5599
10456
12740
5634
2385
12800
12887
28355
10040
12386
26133
68171
10355
11085
75903
15935
23116
2002
46851
62187
31895
21419
5098
11971
35285
50420
903
24299
70843
16720
51989
1845
263
30021
4471
1608
13756
60710
2342
49905
21520
12337
12868
3649
1411
7711
67769
26750
2936
9106
2022
5200
25345
30085
10916
2498
47304
49365
14025
23482
29525
6304
24294
6488
66784
46136
31153
3322
5887
11674
55425
43541
35846
62455
34499
36334
24945
4342
1577
19775
37603
8012
4649
31635
42913
14030
8026
2978
6983
914
8472
3015
11558
2481
8649
5971
8875
10541
16513
41076
18818
40003
62442
14282
6472
28709
4142
2605
72351
6078
49303
13958
19578
2309
4023
713
6075
41361
8910
30578
57642
31049
12287
42989
2671
3740
26987
18931
2617
416
11855
24089
5858
50912
30356
18255
16693
2596
28543
63890
6537
8943
7541
5983
304
24793
32064
16714
12418
11731
16381
1820
10406
33054
24908
33019
22338
11676
515
19006
59990
4355
2473
6330
3155
40518
20599
63111
358
6710
53651
28341
45788
12371
857
12161
19307
34056
32232
52251
13570
6397
1974
20508
31348
3403
14440
66521
9094
19492
46018
14576
18354
15030
8118
6870
954
3784
13715
1630
2920
5415
2131
40657
3321
29232
28394
21619
32738
18003
55495
24851
4574
4644
22143
19274
1314
29841
22542
3418
18783
7534
8355
4076
11382
18296
22389
3480
13770
8534
39870
4938
3464
547
4391
3588
13042
14316
27958
32700
22140
3526
13260
51719
9825
14591
1061
15736
13468
41711
59062
38289
60971
34593
20126
4498
872
48392
1127
14187
14214
1
36499
3480
1102
619
34930
16515
17923
9537
39806
30549
4202
42668
24650
16372
35453
47509
3449
2792
42200
27694
17442
10316
7058
2851
29286
9595
67102
61501
26431
24228
2198
16775
39724
32239
31691
21213
44140
602
5591
17965
29967
6870
58319
43640
54097
840
18655
25221
16326
11388
23447
43338
5071
5622
15594
69413
4936
30600
6365
39144
6803
55264
1893
21474
64596
30126
14311
19791
16785
39492
6706
53660
37221
13298
29523
66720
9828
10657
5734
26241
47937
762
506
19006
16525
2448
2245
11879
42866
35326
22984
19514
29912
1121
25178
30738
43480
16705
35763
16862
637
6783
11
41873
1666
2654
3560
48518
53992
15124
3747
3166
25313
7440
1793
69832
42857
42961
12502
17605
34420
2951
467
64073
5638
2688
9101
22121
11861
226
6417
38716
67058
596
8193
10306
26522
59008
47505
7113
4140
4355
59924
15170
7759
14370
28214
45323
3918
3425
32903
50362
8956
13099
16394
16411
35775
7106
17455
12926
5606
12661
631
23025
60891
10176
57467
1964
4812
12967
56781
10151
13142
14800
18016
62428
7666
13184
53664
14481
1081
29810
2831
2272
20
1261
18733
314
6444
2225
57563
71399
692
13094
20565
8815
11524
50336
250
66989
29990
10136
19522
39222
6413
8335
29211
29790
47268
3388
16574
56952
11850
11487
8188
28075
16706
2743
34627
21090
1858
13396
58460
22596
23140
7040
15077
42320
3675
28785
3198
17162
7445
75707
8300
12994
21989
64048
6350
48002
26273
38086
45861
3375
24228
15987
69299
6011
25157
34914
26449
11023
64435
14847
31747
63945
29664
14842
64861
12850
42602
27942
40369
26586
7545
28361
12146
15776
3140
11354
12771
25324
14615
7848
30119
7020
3832
874
2236
3609
13354
8805
1844
9366
5294
25616
35139
5182
12438
29412
2455
1343
5701
42818
7196
10576
30906
1771
6056
7805
6390
15724
15221
35
5122
28875
16953
34568
5412
25691
43240
43666
35569
29799
10769
26411
13077
2083
39925
15079
3625
9964
3447
9382
32412
24738
24326
3855
34533
54479
5769
6769
27253
1326
10878
1977
7654
2479
19047
4860
51565
1
58281
6268
8852
658
12567
45729
2686
10618
62257
6163
8633
1967
6635
67505
10884
7428
66466
11877
34033
2430
286
26696
28535
23513
22257
43365
12735
66767
11847
33440
25892
33720
60844
1975
11252
5014
21018
11213
25
58816
38171
10593
59868
1875
21310
18688
22795
7053
57270
61523
15236
2326
2515
42323
3401
3134
3148
3426
5095
10832
28427
74758
54266
31416
3857
1606
50171
40559
41362
55516
17480
7630
17343
61
8009
26957
18548
27390
33502
2769
5775
13081
12368
4109
11113
16668
1
45462
11
26520
4925
4322
55576
2266
24454
25188
24008
3068
16441
15353
4557
37070
4457
48937
687
37121
32064
35358
4900
15365
48128
6120
2894
842
22791
64291
17840
880
26851
7870
3467
43537
530
18838
34173
11342
24853
1025
16205
5815
6358
44938
49833
30905
8323
1609
72049
56738
38011
50228
10662
25745
36552
54118
26491
55272
48816
55444
9118
2396
3964
21966
631
19976
27906
17482
989
64
6771
41970
21485
44132
22227
49858
50379
54335
16917
2824
3695
2086
38342
10378
15834
11206
39097
566
32696
48868
14654
59338
30120
1307
35046
28210
10805
13650
26768
12792
8777
21362
10905
1126
4163
17602
21430
4116
3
8
48269
1897
13964
60129
2722
4901
16603
41676
9393
19612
6447
14524
3244
36705
7764
3180
21485
53436
14812
44271
11429
5613
27250
12951
24275
19957
32047
10772
22795
399
39923
15164
7358
41105
8151
19793
29643
45039
765
6320
39950
1178
24225
72060
13985
334
4082
50579
15174
12216
18383
27919
17546
3155
51521
2443
11274
2445
29895
30985
607
14916
2897
3413
15441
59507
34545
8
60045
10055
1995
3461
47554
26161
13578
55692
1981
11786
3271
27504
4433
8437
21173
19105
27329
52894
375
6401
39035
779
5169
15495
4716
60524
30570
24269
12083
3742
14282
15957
22219
21029
1270
8814
27683
54773
47540
40235
37191
1304
31536
2111
29757
22151
64138
5061
5371
4972
7395
2151
25119
153
62338
21631
17695
21905
9084
28048
1104
35877
35845
13140
13433
42743
23808
63647
11390
242
23193
18536
25450
9107
51074
25525
503
3593
28013
30201
14360
9573
37404
12806
3556
4440
698
21500
8497
18659
7025
23116
34882
17349
19102
6679
7994
927
23255
1429
15856
5169
2252
3978
810
63417
18644
18252
69417
42922
1826
1217
48842
4671
9205
7928
4875
19357
34124
1391
40761
19631
53581
22659
25683
23250
35438
3220
29195
19618
248
26165
6525
18561
1821
66540
709
12496
1871
4200
34
7933
24756
30296
17283
13957
63545
9478
1878
62023
16943
16124
1519
12423
1293
33757
8951
13256
16951
36484
7281
9780
26350
24608
22405
22588
19571
8130
6
8057
24434
60122
17538
33358
45055
813
10183
5819
43943
5704
6450
48196
37883
10153
16443
1132
3236
19374
26032
31
17131
6691
60310
20949
26060
18013
7864
42736
62075
4916
47909
889
24720
36172
26220
28835
42626
16397
10931
34840
24485
46689
9979
12096
13589
33597
40492
822
27882
8605
56580
41712
69127
2494
3
4336
20337
12283
10
1952
18817
18129
18141
7107
31509
2247
41343
20105
6703
99
38363
746
6722
35526
32
61901
25843
6258
25238
19510
10217
52935
51764
4
5445
9165
9508
28368
23328
35698
19537
58160
2665
44543
28864
14050
41893
11498
13333
44793
28263
6215
12092
11013
1419
37218
36932
46262
35942
10797
6535
2891
52325
2215
3686
1659
8887
1467
2385
11776
30787
5714
12759
12229
35336
51354
4948
18205
55297
9793
9265
36072
786
2641
52067
10690
3072
26805
63438
69461
15316
34592
2568
1517
22755
7428
28195
10567
5989
22072
15489
843
8178
45017
5434
3803
48451
261
36748
5186
4146
39001
19794
32104
16275
4487
15598
1943
12299
4152
38750
13026
1650
52307
608
28253
4909
22972
47124
6791
14151
41819
16060
15587
748
2477
23153
3196
3094
5659
10701
5912
9911
34286
43065
37964
31490
79
9034
9761
39111
13259
8611
53536
12624
3802
18040
7647
7941
12863
16358
40383
6903
436
31944
14760
29563
29369
717
10018
59628
11541
6798
23
5658
10979
15
23703
39494
50443
10570
4852
2690
17281
172
47430
5221
49001
20451
21390
42578
4997
12204
35344
1534
3224
17038
16629
16314
2624
2422
40638
14164
3767
683
20070
11692
507
10586
6663
50990
14991
28385
3544
22998
35257
21673
687
4228
43756
47098
2048
20109
4569
16132
32661
557
40551
18797
31647
20509
217
14811
60575
2392
75976
3972
2915
6012
9076
61493
2994
27033
13482
56044
5193
2086
27280
249
38104
42585
4741
25648
6818
31662
2204
11604
14987
20466
30371
42569
10409
16611
16553
20230
3913
19996
14893
24509
10121
20299
721
13035
48345
1970
20756
21774
25531
7085
75680
24733
63571
33825
4280
2412
2831
9536
28957
51236
71143
24847
906
15062
15014
46592
20253
40948
12826
16273
17682
13351
1934
28905
22737
18992
33279
17646
32469
14857
2904
52381
5460
5688
29578
4625
36662
54129
21886
787
6871
41535
3044
55330
63029
2527
56620
11325
14672
1
24722
23853
11646
33452
1368
16869
14131
32529
64953
16929
45481
4633
4912
15218
5752
2126
37846
46081
4134
1946
17479
23202
15223
10210
7184
48575
6502
11396
6921
34483
46711
3662
71889
12948
6218
15559
24221
5506
26018
14295
1233
2816
4167
3
18497
37860
14515
5841
22887
3623
580
453
10222
26849
84
39586
9498
1474
9738
4089
24232
32245
37614
18320
2421
58522
38096
51316
1771
5853
3064
10497
37256
5952
39703
5086
12795
21685
11035
13994
32952
1503
2816
38899
9427
721
26786
43208
37516
3557
9121
35145
65997
18477
18438
1243
35829
406
29216
6735
62218
32435
9663
6437
1020
14908
25109
50111
12090
10307
4620
30064
37615
2836
39627
33993
3265
53516
14360
2960
67687
15688
5227
1747
74728
44981
4232
36242
11815
16157
492
3874
25599
560
3049
23795
5996
23677
26384
4300
35843
19516
46110
7774
21677
14252
10125
50045
4423
5106
44869
65615
18316
17708
8579
56799
62588
73793
56329
33751
38984
59260
7008
4110
2042
47830
10260
49435
39265
22114
5768
72988
19446
1929
34228
29340
16266
25411
6301
16594
25994
14734
2171
6743
3094
20199
1810
10706
19482
4831
64512
65314
857
548
13536
21298
592
5208
7133
2647
32672
44369
23100
27121
3462
38677
23755
25358
11839
14737
15133
62803
21321
23412
36980
27161
24959
48380
9362
28388
12677
12305
29499
65099
38083
29847
23826
40776
3586
8669
65840
482
7296
11461
668
29469
19
7799
6195
3557
587
3118
7782
13196
6775
16150
878
30259
1187
29744
3336
41039
34180
6583
7442
13422
24959
38218
53189
31998
358
10293
23
25884
26845
6784
24704
28198
12447
26263
937
2347
26350
3406
49990
57343
14305
8944
21151
55266
1165
22176
10752
26532
10576
2136
28074
2587
37315
4904
2725
13069
38608
7465
42199
50071
9361
1569
844
16407
2216
32351
14670
42614
32071
48560
68861
3698
5360
5472
63043
33667
7294
4568
9864
20518
13213
10564
46234
27715
4819
44179
269
45714
18784
33437
9004
46190
24444
66576
7950
25048
38718
1640
8399
1341
11599
17440
6287
4409
10304
25483
2
2518
47637
3918
49940
24050
3014
2231
60209
73951
996
2499
9484
26072
28685
8090
268
9590
24295
64813
4877
7686
9909
4849
1174
12614
20777
14542
2907
19481
2696
29641
37500
16016
47654
5170
168
30058
3325
1931
6859
5267
19912
44922
2991
3337
19085
28570
18476
11462
27139
46226
10322
10742
13126
9568
9197
2595
18605
25779
52730
2635
2672
22112
14754
6250
6931
13144
3171
23470
253
51861
3458
7094
7017
17477
1613
41475
3674
21369
1278
25029
6245
20290
7134
47958
25586
28196
785
7639
36714
3018
1425
14500
24053
9563
19773
4686
8061
48954
3
15267
53686
17671
38323
4101
7404
71802
545
56751
24646
17382
36356
16260
17532
26212
3980
4526
55175
35113
1887
21586
33825
27591
20776
17882
6322
4577
35240
4390
26753
1798
20712
54130
54555
49256
128
43781
7593
4745
5623
46795
1075
12950
12557
23818
4687
9769
4916
34616
70263
36585
11588
51782
39670
4009
27005
2979
57342
12206
23684
31184
17722
39796
15076
42304
20916
13725
37336
6591
14652
8979
980
19508
33856
12040
9242
9885
13415
23238
1589
8414
136
33437
2450
17254
1072
1885
541
52928
5878
20449
3207
17340
15210
40088
18533
1784
9138
789
6625
63434
32901
64627
26928
15380
58541
7257
32696
10438
18995
7645
9227
35742
4211
1727
23351
17578
3013
31647
16153
21535
37150
8574
1019
7100
29193
5955
35077
6045
1257
4184
3205
29547
624
18872
30564
22337
18250
16008
11469
36862
31502
826
5649
17721
26846
43173
11966
1088
55628
48425
7656
53384
18935
17335
344
22710
63932
37012
11754
2384
9657
3052
858
51
2924
12370
9023
21950
46526
1166
7829
1303
7308
28358
11845
13774
7059
21671
31426
3002
33845
23925
24878
537
1
50560
6132
37572
31167
26764
16943
61952
33732
284
8682
7040
56139
4778
24280
5527
13383
14877
11865
8692
30859
18804
22322
35078
1576
1033
10705
31232
8064
8141
7590
2
28866
17815
11600
13266
34410
3355
4058
10582
4613
9691
4442
723
3536
14218
27212
4655
7027
9539
5663
11742
9735
16532
1330
970
25557
25787
36543
46223
37903
18629
594
58327
24343
356
6270
22722
16666
38326
6986
16531
4098
14727
65404
777
17809
8788
8084
6350
237
42508
21133
1716
7979
21780
7332
8968
9323
61601
36968
50818
10808
45148
4522
21968
3937
10702
20641
21651
5347
24474
4023
21842
38436
6106
20890
3964
48078
15470
501
3932
3517
2123
9139
3716
4115
18828
42492
19698
38135
56782
59713
7560
47468
5823
16172
6275
30448
18169
38081
26192
18721
35875
7532
4077
17095
8966
19189
58770
8164
4467
44614
11728
3920
1626
16248
45373
5942
7860
2945
1962
28160
52333
3125
60595
17172
843
45415
7052
497
7469
75433
54326
14705
8985
27688
16807
13
24434
5340
3818
6527
11676
3
33250
14942
5289
19383
7359
3110
42027
23469
12147
26723
949
5080
10406
12319
65275
7018
11252
1353
28146
4021
34421
42221
9950
6994
4311
42972
9989
19281
4655
17478
40946
5284
35622
9369
1179
6175
42650
3568
58124
22688
71756
9242
35272
13578
15579
540
3410
25
6896
8512
9800
31425
3282
33129
6090
23858
19631
17705
13090
23252
5642
47106
39
17192
32627
43667
6025
9590
76586
42839
44165
50227
38301
40939
101
19181
30023
12739
6137
2806
50124
33187
1905
2907
30246
11406
8963
13792
5484
14513
5499
4838
5271
30662
37521
11201
58146
15988
3083
8265
441
40587
28103
30316
9822
51486
6727
15370
19678
41881
34941
57040
11004
14742
3086
2081
64621
9298
50606
24457
14260
25331
54906
21908
22999
46438
26124
8003
54406
26742
29726
70021
30250
20808
7945
38546
10191
14309
19152
5079
32415
5197
7749
39651
6709
21553
23660
6881
14024
21349
3
22773
931
47858
3172
41961
1482
8136
2519
4937
5807
22451
7645
10387
24474
23991
23531
16351
27032
9644
5258
1
62435
11852
2619
59028
14572
25369
4195
24794
37745
41763
9473
15017
33262
67691
1699
2
38837
30486
26391
58580
6827
6854
22154
4099
38736
3574
124
7495
9399
21443
1648
50928
6373
17741
2170
288
48171
9507
46456
33793
30738
6706
7939
34637
11389
25311
7360
15777
13243
593
28226
6485
5920
19277
21391
1391
44433
2039
1417
22021
9221
23213
5595
19770
14857
7984
4364
2471
17367
3967
28478
2857
41585
23637
19074
12268
1287
23221
3278
16211
7571
32504
72167
45499
37181
14252
12006
9104
40302
3917
24788
4
9117
12406
13478
6374
24738
2783
15466
31475
2080
19820
15202
12407
60342
32504
26766
35945
21689
6448
7659
8754
11325
21197
12352
12873
20422
1818
19876
2624
28414
8957
1794
4443
42212
3948
12674
17309
52717
3257
3676
32158
273
45587
15584
8266
32833
52744
1143
2390
9936
5252
21787
34121
55911
5466
8075
53780
36415
9314
48866
40874
17012
68154
3391
20162
373
21843
10771
1485
28469
32448
26672
3547
19185
32416
31787
28476
1119
45706
12923
61979
42738
4722
1974
47655
23024
3058
432
3439
33287
11093
27220
33981
3969
26795
45189
39618
917
1217
3735
33559
1165
39834
7264
38352
3497
15923
7401
50669
40097
14279
7775
16013
34863
9731
8069
17332
3995
14730
36946
338
47787
14777
38487
35720
51573
36669
37991
52076
24973
7183
31456
7142
21888
19685
503
3814
65574
17720
5183
8588
16236
34014
14428
57200
37369
11705
60236
6694
12278
71512
2870
21236
14474
1
1098
27004
13381
4416
30523
11222
19283
37201
18525
2582
12585
12130
8657
29141
29372
988
9315
32412
17148
14726
53671
785
2819
45180
2867
933
50722
4777
5857
14961
4502
3166
7715
13668
28602
1866
10965
5204
18626
18325
28472
13
50783
68266
41361
22323
8417
31114
16877
359
5217
24887
67759
11492
4888
22404
12036
46838
8771
8324
4659
1294
22596
45316
7019
9753
6253
15081
24709
66258
28960
2338
15478
16481
51722
11895
25431
21941
13571
11532
3252
17021
3140
31038
16309
2011
7976
6676
6722
981
361
32012
13212
38490
11430
10261
25525
17561
3230
17859
46767
18632
16095
29161
31337
32932
23564
30656
24535
2
57755
10773
14602
12507
7353
58270
75349
20709
1257
40731
33816
33153
3754
46976
783
24263
4223
13
16624
23903
12668
3369
25388
8625
6737
5962
13821
8020
44292
21755
20473
4059
909
29915
68085
63062
6626
33261
14128
504
18268
13271
35942
8210
44567
4687
4082
56627
31884
3966
20508
53936
52752
5500
26245
3583
8982
6244
2702
25187
46726
8296
16601
2824
40244
1350
12813
17772
19309
4645
5001
1148
21707
70288
4516
31534
14660
36687
5519
1477
634
13482
14967
23210
31527
30929
32110
8967
47071
41575
25826
44043
43600
24720
6434
640
57210
57442
14510
13731
1
35223
7013
35297
38976
20450
40306
16185
18316
19578
42263
7899
8671
17264
29226
6653
14039
3311
34687
5519
8750
7151
36077
39721
9097
3849
1149
9080
51363
17469
50411
16883
37016
9993
5473
9943
37180
12280
10832
6658
16447
42352
12716
8529
2348
14280
8653
28117
2136
2478
2520
49633
4796
19323
758
27282
20022
102
51282
23881
360
35371
20476
22043
17416
7271
72873
4622
22217
15772
8
44481
52679
8903
20412
25444
12510
48916
56808
3745
23613
362
33096
5192
19291
47977
524
2373
1014
4559
27739
50838
20156
47192
1303
23109
16858
13045
5371
2552
30235
33692
52900
8520
1773
29827
6441
4711
28106
33050
17015
6348
34312
5873
13952
1208
673
37595
9201
13923
8169
13525
31257
1697
16400
1857
9194
11052
21553
3896
43147
6877
52222
19183
47970
4132
14078
2210
653
3474
1091
5323
23586
1742
26782
5706
9991
44585
1974
25401
1239
1093
51156
705
39244
5894
24849
4937
28391
18726
59857
566
55828
1879
9396
2771
8676
41022
24009
21657
8275
22595
8125
616
47884
3055
42202
10605
28117
16924
5881
2979
16897
1
5129
56590
24237
13373
6843
28383
7690
19666
56514
40034
4062
8366
8703
11846
20
2447
66396
2543
5416
20476
2193
4865
18266
9758
23895
3878
37083
64557
25019
33074
34528
66138
3752
9986
30711
5671
10075
56132
42386
4400
13969
17127
34653
23361
6001
21120
12154
36599
12263
4483
47205
8966
3595
6508
46539
17359
5162
8976
13680
125
3989
7146
58286
11540
10632
4080
17514
10352
660
25204
65206
3560
7412
12651
4206
3198
9354
4199
2
7712
34386
35576
35079
50189
55284
28510
9467
32821
20693
8418
39195
26109
11704
959
623
10372
3825
6317
1676
29266
23125
26909
11171
4512
9880
31335
4463
14994
10905
43611
50489
47660
16778
65268
39094
651
36730
7494
2374
23423
16179
44733
1755
53
14147
15320
21602
7896
14331
604
11353
2058
49223
1689
27409
57206
2160
56019
18594
18648
69643
5818
16106
48393
14469
24301
38909
36558
32006
31290
16228
11848
6448
33231
44783
15799
61369
30930
1326
11842
16667
48572
10355
14362
21620
31217
15012
7644
6688
14444
53835
2244
21108
1581
4185
8795
12631
51108
8566
16679
3647
18698
336
22853
18724
12503
60709
183
11707
58551
16737
41644
619
8293
15479
11994
1384
8441
12253
631
10513
7287
30995
9794
1
3247
55078
38761
24407
69359
33229
1026
7024
20315
11660
42702
16019
5825
6351
12710
21918
45820
50720
1800
4364
3491
4787
2169
6304
2772
5144
1132
53973
3317
18787
53242
55418
8091
40188
47225
27221
8990
14009
37996
26852
13691
22930
34936
7060
14435
18841
13
1588
47784
38535
4092
7751
7233
12403
4828
15018
3825
347
7556
24306
66257
9707
44648
14741
1975
54986
3881
8103
26274
56025
17025
3471
5187
1041
39795
917
258
16199
9228
18025
21163
36847
5114
9529
39197
6927
56544
39975
2146
10604
1871
22998
13100
15785
54412
7443
16910
5703
11856
4600
17326
17355
22588
29169
22772
7103
8256
20205
25424
21539
23868
32490
10684
27573
6734
26400
34719
23752
24315
31682
49695
10196
4908
3539
2038
45209
23572
16771
29746
10022
11176
5693
9326
27827
13712
53012
42164
2100
17686
26777
314
346
19775
22206
510
10702
2134
5609
28257
22988
12502
2199
52738
26165
38971
25532
12089
2882
2487
12369
2356
21834
25721
15145
6443
27538
17237
28925
7953
3918
54848
20918
7100
1870
4589
5366
14094
14407
3565
1580
3877
25809
703
22344
6385
10153
22293
21008
40150
26576
52488
57
48304
8625
19175
19715
25053
37747
13205
3008
4562
18555
1525
5169
2
765
930
46868
12700
4938
25414
49176
17128
73372
29273
6748
27877
52108
61236
38937
35447
37970
22972
2711
1614
50710
42570
1009
31437
3459
12286
5139
49983
6284
27721
10683
47097
29811
7079
18190
14681
1393
35431
2100
27599
10633
4527
57112
51843
4930
38427
39013
20050
34606
7225
62655
26955
26895
5403
30121
16355
45544
7914
3387
5556
27253
1162
3568
3596
23208
25938
56924
18855
59915
37231
21632
8746
2659
43425
29950
936
18763
9810
8527
4997
39304
19259
19325
8221
54794
16695
15650
26217
9806
17458
5667
14449
895
21732
52724
19945
12200
20384
23201
1014
19850
4143
59536
31069
43811
2309
648
15645
36542
26923
2680
1001
11516
787
31315
8217
16256
34251
8976
12068
45007
415
66578
13109
22220
22294
19731
20326
7157
2118
14186
6961
3679
768
19409
4021
19148
23315
2631
11003
10480
71800
19475
35333
9881
15684
29422
44043
12908
23289
21
22765
8064
24267
2549
7321
22363
3326
9093
52660
5551
57644
2140
1662
27842
11018
1
7450
51236
7301
833
35387
12432
19848
15127
10213
6116
31071
51440
58832
3491
2949
9343
14927
44836
17864
25020
34652
46898
48333
60
34062
2377
50274
28272
9136
57599
36889
50834
6497
6416
12872
4038
7828
6404
1259
19694
30689
17195
41735
9828
20548
22972
48828
46332
11376
37080
67882
33304
38936
2031
38438
10466
8254
25950
10709
11591
4229
34642
2473
68299
38467
26804
35574
25948
19710
3071
5749
35429
23894
5365
54032
17173
16249
14778
10214
6201
67101
488
273
20317
10333
578
34664
16789
1569
5547
50846
3909
14783
8712
6877
515
2383
3856
7807
31217
40362
31605
28718
20612
54167
48390
25008
16101
38138
15165
13351
8280
48724
38072
35443
10388
1
22410
5798
30980
59867
9497
6294
6529
32669
16445
20720
13358
14505
6097
17099
12104
9090
11458
848
7357
20405
9553
1238
11578
25770
1447
7352
15318
10183
7759
41042
6336
52955
5194
23112
42256
16403
52344
26000
5320
712
33472
31088
15121
5117
23010
17638
64453
39838
10340
4597
8917
740
18888
3117
2093
4660
333
18720
5816
48630
46123
4087
54794
1165
26749
38233
10974
28817
1565
1254
46784
34407
10782
592
3004
19626
2793
5215
3
22390
14192
6919
8781
32143
47430
10382
30269
2933
4004
22470
878
31652
34929
19830
2862
1003
18366
1774
14423
58464
37846
4239
4169
2109
26164
12007
11599
16459
37272
19972
220
20299
42717
50870
37251
30697
26914
5777
1804
41662
9961
42904
41361
35680
9787
31137
625
47626
19119
24341
7609
12083
2555
27516
36473
54622
6784
8527
21453
19369
42959
3754
57322
18871
40531
46114
5433
42258
17011
680
17480
29460
6007
1791
1956
12488
28030
3378
2126
39718
19498
28232
57833
18574
350
1633
21741
5014
24386
4701
9158
7397
7709
59242
29751
26834
17369
38404
963
25513
14708
166
35610
82
1469
1
14167
46175
6007
27270
12101
4680
13295
23826
7450
17720
5048
49385
1079
5396
646
22759
30297
32301
10118
486
21971
32497
28806
19692
4826
5625
12980
29689
2910
31661
3679
22117
60686
3528
1162
47437
1578
42560
10123
14251
8702
19376
9067
5748
68996
20092
28808
10360
55399
2554
590
22795
784
56171
61697
4067
2852
8146
7993
13
21703
4013
37657
15490
38300
24634
6543
54867
12984
35768
8642
27815
48898
28945
29251
2694
47047
11308
32666
726
9350
7934
2497
11600
22156
18311
43466
29902
34466
6726
22899
55051
4486
22799
30742
11800
17905
38346
37529
64129
11866
1110
3181
6586
11966
38908
4089
9296
27022
32886
17422
43701
14959
19910
5682
174
45381
19315
18213
36700
121
6665
945
4614
46508
21401
279
12513
713
23914
8340
16932
15397
3631
4274
15679
4637
30703
47316
20422
13113
61900
4469
8472
44514
6074
37766
14092
23156
16141
38139
1039
55371
46125
7694
22394
10286
33856
71324
16452
32996
36539
29767
16532
2833
66068
19954
3582
52431
55757
12779
50112
34568
20563
1567
49804
44420
683
19170
731
55042
15751
41663
16449
50075
6478
1389
55266
41255
44
36838
11944
40088
53556
9694
890
25838
20100
11391
17944
10095
1
9303
37559
31211
7604
17150
48952
275
356
9235
5926
39691
10686
14806
17230
33537
11678
233
16909
9983
1842
7719
8299
49208
18713
53726
2207
13959
33062
58
29124
34497
14880
47834
10933
25037
10997
30088
53592
7786
36969
34820
33736
3955
28493
8947
1608
484
3440
37370
12846
4143
2478
9977
1371
1853
4504
6669
707
946
4442
41
3281
6543
18080
8927
10065
5322
1
43432
59286
50207
49970
10391
54313
18762
3826
16
18552
39186
6487
41047
5231
6740
17110
12860
5484
2892
34489
7065
6902
6262
9113
26359
14450
69511
7378
25981
8621
70557
60762
16174
13553
21610
28227
1346
5168
14988
34629
44089
46837
43861
242
3622
427
12149
3964
23822
16725
7268
15958
29105
2109
660
11466
25599
2975
962
13032
35816
1426
21549
10593
2063
2496
7421
44888
48294
10032
27055
529
8274
1449
38069
51736
3074
1024
10846
13314
11340
59649
6407
5786
18364
10851
52
22595
6871
10978
23660
7593
4068
66693
3855
39427
15145
12961
7081
15978
600
5949
41678
19739
36176
13481
17185
8813
7696
980
3173
3998
6350
4922
2845
14610
30965
6050
27555
12729
17743
29478
27918
33788
53067
12602
32985
2927
8870
16810
1292
61747
44699
58204
1903
62960
486
58090
11821
10589
7552
43281
6991
21606
58934
11838
3809
68704
45046
7952
6191
11955
7142
48706
1581
9167
9866
51914
645
19237
3787
61544
6850
16270
4496
9764
7574
12328
1958
1154
2433
19625
4768
2421
10
22952
17383
16148
43856
17457
1294
573
13680
5563
55021
2926
25290
5686
10998
28536
5805
9306
8
496
24964
7283
13589
567
46646
17668
62040
3771
4852
19899
36712
34992
877
8508
8615
11601
39519
5543
1201
4841
58871
12175
33875
50217
11859
27611
1842
17478
34806
17647
16459
12005
12855
1209
18527
45235
934
11008
29828
6015
48238
29155
43195
443
33113
17827
6442
17456
19887
19126
14125
5740
10721
43157
67
24461
8150
18822
8305
37443
18957
3244
50600
14155
11114
24032
22985
11212
13593
48622
16265
16268
3632
39661
5074
75285
42835
8416
3622
2037
62800
51794
29063
3296
29147
6107
5240
4215
3564
2927
13733
1109
187
23128
42758
13052
20903
5954
5421
26578
52838
14104
38479
3813
22157
6657
44042
33705
67376
54144
2354
22327
52801
14079
20764
15713
14534
28721
38559
42294
4820
5345
27313
43683
6823
5945
5980
64276
4560
50531
7829
18670
38323
4068
20677
38179
13856
42286
38581
68763
58942
1041
41484
3274
1587
31114
34613
8034
4577
31374
2552
48479
14106
50006
36081
71618
6386
17403
31776
11851
17655
21913
2869
93
47843
12417
58875
2443
20461
2723
16021
306
57041
4962
6749
34425
46143
16062
700
3201
5875
15889
25608
56086
11889
50952
813
18245
48729
24
13835
12611
31747
27349
5817
1333
20339
24903
34594
19511
27924
63373
1294
73071
2356
6275
38166
12521
1551
27165
36153
48851
24549
10789
28735
2821
21510
55247
33993
21088
44339
22867
23371
12604
12047
42225
586
34476
245
39532
3131
20262
50492
1181
34211
1383
16894
26968
5058
16257
34307
23645
31566
5184
42617
1169
58405
29833
25542
3693
7386
14013
68744
210
26207
48021
5218
14195
20704
24971
526
8036
19731
3118
18227
518
32410
26370
27407
23439
11634
19067
73618
1841
20542
2786
29
13302
18197
16967
467
5664
24070
25680
76965
30534
17983
6566
35121
9124
4167
44657
33021
1975
605
7287
60317
6086
14098
17558
18944
21744
7795
14021
18246
6265
15947
4943
8406
25013
19388
1990
44005
20504
3267
38217
54890
66200
1
2760
19798
4121
17504
5005
18891
25282
5574
33719
22533
49930
37761
11668
10456
710
8944
33455
5582
19445
22396
46194
733
20376
26165
30435
40934
40411
20265
76419
12365
3038
2312
2665
621
14212
22527
1577
33367
10498
1749
34928
2293
30408
12429
27912
1850
6179
3997
41024
8857
25187
3444
2152
820
18960
2498
12128
25418
44329
4957
2960
27896
14391
22189
18655
36825
31395
51189
1273
13837
37825
8904
15152
14449
17332
67771
985
13497
29565
50116
19182
35041
2879
35458
57900
2969
41291
25008
40807
3950
32648
71845
5573
38468
692
37566
28078
21383
4240
669
17137
4319
20394
37366
7946
11098
15963
52633
40936
11871
16878
9537
5350
44259
6905
7692
47517
6229
13952
39423
18773
19882
25
48248
2900
34927
16419
4034
25239
3391
43320
7443
69687
7408
32179
35735
40082
22295
46291
6486
57191
251
24944
36709
29418
37300
14787
1300
2707
4580
25303
5512
10758
1874
47318
22606
8653
3860
18285
29643
1755
45792
10743
1840
5599
23920
16501
6359
28165
3404
1519
7594
18692
23057
441
27412
21774
6737
8489
11208
7416
10713
4705
19566
33969
9611
2712
15965
2020
38356
41531
101
18713
9422
19286
23924
1323
16435
12605
24222
24767
33034
52377
8500
5352
25715
17956
1893
43848
1570
2421
54495
28024
8665
29142
4970
20449
69726
11107
51472
9934
21668
3367
17291
66706
8967
44269
2160
2807
6617
45605
10928
70345
16630
1907
16576
21552
16189
6918
32594
25689
43005
14431
3612
10238
6182
54696
302
15809
17484
23030
17570
40576
1812
4239
19004
9258
40679
32880
32696
9105
610
4847
768
41879
11388
5901
19466
1007
57392
9575
7538
17598
6
1831
56146
4687
73952
7024
9673
12421
16416
30532
17485
5153
13872
52498
6432
9183
844
5335
1047
22267
1100
13172
3
4649
29130
34838
53309
7797
27299
34505
13920
1193
10076
26460
67766
886
4270
12438
11948
19054
38079
21721
14043
48808
22090
12413
5339
28395
16600
1337
2
58793
38763
14295
1986
55833
13685
7310
422
34385
14358
4794
33817
16844
2
1941
15673
25208
49024
2168
14776
4813
30636
19670
4550
24735
27949
36162
3742
3088
21186
19232
22367
45234
15312
26714
46464
44692
20392
516
49004
2178
2439
47392
26640
15871
30316
31722
11876
52226
33068
2932
70195
3442
14508
13182
5279
1440
34809
6024
58225
19029
13003
4994
6445
34087
4160
2835
54193
20936
25537
1549
35031
63848
39048
46706
50300
23647
24006
37000
7718
40238
3853
1017
24214
7013
15730
46379
19217
424
15909
30265
10564
17809
72796
51159
50595
7193
66681
2705
9953
24234
24713
8644
11838
491
43079
19161
55483
607
50194
57099
2872
12099
16762
4598
35193
813
23034
42022
21827
7930
5199
16054
6816
54335
24408
24078
28366
53984
5343
310
9187
5848
8878
33584
12468
28261
22609
6148
23549
1
3073
39921
25332
8761
6202
42749
3209
48185
25856
8418
61
7228
34022
37383
6729
65535
12684
9054
2833
48538
10131
1094
28076
10135
25573
5052
11527
14464
35272
6362
8238
16169
15991
2831
10064
20192
28600
40971
64310
22916
11384
34335
6409
9313
3803
9123
9
5117
3443
2450
14663
12647
13545
60459
2583
28749
19307
335
31803
11098
13926
26087
23518
830
42638
34628
22104
7418
18954
32023
33324
60425
7711
10269
1471
21885
13486
1030
4020
10409
54439
18937
20175
37415
2057
26003
35249
13320
45959
35562
3431
8103
19370
35743
52841
12073
28264
33615
16599
55472
12640
30509
1930
425
22154
45052
7863
29601
41992
6381
28740
8497
36286
37907
37385
24481
20128
41689
29504
7508
67011
2648
1169
8044
34386
1688
2986
3674
4895
10793
27788
5826
5175
32631
16734
50702
9569
9782
39591
39573
61296
25555
887
6312
68542
39517
24562
30102
17190
4526
224
7320
7666
2950
8440
14246
45036
36090
4622
35669
3769
2724
3483
34339
13059
62688
7317
1185
5522
1713
33251
40679
571
29187
714
2599
17119
4570
1919
10039
71483
34373
726
1767
7721
23951
4462
15972
16039
25779
1376
39586
2129
23204
13346
21418
37204
17407
44383
1539
2988
15935
9029
426
42619
2078
32886
45008
18818
51263
27442
1815
35767
6189
38632
26199
7522
57584
9817
209
2685
1353
22235
2069
20094
39120
37289
24947
10463
19626
11246
10222
37274
13959
45043
36989
18269
26827
36923
56238
6601
5024
15955
18027
863
15552
2466
1167
2507
25039
44132
19339
37579
9614
32743
4012
9514
2989
2023
19910
26708
1111
2830
52914
9573
4972
24614
12445
13777
12283
11960
19254
21126
26429
18226
38552
22599
4630
37161
4385
3821
9628
2694
6331
4884
6269
23445
9964
1894
39430
14901
30247
20558
17095
21118
46062
23895
27807
4422
29032
17382
79
5106
3436
5869
12399
18813
24370
47947
15077
41934
653
1706
21688
23229
18
21634
39398
993
73207
807
2034
9294
40193
1323
58428
4929
1
39518
9023
19259
1475
9426
41011
1795
16984
39780
4751
25364
4993
4298
3659
53294
6250
802
18132
7624
27866
2407
4938
13755
21172
41032
43329
6895
37156
54799
15167
21405
12340
44200
4781
29715
17314
53717
23395
50881
1497
3765
4119
20368
21446
638
34188
17682
30764
50172
52184
20179
35341
3704
18128
15859
19673
35930
14899
10784
35431
18533
12762
20021
17165
16448
50114
41841
12434
15204
11589
19483
51043
36919
49021
12040
33062
12346
17526
12465
14489
15094
931
4297
22899
61292
2500
1
19657
20545
34116
34650
623
23103
9292
31665
64565
26757
1330
25998
17563
22012
34509
28638
41466
3148
16583
24882
48247
57631
7309
4203
17004
43850
8930
23652
19886
24164
897
9910
16808
8530
14216
12642
272
68739
24312
18533
15671
5819
9
7950
18676
6325
47020
14467
5587
12702
7217
7194
22049
30544
33330
7863
19696
1
30908
30649
27293
28376
20332
11907
39889
7823
37190
64609
30073
7200
31766
11504
34804
1846
5500
1338
68579
18328
17877
44665
4042
14287
45647
46463
21195
32983
18908
12927
11446
16189
43429
12553
4154
1706
587
44110
1224
12280
22467
4825
41078
11401
4890
33268
23003
12477
1369
42246
2689
231
31088
19218
19537
42952
43291
700
31799
68238
29581
54976
16899
60742
58921
7992
1494
26062
10660
11220
67116
24381
40499
43897
29921
30476
6985
26630
6654
39362
5941
47801
18406
3237
4347
4483
9893
30089
7758
58101
3973
16282
4922
34265
27412
1826
29708
29135
59423
14288
27
24650
6660
1297
54563
37311
3439
29306
10786
62083
768
15304
930
24947
24725
3823
6585
24933
13366
14310
28230
3672
10096
21811
38696
2024
32795
68804
18106
12601
574
6640
36741
2160
52258
34266
25455
36437
44354
14710
2140
23325
13
38632
826
5496
18093
16897
7910
27975
30194
5814
9444
34776
17486
5361
10676
40040
20074
46030
8545
6338
3304
66888
26388
32174
8801
4861
41182
39042
4122
2218
23008
29487
57598
7328
2931
20523
9966
20601
2416
17237
23711
4209
4035
326
20124
5836
9671
33070
25299
12674
22896
9561
14011
4941
7255
10290
23067
46241
17263
2342
28236
32917
75067
9176
6761
9276
40939
59850
1
1576
7951
907
23305
13982
77417
15218
33179
14388
22205
276
2024
6949
22634
31491
2806
771
28048
5811
18713
32179
29067
9137
34973
4994
36324
1156
9959
36715
13970
2422
42335
1397
27541
6467
62928
32369
47777
47598
262
56356
4425
8792
18418
218
62403
52996
19864
35512
1938
24956
579
42738
5560
1916
2576
2043
5052
39691
2700
39120
5232
8628
10152
3640
2443
5763
4116
24330
21731
22780
5086
29261
348
3
9045
10943
1786
55237
10930
28320
4702
27423
14405
48031
1837
3997
27202
20000
2342
11868
2817
1050
12418
21495
37842
3603
2082
71741
28018
17008
14251
7211
608
60044
529
26247
7766
29209
69218
30250
2237
50851
17579
29992
64199
34344
10187
1146
9014
40773
35596
11773
15987
5141
14892
6914
25581
3373
39399
22187
13651
15642
29289
49162
40520
2504
39582
37290
258
17683
47216
9661
17681
45188
18995
37368
13337
33763
20619
9262
21888
1536
3975
21308
3032
2636
661
27676
5024
3719
486
2635
17902
14188
17240
7299
5388
6229
13008
18289
46354
44737
32117
7451
17933
4281
22565
10276
9414
9945
10220
22880
59296
14189
13345
19
18454
56160
7113
2150
15824
6359
29081
5085
7770
3130
50063
1743
33088
811
4252
1842
16265
2060
64837
10431
1205
3163
1634
8605
37139
65890
46209
19603
404
2318
3848
32005
54032
19714
31412
12044
5065
2410
4883
5145
3261
18669
23
53094
865
12429
39950
655
50091
31868
15627
3830
4578
118
5392
6695
42368
17386
5807
34127
26710
33505
19784
5669
1836
28606
35448
14791
10381
14079
9357
26950
43909
3702
183
11342
32609
25945
50316
39496
63605
20203
32
54222
14133
12713
33557
40873
13321
3534
33797
21725
7690
10746
1431
8860
5947
51561
32622
13237
8284
1344
519
4461
9865
4076
6205
51396
36181
5400
7096
4966
804
18166
19832
26714
7437
13415
29452
1193
33222
4192
39249
2183
8477
8709
31106
33881
10594
6069
1347
25807
61714
10472
780
1210
59269
58925
40583
33603
19915
22473
7297
22374
30938
26827
29966
1286
26828
1
7501
3255
9539
4371
4001
9935
54711
8475
60203
150
1613
5139
12654
264
10263
10413
1925
4147
11372
1100
5722
57339
7655
8419
28320
46638
19852
2615
53638
2006
40740
1303
19512
11091
54070
3071
10270
25791
6388
34769
53832
6111
23865
26805
10503
22004
45981
26915
27582
12589
18406
16192
72548
14522
11434
1156
46859
16699
48047
2886
62902
47353
21861
2310
460
9066
6817
33303
1621
3739
23449
35454
60319
10613
13691
8449
23381
40807
12022
7191
1671
1155
5812
29934
58584
6780
28289
1656
7369
55000
37055
11075
1809
71956
2754
1347
2726
4363
3112
54161
32517
54703
35141
3870
5125
2724
17952
5973
30618
50766
66460
1582
41828
36894
36420
34763
4858
1035
15199
4736
2811
47373
14447
53875
21619
12704
12430
21193
4657
23612
25711
20208
23192
23894
44507
57962
703
2359
9474
8808
8080
1177
34160
1002
26724
9244
1028
2145
33042
704
27368
3828
61347
16134
14527
30662
30122
34037
15797
1245
17177
12527
27224
4099
45567
26115
411
24897
361
16117
30899
22861
1523
4055
13
62203
17030
4138
27742
26490
1347
22646
5554
1335
12434
21201
21321
49011
2589
4670
1718
8697
25587
26673
72277
19863
3587
48941
335
5907
60518
7851
337
3688
7895
8283
55302
23535
24874
30481
571
25969
56867
13888
21263
74631
682
29180
2795
40712
1175
21911
4911
17952
10338
51543
82
14033
19763
53149
11447
8759
6783
9064
24966
2033
5964
55025
1377
8561
300
5302
32487
23657
4603
760
23783
4172
30356
7364
19481
38331
6900
28004
1420
27265
4587
43897
7292
18179
7528
1333
6550
26973
1497
20413
24180
16430
9704
1872
29839
189
11388
1791
35443
1463
13974
13468
1156
375
30109
18602
11465
11847
1789
48505
36994
26491
3675
11309
38833
4411
27995
16130
13788
13281
12173
32718
12433
7306
19159
46514
16957
12911
5004
3186
28632
39127
3695
3260
12406
1088
42116
21784
62430
466
14011
1659
33659
6188
46932
39205
23860
18117
27223
768
37041
10069
4719
4743
5550
8063
2857
68296
31484
13427
11670
25485
19544
1401
2629
2435
22314
8155
7464
12853
1973
712
84
24519
6855
12712
46676
25360
414
2097
9463
4004
38746
24993
29470
32244
85
37168
12347
24938
26471
8913
1900
10118
40320
62125
1176
26988
5195
9487
1035
25481
7435
23532
12850
26039
41582
840
41340
1120
11971
59590
33077
64520
18819
58325
23204
18015
23304
10037
52842
45503
2648
53256
7697
17800
19064
25016
72903
14021
11656
34891
3623
16394
40021
9257
36887
4551
5639
32254
29797
7748
15505
2344
12219
18092
9375
43454
19190
468
8596
31631
9439
11730
5923
26167
19157
116
1739
14932
21288
14803
21249
3583
8147
11428
19184
20875
62383
43064
36716
1295
8032
15496
8523
39890
51482
989
36155
19631
1866
10947
14237
20759
11682
6827
67060
44727
10427
7279
8032
20910
2932
14567
400
16986
5313
3668
1001
12836
5806
59642
12320
7835
10477
15278
5823
6046
3922
39104
1931
2194
35152
19065
17353
21212
2914
5694
3740
553
877
2641
12465
780
25092
16850
2
39330
10846
6681
41239
25895
27113
34850
13659
4496
20921
1879
2678
46117
36032
2404
2080
1717
7624
13716
46577
34691
11637
14310
66982
11767
4405
6658
4576
6562
2896
19824
62769
37034
12982
25693
2607
6379
28554
420
11379
10311
6683
1081
7062
15466
5019
9312
37507
66709
2286
27942
13424
31694
16789
4823
2670
9571
35933
39392
55656
7298
21514
18204
6084
45547
29411
419
40438
7902
14571
13110
250
43006
38772
6995
5500
5852
7
31559
15407
866
35235
5454
643
15431
5421
2225
32628
39216
68383
6641
8224
6134
9689
8275
6619
33160
47848
4067
36565
1374
24433
261
19335
5774
31501
27246
47489
880
19049
19065
13181
5960
1172
33157
333
265
17905
5919
33655
9857
946
53482
39258
7500
18921
29288
9
17591
12606
33091
14081
18369
3663
20605
40961
35810
363
1827
34821
1672
9710
372
1085
52777
17119
54237
9195
2625
9469
18632
5663
37224
26493
33659
3459
1251
7809
67324
3741
53362
69748
11531
37572
45141
2182
8637
4398
44320
36775
3280
3107
10431
6035
32788
54122
26539
19948
339
11062
23095
8510
21560
1682
24978
3833
19560
1401
35945
11513
55137
42897
39517
27407
33222
11164
39720
46419
21824
34556
26995
21642
11124
12449
49649
13548
19133
2216
21161
33161
59003
3235
3308
4954
28497
19847
2100
9
5755
10056
52617
20622
33972
961
14534
46034
2959
31463
26369
1113
8493
22166
38885
24230
715
45961
1
45436
39810
17475
2101
18840
17522
4501
16832
31904
1649
16517
36346
4487
32781
51401
314
8718
662
26622
39332
1436
6885
8455
19916
16018
15645
17983
10741
8713
1279
467
32426
22962
55077
4295
22626
7545
40617
11664
574
13026
39421
589
18119
3
5055
312
23886
28201
28190
139
10476
39273
36856
36310
4454
25755
6591
24294
50385
62077
40492
1982
1242
15921
20311
33209
15079
27699
30676
40561
478
6337
16885
29095
15355
23944
1117
8560
28727
11494
32987
8306
54033
9456
40639
2603
6954
13812
18290
19871
26443
12748
3009
785
10880
3431
3774
10566
8171
1441
4018
138
28313
3036
25180
2725
28015
114
17195
27649
5037
6653
25295
4775
30947
12022
12518
34645
4548
3449
54454
31582
2560
3047
4064
5324
42341
33519
1827
69901
27523
6327
1793
1704
2544
25880
47841
28587
38216
32119
4525
10104
658
41963
7211
2068
7772
7188
2356
4809
62969
10263
60350
1343
6544
23812
5333
399
30667
26327
3624
7246
13929
13085
29284
4148
5084
31775
8084
2123
649
34376
5378
3651
17834
7995
7465
2938
33799
32167
10994
31069
11515
6790
545
37379
20926
5420
59748
33276
4192
5362
4574
3498
34047
17154
47141
16494
27518
4865
7723
4952
43373
7864
31196
1556
71688
25138
20697
65976
21872
12608
4865
4729
3509
34142
24669
13216
68903
1596
6229
679
19793
7121
1236
492
47253
24550
23537
354
57552
2830
3357
10562
8097
25084
22330
5094
7229
22470
34583
2112
68548
28017
9296
40818
908
318
7679
6932
2165
33333
48446
41444
33005
7064
25530
4807
3393
606
52580
52203
20649
60499
348
1505
12254
6350
26667
40586
27652
46292
42659
5913
9216
6876
5288
21571
8056
50761
9450
12586
39943
67735
17619
35376
6537
1
9963
3851
14121
5166
400
2232
2852
14263
40425
3545
10873
8350
62432
14274
10016
8935
21582
6806
37492
46923
36991
7005
727
21596
4028
6703
29528
898
6344
21598
29156
19207
11852
36617
51442
7709
63808
19759
26285
2274
47787
7932
5040
28777
25506
66981
2387
49870
22057
58548
65706
15984
889
18925
40656
45597
29926
1922
55257
45215
20623
44266
6169
3
55101
54967
1289
13509
38038
56106
15645
1679
22119
7485
3802
17622
1479
24210
610
1430
53989
29590
1156
35577
3315
14734
9343
18439
19825
23896
22416
2679
37816
4983
35275
6244
23429
10334
46653
35941
14585
24065
7968
1249
18403
40266
47448
38220
4133
23336
610
9196
2273
6632
25704
37081
19577
44407
762
4698
6018
9647
2605
4269
4854
21548
19764
31114
1981
7227
5086
54450
4381
45081
47007
863
24935
37
6222
4363
22801
15449
19139
23109
40375
19205
2292
31472
16926
2092
23180
28560
1929
1580
918
16997
53501
38328
9134
10460
3302
31432
65576
28217
8949
32047
38277
2008
21940
4523
23399
59597
17537
45888
59613
16349
34035
22960
6848
4519
16367
55559
6707
5028
674
49023
20765
30355
5674
36694
8471
54146
24571
19837
26792
31857
19994
255
29881
62819
26145
37103
20355
22711
57819
17387
8991
49807
1016
24310
20
11950
2301
9457
19010
6729
1531
2488
23642
44047
21939
38432
40619
76430
22730
21716
7283
1567
31680
32495
9717
29269
7106
14688
61265
3787
1816
32755
454
29938
1011
12853
14358
13754
38364
44050
44318
36
25804
51888
14703
69641
20800
21645
35440
32644
26863
6887
22896
1622
3178
13008
11767
34315
51171
29922
25614
47701
12334
51210
26188
22684
3612
23886
26902
5
42614
68456
38341
34836
29809
10981
11801
9791
12399
33644
18886
1509
4820
17582
9817
16674
559
28002
58874
13080
36271
2752
1247
39157
28271
27171
13102
39399
74372
4550
6018
47762
16222
21365
45582
38892
41823
9
30067
35100
2061
5408
45825
3101
59773
17348
2899
7672
12151
9981
17870
45901
15747
15228
72590
16645
46425
34612
5741
7627
11207
11614
18645
11538
31670
36304
21398
27115
28449
5764
14555
4635
4526
3525
12391
8483
7152
781
34595
16199
18822
4122
6899
7799
4834
915
37719
4335
11826
5541
6455
20795
21293
17019
48425
27288
22773
11551
16886
34976
8011
41365
38216
42269
26584
12843
1352
71354
54929
8567
9292
70480
7912
24357
13833
14598
22221
59153
41002
6186
54637
2252
41655
8709
12012
15744
7448
26888
4302
47356
5889
45482
3996
9087
5847
13724
36504
44883
46182
23204
8211
11970
27200
15562
7077
7588
39866
20736
55652
4630
2270
18774
10719
3713
11132
56376
31643
133
29582
76
23388
737
22043
2988
6005
13820
21074
36599
19525
6719
3114
18626
6328
10708
29969
6538
19782
1509
3961
20973
28277
19217
32372
39011
9846
57462
64053
61765
10613
8739
8884
48070
15227
16940
56973
18494
6488
5792
42456
8445
38947
7136
27768
66152
1079
6552
20113
6271
5266
5381
2973
13296
912
55810
8989
1494
29393
31780
5580
51489
4342
11065
15841
12181
36233
54168
4127
2733
5907
60960
17344
44606
22314
1839
14173
36539
6152
19203
49241
18679
9490
19410
40922
13567
12677
9234
4277
34869
2258
32754
16322
21603
5804
5701
12905
20875
14777
14312
27267
14254
2863
25591
5828
19599
5295
2173
57983
4397
16381
47374
46609
3822
53358
410
2788
597
34709
26138
9703
4179
16145
7617
17756
27619
7021
912
44348
6736
14303
34794
30858
2491
14873
18487
6153
35780
819
2077
31481
10685
7510
28861
6002
13980
19705
10337
9540
25977
60367
20289
2819
5309
34813
41855
10404
6123
1066
13561
1001
27714
15831
12012
14588
20479
37349
13888
4227
56745
14494
52695
51249
17192
60196
2077
3763
201
48790
40700
24355
6737
6019
19375
35538
5530
32159
14823
20308
2704
35688
36762
18196
59614
18850
40591
10391
31997
43149
1623
7612
6646
62193
9782
40673
12176
5708
12953
10019
16187
16575
19052
23132
5232
6957
14203
35666
18488
2799
21178
6140
1699
1285
6068
43845
11372
5303
6665
7263
10574
50681
71126
29046
5
27908
32770
16190
56775
18450
22353
50666
25609
22855
2742
2663
9864
10064
17086
44560
24414
960
1
3048
41070
3782
44830
4576
5318
18412
1881
22514
11888
11015
6578
21788
1362
339
45301
37599
52245
12922
1422
10131
43376
6463
30889
36207
45994
45349
8
18959
5285
29396
38251
35394
41021
33587
39497
27604
37648
22233
39330
8131
7521
6452
701
23685
20738
32360
6172
34214
479
6
4962
3524
71537
1095
4035
89
66059
16516
17463
4
9921
10670
51416
38547
34652
5765
52252
33558
6961
58260
18860
70009
60808
39224
4577
46943
20036
637
4004
2407
49457
59626
9380
51361
32151
3702
54027
5815
13818
14058
2296
51832
40175
2933
5148
8857
6259
35073
13644
14224
26953
53699
43176
5518
9246
24
3779
11913
59222
1324
7467
32505
1319
19742
39608
10179
1964
42049
6726
11762
2529
43826
23186
42950
4896
6
11287
16809
10346
590
15017
821
26334
8405
44962
21757
57203
4515
8231
5561
19434
23158
42612
10400
8827
3912
23525
3563
17734
14770
627
45612
19105
10988
2385
60142
55232
64498
44904
6142
43959
32439
18529
2382
7729
3739
27528
13816
22694
37283
2036
69548
28675
5329
9265
5521
21572
30268
12940
4287
3554
23317
459
31048
36031
3031
10166
8470
2918
9959
9043
3167
38880
8185
3037
6840
13277
28073
12252
17990
27344
12210
4759
26507
24357
10215
17392
29762
9077
16810
36694
2833
9443
60
42397
20640
24696
3050
36421
9404
22493
4980
7143
11364
7652
9055
2694
25939
5767
9966
3267
19097
30882
25629
20486
57850
41614
4829
695
11457
51510
3374
1115
42665
36955
18737
34528
46515
61419
1574
12643
14153
13065
1293
1129
12331
15737
13059
1619
31028
8750
3002
45786
12450
37873
7823
4464
23962
61545
15095
7794
6751
1999
21656
19976
17918
5989
8744
24241
18887
5578
14853
6577
27926
20984
10313
13939
12964
27891
6186
43981
18480
21110
4646
483
273
436
25688
3
4141
6603
9322
6180
11445
5820
28937
1393
12785
20
418
3898
13226
3866
41631
2683
35423
11669
11163
50683
54082
9713
2
9701
38627
8288
5225
3254
50894
11555
2798
606
23094
9231
13135
32274
32274
42945
35593
37673
491
10008
755
36936
1945
48171
70549
80
4089
32215
10262
18344
27096
2512
42709
14779
34813
32127
11944
28597
2387
20275
35423
17736
1572
10271
38126
27810
33640
24433
5897
3050
25411
13252
6919
22625
5657
47195
16981
33745
23618
15838
59
87
2001
22348
5105
21808
27161
1331
12059
2701
896
1063
9036
15978
17698
9589
9396
13376
10355
26601
4486
2093
41195
36508
40758
17129
9138
7330
18443
46531
3350
421
2881
1771
30452
20655
21281
7755
4600
12027
74689
21887
57585
6203
11725
16919
22527
901
14565
19235
38590
14506
46278
7933
11877
2228
11789
3112
33036
36620
19985
24183
30813
2
27083
22482
3751
35299
42195
11074
16966
43323
38919
72446
51101
13368
50259
2676
23252
51032
14880
28898
47077
26091
27846
1007
34070
2
383
9333
8258
18979
51809
18656
6079
22277
52967
24422
23893
18780
15146
40779
35628
6595
42195
12843
6331
12471
25874
21879
37675
17500
11860
2425
26020
4129
42338
26138
30860
70791
9750
32545
52588
37013
4161
33942
8283
39698
68426
13768
44805
17195
22274
24289
9585
13285
24096
4579
13046
36313
1251
20766
34195
20229
20910
21757
48195
5
25312
20778
16882
12142
35251
13693
8092
6712
16511
13297
25823
31755
12404
23164
23470
14731
8368
9948
26808
6986
54983
16157
12205
605
16
9085
25140
13816
3035
5225
29279
24372
26152
26787
2360
5491
7208
967
7586
576
1552
21280
21436
33211
8463
5304
63651
7475
25159
45779
15151
2935
27243
295
18159
7283
16569
1257
18824
51965
24251
237
1
59490
31160
58079
5455
4542
21737
6993
1641
42289
50565
2131
29421
55774
6118
61521
15186
10623
8096
9245
8688
47528
4743
3139
3928
11854
10166
5335
19367
16720
11815
13134
29489
39367
16784
4703
42086
68192
2211
4638
6541
5340
46025
26300
807
10369
2120
8940
34855
32310
8247
28164
13859
30842
2319
19970
22923
9235
31384
2343
9099
23626
12727
13946
12331
1542
27163
13200
7362
4024
68985
26225
23427
1925
432
5151
2840
22572
6785
1106
10012
34240
7693
60380
63675
12610
52332
18985
20896
20276
3066
16358
37373
28962
11999
542
4359
4409
2166
6335
1040
6140
4892
8318
34030
12651
3
30844
6783
35044
47903
50334
29733
11568
39138
21756
2244
2256
6133
13026
1856
12737
25772
1831
10308
2535
69134
33974
25108
7130
8300
20360
19341
19681
37437
29121
38889
32279
9497
8347
25273
9080
86
13077
2325
17769
12468
22038
1679
14168
63642
1477
30273
17909
14415
53333
45667
13830
53107
11735
5812
1611
377
29182
3762
38700
21093
36072
15028
32110
14824
400
14739
37065
32754
17813
5281
11285
3743
1877
25572
4081
13520
239
29102
19313
7115
110
64002
5581
11838
19234
19271
35348
50561
15219
2140
70310
48501
27411
786
185
26452
21371
58252
40483
35468
327
11363
1880
630
38281
62159
11
464
8303
46594
19979
32961
23924
24150
19761
20471
1644
48164
58002
9567
50785
20164
1242
21840
67315
21602
3269
1097
1706
3268
28960
14014
22047
9421
35220
19145
423
8090
9024
17072
11997
607
20685
11024
36938
7200
11954
46594
43080
19995
71114
58155
31813
18313
20686
39304
57085
836
1615
3220
544
1936
18985
10732
9794
41558
25728
2709
197
11342
17574
793
3411
6422
619
8607
13867
23907
10807
3497
13475
42532
24255
21012
9487
44741
27444
11653
45981
4678
780
7852
11558
31525
13670
15608
5603
7377
28465
37480
4472
11739
4737
5671
28199
17204
8793
73767
12410
2751
7054
7085
10189
34185
22097
23602
30084
5641
24631
9045
13026
26224
65841
3028
21826
19385
19
31741
35764
1036
22318
22072
1274
10428
4750
62899
23828
10888
39535
3938
17389
6630
5817
6472
13958
28016
10021
17954
7
12788
32956
45324
2075
19824
25
61893
16748
2902
21147
18314
14374
70329
41303
1751
3628
10295
14350
64235
4500
7804
44894
35745
15067
3403
17120
2274
34423
10865
5299
41106
8500
15744
4492
14613
1241
11775
52622
6624
51588
6675
2886
43211
13388
20933
66613
32737
494
738
42038
39410
8535
5633
13362
17381
1514
8224
19345
20062
23961
26746
26772
13220
29793
74383
821
2298
5086
5860
43165
24686
51791
5931
28666
31147
316
5864
20495
61739
5940
17677
654
63217
33184
19104
13567
4989
1552
3493
46678
10190
2165
1323
2505
1049
5003
4762
52773
31592
6691
32793
25212
3817
2631
7147
15306
1991
16649
16601
15948
53647
26623
2868
22880
54814
1405
6143
3758
10849
5584
12661
13405
15720
13040
19187
11358
22435
8395
4199
4658
24442
13721
47166
16560
11248
1953
48464
26191
31718
4550
33147
18449
13944
44156
44031
22840
1164
48776
37194
15149
17956
22210
37357
8421
67257
44671
11479
34178
4049
9393
2316
3958
5086
39540
32666
11201
3662
7330
3067
19582
48612
28368
61862
27424
3815
1087
317
7860
5852
7359
25715
8270
4816
11970
12751
14040
6289
45434
877
14587
41278
20437
36787
14014
54021
25585
5515
9579
7708
24589
14741
47917
2883
4650
18796
11766
34955
18226
48998
70371
1793
30462
68171
47764
6256
15534
9494
11148
15064
25420
29410
1139
10332
1475
14185
6480
2452
4700
2594
34239
33489
17940
5429
21535
43304
21253
25953
1984
48426
6496
7724
1222
9878
11417
67935
1517
9550
13657
6973
1058
1433
20766
3907
19599
18239
3396
11009
17138
3096
29455
9279
32886
33679
13212
40088
659
31148
9494
36466
22750
8310
13340
6577
4894
3017
20457
16181
11966
65
31864
1677
17057
1006
2624
3879
3570
887
60577
27658
29520
10500
60874
8067
8632
74825
10238
14909
12425
10
4695
3165
22696
4491
5485
19267
23745
17141
1693
1
7562
14811
17663
64200
697
36594
88
90
37986
30793
22255
65256
6961
2386
30277
26063
42060
4042
17614
18120
21016
2294
2067
6275
20267
2269
36203
9467
718
39082
8402
50348
39328
38820
7143
629
68349
4243
12884
27671
9109
13824
1745
4489
10324
61431
8422
26895
13900
54900
3108
67692
42981
5399
12446
16690
12311
48793
8631
2054
23871
10296
33480
19245
23904
284
38384
6861
28241
25020
44764
4448
7445
60939
4837
42220
3338
11288
23548
17252
11501
15998
43813
8665
1
26640
64673
10584
8892
3611
2069
4492
41739
4295
18236
42358
28867
29871
20237
16848
12132
39761
9838
22402
7102
20780
16198
753
43057
8901
4827
1656
19921
13510
10939
2569
26664
28919
40973
23013
22134
5371
27170
14704
2202
10996
5477
3613
4702
5461
6982
36074
45836
33135
10392
38965
44101
387
5999
35976
2759
31646
4116
5732
10688
928
13709
46209
4066
355
12204
2153
10068
1343
12
26446
21676
76762
11858
3369
74059
19083
519
13519
3257
7875
39566
36654
30397
49551
13870
668
7972
8797
22921
11339
4219
54289
49
1631
8095
10098
19036
9416
3
15790
7838
453
15288
41817
8800
45739
8869
29465
43281
10318
10260
18377
2927
21898
813
5891
6853
33134
5412
17342
10050
39742
34411
2775
10777
10140
17577
15323
59349
22833
11096
43887
5794
9312
25949
690
3087
3591
22609
16721
24696
13025
1161
10896
5326
12798
15654
20997
20778
7196
39206
19124
29438
13340
13776
15286
2178
2515
35248
21855
43213
22086
43216
29239
8029
15527
60427
75323
28689
22124
426
22701
29677
44807
9339
2493
27930
17051
63536
4679
2065
25938
7767
25299
27284
50794
9051
33673
30799
43354
31858
1845
7920
4514
3151
58400
59672
33161
65033
19268
13379
6209
4573
7931
40541
22265
12756
2618
7615
17964
13395
11433
7560
25600
26320
806
12654
20338
3238
32357
13261
47712
4816
21075
10881
4038
46561
7275
12783
4483
64681
293
11087
10641
30658
16982
1189
29836
12679
47479
43031
1185
54036
17301
659
20377
9014
1959
74450
7911
27251
2113
40399
6274
18250
2799
2265
14305
3460
44478
10555
16373
37557
280
6266
35039
6096
8881
43964
8830
48576
32147
45590
13305
13857
62400
6240
25360
2104
22183
336
12980
5833
41588
30936
7224
4176
36618
6106
4399
15860
7438
7579
48
5019
7648
16297
947
26466
434
217
59813
36700
4635
15625
22182
43842
3634
4328
4977
2130
13590
5494
7953
54753
34725
1
10059
1793
8066
58242
9675
9918
25004
28051
20384
16233
5207
5976
51012
6655
18398
28232
1295
44275
534
58207
16392
14730
7
4509
12399
7
6927
19229
32552
5732
11058
4737
40618
18647
3804
31503
4072
39354
30555
727
6031
13432
8268
50128
10229
21588
2
7
59706
4834
19585
23528
8917
6067
14600
2006
16739
20116
8436
1078
17444
9309
25782
15762
35674
6939
2743
2351
272
34172
62634
27559
15438
35
2
15558
4495
25183
56163
17339
42250
19468
20060
33753
7273
3012
21676
12992
7466
355
31380
27242
2953
11328
17191
3721
18019
4184
53964
6848
22054
20095
2012
68320
29271
23493
23578
47407
36969
38804
1698
32078
3
4563
29915
34452
13181
8225
39496
8154
7631
17217
28098
1315
22574
17752
16105
1508
53771
2733
48550
13
5006
8565
46649
11687
10232
1877
1
5145
7499
3693
12293
11756
72976
4903
16955
1991
992
64828
4585
6780
8977
6638
60114
65007
20829
53981
1
46636
2938
10960
3001
24230
37469
21343
26472
14353
26097
7587
16661
9053
18304
6903
26363
38825
16645
3536
70959
5224
16092
28773
3271
17179
20807
6224
13272
10860
19879
35169
1283
4288
43691
49997
8611
2219
45385
40615
65698
1682
13135
49859
27472
8551
51292
2130
20009
69219
15867
1398
1641
10149
12426
12994
24150
1432
6833
32464
59057
37364
12801
9993
50621
2750
52636
7059
21500
23540
21025
5431
34260
11559
57446
4600
12343
9762
4093
24719
49205
841
5117
70162
40394
767
3704
1888
30958
16289
50505
66522
13105
21675
3168
3389
1330
19789
10184
2203
11901
1946
832
3613
44409
19583
29711
44331
33016
27031
49540
18987
19138
2374
5625
4632
16716
16694
11485
9369
13919
41640
14584
33023
30264
3671
60376
9751
12380
15681
41992
1435
12
975
27496
15253
7741
37612
1382
22999
40334
11978
12249
1526
23425
6281
713
7196
41822
4150
1368
7293
21802
7326
3607
60917
65166
33669
8203
36103
46642
8700
3968
6221
731
21593
2993
13320
18130
45534
17096
21670
6132
9144
15486
376
3759
1602
984
58250
27753
30122
18749
6986
16661
1
32748
13174
14180
8441
12879
2
34433
29593
9927
3356
1495
4520
352
5817
51295
10351
5655
2901
3140
8023
28153
51071
15365
3279
15797
6612
62757
6202
4368
35670
1539
17828
31235
11042
19102
809
10167
15811
16534
4274
4317
18596
73997
8578
3552
1
20152
35770
2890
22278
15733
32892
51380
64022
3846
15408
25320
37597
3587
9412
35464
39946
50307
15063
24580
456
12740
7350
38334
9291
14569
23420
6565
25940
14202
25144
13493
4559
3875
36300
17311
50950
17077
24784
33459
20286
22136
12361
327
33981
29281
353
32064
51686
5670
14121
49234
45476
21354
54949
220
16799
21450
10089
11174
74552
39409
37092
5981
2411
105
8526
7341
11718
11127
14572
51037
21468
36515
1195
25419
61203
15218
26814
12887
19738
8032
15162
31377
15925
56253
10407
46626
1188
1483
43049
34002
37914
5045
73745
2399
6961
27167
8163
38792
17155
15269
28515
6
3109
7744
23857
58034
1543
41047
18563
4182
8494
2836
11515
8762
31713
69724
24070
14277
72087
973
63263
21711
20713
5069
9301
39118
23340
16632
32755
4299
22669
9825
28585
2200
8991
30968
32181
55697
11278
39262
3810
5780
30001
326
2550
29721
24506
2361
7185
48899
308
22936
1316
5913
4941
14463
1
4083
29148
11150
15973
6199
19269
29570
18018
7151
12924
27829
51264
14839
9180
726
479
44478
25219
55994
7031
8625
20159
19942
27046
53177
45187
6545
7925
16618
14468
4568
1763
112
5278
47378
26623
19488
43911
8453
5816
21958
3185
9830
35
50561
7242
1899
16992
58177
51519
57331
33350
20416
20528
6538
1051
5979
8350
4849
33110
30131
53363
11750
4612
12969
49202
5408
4276
8332
750
49290
5376
22276
2497
17046
1663
8390
2016
4194
5487
19969
10725
2808
21590
10158
36370
1245
28078
4242
10609
14593
30983
18946
26938
31752
20215
1911
24093
14700
4209
68854
121
17991
52717
20440
47033
10017
15943
44670
3303
1327
7619
21236
26419
11773
13061
65572
3505
39891
6136
1349
2291
7334
5496
30198
60552
1812
44788
24484
7172
30132
33462
3498
10018
77834
5548
9267
18859
1534
44892
6646
59621
32874
68046
46440
26520
13496
4835
20541
24904
1258
53683
622
2309
73194
324
10173
9355
2076
4880
14
5235
17774
16928
4857
10471
3864
808
31406
11135
51603
8750
4896
18146
19840
32264
8075
70134
25481
1640
28463
22984
4809
6348
8465
2229
5196
7401
5436
3587
3043
29225
35407
3339
2910
2
11908
6212
43367
56237
65076
1489
20018
5578
12144
27374
21629
21438
16135
13347
22347
14263
2325
1087
35133
19592
29699
5014
9441
357
13791
8046
7323
15489
17270
18576
19176
17075
37039
10241
63419
43030
39521
22736
6621
1802
756
25222
13480
37430
31465
2071
9546
6151
11
14581
7864
54163
2468
20628
11283
8148
5522
15066
41529
4353
4380
23392
20776
26434
4696
3511
17202
39816
15195
24917
371
40553
38370
23840
12607
2556
61943
1589
16420
13249
3410
26639
2506
34714
31481
40223
31092
19771
23556
25201
23201
2144
13892
13743
45241
8515
16792
17530
25268
5062
42117
6350
15394
12298
14812
13428
2209
10289
11057
1674
374
22434
24039
8956
54445
3210
21897
16517
28302
12263
17239
35372
6737
9423
57151
43232
2033
17060
4019
4919
9140
1424
25548
4783
27195
5168
25837
11713
30824
44125
9876
494
30940
4591
39415
14724
10854
45777
14005
24371
40875
5733
44531
1338
37667
755
19026
21295
17376
54009
29829
37478
2304
900
19904
31596
1171
3458
767
13811
10839
42408
12665
20262
4046
4607
57472
12597
47822
1293
28126
19467
10
2955
1861
43594
11635
32618
65707
1044
1018
7091
4175
14162
33053
44949
7522
52020
17113
41113
3047
6586
8843
32549
40835
60196
44
50660
36346
9231
1684
12066
30648
14410
49199
8943
39294
9039
9042
70988
415
52592
17808
11016
28838
5236
34549
32793
12919
12321
17657
1963
5075
45943
7928
28964
27968
35068
32719
48935
31719
4155
7990
3902
11322
2639
537
8147
405
15949
12293
4157
2774
4508
1007
1765
7299
6211
6103
53717
1226
26253
24274
47219
3
14103
64343
11608
13912
39061
27648
14755
50772
8033
2
39688
5991
51740
3020
27479
1821
40353
36837
16355
2155
19034
2950
1338
48607
21295
5080
7484
2168
4048
6569
39517
21704
65284
9265
29134
664
26629
3995
36478
23299
15757
15677
28409
28465
49369
33559
415
44798
6007
16157
40545
6954
58757
325
465
23561
5351
16005
39550
5917
6593
52755
62879
13108
9609
27533
34341
35569
58998
5030
64022
1
1454
12262
11188
18276
36124
50587
35262
6009
438
8477
33248
29658
39578
17080
10207
30031
1637
2744
22317
2900
1908
3955
21041
4202
19256
18607
39796
6810
32976
8501
1554
6197
59402
19081
40107
1560
24234
11097
55109
39544
2920
54157
29079
9055
831
19338
3976
4011
26701
32579
41935
10305
13550
55386
18033
33960
3888
14374
16751
10069
7777
847
32214
877
13406
572
259
32934
2677
3498
589
12108
45974
6260
49373
46976
17666
14528
10153
28761
40373
29470
4643
14067
5700
2171
20539
35903
9373
44217
28084
42818
2123
29529
5462
2059
22252
50462
28644
25587
58967
21890
17650
13604
2934
40760
19081
26638
34693
3114
2335
1007
16129
40855
20690
69207
9600
2896
5554
6296
48088
40290
10477
1707
17509
49570
496
5502
4895
5381
7786
17019
32224
8154
430
48743
17360
32592
10886
10592
11217
13539
7344
2202
5583
405
23005
5223
3892
1866
5429
907
5478
29762
69691
20036
685
889
18009
4644
16402
23743
4325
13064
9058
842
11731
10828
16920
8326
35281
40234
2624
2371
25754
22898
39429
6516
7740
7160
6143
38629
62552
27585
2201
5712
22239
2999
13544
7171
38191
1964
21134
6263
22905
10813
8344
20
56987
1551
8961
22814
21447
25113
20487
26518
2019
16062
14138
3585
25733
19816
3276
46309
21755
25165
17012
969
72814
19885
40066
29516
20831
32796
3258
10
763
4865
4090
50843
4209
21442
1217
7298
44793
42815
55365
24239
52890
14620
7227
1431
67047
52568
11669
46844
34059
4608
10030
17043
56747
232
33193
4298
26700
75576
54616
3558
16574
53035
171
4125
5418
69583
61464
53824
683
5263
23882
1641
14568
29733
42884
14682
43831
922
7243
12399
38174
13586
1221
17506
21330
19997
3429
42830
24365
7108
3755
11042
10605
4029
31531
48001
6729
17296
12412
46735
28850
10137
19190
30597
10
1134
29161
12770
3468
9220
986
3397
3504
2153
35568
13281
15320
13317
11183
48197
2138
5383
926
31405
5067
43403
6892
4788
8846
36611
19741
30755
19770
19702
23806
19007
17876
37456
15864
17988
16513
6421
23144
56672
403
10040
58101
10902
14005
1836
73235
29845
6851
27677
36444
14089
814
11118
32082
38280
20569
22700
50447
4245
5786
1
4423
12850
38009
7510
6519
5654
29512
16234
6338
18440
73675
9652
3319
2854
38455
13246
48451
32113
125
12410
13712
42125
1157
13001
15659
37560
9057
735
34010
8074
46629
3434
22940
21342
253
37257
15419
10272
2161
3728
11247
35232
47398
12680
53568
25
5148
31005
17320
7951
3964
592
50525
147
3863
488
30914
1902
19022
3597
37231
6420
7334
19339
8150
16405
47520
15103
16158
22134
3396
43319
53418
16629
9255
1355
14714
48513
2040
16318
48241
8717
2927
2420
1312
1209
30060
26214
5942
25024
4066
56802
2552
16948
4764
63384
15814
3537
332
66472
55914
25683
7913
58156
114
19478
15104
1121
1706
25294
36339
38251
24832
14837
923
29937
23641
47578
3305
1071
20415
988
50822
16899
18842
20751
8319
677
1662
250
11517
31566
8508
3420
12681
37589
5741
57810
9409
19205
6530
2662
25886
17077
32259
30592
33184
8794
10959
754
58469
2362
4320
33001
11811
7435
18901
17730
7106
18266
28099
11628
41665
23892
4299
64600
41538
35118
17576
12355
3342
1202
1
59811
3826
28275
27292
9808
27002
9565
4092
634
7629
678
1705
9
35487
16612
6649
10151
46055
15255
1261
38648
908
23711
1445
9922
9433
1959
8764
45427
2481
16885
4695
27789
836
21510
6237
2487
33415
7080
2111
9358
1497
2189
13074
18638
547
21766
18273
16169
1499
16559
3560
599
24201
20771
36580
26015
1198
16943
15336
2065
10754
26840
2691
10327
2208
7078
20337
57249
2686
18437
4491
35671
32804
28906
739
6763
4499
6022
25810
46597
63600
10630
16643
1972
27437
12959
11395
14339
20148
15799
2510
60824
9458
49417
18489
11044
24752
11337
2856
44403
2140
5161
19331
2400
41080
45424
2
42985
7318
16335
3294
51557
3385
45960
16920
39008
50594
32811
33381
18595
25919
3256
45240
14278
1759
12800
1389
48909
6615
22381
24041
2628
60655
5480
1847
10192
19780
59063
1372
26155
26893
7118
5278
567
34077
16163
6123
51711
3949
14312
9642
35113
49521
1196
30267
17548
38823
8934
30685
8513
14001
5886
30464
17228
6481
11263
26432
13659
32176
62052
14201
2510
13227
10702
14798
25606
10928
58665
12213
2239
6157
36346
56720
18025
25261
36378
10400
1312
16072
3253
974
61550
6180
59896
5115
19250
14672
3518
13941
7923
1993
11081
10524
7881
40351
37796
2124
28
27906
14359
31091
19328
4229
14979
3794
9954
21579
3101
15717
13355
5164
37555
24057
39613
1621
5174
5129
735
834
36498
14034
10143
4070
289
31531
7649
12866
6560
21840
62617
40161
10597
56425
12788
24007
61305
26169
5388
1083
26310
6256
71744
14418
42513
28615
219
8337
53437
8732
20203
1748
66483
499
38347
45106
25991
27693
19064
29558
3721
1833
7258
7607
10005
206
47080
31486
45405
13098
24523
13460
33582
2899
61895
38579
7422
50657
2931
1304
27264
6022
10151
33232
4450
33014
553
4171
2403
29002
9612
9281
4498
13170
6048
4736
1052
38794
18442
61591
1207
9744
2136
14492
35097
2073
36086
16517
24540
41584
35535
52447
1323
4626
28487
42305
17336
62129
5
3103
41118
5731
26288
40422
29983
44520
43085
44161
46868
5193
2305
2218
8188
27270
47346
34818
12998
8770
33967
1383
3981
19245
32092
20218
15215
46499
30899
19687
45039
2116
16364
21054
31548
52964
8873
68744
6328
26662
19833
20454
5719
9680
41560
11454
29108
21146
24851
67944
7142
72436
34019
26676
2298
4187
18373
6756
22734
23791
2483
26239
12730
2129
25181
2343
21105
13077
3954
2841
14110
31221
1019
45105
12769
2463
66255
47121
3605
1387
61517
38067
13937
22475
2658
26774
2744
21455
11465
29201
1540
888
708
9090
15691
11711
833
8444
2576
12272
12945
9124
39839
39553
13640
1073
46809
51322
1975
50798
15787
31294
4591
49512
26744
13027
1028
58281
300
36849
3065
45252
33506
14255
15032
16277
36604
1581
19141
26047
2283
1573
7631
2843
1020
5960
66297
10957
19402
16330
20372
16559
15023
15870
2990
10681
51553
20636
1572
3161
55929
69871
6235
34809
18202
5817
40029
30154
7074
22996
496
790
4556
406
490
29360
8544
4897
12161
22077
1412
37023
655
3748
8
9576
40947
35865
13388
13721
10267
7664
921
30358
9412
15731
52433
13009
9
1579
8409
31678
11680
15643
50258
1124
33354
9080
49828
1995
939
15317
27815
9026
60787
802
64945
21350
29183
32038
16563
5453
22844
14741
61034
43057
18075
18062
47567
3207
18442
3831
14041
297
32329
13517
12605
27093
14190
3552
977
2033
13135
14470
11389
6826
39267
39484
17178
30064
16847
57797
27420
2713
15098
13895
1602
32752
6531
7048
814
44663
3152
6930
1270
42452
35111
4679
46770
50783
961
23313
9501
37784
7580
33373
473
32569
9334
3
18937
2174
5730
27817
3900
8358
43068
23297
26295
24227
42569
22718
29044
25097
6902
18678
6626
10504
65103
355
5828
13148
16176
22906
24753
53449
23134
3471
13942
4435
11465
1698
471
39535
22371
10907
2402
21625
1458
47665
1142
48306
799
13924
47932
39814
15821
19627
25176
7819
56244
6326
30546
13072
7236
9567
3326
14594
35417
31837
15169
481
24712
32780
43752
42999
28746
33926
2288
55571
43771
32061
19358
7044
35796
12567
1874
34630
18946
7102
22882
15915
4911
8742
37231
25187
57053
16256
32025
44283
22292
11147
3935
40343
60134
1498
31172
30047
19049
31942
5094
10462
25107
21846
44243
23545
61876
43801
31731
3468
25785
14244
2845
4
4269
39794
30990
46643
29941
10131
10289
3893
22186
1
10410
42141
12848
1324
35947
7553
44565
7998
37981
9445
6435
1635
1462
47393
21946
18898
22140
11259
9223
8937
34396
415
19904
30856
2442
25317
12886
29649
6580
4870
29945
17154
33850
30446
1564
34116
49425
27713
10188
37978
35841
24563
516
16313
17118
3085
42013
23730
32172
15945
51183
5118
4563
5218
43327
64200
12792
59201
18602
15121
21054
25367
8023
14304
19281
8
23566
69432
22408
24588
19270
37161
67663
16980
56660
5402
2182
283
6830
34930
30388
44947
72847
21679
12687
49428
43041
39176
11259
2562
46137
35724
22611
17706
60044
6324
11116
15327
20743
73
28786
22065
12147
637
23123
3253
33879
13221
50105
2044
55521
1973
16176
35267
26964
49557
10415
2793
29725
6778
14038
145
20228
3738
3812
3
1122
24295
62303
3219
1253
27042
6902
19085
7558
16498
21908
3341
63124
3767
10287
45891
3385
57760
30989
5283
17915
38132
18276
33802
68515
9644
24943
13886
6935
5048
7153
5640
12817
2183
9319
2957
14769
2462
33907
5953
32950
13767
10954
1767
5502
4649
44094
13071
4614
4472
53208
13582
29170
1441
13607
23526
32682
4397
15238
8819
23070
11083
506
7294
32187
46348
39840
61904
29127
4419
1928
5956
3439
24488
22572
7032
16649
6937
1518
47019
10307
18248
15305
17790
8217
71059
26662
66081
9246
11190
3
8803
3804
58824
1293
2287
170
10635
10262
42911
6224
4104
1
7233
3957
1013
51614
21239
64755
4817
52175
41108
38649
7905
41405
50141
8202
19178
10136
25835
30299
21727
55015
47237
2565
24695
5659
5840
5774
792
3935
29795
23960
26892
47386
7469
10290
1961
42353
45983
10322
22213
8315
7815
12022
57872
18617
59797
28760
2971
18376
4929
31175
20267
1653
47151
19739
2762
6905
61
37752
5792
24831
3650
23885
68394
11697
10653
940
19279
20963
16851
38583
61
1554
27378
38456
855
1092
1635
34333
7904
18931
2224
21012
3720
30813
28532
15668
245
68379
62232
19490
11040
27118
31251
8572
23461
7157
1509
7795
10635
2769
15690
7687
29442
25387
2737
29058
2906
18387
36984
51490
48396
34352
735
11503
1473
4809
19149
5166
20223
25166
6130
59991
11970
1377
3072
16573
4653
49048
22545
20016
16887
1992
12700
1897
47050
34708
12099
234
13268
23752
7616
3407
7154
24530
23408
2739
21050
7184
28703
57226
3770
48
14136
5340
46188
59864
45447
4532
22408
23609
2279
25183
49470
10400
2788
41546
29720
29195
17269
26921
1719
573
19458
11523
39607
15195
26174
30307
29498
24337
45582
4112
8172
4188
17219
8575
21394
8719
31898
16479
23549
20880
33912
1374
52029
23048
11688
69054
30922
19927
17944
5392
11280
13515
2456
51645
39860
3627
2116
38953
29316
14659
13525
9532
63042
7527
5713
10426
44701
58308
1574
23903
15805
14216
13213
9736
67041
50343
21830
53535
6227
11347
2563
75820
7525
17262
39144
59712
3705
10606
8150
15243
7754
1207
47902
11298
12671
2463
244
16858
3814
1035
1372
7829
6566
41054
5
14320
68322
21573
15155
35754
11617
39407
16171
7740
48520
24365
51649
4145
75035
24938
31322
64087
6612
14344
51489
12907
11005
38493
57312
2531
19608
7816
2943
30037
19174
2099
21495
8548
2763
3971
85
20491
56361
40230
41193
1029
40746
8658
4667
1193
28799
15001
1023
2024
5174
19
23349
58117
13365
14091
15401
35171
1202
4606
13832
32723
16736
16867
37813
2264
41706
24458
6408
60515
42801
69609
24797
33650
1739
4229
31122
22566
53062
10929
3860
42634
27
54359
34750
7406
25041
953
2734
657
18
17458
28684
41098
16391
15043
46455
3562
71830
34895
30376
21312
27574
18111
4511
16204
920
2836
4022
70271
1854
25545
10230
15209
6241
6197
4354
8804
1963
57353
20977
668
2675
7836
15942
35608
21818
13609
71853
792
986
47384
8646
3724
33626
36651
8138
67931
12656
19070
52648
27711
798
3526
37414
11734
29820
42195
56315
33737
6273
6073
39270
24279
16521
57367
22664
41005
7541
65011
59511
55737
27512
15816
9315
1765
9791
1900
44224
29212
11774
27924
9523
11189
28509
1
6634
6490
290
3209
27626
5509
33487
1338
60541
4797
6855
2538
20748
16506
45077
3414
7131
10209
1173
20358
43777
3166
36666
15955
9795
2849
4719
2190
11560
22139
12176
63500
2216
22238
4124
26758
4836
42841
6792
42853
1701
13216
35711
6376
40695
39955
14947
17134
27568
5396
3244
8972
20833
17441
32631
16008
15153
2590
27019
11536
4023
10204
24226
20913
65151
12798
8728
13098
52277
22055
24586
13255
7779
4701
43061
27565
16824
8170
16631
16671
9724
14935
7840
45082
1416
30061
13631
6664
10210
12913
13851
11820
65722
1146
53385
1711
14643
9689
11446
1562
5673
14790
11350
5236
13555
20501
10655
4238
8955
27315
42737
20014
30052
29003
12560
43133
9461
60003
480
58185
21923
2750
6711
364
2497
1418
7335
207
23840
763
4464
16669
18251
59192
1478
29152
22007
17993
8071
1031
6244
11141
12202
58692
3375
12912
11788
53542
32907
61592
26064
4069
10583
6287
54574
3760
40509
16306
26393
72809
23320
13819
4913
643
31012
8987
31021
22367
42383
6603
19076
12675
31093
9557
38455
23347
62153
25207
24003
46225
6028
3097
17898
6563
62513
11615
2345
5219
568
1090
18634
8377
27103
2358
48794
13172
3423
14921
35834
1958
9944
34204
5712
2645
9036
3065
5911
2812
43955
5567
1
18495
28855
14206
25203
23888
31568
20902
2194
5814
40209
8273
8573
8596
56750
20539
3395
28639
20912
1973
37904
8472
41440
7015
16552
8949
34436
68837
17416
27225
8498
19677
378
27117
12837
16089
18375
1448
53674
3754
26195
37388
5760
4319
1804
36695
24591
14940
15866
7494
5100
16322
10984
21670
29648
4702
19381
6843
1
5861
46209
22662
41525
21757
13829
757
22416
56882
44968
27497
4211
21724
2214
18707
8361
12162
16895
6593
129
76322
26522
20602
58034
22086
43995
7392
9645
3027
8543
16099
5899
1981
34156
6443
26986
6314
24240
70343
25757
30323
5598
1491
43408
22319
9760
4881
3598
18087
24832
586
4277
1013
15263
52703
4536
2093
46024
6150
7887
3885
427
45443
39676
284
2704
25973
4651
3602
26584
10144
4363
171
25699
4266
8057
25394
49955
23861
1683
2204
990
40626
19489
3804
18251
45623
3268
35642
21777
5115
30084
58578
20350
12167
10107
8325
18057
5137
12626
9920
29706
28214
2867
6561
471
12967
7911
3182
1372
43984
3407
28243
7676
628
35599
4821
46012
20776
4721
24371
4773
31063
46392
35723
12304
6590
29364
37344
5696
16157
5097
7558
551
43157
35484
13201
26028
57637
56070
10208
33069
34072
356
6592
4
6189
14103
50115
43
48787
44978
59635
1785
1986
26961
6585
9302
10216
15032
8431
27794
21625
35097
20293
15351
13775
18922
16645
14004
6684
35342
7373
35259
12373
60831
39995
15856
10177
23817
5595
17467
33469
30640
15579
32528
501
6569
26945
18492
22069
6511
2356
10993
6074
26846
25391
7317
14982
1143
9445
27552
35049
2011
281
679
2397
6621
16203
2062
43070
2948
810
701
8036
7883
922
22276
1809
63901
3142
2912
2922
22579
41242
675
5919
7077
14633
66462
25836
7253
1038
22266
1726
45921
32335
52483
11613
25138
14595
23182
6162
1323
43963
15630
38068
1019
48194
1016
19492
13724
1016
20154
61244
42825
4047
13891
9466
11020
2233
1990
3419
9125
19656
3816
4306
1647
4954
5256
10127
16565
656
3763
59275
21111
4008
13889
19630
1647
46343
977
3
29050
6716
583
44592
1154
5551
39110
2079
28955
10765
2784
25002
40222
15
10388
10837
813
9818
15816
32542
260
17522
2951
25456
15682
67463
695
63390
5110
23976
3774
29046
13189
288
3185
15462
26859
15950
11441
416
4292
34720
62747
6001
18944
6231
24705
27040
45967
721
4730
35339
17048
47044
19963
33503
5260
11155
1804
7321
1765
12907
68697
14823
39904
41916
10926
57011
30522
1270
9531
28124
7877
16848
14908
56036
40177
1301
1
45268
5482
5271
7508
15357
52478
46662
40365
1
18948
11075
21229
34985
8726
9695
1989
16840
41209
60883
4624
4768
56713
8229
34803
15329
37336
22184
9946
2012
27314
24771
18717
44640
3612
8457
1871
42562
36216
9770
8456
1284
14597
12755
19558
54661
52434
