10
1000 10
1 2 0 0 2 0 0 0 2 0 2 0 2 0 0 0 0 2 1 2 0 2 2 0 2 2 2 0 0 0 0 0 1 0 2 0 2 2 2 0 1 0 0 0 1 1 0 0 2 1 0 0 2 0 2 0 1 2 0 0 2 0 2 2 2 2 2 0 0 2 2 0 0 2 0 2 0 0 0 0 0 2 2 0 2 0 2 0 0 2 0 0 2 2 0 1 0 2 2 1 2 2 1 2 0 2 0 2 0 0 2 2 2 0 1 2 2 0 0 2 2 0 0 2 0 2 0 1 0 2 0 2 2 2 2 2 1 0 0 0 0 2 2 2 0 2 1 2 1 2 2 2 0 0 0 0 0 0 2 2 0 2 2 0 1 2 0 2 0 0 1 2 2 0 0 0 1 2 2 0 0 1 0 0 0 2 2 2 2 0 0 2 0 0 1 2 0 2 2 2 0 0 0 0 2 0 0 2 2 2 0 2 0 1 2 2 0 2 0 1 0 0 0 0 0 0 2 1 1 1 2 2 0 0 0 0 0 0 0 2 2 2 2 2 2 1 0 0 2 0 0 1 2 0 1 2 0 2 0 2 0 0 2 0 2 1 2 2 0 2 2 2 2 2 2 1 0 0 0 0 2 0 0 0 0 0 2 0 2 2 2 2 2 0 0 2 0 0 0 2 0 0 0 2 0 0 2 0 2 0 0 2 2 2 0 2 2 2 2 0 1 0 2 2 0 0 1 2 1 2 2 0 2 2 0 2 2 2 2 2 0 2 2 0 2 2 0 0 2 2 0 0 0 2 2 0 0 0 0 1 2 0 0 2 2 0 2 0 2 2 0 0 0 2 0 2 2 2 0 0 2 2 0 0 1 1 2 0 0 0 0 2 2 2 1 2 2 2 0 2 0 2 2 2 2 0 0 1 2 2 0 0 2 0 2 0 2 2 0 2 2 0 2 2 0 0 0 0 1 2 0 2 2 0 2 2 1 0 0 2 0 1 0 0 2 0 2 2 2 2 0 2 2 0 0 0 2 0 0 2 2 1 2 0 0 0 2 0 0 2 2 0 2 1 1 1 0 2 2 1 1 0 2 0 0 2 2 2 0 2 2 0 0 2 0 0 0 0 2 0 0 2 0 0 0 0 2 2 0 2 0 2 2 1 2 2 2 2 2 2 2 2 0 2 2 0 2 0 2 0 2 0 0 0 0 2 2 2 2 2 0 0 0 2 0 0 1 0 2 0 2 0 0 0 1 2 2 0 0 2 2 0 0 2 2 1 0 2 2 0 2 0 0 2 1 2 1 0 0 0 1 0 0 0 0 1 2 2 0 2 0 0 0 2 2 2 2 0 2 0 1 0 2 1 2 2 2 0 0 2 2 0 2 0 0 1 0 0 0 2 0 0 2 2 2 2 2 0 2 2 0 2 0 0 0 0 2 0 0 0 2 0 0 2 2 2 2 1 2 1 0 0 2 2 2 2 0 0 0 0 0 0 2 0 0 0 0 0 0 1 0 0 1 0 0 2 2 2 0 0 2 2 2 2 2 2 2 2 1 1 0 2 0 2 2 2 0 2 2 0 0 1 2 2 0 0 0 0 2 2 0 0 2 1 0 0 1 1 2 2 2 0 2 2 1 0 1 0 1 2 0 0 2 0 2 2 0 1 2 0 0 2 2 2 0 2 1 2 2 0 0 2 0 2 2 2 2 2 0 2 2 0 1 0 2 2 1 0 0 1 2 2 2 1 2 2 2 2 0 0 2 0 2 0 1 0 2 0 2 0 0 2 0 1 2 0 2 0 0 0 1 0 0 2 0 1 1 2 2 0 0 0 0 2 0 1 0 2 2 2 0 2 2 2 0 2 0 2 0 2 0 0 0 0 2 2 2 0 0 1 0 0 0 0 0 0 0 2 2 2 1 2 2 2 2 0 2 2 2 0 0 0 0 2 0 0 0 2 2 0 2 0 2 1 0 2 2 2 0 0 0 0 0 1 2 2 0 2 2 2 0 0 0 0 2 0 1 0 2 0 2 0 0 2 2 0 2 2 2 2 2 0 0 0 1 0 0 2 2 1 2 2 2 2 0 2 2 0 2 2 2 2 0 2 0 2 2 1 2 2 0 0 0 0 2 2 0 0 2 2 0 2 2 0 2 2 2 2 0 0 0 0 2 2 0 0 0 2 0 0 2 2 0 0 2 1 2 0 2 2 2 0 0 2 0 0 0 0 2 2 2 2 2 0 1 2 0 0 2 2 
899 26
26 289
289 638
638 571
571 758
758 248
248 840
840 716
716 704
704 746
746 282
282 470
470 925
925 92
92 18
18 173
173 513
513 66
66 323
92 984
984 742
742 126
126 564
564 842
842 449
449 87
87 163
163 836
836 688
323 605
605 172
172 714
714 465
465 56
758 823
823 517
517 155
155 45
45 293
293 660
660 380
380 566
566 990
990 857
857 760
760 168
168 593
173 965
965 211
211 373
373 189
189 902
902 80
80 500
500 271
248 915
915 13
13 613
613 467
467 921
921 960
960 878
878 473
473 355
355 368
368 79
79 495
495 871
871 808
808 541
541 241
241 829
829 122
122 502
571 225
225 952
952 82
82 670
670 588
588 725
725 537
537 544
544 789
789 416
416 468
468 346
716 774
774 751
751 631
725 86
86 874
631 912
912 734
874 16
16 305
305 861
861 420
420 167
167 38
38 265
265 981
981 186
186 657
613 394
394 721
721 849
849 413
413 214
214 337
593 129
129 374
374 848
848 259
259 47
47 159
159 84
84 423
423 992
992 715
715 188
188 237
237 975
975 550
550 277
277 361
361 862
862 438
438 91
18 430
430 788
788 951
951 966
966 933
933 526
526 896
896 254
254 397
56 83
83 295
295 538
538 157
157 377
377 427
427 218
218 103
103 33
33 696
696 177
177 498
498 567
567 388
388 606
606 17
17 802
802 151
151 961
961 244
244 728
728 573
573 920
920 854
854 786
786 340
340 752
752 515
515 654
394 604
604 455
455 390
390 608
608 379
379 97
97 488
488 652
652 799
799 737
737 315
315 625
625 281
281 833
833 15
15 334
334 130
130 356
356 711
711 8
8 932
932 70
70 989
989 749
751 298
298 929
929 616
616 450
517 393
379 615
615 904
904 738
738 876
876 10
10 474
474 980
980 318
318 278
278 632
632 352
352 697
697 974
974 949
949 964
964 819
819 436
436 164
164 313
313 805
805 403
403 4
4 777
777 745
745 364
364 105
105 347
347 440
440 114
114 918
918 489
992 72
72 626
626 23
23 327
327 520
520 307
307 780
780 586
586 689
689 709
709 441
441 102
102 431
431 822
822 46
46 651
651 20
20 817
817 800
438 326
326 260
260 684
684 935
935 535
535 479
479 478
478 830
830 257
257 858
858 339
339 644
644 296
296 149
149 410
410 1000
1000 731
731 382
382 117
214 490
254 539
539 885
885 238
238 549
549 547
547 247
33 792
792 710
710 444
444 557
557 575
575 611
377 813
813 99
99 534
534 972
972 867
867 810
810 357
357 350
350 676
676 963
963 682
682 569
710 807
807 452
452 456
961 886
886 553
553 245
245 63
63 31
31 791
745 365
365 542
542 304
304 381
381 64
64 803
803 366
366 976
976 205
205 698
698 693
693 679
679 131
131 796
796 930
930 321
321 54
54 931
931 894
894 875
875 297
535 926
926 446
446 839
839 776
776 948
676 922
963 843
843 591
327 464
464 287
287 937
937 118
118 859
859 598
840 376
376 459
459 320
858 101
725 705
705 142
142 41
41 826
826 367
367 234
234 451
451 362
362 743
743 662
662 798
798 680
680 396
396 52
52 491
491 624
624 329
329 783
783 227
227 962
962 415
415 258
258 986
986 636
636 160
160 460
460 675
675 647
647 322
322 344
344 499
499 947
947 529
529 301
79 994
994 276
276 713
713 98
98 166
166 825
825 183
183 724
724 85
85 398
398 993
993 246
246 645
645 146
146 178
178 741
741 319
319 838
838 785
785 877
877 49
49 506
506 508
508 469
415 302
302 94
94 48
48 790
790 551
551 546
38 979
979 691
691 453
453 392
392 242
242 983
983 252
252 209
209 909
909 179
179 106
106 811
811 199
199 311
301 853
853 484
484 908
908 732
732 11
11 957
957 139
139 232
232 270
270 888
888 418
418 93
93 736
736 730
730 897
897 343
343 454
454 824
824 487
487 272
272 345
345 599
599 333
333 543
543 372
372 58
58 582
582 428
428 769
769 107
107 666
666 433
433 640
640 223
223 939
939 562
562 67
67 127
127 124
124 40
40 767
767 152
152 601
601 532
532 204
204 518
518 959
959 589
589 25
25 133
133 637
637 348
348 1
1 956
956 462
462 516
516 958
958 617
617 619
619 439
439 995
995 434
434 180
180 891
891 463
463 89
711 646
646 673
673 200
200 476
476 717
717 809
809 628
628 425
425 690
690 525
525 161
161 906
906 634
634 213
213 494
494 249
249 481
826 708
708 841
244 140
140 879
879 941
941 505
505 953
953 128
128 900
900 703
703 414
414 90
90 432
432 466
466 778
778 370
370 907
907 524
524 402
402 748
748 756
756 609
87 292
470 602
602 411
411 755
755 443
443 251
251 228
228 429
429 212
212 655
655 81
81 814
814 286
286 290
290 145
145 938
938 887
887 864
963 308
242 934
934 827
827 60
60 61
61 220
290 195
195 556
556 837
837 754
754 945
945 185
402 39
39 174
174 391
391 325
325 753
753 421
421 771
771 19
19 759
759 804
804 197
197 770
770 712
712 880
880 998
998 590
590 108
108 914
914 111
111 707
83 34
34 230
230 672
672 570
570 266
266 141
141 722
722 331
331 985
985 190
190 342
342 96
295 850
850 426
426 196
196 492
492 519
519 6
6 77
77 723
697 700
700 779
779 43
43 408
408 275
275 511
511 399
871 14
14 229
229 198
198 757
757 116
116 555
555 806
806 581
581 663
663 109
109 150
150 437
437 681
681 527
527 193
193 629
629 620
146 735
735 683
683 607
607 28
28 812
812 115
115 335
335 773
773 471
471 383
383 12
12 207
207 747
747 192
192 643
643 65
65 648
648 559
559 565
565 104
104 928
928 913
913 971
515 359
359 208
208 156
156 656
656 671
671 744
744 765
765 572
572 847
847 910
910 75
75 694
694 351
351 772
772 687
687 316
316 136
136 231
231 846
734 781
238 240
240 55
55 574
574 110
110 336
336 299
299 264
264 739
739 71
71 558
558 358
358 507
507 978
920 530
109 389
389 699
699 95
95 510
510 324
324 610
610 187
187 203
203 216
216 579
579 521
521 596
596 461
150 832
832 328
328 3
3 120
120 954
954 576
576 982
982 522
522 726
726 44
44 175
175 509
509 612
612 447
447 720
720 483
483 580
580 35
35 253
253 135
135 147
147 42
42 458
408 283
283 866
866 417
417 968
968 795
795 987
987 892
892 485
313 595
595 37
37 856
856 24
24 171
171 540
38 303
303 400
400 217
217 288
288 419
419 363
363 235
235 668
668 74
74 7
810 548
548 621
621 901
901 727
700 889
889 872
872 349
349 236
236 472
472 262
262 445
445 816
289 424
424 618
490 855
855 750
750 622
622 946
946 997
997 815
815 706
706 285
285 658
548 740
740 603
603 360
360 162
162 531
531 905
905 442
442 881
881 614
614 977
977 280
280 222
222 385
385 338
338 112
112 733
733 988
988 21
21 233
233 664
664 762
762 893
893 250
250 873
873 291
291 955
955 594
594 943
943 512
850 57
57 493
493 560
560 942
942 627
627 578
578 801
801 514
514 73
73 882
882 794
794 435
435 834
834 215
215 32
32 667
667 477
477 62
62 630
630 919
919 144
144 685
685 761
761 309
447 384
384 504
90 936
936 123
123 775
775 860
860 406
406 401
401 503
503 764
764 210
210 851
851 835
835 845
862 545
545 51
51 375
375 480
480 169
169 143
143 533
533 119
119 137
137 950
230 5
428 387
387 158
158 797
797 314
314 583
583 224
224 176
176 267
267 27
27 686
686 221
221 895
895 973
973 944
627 787
787 284
284 642
642 138
138 274
274 29
29 916
58 661
661 678
678 88
88 486
486 623
623 371
371 154
154 597
597 911
911 202
172 22
22 36
36 828
828 255
255 766
766 243
243 121
121 310
310 587
587 165
165 330
330 153
153 409
409 405
405 633
633 457
457 592
592 78
78 718
718 226
226 701
701 821
10 820
820 865
865 523
523 378
378 300
300 585
585 9
9 969
969 641
641 256
256 635
635 201
201 923
923 884
884 870
870 729
729 692
692 194
99 53
53 69
69 763
763 844
844 30
30 677
677 852
852 927
189 577
577 903
903 395
395 536
536 970
970 501
842 422
422 312
312 482
482 665
665 369
369 719
719 134
134 967
967 68
68 2
2 863
863 831
831 50
50 132
132 659
659 407
407 818
818 191
191 561
556 317
500 563
563 354
354 868
868 412
412 306
306 170
170 554
554 999
966 869
869 263
263 261
261 768
768 269
269 890
890 448
448 219
219 639
639 294
294 782
782 669
669 332
332 76
76 59
59 497
497 940
940 991
991 793
793 674
674 784
784 184
184 206
206 996
996 650
650 386
952 182
182 528
528 239
239 695
695 279
279 341
341 649
825 600
613 924
924 552
552 883
883 898
898 181
181 148
148 100
100 404
404 273
273 568
212 113
113 702
702 353
353 268
907 475
475 653
653 125
125 496
496 917
917 584
1000 5
2 0 2 0 0 1 2 2 0 2 2 2 1 0 0 2 0 1 2 2 2 2 2 0 1 0 0 2 2 2 1 2 2 1 2 2 2 2 0 2 2 2 0 1 0 0 2 0 2 2 2 0 2 2 0 0 2 0 1 0 2 2 2 0 0 0 0 2 2 0 0 0 2 2 2 2 0 0 0 2 2 2 0 2 2 0 2 2 0 1 0 1 0 0 0 2 1 2 2 0 0 0 2 1 2 0 1 2 0 0 0 2 2 0 0 1 2 2 0 2 2 0 2 1 2 1 0 2 2 2 2 2 2 0 0 1 0 2 2 2 2 0 0 2 2 2 2 2 2 0 2 1 0 0 0 1 0 2 2 2 2 0 0 2 2 1 0 0 0 0 2 2 2 2 2 0 0 0 2 2 2 2 2 0 0 2 1 2 2 0 2 2 2 2 0 2 1 0 0 0 1 2 0 2 1 2 1 0 0 2 2 2 2 2 2 2 0 2 2 2 2 1 0 0 0 2 2 1 2 2 2 2 2 0 2 0 0 2 1 2 2 2 0 2 2 2 2 2 0 2 0 1 0 0 0 2 2 2 1 0 2 0 0 0 0 0 2 0 0 2 1 0 0 2 2 0 0 2 2 2 0 0 0 2 2 2 2 0 0 0 2 1 2 0 0 0 0 2 2 0 2 2 0 0 1 1 2 2 2 2 0 0 2 2 0 1 2 0 0 2 0 0 0 2 0 2 1 2 2 0 2 2 0 0 2 0 0 2 0 0 1 0 2 2 0 0 2 2 2 2 2 0 2 2 0 0 2 2 2 0 2 0 2 2 2 2 2 2 2 1 2 2 0 2 2 0 0 0 2 2 2 2 1 0 2 0 2 0 2 0 2 0 2 0 2 1 0 2 0 2 0 0 1 2 2 0 2 0 1 0 0 0 2 2 0 2 0 0 0 2 2 0 2 0 0 0 2 0 2 0 2 2 2 2 0 0 0 0 2 0 0 0 2 0 2 2 0 0 2 2 2 2 0 0 0 0 0 2 0 0 2 0 0 2 1 0 0 2 0 1 1 2 2 2 0 2 2 0 0 0 0 2 2 2 2 0 2 2 1 0 0 1 0 0 1 0 0 0 0 0 0 2 2 2 2 0 2 1 0 0 0 1 0 2 0 2 0 0 0 1 2 1 1 2 0 2 2 2 0 0 0 2 0 2 2 0 0 1 2 2 2 2 2 2 2 2 2 0 2 0 2 2 0 2 2 2 2 0 2 2 2 2 2 2 2 2 0 0 2 0 1 0 2 0 0 0 2 2 0 2 0 0 2 2 0 0 2 0 0 0 0 0 2 0 0 0 0 1 0 0 0 1 0 2 0 2 1 0 2 0 2 0 2 0 0 0 0 0 2 1 0 0 0 2 2 1 2 2 2 0 2 0 0 2 2 0 2 0 1 1 0 2 2 2 2 0 0 2 0 0 2 0 0 2 2 2 0 0 0 0 2 2 0 2 1 2 0 2 2 0 2 0 0 0 2 0 2 0 0 0 2 1 0 2 0 2 0 0 0 2 0 2 1 2 2 0 2 0 0 0 2 2 0 0 1 2 0 0 0 0 0 2 0 0 2 1 2 0 0 2 2 2 0 0 0 2 0 0 2 2 2 0 2 2 2 0 1 2 2 0 2 2 0 1 2 0 0 2 2 0 0 2 1 0 0 2 2 2 2 0 0 0 0 2 0 0 0 2 2 2 0 0 1 2 2 0 2 1 0 2 1 2 1 0 2 0 2 0 0 2 0 2 0 1 2 2 0 0 2 0 0 2 0 2 0 0 2 0 0 2 2 2 0 0 0 0 0 0 2 0 0 1 0 0 2 0 0 2 2 2 0 2 0 0 2 2 1 0 2 2 0 2 2 0 0 0 0 2 2 0 0 0 0 0 2 2 0 0 0 0 2 2 0 1 2 0 0 0 2 0 0 0 2 2 0 2 2 2 1 2 2 2 0 1 0 0 1 2 0 1 2 2 0 1 0 1 0 0 0 0 0 2 0 0 2 0 2 2 0 0 2 2 2 2 2 2 0 0 0 2 0 0 2 2 0 2 2 1 0 2 2 0 2 2 2 0 2 2 2 2 2 1 0 2 1 0 0 1 0 1 0 0 2 1 1 0 1 0 2 0 2 2 2 0 2 2 2 2 0 2 0 0 0 2 2 0 0 2 2 2 2 2 0 0 2 2 2 2 2 2 2 2 0 2 2 0 2 0 1 2 
716 618
618 390
390 375
375 200
200 635
635 967
967 933
933 808
808 633
633 225
390 577
577 498
498 541
541 24
24 620
620 150
150 853
853 942
942 611
611 981
981 551
551 464
464 364
364 379
379 797
797 947
577 893
893 204
204 440
440 723
723 561
561 449
449 687
687 453
453 976
976 403
403 331
331 307
307 891
891 454
454 652
652 867
867 398
398 211
211 102
102 410
410 2
2 105
105 71
71 629
629 481
481 427
427 600
403 789
789 250
250 503
503 18
18 422
422 831
831 681
681 59
59 113
113 466
466 806
806 304
304 128
128 400
400 424
867 26
26 421
421 753
753 359
359 662
662 684
684 830
830 975
975 212
212 771
771 704
704 148
148 580
580 614
614 461
652 248
248 615
615 649
421 890
890 154
154 254
254 735
735 689
689 943
943 533
533 639
390 603
603 949
533 631
631 914
914 875
875 334
334 755
755 29
29 691
691 765
765 126
126 878
878 110
110 411
411 896
896 162
162 63
63 752
752 70
70 929
929 395
395 760
760 416
416 713
713 157
157 834
834 526
526 107
107 309
309 423
423 705
705 409
409 534
534 876
876 478
478 968
620 811
811 323
481 276
276 190
190 368
368 111
111 805
805 123
123 694
694 714
714 42
42 385
385 363
363 756
756 432
432 537
537 217
217 547
150 139
139 140
140 483
483 247
247 974
974 97
97 706
706 545
545 582
582 558
157 346
580 984
984 712
395 328
328 701
701 877
877 708
225 297
297 286
286 30
30 826
826 625
625 91
91 695
695 572
572 513
513 299
984 792
792 369
369 116
116 399
399 397
397 905
905 863
863 281
281 180
180 333
333 167
167 520
520 627
627 88
88 66
66 198
198 963
963 155
155 647
647 443
443 268
268 166
166 781
781 90
90 185
185 33
33 966
966 952
952 460
460 348
348 208
208 850
850 956
956 644
644 550
423 840
840 728
728 505
18 640
640 489
489 337
337 235
235 108
108 72
72 488
488 995
995 243
243 653
653 388
388 754
754 356
356 438
438 645
645 237
248 96
96 982
982 769
769 836
836 270
270 51
51 913
913 382
382 628
628 779
779 531
531 223
223 720
720 656
656 674
674 80
80 770
770 543
543 165
165 75
75 865
865 751
751 195
531 697
697 321
321 761
247 903
903 663
663 244
244 289
289 159
159 730
730 786
786 362
362 314
681 361
361 849
849 950
950 23
23 841
841 277
277 843
966 576
576 925
925 953
953 189
189 291
291 926
926 634
634 376
376 144
432 301
301 197
197 469
469 927
927 231
231 538
538 259
259 676
676 773
773 679
679 143
143 923
923 419
419 847
847 394
394 83
83 613
613 468
468 352
352 675
675 660
660 901
901 302
302 203
203 115
102 463
463 17
17 294
294 917
917 821
821 658
658 298
298 990
990 567
567 477
477 593
488 517
517 715
715 546
546 559
559 106
106 271
271 809
809 902
902 267
267 895
895 941
941 800
800 643
643 109
109 888
888 425
425 319
319 306
306 264
264 124
124 15
15 49
49 873
873 557
557 219
219 592
592 417
417 996
403 209
209 265
265 430
430 932
932 393
393 213
213 183
183 408
408 221
221 973
973 459
459 544
715 980
980 216
216 915
915 50
50 414
414 736
736 366
366 666
666 342
342 824
824 101
101 887
887 605
605 495
495 988
988 230
230 193
193 151
151 772
772 467
649 749
749 191
191 918
918 179
179 899
899 955
955 262
262 514
514 134
134 441
441 581
581 793
793 916
916 322
322 452
452 540
540 62
62 506
506 571
571 52
52 845
845 493
493 402
402 742
742 175
175 251
251 82
82 127
127 904
904 958
958 642
642 851
851 718
718 920
920 832
832 371
371 365
365 881
881 103
103 796
796 310
310 931
931 733
733 401
401 509
83 854
854 257
257 3
3 232
232 199
199 426
162 168
168 822
822 130
130 731
731 112
112 869
869 120
120 521
521 494
494 954
954 938
938 437
437 177
177 997
997 34
34 861
244 872
872 456
456 750
750 320
320 685
685 795
795 326
326 119
119 389
389 746
746 945
945 556
556 510
510 429
429 38
38 64
64 584
584 317
193 971
971 145
145 624
624 785
17 233
233 55
55 27
27 837
837 871
871 138
138 882
736 835
835 104
104 961
961 240
240 349
625 336
336 595
540 661
661 573
573 274
274 542
542 486
486 979
979 780
780 725
725 965
965 692
692 621
621 325
325 819
819 910
910 384
384 798
798 898
898 125
125 358
358 651
651 776
776 324
324 450
450 360
368 539
521 710
710 864
165 555
555 473
473 775
775 874
874 407
407 234
234 702
702 894
894 500
500 496
496 554
554 683
683 241
241 377
377 907
331 196
196 218
218 532
532 528
528 383
383 381
381 60
60 986
986 892
892 94
94 76
76 295
295 992
992 65
542 133
628 471
471 164
164 67
67 884
884 118
118 142
142 862
862 202
202 587
587 279
279 636
636 92
92 669
538 602
602 856
856 480
480 748
748 922
922 39
913 815
815 205
205 601
601 21
21 939
939 273
273 833
833 623
623 428
428 729
729 272
272 668
668 280
920 28
28 487
277 560
560 739
739 909
909 343
343 303
303 569
600 14
14 721
721 860
860 77
120 242
242 959
959 783
783 700
700 378
378 79
79 404
404 329
329 89
89 163
163 767
767 11
11 817
817 678
211 664
664 292
292 829
829 912
912 563
563 732
732 462
462 813
813 31
31 686
723 153
267 36
36 10
10 589
589 648
648 711
711 47
47 81
328 207
207 1000
1000 275
275 288
288 827
827 132
132 444
444 962
962 522
522 347
347 671
671 121
121 511
511 530
530 960
960 970
970 479
479 260
959 868
868 68
68 194
194 879
879 801
801 266
266 285
285 842
842 885
580 921
921 253
253 43
43 201
201 936
936 99
99 246
246 149
149 610
610 32
32 73
73 227
227 883
883 173
173 699
699 744
744 6
6 491
491 937
937 354
195 256
256 340
340 136
136 415
415 40
40 957
957 788
788 803
803 880
880 519
519 552
552 229
229 734
734 332
332 889
889 964
964 20
20 87
87 617
617 507
507 548
687 641
20 991
991 170
170 672
672 518
518 870
870 312
312 146
146 152
152 350
350 790
652 597
597 743
743 612
612 56
56 418
881 969
969 396
396 405
405 632
632 485
485 838
838 919
919 186
186 100
100 184
184 258
258 84
84 574
574 41
115 413
413 220
220 391
391 330
330 549
549 799
799 774
774 12
12 673
673 129
129 315
315 263
400 570
570 16
16 535
535 999
999 619
619 637
637 192
192 181
181 278
278 816
816 137
137 255
255 726
726 420
420 470
704 586
586 568
568 442
442 810
810 784
784 578
578 436
436 591
591 245
968 284
284 807
807 5
5 35
35 828
828 764
764 886
886 594
594 318
318 757
757 693
693 596
596 727
727 857
857 335
335 690
690 768
205 940
940 696
696 763
763 13
13 562
562 351
351 825
825 998
998 446
446 626
626 341
341 703
703 782
782 344
344 386
386 171
171 758
754 392
392 433
433 37
37 566
566 738
738 665
665 935
154 948
948 502
502 370
440 812
812 585
585 608
608 527
527 646
646 214
214 261
261 311
311 239
239 908
908 553
553 465
469 228
228 709
709 338
338 476
476 22
22 222
222 117
117 445
445 650
650 579
579 741
899 858
858 54
54 4
362 680
680 654
654 78
78 508
508 172
172 296
296 766
766 911
911 737
737 367
367 447
447 472
213 924
924 19
19 206
206 852
852 707
707 135
135 609
609 316
316 855
855 215
215 374
374 564
850 44
44 484
484 516
516 659
659 372
372 638
638 985
985 604
604 457
457 269
269 524
524 523
523 688
688 657
657 599
599 719
125 598
598 53
53 74
74 814
814 844
844 897
897 252
252 787
787 575
575 226
226 900
17 9
444 475
475 458
458 178
178 25
25 435
435 431
431 300
300 677
677 820
820 147
147 497
497 448
448 122
122 98
98 565
565 313
313 161
161 622
622 224
224 451
451 69
69 434
434 846
846 583
583 439
439 236
236 293
293 187
187 529
529 512
512 357
357 504
504 667
667 169
169 412
412 61
61 176
68 355
355 823
823 93
93 58
842 655
655 160
160 724
724 934
934 492
492 287
287 515
515 740
740 499
499 501
501 249
249 717
717 630
630 536
536 345
345 490
490 928
928 848
848 590
590 482
638 606
606 282
173 682
682 7
7 839
839 791
791 156
156 131
131 380
380 283
283 972
972 525
525 978
978 210
210 95
95 993
993 866
866 141
141 944
944 670
670 57
57 46
46 777
777 174
174 930
930 747
747 946
946 745
745 8
8 607
607 989
989 85
266 339
339 86
86 794
794 762
762 859
859 804
804 951
797 455
455 474
474 983
983 818
818 387
387 308
308 158
158 305
305 327
327 588
588 188
188 373
373 182
182 238
238 987
987 994
57 290
290 406
406 802
802 778
778 759
759 45
325 698
698 977
977 1
1 48
48 722
519 906
906 616
616 353
353 114
1000 7
2 2 1 2 0 2 0 2 2 0 2 1 2 0 2 2 2 0 0 0 2 0 0 0 2 2 0 2 0 0 0 2 2 0 2 2 2 0 1 0 2 0 2 2 2 2 0 0 0 0 0 2 2 2 0 1 2 2 0 0 0 0 2 2 0 0 1 2 0 2 2 0 0 0 0 0 0 2 1 0 0 0 0 0 2 2 2 0 0 2 2 0 2 0 0 2 0 0 1 2 0 0 0 2 2 0 0 2 2 2 0 2 0 2 2 2 2 0 0 0 0 0 1 0 2 1 2 2 0 0 0 0 0 0 0 1 2 0 2 0 0 2 2 2 2 0 2 1 2 2 2 0 2 0 2 2 2 2 0 2 2 2 2 0 1 2 2 2 0 2 0 2 2 0 0 2 0 0 2 0 2 0 2 2 0 0 0 2 2 0 2 0 2 0 2 2 2 0 0 0 0 0 2 2 0 2 2 2 0 0 0 0 1 2 2 2 0 0 0 1 1 2 0 0 0 0 0 2 0 2 2 0 0 0 1 2 2 2 0 2 0 2 2 0 0 2 0 1 2 2 0 1 2 0 0 2 2 0 2 0 0 0 2 0 0 0 2 2 0 2 2 2 2 2 0 0 0 0 2 2 0 0 2 2 2 2 0 2 0 2 0 2 2 0 2 0 0 1 0 2 0 0 0 2 2 2 2 1 0 0 2 2 0 2 2 2 2 2 0 0 0 0 0 0 1 2 2 2 0 0 2 2 2 0 0 2 2 2 1 0 2 2 2 0 0 0 1 0 0 2 0 2 1 0 0 0 1 0 0 1 2 2 2 1 2 1 1 0 2 2 2 2 2 2 2 0 0 0 0 1 0 1 1 2 2 2 0 0 2 1 0 0 2 0 0 0 2 2 2 2 1 0 0 2 0 0 0 0 0 0 0 0 2 2 1 1 2 0 2 2 0 2 0 0 0 2 2 2 2 1 0 2 2 2 2 0 0 0 0 0 0 1 0 0 2 0 1 2 2 2 2 0 1 0 2 0 2 1 2 0 0 2 0 0 0 0 2 2 2 0 2 0 0 0 2 2 1 0 1 0 0 0 2 0 2 2 1 0 2 2 1 0 2 0 2 0 2 2 0 0 0 0 1 2 0 2 0 1 0 0 1 2 2 0 0 2 0 2 0 0 2 0 2 2 2 2 0 0 0 2 2 2 0 1 2 2 0 2 0 2 2 0 2 0 0 2 0 2 2 2 0 2 0 2 2 2 0 0 0 2 1 2 0 2 2 2 0 2 0 2 0 2 0 0 2 2 0 0 2 2 2 2 2 0 0 2 1 0 2 2 0 1 0 2 1 0 2 2 2 2 2 2 0 2 0 2 2 2 2 0 1 2 0 0 0 2 1 0 1 2 1 1 0 0 2 0 2 0 2 0 1 0 2 0 0 0 0 2 0 1 1 0 1 2 0 2 2 0 1 0 2 0 2 2 2 2 2 0 2 2 0 2 2 1 2 2 0 2 0 0 1 0 0 0 2 0 2 2 2 0 2 0 2 2 2 2 0 0 2 2 0 2 0 2 0 0 0 2 2 2 2 0 0 0 1 2 0 0 2 0 0 0 1 2 0 0 2 2 0 2 1 1 0 1 2 0 0 1 2 0 2 2 2 2 2 2 0 0 0 0 0 2 2 1 2 0 2 2 2 1 0 2 0 0 0 2 0 2 0 0 2 2 0 0 2 2 0 2 2 0 2 2 0 0 0 0 1 2 0 2 1 0 0 1 1 0 1 0 2 0 2 2 2 2 2 0 2 0 2 0 2 2 2 2 2 0 2 1 2 0 0 0 0 2 2 0 2 0 2 2 1 2 0 2 2 0 0 0 1 2 1 0 0 1 0 0 2 0 1 2 0 2 0 0 0 2 0 0 0 0 2 2 0 2 0 2 0 2 0 0 0 2 0 2 2 2 0 2 2 2 0 2 2 2 0 2 2 2 0 2 0 0 2 2 2 0 2 0 0 0 2 2 2 2 2 2 2 0 0 0 2 0 0 2 0 2 2 0 2 2 2 0 1 0 0 2 0 2 0 0 2 0 2 0 1 0 0 2 2 0 2 2 2 0 2 2 2 2 2 0 0 0 0 0 2 2 0 2 1 2 2 1 0 2 1 1 2 0 2 1 2 2 2 0 0 2 0 2 2 0 0 2 2 2 2 2 0 2 0 2 0 0 0 0 2 2 2 2 0 0 2 0 2 2 1 2 2 2 2 2 
859 702
702 609
609 206
206 285
609 150
150 215
215 688
688 816
816 733
733 213
213 200
200 468
468 502
502 369
369 266
266 613
613 368
368 491
491 976
976 756
756 173
173 443
443 862
862 119
119 514
514 699
699 155
609 829
829 464
464 718
718 978
978 723
723 742
742 989
976 216
216 225
225 47
47 629
629 203
203 87
87 840
840 64
64 776
776 114
114 669
669 69
69 229
229 827
827 401
225 405
405 519
519 297
297 451
723 417
417 503
503 631
631 180
180 371
371 706
859 73
73 250
250 470
470 571
571 826
826 535
535 462
462 828
443 747
747 335
335 16
16 913
913 260
260 52
52 745
173 302
302 7
503 551
551 744
744 573
573 795
795 125
125 93
93 338
338 24
24 120
120 768
768 907
907 361
361 672
672 582
582 58
58 32
32 868
868 518
518 409
409 951
951 25
25 735
735 53
53 889
889 933
933 140
140 188
188 116
116 691
691 132
132 955
955 675
675 416
416 339
32 331
331 927
927 574
574 693
339 124
124 880
880 103
103 35
35 784
816 496
496 198
198 374
374 394
394 148
933 620
620 918
918 714
250 461
461 994
994 788
788 301
301 230
215 642
642 873
873 18
18 208
208 916
496 449
449 425
425 748
748 623
623 483
483 147
147 624
624 627
627 867
867 347
347 841
841 860
860 560
560 588
588 581
581 489
859 616
616 700
700 23
23 182
182 475
475 984
984 286
286 178
178 589
461 137
137 19
19 991
991 280
280 775
775 763
763 946
699 438
438 231
231 883
883 985
985 886
886 932
932 447
447 538
538 914
914 722
722 135
135 578
578 680
339 273
137 34
34 172
172 364
364 597
597 466
976 465
465 654
654 92
92 895
895 122
122 529
529 259
259 482
482 536
536 740
927 97
97 650
650 824
824 941
941 105
105 719
719 839
862 679
679 328
328 966
966 128
128 428
795 373
927 365
365 421
421 257
257 703
703 45
45 590
590 30
30 516
516 57
57 713
128 291
291 170
170 780
780 673
338 656
656 492
492 771
771 313
313 930
930 383
383 210
210 878
878 959
959 904
904 576
576 334
334 854
854 724
724 869
869 77
77 241
241 86
86 848
706 894
894 658
658 184
184 798
798 396
396 400
400 375
375 130
130 28
28 115
115 377
377 856
856 357
357 336
336 452
452 345
345 906
906 440
440 550
550 488
488 752
361 41
41 431
431 127
127 977
977 814
814 539
539 476
476 376
376 454
454 348
348 66
66 218
93 607
483 802
802 419
419 296
296 13
13 845
886 575
575 391
391 717
717 183
183 195
195 354
354 637
637 542
542 579
579 665
665 432
432 971
971 60
60 663
663 809
809 972
972 205
205 78
78 761
761 287
287 272
272 235
235 832
832 324
324 648
648 643
643 2
2 804
804 242
242 332
332 63
63 418
418 322
322 485
272 937
937 249
249 88
88 858
858 245
245 909
909 406
406 202
202 773
773 948
948 891
891 676
676 725
725 308
308 612
612 390
390 270
270 162
162 340
340 246
246 469
469 258
258 265
265 239
239 618
618 333
333 803
803 191
191 61
61 497
497 570
570 321
321 337
337 384
384 690
690 352
352 633
633 899
899 614
614 852
852 636
636 681
464 435
435 988
988 716
700 436
436 42
42 3
3 217
217 591
591 625
625 292
292 728
728 165
165 84
84 414
414 720
720 710
710 504
504 353
353 741
741 388
388 929
929 661
492 327
327 248
248 655
655 686
686 760
760 160
160 212
212 998
998 279
279 495
616 310
310 458
458 370
829 958
958 517
517 715
715 568
568 1000
1000 253
253 815
140 887
887 738
738 342
342 134
134 261
261 810
810 660
660 527
527 671
671 922
922 986
986 610
610 834
834 567
567 33
33 389
389 766
766 356
356 823
823 687
671 844
844 290
290 157
157 947
947 196
354 83
83 493
493 520
520 474
474 444
444 689
689 68
68 532
532 806
806 456
456 697
697 317
317 704
704 193
193 692
692 415
415 881
881 237
237 31
31 940
940 306
306 734
734 512
512 477
477 6
6 797
797 500
500 639
87 603
603 521
521 533
533 783
783 186
186 641
641 559
559 450
450 777
777 632
632 224
224 831
831 736
736 96
96 460
286 501
501 4
4 276
276 234
234 893
752 484
484 433
433 48
48 755
755 924
686 601
601 164
164 818
818 40
40 942
942 726
726 791
791 399
399 21
21 256
256 189
189 423
423 387
387 192
192 870
870 537
537 143
143 902
902 51
51 751
751 926
926 56
56 606
606 85
85 523
523 102
747 457
457 531
745 677
677 141
141 351
351 487
485 385
385 422
422 146
146 921
921 565
565 600
600 997
997 346
346 515
515 111
111 855
855 956
956 187
187 315
315 917
917 709
709 925
925 411
411 168
168 640
640 264
264 194
194 866
866 427
427 964
964 954
954 563
563 548
548 408
408 326
326 678
678 960
960 10
10 129
129 934
934 43
43 316
316 403
403 987
987 577
577 38
38 765
765 928
928 944
944 158
158 732
732 238
238 626
519 595
460 11
11 223
223 288
288 923
421 596
596 711
711 790
790 695
941 874
874 412
412 807
807 221
221 494
494 897
859 970
140 22
909 505
505 572
572 254
254 546
546 583
583 5
5 757
757 161
538 407
407 541
541 20
20 949
949 138
138 367
367 29
29 472
472 14
14 171
290 112
112 544
717 892
892 774
93 843
843 794
794 159
159 682
682 309
309 395
395 381
381 912
912 822
822 330
330 781
781 857
857 782
782 281
281 758
758 441
441 404
404 644
644 973
973 467
467 990
990 294
294 100
100 152
152 931
931 362
362 847
847 530
530 969
969 820
820 98
98 701
671 207
207 359
359 275
275 767
23 71
71 44
44 920
920 185
185 524
524 647
647 664
664 785
785 232
832 478
478 871
871 136
136 910
910 586
586 439
439 181
181 896
896 131
131 426
426 392
392 754
754 547
547 545
545 350
350 79
79 554
554 293
293 320
320 793
793 540
540 522
522 543
543 8
8 46
46 299
299 91
91 792
792 227
583 604
604 842
842 424
424 228
228 513
513 811
811 341
341 993
993 863
863 434
998 244
244 833
833 729
729 303
303 837
837 39
39 486
486 743
743 145
145 453
453 55
55 323
323 884
884 437
437 683
683 209
209 864
864 982
982 593
396 634
857 262
262 289
289 511
511 343
343 835
835 888
85 167
656 915
845 772
772 70
70 510
510 142
142 94
94 179
179 753
753 355
355 938
938 876
876 319
319 379
379 786
786 721
721 980
573 555
555 879
879 861
861 838
838 961
961 779
779 118
118 821
821 935
935 49
49 175
175 507
507 615
615 429
429 163
779 764
764 936
936 211
211 277
277 479
479 875
875 499
499 325
325 617
617 214
214 166
166 759
759 566
566 666
666 851
851 992
992 177
177 295
295 963
963 117
117 556
35 169
169 705
705 386
386 635
907 307
307 882
882 312
312 750
750 220
220 638
638 534
534 801
801 305
305 552
552 957
957 685
685 872
872 82
82 430
430 651
880 584
584 749
749 37
37 490
688 945
541 95
95 314
709 830
830 962
962 587
587 1
1 459
459 282
282 240
240 694
694 199
199 304
304 712
712 825
825 243
243 569
569 770
770 274
274 498
498 621
621 109
109 252
231 965
965 380
380 983
983 952
952 255
255 267
893 585
585 76
76 739
739 850
850 144
144 363
363 283
283 54
54 446
446 420
420 298
298 564
564 813
813 153
153 329
329 50
50 630
630 939
939 898
898 201
201 106
106 455
455 553
553 9
9 981
195 278
158 139
139 696
696 865
828 81
81 268
268 344
344 271
723 674
674 805
805 59
59 311
311 836
836 659
659 849
849 594
594 318
318 263
263 943
943 995
995 708
708 108
108 905
905 62
62 506
506 737
737 448
448 901
901 121
121 731
731 27
27 787
787 684
684 789
636 580
834 233
233 445
445 746
746 999
999 762
762 778
778 480
480 226
226 12
12 846
846 366
366 653
653 646
646 393
393 413
413 707
707 398
398 471
471 975
975 605
605 562
562 36
36 65
65 890
890 662
662 953
953 727
727 481
481 174
174 800
800 885
885 473
473 219
219 598
598 204
204 378
378 602
602 410
410 99
99 382
382 176
176 360
360 996
996 652
652 657
657 80
80 698
698 26
26 442
142 853
853 90
90 730
730 126
126 15
409 300
300 968
968 72
72 190
424 463
463 622
622 592
592 979
979 247
247 525
173 900
900 236
236 526
526 104
104 509
509 667
667 358
358 549
549 819
819 156
431 817
817 911
911 89
89 974
974 222
222 557
557 397
397 877
877 619
619 812
812 123
123 558
558 561
561 17
204 611
611 508
508 649
649 796
796 402
402 151
151 645
645 799
799 154
154 149
491 908
908 101
101 133
133 372
372 284
284 197
197 349
518 251
251 74
74 670
670 599
599 919
919 608
608 528
528 67
67 808
808 113
113 903
903 668
668 769
769 269
269 107
107 628
628 75
75 950
234 967
967 110
1000 2
1 2 0 1 1 2 2 0 2 0 0 0 0 1 0 2 0 0 0 2 2 2 2 0 0 0 2 0 1 2 2 2 0 2 2 2 0 2 0 2 2 2 0 0 2 1 0 2 2 0 1 1 0 2 1 0 0 0 0 2 2 0 0 0 2 0 0 0 0 0 0 2 0 2 0 2 0 0 2 0 0 2 0 0 2 2 0 2 0 0 2 2 2 0 0 0 2 2 1 2 0 2 0 0 2 2 2 0 1 0 1 2 2 2 2 2 0 0 2 2 2 0 0 0 2 2 0 2 2 0 0 0 2 2 0 0 2 0 0 0 0 0 2 0 0 0 0 2 1 2 0 0 2 2 2 0 0 2 1 0 0 2 2 2 2 2 1 0 2 2 2 0 2 2 0 0 2 2 1 2 0 1 2 2 0 0 0 2 2 2 2 2 2 2 2 0 2 0 0 0 0 2 0 2 2 0 2 2 2 0 2 2 2 0 0 2 2 0 0 2 2 0 2 0 2 0 2 2 0 0 2 2 2 0 2 2 0 0 2 1 2 2 0 0 0 0 2 2 2 0 2 2 1 2 0 0 0 2 0 2 2 1 0 0 0 0 2 0 2 0 0 0 2 0 0 0 0 0 2 1 0 0 0 2 0 2 2 0 1 0 2 0 2 0 0 0 0 0 2 0 0 0 1 0 0 0 2 2 0 0 0 1 0 0 0 0 2 0 0 2 0 2 0 0 0 0 0 0 0 2 2 0 0 0 2 0 2 2 2 2 1 2 1 2 0 2 2 0 1 2 0 2 2 2 0 2 0 0 2 2 1 0 0 0 2 0 1 0 0 1 2 0 0 0 0 0 2 2 2 0 0 2 0 2 0 2 0 1 2 1 2 0 2 0 1 0 1 0 2 2 0 2 0 2 2 2 0 0 2 1 0 0 0 2 0 2 2 1 2 2 2 2 2 0 2 2 0 0 2 0 2 2 0 2 0 2 2 0 0 2 0 2 2 1 0 0 2 0 2 0 0 0 2 2 0 0 2 0 0 0 0 0 2 1 2 0 2 0 0 2 0 2 1 0 2 2 2 2 0 0 2 0 0 2 2 2 2 2 2 2 2 2 1 1 2 2 1 2 2 2 2 0 2 2 2 2 2 2 2 0 0 1 0 0 2 0 1 2 2 0 1 0 2 1 2 2 2 0 0 2 0 0 2 0 2 0 0 0 2 2 0 2 2 2 2 2 1 0 0 0 2 1 2 2 0 2 0 0 2 2 0 2 1 0 2 2 2 2 0 0 0 2 2 0 2 1 1 2 0 0 2 0 2 2 0 2 0 0 0 2 2 0 0 2 2 2 0 2 0 1 2 0 2 0 2 2 0 0 0 0 2 2 0 0 0 0 2 2 1 0 2 2 2 1 0 0 2 0 2 2 1 2 2 2 0 0 2 0 2 0 2 2 0 0 0 0 0 0 2 0 2 2 2 0 2 0 2 2 1 0 2 0 2 0 0 2 2 2 2 0 1 2 2 2 0 0 2 0 0 0 0 1 2 0 2 0 0 2 2 1 0 0 2 2 2 0 2 0 0 0 2 0 2 2 2 2 0 2 2 2 2 0 2 0 2 2 1 2 1 0 0 2 0 0 2 1 1 2 2 2 1 0 0 2 0 1 0 0 2 2 0 2 0 2 2 1 2 1 0 2 0 0 0 0 2 0 1 2 2 2 2 2 0 2 0 2 2 2 2 1 2 2 2 1 0 0 2 2 0 2 2 0 2 0 0 2 2 2 1 2 0 2 0 0 2 2 0 0 0 0 2 0 1 0 0 0 0 0 1 0 0 0 0 0 1 0 2 2 2 2 2 0 0 2 2 2 0 2 0 0 0 0 2 1 2 0 1 2 0 0 2 0 0 0 2 2 0 0 0 2 0 0 0 0 2 0 2 2 2 0 2 0 0 2 2 2 0 2 2 2 2 0 2 0 0 0 0 0 0 2 0 2 2 1 2 0 0 0 0 2 0 2 2 2 0 0 0 2 2 2 0 0 0 0 0 2 2 2 0 0 2 0 1 2 0 0 0 0 0 2 2 0 0 0 0 0 0 2 2 2 0 1 2 2 2 2 0 0 0 0 0 1 2 0 2 0 0 2 2 2 2 2 2 2 0 2 0 0 2 0 0 2 2 2 2 2 0 2 0 1 2 0 1 1 2 0 2 2 2 2 2 2 0 0 1 2 0 0 2 0 0 2 0 0 2 2 2 2 0 2 
164 501
501 899
899 640
640 18
18 86
86 647
647 980
980 732
732 138
138 167
167 45
45 190
190 291
164 750
18 679
679 203
203 617
617 101
101 95
95 317
317 678
678 619
619 285
285 878
878 559
164 972
972 25
25 908
908 255
255 229
229 288
288 727
727 965
965 224
224 507
507 301
301 817
817 693
693 778
778 881
881 377
377 115
115 964
964 803
803 641
641 572
572 495
803 23
23 513
513 594
594 676
676 957
957 280
280 243
243 310
310 564
564 362
362 338
338 917
917 570
570 819
819 529
529 928
957 999
999 292
292 145
145 311
311 294
294 512
362 605
605 545
545 974
619 458
458 901
901 331
224 211
211 342
342 575
594 905
905 698
698 293
293 688
688 114
114 503
229 236
236 196
196 854
854 72
72 689
689 443
443 627
627 217
217 467
698 645
645 656
656 51
51 272
272 989
989 358
358 64
64 410
410 142
142 158
989 282
282 984
984 975
975 834
834 37
37 610
501 596
596 67
67 303
303 981
981 14
14 889
889 623
623 480
480 87
87 918
918 531
531 672
672 7
7 971
971 302
302 445
445 945
945 333
333 97
545 687
687 613
613 843
843 442
442 261
261 212
101 721
721 90
90 319
319 382
382 271
271 612
612 553
553 33
33 267
267 281
377 264
264 885
885 650
650 897
901 765
765 977
67 266
266 258
258 341
341 178
178 69
69 144
144 665
665 122
122 189
189 216
122 188
188 593
593 39
39 944
944 153
153 954
954 106
211 697
697 88
88 959
959 537
537 998
292 538
538 344
344 234
234 791
791 762
762 19
19 197
197 150
150 369
369 664
664 186
186 786
786 960
960 835
835 893
893 879
879 896
896 403
403 680
680 482
267 654
654 723
723 432
432 223
223 194
194 943
943 832
832 705
705 756
756 591
591 651
651 112
377 436
436 947
947 1
1 430
430 541
541 131
131 447
447 633
633 941
941 396
396 906
906 717
717 595
595 600
600 506
506 643
643 34
34 148
964 683
683 470
470 502
502 56
56 297
297 29
947 156
156 380
380 563
595 811
811 795
795 543
543 71
71 632
543 251
251 494
494 695
695 307
307 424
424 799
799 241
241 602
602 151
151 225
225 755
755 622
622 198
198 746
746 185
185 921
921 245
245 274
274 353
353 428
428 720
720 472
572 279
279 459
459 120
120 371
371 83
83 61
61 607
607 99
99 210
210 838
838 375
375 278
380 320
320 686
686 708
708 555
555 65
65 440
196 162
162 316
316 966
966 35
647 222
222 208
208 270
270 44
44 694
694 110
110 938
938 98
98 59
59 916
916 149
67 590
83 73
73 154
154 827
827 655
196 340
340 521
521 286
286 433
433 761
761 246
246 942
942 444
444 707
627 657
657 691
691 9
9 629
629 782
555 888
888 12
333 226
226 519
519 91
91 499
499 239
239 930
930 522
522 259
259 620
620 93
93 852
852 486
86 192
192 376
376 568
811 177
177 431
431 370
619 405
405 3
3 213
213 11
11 323
323 738
738 200
917 624
624 991
991 218
218 871
871 781
781 2
2 658
658 360
360 473
617 400
264 364
364 155
155 988
988 887
887 969
969 626
626 547
547 361
361 826
687 345
345 809
809 283
283 511
511 351
351 143
143 85
85 780
780 359
359 448
448 374
374 606
606 743
743 847
847 429
429 304
304 797
797 582
582 233
233 163
189 415
415 111
111 536
536 284
284 865
156 922
922 718
718 990
990 706
706 227
227 221
221 939
939 76
76 868
868 872
872 493
493 737
245 994
994 420
420 877
877 383
383 350
350 711
711 265
265 165
165 808
808 839
839 10
10 929
188 52
52 354
354 462
462 260
260 352
352 78
78 457
457 339
339 675
675 733
590 446
446 348
348 117
117 825
825 870
854 463
463 456
456 915
915 273
273 40
40 54
54 47
47 214
214 867
867 685
685 866
866 490
490 191
191 215
215 70
70 287
287 757
757 147
147 674
674 804
804 956
956 926
926 269
269 530
530 441
441 764
764 240
240 435
435 766
766 460
460 869
869 42
42 955
955 952
952 748
748 89
89 767
767 565
240 725
725 729
729 32
32 43
43 900
900 597
597 668
668 408
408 516
516 662
662 768
768 950
950 387
387 787
787 581
965 740
740 997
957 898
898 336
336 793
793 6
6 580
580 48
594 82
82 661
661 413
413 397
397 275
275 728
728 911
911 365
365 135
135 454
454 500
2 933
645 549
549 469
469 471
471 638
638 125
125 995
995 775
775 325
325 841
293 130
964 554
554 630
630 970
190 423
423 478
478 426
746 416
416 166
166 874
874 709
709 631
631 779
779 132
132 979
979 124
124 524
524 659
659 637
637 913
61 968
968 94
94 108
108 475
475 726
726 378
29 276
276 798
798 41
41 649
649 455
455 792
792 713
713 28
28 204
204 935
935 719
719 121
867 973
973 601
601 546
546 611
611 800
719 321
321 648
648 392
392 558
558 119
119 228
228 907
907 884
884 300
300 542
542 518
518 864
864 628
628 168
168 776
776 652
652 193
193 81
81 242
242 830
830 700
700 146
146 195
195 479
479 561
454 814
814 751
751 948
948 249
249 532
532 335
335 788
788 381
381 461
461 235
235 262
262 771
771 322
322 836
836 890
890 399
399 703
703 663
663 174
174 206
206 55
55 484
484 58
58 987
272 669
669 26
26 136
136 318
318 540
540 355
355 1000
1000 334
334 16
16 544
544 608
608 116
116 36
36 670
670 175
175 337
337 810
810 466
466 402
402 577
577 940
940 715
715 704
704 857
857 411
411 824
824 701
701 813
813 366
366 783
783 924
924 523
523 247
247 790
790 394
394 667
667 961
961 539
869 57
57 823
823 785
120 113
113 949
949 840
840 393
393 805
805 515
751 104
104 427
427 398
398 468
468 406
406 414
414 801
801 306
306 520
520 308
308 296
296 63
63 422
422 31
31 356
356 330
330 635
635 829
829 747
408 684
684 367
367 909
909 642
642 129
129 412
412 741
741 497
497 682
682 589
589 696
696 816
816 710
710 639
639 27
27 419
419 231
231 453
453 934
934 815
815 692
692 481
481 202
202 883
883 183
200 978
978 305
305 176
176 690
690 716
716 498
498 556
649 232
232 876
876 92
185 963
963 315
315 598
598 289
289 925
925 552
552 861
861 437
437 914
914 483
286 892
892 347
347 574
574 848
848 425
425 504
504 855
855 660
660 68
68 277
277 464
464 735
735 181
181 477
477 666
483 327
327 508
508 161
161 514
514 517
517 587
587 548
548 894
894 644
644 535
535 920
920 566
566 465
465 357
357 844
844 254
254 505
695 363
363 268
268 562
562 219
765 15
15 66
66 528
528 858
858 904
904 38
38 525
525 295
538 386
386 238
238 488
488 418
418 822
822 123
123 509
509 927
927 812
812 75
75 588
588 100
217 395
395 409
409 207
207 401
401 368
368 862
862 169
169 184
184 569
569 618
618 962
962 53
238 50
50 256
256 702
702 476
476 496
496 584
584 244
244 171
171 833
833 20
20 614
614 603
603 107
107 205
205 372
372 30
30 487
487 74
74 230
627 953
953 895
895 576
576 209
209 673
673 77
77 312
984 880
880 818
818 579
579 407
407 379
296 253
253 404
404 170
170 653
653 510
510 452
452 343
343 96
96 985
985 621
621 919
919 770
770 60
60 102
102 103
103 759
759 789
465 951
951 373
373 139
139 806
725 127
127 821
821 886
886 349
349 736
736 21
21 46
46 159
159 769
769 489
489 671
671 850
850 126
126 763
247 752
752 802
802 681
681 820
820 550
233 585
585 891
891 910
910 754
754 8
8 996
996 450
450 13
13 491
491 773
773 324
324 774
774 199
199 722
722 777
777 772
950 749
749 313
313 946
946 62
62 390
390 567
567 180
180 179
179 527
527 734
734 912
912 391
795 220
220 434
434 49
49 80
80 742
742 534
534 636
636 699
699 831
831 731
731 329
329 616
616 993
993 937
937 753
753 263
263 560
560 346
346 439
439 846
846 583
583 856
856 257
165 449
449 646
255 421
421 958
958 842
842 551
551 902
902 474
474 983
983 828
828 557
557 384
384 388
388 134
134 976
976 140
140 615
615 4
4 712
712 873
873 599
599 604
604 24
24 571
571 714
714 118
118 837
837 796
796 133
133 5
5 201
201 385
51 326
326 128
246 863
863 526
526 982
982 237
237 625
625 967
967 417
417 17
17 84
84 592
592 903
903 248
248 485
485 141
465 250
250 332
332 932
932 79
79 290
290 609
609 533
533 105
105 784
784 739
739 160
160 923
923 299
500 849
849 172
172 573
573 758
758 252
252 586
586 157
157 451
451 760
760 578
487 745
745 931
931 438
438 22
22 744
744 634
634 314
314 389
389 492
492 309
976 298
298 137
137 845
845 936
936 992
992 875
875 794
794 882
882 853
853 730
730 677
677 986
986 187
187 152
152 328
328 182
182 860
860 173
173 851
851 807
807 724
724 109
109 859
1000 2
2 2 2 2 2 2 2 0 0 0 1 2 0 0 2 0 2 0 0 0 0 1 1 0 2 0 2 0 2 0 0 0 1 2 2 2 2 2 0 0 0 0 2 2 2 0 0 0 0 0 1 2 1 2 0 0 1 0 2 1 2 2 0 0 0 0 2 0 2 1 0 0 0 0 2 2 2 2 2 0 2 0 0 1 0 0 0 0 1 0 0 0 0 2 0 2 0 1 0 0 0 0 2 1 2 0 2 2 2 2 2 2 0 2 2 2 0 2 2 1 2 2 0 2 0 2 1 2 2 2 0 2 2 0 1 0 1 2 2 0 2 2 2 2 2 0 0 2 2 0 2 0 2 2 0 2 0 0 0 2 0 2 2 2 1 0 2 2 1 0 1 2 2 2 0 0 0 0 0 1 1 0 0 0 2 0 0 0 2 2 0 0 2 0 2 0 2 0 0 2 0 2 2 2 0 0 2 0 2 2 0 0 0 0 2 1 2 0 0 0 0 1 0 0 0 0 0 2 0 0 0 2 0 2 0 1 0 0 0 0 0 2 2 2 0 0 0 2 2 0 2 2 0 0 2 0 0 0 2 0 2 0 2 2 2 1 1 2 0 0 2 2 2 0 2 0 1 0 0 2 2 2 0 2 0 2 2 2 2 1 0 0 2 0 0 2 0 2 0 0 0 2 1 2 0 0 2 0 2 0 0 2 0 2 0 0 2 0 0 0 2 0 2 2 2 2 0 0 2 2 2 1 0 2 1 1 2 2 2 0 0 2 2 2 2 2 0 2 2 2 0 0 2 2 2 2 2 2 2 2 0 2 2 0 2 0 1 2 2 0 2 0 1 0 0 2 2 0 2 2 0 2 0 0 1 0 0 0 0 0 0 2 1 2 0 0 2 0 0 2 1 2 2 2 0 2 2 0 0 0 1 0 0 2 0 2 2 0 2 0 2 0 2 0 0 2 0 0 0 2 2 0 2 0 1 0 2 2 2 2 0 0 0 0 0 2 0 0 0 2 2 0 2 2 2 1 2 0 2 2 0 2 0 2 2 0 2 2 1 0 0 1 2 2 0 0 1 2 0 2 0 2 0 0 1 0 2 0 2 0 2 2 1 2 0 2 1 0 2 0 2 0 2 0 0 0 2 2 0 2 2 0 0 2 2 2 2 0 2 0 0 2 0 0 0 0 2 2 2 1 0 1 0 1 2 0 1 0 2 2 0 0 2 0 1 2 0 0 2 1 0 0 0 2 2 0 0 0 0 0 1 2 0 2 0 2 0 2 1 2 2 2 2 0 0 0 2 0 1 0 1 1 2 2 1 2 2 0 0 0 2 0 0 0 2 0 2 2 1 2 0 0 2 0 0 2 0 2 0 2 2 0 1 2 0 0 0 0 2 0 2 2 0 2 2 2 2 2 0 0 0 0 2 2 2 0 1 2 1 2 2 2 0 0 0 2 2 0 1 0 2 0 0 1 2 0 2 2 0 0 2 0 0 0 0 0 0 0 1 2 2 0 2 0 0 0 2 0 1 2 2 0 0 2 0 2 0 0 2 0 2 0 0 2 2 0 2 1 2 2 0 1 1 2 1 0 2 1 2 2 1 2 2 0 0 2 2 0 0 2 2 2 2 0 2 2 2 0 2 2 0 0 1 2 2 1 2 0 0 0 0 2 2 2 0 2 0 0 0 2 0 0 1 2 0 2 0 2 0 0 0 2 1 2 0 2 0 0 0 2 2 2 0 0 0 2 2 2 0 0 2 2 2 1 2 0 0 1 0 0 0 2 2 2 0 0 2 2 0 2 0 0 0 2 1 1 2 0 0 0 0 0 2 2 0 0 1 0 2 1 2 0 2 2 0 0 0 0 2 1 2 0 1 2 2 2 0 1 2 2 0 0 2 0 2 0 0 0 0 0 2 2 2 0 2 2 2 2 2 2 0 2 0 0 0 2 2 0 2 0 2 1 0 0 1 0 0 2 0 2 2 0 0 0 1 0 2 1 0 2 2 2 0 0 0 0 0 2 0 2 0 1 0 2 1 2 0 0 0 0 0 0 0 2 0 2 1 2 2 0 0 2 0 0 2 2 0 2 0 0 0 0 2 2 0 2 0 2 2 2 0 2 0 0 0 2 2 2 2 2 2 0 0 2 2 2 2 0 1 2 0 2 2 1 2 2 0 2 2 0 0 0 2 2 2 0 1 0 2 0 0 0 0 2 0 2 2 2 2 2 2 2 0 2 2 0 1 2 2 2 
214 156
156 321
321 675
675 365
365 934
934 72
72 425
675 238
238 957
957 152
152 438
438 888
888 279
279 840
840 459
459 419
419 451
419 447
447 594
594 793
793 302
302 98
98 492
72 868
868 64
64 511
511 429
429 930
930 784
784 493
493 983
493 782
782 669
669 866
866 885
885 941
941 718
718 250
250 971
971 714
714 515
515 441
441 578
578 133
133 513
513 440
440 662
662 654
654 542
542 628
628 8
8 215
215 267
267 104
104 84
84 811
811 436
436 650
840 893
893 184
184 18
18 479
479 265
265 56
56 282
282 130
130 854
854 473
473 80
80 690
690 138
138 500
500 355
355 528
479 448
448 338
338 443
542 851
851 411
411 303
303 274
274 937
937 450
450 231
231 475
475 276
276 950
950 112
112 277
277 368
368 736
736 953
953 252
983 323
323 803
803 151
151 834
834 30
718 553
553 779
779 209
209 821
821 877
877 29
29 832
832 159
159 410
410 787
787 91
91 611
611 816
816 637
637 39
39 369
369 116
116 495
495 264
264 140
140 383
383 374
374 978
978 545
215 466
466 108
108 598
598 158
158 106
106 261
261 755
755 759
759 157
157 596
596 555
555 333
333 823
823 275
275 879
879 364
364 114
114 875
875 521
521 489
489 801
801 90
90 969
969 241
241 166
166 297
297 606
606 742
742 992
992 617
617 46
46 298
298 568
568 842
842 852
983 204
204 132
132 320
320 806
806 477
477 774
774 471
471 567
567 830
830 481
481 359
359 414
414 28
28 280
854 976
976 595
595 686
686 65
65 16
16 63
63 671
671 390
390 749
749 975
975 335
335 538
538 286
983 339
339 601
601 273
273 44
44 68
68 432
432 657
930 564
564 942
942 863
863 902
902 460
460 83
978 853
853 362
362 352
352 75
75 689
689 869
869 631
631 764
764 883
883 41
41 924
924 5
5 23
23 890
890 988
988 750
750 997
997 314
314 340
340 560
560 716
716 607
607 219
219 96
96 591
591 915
264 235
235 255
255 635
635 841
841 198
198 283
98 912
912 99
99 427
427 844
844 300
300 135
135 722
722 111
111 149
149 630
630 342
342 248
275 180
180 350
350 442
635 336
336 51
51 947
947 672
672 790
790 899
899 815
815 982
982 464
464 218
218 50
50 588
588 290
290 242
242 911
911 796
796 483
483 169
169 713
713 181
181 857
857 537
537 127
127 223
223 989
989 376
376 137
137 195
195 620
759 439
439 760
760 356
356 341
341 991
991 909
909 304
304 715
511 968
968 380
380 920
920 867
321 733
733 813
813 699
699 306
306 148
148 167
167 307
307 82
82 761
761 766
766 165
165 906
906 43
43 897
897 74
460 121
121 183
183 412
412 800
800 966
966 308
308 973
973 696
696 34
34 703
542 205
205 272
272 119
119 905
905 208
208 695
695 10
10 487
487 580
713 400
400 78
78 486
486 529
529 81
81 88
88 552
552 328
500 128
128 61
61 517
517 701
701 430
430 965
965 139
139 25
25 136
136 288
288 819
819 882
882 752
752 351
351 406
406 898
898 186
29 155
155 967
967 918
863 203
203 418
418 93
93 691
691 770
770 780
780 676
676 901
901 972
972 948
948 889
889 974
974 561
561 217
217 58
58 405
405 245
245 804
750 995
995 636
636 417
417 9
9 146
146 348
348 503
503 549
549 122
122 679
679 597
597 884
884 541
541 373
373 732
732 550
550 998
998 632
632 403
403 386
386 926
926 954
954 428
857 228
513 239
239 162
162 291
291 470
470 123
123 200
200 548
548 579
579 422
422 629
629 644
644 278
278 73
73 935
935 480
480 188
188 416
416 725
725 227
227 615
288 202
202 187
187 402
402 925
925 332
332 375
375 7
7 624
624 776
320 702
702 433
433 47
47 856
780 921
921 738
629 367
774 17
466 371
371 131
131 798
798 642
447 622
622 504
504 741
741 860
860 985
985 372
372 563
563 377
377 707
707 939
939 656
656 206
206 970
970 176
176 859
859 847
847 271
271 827
827 532
532 829
829 789
789 831
831 299
299 908
308 437
437 311
375 919
919 444
444 66
66 865
755 315
315 923
923 259
259 327
327 734
734 658
658 917
917 361
361 959
959 582
582 605
605 164
164 310
310 945
945 415
415 763
763 134
134 1
1 353
353 797
797 399
399 558
558 397
397 768
768 961
961 49
164 346
346 846
846 519
519 393
393 455
455 35
975 697
697 609
609 747
747 633
633 69
69 708
708 646
646 767
767 664
664 614
614 712
712 717
717 193
193 720
720 258
258 225
225 618
139 799
799 687
687 110
110 943
943 319
319 627
627 544
544 626
626 505
271 22
22 453
959 53
53 366
366 266
266 512
512 999
999 244
244 210
272 296
296 31
31 178
178 757
757 587
954 11
11 449
449 754
754 818
818 922
922 724
724 740
740 531
531 652
652 182
182 103
103 407
407 848
848 809
809 396
396 746
746 478
478 668
668 40
40 960
960 962
962 949
949 824
824 678
678 270
270 777
777 117
117 20
20 756
756 792
792 15
15 107
107 6
6 843
843 331
331 269
269 89
89 384
384 880
880 956
956 317
317 681
681 3
3 727
727 516
516 795
464 60
60 150
150 254
254 981
981 194
194 154
154 426
426 817
817 171
171 640
640 862
862 928
928 509
509 673
673 845
845 530
530 172
172 463
463 499
499 778
778 334
334 262
262 76
76 434
434 52
52 174
174 330
330 659
659 828
828 213
213 435
435 765
765 904
904 833
833 260
260 313
313 625
995 838
838 520
520 577
577 535
535 557
557 666
666 820
820 704
704 685
685 693
693 48
48 86
86 385
385 281
281 190
190 67
67 543
543 551
551 643
643 55
55 522
884 849
849 42
42 694
694 77
77 59
59 469
469 638
638 861
637 990
990 951
951 892
892 233
233 730
730 337
337 207
207 573
573 141
141 347
347 476
476 36
356 501
501 526
526 1000
1000 791
791 446
446 762
762 70
70 498
877 932
932 54
54 457
457 382
382 980
980 916
916 621
621 839
759 706
706 870
870 710
710 153
153 170
170 886
886 456
456 575
575 913
913 663
663 534
534 293
293 574
1 363
363 381
381 485
485 709
709 751
751 758
758 554
554 357
357 927
927 874
874 392
392 590
81 168
168 984
984 895
895 744
744 197
197 343
553 955
955 772
658 527
527 739
739 825
825 721
721 196
196 873
873 674
674 13
13 224
224 33
33 431
431 608
608 388
388 525
643 289
289 586
865 645
645 2
2 705
705 812
812 565
565 864
864 805
805 192
192 814
814 572
572 837
453 421
421 62
62 409
409 514
514 445
445 963
963 379
379 401
401 145
145 474
995 488
181 871
871 684
684 211
211 387
387 600
600 648
648 284
284 124
124 491
491 109
109 677
677 964
964 570
570 788
788 810
810 105
105 619
619 125
125 24
617 876
876 794
794 32
32 115
115 729
729 914
914 163
163 507
507 263
263 581
581 683
683 952
952 616
616 651
651 482
482 345
345 221
221 576
576 667
667 349
349 232
232 510
510 79
79 634
634 610
610 251
251 771
771 102
102 807
807 540
540 95
95 391
315 996
996 711
711 660
660 142
142 670
670 312
312 454
454 836
836 571
571 424
424 309
309 292
292 147
147 822
822 173
674 604
517 692
692 484
484 249
231 583
583 12
12 688
688 57
57 253
253 395
395 185
446 160
160 240
240 467
467 539
539 661
661 94
94 179
179 753
753 161
161 566
566 569
569 802
802 603
603 257
257 680
680 316
316 14
14 556
556 101
101 226
226 785
732 938
938 533
533 737
737 647
647 613
613 229
229 850
850 881
224 113
113 21
21 775
775 326
326 665
665 855
855 247
247 907
907 808
808 408
408 143
143 894
894 360
360 201
690 891
891 129
129 958
958 191
191 318
318 285
957 212
212 979
979 452
452 462
462 413
413 344
344 994
994 508
508 27
27 781
430 946
946 518
518 465
465 726
726 506
506 731
731 325
325 589
589 85
85 4
4 743
743 189
189 45
45 786
786 494
494 698
698 700
700 175
175 502
502 896
896 490
490 497
497 723
723 524
524 562
562 87
87 878
878 404
404 977
977 199
199 496
496 559
559 593
588 370
370 623
623 394
747 931
931 222
222 929
929 458
458 546
546 773
773 177
967 461
461 584
75 423
423 987
987 120
120 936
936 910
910 287
287 858
858 655
655 641
641 237
237 592
592 92
92 389
389 216
216 243
243 256
256 144
144 468
275 301
301 246
246 745
745 682
682 903
903 329
329 728
728 398
398 472
472 748
748 639
639 900
900 735
894 944
944 295
295 933
933 324
324 100
100 649
649 26
26 305
305 872
872 887
887 523
436 118
118 585
585 234
234 547
547 602
602 37
37 268
268 126
126 835
835 719
719 230
945 769
769 826
826 599
656 97
97 354
354 294
294 993
22 322
322 220
220 536
536 378
410 358
358 612
612 783
783 653
653 420
420 986
986 940
940 19
19 71
71 38
38 236
1000 9
2 2 0 2 2 2 2 2 0 0 0 0 1 2 0 0 0 2 1 1 2 2 0 2 2 2 0 2 2 0 2 0 0 0 1 0 0 0 0 0 2 0 0 0 2 2 2 2 1 2 2 1 2 0 1 0 2 2 0 0 2 0 0 0 2 2 0 2 0 1 0 2 0 2 1 2 0 0 2 0 0 0 2 0 0 2 1 2 2 2 2 0 2 0 0 2 0 1 1 0 1 0 0 2 0 2 2 0 2 0 0 2 0 2 0 2 2 0 0 0 2 0 1 0 0 0 2 0 0 0 0 0 2 1 2 2 0 2 0 0 0 2 1 2 0 2 2 2 0 0 0 2 2 0 2 1 0 2 0 0 2 2 0 2 0 2 0 2 0 2 0 0 0 0 0 0 0 2 2 2 0 0 0 2 2 0 0 0 0 2 2 0 2 1 0 2 0 0 2 1 0 0 0 0 1 0 2 0 0 2 2 2 1 1 0 0 0 0 2 2 0 2 0 2 2 2 0 2 2 2 2 0 0 2 1 2 2 0 2 0 2 0 0 2 2 0 0 0 0 0 0 0 2 2 0 2 0 0 0 0 2 2 1 0 2 0 1 0 0 0 2 2 1 2 1 2 2 0 0 2 2 0 0 2 0 0 2 0 0 2 0 1 0 2 1 0 1 2 2 2 0 0 2 2 0 0 2 0 0 1 0 1 2 0 0 2 0 2 0 1 2 2 0 0 0 2 2 2 2 2 2 0 0 2 2 0 2 2 2 0 0 2 2 2 0 0 2 0 2 2 2 2 0 2 2 2 0 0 0 2 2 0 0 2 0 0 2 2 2 0 0 0 2 0 0 0 0 2 2 2 2 2 0 2 0 2 1 0 2 0 0 2 0 0 0 0 0 0 2 2 2 2 0 2 0 0 0 2 2 2 0 0 0 2 2 2 2 2 1 0 2 2 0 0 0 0 0 2 2 0 2 2 0 2 2 0 2 1 2 0 2 1 0 2 0 2 1 0 0 0 0 0 2 0 0 2 0 0 2 0 0 2 2 0 2 2 2 2 0 0 2 2 0 0 2 2 0 2 2 2 2 1 2 1 0 2 0 0 2 0 0 0 2 2 2 0 0 0 2 0 0 2 2 0 0 2 1 0 2 2 0 2 2 2 2 2 0 0 0 0 2 1 0 2 0 0 2 2 2 2 0 2 0 0 2 1 2 2 2 0 0 2 0 0 2 2 2 2 2 0 1 0 0 2 2 2 0 2 2 0 2 0 2 0 0 0 2 0 2 0 2 0 0 2 1 2 2 2 0 0 0 2 0 0 2 0 2 2 2 0 1 0 0 0 2 2 0 2 0 2 1 2 2 1 2 2 0 2 0 2 0 1 0 0 2 0 0 1 2 0 0 0 0 2 2 0 2 1 2 0 0 0 2 0 2 0 2 0 2 2 2 0 1 0 1 0 0 0 0 0 0 2 2 1 2 2 2 2 0 0 2 0 2 0 2 2 0 0 0 0 1 2 2 2 2 2 2 0 0 0 0 2 2 1 0 0 2 0 2 2 2 2 0 0 2 2 2 2 2 2 0 1 0 0 2 2 0 0 0 0 0 1 0 2 0 1 0 0 2 0 0 2 0 2 2 2 2 2 0 2 0 2 2 2 0 1 0 1 0 0 2 2 0 2 0 2 0 0 0 0 2 0 0 0 0 0 1 0 2 2 1 0 2 0 0 0 0 0 1 2 2 2 2 2 0 2 0 0 2 0 0 2 2 0 0 2 0 0 0 0 2 0 2 0 2 2 1 2 0 0 0 2 2 0 2 0 2 1 2 0 0 0 2 0 2 2 0 0 2 2 2 0 0 0 0 1 0 2 0 0 2 0 2 0 2 0 0 0 0 0 0 2 0 2 2 2 2 0 2 0 0 0 0 2 0 2 2 1 0 1 0 2 0 2 2 2 2 0 1 2 2 1 1 0 2 2 0 0 1 2 2 2 0 0 0 0 2 2 2 2 0 0 2 1 1 0 2 0 0 1 0 2 0 2 2 2 1 2 0 2 0 2 0 1 0 0 0 2 0 2 2 2 0 2 0 0 0 2 2 0 0 2 0 2 1 2 0 0 2 2 0 0 2 1 0 2 0 0 2 0 2 2 2 2 2 0 0 0 0 2 2 0 1 0 0 2 1 2 0 2 0 2 1 0 0 2 0 0 1 0 0 0 0 2 0 2 1 2 0 0 0 0 2 0 0 2 0 0 2 0 
181 366
366 369
369 424
424 450
450 694
694 461
461 176
176 503
503 37
37 952
952 1
1 482
482 669
669 46
46 202
202 253
253 92
92 888
888 918
918 677
677 49
49 252
888 460
460 824
824 913
913 955
955 237
237 188
188 625
625 7
7 448
448 651
651 767
767 786
786 379
379 779
779 808
808 118
118 143
143 168
168 568
767 938
938 281
281 145
145 350
350 909
909 879
879 529
529 112
767 765
765 791
791 110
677 8
8 52
52 532
532 368
368 636
636 324
324 886
886 506
506 113
113 97
97 333
333 182
182 285
285 193
193 124
124 800
800 254
254 162
162 339
339 401
182 520
520 277
277 403
403 58
58 284
49 72
72 358
358 479
479 856
856 190
190 183
183 421
421 243
243 331
331 787
787 43
43 156
156 208
208 255
255 24
779 692
692 721
721 337
337 782
181 294
294 246
246 809
809 209
209 229
229 944
944 3
3 353
353 90
145 887
692 315
315 282
282 348
348 699
699 861
861 472
472 579
721 514
514 328
328 326
326 916
916 587
587 297
297 205
205 738
209 36
36 588
588 596
208 59
59 451
176 142
142 527
527 775
775 844
844 908
908 966
966 299
299 512
512 525
525 233
233 600
600 453
453 902
902 940
940 684
684 797
797 83
83 464
464 242
242 240
240 147
147 999
999 155
155 152
152 21
21 386
386 521
521 303
303 408
408 332
332 244
244 843
843 146
146 227
227 623
623 928
928 970
970 993
993 317
317 685
685 766
766 934
934 151
151 322
322 635
635 470
470 446
446 681
681 263
263 104
104 750
750 441
441 717
717 165
165 546
546 531
531 220
220 618
618 487
487 526
526 93
93 481
145 140
140 94
94 129
129 581
581 211
211 414
414 933
933 469
955 792
792 739
350 761
761 245
245 10
10 422
422 396
396 70
70 661
999 204
204 621
621 801
801 972
972 352
532 834
834 897
897 157
157 712
712 465
465 184
184 185
185 553
553 986
986 751
209 996
996 628
628 492
492 404
404 343
343 304
304 179
179 436
436 833
833 724
724 491
491 45
45 164
164 852
852 594
594 122
122 664
664 380
380 659
659 668
668 550
550 223
506 626
626 9
9 881
881 875
875 811
811 537
537 781
781 293
293 566
414 44
44 689
689 283
283 264
264 942
942 150
150 425
425 65
65 217
217 804
804 515
515 534
534 551
551 571
571 592
592 754
754 947
208 434
434 980
980 608
608 921
921 218
254 624
624 483
483 552
552 53
53 728
728 407
407 111
193 435
435 485
485 874
874 705
705 805
805 935
935 989
989 310
310 15
15 682
682 4
4 892
892 640
640 480
480 387
387 991
991 327
327 336
336 87
87 807
807 911
15 862
862 870
870 891
891 413
150 478
478 6
6 941
461 971
971 167
167 321
321 42
42 159
159 872
872 371
205 722
722 865
902 535
535 236
872 806
806 912
912 573
573 883
883 276
276 845
845 375
375 71
71 130
130 247
247 696
696 597
597 80
80 828
828 397
397 32
32 901
901 612
612 789
789 364
364 462
462 250
912 82
82 50
50 734
734 554
554 538
538 837
837 96
96 981
981 138
138 555
555 759
759 279
279 718
718 706
706 342
342 163
163 27
27 632
632 713
713 731
436 719
719 606
606 68
68 979
979 884
884 513
513 868
868 476
476 985
985 675
675 334
334 391
391 683
683 559
559 195
195 378
378 890
890 388
388 347
347 730
730 575
575 671
671 171
171 189
189 429
429 858
858 395
395 556
556 308
308 2
2 946
946 85
85 121
121 212
212 915
915 736
736 641
641 866
866 729
729 578
578 604
604 773
773 238
238 854
854 312
312 360
360 367
367 175
175 419
419 22
22 160
138 77
77 900
900 599
520 758
758 896
896 177
371 389
389 610
610 26
26 601
601 274
274 351
351 957
957 774
774 987
987 530
530 849
849 454
451 732
188 614
614 816
816 760
760 344
344 320
320 154
154 84
84 74
74 201
201 589
589 648
648 258
258 486
486 120
120 516
516 60
60 647
555 473
473 542
542 313
313 41
41 248
248 415
415 271
271 215
215 410
410 982
982 541
541 638
638 402
402 62
62 723
723 411
411 39
39 12
12 771
771 275
275 670
670 34
34 882
882 768
768 998
998 374
374 91
91 969
969 967
967 30
30 272
272 932
932 141
141 207
112 857
857 949
949 598
598 633
633 931
931 260
260 853
853 990
990 31
31 109
641 235
235 903
903 428
428 200
200 810
810 859
859 748
748 307
307 644
644 726
726 580
580 192
696 29
29 961
961 652
652 983
983 715
715 405
405 958
958 172
172 880
880 666
666 548
548 905
905 701
701 323
323 488
488 354
354 539
539 287
287 519
519 509
509 249
249 917
917 605
605 214
214 98
98 505
505 48
48 103
103 602
602 475
475 776
776 376
376 924
924 867
867 836
836 14
14 951
80 613
613 135
135 657
657 747
747 466
466 203
446 341
341 925
925 997
719 394
394 749
749 577
577 500
500 89
89 522
522 710
710 557
557 54
54 923
923 825
825 213
213 370
370 47
47 40
411 198
198 956
956 377
377 309
309 489
489 139
139 757
757 191
191 440
440 449
449 99
99 365
365 995
8 51
51 298
298 665
212 105
337 778
628 922
922 910
910 680
680 820
820 827
827 753
753 117
117 518
518 963
963 914
914 439
439 695
460 567
567 630
630 501
501 256
256 116
116 459
459 423
423 267
267 496
496 35
35 876
876 490
490 678
678 95
95 511
135 232
232 762
762 234
234 362
362 197
197 835
835 88
88 230
230 974
974 611
611 798
798 75
75 667
667 81
81 576
576 11
11 895
895 390
390 698
698 889
889 964
964 777
777 639
639 420
420 502
502 643
643 131
131 443
443 714
714 864
864 953
953 746
746 831
831 437
437 536
536 400
400 55
55 656
656 507
256 645
645 655
655 545
545 295
295 848
848 863
863 398
398 847
847 225
225 755
755 796
796 261
261 919
587 107
107 528
528 186
186 178
178 108
108 495
495 540
540 38
38 631
631 716
789 885
885 802
802 196
196 790
790 769
769 780
780 349
349 28
28 20
20 288
288 711
711 743
743 426
181 144
144 855
855 708
708 818
818 899
867 770
770 978
978 873
873 16
16 763
763 523
523 78
78 756
756 433
433 125
125 950
950 194
194 463
463 704
704 346
346 504
504 384
384 134
134 846
846 148
148 241
241 700
700 679
679 106
106 510
510 650
650 772
772 783
783 23
23 17
17 79
79 169
169 153
153 418
418 936
936 305
305 273
273 257
257 926
926 458
458 508
508 206
206 619
619 840
840 19
19 524
524 300
300 841
841 616
616 457
457 161
161 73
73 975
975 123
970 973
973 13
13 839
839 959
959 381
381 335
335 788
788 793
793 572
572 654
654 735
735 672
672 607
651 373
373 813
813 795
795 822
822 871
871 968
968 687
295 311
311 471
471 653
653 5
5 292
292 927
927 570
570 382
382 417
417 319
319 593
516 838
838 251
251 474
474 741
741 228
228 1000
1000 356
356 815
815 850
850 893
893 988
988 937
937 574
574 649
649 586
586 977
274 817
817 740
740 832
464 114
114 262
262 126
126 823
823 456
456 564
564 119
119 221
221 906
906 686
686 622
622 447
447 609
609 582
582 992
992 406
406 894
894 702
702 430
430 543
543 173
173 427
427 533
533 744
420 180
180 340
340 562
562 814
814 725
725 642
642 629
629 920
920 392
392 662
662 561
561 61
61 799
3 259
259 224
224 115
115 302
302 136
136 330
330 280
280 720
720 965
965 544
544 269
269 569
569 219
576 842
842 707
707 565
565 930
521 100
100 591
591 278
278 409
409 819
819 637
786 63
63 907
907 359
359 784
335 86
86 226
226 945
945 727
727 57
57 355
355 939
939 174
174 549
549 595
595 306
306 829
829 617
236 477
477 498
498 149
149 128
128 345
345 960
960 484
12 132
132 929
929 25
25 627
627 18
18 646
646 697
697 69
69 821
958 976
976 984
984 585
353 497
497 688
688 199
199 166
166 703
703 943
943 133
798 393
393 869
869 385
385 962
962 812
995 325
325 329
329 314
314 676
676 361
361 266
266 170
170 493
493 76
76 338
483 830
830 372
372 733
733 737
737 785
362 289
289 794
913 399
399 291
291 101
101 494
494 658
658 803
803 517
517 615
615 64
64 296
296 416
416 851
851 412
412 558
809 33
33 660
660 127
127 445
445 301
301 455
455 590
590 444
444 948
948 663
663 860
860 560
560 357
357 764
764 467
467 674
674 468
468 904
904 432
432 693
693 452
452 318
318 563
563 826
826 994
994 898
898 583
583 742
742 690
690 752
752 158
158 442
442 877
877 438
438 954
954 499
499 316
316 265
265 363
363 239
239 691
691 102
102 620
620 216
216 56
56 137
137 878
878 383
383 603
603 286
286 268
268 584
584 673
673 270
270 709
709 222
222 290
290 187
187 431
431 210
210 67
67 634
634 66
66 231
231 745
745 547
1000 4
0 1 2 2 2 0 0 2 0 0 0 0 1 0 0 0 0 2 2 0 0 2 2 2 2 1 0 1 0 2 2 2 0 2 2 2 0 0 0 2 0 0 0 2 0 0 1 2 0 0 2 0 0 1 2 0 2 0 0 2 2 0 2 0 0 2 2 2 0 2 0 1 1 0 0 0 2 0 0 2 0 0 1 0 1 0 0 2 1 2 2 0 2 2 2 2 0 2 2 0 0 1 2 0 2 2 0 2 2 0 1 0 2 1 2 0 2 2 0 0 2 2 0 0 2 2 0 2 0 0 1 2 0 0 0 2 0 0 0 0 0 2 0 2 2 1 0 0 0 1 0 0 0 1 0 2 2 2 2 0 2 0 2 0 2 2 0 0 2 0 0 0 0 0 0 0 0 2 0 0 0 2 2 2 2 2 0 1 2 2 0 0 0 2 0 1 2 0 2 1 1 0 0 0 2 0 1 2 0 2 0 2 2 0 2 0 2 0 0 0 2 0 1 0 2 1 0 1 0 0 2 1 1 2 0 0 0 2 2 0 2 2 0 0 1 0 0 0 0 2 0 2 0 2 0 2 0 0 0 0 1 2 2 0 0 2 0 0 2 2 0 0 2 0 2 1 2 0 2 2 0 2 2 2 1 0 0 0 2 0 2 0 1 2 1 0 0 2 0 0 0 2 0 0 0 0 0 1 0 0 2 2 2 0 2 0 0 2 0 2 0 2 0 0 0 2 2 0 0 2 1 0 2 0 2 2 2 0 0 2 2 0 0 2 0 2 0 2 0 2 2 0 2 2 0 2 0 2 2 2 0 0 0 1 2 2 2 0 2 2 2 0 0 2 0 2 0 0 0 0 2 2 0 2 0 0 2 0 2 2 0 0 0 0 0 0 2 0 2 1 0 0 1 0 0 2 0 0 1 0 2 2 2 0 0 0 0 0 0 1 0 0 2 2 0 2 0 2 2 2 1 0 0 2 0 0 0 0 2 2 1 1 2 2 2 0 0 0 2 0 0 2 0 2 2 0 2 2 2 0 1 0 2 2 0 0 0 2 2 2 0 0 0 1 0 2 2 2 2 0 0 2 1 0 0 2 0 0 0 0 2 2 2 2 2 2 0 0 0 2 2 0 2 1 0 2 2 0 2 2 2 2 0 0 1 0 0 1 0 0 2 2 2 0 2 2 0 0 2 2 2 0 2 0 0 2 2 2 0 0 0 2 2 0 1 2 0 0 0 0 2 0 0 0 2 0 1 0 2 0 2 0 2 2 2 2 0 2 2 2 2 2 2 0 0 0 2 1 1 2 0 2 0 2 0 0 0 0 0 2 2 0 2 0 2 0 2 2 2 2 0 2 0 0 2 2 2 2 2 0 2 0 2 2 2 2 0 2 2 0 2 1 2 0 2 0 0 0 0 0 2 2 0 2 0 0 2 0 0 0 1 0 2 2 2 0 2 0 2 2 2 0 0 0 2 2 0 0 2 0 0 2 2 1 2 2 2 0 2 0 2 0 0 2 1 1 2 0 2 0 0 2 0 2 0 0 1 2 2 2 2 0 2 0 2 0 2 0 0 2 2 2 2 2 1 0 2 0 2 2 2 0 0 0 0 2 1 0 2 2 0 0 1 0 2 2 1 2 2 2 0 2 2 0 2 0 0 2 0 1 0 0 2 2 2 2 0 2 2 0 2 0 0 2 0 2 2 2 0 2 0 2 0 0 2 1 0 0 2 2 0 2 2 0 0 2 0 2 0 2 0 0 0 2 2 2 0 2 2 2 2 0 0 2 0 2 0 2 2 0 0 0 2 0 2 0 2 0 0 2 2 0 0 2 1 2 0 0 2 0 0 0 2 0 2 2 0 0 2 2 2 0 0 2 0 1 2 0 1 0 2 1 0 1 0 0 2 2 2 1 2 0 0 0 0 0 0 0 2 0 0 2 0 0 0 2 0 2 2 0 2 0 0 1 0 0 2 1 2 2 0 0 0 1 1 2 0 2 0 2 2 0 2 2 2 2 0 0 0 0 0 2 2 2 2 2 2 2 2 2 0 0 2 0 0 0 2 0 0 0 0 2 0 0 0 2 0 0 0 0 0 0 1 2 0 2 0 2 2 0 2 1 0 2 2 2 2 2 2 2 0 0 2 0 2 2 0 0 2 2 2 0 2 0 0 1 1 0 0 1 0 0 0 2 2 0 1 1 0 2 2 2 2 2 2 0 2 1 2 1 2 2 0 1 1 0 2 0 2 2 
850 95
95 533
533 2
2 576
576 629
629 506
506 331
629 935
935 958
958 628
628 291
291 630
630 98
98 942
942 199
199 885
885 461
461 81
81 765
765 260
628 677
677 33
2 389
389 768
768 334
334 920
920 262
262 154
154 724
724 509
33 889
889 39
331 860
860 834
834 591
591 584
584 172
172 904
904 682
682 700
700 36
36 351
351 873
873 122
122 977
977 420
420 564
564 274
274 453
453 395
395 318
318 111
111 311
311 3
389 91
91 980
980 493
493 317
317 477
682 371
371 756
756 72
72 328
328 60
60 573
573 9
9 856
856 741
741 159
159 244
244 50
50 779
779 287
287 943
943 549
549 346
346 859
859 438
438 959
959 210
453 278
278 428
428 467
467 490
490 117
117 675
675 730
730 324
324 693
693 602
602 212
212 787
787 476
476 896
896 11
11 845
845 155
155 181
181 567
567 234
234 246
246 55
55 586
586 115
115 526
526 16
16 877
877 496
496 437
437 147
147 635
635 189
147 494
494 718
718 676
676 631
631 642
642 170
170 985
985 321
321 62
62 906
906 361
361 495
495 969
969 133
133 486
486 732
732 429
429 963
963 243
243 874
874 89
89 372
372 610
610 139
139 514
514 71
71 343
343 726
726 383
383 598
598 228
228 948
948 398
398 249
249 936
936 991
991 975
975 227
227 759
759 200
200 760
437 775
775 271
271 601
601 965
965 557
557 836
836 798
798 286
286 422
422 637
637 513
513 430
430 269
269 740
740 37
37 471
471 643
643 600
600 301
154 322
322 621
62 606
606 846
846 329
329 895
606 738
738 930
91 784
784 173
173 402
402 520
520 710
710 253
253 248
248 132
132 390
390 650
650 855
855 890
890 892
892 218
218 252
252 445
445 981
936 609
609 989
989 360
360 748
748 703
703 14
14 129
129 34
34 782
782 575
575 605
605 198
198 97
420 876
629 138
138 397
397 558
558 235
235 832
832 574
574 694
694 92
92 639
639 550
550 769
769 888
888 263
263 512
512 270
270 436
436 417
417 190
190 735
735 77
77 788
788 140
140 195
195 816
816 338
338 705
705 772
885 485
485 431
431 300
115 54
54 683
683 844
844 191
191 409
409 878
71 96
96 744
744 391
391 808
808 61
61 433
433 521
521 680
680 276
276 120
3 239
191 80
80 708
708 87
87 307
307 85
85 134
134 484
484 102
102 647
647 169
169 641
641 352
352 984
984 698
698 385
385 466
466 32
32 909
909 292
292 719
719 223
223 358
358 214
214 937
937 590
590 183
183 840
840 611
611 404
404 604
604 791
791 721
721 540
540 446
446 563
563 350
350 232
232 674
674 171
171 152
152 25
25 49
49 104
104 69
69 599
599 938
938 915
915 281
281 414
414 51
51 196
196 303
303 416
416 949
985 432
432 226
226 530
530 454
454 911
911 807
807 123
123 619
619 660
660 473
473 849
849 340
340 410
410 10
10 267
267 231
231 326
326 188
188 65
65 128
128 297
297 933
933 213
213 386
386 295
295 503
503 64
64 950
950 290
290 75
75 571
571 6
6 114
114 407
407 365
365 617
617 411
411 458
458 796
796 150
150 659
659 672
672 688
688 366
366 497
497 499
499 595
595 265
265 535
535 302
302 256
256 797
797 165
165 640
640 670
670 441
441 70
70 612
612 588
588 284
284 941
941 38
38 475
878 339
339 861
861 997
997 979
979 355
355 728
728 815
815 79
79 818
818 570
677 208
208 158
158 488
488 665
665 594
594 217
217 382
965 222
222 238
238 233
797 817
817 156
156 577
577 145
145 863
863 470
470 18
18 168
55 673
673 17
17 988
988 273
273 341
341 583
583 902
902 459
459 883
883 419
419 251
251 492
492 127
127 722
454 819
819 525
525 539
300 357
357 913
913 378
378 802
802 136
136 523
523 527
527 616
616 764
647 684
684 370
370 254
254 696
696 851
851 423
423 900
900 510
510 568
568 847
172 871
871 707
707 515
515 872
872 293
293 20
20 831
831 886
886 691
691 84
84 450
450 800
800 752
752 971
971 468
468 480
480 983
983 542
542 706
706 121
564 203
203 268
268 667
667 649
649 827
827 118
286 220
220 905
905 178
178 627
627 377
377 986
986 241
241 469
469 478
478 137
137 348
348 894
894 376
376 999
999 720
720 803
803 538
538 757
757 285
285 716
716 852
852 581
581 141
141 739
739 373
373 86
86 99
99 94
94 622
622 45
45 994
994 162
162 919
919 182
182 799
799 593
593 221
221 967
967 279
279 897
897 868
868 690
690 625
625 266
428 309
309 164
164 508
508 781
781 870
870 809
809 582
582 272
272 825
825 44
44 388
388 463
463 211
211 517
517 68
68 773
773 296
296 714
874 74
74 569
569 498
498 308
308 359
359 320
320 531
531 206
206 280
280 116
116 399
399 40
40 608
608 52
52 502
502 881
881 848
848 944
944 982
982 457
457 146
146 415
415 401
401 689
689 83
83 580
580 186
186 367
673 652
652 884
884 229
229 865
865 556
556 408
408 345
345 202
202 972
972 418
418 112
112 310
310 103
103 76
76 829
829 403
403 658
658 236
236 344
708 745
745 283
283 934
934 201
201 57
57 922
922 31
31 755
755 940
940 990
990 375
375 177
177 587
587 78
78 380
380 250
250 21
745 893
893 839
839 27
27 479
123 572
572 701
701 528
528 634
634 216
216 603
603 126
126 405
405 349
349 374
374 35
494 733
733 379
379 149
149 393
393 656
656 264
264 910
910 954
954 225
225 124
124 356
356 554
554 585
585 565
565 306
306 108
694 448
448 857
857 93
93 767
767 1000
1000 692
692 187
187 869
869 661
661 347
347 23
23 66
66 435
435 259
906 537
537 713
640 811
811 363
363 447
447 449
449 679
679 381
381 443
443 747
747 687
687 786
786 666
666 332
332 992
992 504
504 105
105 440
440 342
342 125
125 314
314 289
289 184
184 638
638 501
501 998
998 425
425 148
148 392
576 711
711 142
375 966
966 30
30 561
561 957
957 766
766 312
312 793
793 545
545 316
316 48
48 524
524 336
336 566
566 887
887 562
562 814
814 921
921 960
960 555
555 736
736 961
961 444
444 204
204 174
174 413
413 511
511 805
805 633
241 932
932 898
898 412
412 926
926 424
424 157
157 681
293 487
487 785
785 237
237 626
626 653
653 704
704 176
236 185
185 543
543 789
789 945
945 8
8 731
731 970
970 939
939 790
790 240
240 717
717 330
733 100
100 953
953 833
833 762
762 46
46 277
902 472
472 838
838 678
678 193
193 866
866 882
882 451
451 489
489 456
456 620
620 743
743 362
431 532
532 42
42 553
553 813
813 12
12 770
770 737
691 821
821 715
715 406
406 901
901 230
230 891
891 828
828 867
867 973
231 258
258 727
727 560
560 918
918 931
931 15
15 26
26 596
596 224
224 551
551 655
655 464
464 742
742 500
500 7
7 29
29 333
333 826
826 947
947 763
763 651
651 482
482 668
668 536
379 56
56 41
41 669
669 754
754 288
288 400
400 589
589 59
59 952
952 820
820 623
623 899
899 777
777 255
255 822
822 135
135 529
529 130
130 843
843 746
746 282
282 955
955 613
613 153
153 552
552 917
917 544
544 387
387 758
758 592
227 927
927 987
987 483
483 24
24 522
522 101
101 541
541 559
559 73
73 131
131 481
481 421
421 862
862 946
388 925
925 247
247 924
689 143
143 823
823 368
368 864
864 548
548 369
369 257
257 753
753 709
935 245
245 90
90 113
113 161
161 491
491 119
119 294
294 106
106 956
956 778
778 319
319 914
914 875
875 207
207 439
984 209
127 305
305 597
436 804
804 442
442 646
646 776
776 335
335 192
540 299
299 614
614 761
761 325
325 1
1 88
88 109
109 964
964 197
197 618
618 534
506 298
298 657
657 664
664 996
996 323
323 337
337 976
976 663
663 579
579 47
47 22
22 702
702 58
58 353
353 354
354 219
219 734
734 364
316 19
19 654
654 923
923 82
82 725
725 974
974 427
427 624
624 928
928 783
783 912
912 795
795 712
712 685
685 519
519 751
751 261
261 824
824 723
723 151
151 107
107 645
645 194
194 729
729 907
907 780
780 648
648 304
304 242
242 396
396 67
67 5
5 792
792 167
167 978
978 327
327 962
962 215
215 695
695 801
801 434
434 578
578 837
837 315
315 879
879 53
53 908
908 394
394 632
494 465
465 462
462 516
516 835
835 853
853 313
313 671
671 916
916 205
205 163
163 903
903 968
968 607
607 830
830 518
10 63
63 749
749 160
160 750
750 4
4 28
28 995
995 179
179 774
774 842
842 812
812 929
929 474
474 697
697 507
507 175
175 166
166 110
110 858
858 644
644 546
546 144
144 699
699 810
810 547
547 854
854 505
505 426
426 686
686 794
794 615
615 180
180 951
951 636
636 275
275 806
806 841
841 771
771 880
880 43
43 993
993 384
384 662
662 460
460 452
452 13
767 455
1000 6
0 0 0 1 0 2 2 2 2 0 0 0 0 2 2 0 0 0 0 2 2 2 1 0 0 0 0 2 2 0 2 2 2 0 2 0 0 2 2 2 2 1 2 1 0 0 0 0 2 0 2 0 0 1 2 1 0 2 2 2 2 0 0 0 2 0 2 2 2 0 2 0 2 2 2 2 0 2 0 2 2 2 0 0 2 2 0 0 2 2 0 2 1 0 0 0 0 0 2 2 1 2 0 2 0 0 0 2 0 0 2 2 2 1 1 0 0 2 0 1 1 0 2 2 2 2 2 0 2 2 0 0 2 2 2 1 2 2 1 1 1 2 0 2 2 1 0 0 2 2 0 0 0 2 0 0 2 0 0 0 0 1 0 2 2 0 1 0 2 0 0 2 2 2 0 1 1 1 0 2 0 2 0 0 0 1 0 0 2 1 2 2 2 0 1 2 2 0 2 2 2 0 0 2 2 0 2 0 2 1 0 0 2 0 0 2 1 2 0 0 1 0 0 1 2 2 2 2 0 2 0 0 2 2 0 0 1 2 2 0 0 2 2 1 0 2 0 1 0 2 0 1 0 2 1 2 2 0 2 0 0 0 0 0 2 2 0 2 0 2 2 0 0 0 2 2 2 0 0 1 1 2 0 2 1 0 1 0 0 2 0 1 0 2 0 2 2 0 0 0 2 2 0 0 2 2 0 2 0 0 2 0 0 0 0 0 2 2 0 2 0 2 2 2 0 0 2 0 0 2 2 2 0 2 2 0 2 0 0 0 2 1 2 0 0 2 0 2 0 0 2 0 0 0 2 0 2 2 2 2 2 0 2 2 2 0 0 2 2 2 2 2 0 2 0 2 0 0 0 2 2 0 2 2 0 2 0 0 1 0 0 2 2 0 2 0 0 1 2 0 0 0 0 0 0 2 2 2 0 0 2 2 2 0 2 0 2 2 2 2 0 0 0 2 2 2 0 2 0 0 2 0 0 0 1 2 0 2 0 0 2 0 2 0 0 2 0 0 2 2 2 0 0 2 0 0 2 2 0 2 2 2 2 1 0 0 0 2 0 0 0 0 2 2 0 0 0 0 2 0 2 2 0 2 1 0 2 2 2 0 0 0 1 1 2 0 2 0 2 0 1 2 0 1 2 2 0 0 0 2 0 2 2 2 1 2 2 0 2 2 2 2 0 2 2 2 0 1 0 0 0 0 2 0 2 0 0 2 0 0 0 2 0 2 1 2 2 2 0 0 2 0 2 0 2 0 2 1 2 0 0 0 0 0 0 2 0 0 0 2 2 2 0 2 2 0 2 2 0 2 1 2 0 0 2 2 2 0 2 2 0 2 2 0 2 0 2 0 2 2 0 0 0 2 0 2 0 2 2 0 1 0 0 2 0 1 2 0 2 2 2 0 2 2 2 2 0 0 2 2 2 0 2 0 0 2 0 0 2 2 1 0 2 2 2 0 0 0 2 2 0 1 0 0 2 0 2 0 2 0 2 0 1 0 2 0 0 0 2 0 0 1 0 0 0 0 2 2 0 2 0 2 0 2 2 1 0 0 2 1 0 0 2 0 0 2 1 2 0 0 0 2 2 2 2 0 2 2 0 2 2 0 0 0 0 2 0 0 2 0 0 2 0 2 0 2 0 1 2 2 2 2 0 2 2 0 0 0 0 2 0 2 2 0 0 0 2 2 1 0 0 0 0 0 1 1 2 0 0 0 2 2 0 2 0 2 0 0 2 2 2 0 1 0 2 2 0 2 0 2 2 2 2 2 2 1 2 2 0 2 0 2 0 0 0 2 2 1 0 2 2 0 2 0 0 2 2 2 2 2 2 0 2 0 2 0 0 2 0 0 2 2 2 0 0 0 2 2 2 2 2 0 2 0 2 2 1 2 2 0 2 0 1 0 1 2 2 2 2 2 1 1 0 1 1 2 2 2 0 0 1 2 0 0 0 0 0 2 2 2 2 2 0 0 2 2 1 2 0 0 0 2 0 2 0 2 0 0 2 2 2 0 2 0 0 0 0 2 2 0 0 1 2 0 0 0 0 1 0 2 2 0 2 0 0 2 2 2 0 2 0 1 0 0 0 0 1 2 1 0 0 2 0 1 2 2 2 0 1 2 0 2 1 0 2 2 0 2 0 0 0 0 0 0 0 2 0 2 0 2 2 2 0 0 2 0 0 2 0 2 0 2 2 2 2 2 0 0 0 0 0 0 2 0 2 1 0 2 0 2 0 2 2 0 0 2 0 0 0 0 
789 481
481 565
565 869
869 380
380 313
313 516
516 822
822 124
124 932
932 970
970 444
444 763
763 687
687 396
396 356
356 479
479 536
536 437
437 131
131 545
545 240
240 284
284 21
21 530
530 793
124 28
28 27
27 96
96 653
653 663
663 212
212 939
939 625
625 193
193 587
587 776
776 417
417 702
702 598
598 756
756 504
504 878
878 548
548 813
813 965
965 973
973 279
279 656
656 38
38 353
353 593
593 620
620 209
356 790
790 716
716 686
686 291
291 294
294 693
693 434
434 262
262 715
715 574
574 783
783 517
517 864
864 796
796 277
277 103
103 838
838 544
353 65
65 974
974 741
741 151
151 871
871 390
390 69
69 639
639 10
10 986
986 582
582 34
34 351
351 130
130 447
447 867
867 174
174 164
164 329
329 775
775 430
430 584
584 883
883 364
364 993
993 1
1 962
962 175
175 280
280 60
60 811
811 524
524 826
826 420
420 830
830 201
201 316
316 271
271 214
214 147
147 90
90 203
203 949
949 422
422 557
557 615
615 989
989 904
904 764
904 231
231 868
868 248
248 251
251 325
325 601
601 739
739 298
298 62
62 432
432 77
77 336
336 302
302 575
575 404
404 765
765 477
316 913
913 443
443 892
892 219
219 289
289 648
479 342
342 428
428 497
497 275
275 339
339 5
5 539
539 873
873 307
307 759
759 338
338 985
336 766
766 851
851 926
926 506
506 840
840 241
241 891
891 456
456 802
802 386
386 695
766 229
21 673
673 809
809 614
614 189
189 408
408 81
81 52
52 333
333 118
164 930
930 42
42 125
125 791
791 885
885 862
862 243
243 579
579 849
849 948
948 682
682 957
957 655
655 794
794 312
312 468
468 441
441 983
983 426
426 893
893 848
848 797
797 287
287 247
247 393
393 633
633 742
742 108
108 556
556 335
335 2
2 779
779 452
452 585
585 45
45 675
675 159
159 623
623 895
895 496
496 68
68 929
929 538
538 564
564 762
762 884
884 861
861 740
740 586
586 769
280 705
705 358
358 654
654 326
326 78
78 407
585 51
51 30
30 446
446 121
121 211
211 91
91 677
677 798
798 304
304 483
483 942
942 712
712 699
699 395
395 529
529 528
528 658
658 327
327 747
747 85
85 169
169 150
150 473
473 696
838 662
662 431
431 411
411 18
18 472
472 920
920 43
43 722
722 795
795 352
352 955
955 414
414 532
532 224
224 814
814 726
726 470
470 171
171 142
142 526
497 98
98 116
893 487
487 491
491 749
749 629
629 59
973 806
806 8
8 163
163 306
306 365
365 170
170 6
6 953
953 467
467 196
196 680
680 76
702 872
872 934
934 129
129 729
729 114
114 423
796 520
520 133
133 908
908 361
361 459
459 110
110 799
799 839
839 71
329 4
4 632
632 445
445 508
742 681
809 709
709 324
324 981
981 572
572 235
235 340
340 836
836 160
160 760
760 550
550 945
945 928
928 912
912 596
596 172
172 267
267 227
227 753
753 767
767 112
112 669
799 32
32 513
513 370
370 369
369 494
494 733
733 935
935 701
701 754
754 667
667 183
183 499
499 332
332 616
616 295
295 368
368 879
879 35
35 424
424 433
433 367
367 272
272 690
690 774
774 199
199 74
74 290
290 99
99 222
222 746
746 391
391 33
33 734
734 208
715 152
152 546
211 107
107 630
630 478
478 232
232 723
723 509
509 719
459 708
708 624
624 371
371 372
372 613
613 139
139 230
230 330
330 331
331 490
490 73
73 320
320 887
887 874
874 412
412 588
588 84
84 866
866 149
149 800
800 223
223 670
670 554
554 659
659 559
559 717
717 416
416 7
7 301
301 429
429 179
424 711
945 385
385 314
715 612
612 126
126 157
157 643
643 273
273 246
246 833
833 180
180 966
966 141
141 285
285 202
202 135
135 824
824 936
936 195
195 462
462 119
119 855
855 109
109 527
423 254
254 788
788 890
890 484
484 101
85 610
110 645
645 286
286 427
427 137
762 676
676 714
714 846
846 617
617 961
961 990
990 605
605 1000
1000 334
334 731
731 440
445 541
541 960
960 757
757 265
265 748
748 134
134 999
999 153
153 745
745 93
93 896
896 323
323 902
902 480
480 501
501 737
737 198
198 652
652 236
236 540
540 581
581 283
283 89
89 978
978 917
917 309
309 348
348 461
920 807
757 888
888 190
190 567
567 636
636 533
533 113
113 106
106 19
19 979
979 366
366 315
315 288
288 376
376 49
49 225
225 537
537 644
644 781
781 771
771 571
60 899
899 12
12 86
86 465
465 876
876 976
976 20
20 987
987 860
860 120
120 15
15 607
214 933
933 191
191 318
318 58
58 95
95 255
255 568
568 234
234 253
253 954
861 752
917 660
660 820
820 649
649 664
664 168
168 859
859 438
438 250
667 865
865 512
512 642
642 898
898 268
268 192
192 738
738 389
389 48
48 463
463 498
498 453
453 535
544 638
638 55
55 245
985 947
947 217
217 244
244 215
215 688
688 281
281 627
797 900
900 815
815 392
392 703
703 927
990 589
589 239
239 640
640 471
471 606
606 105
105 377
377 206
407 969
969 308
746 856
856 439
439 264
264 296
296 923
923 549
549 569
569 816
816 54
54 755
755 566
566 560
33 515
515 903
903 877
877 922
922 975
975 136
136 882
882 894
894 476
476 475
475 292
292 547
547 204
204 698
698 858
858 249
249 421
421 256
256 220
220 184
463 197
197 631
631 704
704 841
841 875
875 597
597 854
854 725
725 758
758 651
651 451
451 92
92 388
388 311
311 13
13 844
844 880
880 458
458 853
853 500
500 310
310 982
982 519
519 41
41 115
115 413
413 991
991 454
454 140
140 665
665 818
818 812
812 628
628 207
207 154
154 592
592 257
257 97
97 75
75 881
881 23
23 460
460 743
743 817
817 216
216 621
621 37
37 88
88 94
94 600
600 736
506 80
80 963
963 357
357 418
418 751
751 328
328 594
970 988
988 599
599 228
228 3
3 122
122 469
469 971
971 274
274 992
992 916
916 40
40 492
492 186
186 343
343 82
82 363
363 466
466 143
705 166
166 552
552 835
835 123
123 573
573 167
167 66
66 744
744 449
449 727
727 507
507 666
666 502
502 405
405 252
252 761
92 542
542 514
514 16
16 958
958 200
200 637
396 555
555 578
578 238
238 674
674 521
521 611
611 260
58 782
782 618
618 728
728 964
964 905
905 401
252 700
700 562
562 543
543 305
305 968
968 56
56 561
561 162
162 956
956 683
683 322
322 735
735 355
355 944
944 604
604 354
354 772
772 448
448 808
808 321
321 486
660 44
44 510
510 482
482 921
921 511
511 671
671 138
138 182
182 31
771 337
337 415
415 226
226 218
218 397
397 850
671 777
777 144
144 842
842 278
278 117
117 63
63 668
668 474
474 950
950 341
341 87
87 847
847 398
398 911
911 943
943 980
980 843
843 679
285 768
768 845
845 493
493 635
635 399
399 780
780 918
918 297
297 350
350 678
678 827
827 181
181 485
485 941
941 804
804 697
697 718
718 378
378 938
938 346
346 36
36 770
770 242
242 828
828 931
931 14
14 710
33 24
817 503
503 801
801 915
915 837
837 165
165 221
221 919
919 785
785 924
924 156
156 984
716 907
907 29
29 829
829 996
996 505
505 590
590 205
205 657
657 383
383 787
787 319
319 857
857 344
701 691
691 17
17 50
50 577
577 531
392 897
897 650
650 713
713 803
803 489
489 551
71 910
910 349
349 455
455 886
886 402
528 914
914 100
100 258
258 406
406 558
558 194
194 906
906 959
959 300
300 720
720 384
384 952
952 387
387 347
347 518
518 694
694 410
410 967
826 525
525 870
870 237
817 994
884 70
70 11
11 792
792 750
750 213
213 79
79 148
148 863
863 852
852 39
39 831
831 909
909 641
641 534
201 972
972 608
447 661
661 362
362 457
457 145
145 72
72 946
946 128
128 61
61 259
657 419
419 977
977 685
685 161
161 111
111 176
176 940
940 647
647 270
836 102
102 583
583 394
394 64
64 47
47 436
527 127
127 276
276 67
62 26
26 293
293 266
266 46
46 345
345 359
359 435
435 299
299 188
666 185
185 925
925 400
400 177
177 381
381 146
146 187
187 269
269 998
998 25
25 132
132 672
672 563
563 553
553 901
901 707
571 360
360 22
22 634
634 778
778 786
786 403
201 317
317 825
825 173
173 9
9 602
602 374
374 83
83 158
158 53
53 823
823 889
889 626
392 692
692 522
522 603
603 233
233 995
995 303
303 646
646 721
721 784
784 819
819 580
580 464
464 57
57 595
595 706
706 810
810 724
724 523
523 609
609 104
104 375
375 732
732 178
178 570
570 495
495 832
832 951
951 450
450 488
488 425
425 576
576 261
261 684
684 282
282 155
785 730
730 937
937 821
821 622
622 834
834 379
379 210
210 373
373 409
409 263
263 773
505 805
805 689
689 997
997 619
619 442
442 591
591 382
1000 2
1 0 0 2 0 2 1 2 2 2 2 2 2 2 0 0 0 0 0 2 2 0 0 2 2 0 2 1 2 2 1 2 0 0 0 2 0 0 2 2 2 2 0 1 0 2 1 0 2 1 2 2 2 0 0 2 0 0 2 2 0 2 0 2 2 2 2 0 2 2 0 0 2 0 0 2 0 2 2 2 1 2 2 2 2 0 0 2 1 2 0 2 0 1 0 0 1 0 2 0 2 2 0 2 2 1 2 0 0 1 0 2 1 0 2 2 1 0 2 2 2 0 0 0 2 0 2 2 2 2 2 0 2 2 2 0 2 0 2 0 1 0 0 2 1 2 2 2 2 1 2 2 0 1 0 0 2 2 2 2 0 1 2 0 2 2 0 1 2 2 0 2 0 0 2 0 0 2 2 2 2 0 0 0 2 1 0 0 0 2 2 1 2 0 2 0 2 0 0 0 2 2 0 0 0 2 0 0 2 2 2 0 2 2 2 2 0 2 0 1 2 2 2 2 0 2 0 2 0 0 2 0 0 0 0 2 0 0 1 0 2 2 0 0 0 0 2 2 2 0 1 0 2 0 2 0 0 0 0 1 0 2 0 2 2 0 2 2 0 0 0 0 2 2 1 2 0 2 2 2 0 0 0 2 0 2 0 1 2 2 2 0 2 0 2 0 2 2 0 2 0 2 0 2 2 0 2 2 2 2 2 2 0 2 2 0 1 2 2 2 0 0 0 0 2 2 2 2 2 2 1 0 1 1 2 2 2 2 2 0 2 0 2 2 0 2 2 1 0 2 1 0 2 0 0 1 2 2 0 2 1 0 2 0 2 2 0 1 2 2 2 0 2 1 0 0 0 2 0 2 0 0 2 0 0 2 0 2 2 2 0 0 2 0 2 0 2 0 2 2 1 2 0 2 0 2 0 2 1 2 2 0 0 0 0 0 0 2 2 0 0 2 2 0 2 2 0 0 2 2 0 2 0 0 2 0 2 2 1 2 1 0 0 0 0 0 0 2 2 2 1 2 2 2 0 2 2 2 2 2 0 2 1 2 0 0 2 2 2 0 2 0 2 1 0 2 2 2 2 2 0 0 2 2 0 0 2 2 1 2 0 0 2 1 0 0 2 2 2 2 0 0 0 2 2 2 2 2 0 2 0 0 0 0 0 0 1 1 2 0 0 0 2 1 2 2 0 2 0 2 2 0 2 0 2 2 0 2 0 0 2 0 0 2 2 0 2 0 0 0 0 2 2 0 0 0 2 2 2 2 0 1 2 1 2 0 0 2 0 0 2 2 1 1 0 0 0 2 0 2 0 2 0 0 2 0 0 2 0 0 1 0 0 0 2 0 0 2 2 0 0 2 0 2 0 0 2 0 2 1 2 2 0 2 0 2 2 0 2 1 0 0 0 0 2 2 0 0 0 0 2 0 1 2 2 0 2 2 0 2 0 2 2 2 2 2 2 2 2 2 2 0 2 2 0 0 2 0 0 2 2 0 0 0 2 0 2 2 2 1 2 0 2 0 2 2 2 2 2 2 2 0 2 2 0 2 0 2 0 0 2 2 0 0 2 2 0 0 0 0 2 2 2 2 2 0 2 2 0 0 0 0 2 2 2 2 0 0 0 2 0 2 0 2 0 1 2 0 2 0 0 2 0 0 0 2 2 2 0 0 2 0 2 2 0 2 0 0 2 0 2 2 0 1 2 2 0 0 2 1 1 0 0 2 0 2 2 0 0 0 2 0 0 2 2 0 1 2 0 2 0 0 2 0 0 0 0 2 0 0 1 2 1 2 2 0 2 2 2 2 0 0 2 0 0 2 0 0 0 0 0 1 0 2 0 2 1 1 2 0 2 0 0 1 2 0 2 1 0 0 2 2 2 0 0 2 0 2 2 2 2 1 2 1 2 0 2 2 2 1 1 0 0 0 2 2 0 0 2 0 2 2 2 0 0 0 0 2 2 2 2 0 2 2 2 2 2 2 0 1 0 0 0 1 0 0 2 0 1 2 0 0 0 0 0 2 2 0 2 0 2 2 2 0 2 2 0 0 2 1 0 2 0 1 1 2 0 0 2 0 2 0 0 2 2 0 0 0 2 2 2 2 0 0 1 2 2 2 0 0 0 2 0 0 2 2 2 2 2 0 2 0 0 0 2 0 2 2 0 2 2 0 2 2 2 2 0 0 0 2 2 0 2 0 2 2 2 1 2 0 2 2 0 0 0 0 2 2 2 2 0 0 0 2 2 0 2 2 0 1 
263 838
838 973
973 910
910 942
838 897
838 633
633 890
890 151
151 389
389 253
253 995
973 705
705 844
844 197
197 165
165 597
597 616
616 880
880 795
795 946
946 336
336 114
165 399
399 708
708 990
990 347
347 757
757 302
302 434
434 481
481 413
413 567
567 900
900 178
973 74
74 18
18 472
472 655
18 966
966 812
812 667
667 522
522 849
849 568
568 628
628 442
442 31
31 756
756 669
669 456
456 169
169 406
406 418
418 363
897 565
565 153
153 258
258 380
380 663
663 73
73 857
857 850
850 611
611 212
212 606
606 566
566 749
389 106
106 823
823 759
759 774
774 783
783 994
994 793
793 174
174 988
988 674
674 738
738 930
930 911
900 699
699 550
550 548
548 39
39 65
65 765
765 128
128 967
850 497
497 650
650 267
267 291
291 141
141 935
935 294
294 181
181 229
229 41
41 489
489 275
275 936
936 82
82 899
899 871
871 511
511 378
378 445
445 162
967 972
972 478
478 101
101 440
440 379
379 210
210 968
968 250
606 902
902 292
292 648
650 45
45 441
441 63
63 103
103 924
924 92
92 743
743 776
776 898
898 702
702 773
773 150
150 953
413 969
969 142
849 91
910 492
492 607
607 299
299 455
455 304
304 636
636 261
261 921
921 515
515 453
453 682
682 122
122 125
125 123
123 312
312 409
409 981
981 654
548 645
41 358
358 216
216 637
637 777
777 356
356 800
800 541
541 846
846 578
578 556
556 561
561 139
139 635
635 328
328 613
613 362
362 619
619 894
894 209
209 355
355 600
600 576
576 217
217 2
942 225
225 959
946 81
81 6
6 200
200 318
812 560
560 390
390 524
524 804
804 357
357 52
52 411
411 713
713 170
170 817
817 620
620 149
850 954
607 789
789 493
493 827
827 668
668 608
924 333
620 19
19 892
892 433
433 528
759 388
388 763
763 430
430 60
60 69
69 651
651 687
687 84
84 16
16 232
232 313
636 714
969 90
90 916
916 672
672 679
679 377
377 361
361 691
691 710
710 316
390 688
688 788
788 514
514 360
360 802
802 642
642 895
895 320
320 387
387 864
363 487
487 332
930 693
693 37
37 484
484 93
93 249
924 449
449 44
44 374
374 735
735 955
955 692
363 830
830 29
29 120
120 49
49 185
185 980
980 392
392 639
639 807
807 948
948 447
447 887
887 146
146 523
523 490
490 157
157 803
803 526
526 572
572 58
58 951
951 731
731 519
519 109
109 245
245 544
544 202
202 186
186 62
62 797
797 155
155 134
134 465
465 461
461 646
646 622
622 733
733 598
598 368
368 677
677 690
690 836
836 432
432 739
739 496
496 408
408 457
60 683
683 321
321 826
826 780
780 680
680 971
971 285
285 423
423 582
582 55
55 53
53 929
929 239
239 338
338 222
222 337
337 235
235 510
510 721
721 349
349 182
182 712
712 395
395 420
420 319
319 279
279 798
798 697
697 889
889 624
624 54
54 771
771 340
340 297
297 64
636 288
288 135
52 88
88 737
737 675
675 831
831 901
413 545
545 852
253 184
184 113
113 117
117 957
957 989
989 27
27 767
767 617
617 943
943 791
791 904
904 685
685 194
194 719
719 25
25 42
42 138
138 537
537 397
397 369
369 860
860 640
640 579
579 476
476 658
658 281
281 177
177 448
448 653
653 252
252 205
205 555
555 323
323 211
211 927
927 257
257 644
644 746
746 364
364 234
234 700
397 573
573 865
865 83
83 76
76 975
975 188
149 437
437 781
781 56
56 602
602 342
849 85
85 173
173 676
676 415
484 732
440 652
652 962
962 940
940 987
987 923
923 219
219 494
494 978
978 839
839 367
45 816
816 868
868 814
814 354
354 571
571 280
457 172
433 3
3 308
308 594
594 715
492 513
513 709
709 412
412 931
931 381
381 482
113 189
390 454
454 656
656 873
873 266
266 8
275 419
419 175
175 772
772 724
724 50
50 473
473 504
504 296
296 755
755 835
835 810
810 176
176 365
365 872
872 226
226 262
73 140
140 353
579 248
248 179
179 51
51 630
630 7
7 191
191 444
444 540
540 629
629 769
769 896
896 907
907 730
730 736
736 905
597 747
747 591
591 546
546 917
917 500
500 815
815 111
111 979
979 59
59 533
533 227
227 801
801 341
341 592
592 61
61 502
502 233
233 22
22 242
242 118
118 72
72 403
403 247
247 80
80 717
717 888
888 974
974 115
115 439
439 718
718 752
752 878
120 762
762 818
818 78
78 782
782 394
394 985
566 148
148 535
535 603
603 307
307 750
750 270
270 310
310 891
891 410
410 256
256 503
503 224
224 67
67 785
785 240
240 662
662 168
168 587
587 156
156 964
964 876
876 808
808 508
508 786
786 133
133 562
562 563
563 422
422 998
998 950
950 70
70 516
516 241
241 529
529 330
330 199
199 301
301 952
952 460
460 725
594 317
317 775
990 110
110 726
726 883
883 152
152 203
203 417
417 13
13 35
35 126
126 407
407 821
821 190
190 716
716 127
127 886
886 819
819 36
36 525
525 518
518 385
385 343
343 254
254 986
986 661
699 521
521 874
874 452
452 136
136 538
538 626
626 327
327 273
273 23
23 740
740 671
671 255
255 856
856 956
956 855
855 845
845 665
665 551
551 945
945 274
274 479
479 748
748 625
625 885
885 371
371 829
829 435
435 231
231 350
350 751
751 198
198 421
421 841
841 86
86 843
843 89
89 466
466 436
436 760
760 505
505 991
991 982
982 834
834 443
443 208
208 983
983 259
259 720
720 366
366 647
647 264
264 160
160 303
303 581
581 167
167 542
986 246
246 744
744 532
532 9
9 937
713 534
534 741
741 531
531 137
137 21
21 132
132 770
42 34
34 159
159 867
867 400
400 754
892 501
501 879
879 595
595 463
463 753
753 15
15 884
891 383
383 131
131 470
470 329
329 57
57 11
578 627
627 530
530 601
601 286
286 477
477 207
562 145
145 375
375 694
694 459
459 1000
1000 996
996 289
289 695
695 467
467 509
509 742
182 315
315 161
161 822
822 820
820 20
20 554
554 351
351 95
95 47
47 491
491 475
475 335
335 180
180 187
187 236
236 121
121 517
245 382
382 912
912 512
512 914
914 861
861 218
218 858
73 870
870 915
915 734
734 577
577 853
853 536
291 877
877 214
214 450
450 488
488 689
689 107
107 4
4 424
424 684
684 933
933 918
918 584
584 711
711 269
269 345
345 604
604 334
334 794
794 309
309 77
77 469
740 875
875 370
370 696
696 961
961 116
116 193
193 96
96 295
295 12
12 999
999 913
913 272
272 958
958 458
458 704
704 265
265 842
842 87
87 30
30 425
425 10
10 660
753 112
112 429
429 618
618 331
331 17
17 806
806 99
99 615
615 278
278 784
784 427
427 792
258 596
596 276
276 195
195 215
215 947
288 346
346 575
575 230
230 908
908 586
586 670
670 903
903 939
939 862
862 428
428 79
79 474
474 570
570 495
495 237
237 322
322 325
325 589
589 949
949 506
947 707
707 796
796 391
391 438
438 638
638 238
238 293
293 811
811 965
965 893
893 612
612 213
213 869
869 251
251 5
5 824
824 192
192 306
306 372
372 344
344 386
386 124
124 882
882 621
140 402
402 485
485 569
569 833
833 376
376 859
859 311
311 599
599 938
938 396
396 909
909 552
552 779
779 657
657 761
761 43
43 98
98 277
277 559
559 33
33 28
28 393
393 723
723 154
154 790
790 228
228 729
591 728
728 919
919 171
171 659
659 992
992 404
404 416
416 825
825 906
906 68
68 223
223 764
764 590
590 206
206 105
105 649
649 102
102 934
934 837
837 564
564 398
398 778
778 271
271 243
243 553
553 997
997 623
623 201
201 631
631 468
468 498
498 499
499 706
706 300
777 143
143 666
666 283
283 480
480 405
405 547
547 632
632 673
673 970
970 314
314 977
977 48
48 348
348 787
787 431
431 486
486 543
543 164
164 557
557 46
46 284
284 451
451 549
549 928
928 446
446 609
609 813
813 183
183 960
960 483
601 462
462 984
984 282
282 401
401 922
922 727
727 220
220 94
94 75
75 643
643 809
809 701
701 925
925 158
158 881
881 352
352 204
204 40
40 71
71 26
26 221
496 634
634 166
166 976
976 580
580 848
848 588
588 614
614 290
290 847
847 339
339 268
268 196
196 97
97 854
713 698
698 610
309 507
507 944
944 287
287 326
326 539
752 129
129 244
244 147
147 144
144 100
100 993
993 38
38 920
920 840
840 766
766 585
585 664
664 373
373 108
108 130
130 163
163 66
66 768
768 866
866 605
605 832
832 805
805 703
371 574
574 686
686 24
24 520
520 926
926 104
104 799
486 941
941 464
464 593
593 414
414 471
471 324
594 260
260 583
583 426
426 851
851 14
147 758
758 558
558 119
119 384
384 298
298 863
863 828
828 681
681 641
641 678
998 745
570 722
722 527
527 32
32 1
1 359
359 932
932 963
963 305
1000 4
2 2 2 2 0 2 2 0 0 2 2 0 2 0 2 0 2 0 2 2 0 2 2 2 2 2 2 2 2 0 0 0 2 0 0 2 2 0 2 0 0 2 0 0 0 0 0 2 2 2 0 2 2 0 0 2 1 2 2 0 0 1 2 0 0 0 0 0 0 0 0 2 0 0 0 0 1 2 0 0 2 0 0 0 2 2 2 1 0 0 0 2 0 0 2 0 0 2 2 0 1 0 1 0 0 2 2 0 2 2 0 1 2 0 1 2 0 0 0 0 0 2 0 2 2 2 0 0 2 1 2 2 2 0 2 2 2 0 0 0 0 0 0 2 2 1 0 2 2 2 2 1 0 0 2 0 2 2 0 2 2 2 2 0 0 2 0 2 2 2 2 1 2 0 1 2 0 0 2 0 0 0 2 0 2 2 2 2 0 0 2 2 0 0 0 0 2 2 2 2 0 0 2 2 2 0 0 1 0 2 1 0 2 0 2 0 2 2 0 0 0 0 0 2 2 2 2 0 0 2 1 0 2 0 2 1 2 0 0 0 2 2 2 0 2 2 2 2 0 2 2 2 2 2 1 1 0 2 2 0 0 0 0 2 2 2 0 2 2 0 2 2 0 0 2 2 2 0 2 0 2 0 2 2 2 2 0 0 0 0 2 0 0 0 0 2 2 0 0 2 1 0 0 0 0 2 2 0 0 0 0 2 0 0 2 2 2 2 0 2 1 0 1 0 2 0 0 0 1 2 1 0 2 2 0 0 0 0 0 0 0 0 0 2 0 0 2 0 2 2 0 0 0 2 2 0 0 0 0 2 0 0 0 2 2 2 0 0 2 0 1 2 0 0 2 2 2 2 1 2 0 0 1 2 1 0 0 0 0 2 2 0 2 2 0 0 2 2 2 0 1 2 2 0 2 0 0 2 1 2 2 0 0 0 1 1 0 2 0 0 2 2 2 0 0 2 0 1 1 0 2 2 2 2 0 2 2 2 1 0 1 2 0 2 2 0 0 2 2 0 2 2 2 0 1 0 0 1 1 1 0 1 0 0 2 2 0 2 2 0 2 0 0 0 2 2 2 0 0 2 0 2 0 0 2 2 0 2 1 2 2 0 0 2 0 0 0 0 0 2 0 2 0 2 2 0 2 0 0 2 2 2 0 2 2 0 0 0 0 0 2 2 0 0 0 2 1 2 0 2 2 0 2 0 0 2 2 2 0 2 0 0 0 2 0 0 2 0 0 1 0 0 0 0 2 2 0 0 2 2 1 0 2 2 0 2 2 2 0 2 0 2 2 0 2 2 0 0 2 1 0 0 2 0 2 0 1 2 0 0 0 2 0 2 0 0 2 0 2 0 0 0 2 2 2 0 2 2 2 2 0 2 1 2 2 1 2 0 2 0 0 2 2 0 0 2 2 0 0 0 0 0 0 0 2 2 0 2 2 2 2 0 2 0 2 2 0 2 2 0 0 0 0 1 2 0 0 2 0 2 0 0 0 0 0 2 2 2 0 2 2 0 0 0 2 1 0 2 0 0 0 0 1 2 2 0 0 0 2 1 1 2 0 0 2 2 2 0 2 0 2 2 2 2 2 2 0 2 0 2 1 2 2 0 0 2 0 0 2 0 1 0 2 2 2 0 0 2 2 0 2 0 0 2 0 2 2 1 0 2 2 0 0 1 0 2 0 0 2 1 2 0 0 2 2 2 1 0 1 0 2 0 0 2 2 2 0 0 2 0 0 0 2 2 0 0 0 2 2 2 2 2 0 0 0 1 0 0 2 0 2 2 2 0 0 0 0 2 0 0 1 0 2 2 2 1 0 0 0 1 1 1 1 0 2 0 0 0 2 0 2 0 0 0 0 0 0 0 2 0 0 2 0 0 0 2 0 2 2 0 2 0 2 2 2 0 0 0 2 2 2 0 1 2 0 0 0 2 0 2 0 2 2 0 2 2 2 2 2 2 2 0 0 2 2 2 1 1 1 2 1 0 1 1 0 2 0 2 2 0 0 2 2 2 2 0 2 2 2 0 0 2 2 2 2 0 0 0 0 2 2 0 0 2 2 0 0 0 1 0 0 2 2 0 1 0 0 0 0 0 0 0 0 2 2 2 2 2 1 2 2 2 2 2 2 0 2 0 1 0 2 0 0 2 0 2 0 0 1 0 2 0 2 0 0 2 0 0 0 1 2 0 2 0 2 0 0 0 0 0 2 2 0 2 0 0 2 0 0 0 1 2 2 2 2 2 0 0 2 2 
423 992
992 789
789 908
908 646
646 956
956 246
246 268
268 300
300 141
141 453
453 873
873 43
43 494
494 380
380 766
766 390
390 702
702 514
514 425
425 115
453 522
522 323
323 947
947 725
725 996
996 870
870 651
651 403
766 786
786 830
786 552
552 631
631 859
859 226
226 818
818 449
449 750
750 848
848 964
964 802
802 347
347 19
19 921
921 133
133 503
503 874
323 920
920 579
579 855
423 196
196 905
905 152
152 404
404 165
165 707
707 813
813 61
61 831
831 575
575 737
737 170
61 798
798 912
912 312
312 955
955 880
880 183
183 161
161 342
342 594
594 716
716 689
689 692
692 245
245 178
178 891
891 784
874 850
850 193
193 157
157 443
443 746
746 559
873 344
344 365
365 817
817 499
499 809
809 387
387 922
922 660
660 218
218 84
84 741
741 450
450 811
811 578
578 210
210 164
164 913
913 305
305 444
444 57
57 858
858 160
160 605
605 140
140 89
89 938
938 251
251 661
661 398
398 842
842 971
971 451
451 282
282 429
429 636
636 740
740 562
562 319
423 664
664 260
260 863
863 840
840 754
754 544
544 815
245 34
34 508
508 866
866 606
606 756
756 198
198 582
582 188
188 513
513 790
790 669
669 656
656 391
246 710
710 705
705 909
909 728
728 774
774 719
719 916
916 278
278 871
871 505
505 182
182 886
886 810
810 812
812 764
764 960
960 679
679 5
5 804
705 930
605 37
37 965
965 898
898 612
612 265
265 949
949 607
607 80
80 683
683 771
771 416
416 487
487 439
439 104
104 827
827 414
660 546
546 359
359 580
580 736
736 394
394 155
155 900
900 337
337 154
154 933
933 597
597 291
291 229
229 565
565 690
690 749
749 837
719 197
197 321
394 77
77 241
241 399
399 296
296 379
379 635
635 520
520 691
691 284
284 523
523 35
35 351
575 557
557 383
383 314
916 903
903 914
914 222
222 760
971 586
586 173
173 288
288 286
286 623
623 167
167 287
546 179
179 548
548 820
820 118
291 887
887 276
218 217
217 708
708 362
362 758
758 47
47 675
675 534
580 876
876 49
49 397
789 10
10 327
327 561
561 308
308 304
304 455
455 609
609 50
50 647
647 783
783 162
162 168
168 657
657 549
549 991
991 85
85 366
366 540
540 899
899 649
649 573
573 156
156 456
456 617
617 667
920 412
412 107
107 869
869 252
252 92
92 966
966 780
933 493
493 560
560 662
662 1
1 918
414 271
271 670
670 516
516 901
901 555
555 730
730 598
598 917
917 477
477 928
928 67
67 148
148 419
419 87
87 177
177 124
124 682
682 135
135 289
289 974
974 409
840 952
952 431
431 722
722 149
149 738
738 729
729 258
258 726
726 765
765 209
209 860
860 680
680 70
70 984
984 336
336 339
339 923
923 645
516 862
862 48
48 200
200 227
227 988
988 681
681 333
321 883
883 442
442 981
981 433
433 302
302 236
236 396
396 584
584 564
564 424
424 249
249 793
793 367
367 637
637 634
634 413
413 194
194 980
980 374
374 591
591 502
502 927
927 103
103 428
428 676
676 361
361 462
462 642
183 694
694 744
744 791
791 126
126 824
824 373
373 281
281 405
405 479
479 316
316 69
69 978
978 174
552 945
945 968
968 639
639 934
934 805
805 926
926 990
990 616
679 700
700 127
258 325
291 823
823 189
189 787
787 747
747 989
989 475
475 995
995 536
536 110
110 910
910 732
732 939
361 632
632 527
562 970
970 42
42 621
621 532
532 181
181 593
593 123
123 254
254 277
277 407
407 570
570 102
938 663
663 11
11 116
116 706
706 709
709 541
541 959
959 205
205 27
862 18
18 129
129 677
183 919
919 376
156 721
721 244
244 563
563 589
589 572
572 770
770 592
592 283
283 533
533 46
46 519
519 581
581 28
28 892
177 588
588 460
460 378
812 438
438 630
630 678
678 979
887 590
590 720
720 551
551 466
466 718
718 906
164 199
199 821
821 529
677 566
566 16
16 388
388 521
521 844
844 63
63 643
643 214
214 448
448 734
734 32
32 40
40 406
362 526
526 322
322 835
835 208
208 279
279 331
331 158
158 238
238 253
253 558
35 354
354 613
613 693
693 510
510 854
854 878
878 216
216 426
426 924
924 940
940 825
825 500
500 982
982 225
225 13
13 430
430 441
441 633
633 504
504 769
769 29
29 819
819 369
369 147
147 434
812 577
577 142
823 14
14 274
274 851
851 223
223 704
704 761
761 207
207 969
969 81
819 846
846 751
751 941
941 658
658 587
587 983
983 963
963 530
530 482
482 293
293 752
752 884
884 517
517 836
836 15
15 459
459 21
21 469
469 975
975 767
767 962
962 889
889 998
998 471
471 111
111 206
206 602
602 256
256 375
375 957
957 852
852 427
427 806
806 946
946 400
400 799
799 600
600 384
384 191
191 239
239 215
215 358
358 822
822 619
619 295
295 377
377 717
717 872
872 801
801 650
650 711
80 275
275 185
185 402
402 242
884 159
159 483
483 250
174 509
509 301
214 997
997 3
3 313
313 986
986 942
942 436
436 538
538 221
221 518
518 66
66 421
421 233
233 75
75 797
797 894
894 172
172 180
180 497
497 74
74 890
319 753
753 763
763 370
370 985
985 543
543 228
228 853
853 298
298 539
539 640
640 668
668 145
145 213
213 528
528 335
335 755
755 219
253 202
202 614
614 757
757 97
97 491
491 611
611 931
931 620
305 101
101 120
120 386
386 488
749 341
466 785
785 73
73 832
505 119
119 547
547 432
432 106
661 56
946 144
144 484
484 285
285 38
38 114
114 270
270 714
714 696
696 299
299 381
381 474
474 117
327 39
39 360
360 601
601 935
935 150
150 9
9 553
553 62
62 320
320 58
58 568
568 113
113 247
247 411
411 951
951 674
674 136
136 352
352 803
803 735
735 781
781 473
473 671
671 128
128 994
994 146
146 841
841 401
401 615
615 290
290 458
458 355
355 490
490 234
234 501
501 999
999 138
138 888
763 79
79 272
272 625
625 814
814 461
461 467
467 122
21 885
885 699
699 976
976 224
224 864
383 17
17 446
446 422
422 88
88 515
515 929
929 624
624 435
435 495
495 7
7 868
868 698
698 571
196 743
743 184
184 4
4 137
758 877
877 263
541 628
628 833
833 641
641 264
264 64
64 269
305 382
268 486
486 195
195 695
695 800
800 779
779 240
240 86
86 44
44 644
644 329
329 550
550 55
55 121
121 542
542 777
777 350
785 893
893 95
95 415
415 235
235 334
334 98
98 420
420 112
606 759
759 132
132 445
563 782
298 685
685 666
666 569
569 33
33 739
739 307
307 954
954 723
723 895
895 881
881 712
712 108
108 437
437 190
190 595
595 203
666 697
697 346
346 59
59 368
368 773
773 865
865 266
266 243
243 315
579 583
817 353
353 273
273 248
248 638
638 23
23 480
480 338
338 807
807 507
507 163
163 603
603 343
343 742
742 267
267 958
202 973
973 26
26 861
861 512
512 622
622 826
826 772
772 130
130 629
629 25
25 134
134 476
476 186
186 665
665 349
349 604
604 535
535 498
498 688
805 576
576 937
937 911
911 554
554 936
936 82
82 294
294 410
410 977
977 794
794 652
652 492
492 52
52 673
673 2
2 845
845 41
41 306
306 703
384 987
987 303
303 311
311 230
230 808
808 237
38 489
489 417
417 105
105 131
131 896
896 71
71 395
395 828
828 465
465 748
748 143
143 687
687 363
363 944
944 65
65 972
972 778
778 125
125 788
788 701
701 324
324 36
36 792
792 943
943 317
317 468
468 715
715 418
418 6
6 610
610 857
857 232
232 816
816 932
932 925
471 882
882 608
608 72
72 838
838 297
297 762
762 357
357 262
262 364
364 618
618 332
332 60
60 953
353 447
447 464
464 902
902 280
280 169
169 326
326 627
627 537
537 393
393 950
950 478
478 166
166 371
371 525
258 385
860 596
596 993
993 139
139 463
463 727
727 654
654 524
524 648
648 91
597 201
774 255
255 151
151 768
768 867
867 948
607 796
796 713
713 843
843 389
389 511
511 481
481 340
367 684
684 795
795 655
655 22
22 961
961 724
724 599
599 470
470 452
452 879
879 672
672 556
556 345
345 45
45 659
659 875
875 897
897 392
36 220
220 849
849 318
318 212
212 496
496 356
356 192
192 440
440 653
649 90
90 259
259 31
31 545
545 454
454 904
196 408
408 310
310 348
348 30
30 53
53 78
78 109
109 829
829 915
915 93
93 187
187 506
506 847
847 261
261 330
330 626
626 567
567 8
8 776
776 574
574 472
472 834
834 686
686 856
856 51
51 175
175 24
24 907
907 96
96 485
485 54
54 76
76 292
292 153
153 585
585 211
211 12
675 457
457 20
840 967
967 309
309 1000
1000 733
733 94
94 328
328 100
100 176
874 731
731 745
745 531
544 204
521 372
372 231
231 171
171 99
99 775
775 68
68 83
83 839
839 257
