10
1000 1
0 1 2 2 2 0 2 2 2 0 2 0 2 2 2 2 2 0 0 1 1 1 2 0 1 0 0 0 2 2 2 0 0 0 2 1 2 2 2 2 0 2 0 0 1 0 0 0 2 1 0 1 2 0 0 0 0 0 2 0 2 1 0 2 2 0 2 2 2 0 2 2 0 2 2 0 0 2 2 2 2 2 2 0 2 0 2 0 0 2 0 2 0 0 0 2 0 2 0 2 0 2 0 2 2 1 1 0 0 2 2 0 0 2 2 0 0 0 2 1 0 2 2 2 0 0 0 2 2 0 2 0 2 0 0 0 0 1 0 2 2 2 2 2 2 2 0 2 2 2 2 0 0 0 1 0 2 2 1 2 2 2 0 0 0 2 2 0 0 0 0 1 1 2 1 0 2 0 0 0 2 2 0 2 0 0 2 0 2 2 2 0 0 0 1 2 2 2 2 0 2 1 0 2 2 2 2 2 2 2 2 0 2 2 2 2 0 2 1 2 1 2 2 0 2 2 2 0 0 0 0 0 2 0 2 0 0 1 2 0 2 2 0 0 0 0 0 2 2 2 2 2 2 0 0 2 0 2 2 2 2 2 0 2 2 2 1 2 1 0 0 2 0 2 2 1 0 0 2 2 2 0 2 2 0 2 0 2 2 0 0 0 0 0 0 0 2 2 2 2 2 2 2 0 0 0 2 0 1 0 2 0 1 0 2 0 2 0 2 0 2 1 2 0 0 0 1 1 2 2 2 2 2 2 1 2 0 2 2 0 0 2 0 0 0 2 0 0 2 0 1 2 0 2 0 0 0 0 0 0 2 0 2 2 2 0 0 1 1 0 0 2 1 2 2 0 2 2 0 2 0 0 0 0 0 2 0 0 0 2 1 2 0 0 2 0 0 0 2 0 0 0 0 2 2 1 2 2 0 2 0 2 2 0 2 0 0 0 2 2 1 2 0 0 0 0 0 0 2 0 0 1 2 0 2 0 0 0 0 0 0 2 0 0 2 2 0 0 0 0 2 0 0 2 2 2 2 2 2 0 0 2 2 0 2 0 0 0 2 0 0 0 1 0 0 2 0 1 2 2 0 1 0 0 2 2 0 0 0 1 0 2 0 2 0 2 1 0 0 2 0 0 0 2 0 0 2 1 2 2 0 0 0 0 0 2 2 0 2 2 2 2 0 2 1 0 0 2 1 0 0 0 2 2 2 2 0 1 2 0 2 2 0 0 0 0 0 2 0 0 1 0 0 0 1 2 0 0 0 2 0 2 2 0 0 0 2 0 0 0 0 0 2 0 0 0 0 0 0 0 1 2 2 0 2 1 0 1 0 2 0 2 2 2 0 2 0 2 2 2 0 2 0 0 0 2 2 2 0 0 2 1 2 2 0 0 2 2 0 1 2 2 2 2 0 1 2 2 2 0 0 1 2 0 1 0 2 0 0 2 1 0 0 2 2 0 2 0 0 2 2 2 0 2 2 0 2 2 0 2 0 2 0 0 2 2 0 1 0 0 0 2 2 0 0 2 0 2 0 2 2 0 2 2 2 0 2 2 2 0 0 0 0 1 2 0 0 2 0 0 2 0 2 0 0 2 2 2 0 0 2 1 0 0 0 0 0 2 0 2 0 2 2 2 0 2 0 0 0 2 0 1 0 0 1 0 0 2 2 2 2 0 2 2 0 0 0 2 2 0 2 0 0 0 2 0 0 2 0 2 2 0 2 1 2 0 0 2 1 1 2 1 2 2 0 2 1 2 0 2 2 0 0 0 2 0 2 0 2 2 0 2 2 1 2 0 1 2 2 2 1 0 1 1 0 2 2 2 2 0 0 2 0 0 0 0 2 0 0 2 1 1 0 2 2 1 0 2 0 1 2 0 2 2 0 2 0 0 2 2 0 2 0 2 1 0 1 0 1 2 2 1 2 2 0 0 0 2 0 0 0 0 2 2 0 2 1 2 0 0 1 2 0 0 2 2 2 0 2 0 2 2 1 0 0 0 2 2 1 0 0 2 0 2 0 2 2 2 1 0 1 2 2 0 0 0 0 1 2 1 1 2 1 0 0 2 0 0 0 0 0 2 0 0 0 0 2 1 0 0 2 0 2 2 2 0 0 0 0 0 0 2 0 0 2 2 2 2 0 2 2 2 0 0 0 0 2 2 2 1 1 2 0 0 2 1 0 2 2 2 0 1 0 0 2 1 0 2 0 1 2 1 2 0 0 0 0 2 0 2 2 0 2 1 2 2 2 0 2 1 
935 601
601 933
933 773
773 439
935 938
938 755
755 54
54 444
444 316
316 49
49 489
489 22
22 895
755 977
977 124
124 341
341 66
444 756
756 617
617 283
283 197
197 360
360 564
564 789
789 73
73 812
360 291
291 858
858 698
360 790
790 813
813 340
340 160
160 593
593 362
362 351
160 338
340 622
622 853
853 386
386 181
181 257
257 199
199 298
622 95
95 563
563 253
253 961
961 300
300 534
534 425
425 521
425 92
895 33
33 438
438 918
918 810
810 531
531 38
38 222
124 192
192 277
277 366
366 987
987 125
125 696
696 140
140 342
342 372
372 603
603 477
477 398
398 325
325 596
257 770
770 764
764 105
105 648
648 989
989 715
715 480
810 588
588 400
325 466
466 640
640 875
875 424
424 817
817 399
399 48
48 565
565 529
529 866
866 967
967 269
439 771
771 131
131 740
740 379
379 719
719 204
204 458
458 687
687 414
414 166
166 846
846 539
539 69
69 669
669 67
67 818
818 136
136 156
156 862
862 177
177 230
230 762
762 200
200 475
475 355
355 454
454 429
429 377
377 970
970 986
986 358
358 815
424 220
220 381
381 445
445 329
329 559
559 619
619 29
29 704
704 973
973 390
390 909
622 991
991 75
75 675
675 712
712 714
714 18
18 118
118 394
394 138
138 207
207 233
233 164
164 920
920 928
928 941
941 932
932 212
212 365
365 275
275 631
631 210
210 587
48 774
774 787
257 507
507 201
201 235
235 293
813 837
837 384
384 638
638 31
31 121
121 419
419 13
13 983
983 767
767 26
26 691
691 430
430 649
649 708
429 738
738 518
518 102
102 282
282 854
854 768
768 926
926 760
760 805
805 151
398 15
15 465
465 208
208 655
926 278
278 535
535 110
110 952
952 405
405 794
794 493
493 134
134 856
856 840
840 228
228 343
343 901
901 763
763 751
751 835
835 447
447 103
103 549
549 297
297 287
287 1
1 893
893 25
298 286
286 560
560 908
908 914
914 225
225 312
312 742
742 730
730 543
543 255
255 147
147 467
147 652
652 645
645 753
753 382
987 567
567 4
4 749
749 822
822 724
724 129
287 422
422 594
594 79
79 486
486 834
834 942
942 409
409 526
283 695
695 998
998 551
551 378
378 702
702 104
104 836
836 945
945 948
948 716
716 84
84 56
56 694
694 266
266 14
14 333
333 556
556 581
581 674
674 226
226 258
258 892
892 873
873 746
746 597
597 106
106 602
602 288
288 319
319 353
353 502
502 261
261 659
659 473
473 195
195 456
456 536
536 925
925 420
420 595
595 541
541 126
126 170
170 174
174 784
784 658
658 791
791 700
700 299
299 621
621 488
488 376
376 578
998 713
713 720
720 431
431 665
665 404
404 450
756 562
562 947
947 868
868 711
711 869
869 306
306 508
508 484
484 605
605 68
68 737
621 309
309 215
215 231
231 492
492 980
980 5
5 35
35 307
307 330
330 739
739 82
82 685
685 958
958 328
328 203
203 294
294 662
662 653
653 957
817 191
191 943
943 173
488 527
527 931
931 41
41 433
433 469
469 223
223 644
644 243
243 911
535 32
32 611
611 80
80 726
726 97
97 327
327 221
221 186
186 490
490 498
498 994
994 735
735 491
491 782
212 780
780 680
680 940
940 865
865 934
934 769
769 451
451 45
297 127
127 697
697 427
427 661
129 205
205 887
887 2
2 904
904 397
397 403
403 369
369 263
263 256
256 216
216 234
234 533
533 193
193 546
445 886
886 112
112 731
731 618
618 514
514 992
992 146
146 520
520 585
585 148
148 30
30 349
349 238
238 743
743 265
265 87
87 479
479 46
46 371
371 391
391 872
872 900
900 57
57 476
476 36
36 180
180 19
945 90
90 413
413 481
481 252
252 495
495 418
191 896
896 317
317 878
878 407
407 877
877 984
984 799
799 416
602 903
903 591
591 169
169 612
612 452
452 766
766 966
966 936
936 679
679 553
553 453
453 214
214 276
276 510
510 848
848 582
582 547
547 978
978 155
155 750
750 684
782 323
30 249
249 441
441 664
664 852
852 60
60 530
530 461
461 686
686 350
350 161
161 849
849 650
650 280
280 179
179 331
331 976
976 334
334 271
852 260
260 94
94 748
748 135
425 515
515 953
953 639
932 42
42 718
718 264
264 960
960 245
958 733
733 133
306 348
348 153
153 683
683 589
589 114
371 642
642 741
741 70
70 337
337 954
954 464
464 614
614 643
643 606
606 284
284 388
388 629
95 10
10 599
599 50
50 313
313 185
185 85
85 968
968 449
449 89
89 913
913 434
434 315
315 962
962 540
540 206
206 296
296 385
385 864
334 666
666 635
635 592
592 678
678 273
273 157
157 198
539 436
436 443
443 532
532 641
942 930
930 880
880 881
881 946
946 937
937 516
516 890
890 58
58 571
571 267
267 807
807 165
165 944
944 902
902 368
368 882
882 939
939 558
558 326
326 302
302 855
789 359
359 411
411 437
437 150
427 53
53 861
861 586
409 240
240 806
806 876
876 55
55 380
380 28
28 950
950 336
336 915
915 213
213 703
703 120
120 867
867 874
874 375
375 116
116 37
37 923
923 627
627 227
227 426
426 517
517 52
52 566
961 897
897 373
373 154
154 211
211 656
656 122
122 894
894 975
975 292
292 982
719 995
995 503
503 997
997 145
145 290
290 828
828 71
71 800
800 289
289 542
542 528
528 574
574 111
111 554
554 512
512 78
78 831
831 792
792 777
777 663
763 183
183 237
237 505
505 8
8 513
513 7
7 788
650 332
332 725
725 757
757 832
832 707
707 295
295 705
705 752
752 406
406 692
640 415
415 410
410 335
335 916
916 303
303 885
885 993
993 570
570 778
778 113
542 322
133 187
187 786
986 224
224 910
910 352
352 608
608 412
412 575
575 891
891 51
51 723
723 1000
1000 765
765 838
838 361
361 387
503 795
795 357
853 701
701 168
168 494
494 905
905 827
827 552
552 634
892 668
668 981
981 919
919 262
262 717
717 61
61 651
651 509
509 12
12 392
392 190
190 604
604 63
63 141
141 829
829 956
956 964
964 504
504 117
117 772
772 580
580 917
917 463
463 96
96 370
370 825
71 798
798 91
91 402
402 81
81 499
499 600
600 924
924 870
870 176
176 159
159 247
247 959
959 232
145 217
217 803
803 218
218 202
202 47
47 93
93 523
523 367
513 804
804 77
77 844
844 759
759 143
143 485
485 188
188 548
548 628
628 43
43 149
149 123
430 985
985 459
459 496
496 610
496 672
672 364
364 775
775 830
830 820
820 462
462 472
472 115
115 395
395 27
27 616
616 577
577 3
3 219
219 167
167 722
722 39
39 929
416 76
76 676
676 432
432 44
44 843
382 423
423 20
20 555
555 522
522 907
907 839
503 62
62 346
346 393
393 428
428 814
814 883
883 576
576 583
631 321
321 758
758 811
811 657
657 625
625 624
624 969
969 251
251 888
888 754
754 727
749 808
808 728
728 389
389 647
647 615
615 898
898 23
23 270
270 239
239 990
990 689
689 99
99 482
482 871
871 845
845 732
752 487
487 538
538 537
537 996
996 470
470 569
569 457
457 320
320 236
236 598
598 363
363 633
633 16
16 761
761 646
686 383
383 889
889 899
899 417
417 137
137 448
448 324
324 781
781 833
833 572
572 318
318 142
142 21
21 356
356 688
688 374
374 98
98 636
636 613
613 119
119 776
776 311
311 607
607 524
524 72
72 974
974 927
927 107
44 841
841 801
801 550
550 162
162 175
175 859
859 842
842 847
847 561
561 88
88 955
955 442
442 301
301 821
821 630
630 64
49 109
109 797
797 285
285 710
710 9
9 673
673 209
209 951
951 590
590 229
229 690
690 949
949 823
823 259
259 446
446 345
345 545
545 172
326 305
305 912
912 242
242 779
779 681
681 802
802 670
151 241
241 922
922 182
182 796
796 158
158 963
963 471
471 906
906 339
339 6
6 163
163 244
244 706
706 83
83 194
194 474
481 747
747 971
971 59
59 826
826 999
999 421
912 101
101 734
734 525
525 281
281 440
440 178
178 108
108 308
308 139
139 729
729 250
19 254
254 671
671 501
501 557
557 506
506 879
879 34
34 584
584 189
189 637
637 921
921 408
408 144
836 709
709 623
623 863
863 279
279 809
809 272
272 745
745 965
965 660
660 744
744 86
86 65
65 884
884 850
850 851
851 860
860 857
857 483
483 699
699 620
620 682
682 171
171 972
972 130
130 304
304 274
274 460
460 632
632 785
785 184
184 478
478 74
74 132
132 396
396 268
268 17
17 128
128 824
824 511
511 455
455 654
652 568
568 248
248 519
519 693
125 783
783 579
579 100
100 609
609 40
446 500
500 793
793 979
123 988
988 347
347 544
544 354
354 246
246 497
497 11
11 667
667 401
401 152
152 435
763 573
573 468
468 314
314 310
310 196
196 24
24 819
819 721
721 677
677 626
626 816
163 344
344 736
1000 3
2 1 2 2 1 2 0 0 0 2 2 2 2 0 2 2 0 1 2 1 2 0 0 0 0 2 2 0 0 0 1 0 0 2 2 1 0 2 0 2 0 0 2 2 1 0 0 0 2 0 1 2 2 0 2 2 0 2 0 0 2 0 2 0 1 0 2 0 0 0 2 2 0 0 0 1 0 0 0 0 2 2 0 0 2 0 2 2 2 0 2 2 2 1 0 0 0 2 0 2 0 2 2 2 0 1 0 0 2 2 2 0 2 2 2 2 2 0 0 0 2 2 0 2 2 1 0 0 0 2 0 0 0 2 2 0 0 0 0 2 2 2 0 2 0 2 2 2 2 2 2 2 0 2 2 2 0 2 1 2 0 2 0 2 2 2 1 0 0 0 0 1 2 2 2 2 0 2 0 2 0 0 0 0 0 2 2 0 0 0 2 2 0 2 0 2 2 2 0 2 2 1 1 2 2 2 2 0 2 0 0 2 0 2 0 2 0 2 2 0 2 2 2 2 2 2 0 1 2 2 2 2 0 2 2 2 2 2 2 2 0 0 2 0 0 2 0 1 1 0 2 0 0 0 2 2 2 0 2 0 0 2 2 0 1 2 0 2 2 0 2 0 0 0 0 2 0 2 0 2 2 2 1 0 0 2 2 1 0 0 2 2 1 0 0 2 0 0 2 2 0 2 2 0 2 2 0 0 2 0 2 0 1 0 2 2 0 1 2 0 2 0 0 2 2 2 0 0 2 0 0 1 0 0 2 0 1 0 2 2 0 0 1 0 0 2 0 0 0 2 0 2 2 0 0 2 0 0 2 0 0 0 0 0 1 0 0 0 2 1 2 0 0 2 2 0 2 0 2 0 0 2 2 2 2 2 0 0 2 0 1 0 2 2 0 0 0 0 2 2 0 1 2 2 2 2 0 0 0 2 0 2 0 1 0 2 0 2 1 0 2 2 0 0 0 2 0 2 1 0 0 0 1 0 2 2 0 0 2 1 0 1 2 1 0 2 0 0 0 0 2 2 0 0 2 0 0 2 0 1 2 1 0 0 2 2 0 2 2 0 1 0 2 0 2 2 0 0 0 0 0 2 2 1 0 0 0 2 0 2 2 0 1 1 2 2 0 0 0 0 0 0 0 0 2 2 0 1 1 0 0 1 0 0 2 2 0 0 0 0 0 0 0 0 2 2 2 2 0 2 0 2 2 0 0 0 0 0 0 2 0 0 2 0 2 2 0 0 2 2 2 2 2 2 0 0 0 2 2 0 0 2 2 0 1 0 2 0 2 0 2 2 1 2 2 2 0 0 2 0 0 2 0 2 2 0 0 2 0 1 0 0 0 2 0 2 1 0 0 2 2 2 0 0 0 2 2 0 2 0 1 0 0 2 2 0 2 0 2 0 2 0 2 0 0 2 2 2 0 2 2 0 2 2 0 0 0 2 0 2 2 1 2 2 2 0 2 2 0 2 2 0 2 2 2 0 0 0 2 0 2 2 2 0 2 1 0 2 0 2 0 2 0 2 0 0 0 2 0 2 2 1 2 0 0 2 0 2 1 2 2 2 0 2 0 2 1 0 0 2 2 2 2 0 0 2 2 0 2 0 0 2 0 2 1 2 2 0 1 2 0 0 2 1 2 0 0 1 0 2 1 0 2 0 1 2 2 0 1 0 2 0 2 0 2 0 2 1 1 0 0 0 0 2 2 0 2 2 2 0 0 0 0 2 0 2 0 0 2 1 0 0 2 0 2 2 0 0 2 0 2 0 2 0 1 2 0 0 2 0 0 0 1 1 0 2 2 0 2 2 2 2 2 0 2 0 2 0 0 0 2 1 0 2 0 0 1 2 0 2 2 1 2 0 2 0 0 2 2 0 0 0 2 0 2 2 0 2 0 0 0 0 2 0 0 2 2 0 0 0 0 2 2 2 0 2 2 2 0 1 0 1 2 0 0 1 0 2 2 2 0 2 2 2 2 2 1 1 0 2 0 2 0 2 2 2 0 1 0 0 0 2 2 0 1 2 2 0 2 2 0 0 2 1 0 0 0 0 0 2 2 0 2 2 2 0 0 2 0 2 0 0 0 2 1 2 0 0 0 2 2 1 0 0 1 2 2 2 2 2 0 0 0 0 1 2 0 2 1 2 0 1 0 0 2 1 0 0 0 2 0 0 0 0 0 0 2 0 2 2 0 2 2 2 0 1 0 0 2 2 2 2 0 0 0 0 2 0 2 2 0 0 2 0 0 0 0 0 2 2 
410 153
153 961
961 205
410 383
383 981
981 514
514 468
468 11
514 330
330 84
84 463
463 885
885 515
330 139
139 752
752 781
781 668
668 409
409 265
265 357
357 675
675 755
755 728
728 283
283 803
803 177
177 663
663 208
208 995
995 346
346 722
330 765
765 376
376 794
794 10
10 486
486 311
311 238
238 316
316 306
306 963
963 1
1 512
512 313
313 872
872 616
616 345
345 640
640 287
287 321
321 894
894 204
204 523
523 27
27 92
92 176
176 358
358 593
593 895
895 669
669 974
974 132
132 444
444 256
256 591
591 264
264 219
219 374
374 304
304 915
915 443
443 286
286 956
956 124
124 402
402 553
553 285
285 279
279 627
627 171
171 667
256 194
194 918
918 37
37 9
9 81
81 167
167 353
353 114
114 495
495 237
237 676
676 903
903 696
9 350
350 910
910 849
849 946
946 830
830 605
605 403
403 303
303 925
925 434
403 228
228 582
582 685
306 519
675 931
931 577
577 747
747 840
840 490
490 608
608 179
179 569
794 916
916 648
648 544
544 725
725 77
77 56
56 40
40 121
121 262
262 230
230 454
725 795
795 597
597 883
883 989
989 845
845 120
120 395
395 746
746 432
432 492
492 343
343 580
580 539
539 13
752 71
71 38
38 572
432 165
165 126
126 478
478 94
94 594
594 677
677 536
536 259
259 297
297 78
78 193
193 217
217 914
914 234
234 465
465 212
212 149
149 535
535 129
129 965
965 809
809 643
643 754
754 235
963 419
419 480
480 832
832 756
756 715
715 422
422 342
342 470
470 299
299 291
291 619
619 74
74 447
447 200
200 576
576 824
824 247
247 348
348 775
775 263
263 810
810 503
503 14
14 57
57 232
232 315
315 753
753 221
221 793
793 607
607 382
382 368
368 945
945 933
933 850
850 592
592 955
955 705
705 327
409 489
489 721
721 993
262 477
477 726
726 905
572 438
438 508
508 564
564 150
150 300
300 612
612 425
425 716
716 199
199 500
500 305
305 175
668 585
585 328
328 41
41 822
822 270
270 336
321 373
373 527
527 839
839 161
161 861
861 116
116 625
625 660
660 898
898 615
615 484
484 4
4 412
412 987
987 590
590 566
566 380
594 837
837 979
979 298
298 545
545 928
928 391
391 649
649 560
560 951
822 641
641 701
701 967
967 581
581 504
504 86
86 52
52 623
623 501
501 109
109 710
710 551
551 856
57 442
78 49
49 831
831 770
770 575
40 467
467 473
473 843
843 565
565 783
783 550
550 996
996 233
233 88
88 897
897 941
941 913
572 844
844 42
410 683
683 757
757 823
823 888
467 657
657 472
472 377
377 733
733 789
789 644
644 734
734 246
246 923
923 578
578 469
469 156
830 538
538 950
950 562
562 31
132 210
210 932
932 24
872 573
573 750
750 145
145 125
125 622
622 556
556 563
563 904
904 957
957 229
229 602
602 69
69 541
541 636
636 314
515 252
252 309
309 815
916 907
907 334
334 420
420 379
379 182
238 216
216 804
124 361
361 457
457 307
307 351
351 79
79 854
854 347
347 896
896 431
431 479
649 460
460 534
534 2
2 97
97 170
170 924
403 700
700 218
218 900
900 997
997 68
68 192
192 269
270 568
568 65
65 191
191 207
207 112
112 48
48 110
110 401
401 714
714 891
891 966
966 960
960 34
34 499
499 28
28 152
152 8
8 984
984 579
579 43
43 80
80 990
990 952
952 203
203 751
751 693
693 474
179 614
614 46
46 604
604 51
51 187
187 948
948 919
919 399
399 902
902 994
994 558
558 954
954 222
222 87
87 588
588 338
338 397
397 848
848 759
759 366
366 731
731 172
172 35
35 60
60 698
698 671
671 39
39 189
189 769
616 940
940 50
50 646
646 471
471 310
310 30
30 788
788 835
835 533
533 209
209 15
15 456
456 828
828 369
643 697
697 240
240 331
331 72
72 893
893 680
680 198
198 555
555 682
682 624
624 174
174 977
174 584
125 375
375 516
516 497
497 58
58 242
242 639
639 25
25 384
384 344
344 776
776 841
841 635
635 201
383 416
416 812
812 183
183 190
190 546
546 281
281 586
586 301
301 61
61 108
108 659
659 692
692 853
853 54
54 340
340 673
673 838
838 691
691 133
133 413
413 510
510 962
962 333
333 386
386 938
932 798
798 273
273 162
162 968
968 485
485 147
147 140
140 737
737 104
104 355
355 268
268 148
148 214
214 19
19 111
111 542
542 428
428 223
223 805
805 250
250 595
595 674
674 886
914 436
436 89
89 651
651 600
600 889
889 44
44 180
180 882
882 312
312 986
986 801
801 540
540 970
970 324
324 385
385 778
778 498
498 390
390 70
70 743
743 797
797 415
415 712
712 296
296 276
276 394
310 429
429 522
522 554
425 231
231 796
796 244
244 867
867 325
325 159
159 131
131 549
549 634
634 430
430 293
293 164
164 107
107 257
843 890
353 47
47 609
609 959
959 105
105 834
834 195
195 926
926 476
476 284
284 158
78 826
826 1000
1000 652
652 82
82 332
332 790
790 711
711 617
617 742
742 364
364 335
335 762
762 123
123 650
650 906
553 881
881 464
464 702
702 633
633 767
850 998
998 130
130 427
427 662
662 561
561 537
537 178
178 857
857 154
154 637
560 699
699 282
282 942
942 939
890 552
552 251
251 921
742 763
763 532
532 603
603 421
421 645
645 874
874 991
991 836
692 378
378 980
980 63
63 288
288 887
887 589
956 446
446 528
528 135
135 424
424 494
494 727
727 367
367 869
835 653
653 76
737 392
392 978
978 323
323 719
719 800
460 686
686 341
341 445
445 102
102 275
594 236
236 937
937 518
518 958
958 475
475 254
254 356
589 45
45 17
17 318
977 248
248 196
196 365
365 825
825 819
819 802
802 724
724 381
381 936
936 621
621 352
352 656
656 599
599 488
488 423
423 521
521 106
106 821
821 329
329 873
873 93
93 543
543 704
704 136
209 95
95 20
20 96
96 455
455 525
525 16
16 780
780 808
808 718
718 103
103 66
66 661
682 875
875 944
944 871
871 5
5 160
160 730
730 349
349 387
387 197
197 90
90 529
529 206
206 36
36 33
33 459
459 866
866 814
814 354
354 453
453 280
280 73
73 771
771 67
67 53
53 748
748 851
851 632
632 407
407 3
3 22
22 655
655 414
414 908
908 827
827 785
785 360
360 181
181 976
976 91
91 681
681 943
943 858
858 777
777 255
255 119
119 513
513 971
971 988
988 215
215 317
317 211
211 243
243 690
690 100
100 820
820 880
880 441
441 567
567 220
220 865
865 618
618 506
506 404
404 749
749 55
55 511
511 482
482 744
744 400
400 83
83 899
899 985
985 626
457 613
613 141
141 405
405 18
18 98
98 426
426 393
393 319
951 517
517 101
101 294
294 505
505 188
188 799
799 163
600 611
611 359
359 709
709 816
816 892
892 266
266 678
986 406
406 574
574 185
185 927
927 64
64 807
807 142
142 768
768 290
290 806
806 448
448 272
272 277
277 173
173 852
852 23
23 818
818 570
570 225
225 847
847 295
295 450
450 509
509 118
118 320
320 688
688 530
530 289
289 260
260 864
153 969
969 213
213 706
706 437
437 684
684 929
929 982
982 774
774 461
461 496
496 417
400 596
596 855
942 6
6 202
202 879
879 507
507 21
21 620
620 953
953 901
901 435
136 817
817 388
388 784
784 973
973 723
723 271
271 598
598 227
227 772
772 642
642 909
909 670
670 859
859 370
370 166
865 779
779 846
846 745
745 418
418 935
935 122
122 738
738 127
127 877
877 708
708 389
389 339
339 75
75 12
12 502
502 151
151 137
137 736
736 59
59 912
912 99
99 520
520 647
647 665
665 920
644 630
630 134
134 433
53 672
672 860
860 703
703 169
169 155
155 628
628 292
292 322
322 761
761 26
26 239
239 138
138 571
571 930
930 531
531 679
892 713
713 226
226 878
878 766
766 7
7 308
308 547
547 735
735 32
32 631
631 302
302 363
363 870
870 638
638 739
739 658
658 664
664 813
813 732
732 548
548 829
829 983
983 128
128 458
458 862
862 398
398 449
449 601
601 791
791 741
741 462
462 439
591 689
689 884
884 451
451 115
115 773
773 452
636 583
583 85
85 787
787 610
610 157
157 411
411 917
917 786
786 557
873 524
524 253
253 842
842 758
758 483
483 740
740 992
992 911
911 113
113 372
372 606
461 666
666 362
362 408
408 168
819 29
29 707
707 440
440 947
947 868
868 922
922 326
326 224
224 999
999 261
261 949
949 760
760 274
274 729
729 764
764 975
975 245
245 972
972 964
964 249
249 717
717 278
278 62
62 371
371 559
559 695
695 493
493 863
863 782
132 487
487 792
792 184
184 481
481 466
466 396
297 143
761 876
876 687
687 258
258 144
144 587
587 833
833 267
267 720
720 337
337 491
491 934
934 186
186 654
654 241
241 146
146 694
694 811
811 117
117 629
629 526
1000 5
2 0 2 2 2 2 0 2 2 0 2 2 1 0 0 2 2 0 0 2 2 0 0 2 0 2 2 0 0 0 0 0 2 0 0 2 2 0 0 0 0 0 0 0 2 2 2 0 2 0 0 2 1 0 0 0 0 0 0 0 0 2 2 0 2 1 2 0 0 0 0 0 2 0 0 2 0 1 0 0 2 0 2 2 2 2 0 2 2 2 2 0 2 2 2 2 0 0 1 2 2 1 2 1 2 0 0 0 0 0 2 0 0 1 0 0 0 0 0 1 2 0 2 2 0 1 2 2 0 2 2 2 0 2 2 2 2 0 2 0 0 2 2 0 2 2 2 0 2 2 0 2 2 0 0 0 0 0 0 0 2 2 2 1 0 2 2 1 2 2 0 0 0 2 2 0 0 0 2 2 2 0 2 2 2 2 0 2 0 0 0 0 2 0 2 2 2 2 2 0 2 2 1 0 2 1 2 2 2 2 2 0 2 2 0 0 0 2 0 0 0 2 0 2 2 0 0 0 2 0 0 2 0 0 0 0 2 2 0 0 0 2 0 2 2 0 2 0 2 1 0 2 1 2 0 2 0 0 1 0 0 1 2 0 2 0 2 0 0 2 0 0 2 2 2 2 0 2 0 2 1 2 2 2 2 1 0 0 1 2 0 2 2 1 0 0 2 2 2 1 0 2 0 2 1 2 2 1 2 2 2 2 0 0 0 0 2 2 2 2 0 1 0 2 2 2 2 2 0 2 0 0 2 1 2 0 2 0 0 0 1 0 2 2 0 0 2 2 0 1 2 0 0 0 0 0 2 0 2 0 2 2 2 0 2 2 0 0 0 0 2 2 0 0 0 0 2 2 2 2 2 2 2 0 2 1 0 0 0 0 1 0 0 2 0 0 0 2 2 2 0 0 2 2 0 0 0 1 2 0 1 0 2 2 2 1 2 2 2 2 0 2 0 2 0 0 0 2 2 2 0 2 1 2 0 1 1 1 1 0 2 2 0 2 0 0 1 2 0 2 2 0 2 0 0 2 0 1 2 0 2 0 2 2 2 2 2 2 0 1 0 0 2 0 0 2 2 2 0 0 0 2 0 2 0 0 1 2 0 2 2 2 1 2 0 2 2 0 0 2 0 0 0 0 2 1 2 0 2 2 1 2 1 2 0 2 0 0 0 0 0 0 0 0 0 2 2 2 2 2 2 0 0 0 0 2 0 0 2 2 0 0 2 0 0 2 0 0 2 2 2 0 0 2 2 0 0 0 0 2 1 2 0 0 0 2 2 1 2 2 2 2 1 2 0 2 1 2 2 0 1 0 2 0 0 2 2 2 2 2 2 1 0 2 0 0 2 0 2 1 0 0 0 2 0 1 1 1 2 2 2 0 2 2 2 1 1 2 0 2 2 0 2 1 2 1 1 0 0 2 0 2 2 0 2 2 2 2 0 0 2 2 0 0 2 0 0 0 2 0 0 0 2 2 0 2 0 2 2 0 0 2 0 0 0 0 0 2 0 0 0 0 2 2 0 2 2 2 0 2 1 0 0 0 2 0 2 2 0 2 2 2 2 2 0 2 2 0 0 2 0 0 0 1 2 2 2 0 2 0 0 2 0 2 2 0 2 0 0 0 2 2 1 2 0 0 2 0 2 2 2 1 0 0 2 0 2 0 0 2 0 0 1 0 2 0 2 2 2 2 0 0 2 0 1 2 2 2 2 0 0 2 2 1 0 0 0 2 2 2 0 2 2 0 2 1 2 2 0 2 2 0 0 2 1 2 0 2 2 0 2 0 0 2 2 1 0 2 0 0 2 0 1 2 1 2 2 0 2 0 0 2 2 2 2 0 0 2 2 0 0 2 0 2 0 2 0 2 2 0 2 0 0 0 0 2 0 2 0 0 0 2 2 0 0 2 2 0 2 1 2 2 0 2 2 0 0 2 0 0 2 0 2 0 2 2 0 0 0 2 1 0 0 2 0 2 2 0 2 2 0 0 2 2 2 1 2 0 2 2 2 2 2 2 1 1 2 2 0 2 0 2 2 0 0 0 0 0 2 2 1 0 0 2 0 1 2 0 2 2 1 2 2 2 2 2 2 0 2 2 2 0 0 2 2 0 2 2 2 0 0 0 0 2 2 0 0 0 0 0 0 0 0 0 2 2 2 0 0 2 0 0 0 0 2 2 2 0 0 2 2 0 2 1 0 0 2 0 2 0 2 0 0 2 2 0 2 0 2 2 0 2 2 0 2 0 0 1 0 2 
994 845
845 940
940 269
269 666
666 720
720 625
625 396
396 294
294 762
762 820
820 285
285 578
578 840
840 539
539 950
950 123
269 244
244 233
233 853
853 704
704 455
455 732
732 644
644 586
586 80
625 509
509 842
842 693
693 990
990 737
737 531
531 925
925 760
760 376
376 741
741 61
61 917
917 498
498 750
750 953
953 129
129 155
155 919
919 961
961 9
9 738
738 927
927 450
450 468
468 45
45 377
377 157
157 126
126 421
421 924
924 605
605 207
207 897
897 264
264 806
806 221
221 984
984 911
911 939
939 209
209 65
65 986
986 931
931 828
828 687
687 354
354 813
813 684
684 478
478 920
605 705
705 585
585 39
39 542
542 926
926 347
347 7
7 200
200 538
538 104
104 913
913 882
882 652
652 688
688 523
523 866
866 361
361 804
804 266
266 111
111 405
762 823
823 105
105 557
557 276
276 862
862 327
327 139
139 428
578 443
443 231
231 510
510 136
136 1000
1000 270
270 152
152 385
126 158
158 992
992 764
764 485
485 483
917 422
422 6
6 48
48 757
757 886
886 290
290 59
688 70
70 502
502 933
933 469
469 415
415 530
530 273
273 4
4 242
242 280
280 951
951 794
794 885
885 932
932 954
954 360
360 190
190 482
482 771
771 623
623 334
334 786
786 518
518 305
305 342
342 936
936 383
383 255
255 527
527 969
969 206
206 32
32 797
797 29
29 115
115 908
908 630
630 461
461 279
279 798
798 981
981 595
595 408
408 665
984 117
6 521
521 153
153 50
50 364
940 875
875 604
604 909
909 801
801 164
164 120
120 151
151 855
855 315
315 245
245 325
325 945
945 971
971 696
696 497
497 434
434 713
713 216
216 657
657 95
95 609
609 674
674 418
418 877
877 236
236 891
891 568
568 676
676 751
751 612
612 42
42 610
610 417
417 871
871 21
21 64
64 237
237 640
640 646
646 793
793 1
1 519
519 816
816 24
24 337
337 554
554 560
560 805
805 583
583 859
859 272
272 479
479 571
571 532
532 346
346 98
98 178
178 480
480 942
942 844
844 907
907 55
55 168
168 278
278 423
423 807
807 650
650 922
922 901
901 552
552 182
182 156
156 707
707 775
775 372
372 896
896 175
175 837
837 25
25 411
1 727
727 553
553 999
999 852
852 3
3 353
353 683
683 838
838 834
834 413
413 301
301 876
61 543
543 524
273 177
177 700
700 445
445 78
417 722
722 514
514 241
924 637
443 217
217 363
363 119
119 668
408 477
477 765
765 881
881 247
247 267
267 460
460 446
434 641
461 87
87 438
438 281
281 670
670 673
673 680
680 716
716 425
425 544
544 263
263 390
390 68
68 463
463 371
371 295
295 112
112 481
481 384
384 627
627 634
634 141
141 496
496 292
292 167
612 659
659 508
508 100
100 619
619 910
910 629
629 302
302 69
69 618
618 617
617 77
77 812
812 667
667 173
173 458
458 661
661 528
528 451
451 373
373 215
215 20
20 579
579 194
194 436
436 260
568 350
350 987
987 708
708 607
607 234
234 489
489 416
416 699
699 102
102 355
355 669
669 754
754 651
111 982
982 761
761 601
601 288
288 54
54 435
435 848
848 505
505 251
251 832
832 71
71 597
597 454
454 293
293 400
400 265
265 584
584 742
742 88
88 476
476 169
169 744
744 219
219 603
603 471
471 475
475 865
865 516
516 222
222 16
16 86
86 565
565 562
562 137
137 449
449 533
533 358
358 613
613 643
643 869
869 430
430 824
824 546
546 114
114 196
194 161
161 378
378 316
316 106
106 821
821 998
998 622
622 558
558 229
229 787
787 948
948 979
667 356
356 118
118 329
329 723
723 11
455 73
73 655
655 663
663 827
827 83
83 512
478 208
208 995
995 456
456 144
144 85
413 835
835 858
858 14
14 736
736 591
591 323
323 799
799 163
163 388
388 324
324 602
602 589
589 201
201 689
689 774
716 517
517 121
121 892
892 672
672 49
49 870
870 93
93 259
259 724
724 594
594 779
779 211
211 174
174 82
460 204
204 639
639 997
997 442
442 525
525 183
183 326
326 473
473 253
253 626
626 541
541 598
598 759
759 780
780 432
432 894
894 359
359 99
99 125
125 658
658 195
195 412
412 914
914 243
243 884
884 747
747 47
47 715
715 466
466 271
271 985
14 33
33 900
900 682
682 437
437 836
836 343
343 677
677 176
176 181
181 298
298 756
824 955
955 345
345 282
282 681
681 642
642 448
448 339
339 28
28 134
134 872
872 191
191 938
938 375
375 107
107 464
464 398
398 645
645 574
876 974
974 340
340 576
576 507
512 447
447 499
499 142
142 893
893 414
414 338
338 633
633 8
8 980
980 547
547 967
967 830
830 906
906 706
706 170
170 128
128 784
784 810
810 921
921 549
549 395
395 847
847 12
12 410
396 769
769 35
35 162
162 382
382 928
61 427
427 550
550 599
302 84
84 888
747 197
197 133
133 31
31 766
865 781
781 457
457 380
380 43
43 341
341 540
540 972
853 185
185 841
841 37
37 308
308 588
877 819
819 850
850 753
753 770
770 615
615 749
749 275
770 714
33 534
534 873
873 692
760 654
654 937
937 730
730 193
193 548
548 389
389 220
324 996
996 254
254 431
431 746
746 717
717 402
402 678
43 192
192 287
287 239
239 923
923 393
393 284
284 964
964 258
258 582
582 90
90 721
721 795
795 2
2 5
5 391
391 929
929 526
526 474
474 978
978 789
787 879
879 628
628 874
874 977
977 307
307 989
989 97
97 367
367 424
424 555
555 138
138 286
286 849
849 252
252 729
729 783
783 41
41 262
262 320
320 675
675 312
312 822
822 564
564 318
318 660
660 94
540 387
387 441
441 116
116 988
988 851
851 573
383 344
344 935
543 580
580 647
647 740
740 946
946 184
184 40
40 745
745 993
993 235
235 145
145 772
772 38
183 902
902 486
486 686
686 311
311 719
719 256
256 10
10 313
313 210
210 13
471 96
96 124
124 570
570 53
53 577
577 331
331 973
612 748
748 44
44 462
462 788
788 467
467 198
762 19
19 726
726 743
743 831
831 734
734 30
30 154
154 590
590 843
843 79
79 205
205 226
226 916
916 958
958 148
148 310
310 638
638 303
303 67
67 632
632 232
286 791
791 864
864 991
991 880
880 127
127 513
513 649
649 624
624 814
814 34
34 386
386 336
336 213
213 731
731 975
975 930
799 404
404 419
419 735
735 903
903 662
662 203
203 319
319 614
614 249
249 488
488 149
149 297
297 808
808 718
812 62
62 309
309 653
653 511
511 362
362 332
332 856
856 691
691 36
164 51
51 379
379 199
199 559
559 703
703 186
186 728
728 63
63 522
522 494
494 459
459 52
52 146
146 403
403 593
593 330
330 257
257 248
248 702
702 75
75 246
246 758
758 490
490 304
304 368
368 348
348 529
529 535
535 132
132 277
946 956
956 23
837 545
545 130
130 839
839 782
782 452
452 608
608 854
854 752
789 66
66 561
561 91
2 556
556 493
493 109
109 733
78 250
250 399
399 110
110 159
159 202
202 520
520 74
74 563
563 679
679 333
333 773
773 351
351 868
868 261
261 171
171 515
515 370
370 912
912 349
349 223
223 694
694 227
227 587
587 959
959 818
818 506
506 392
392 501
501 621
621 966
966 57
57 656
656 572
974 792
792 803
803 60
60 809
809 712
712 934
934 439
439 960
960 763
763 581
581 101
101 701
701 904
904 631
631 968
968 491
491 776
776 596
596 846
846 426
426 72
72 815
535 965
965 366
366 952
952 867
443 698
698 180
180 711
711 160
160 314
314 566
566 890
890 296
296 122
122 188
188 81
81 671
671 636
636 943
943 616
616 18
18 225
225 861
861 179
179 274
274 352
352 89
89 915
915 664
664 575
575 92
315 135
135 887
887 503
503 15
15 826
826 397
397 407
407 76
76 829
829 369
369 131
131 374
703 976
976 767
767 365
39 289
289 147
147 299
299 947
947 895
895 537
537 500
500 817
817 300
300 970
970 172
172 878
878 495
495 709
709 592
592 317
317 22
22 790
790 26
986 214
214 487
487 898
898 883
883 283
283 963
963 165
165 238
238 228
228 811
811 905
905 470
470 306
306 860
860 569
569 802
802 103
103 56
56 187
187 444
444 796
796 381
878 224
224 58
58 113
113 600
600 941
941 768
768 949
949 440
440 944
944 268
268 189
189 695
695 453
453 472
472 899
899 218
251 536
536 150
150 212
212 551
551 863
863 230
230 108
108 620
620 635
635 606
606 492
492 46
46 291
291 710
710 957
957 17
17 321
321 335
335 962
962 611
611 166
166 778
778 697
697 433
66 357
357 725
725 401
401 429
429 825
825 685
685 406
406 27
27 857
857 484
484 140
140 800
800 739
739 322
322 504
504 240
240 785
726 394
394 328
328 755
551 143
143 567
567 409
409 777
777 465
465 648
648 983
983 918
918 833
833 420
420 690
690 889
1000 1
1 0 0 0 0 0 0 2 2 0 0 2 2 2 2 0 0 2 0 2 0 2 2 2 0 2 1 2 2 2 0 0 2 2 0 2 2 0 2 2 2 0 2 2 2 2 0 2 0 2 2 0 0 2 0 1 2 2 0 0 2 0 1 0 0 0 0 2 0 2 0 2 0 2 0 2 0 0 0 0 2 0 0 2 2 2 2 2 0 0 1 2 2 2 0 2 0 0 0 0 0 2 2 2 2 0 1 2 0 0 0 2 0 1 0 0 0 0 2 2 2 2 0 0 0 1 0 2 0 0 0 2 1 1 1 2 1 2 2 2 2 2 2 1 0 2 0 2 2 2 2 0 0 0 0 0 1 0 2 1 2 0 1 2 0 2 2 0 0 2 0 0 0 0 2 2 0 0 2 0 0 0 0 0 2 0 2 2 2 1 0 2 2 0 0 0 0 0 1 0 0 0 2 1 2 2 2 1 0 0 2 2 2 0 0 2 0 2 2 2 2 1 2 0 2 2 0 2 0 2 2 2 2 0 2 0 1 0 0 0 2 0 1 2 0 1 2 2 2 0 0 0 2 0 0 2 2 2 1 2 0 0 2 1 2 0 0 2 1 2 0 0 0 0 2 0 0 2 2 2 0 0 2 0 0 0 0 2 2 2 2 0 0 0 0 2 2 0 2 2 0 0 2 0 1 2 2 1 0 2 0 0 0 2 2 2 2 0 0 0 2 2 2 0 0 0 0 1 0 2 1 2 0 1 0 2 2 0 0 1 2 2 2 2 0 2 0 2 2 2 1 0 0 0 2 0 2 2 1 2 1 2 0 2 0 0 2 0 0 0 0 2 2 0 2 0 2 0 0 2 0 0 0 0 2 0 2 2 2 0 2 2 0 0 1 0 2 0 0 0 2 0 2 2 1 2 2 0 2 0 0 0 0 1 2 1 0 0 0 2 2 2 2 0 0 0 2 2 2 2 2 1 2 0 0 2 2 0 0 0 2 0 2 0 2 2 2 2 0 0 2 0 0 1 0 0 2 2 0 0 2 0 2 2 0 0 0 0 2 2 0 0 0 0 2 1 2 0 2 0 2 1 0 2 0 2 2 2 0 2 0 2 0 0 2 0 2 2 2 2 2 2 2 0 0 2 2 0 0 0 2 0 2 2 0 2 0 0 2 0 0 2 2 2 0 0 2 0 2 2 2 2 2 0 0 1 2 0 2 0 0 0 0 2 0 2 2 0 0 0 0 1 0 2 0 2 0 1 0 2 2 1 0 0 0 2 2 2 1 0 0 2 2 2 0 0 2 0 2 0 2 0 2 0 0 2 1 0 0 2 2 0 2 0 2 2 1 2 0 0 2 2 0 2 0 2 0 2 0 0 2 2 0 1 1 0 2 0 0 0 0 2 0 2 0 0 2 2 1 0 2 0 2 0 2 1 0 2 2 0 2 2 2 2 2 0 2 2 2 2 2 0 2 2 0 0 2 2 2 0 1 0 2 2 2 0 2 0 0 0 2 1 0 0 0 0 0 2 2 0 2 0 0 2 2 0 2 0 0 0 2 2 2 0 0 0 2 0 0 0 0 0 2 0 2 2 2 2 0 2 0 1 0 2 0 0 0 0 0 2 0 1 0 0 0 1 1 0 0 0 2 2 0 2 2 2 1 0 2 2 0 0 2 2 0 2 2 2 0 2 1 2 1 2 2 2 0 2 2 1 0 2 0 2 2 0 0 0 0 2 2 0 0 0 0 0 0 0 0 0 0 1 2 2 0 2 0 2 0 2 2 2 2 2 2 1 2 0 2 2 2 2 1 2 2 2 0 2 0 0 0 0 0 0 0 1 2 0 0 2 2 1 0 2 0 2 2 2 0 2 2 0 1 0 0 0 0 2 1 2 2 1 0 0 2 0 0 0 0 0 0 0 0 2 2 1 2 2 2 2 2 2 2 0 0 2 2 2 2 0 0 1 0 2 2 2 0 2 1 0 0 2 0 2 2 0 2 1 0 0 2 2 2 1 0 2 2 2 0 0 0 0 0 2 2 2 2 0 2 1 2 2 0 2 0 2 2 2 2 0 0 1 2 1 1 2 2 1 2 0 0 2 0 0 0 0 1 2 1 0 2 0 0 2 0 2 0 2 0 2 0 2 0 1 2 0 0 0 0 0 2 2 0 0 0 0 0 2 0 0 2 2 0 0 0 2 0 2 2 0 2 0 2 2 1 0 0 0 1 1 0 2 0 0 2 0 0 2 2 0 
102 394
394 181
181 266
266 393
393 143
143 606
606 652
652 782
782 875
875 480
480 784
784 193
193 965
965 52
52 812
812 436
436 370
370 247
247 275
275 424
275 729
729 956
956 112
112 356
356 974
974 895
895 896
896 977
977 504
504 674
674 576
576 123
123 297
297 632
632 778
393 837
837 999
999 626
626 329
329 605
605 808
808 290
290 454
454 444
444 26
26 110
110 379
379 291
291 596
596 478
478 731
731 899
899 197
197 711
711 466
466 716
181 746
746 796
796 325
325 685
685 432
432 376
376 232
232 203
203 17
17 517
517 758
758 498
498 109
109 741
741 981
981 76
76 369
369 959
959 139
139 121
121 426
426 64
436 707
707 177
177 243
243 206
206 493
493 972
972 647
647 96
96 822
822 568
568 863
232 868
868 919
919 551
551 654
654 935
935 37
37 337
337 284
284 618
618 740
740 941
941 57
57 168
168 295
295 250
250 239
239 171
171 705
705 326
326 468
468 234
234 378
378 359
359 836
836 210
210 9
9 108
108 759
759 878
878 10
10 990
990 474
474 1000
1000 419
419 628
628 845
845 283
283 611
611 817
817 272
272 809
809 137
137 594
594 724
724 299
299 948
948 324
324 308
308 644
644 713
713 610
868 66
66 553
553 942
942 862
862 341
341 74
74 300
300 815
815 6
6 146
146 851
851 820
820 752
752 761
761 963
963 423
423 142
142 909
909 461
461 546
546 717
717 607
607 662
972 45
45 410
410 645
645 826
826 103
103 913
913 381
381 579
579 421
421 179
179 342
342 721
721 582
582 585
585 85
85 525
525 371
371 374
374 252
252 372
372 293
293 152
152 416
416 773
773 777
777 246
246 118
118 204
204 196
196 36
36 407
407 592
592 40
40 88
88 984
984 951
951 375
375 445
445 591
591 760
760 893
893 83
83 691
691 437
437 163
163 694
504 302
302 24
24 3
3 69
69 373
373 310
310 82
82 902
902 175
175 126
126 464
464 886
886 583
583 842
842 608
608 368
368 43
43 620
620 811
811 41
41 859
859 380
380 122
122 39
39 190
190 30
30 497
497 92
92 552
552 719
719 818
818 334
334 839
839 199
17 727
727 218
218 401
401 125
125 200
200 38
38 411
411 507
507 603
603 682
682 918
918 747
747 547
547 278
278 469
469 499
499 976
685 209
209 540
540 901
901 230
230 162
162 834
834 224
224 560
560 998
998 354
432 802
802 744
744 597
597 79
79 828
752 50
50 467
467 891
951 481
481 858
858 751
751 653
653 154
154 838
838 387
387 689
689 787
787 508
508 544
407 734
734 165
165 420
420 567
567 345
345 510
510 554
554 541
541 147
147 382
382 384
384 170
170 311
311 804
804 793
793 285
285 985
985 574
574 473
473 151
151 676
676 346
346 458
458 843
653 463
463 704
704 132
132 100
100 264
264 841
841 214
214 355
682 220
220 140
140 943
943 323
323 964
43 800
800 617
617 960
960 692
692 701
701 917
917 86
86 189
171 392
820 829
551 8
8 667
667 15
15 572
572 527
812 98
98 457
457 339
339 377
377 492
492 927
927 120
120 192
192 533
533 599
599 484
484 81
81 537
537 249
249 693
693 333
333 27
52 766
766 799
799 462
462 519
519 70
70 723
723 134
134 889
889 753
753 282
282 496
496 160
160 663
663 958
958 268
268 697
697 634
634 874
874 280
280 664
664 119
119 887
887 821
821 908
908 946
946 418
418 660
426 816
816 995
995 598
282 106
106 348
348 71
71 211
211 633
633 609
609 503
503 779
779 187
187 183
183 101
101 435
435 612
612 888
888 852
852 805
805 91
91 397
397 31
31 185
609 385
385 442
442 360
360 482
482 475
475 565
565 350
350 714
714 67
67 679
679 732
732 932
932 672
672 949
949 130
130 840
840 395
395 640
640 274
274 534
6 869
869 213
213 228
228 615
615 305
305 131
131 967
967 528
528 273
273 25
25 684
461 871
871 623
623 764
764 471
471 441
441 46
46 44
44 690
690 884
884 73
73 587
587 237
237 650
650 923
923 934
934 389
389 446
446 486
486 872
872 304
304 90
90 925
925 831
831 505
505 994
994 601
601 330
330 56
56 712
712 28
28 853
853 447
447 738
218 465
465 856
760 148
148 53
53 973
973 431
431 849
341 916
916 59
59 524
524 844
645 557
557 931
931 924
924 319
319 865
865 765
765 406
406 207
207 42
42 857
857 158
158 624
624 400
400 262
262 526
526 4
4 987
987 294
294 141
141 775
775 742
742 233
233 267
267 792
792 87
87 490
490 404
404 301
301 940
940 248
248 287
287 864
864 745
745 933
933 771
771 292
292 542
542 920
920 911
911 762
762 331
331 11
11 521
521 807
807 281
281 657
685 22
22 7
7 72
72 443
443 307
307 921
921 440
440 748
748 590
590 549
549 979
979 930
930 219
979 961
961 405
405 629
629 93
93 191
191 47
47 539
539 870
870 669
669 75
75 783
346 767
767 854
854 706
706 258
258 259
259 631
631 562
562 68
68 735
735 241
241 240
240 578
578 353
353 988
988 877
877 155
155 900
900 225
225 159
159 700
700 306
306 586
586 952
952 390
390 396
396 602
602 417
417 797
797 730
730 798
798 944
944 975
975 173
173 513
513 789
789 94
94 315
315 362
362 788
788 993
993 530
530 312
312 768
768 814
814 848
203 169
169 449
449 643
643 897
897 144
144 245
245 577
577 957
957 477
477 84
84 969
969 188
188 810
810 479
479 928
928 971
971 133
133 16
16 883
883 216
216 573
573 422
422 641
641 388
388 265
265 332
332 153
153 939
939 456
456 408
408 635
635 687
687 483
483 229
229 351
351 105
203 728
728 439
834 625
625 502
502 62
62 604
604 114
693 630
630 254
254 668
668 357
357 538
538 937
937 947
947 78
78 945
945 756
756 215
215 195
195 157
157 164
164 276
276 880
880 136
136 149
149 575
575 555
555 21
21 673
673 637
637 912
912 671
671 991
960 2
2 702
702 861
861 709
709 129
129 255
66 427
427 936
936 428
428 51
51 726
565 806
806 19
19 391
391 733
733 556
556 801
801 955
955 174
174 986
986 489
489 491
491 298
298 892
892 894
894 361
361 750
750 589
589 561
561 256
256 996
996 470
470 194
596 485
485 244
244 223
223 718
718 563
563 509
509 675
675 781
781 32
32 343
343 184
184 414
414 754
754 536
508 655
655 124
124 386
28 495
495 566
566 433
433 54
54 89
89 99
99 399
399 506
506 523
523 639
979 790
790 785
785 336
336 882
882 638
638 238
705 429
429 202
202 366
366 926
926 825
825 338
338 349
812 514
514 619
619 5
5 451
451 749
749 277
277 459
991 111
111 522
522 488
488 677
677 622
622 558
558 236
236 929
929 127
127 699
699 535
535 910
910 205
205 595
595 950
950 616
616 138
741 104
104 186
186 77
77 511
511 570
570 29
29 402
402 271
271 646
646 115
115 715
715 968
729 367
367 49
49 167
167 180
180 867
867 65
65 460
460 725
725 983
983 231
988 178
178 128
128 494
494 303
303 989
989 269
522 898
898 922
922 580
580 328
328 322
322 365
365 289
289 658
658 288
288 905
905 58
58 257
257 430
430 317
317 18
18 501
501 903
903 20
20 953
953 588
588 452
452 14
148 35
35 581
581 150
150 48
48 335
335 23
23 819
819 803
803 681
681 600
600 614
614 774
774 642
642 314
314 686
686 584
471 117
117 34
34 860
849 515
515 649
649 226
226 512
512 651
651 156
156 786
786 364
364 794
794 835
835 962
962 251
251 772
772 665
665 593
932 403
403 978
978 518
518 823
823 906
567 548
548 827
827 627
627 398
398 235
408 97
97 550
550 438
438 698
698 201
201 866
866 309
309 222
222 543
543 313
313 260
260 434
240 450
450 500
895 997
997 182
182 340
340 327
327 383
383 13
13 571
571 914
914 824
824 846
846 166
166 703
703 415
415 261
261 296
296 966
966 659
584 172
172 696
696 55
55 476
476 520
520 95
95 938
938 904
904 670
670 613
613 113
113 739
739 770
770 890
890 755
755 661
661 763
763 107
107 135
322 545
545 80
80 212
212 358
358 532
478 425
425 876
876 472
472 318
318 683
683 688
688 363
363 487
487 161
161 833
833 12
584 569
820 1
1 279
279 208
208 791
791 564
564 695
695 409
409 885
885 270
270 850
850 63
63 648
162 321
321 253
253 970
970 980
980 242
242 352
538 743
743 636
636 666
666 847
847 145
145 455
455 453
453 176
176 776
776 954
954 412
412 413
413 907
907 832
832 769
769 813
813 448
448 873
873 881
881 33
33 316
316 621
621 736
736 795
795 344
344 722
722 720
720 737
165 982
982 263
263 116
156 992
992 678
678 198
814 710
710 347
347 855
855 708
708 320
161 516
516 559
559 656
656 60
60 529
529 61
61 879
879 915
349 780
780 221
221 217
217 757
757 227
227 286
286 680
680 830
830 531
1000 9
2 0 2 2 0 1 0 0 2 2 0 0 2 0 2 2 2 2 2 0 2 0 0 2 2 0 0 0 0 2 0 2 2 2 0 0 2 2 2 0 0 0 2 0 2 1 0 2 0 0 0 0 1 1 2 2 1 2 0 0 2 0 0 2 0 2 0 2 0 0 2 0 0 0 0 0 0 0 2 2 0 2 2 0 2 0 2 2 2 2 2 2 2 2 1 1 0 2 2 2 2 0 2 2 1 2 0 0 0 2 2 0 1 2 2 2 0 0 0 2 0 0 2 0 0 0 0 0 2 0 2 2 2 2 0 0 2 1 2 0 0 2 0 2 0 1 2 0 1 1 0 0 0 0 2 2 0 1 0 0 2 2 1 2 2 0 0 0 2 2 2 1 0 1 2 0 0 0 0 2 0 2 2 0 2 2 2 0 2 0 1 2 2 2 0 1 0 2 2 0 2 2 2 0 1 2 0 0 0 2 0 2 2 0 0 2 2 0 1 2 2 2 2 0 0 0 0 2 1 2 0 2 0 2 0 0 0 0 2 0 2 0 0 0 2 0 0 0 0 0 2 2 2 0 0 1 1 2 2 2 0 2 2 2 0 0 2 1 2 2 0 0 2 2 0 2 2 2 0 2 2 0 2 0 0 2 0 2 0 0 2 2 0 2 0 0 0 1 2 0 2 2 2 2 0 2 0 0 2 2 0 1 2 2 2 2 0 2 2 2 1 2 2 1 1 0 2 2 1 0 0 2 0 2 2 2 0 2 0 2 0 0 2 0 0 1 2 2 0 0 1 1 0 2 2 0 2 1 2 2 2 0 0 0 2 1 2 2 0 1 2 0 2 2 1 2 1 1 0 0 0 1 0 0 1 2 0 2 0 1 0 2 2 2 0 0 2 2 2 2 0 0 0 2 2 0 1 0 2 2 2 0 2 0 2 2 0 2 1 2 0 2 2 0 0 0 0 0 2 0 0 0 0 2 0 0 2 0 0 0 0 2 0 2 0 0 0 2 0 0 0 0 0 2 0 2 0 2 0 2 0 2 2 0 2 0 0 0 1 0 0 1 2 2 2 2 0 0 2 2 2 0 1 2 0 2 0 0 2 0 2 0 0 1 2 1 2 0 2 0 0 0 2 2 0 2 0 1 0 0 0 2 0 0 2 2 0 2 2 2 0 0 0 0 0 0 2 0 2 2 2 2 1 0 0 2 0 2 0 0 0 2 0 1 2 0 2 1 0 0 0 2 2 2 1 0 0 2 0 2 2 0 2 1 2 2 0 1 2 2 1 0 2 2 2 0 2 0 0 0 2 2 1 1 0 0 0 0 2 2 2 0 0 2 0 0 2 0 2 0 2 0 2 1 0 2 1 1 2 2 2 0 2 2 2 0 0 1 2 1 0 2 0 2 0 2 0 2 0 1 2 0 2 2 2 0 2 0 0 0 2 0 2 0 0 0 1 2 0 0 2 0 2 0 2 2 2 2 2 2 0 2 2 2 2 0 0 0 2 2 2 0 2 0 2 2 2 2 2 0 0 0 0 0 0 2 2 0 0 2 2 2 1 2 0 0 0 1 2 2 2 1 2 0 0 2 2 0 0 0 2 2 0 0 2 2 2 2 0 1 0 0 2 0 2 1 0 0 0 2 0 2 2 2 0 0 0 2 0 0 2 0 0 0 0 2 2 2 0 2 0 0 2 2 2 2 0 2 0 0 2 2 2 0 2 1 0 0 0 1 0 2 2 2 0 0 1 2 0 2 2 0 2 2 0 2 2 0 2 2 2 2 0 2 2 2 2 0 0 0 2 2 2 2 1 1 0 0 2 2 1 0 2 0 2 0 2 0 2 0 2 0 0 0 2 0 2 2 2 0 0 0 0 1 0 0 0 1 0 0 2 1 2 2 0 0 0 0 1 2 2 2 0 2 0 1 0 0 1 2 0 2 0 1 2 0 2 2 0 0 2 0 0 2 0 2 2 2 0 2 2 0 0 0 1 0 2 2 0 2 2 0 2 2 0 0 2 2 0 0 2 2 0 0 2 0 0 0 0 0 2 2 2 2 0 0 0 0 0 0 2 2 2 0 2 0 2 0 2 2 1 2 1 2 2 0 0 0 0 0 1 0 2 2 2 2 0 1 0 2 0 0 0 0 0 2 0 0 2 2 2 1 2 0 2 1 0 0 2 0 2 0 2 1 2 2 0 0 2 0 0 0 0 2 0 1 2 0 0 0 2 2 2 2 0 0 0 0 0 0 
287 484
484 50
287 458
458 578
578 503
503 270
270 575
575 414
414 237
237 551
551 488
488 904
904 47
414 934
934 150
150 716
716 85
85 720
720 111
111 820
820 257
237 325
325 607
607 868
868 734
734 461
461 202
934 153
153 908
908 148
148 613
613 670
670 293
293 696
696 6
6 224
224 311
311 171
270 244
244 409
670 363
363 258
258 964
964 957
957 817
817 514
514 411
411 23
47 336
336 227
227 133
133 305
305 310
310 385
257 313
313 710
710 506
506 618
618 584
584 896
896 753
753 395
395 917
917 234
234 714
714 754
754 348
348 787
787 587
587 729
729 775
775 417
417 563
563 631
631 959
959 931
931 378
378 398
398 593
593 495
495 872
872 915
915 303
303 473
473 401
401 661
661 83
395 189
189 196
196 972
972 898
898 536
536 248
248 397
397 364
364 380
380 214
214 49
49 38
38 308
308 496
496 471
471 381
631 145
145 838
838 599
599 282
282 339
339 107
107 969
969 54
54 28
28 993
993 91
91 319
319 860
860 853
853 946
868 790
790 32
32 594
594 406
406 110
110 419
419 732
732 274
274 814
814 936
936 326
326 130
130 600
600 447
378 644
644 738
738 370
370 641
641 127
127 995
995 340
340 428
488 527
85 284
284 280
280 819
819 413
641 480
480 709
709 944
944 272
272 682
682 386
386 462
462 299
299 992
992 925
925 913
913 19
19 73
73 7
7 893
893 632
632 887
887 933
933 909
909 531
531 556
556 723
723 510
510 793
793 831
831 4
4 11
11 796
796 250
250 57
57 517
517 757
757 996
202 235
411 598
598 247
247 290
290 387
387 928
928 351
351 739
739 561
561 878
878 629
629 176
176 193
193 289
289 902
902 643
643 815
815 320
320 772
772 567
567 477
477 456
38 962
962 791
791 590
590 604
604 89
89 706
706 88
88 321
321 971
456 834
834 182
944 818
818 927
927 449
449 63
63 949
417 708
708 573
573 288
288 307
307 689
689 688
688 557
557 712
712 135
135 39
39 576
576 733
556 907
907 137
137 483
483 662
662 322
322 65
65 735
735 955
955 26
26 61
61 905
905 845
845 552
552 570
137 837
837 906
906 797
797 424
510 937
791 636
636 697
91 362
362 229
229 208
208 865
865 624
624 586
586 596
596 492
492 450
450 206
682 897
897 574
574 20
20 445
445 625
625 719
719 318
318 803
710 654
654 725
725 671
671 874
874 638
638 239
239 17
17 646
646 400
400 890
557 548
548 142
142 876
876 74
74 109
109 623
623 660
386 721
721 718
718 759
925 717
717 846
130 29
29 118
270 139
139 205
205 806
806 491
491 941
941 741
574 101
101 453
453 742
742 463
463 521
521 429
429 755
755 836
836 808
808 276
276 58
58 103
103 801
801 748
748 383
383 965
965 59
59 532
532 634
634 505
505 366
366 185
185 977
977 676
676 220
220 899
965 850
850 656
656 762
762 1000
1000 469
244 354
354 833
833 730
730 179
179 487
487 945
945 331
331 852
852 783
783 198
198 989
989 162
162 982
982 859
859 369
369 12
12 69
69 769
769 177
177 112
112 657
896 13
13 694
694 335
335 161
161 209
209 935
935 173
173 986
986 866
866 396
396 45
45 415
415 67
67 434
434 535
535 870
870 426
426 758
758 164
164 277
277 48
48 158
158 499
499 52
369 405
405 476
476 222
222 433
433 622
622 805
805 863
863 639
639 726
726 881
881 375
375 204
204 470
470 743
743 589
589 31
31 195
195 832
832 346
346 187
187 668
668 467
467 344
344 840
840 44
44 334
334 829
931 357
357 232
411 911
911 273
273 856
856 839
839 569
569 727
727 27
27 141
141 90
90 159
159 265
111 921
921 236
236 464
464 262
262 778
778 968
968 422
422 809
809 172
172 595
595 402
402 372
372 761
761 740
740 62
62 245
245 1
1 609
609 751
751 581
581 443
443 978
978 564
564 724
724 420
420 976
976 847
847 707
707 223
223 543
543 100
876 259
259 84
84 356
356 963
963 2
2 525
525 884
884 588
588 582
582 821
821 329
329 545
545 768
768 123
123 285
285 728
728 684
684 457
457 659
659 333
333 835
265 900
900 421
421 256
256 203
203 698
698 312
312 843
843 352
352 804
804 486
486 286
286 642
642 966
966 314
314 323
323 436
436 979
979 750
750 771
771 96
96 991
991 550
550 466
759 97
97 798
339 930
930 770
770 125
125 812
812 160
160 507
507 79
79 493
493 407
407 144
144 513
513 776
776 373
373 184
184 151
151 128
128 637
637 699
623 522
522 961
961 940
940 157
157 892
892 365
365 327
327 379
379 226
226 143
143 437
437 606
606 562
562 60
60 41
41 254
936 583
583 368
368 304
304 86
86 886
886 302
302 942
942 534
534 627
627 465
465 35
35 42
42 36
551 701
701 294
294 382
382 800
800 579
579 152
152 374
374 261
261 990
990 767
767 494
494 577
577 544
135 649
649 64
64 998
998 553
553 547
547 25
25 432
432 558
558 472
472 879
879 877
877 252
252 528
528 980
980 404
404 861
861 541
957 686
686 113
113 21
21 388
388 106
106 367
367 249
249 105
936 711
711 281
281 78
78 785
785 736
736 692
692 737
737 497
497 418
418 306
499 71
71 444
444 34
34 337
337 554
554 539
539 515
515 481
481 328
328 15
15 16
16 722
722 121
706 647
647 828
828 341
341 912
912 919
919 943
943 873
873 267
267 360
360 475
475 533
533 630
630 168
168 353
353 371
371 268
268 807
807 789
789 938
938 384
384 242
242 841
841 211
211 864
864 997
997 390
390 260
260 560
560 685
685 200
200 849
849 343
343 102
97 298
298 92
92 658
658 317
317 425
425 435
435 675
675 210
210 794
794 56
56 702
702 14
14 10
10 774
774 446
446 752
752 264
264 278
278 140
140 824
824 355
355 918
709 201
201 165
165 799
799 603
603 377
377 99
99 616
616 30
30 166
166 51
51 126
126 191
191 788
788 901
901 296
296 731
731 967
967 120
120 885
205 300
300 255
255 231
231 431
431 958
958 283
283 571
571 136
136 951
951 524
524 549
549 8
8 271
271 279
279 974
974 9
9 163
232 633
633 399
399 929
929 324
324 891
891 138
138 315
315 983
983 651
651 970
732 608
608 93
93 559
559 910
910 292
292 43
43 117
117 485
397 621
621 332
332 230
230 678
678 640
640 862
862 359
359 338
338 80
80 216
216 81
81 947
947 430
430 813
813 240
240 361
361 687
687 199
199 764
764 115
115 95
95 53
53 70
70 238
238 410
410 895
313 669
669 146
146 500
500 129
129 715
715 620
620 894
894 952
952 916
916 350
350 345
345 389
389 82
82 932
932 376
376 672
31 511
511 782
782 519
519 94
94 665
665 309
309 555
555 746
746 347
347 681
681 816
816 615
615 131
131 652
652 760
760 167
167 826
826 779
779 460
460 867
867 412
558 72
72 37
37 981
981 132
132 784
623 297
297 66
66 438
438 98
98 253
253 504
504 747
747 192
192 827
827 869
869 667
699 572
572 663
663 349
349 674
674 811
811 914
914 46
46 903
290 441
441 602
602 301
301 756
756 680
680 538
538 926
926 188
188 855
855 825
825 520
520 679
679 330
330 830
830 104
104 960
960 479
479 597
597 883
883 695
695 568
568 984
717 190
190 592
592 207
207 24
24 155
155 233
233 956
956 170
170 601
601 134
134 842
842 194
194 939
939 269
269 512
512 999
999 858
858 213
213 810
810 529
529 154
154 263
263 87
87 392
392 537
537 851
851 108
108 780
780 391
391 713
713 225
225 509
688 704
704 114
114 490
490 221
221 765
765 76
76 178
178 683
683 628
628 954
954 482
482 614
614 181
181 523
523 566
566 175
175 275
275 612
612 75
75 619
619 591
591 149
532 611
611 119
119 585
585 266
266 948
948 700
700 922
922 920
920 416
416 693
693 451
451 882
882 786
786 394
394 228
132 975
975 610
610 5
5 408
408 617
617 526
526 666
846 673
269 985
985 147
147 316
316 468
468 889
889 501
501 197
197 763
763 987
987 635
635 403
403 888
888 540
540 212
212 55
55 530
530 219
219 645
645 442
442 546
546 880
880 358
358 626
626 33
33 291
291 605
605 40
40 22
22 183
183 848
848 342
342 241
241 169
169 655
655 844
844 745
745 77
77 452
452 749
749 565
565 448
448 156
156 777
826 950
950 871
871 823
823 246
246 650
650 875
875 295
295 454
454 393
393 648
648 766
766 508
508 423
194 68
68 498
246 973
973 218
218 691
691 459
459 792
605 822
822 795
795 664
664 988
988 580
580 518
297 478
478 781
781 439
439 174
174 923
923 802
802 542
542 653
653 516
516 3
3 489
489 854
854 677
677 243
298 744
744 251
251 924
924 705
705 690
690 180
180 857
857 953
953 122
122 124
124 773
207 116
8 186
186 703
990 502
739 217
500 18
18 455
455 440
440 427
427 215
215 474
474 994
1000 7
2 2 0 0 2 2 0 0 0 2 2 2 2 0 0 2 1 2 1 2 0 0 2 2 2 0 0 0 2 2 0 2 2 0 2 0 2 2 0 2 2 2 2 2 0 2 2 2 0 0 2 0 0 0 0 0 2 2 2 2 0 0 2 0 0 0 1 0 0 2 0 2 2 0 1 2 1 0 1 2 2 2 2 2 0 0 2 2 0 0 0 2 0 1 0 2 2 0 0 0 2 2 0 0 0 2 2 2 2 0 2 2 1 1 0 2 2 0 2 2 0 0 1 1 2 1 2 2 0 2 2 0 2 2 2 2 2 2 1 0 1 2 2 0 2 2 2 0 2 1 2 0 0 1 1 2 0 0 2 2 2 0 2 2 0 0 0 2 2 2 0 2 2 0 2 0 2 0 0 0 0 2 2 0 2 2 2 1 2 0 2 0 2 0 2 2 0 0 0 2 2 0 1 0 2 2 2 1 1 0 0 0 2 1 2 2 0 2 0 1 0 2 2 1 0 0 2 1 0 0 0 0 2 2 0 0 2 2 0 0 0 0 2 2 0 2 2 2 0 0 0 1 2 0 0 0 0 0 2 0 2 2 2 2 2 0 2 0 2 2 0 2 0 0 1 0 0 0 0 2 0 1 1 2 0 2 2 1 0 1 1 2 0 0 0 2 2 2 0 2 0 0 2 0 0 0 2 2 2 2 0 0 2 0 2 1 0 2 0 2 0 2 0 2 2 2 2 1 2 0 0 2 2 2 2 0 2 0 2 0 0 0 2 0 2 2 2 0 1 0 0 1 2 0 2 0 0 0 2 2 0 0 2 0 0 2 2 2 2 2 0 2 2 2 0 2 2 0 0 2 2 2 2 2 0 0 2 0 0 2 0 2 0 2 0 0 2 2 2 0 2 0 0 1 2 2 2 2 2 2 0 2 2 0 0 0 2 0 2 0 0 0 0 0 0 0 0 0 2 2 0 0 0 1 0 1 2 0 2 1 2 0 2 2 2 2 2 0 2 0 2 2 0 1 0 0 0 2 0 0 2 1 2 0 2 0 0 2 1 2 0 2 2 2 0 2 2 2 2 0 0 2 2 0 0 2 0 1 1 0 0 2 0 1 2 1 2 0 1 0 0 2 2 2 2 2 2 2 2 0 0 0 0 0 2 0 0 0 2 2 2 0 2 1 1 0 0 1 2 0 0 0 2 2 0 2 2 2 2 1 0 0 2 0 0 2 2 2 0 0 0 0 0 0 2 0 0 0 0 0 0 2 0 2 2 0 0 0 2 2 2 2 0 2 0 1 0 2 2 0 1 2 2 0 2 2 0 2 0 2 0 0 2 2 2 2 2 0 2 2 2 0 2 0 0 0 0 2 0 0 0 1 0 0 1 2 0 2 0 0 0 0 2 2 2 2 0 0 0 2 0 2 0 2 2 2 2 0 1 0 2 0 0 2 0 0 2 1 1 2 0 0 1 2 0 0 0 0 0 0 2 2 2 2 0 1 0 2 0 0 2 0 2 2 2 0 0 2 2 2 0 0 2 0 0 2 0 0 1 0 2 1 0 0 2 0 2 0 0 0 1 0 2 2 0 2 2 2 0 2 2 2 2 2 1 2 0 0 1 0 0 0 0 0 0 0 0 2 2 0 0 2 0 2 0 2 2 0 2 2 2 2 0 0 2 0 2 2 0 0 0 2 0 0 2 2 2 0 2 0 0 2 0 0 2 0 2 2 0 0 0 2 2 0 2 2 2 0 0 2 0 0 2 0 0 2 1 2 0 0 0 2 1 2 0 0 0 0 2 2 0 0 0 2 0 0 0 2 0 1 2 2 0 0 2 2 0 0 2 2 0 0 1 0 2 2 0 0 0 0 2 2 0 2 2 2 0 0 0 1 0 2 1 0 2 0 0 2 0 0 1 0 2 2 1 2 1 0 2 0 0 0 0 2 0 0 0 2 2 2 0 2 0 0 0 0 0 0 1 2 0 0 1 0 0 2 2 2 0 2 1 2 0 2 2 2 0 2 0 0 2 2 0 2 0 2 2 0 1 0 0 2 2 0 1 2 0 2 0 2 2 0 0 2 2 0 2 2 0 0 2 2 0 0 2 2 0 2 2 2 2 2 0 0 0 0 1 2 0 0 2 0 2 0 2 0 0 2 2 2 2 2 0 0 2 0 0 1 0 0 0 0 1 0 0 2 2 2 2 0 0 0 0 0 1 0 2 0 0 2 0 0 0 0 2 2 2 0 1 0 
709 592
592 290
592 167
167 510
510 641
641 887
887 670
641 825
825 293
293 900
900 306
306 987
987 51
51 527
527 126
126 975
975 647
647 878
878 625
625 441
441 62
62 888
888 86
86 362
362 876
876 90
90 115
115 1
1 504
504 391
391 390
390 848
848 347
347 910
910 748
748 805
805 329
391 244
244 494
494 874
874 746
746 955
955 445
445 148
148 585
585 944
944 10
10 517
517 962
962 811
811 713
713 392
392 472
472 602
602 997
997 1000
1000 777
777 889
889 676
676 992
992 486
486 799
799 261
261 475
475 309
309 630
630 859
859 466
466 580
580 426
426 860
860 323
323 881
881 701
701 839
839 840
840 819
819 539
539 18
18 649
649 237
955 717
717 844
844 548
602 102
102 769
769 255
255 538
538 313
313 119
119 530
530 957
957 152
152 516
347 657
874 745
745 12
12 577
577 302
302 258
258 490
490 335
335 636
636 941
941 304
304 363
306 387
387 9
9 837
837 687
687 896
896 882
882 869
869 482
482 675
675 381
381 794
794 936
936 287
287 698
698 430
430 159
159 491
491 812
812 617
617 16
16 950
950 230
230 919
919 949
949 239
239 847
847 305
670 673
673 551
551 487
487 20
20 184
184 560
560 508
508 917
917 970
970 129
129 98
98 692
692 25
25 829
829 419
419 131
131 283
283 352
352 875
875 106
106 981
981 868
868 704
704 733
733 337
997 469
469 296
296 253
253 338
338 208
208 932
932 200
200 49
49 60
60 342
342 820
820 495
495 55
55 413
413 521
868 264
264 240
240 884
884 301
301 251
251 758
758 333
333 927
927 784
784 371
371 93
93 668
668 440
440 744
744 345
345 150
150 870
870 959
959 700
700 738
738 341
896 128
128 659
659 885
885 435
435 207
207 209
900 250
250 57
57 163
163 26
26 986
435 56
56 272
272 334
334 813
813 424
424 756
756 515
515 89
89 558
558 303
303 80
80 561
561 214
214 570
570 568
568 223
223 983
983 326
326 518
159 923
923 220
220 567
567 926
926 609
609 507
352 993
993 726
726 991
991 109
109 734
734 74
74 529
529 605
605 572
572 623
623 320
320 350
350 443
860 170
170 778
778 737
737 233
233 13
13 474
474 468
468 330
330 665
55 40
40 39
39 525
525 294
294 571
571 410
410 956
956 902
902 155
155 423
987 576
576 416
416 325
131 977
977 71
71 69
69 327
327 716
716 478
478 206
206 526
526 718
718 433
433 595
595 753
753 186
186 285
285 764
764 96
96 236
236 810
810 596
596 755
617 205
205 514
514 842
842 702
702 789
71 66
66 127
127 785
799 968
968 379
379 606
805 189
189 741
741 227
227 183
183 817
817 471
471 506
506 169
169 722
722 318
318 648
648 855
855 695
237 409
409 915
915 226
226 442
442 788
788 669
669 550
550 497
497 125
125 417
417 402
402 17
17 760
760 133
133 954
954 412
412 438
438 989
989 890
890 124
124 706
706 114
114 248
248 730
730 257
257 966
966 373
373 836
836 505
505 33
33 288
288 420
420 151
151 897
897 197
197 775
775 382
382 312
997 176
320 408
408 328
328 138
138 618
618 467
467 802
802 591
591 8
8 70
70 552
820 117
117 867
867 276
276 259
259 621
621 459
459 821
821 503
503 498
163 664
664 393
393 849
849 850
51 343
343 985
985 883
883 770
770 909
909 82
82 984
984 961
961 137
137 458
458 52
52 149
149 540
540 83
83 23
23 397
397 658
658 439
439 6
6 512
512 181
181 271
271 523
523 774
774 613
613 765
765 671
214 654
654 136
136 930
930 27
27 232
232 604
604 175
175 793
793 952
952 185
185 372
372 809
809 54
54 212
212 187
526 958
958 447
447 544
544 366
366 217
217 24
24 563
563 59
59 37
37 403
403 269
269 573
573 145
115 461
461 546
546 614
614 94
94 262
262 903
903 899
899 826
826 739
739 522
522 34
34 368
368 632
632 720
720 297
527 541
541 635
635 851
851 549
657 501
501 3
3 231
231 597
597 725
725 15
15 380
380 295
295 980
522 736
736 672
672 601
601 579
579 661
661 415
415 891
891 252
252 229
229 357
357 346
346 75
75 180
180 78
546 161
161 642
642 378
378 920
920 224
224 589
589 112
112 315
315 118
118 873
873 365
365 908
908 349
349 832
832 969
969 241
241 120
120 779
968 399
657 886
886 121
230 99
99 174
174 111
111 699
699 892
892 374
374 792
792 914
914 36
36 216
216 107
107 524
524 275
275 193
193 456
456 988
988 542
542 483
483 694
694 918
918 500
500 547
547 42
42 5
5 838
838 963
963 705
705 767
767 321
321 351
351 404
404 386
386 680
680 427
427 431
431 995
995 972
972 164
164 629
629 179
179 270
270 858
858 719
719 509
509 470
470 749
749 979
197 864
864 685
685 611
611 450
450 43
43 395
704 790
790 279
279 835
835 728
728 633
633 299
299 751
751 929
929 904
904 754
741 791
791 401
401 697
697 803
803 228
228 631
631 830
525 852
852 996
996 465
465 268
268 807
807 776
776 274
381 723
723 566
566 64
64 190
190 911
911 238
238 384
384 707
707 916
916 513
513 502
897 624
624 76
76 406
406 14
14 971
971 520
520 160
160 877
877 158
158 818
818 4
4 153
153 234
234 555
555 846
846 496
496 63
63 574
574 863
863 798
798 978
23 300
300 462
462 385
385 711
711 32
32 797
797 72
72 314
314 933
933 724
724 872
872 646
646 147
147 801
801 732
732 429
429 182
182 105
105 880
880 361
361 740
740 452
452 221
221 780
780 418
418 612
612 854
854 857
857 400
400 973
973 752
752 742
742 354
354 924
924 213
213 999
999 750
750 951
472 146
146 286
286 534
534 108
108 655
655 865
865 130
130 422
422 156
156 795
795 142
142 477
477 967
967 46
46 451
451 377
377 553
553 639
639 359
359 626
626 154
154 210
429 398
137 432
378 921
921 637
637 598
598 862
862 990
990 356
356 666
666 339
339 763
763 235
235 405
405 608
608 242
242 77
77 804
804 298
298 828
828 396
396 488
488 202
466 256
256 173
173 411
459 928
928 743
743 383
450 939
939 369
369 455
455 367
367 771
771 364
364 731
731 45
45 679
679 31
31 188
188 434
434 199
199 831
831 652
725 194
194 693
693 319
319 7
7 616
616 254
254 280
280 44
44 511
511 853
853 436
436 620
620 545
459 310
310 266
266 565
565 773
117 729
494 340
340 901
901 866
866 786
786 931
931 344
344 91
91 998
998 103
103 644
644 674
674 281
281 681
681 81
81 291
546 569
569 308
308 457
457 215
215 355
24 684
684 688
688 912
912 243
243 141
141 61
61 782
782 178
178 407
407 311
311 79
79 157
157 682
682 204
204 935
935 907
907 88
88 861
861 721
721 660
3 519
679 53
53 245
245 222
222 946
946 586
586 122
122 762
762 808
808 370
370 619
619 92
92 110
110 628
628 759
759 168
168 113
113 485
485 815
815 11
11 533
533 499
34 922
922 556
556 307
307 691
691 599
599 964
964 460
460 715
715 273
273 766
766 960
960 225
225 656
656 615
615 358
128 871
871 948
948 678
678 640
640 800
800 937
937 260
260 448
448 444
444 162
162 845
845 735
735 85
85 905
905 942
942 943
943 73
73 913
913 132
132 481
481 600
600 824
824 559
559 690
690 21
21 48
48 894
894 528
528 747
747 139
139 414
414 282
282 428
428 454
454 177
177 192
192 453
453 895
895 249
249 289
289 425
133 101
101 603
603 375
931 663
663 667
667 97
97 324
324 583
583 590
590 607
607 683
683 38
38 140
140 196
196 277
277 360
360 651
651 714
702 331
331 879
879 562
562 134
134 47
47 893
893 493
243 653
653 588
588 677
677 171
171 464
464 662
662 696
696 201
201 627
627 638
638 292
292 87
87 489
733 316
726 22
22 727
727 587
587 834
834 827
827 796
796 806
242 476
476 218
996 68
68 480
480 100
100 531
531 554
554 348
348 322
322 578
578 421
421 833
589 84
84 823
188 934
934 28
28 816
816 135
236 650
650 557
563 925
925 473
473 537
537 594
234 165
165 686
686 463
463 982
982 564
564 332
332 787
787 144
144 265
265 953
953 263
263 703
703 643
643 976
976 123
123 645
645 712
712 783
783 841
841 446
446 336
336 708
708 191
191 65
65 195
195 768
768 104
104 267
267 582
582 947
947 50
50 593
926 30
30 622
622 437
437 479
479 532
441 143
143 584
584 116
116 940
940 610
106 35
35 219
219 575
575 388
388 353
353 284
284 965
965 203
203 2
2 543
543 535
535 41
41 814
814 389
389 781
781 172
172 994
994 246
246 376
376 492
492 67
67 211
211 58
58 29
29 198
198 394
394 166
166 974
974 449
449 19
19 856
856 278
513 95
95 536
536 581
581 822
822 484
484 772
772 689
689 757
757 710
710 317
317 906
906 634
634 761
761 938
938 843
843 945
945 247
247 898
1000 2
2 2 2 2 1 0 2 0 2 0 0 2 2 0 0 0 2 1 0 2 2 2 1 0 2 2 2 0 2 2 0 0 1 0 2 2 2 2 0 2 2 2 2 2 0 0 1 1 0 0 0 1 1 0 0 1 2 1 2 0 2 0 0 0 0 0 0 2 2 2 0 0 0 0 0 2 0 2 2 2 0 0 0 2 1 1 2 0 0 0 0 0 0 0 2 0 2 0 0 0 0 0 2 0 0 0 1 2 2 0 0 0 0 2 2 2 2 0 2 2 2 0 1 0 2 0 0 2 0 2 0 2 0 0 0 2 2 0 1 0 2 0 2 0 2 2 2 0 2 2 1 2 0 0 0 2 0 0 2 2 2 2 1 2 0 0 2 0 0 0 2 0 0 0 2 2 2 2 0 0 2 2 0 0 0 0 0 0 2 0 0 2 2 2 0 2 2 0 0 0 2 1 1 0 0 2 0 2 2 0 0 2 2 0 0 2 2 0 2 2 0 1 2 0 0 0 2 2 0 0 0 0 2 0 1 0 0 0 1 2 2 2 0 0 2 0 0 2 2 0 2 0 2 2 2 0 0 2 0 0 1 0 2 2 0 0 0 0 0 2 0 2 2 0 0 2 0 0 0 0 2 0 2 2 0 2 0 0 2 0 1 2 1 0 0 2 2 1 2 0 0 0 2 0 2 2 0 0 2 0 0 2 2 2 2 0 2 2 0 0 0 2 2 2 0 0 0 2 0 2 2 0 1 2 0 1 2 0 2 2 2 0 0 2 0 2 0 2 2 0 2 1 2 2 1 0 0 0 2 2 2 2 0 2 2 2 0 0 2 2 0 0 1 0 0 2 0 0 0 0 0 0 0 2 2 0 0 2 2 2 0 2 1 0 0 0 2 2 1 0 0 2 2 2 0 2 2 2 2 2 2 0 0 0 0 2 1 0 0 0 0 2 0 2 0 2 2 0 0 0 2 2 2 0 0 2 2 1 0 0 2 2 0 1 2 2 0 0 2 2 0 2 0 0 2 0 0 0 2 2 2 0 2 0 2 0 2 2 0 2 0 1 1 0 0 1 2 2 0 2 0 0 2 1 2 0 1 0 2 1 0 2 2 0 2 0 2 0 2 0 0 0 0 2 0 0 0 0 0 0 0 1 0 2 0 0 0 0 0 2 2 0 0 0 0 0 0 2 2 1 1 1 0 1 0 2 2 2 2 2 2 2 0 0 2 1 0 0 2 2 0 2 0 0 0 2 0 0 2 0 2 2 0 0 1 0 2 0 0 2 0 0 0 1 2 2 2 0 2 2 2 0 2 0 0 2 0 0 0 2 2 2 2 2 1 1 0 2 0 2 0 0 2 0 0 0 2 0 0 2 0 0 0 2 2 2 0 2 2 2 2 0 2 0 2 0 0 1 0 2 0 2 0 0 2 0 2 2 0 2 2 0 2 1 2 2 2 2 2 2 0 2 0 2 0 2 1 2 0 0 1 0 0 2 0 2 0 1 2 1 0 0 0 0 0 0 0 2 0 2 2 0 1 0 1 0 0 0 2 0 2 0 2 0 0 0 2 2 2 1 0 0 0 0 2 0 1 0 2 0 0 0 0 2 0 0 0 2 1 0 1 0 0 2 2 0 0 0 0 2 0 0 0 2 1 2 2 0 2 2 1 2 2 0 0 0 1 0 0 0 2 0 0 0 2 0 0 1 1 0 0 2 2 0 0 2 1 2 0 0 0 1 0 2 0 0 2 2 0 0 2 0 0 0 2 2 0 0 0 0 2 2 0 0 2 0 2 0 0 2 0 2 2 0 0 2 0 0 2 0 0 0 2 2 2 0 0 2 0 2 0 2 0 0 1 0 0 2 0 0 0 2 0 0 0 2 0 2 0 2 2 0 2 0 1 0 0 2 0 2 2 0 2 2 2 1 2 1 0 2 0 2 2 1 0 2 0 0 2 0 0 2 0 0 0 2 2 2 2 2 2 2 2 0 0 0 2 2 2 2 2 0 2 2 0 2 0 0 0 0 2 2 0 2 2 0 2 0 0 0 0 0 2 2 0 0 2 1 2 2 2 2 2 2 2 2 0 2 2 2 2 0 2 2 0 1 2 2 0 0 2 0 0 2 0 0 0 0 2 1 0 2 1 1 2 2 0 0 0 2 0 0 2 0 2 2 0 0 1 1 2 0 0 2 1 0 2 0 0 2 0 1 0 2 2 2 1 2 0 0 0 2 0 0 2 0 0 0 2 2 
976 505
505 337
337 673
337 111
111 74
74 867
505 541
541 295
295 725
725 564
564 366
366 112
112 285
285 421
421 435
673 416
416 821
821 385
385 998
998 66
66 230
230 70
70 354
354 455
455 522
522 491
491 11
11 302
302 13
13 777
295 55
55 638
385 497
497 962
962 476
476 885
885 773
773 341
341 716
716 120
120 44
44 355
355 411
411 971
971 967
967 420
420 261
261 553
66 841
841 478
478 635
635 422
422 752
752 645
645 158
158 804
804 879
879 796
962 765
765 685
421 312
312 619
619 24
24 745
745 831
831 827
827 56
56 127
127 514
685 527
527 680
680 566
566 942
942 137
137 999
999 759
759 528
514 156
156 969
969 52
52 209
209 797
797 833
833 594
594 573
573 241
241 689
689 746
746 618
618 317
317 441
441 138
13 39
39 98
98 992
992 388
388 562
562 446
446 64
64 661
661 943
943 581
581 69
619 115
115 895
895 53
53 251
251 996
996 537
537 395
395 665
665 604
604 740
740 945
527 904
943 676
676 727
727 556
556 92
92 750
750 670
670 791
791 639
639 290
290 140
140 440
440 811
112 965
965 177
177 383
383 557
557 17
17 824
824 874
874 986
986 928
928 496
496 418
971 155
155 590
590 690
690 686
686 887
887 453
453 602
602 941
941 2
2 924
924 927
927 136
689 643
643 849
849 93
177 272
272 54
111 269
269 274
274 512
512 576
576 708
708 426
426 984
984 660
660 346
453 160
160 103
103 495
495 22
22 91
91 776
776 977
833 560
560 149
149 322
322 107
107 840
840 161
161 262
262 432
432 598
598 485
485 830
830 704
704 747
747 204
204 893
893 908
908 782
782 166
166 656
656 304
304 43
43 96
96 682
682 806
806 217
217 832
727 356
356 538
538 81
81 340
340 844
844 327
327 789
789 894
894 309
309 288
288 159
159 398
398 176
176 861
861 784
784 617
617 199
199 219
219 94
94 922
879 182
182 361
967 57
57 755
755 731
564 612
612 902
902 551
879 762
762 593
593 939
939 61
61 944
944 574
574 706
706 719
420 368
368 483
618 331
331 588
588 816
103 646
646 439
439 866
866 490
490 609
609 878
878 652
594 989
989 396
396 650
650 157
157 202
202 735
340 377
61 287
287 413
413 266
266 790
790 964
964 803
803 623
623 889
889 664
664 390
390 920
920 960
960 445
445 403
403 235
235 771
199 914
914 621
621 953
953 506
506 828
828 672
672 344
344 575
575 203
203 254
254 270
270 916
916 891
891 255
889 293
293 100
100 25
25 648
648 32
32 218
340 596
596 110
110 807
807 954
954 208
208 316
316 518
518 275
275 42
42 162
162 988
797 903
903 834
834 125
816 912
912 299
299 228
228 906
906 800
800 814
814 744
744 319
319 825
825 474
474 260
260 223
908 907
907 264
264 751
751 298
298 391
391 15
441 329
329 428
428 3
3 164
164 854
854 587
587 192
192 671
671 605
44 579
579 126
587 224
224 624
624 5
5 607
607 438
438 622
622 606
606 425
425 925
925 757
757 515
515 792
792 722
722 946
946 662
662 568
568 291
291 748
748 919
919 658
658 881
881 387
387 502
502 114
114 815
815 345
345 325
325 277
277 980
980 124
124 613
613 172
172 826
826 611
611 469
469 343
343 599
599 139
139 930
930 348
348 729
729 950
950 178
178 531
531 550
550 468
468 95
95 848
848 49
224 540
540 190
190 134
134 539
539 852
852 993
993 798
798 303
303 810
810 873
873 410
410 847
847 543
543 183
183 713
713 369
369 40
40 666
980 864
864 77
77 207
207 565
565 983
983 41
41 256
256 726
726 314
314 890
890 475
475 300
300 372
372 58
58 132
132 360
360 546
546 195
195 583
583 513
513 38
38 837
837 601
601 19
19 990
990 310
650 400
400 535
535 563
563 85
85 210
210 654
654 592
592 443
443 764
764 379
379 457
457 320
320 370
370 286
286 227
227 580
797 615
615 121
121 449
449 122
122 633
633 721
721 419
671 45
45 123
183 910
910 50
50 405
405 493
493 769
769 427
427 808
808 82
82 756
756 216
216 88
88 376
376 8
8 616
616 768
768 859
859 801
816 697
697 481
481 961
961 336
336 465
465 869
869 876
876 271
271 318
318 181
181 480
480 179
179 363
828 698
698 167
167 712
712 978
978 728
728 14
14 973
973 544
544 872
872 1000
1000 143
606 586
762 284
284 454
454 739
739 276
876 135
135 37
37 240
240 997
997 447
447 737
737 701
385 117
117 975
975 494
494 846
846 409
409 306
306 397
397 131
131 642
642 974
974 637
637 236
236 820
820 252
252 357
357 489
489 519
519 191
191 511
511 758
758 242
242 850
850 501
501 31
31 4
4 536
536 165
165 627
627 880
880 374
374 957
957 258
258 65
65 812
812 197
197 244
244 6
6 509
833 234
234 116
116 470
470 845
845 770
770 186
186 552
552 979
979 460
460 696
696 280
280 63
63 259
259 510
510 700
700 342
342 530
530 823
823 714
714 897
897 169
169 667
667 313
313 694
694 947
553 146
146 59
59 702
702 113
113 970
970 863
863 378
378 247
247 692
692 937
937 499
499 966
966 567
385 108
108 591
591 150
150 401
401 129
129 938
938 699
699 128
128 414
414 448
448 452
452 12
12 711
711 215
215 350
350 630
630 163
163 189
690 71
71 498
498 742
742 559
559 308
308 145
145 644
644 631
631 809
809 106
106 86
86 781
781 27
27 972
972 433
433 763
763 198
198 28
28 529
529 641
641 33
33 724
724 705
705 926
163 267
267 283
283 104
104 311
311 62
62 130
130 406
406 294
294 89
413 931
931 691
691 335
335 851
851 389
389 786
786 842
842 569
569 253
253 753
745 380
380 364
364 430
430 21
21 813
813 154
154 995
995 595
595 675
675 778
778 373
373 488
488 718
718 524
524 932
932 949
949 548
548 545
545 952
952 323
323 456
456 278
278 26
26 393
393 935
859 102
102 703
703 741
741 533
533 597
597 73
73 653
653 142
142 761
604 516
516 180
180 933
933 571
571 911
911 678
678 822
39 80
80 836
836 321
321 473
473 647
647 577
577 324
33 819
812 779
779 794
794 399
399 30
30 600
600 214
214 717
717 246
246 663
663 257
764 201
201 239
272 226
254 16
16 838
838 67
67 464
846 987
987 858
858 188
188 7
7 582
582 788
788 431
431 888
888 905
905 225
225 211
211 279
279 265
265 119
119 458
458 347
347 853
853 659
659 23
23 205
205 305
305 384
384 951
951 351
351 749
511 35
77 693
693 507
507 843
843 626
626 99
99 688
688 892
892 585
676 732
732 687
687 958
958 9
9 301
301 561
561 408
408 775
775 555
555 1
1 479
479 534
534 558
558 655
655 297
297 720
720 34
34 785
785 282
282 915
915 328
328 877
877 985
985 367
367 799
280 79
79 220
220 248
248 36
36 839
839 774
774 620
620 707
707 466
466 955
955 133
133 754
754 381
381 76
76 281
281 10
111 459
459 392
392 175
175 738
738 482
482 948
948 450
450 898
898 292
292 636
636 307
307 896
896 412
412 679
679 333
333 20
20 238
764 936
936 940
975 994
994 168
168 695
695 921
921 868
868 461
461 508
508 669
669 487
487 681
681 886
886 584
584 87
287 736
607 187
639 772
772 386
386 268
268 196
196 118
118 923
923 424
424 870
870 805
805 46
46 245
676 504
504 315
315 29
29 173
45 884
884 649
649 200
200 51
51 415
415 677
677 521
521 793
793 625
625 78
78 83
980 929
929 578
578 170
170 423
423 651
651 229
621 674
674 148
148 956
956 296
39 444
444 767
767 353
1 153
153 352
352 628
628 221
978 875
875 968
968 358
358 640
640 959
959 899
899 477
477 334
334 918
918 883
883 174
754 608
608 471
471 517
517 442
604 783
783 437
437 901
901 463
463 109
109 743
743 206
370 394
394 634
634 523
523 913
913 193
193 263
263 362
362 684
684 330
330 249
249 909
909 462
462 632
632 151
151 250
250 982
982 614
614 532
532 525
525 18
18 934
934 603
603 857
857 860
860 730
730 818
818 589
589 900
900 101
101 222
222 657
657 436
436 547
547 572
572 404
404 715
715 289
289 152
152 349
349 871
871 734
734 817
420 503
503 683
683 84
84 171
171 237
237 332
332 862
862 365
776 212
212 72
72 963
926 184
184 90
90 733
733 829
829 472
472 231
231 991
991 484
484 486
486 48
48 417
417 917
917 835
835 144
144 339
339 760
760 233
233 526
526 787
787 232
232 326
326 549
549 60
60 766
766 668
668 382
382 709
709 467
444 855
423 47
47 610
610 141
141 185
185 375
375 273
273 371
371 710
710 795
795 629
629 802
802 194
194 981
981 520
520 243
243 554
554 434
434 213
213 856
856 407
407 723
723 500
500 75
75 451
451 780
780 542
542 570
570 865
865 338
338 429
429 402
402 147
147 105
105 359
359 68
68 492
492 882
882 97
1000 3
2 0 1 0 2 2 2 1 0 2 0 2 0 0 0 2 0 2 0 2 2 2 0 1 1 2 2 2 1 0 0 0 2 0 2 1 0 0 0 2 2 2 2 1 1 2 2 0 2 0 0 2 2 1 0 2 2 1 0 0 0 0 2 2 2 0 2 0 0 1 1 1 2 0 2 0 0 0 2 2 2 0 0 0 2 2 0 2 0 2 1 2 2 0 0 2 0 2 0 0 1 0 0 2 2 2 0 2 2 2 0 2 0 1 0 0 2 2 2 0 1 2 0 2 2 0 2 1 2 0 0 0 2 2 0 1 2 2 2 2 0 0 0 2 0 2 0 0 0 2 0 0 2 1 2 2 2 2 2 2 2 2 2 0 0 0 0 0 1 0 0 0 2 0 1 0 0 0 2 2 2 2 2 2 2 2 0 0 0 0 2 0 0 0 0 2 0 2 0 0 2 2 0 0 0 2 1 2 2 2 2 1 2 2 2 2 2 2 2 0 2 0 0 1 2 2 2 0 2 2 2 0 0 0 2 1 0 2 0 0 2 2 2 2 0 0 0 2 1 2 2 1 0 2 2 2 0 2 2 1 0 2 0 0 0 2 1 2 0 0 1 0 2 1 2 2 2 2 2 2 2 2 0 2 2 2 0 0 1 0 2 2 0 2 2 2 2 0 0 2 0 0 2 2 0 0 2 2 2 0 2 2 2 2 2 1 0 0 0 2 2 0 0 0 0 0 0 2 2 1 2 2 0 2 0 0 0 0 2 1 0 0 2 2 0 2 2 1 1 2 2 0 0 2 0 2 0 2 2 0 0 0 0 0 0 1 2 2 2 2 0 0 0 0 2 0 0 0 0 2 1 2 0 0 0 2 0 0 2 2 1 2 0 2 2 0 2 2 2 2 0 0 0 2 0 0 2 2 2 2 0 0 2 1 2 0 2 0 2 0 0 0 0 2 2 2 0 0 0 2 0 0 2 0 0 0 2 0 1 0 2 2 2 1 0 2 2 2 0 2 0 0 0 0 2 2 0 2 1 2 0 0 0 2 0 0 2 0 2 2 2 0 2 2 2 0 0 2 2 0 2 2 1 0 0 0 0 0 2 2 2 2 2 0 0 0 0 0 2 2 2 2 2 2 0 0 0 2 2 1 1 0 1 0 0 2 1 2 2 2 2 0 0 2 2 0 2 0 2 0 2 2 1 1 2 1 0 0 0 1 0 2 0 1 1 2 2 2 0 2 0 2 1 0 2 2 0 2 0 2 2 0 2 0 2 2 2 2 0 0 0 2 0 2 2 0 0 2 1 2 0 0 2 2 0 1 2 0 2 2 0 0 2 0 0 0 1 2 1 0 0 2 2 0 2 0 2 2 2 0 0 2 0 1 2 2 0 0 1 0 0 2 0 0 0 2 2 0 2 2 0 1 0 2 2 2 0 0 2 0 2 2 0 0 0 0 0 0 2 0 2 0 0 0 2 0 0 0 2 0 0 1 0 0 0 0 0 2 0 0 2 2 2 2 2 0 1 0 2 2 0 0 0 2 2 0 0 2 2 2 2 0 1 2 0 2 2 1 0 2 0 0 0 0 1 1 0 0 2 0 2 1 2 2 0 2 2 2 2 2 2 0 1 0 0 0 2 2 2 2 0 0 0 2 2 2 0 0 2 0 2 0 0 2 1 0 2 2 2 0 2 0 0 0 0 2 0 2 0 2 0 2 2 0 2 2 0 2 0 0 2 2 0 2 2 2 2 2 2 2 2 0 0 0 2 2 0 2 0 2 0 0 2 0 2 1 0 0 2 2 0 2 0 0 2 0 0 0 2 0 0 1 0 2 0 0 0 2 2 0 2 0 2 2 1 2 2 1 0 2 0 0 2 1 0 2 2 0 0 2 0 2 0 2 0 1 1 2 0 2 1 2 0 0 0 2 1 2 0 2 0 2 0 0 1 0 2 0 1 2 0 0 0 2 0 0 0 0 0 0 2 0 0 0 2 1 2 1 2 1 2 0 0 0 2 0 0 2 2 0 2 0 0 2 2 0 2 2 2 0 2 1 2 2 2 0 0 0 0 2 2 2 0 0 0 2 0 0 2 1 0 2 0 2 2 0 0 0 2 0 0 2 2 2 0 0 0 2 1 0 0 0 1 0 0 1 0 2 0 0 2 0 0 2 0 2 0 2 0 0 0 0 1 2 2 0 0 2 0 0 0 0 2 2 0 0 0 0 0 0 2 0 0 0 0 0 2 0 0 0 
372 105
105 853
853 102
102 873
873 523
523 852
852 339
339 456
456 876
876 62
62 889
889 76
76 628
628 378
378 174
339 129
129 879
879 883
523 721
721 257
257 264
264 301
301 24
24 791
791 583
257 365
365 20
20 888
888 626
626 163
163 359
359 375
375 780
780 204
204 538
538 490
490 912
912 3
3 326
326 460
460 952
952 932
932 220
220 550
550 614
339 32
32 417
417 55
55 350
350 537
537 911
911 127
127 122
122 453
453 268
780 823
823 478
791 282
282 654
654 689
689 838
838 319
319 640
640 243
243 999
999 657
583 796
796 810
810 483
483 34
34 684
684 575
575 832
832 440
440 905
905 150
150 498
498 513
513 191
191 805
805 267
952 310
310 414
414 194
194 155
155 992
992 611
611 39
39 907
907 230
550 650
650 281
281 789
789 409
409 81
81 869
869 325
905 947
947 144
39 16
16 699
699 728
728 543
543 412
412 739
739 443
443 768
768 431
431 922
922 210
210 380
380 38
932 666
666 171
171 211
211 80
80 748
748 87
87 837
837 31
31 94
94 569
569 479
479 580
580 781
781 4
4 79
79 663
663 429
429 121
121 474
474 646
646 397
397 324
324 499
499 827
827 250
250 855
855 196
575 981
981 322
322 464
464 742
742 187
187 497
497 207
207 745
745 842
842 299
299 404
404 181
181 938
650 168
168 349
349 807
807 428
428 275
275 697
697 918
569 591
591 53
53 973
973 616
616 45
414 164
164 384
384 898
898 986
986 227
227 91
91 851
851 972
972 934
934 408
408 393
393 813
813 459
459 984
984 801
801 176
176 774
774 458
458 679
679 713
713 273
273 185
185 88
88 173
173 528
528 56
56 920
920 578
578 202
202 348
202 293
293 381
381 438
438 366
366 445
445 14
14 300
912 335
335 434
434 289
39 507
507 113
113 244
244 783
922 676
676 67
67 744
744 398
398 52
52 457
457 288
288 205
205 797
855 180
180 637
637 959
959 486
486 240
932 567
986 396
396 492
492 147
147 706
706 508
508 501
501 252
252 242
242 971
971 258
744 437
437 41
41 392
392 924
924 770
770 974
974 377
377 494
494 285
285 374
374 743
743 571
571 724
724 226
226 203
203 447
706 500
500 522
522 738
738 128
128 238
238 99
99 605
605 872
374 197
197 452
452 481
481 116
79 237
227 407
407 276
276 542
628 454
454 510
510 505
91 527
527 850
850 696
696 664
664 98
98 648
275 983
983 623
623 586
586 346
346 686
686 687
687 363
363 771
771 241
241 672
672 162
162 472
472 777
777 318
318 539
539 811
811 272
689 149
149 104
104 323
323 119
119 512
512 812
812 834
834 921
921 382
382 599
599 545
545 85
85 632
672 351
351 44
44 218
218 63
63 824
824 978
978 262
262 286
286 856
176 977
977 48
48 279
279 669
98 839
839 642
642 597
597 998
998 950
950 564
564 773
773 965
965 553
52 485
485 343
343 645
645 72
72 313
313 388
388 199
199 595
595 489
194 808
808 560
560 152
152 858
858 69
69 695
695 367
367 261
261 961
961 665
697 7
7 534
534 996
961 35
35 670
670 517
517 302
302 103
103 418
181 143
143 321
67 752
752 693
359 58
580 189
189 585
585 675
675 394
394 1000
1000 530
530 213
213 526
526 46
46 678
678 913
913 426
426 604
604 219
219 18
18 723
723 314
314 416
416 345
345 33
33 714
714 141
752 555
555 316
316 11
11 344
344 868
868 130
130 42
42 401
401 342
342 874
874 613
613 610
610 700
510 966
966 941
941 151
151 621
621 556
556 425
416 248
883 758
758 229
494 421
421 231
947 215
215 969
969 936
936 968
968 107
107 208
208 246
246 749
749 710
710 785
785 26
26 332
332 86
86 12
905 821
821 137
137 767
767 132
132 379
379 692
692 964
964 963
963 877
950 958
958 340
510 441
441 751
751 667
667 769
769 608
323 430
430 970
970 8
8 60
60 449
449 590
590 563
563 694
694 337
337 784
784 609
609 866
240 361
361 925
925 75
75 967
967 95
95 995
995 836
836 77
77 419
419 531
531 515
515 145
145 541
541 330
330 444
444 146
146 233
233 792
792 329
329 741
741 40
40 304
304 764
764 549
549 765
765 68
68 2
2 993
993 551
995 800
800 568
568 251
251 29
29 895
379 400
400 946
946 930
930 1
1 352
352 184
184 754
396 495
434 894
894 159
159 536
536 463
463 933
933 949
949 587
587 592
592 206
206 636
636 271
271 161
161 554
554 331
331 976
976 290
290 97
97 861
861 357
180 939
939 685
685 169
169 890
890 126
126 263
263 59
59 897
897 951
951 96
96 862
862 854
196 865
865 712
712 476
42 74
74 496
445 525
525 726
726 935
935 722
722 356
356 948
948 731
731 469
469 504
504 677
677 403
403 779
779 607
607 656
656 112
112 355
355 708
708 956
956 518
518 544
544 766
550 980
980 255
255 120
120 235
235 649
649 600
600 552
552 65
65 131
131 278
339 30
30 13
13 19
19 942
942 589
586 937
937 21
21 509
509 829
829 668
668 940
940 470
470 881
881 703
703 891
891 317
317 334
334 333
333 138
138 841
841 582
582 462
462 659
659 156
156 305
305 520
520 651
651 283
283 468
468 61
61 270
130 727
727 291
291 484
484 945
945 516
516 701
701 704
704 681
681 442
442 979
979 320
320 707
707 828
828 627
627 573
573 884
884 601
601 638
638 987
987 54
54 653
653 124
124 362
362 804
804 221
221 598
442 643
643 47
676 994
994 719
719 354
354 822
822 186
186 793
793 71
71 730
730 820
592 266
266 491
491 790
790 253
253 705
705 135
135 880
880 529
529 559
559 878
878 209
209 943
346 23
23 439
30 910
910 166
166 247
247 10
10 373
373 521
521 391
391 294
294 406
406 830
830 923
923 786
786 51
51 795
795 216
745 756
756 260
260 405
405 715
715 709
709 630
630 931
931 101
101 962
962 772
772 383
383 655
655 315
315 593
593 809
809 847
847 178
178 83
83 570
570 108
108 725
725 634
634 753
753 576
576 9
119 269
269 843
843 503
503 558
558 584
584 896
896 901
901 411
411 927
591 368
368 154
976 109
109 919
531 826
826 90
90 631
631 887
887 482
482 746
746 716
716 579
579 153
153 557
557 818
818 254
254 506
506 688
688 287
287 353
353 882
882 25
25 493
493 532
532 360
360 747
747 815
815 581
581 386
386 415
415 908
908 274
274 17
17 617
617 190
190 511
257 960
960 369
369 680
680 49
49 859
859 328
328 123
375 915
915 535
535 480
480 280
280 160
160 622
622 364
364 661
661 899
899 602
602 988
988 198
198 762
762 249
249 782
782 93
93 118
118 140
140 387
387 232
232 92
209 662
662 729
729 514
514 179
179 652
652 763
763 27
27 788
788 64
64 100
100 612
612 902
902 817
817 825
825 306
306 413
413 562
562 167
167 201
201 423
715 292
292 327
327 674
674 297
297 926
926 787
787 312
663 893
893 906
906 433
433 546
546 5
5 835
835 929
929 296
296 909
909 718
718 572
572 864
864 37
37 944
944 814
814 759
759 641
641 849
849 698
698 136
379 256
256 259
259 750
750 183
183 399
399 819
819 803
803 914
614 548
548 735
735 402
402 214
166 802
802 376
376 73
73 15
15 110
67 245
245 658
658 625
625 188
188 717
717 432
432 957
290 385
385 134
134 954
954 36
36 840
840 647
647 844
844 172
172 566
151 139
139 683
683 311
311 448
448 702
702 371
371 284
284 892
892 217
217 990
990 711
711 540
540 871
871 885
885 465
465 78
78 307
307 761
761 84
84 682
682 524
524 57
57 736
736 395
395 547
547 620
620 875
875 533
533 115
115 596
596 336
336 239
239 775
775 487
487 737
737 903
903 577
577 900
900 831
831 106
106 50
50 755
755 886
886 165
165 594
594 477
477 916
916 236
236 195
195 473
473 734
734 234
504 424
424 200
200 488
488 410
410 870
870 309
309 224
224 70
70 158
158 660
660 798
798 427
427 635
635 446
446 644
644 904
904 341
341 778
778 295
295 799
799 192
192 82
82 720
720 732
732 982
982 690
690 338
338 455
455 467
467 615
615 111
568 358
358 794
794 125
125 857
857 997
997 917
917 757
687 157
855 671
671 989
989 177
177 182
182 170
170 619
619 22
870 618
602 142
142 867
867 175
175 389
389 776
776 975
975 471
471 450
450 66
66 953
953 28
28 225
225 303
303 639
639 265
265 148
148 298
298 451
451 461
461 117
117 43
43 760
354 629
629 422
422 985
226 420
420 223
223 370
370 733
631 806
806 347
347 466
466 435
435 6
6 519
519 228
228 133
133 624
624 212
212 955
955 833
833 673
673 222
222 603
603 89
940 502
502 848
848 846
846 561
561 691
691 114
114 928
928 475
475 863
863 991
991 606
606 436
436 390
390 860
860 574
574 740
740 816
816 845
845 277
277 633
633 308
308 588
588 565
565 193
1000 4
0 0 0 0 0 0 2 2 1 2 2 2 1 0 0 0 0 2 0 2 0 2 0 2 2 0 0 0 0 2 0 2 2 0 0 1 2 0 2 0 2 2 0 1 0 0 0 0 2 2 0 0 2 2 0 2 0 2 0 2 1 0 2 0 2 2 2 2 0 0 0 0 2 2 0 0 2 2 0 2 1 2 2 2 2 2 0 2 0 0 2 0 0 2 0 0 2 2 1 2 0 2 0 2 0 0 1 2 0 2 2 2 2 0 0 2 2 0 2 2 2 0 2 2 0 0 1 2 2 0 2 2 2 0 0 0 2 2 1 0 2 2 0 2 0 2 0 2 2 0 0 2 0 0 2 2 0 1 1 2 0 0 0 2 0 2 1 2 2 2 0 0 2 1 2 1 0 0 2 0 0 2 0 0 0 2 2 1 0 0 2 2 2 0 2 2 1 0 2 2 1 2 2 0 0 0 0 2 0 1 2 0 0 2 2 2 0 2 1 0 2 2 2 2 0 0 0 1 2 2 2 0 2 0 0 2 0 0 0 2 2 0 2 0 2 0 2 0 2 0 1 0 2 2 1 1 0 0 0 2 2 2 0 2 2 2 0 2 2 0 2 0 0 0 0 0 0 2 0 1 1 0 2 0 2 2 1 0 0 2 0 0 0 0 0 0 1 2 0 2 2 2 1 2 0 0 0 2 0 0 0 0 0 2 0 2 0 2 0 0 0 2 2 2 0 2 2 0 2 2 2 2 2 1 2 0 2 0 2 0 0 2 2 2 0 0 2 2 2 0 0 2 0 2 2 0 1 2 2 0 2 2 0 2 0 0 0 0 2 2 0 0 0 1 0 0 0 0 1 0 2 2 2 2 2 0 2 0 0 2 1 2 2 1 0 0 0 0 2 1 0 1 0 0 0 0 2 2 1 2 0 0 0 2 0 0 2 0 2 0 2 0 2 2 2 2 0 2 2 2 2 0 2 0 2 0 2 2 1 2 0 2 2 0 0 2 2 0 0 0 0 1 0 0 2 1 2 2 0 2 2 2 2 2 1 2 2 0 0 0 2 2 2 0 2 0 2 2 0 2 0 0 2 2 0 2 2 2 1 2 2 0 2 0 0 0 0 0 2 2 2 0 2 0 2 0 2 1 2 2 2 0 2 2 0 0 2 2 1 1 0 2 0 1 0 0 0 0 0 0 0 0 2 2 0 2 0 0 1 0 0 2 0 2 0 1 0 2 2 0 2 2 0 2 2 2 0 2 1 2 2 2 0 0 0 0 0 2 0 0 0 2 2 0 0 2 2 0 2 0 0 2 2 0 2 1 1 0 0 2 2 0 2 0 2 0 0 0 0 0 0 2 2 2 2 2 0 0 2 2 0 2 0 2 2 2 0 0 0 2 0 0 2 2 2 2 0 2 2 0 2 0 2 0 2 2 0 2 2 2 2 2 2 0 2 2 1 2 0 2 2 2 2 2 0 2 0 2 0 2 0 2 2 2 2 0 0 2 0 2 0 0 0 0 0 0 0 0 1 0 2 2 0 2 0 0 2 0 0 2 0 2 0 0 0 0 0 0 0 2 2 0 1 1 2 1 0 1 2 2 2 0 0 0 0 2 0 0 2 0 0 0 0 0 0 0 2 2 2 2 0 0 0 2 2 2 2 2 0 2 0 1 2 2 0 0 2 2 0 2 2 0 2 2 0 0 0 0 2 1 2 2 2 2 2 0 0 0 2 2 0 0 2 0 0 1 2 0 0 0 2 0 2 1 2 0 2 0 1 1 2 2 0 1 0 2 2 0 2 2 0 0 0 1 2 0 0 2 0 2 0 0 2 0 2 0 0 1 0 0 2 0 2 0 1 2 2 0 2 0 2 0 0 0 2 0 2 0 0 2 0 0 0 2 0 0 0 2 2 2 0 2 2 2 0 0 2 0 2 2 2 0 0 2 0 0 0 2 2 2 2 2 0 0 0 1 2 2 1 0 0 2 2 0 0 0 0 0 2 2 2 2 0 0 2 1 1 2 0 2 0 2 0 0 2 0 0 2 2 2 2 2 2 2 0 0 0 2 2 0 0 2 1 0 2 1 0 2 2 2 0 2 2 2 0 0 2 0 2 0 0 2 2 2 0 2 2 2 1 2 2 2 2 2 0 2 0 0 2 2 2 2 1 1 2 2 2 1 2 0 2 2 0 0 0 0 1 1 0 0 0 0 2 2 0 1 0 0 0 0 2 0 0 0 0 2 2 2 2 0 
659 606
606 70
70 723
723 830
830 934
934 647
647 439
439 807
807 995
995 650
650 15
15 397
397 926
926 811
811 686
995 110
110 168
168 859
859 284
284 271
271 932
932 379
379 542
659 352
352 249
249 77
77 400
400 998
998 45
45 782
782 376
376 589
589 163
163 815
815 428
428 522
522 748
748 599
599 536
536 137
137 440
440 680
680 501
501 324
324 478
478 721
721 408
408 323
323 832
832 19
19 24
24 7
7 994
994 884
884 263
263 874
874 105
105 548
548 191
191 968
968 931
931 133
133 156
156 366
366 399
782 162
162 515
515 265
265 507
507 360
360 801
801 554
554 648
648 395
395 66
66 556
556 473
473 449
449 685
685 630
630 690
690 933
933 702
702 426
426 516
516 402
402 855
855 750
750 157
157 344
344 605
605 590
590 233
233 592
592 71
71 411
411 164
164 951
951 906
77 822
822 407
407 595
595 753
753 175
175 900
105 907
907 695
695 857
857 752
752 551
551 202
202 39
39 557
557 613
613 576
576 28
28 504
504 510
510 104
104 80
80 180
180 669
669 139
139 646
646 208
208 960
39 541
541 282
282 958
958 973
973 204
204 716
716 528
528 705
705 821
821 452
452 238
238 603
603 954
753 574
590 986
986 628
748 145
145 29
45 668
668 484
484 414
414 764
764 308
308 228
228 47
47 312
312 693
693 657
657 870
870 653
653 765
265 573
573 41
41 256
256 153
153 160
160 358
358 64
64 437
437 493
493 87
87 622
995 525
525 61
61 377
377 27
27 530
530 540
540 318
606 170
170 918
918 369
369 582
582 610
610 937
937 374
374 457
457 254
254 770
753 947
947 714
714 790
790 299
299 451
451 952
557 142
142 14
14 737
449 607
191 491
491 883
883 796
796 683
683 140
140 332
332 336
336 572
572 999
999 617
617 633
633 55
55 966
966 706
706 436
436 793
793 763
763 879
449 684
684 458
458 955
955 629
629 368
368 285
285 255
255 303
303 26
26 313
313 936
936 523
702 300
300 895
895 93
93 734
734 1000
1000 645
645 518
518 345
345 747
747 302
302 275
275 800
800 150
150 778
778 634
395 122
122 482
482 294
294 193
193 250
250 877
877 925
925 963
648 662
662 827
827 389
389 886
886 694
694 789
789 301
301 537
537 959
959 496
496 220
220 651
651 701
701 417
417 674
674 853
853 712
712 488
488 892
892 291
291 913
913 899
899 946
946 531
531 854
854 502
502 181
647 709
522 847
847 46
46 608
608 835
835 996
996 579
579 450
450 155
155 843
843 840
840 601
601 881
881 56
56 824
824 989
271 166
166 371
371 812
812 559
559 725
725 834
834 463
463 578
578 865
865 262
262 704
704 246
246 880
880 467
467 836
836 945
945 346
15 698
698 670
670 511
511 928
928 497
497 623
623 760
760 783
783 9
122 341
341 521
521 687
687 396
396 961
263 624
624 234
234 969
969 676
676 365
365 434
434 413
413 774
774 631
631 460
460 565
565 611
611 464
464 841
841 351
351 586
586 287
287 867
436 37
37 915
915 543
543 871
263 749
871 929
929 138
138 930
930 96
96 882
882 724
724 700
700 837
837 361
361 503
503 335
335 769
789 768
768 863
863 549
549 423
423 1
1 593
593 236
236 278
278 696
696 8
8 6
6 132
132 553
553 383
383 819
819 387
387 372
648 63
63 69
69 910
910 38
38 943
943 317
317 269
269 577
683 424
424 919
919 614
614 845
845 480
344 462
462 21
21 431
431 974
974 359
359 161
161 742
742 538
538 672
672 295
295 949
949 664
664 290
290 971
971 591
591 370
370 476
476 102
102 391
391 688
688 775
775 127
127 49
49 422
422 62
62 173
173 51
51 67
67 455
455 666
666 756
756 227
227 984
984 715
715 940
940 547
547 927
927 873
873 558
558 568
568 691
691 225
225 128
128 378
378 499
499 570
774 596
596 644
644 885
885 911
911 362
362 626
626 689
689 637
637 620
620 288
288 799
799 177
177 118
118 797
797 972
972 117
117 743
743 604
604 667
667 347
347 214
214 804
804 977
977 221
221 109
109 401
401 292
292 580
580 183
142 924
924 409
743 356
356 866
300 663
663 719
719 758
758 678
678 862
862 660
660 850
850 172
172 343
343 981
434 441
441 744
744 679
679 330
330 792
792 337
337 479
479 78
78 223
223 165
165 209
209 791
791 481
481 44
44 987
987 485
485 762
762 99
99 728
728 976
976 861
861 776
776 216
216 179
179 398
557 682
682 174
174 16
16 350
350 661
661 860
860 48
48 575
575 466
466 85
85 897
897 890
890 146
146 74
449 517
366 985
985 107
238 640
640 741
741 384
384 333
333 513
513 154
154 406
406 896
896 30
30 363
363 229
229 982
982 81
81 785
343 219
402 649
649 328
617 602
602 268
268 167
167 889
889 148
807 944
944 635
635 757
450 544
544 539
539 203
203 935
935 425
425 171
171 598
598 921
921 10
10 184
184 514
514 412
412 875
875 320
320 489
489 394
394 609
609 40
40 355
355 903
903 585
995 143
143 535
535 129
129 639
639 772
772 878
878 707
707 100
100 584
584 745
745 88
88 152
152 619
619 839
839 677
677 483
483 697
697 823
823 213
213 244
244 329
329 905
905 149
149 103
103 310
310 941
941 367
367 130
130 4
4 767
767 555
555 655
655 334
334 991
991 199
199 588
46 526
526 766
766 828
828 717
717 735
735 581
539 319
319 673
673 869
869 121
121 806
985 731
731 803
803 914
914 92
92 325
325 31
31 114
114 983
488 711
711 625
625 923
923 532
532 211
211 471
471 746
746 909
909 641
641 980
980 205
205 280
280 182
182 442
442 115
115 868
868 922
922 270
270 50
50 453
453 261
261 777
777 17
924 327
327 779
779 116
116 720
720 445
445 232
232 253
253 956
905 18
18 189
189 808
808 266
266 846
846 218
218 22
22 652
711 35
35 112
112 612
612 123
123 194
194 340
340 311
890 106
106 699
699 247
247 990
990 965
965 124
124 380
380 186
186 964
964 198
198 200
200 505
505 759
759 600
600 212
212 386
386 942
942 283
283 404
404 134
134 842
907 597
597 435
435 498
498 235
235 708
708 838
838 718
718 848
846 710
710 86
86 563
563 560
560 550
250 416
416 316
316 421
421 101
101 281
281 276
276 638
638 322
322 418
418 252
252 468
468 381
381 802
802 738
919 912
912 761
761 454
454 354
354 500
500 430
430 569
569 594
594 42
42 178
178 904
904 519
519 304
304 321
321 385
78 864
864 671
671 305
305 65
65 740
740 196
196 36
36 727
727 970
970 654
654 33
951 215
215 83
83 60
60 732
732 151
151 73
73 967
967 20
20 957
641 891
891 571
571 242
242 43
43 876
876 524
524 251
251 722
722 446
446 217
217 475
475 858
858 474
474 794
794 736
736 277
277 642
642 459
459 486
486 113
113 656
656 429
429 817
817 248
248 520
520 616
616 917
917 111
111 788
788 59
59 814
814 176
176 410
410 245
245 780
780 456
456 84
84 207
207 665
665 444
444 564
664 315
315 52
52 136
136 545
545 382
382 529
529 144
144 13
13 258
258 58
58 627
627 373
373 784
784 79
79 357
357 615
615 950
950 237
237 992
992 527
527 159
159 438
438 279
279 583
583 53
53 57
57 829
829 54
54 224
224 348
348 692
692 726
870 230
230 415
415 273
273 487
487 805
805 658
658 195
195 158
158 561
561 108
108 916
916 938
938 643
643 125
125 32
32 894
894 621
621 978
978 773
773 75
75 89
89 231
231 95
95 307
307 495
495 338
338 833
833 432
432 831
831 901
901 618
618 872
872 887
887 893
893 11
11 988
988 309
309 888
888 512
512 2
2 364
364 5
5 908
908 201
201 403
403 98
98 506
506 562
562 703
703 730
730 533
533 443
443 267
267 239
239 192
192 465
465 816
816 226
226 289
289 375
375 326
326 306
306 494
494 126
126 297
297 813
813 293
293 257
257 342
342 393
393 197
197 427
427 771
771 119
119 587
587 76
76 825
825 898
898 274
274 733
733 331
400 754
754 852
852 810
810 447
447 296
296 187
187 851
851 809
809 902
902 405
405 534
534 472
472 962
308 920
920 34
34 755
755 820
820 975
975 787
787 25
25 390
390 997
997 222
222 185
185 169
169 948
948 492
492 260
191 546
546 259
259 939
939 94
94 552
552 751
751 72
72 856
856 781
781 131
131 420
420 419
419 713
713 392
392 141
141 349
349 240
240 470
470 477
710 12
12 339
339 264
264 190
190 82
82 675
675 388
388 681
681 508
508 795
795 120
120 188
188 3
3 798
798 135
135 286
286 298
298 147
147 844
844 566
566 433
750 729
729 448
448 90
90 91
91 567
567 243
243 636
636 206
206 469
469 786
786 23
23 632
632 210
210 241
241 68
68 272
272 979
979 993
993 490
490 461
461 97
97 509
509 818
818 353
353 826
826 314
314 849
849 739
739 953
1000 5
0 2 0 2 2 0 0 0 0 0 2 2 2 2 0 1 0 2 2 0 0 0 2 0 0 2 0 0 2 0 2 2 2 1 2 2 0 0 1 0 0 0 0 0 2 0 0 0 1 0 0 2 0 2 2 2 0 2 2 2 0 0 0 0 1 0 0 2 2 2 0 0 1 2 0 0 2 0 0 2 0 0 0 2 0 0 2 2 2 0 2 2 2 0 2 0 2 2 0 2 2 0 2 2 0 0 0 0 2 0 0 0 2 0 0 1 1 2 2 0 2 2 0 0 0 2 2 0 1 0 2 2 0 2 2 2 2 0 1 0 2 2 2 2 2 0 0 2 2 2 1 2 0 2 0 0 2 2 0 2 0 2 0 0 2 2 1 2 0 2 2 2 2 0 0 0 2 2 0 2 0 0 0 0 2 2 2 0 1 0 0 2 2 2 0 0 0 0 2 0 0 2 2 0 2 0 2 2 1 2 0 2 2 2 2 0 2 2 0 0 2 0 0 0 1 2 0 0 0 2 2 0 2 0 0 2 0 2 2 2 2 2 2 2 2 0 2 2 2 2 0 2 0 0 0 0 0 2 2 2 1 2 0 2 1 0 0 2 0 2 2 1 2 0 2 2 0 0 2 0 1 2 0 2 2 0 0 0 0 0 2 1 0 0 0 2 2 2 2 2 2 2 0 2 2 1 2 0 2 0 0 0 0 0 2 2 0 2 0 2 0 0 2 2 2 2 0 0 1 1 2 0 2 2 2 0 0 1 0 2 0 0 2 2 0 0 2 0 0 2 2 2 0 0 2 2 0 0 0 2 0 0 2 2 2 2 0 0 2 2 2 0 2 0 0 0 2 2 2 0 2 0 0 0 0 1 2 0 0 0 2 0 2 2 0 0 0 2 0 0 0 2 0 0 1 2 0 0 2 2 2 0 2 0 1 2 2 2 0 2 0 2 2 0 2 0 1 2 2 0 2 2 0 0 2 2 2 2 1 0 2 0 2 2 0 2 2 0 2 0 1 0 2 0 2 0 2 0 2 0 0 1 0 2 0 2 1 2 0 0 2 0 2 2 2 0 1 2 0 0 1 2 0 0 0 2 0 2 1 2 0 0 2 2 2 2 0 0 2 0 0 0 1 2 2 2 2 0 1 2 2 2 1 0 0 2 0 0 0 0 2 0 0 0 2 0 0 0 0 0 0 0 2 0 2 0 0 2 2 2 2 0 1 2 2 2 2 0 2 0 2 0 2 2 2 2 0 2 2 2 0 0 0 2 2 2 0 1 0 2 2 0 2 0 2 1 0 2 2 0 0 0 0 1 1 0 0 2 0 2 0 2 0 1 0 2 0 2 2 0 0 0 0 2 0 0 2 0 0 0 2 2 0 2 2 0 0 2 2 2 2 0 1 2 1 2 0 1 0 2 0 0 2 2 2 0 0 2 2 0 1 0 2 2 0 0 0 0 0 0 2 1 0 0 1 2 0 2 2 0 1 0 0 2 0 0 0 0 0 0 0 2 2 0 0 0 0 2 2 2 0 0 0 0 0 2 2 0 1 1 1 2 0 0 0 2 0 0 2 1 2 2 2 2 0 2 2 0 0 0 1 0 2 2 0 2 0 2 2 2 0 0 0 2 2 0 2 2 0 0 1 0 2 2 2 2 0 2 0 1 1 0 0 2 2 2 0 0 0 0 2 2 1 0 0 2 0 1 0 1 2 1 2 0 2 0 0 0 2 1 2 0 0 2 2 0 2 0 0 2 2 0 0 0 1 0 0 2 0 2 0 0 2 2 1 0 2 0 0 0 0 0 0 0 0 0 0 2 0 2 2 1 2 2 0 0 0 2 0 0 0 2 1 2 2 0 2 2 2 2 0 0 0 0 1 2 1 2 0 0 2 0 0 2 2 2 2 0 2 0 2 2 0 2 2 2 0 0 0 0 2 2 2 0 2 2 0 2 2 0 2 1 0 2 0 2 0 1 0 0 2 0 0 2 0 1 2 0 0 2 0 2 2 1 2 2 0 0 2 1 2 0 2 2 1 0 2 2 2 0 1 0 2 0 2 2 0 2 2 0 2 1 1 0 0 2 0 2 2 0 0 0 2 2 2 0 0 2 1 2 0 2 2 0 0 0 2 0 0 0 0 0 0 0 2 1 0 2 2 0 0 2 0 0 0 0 0 0 2 2 0 0 0 2 2 0 2 1 2 2 2 0 2 2 2 2 0 0 2 1 2 0 0 0 2 2 0 0 2 0 
96 90
90 973
973 404
404 334
334 148
148 336
336 827
827 100
100 507
507 530
530 443
443 728
728 674
674 323
323 429
429 570
570 904
904 851
851 21
21 11
11 558
443 755
755 930
404 106
106 505
505 198
198 459
459 858
858 70
70 891
930 732
732 110
110 528
528 166
166 318
318 370
370 139
11 721
721 607
607 508
508 328
328 398
398 832
832 775
775 457
457 386
386 124
124 266
266 723
723 335
335 819
819 969
969 383
383 481
481 843
843 706
706 588
588 268
268 428
428 870
870 354
354 35
35 103
103 409
409 360
870 967
967 641
641 849
849 358
358 693
693 269
269 799
799 54
54 309
309 143
799 1000
1000 272
272 41
41 698
698 616
616 988
988 389
389 280
280 491
491 771
771 200
200 294
443 472
530 275
275 534
534 872
872 206
206 165
165 207
207 259
259 887
887 893
893 903
903 830
830 288
288 834
834 879
879 734
734 125
125 649
649 695
695 917
723 580
309 192
192 133
133 460
460 72
72 694
694 850
318 441
441 453
453 634
634 415
415 817
817 469
469 710
710 467
467 233
233 871
871 912
912 342
342 802
802 363
363 19
19 87
87 722
616 683
683 347
347 196
196 824
824 213
213 955
955 691
691 724
724 260
260 595
616 523
523 255
255 177
177 768
768 808
808 786
786 379
379 640
775 153
153 964
964 514
514 27
336 735
735 119
119 946
946 498
498 329
329 223
223 731
731 218
218 527
527 140
140 702
702 201
201 485
485 222
222 468
468 555
555 121
824 80
80 972
972 244
244 627
627 425
425 321
321 628
628 625
625 548
548 615
615 66
66 410
410 509
509 333
333 155
222 317
317 950
950 23
23 739
739 692
692 236
236 247
247 759
759 856
856 145
145 557
557 142
142 137
137 554
554 331
331 936
936 784
784 656
656 651
651 643
643 60
60 480
480 751
751 915
915 517
517 568
568 186
186 476
917 531
555 172
172 98
98 626
626 927
927 989
989 822
822 564
564 894
894 62
62 609
609 486
486 717
717 450
450 28
28 109
917 313
851 48
48 47
47 97
97 160
160 867
867 265
265 298
969 765
765 15
15 923
849 406
121 24
24 714
714 757
856 511
511 579
579 63
63 225
225 65
65 789
789 666
666 958
958 463
463 788
788 650
650 217
217 790
790 882
882 845
845 403
403 959
62 696
696 433
433 569
683 596
596 67
67 5
5 581
581 141
141 134
134 658
658 945
945 388
388 602
602 633
633 992
336 131
131 183
183 960
960 144
144 422
422 611
611 68
68 1
1 994
994 645
645 661
661 208
208 191
191 25
25 810
810 348
348 833
833 772
772 978
978 954
954 792
792 653
653 231
231 987
987 16
16 376
376 744
744 13
13 741
741 365
365 234
234 844
844 466
466 173
173 944
468 387
387 84
84 968
968 88
88 520
520 228
228 78
78 535
535 598
72 818
818 241
280 888
888 357
357 811
811 263
263 475
475 150
771 380
380 267
267 283
283 610
610 487
487 566
566 500
500 636
636 232
232 251
251 925
925 243
243 957
957 168
168 32
32 364
364 212
212 185
185 36
36 981
722 707
313 61
61 574
732 689
364 947
947 582
582 496
496 132
132 997
997 224
224 209
992 599
599 418
418 685
685 868
868 820
820 835
835 416
416 162
162 421
421 458
458 938
486 188
188 235
235 31
31 673
673 408
408 760
760 174
174 77
132 112
112 831
831 462
462 885
885 279
279 624
624 730
730 546
546 64
64 787
787 889
889 905
905 352
13 836
836 435
435 515
515 597
597 813
813 392
392 69
69 869
869 261
261 120
120 51
51 669
669 764
764 215
215 455
455 367
367 482
482 884
884 681
681 825
825 39
39 424
424 779
779 7
7 161
161 95
95 286
649 59
59 299
299 230
230 8
757 983
469 497
398 175
175 993
993 291
291 934
934 197
197 829
829 919
919 18
18 147
147 513
513 484
484 411
411 22
22 371
371 353
353 736
736 470
470 803
803 229
229 600
600 605
605 74
74 575
575 542
542 102
967 304
304 924
924 690
690 368
368 488
488 99
99 402
402 782
7 914
914 337
887 81
81 890
890 400
400 861
861 701
701 920
920 767
767 420
420 303
303 766
766 226
226 314
314 20
20 549
549 338
338 864
864 635
635 953
953 345
345 705
705 246
786 601
601 340
340 26
26 716
716 623
623 395
395 712
712 474
474 478
478 883
883 703
703 432
432 942
283 910
484 908
908 774
774 440
440 479
479 202
202 846
846 502
502 444
444 909
909 293
293 46
46 711
711 427
427 671
671 86
86 2
2 282
282 108
108 747
747 499
499 583
583 720
720 419
419 865
865 273
273 971
971 781
357 525
525 495
495 512
512 544
544 138
968 107
107 377
377 79
79 356
356 123
123 483
483 572
572 57
57 949
949 305
305 777
777 536
536 83
83 210
210 378
255 30
30 963
963 682
282 221
221 662
662 795
795 52
52 541
541 770
770 526
526 44
44 151
151 341
341 800
800 114
114 873
873 399
399 167
167 101
101 430
430 539
539 933
933 648
648 704
704 937
937 461
461 501
501 396
396 907
907 586
586 407
407 738
738 494
494 187
187 12
12 219
219 769
817 152
152 394
394 178
178 319
319 828
828 837
837 928
928 240
683 900
900 996
996 437
751 754
754 169
169 776
776 951
951 901
901 456
456 270
270 708
708 157
157 473
473 434
434 939
939 9
9 874
874 355
355 372
372 664
664 34
946 58
58 156
156 943
943 940
940 815
815 594
594 146
146 812
812 14
14 176
176 718
718 253
575 256
256 382
382 351
351 327
327 617
480 742
742 163
163 911
911 591
591 438
438 128
128 492
492 301
301 886
886 50
50 464
464 214
214 667
667 190
190 697
697 593
593 592
812 620
620 896
896 4
4 37
37 670
670 385
385 10
10 990
990 749
749 258
258 561
561 296
296 761
240 899
899 785
30 715
592 559
559 538
538 405
405 448
448 668
668 793
865 330
330 680
680 82
82 571
571 863
863 646
646 277
793 493
493 532
532 585
585 111
111 974
974 105
472 113
113 195
195 325
325 33
33 686
686 431
431 587
587 189
189 278
278 249
249 117
117 477
97 975
975 918
918 906
906 73
73 289
289 979
979 866
528 38
474 237
237 892
892 158
158 551
551 306
306 700
700 94
94 447
447 295
295 122
122 631
631 562
562 931
931 816
816 537
537 750
750 805
805 362
405 895
895 344
344 300
300 245
245 56
56 250
250 560
560 522
945 204
204 743
743 804
804 982
982 543
543 642
642 780
780 676
676 948
948 913
913 159
323 397
397 129
129 391
391 875
875 590
590 426
426 986
986 322
322 239
166 965
965 194
194 778
778 311
161 976
976 952
952 316
316 999
999 436
436 506
506 821
821 753
753 719
719 857
673 43
43 672
672 92
538 339
385 552
552 729
729 573
573 659
659 748
748 127
127 798
798 745
745 310
310 639
639 578
578 652
652 3
3 618
618 89
89 445
445 271
271 227
227 926
926 608
608 862
862 297
297 465
465 877
877 726
726 393
393 276
276 184
184 629
450 563
563 199
199 663
663 29
29 182
996 794
794 164
164 205
205 503
503 85
85 170
170 565
565 644
644 619
619 116
116 998
998 809
809 801
801 880
880 929
929 807
807 881
881 898
898 315
315 961
961 806
806 248
248 727
727 556
556 679
679 733
733 533
533 238
238 154
154 613
613 529
529 553
553 471
471 390
390 91
91 524
524 307
544 519
519 264
388 374
374 860
860 630
630 179
179 49
508 366
366 966
966 45
45 135
431 312
312 678
678 839
839 991
991 324
324 740
740 130
130 970
970 104
104 984
984 76
76 699
408 349
349 521
521 203
203 262
262 859
859 516
516 848
848 935
935 854
961 6
618 622
622 417
417 713
713 211
211 665
665 75
75 916
916 675
675 977
977 290
568 853
853 454
618 783
783 274
274 149
149 545
545 621
621 252
252 308
308 995
995 414
414 369
82 932
932 257
257 638
638 841
841 442
442 504
504 746
746 823
823 518
518 449
449 93
93 878
878 490
490 413
413 115
115 980
980 797
797 55
55 921
921 17
17 677
677 606
606 840
840 381
381 53
53 285
187 332
332 941
941 361
361 550
550 654
654 922
922 826
120 897
240 452
294 373
373 842
842 42
42 614
614 423
423 855
855 838
838 567
567 346
319 343
343 576
576 985
985 876
876 401
401 655
655 540
540 216
216 451
451 242
242 660
660 292
427 847
847 763
763 40
40 326
326 902
902 725
725 220
220 752
752 956
956 489
489 791
791 126
126 603
603 181
181 762
779 584
584 604
604 773
773 320
320 384
384 375
375 814
814 412
412 709
709 852
852 637
637 632
632 589
589 510
510 758
758 254
254 136
136 359
359 577
577 287
287 350
350 281
281 756
756 684
684 547
547 647
647 962
962 612
612 118
118 687
687 302
302 284
284 71
788 796
796 688
688 439
439 737
737 171
171 446
446 193
193 180
180 657
