10
1000 2
2 2 2 0 2 2 2 0 0 2 1 0 0 0 2 0 2 0 2 2 0 2 0 2 0 0 2 0 2 2 2 2 0 0 2 0 0 2 2 0 0 2 2 2 0 2 0 0 0 2 2 0 0 0 2 2 2 0 2 0 0 0 2 0 2 2 0 2 0 2 2 0 1 2 2 0 0 2 2 2 0 2 2 0 0 0 0 1 2 0 0 2 0 0 1 2 0 1 2 0 0 0 2 2 0 1 2 2 2 0 2 2 1 2 2 2 2 2 2 2 2 0 0 2 0 2 2 1 2 2 2 1 2 0 2 1 2 0 0 2 1 2 0 2 0 2 2 0 1 2 1 2 2 0 2 0 0 0 0 0 2 2 0 2 0 2 0 0 2 0 0 0 2 0 2 0 0 0 0 2 0 2 0 2 0 2 2 0 0 0 2 0 2 0 0 2 2 2 0 2 0 0 0 0 0 2 0 2 0 2 2 2 0 2 2 0 0 2 2 2 0 0 2 0 2 2 2 1 2 0 0 0 0 0 2 0 0 1 2 2 2 2 2 2 1 0 0 2 0 2 2 0 0 2 1 0 0 0 2 2 0 0 0 0 1 0 0 2 0 2 2 2 0 2 2 2 0 0 0 2 2 2 0 0 0 2 0 2 1 2 2 0 0 2 2 1 0 0 2 2 0 2 1 2 2 2 0 2 2 2 0 0 0 0 2 2 0 0 0 0 2 0 2 2 0 0 0 0 2 2 1 2 0 2 2 0 0 2 2 0 2 0 0 0 0 2 0 2 0 0 2 0 2 0 2 2 2 0 1 2 0 0 2 2 2 2 0 2 0 2 2 0 0 0 0 2 0 0 2 0 0 2 1 1 2 2 0 0 0 2 2 0 0 2 0 2 2 0 1 0 2 2 0 2 0 1 0 2 2 2 0 2 0 0 0 2 0 1 2 2 0 0 2 0 0 2 0 0 0 0 2 0 0 2 0 0 0 0 2 2 0 2 0 0 2 2 2 2 0 2 1 0 0 0 2 2 0 0 2 2 2 0 1 0 1 0 1 0 2 2 2 1 2 1 2 2 2 2 2 2 0 0 0 0 0 2 0 0 0 2 2 2 2 0 0 2 2 2 2 2 0 0 0 2 0 0 1 2 0 0 0 0 0 0 0 0 2 0 2 2 2 0 2 0 0 0 0 2 0 0 2 1 0 2 0 2 0 0 0 2 2 0 2 0 2 0 0 2 0 0 2 0 1 0 0 1 2 0 0 0 2 2 2 2 0 1 0 0 0 0 2 2 2 2 0 0 2 2 1 0 0 0 2 2 2 2 0 0 2 2 2 0 0 0 0 0 1 0 2 0 0 2 1 2 2 2 2 2 0 2 0 2 0 0 0 1 2 2 0 0 0 1 2 0 2 2 0 0 0 0 1 1 0 0 0 0 0 2 0 2 2 0 2 2 0 2 1 2 0 0 2 0 2 0 2 0 0 0 0 2 2 2 0 2 2 0 0 2 2 2 2 0 0 2 1 2 0 2 2 0 0 1 0 2 2 0 2 1 1 2 0 0 0 2 0 0 1 0 2 2 0 2 0 0 2 2 2 2 0 2 2 0 2 2 0 0 0 2 0 2 2 0 1 0 2 2 2 0 2 2 0 0 0 2 0 2 0 2 2 2 0 1 2 0 2 2 0 2 1 2 2 0 2 0 2 0 1 0 2 0 0 2 0 0 2 2 2 0 2 2 0 2 2 0 2 2 0 0 0 0 0 0 2 2 1 2 2 2 2 0 2 0 2 2 1 2 2 0 2 1 2 0 0 0 1 0 1 0 2 0 2 2 2 0 0 1 1 2 0 1 0 2 2 2 2 0 2 2 1 0 0 2 0 2 0 2 2 2 2 1 1 2 2 2 2 0 0 0 2 2 0 2 0 2 2 2 2 0 1 0 2 1 0 2 0 2 2 2 0 0 0 2 2 0 1 2 2 2 0 0 0 2 2 2 1 0 2 0 1 0 2 2 0 2 0 0 0 2 2 2 2 1 0 0 2 2 2 2 2 0 0 0 0 0 2 0 2 2 2 2 0 2 0 2 2 2 2 0 2 0 2 2 2 2 2 0 0 0 2 1 0 0 2 2 2 2 2 2 0 2 2 0 0 0 0 2 0 2 0 0 2 2 0 0 1 0 2 0 2 0 0 2 1 2 0 1 0 0 2 2 0 0 2 0 2 0 0 2 0 2 2 2 1 2 0 0 0 2 1 0 
874 349
349 264
264 556
556 28
28 243
243 862
862 946
946 937
937 19
19 642
642 6
6 523
6 369
369 17
17 391
391 853
853 62
62 269
269 327
327 107
107 409
409 980
980 505
505 346
346 601
601 534
534 1
1 564
523 756
756 813
813 240
240 997
997 966
966 423
423 246
246 682
682 580
580 29
29 856
856 881
881 747
747 555
240 737
737 232
232 479
479 896
896 290
937 700
700 282
282 157
157 105
105 718
718 265
265 996
996 344
344 287
287 234
234 47
47 39
39 484
484 726
726 74
74 616
616 981
981 927
927 490
490 48
48 775
775 689
689 460
460 25
25 405
405 390
390 252
252 117
17 606
606 809
809 821
821 455
455 819
819 958
958 539
539 256
256 363
363 749
749 524
524 723
723 368
737 806
806 181
181 286
286 486
486 512
512 53
53 60
60 347
347 49
49 219
219 748
748 167
167 59
59 734
734 592
592 170
170 667
667 303
303 136
136 542
53 590
590 612
612 193
193 940
391 483
483 949
327 186
186 778
778 23
23 939
939 245
245 508
6 253
19 729
729 52
52 558
558 211
211 798
798 502
502 323
323 416
416 72
72 102
102 808
346 884
884 597
597 354
354 381
381 915
915 432
432 461
461 535
535 281
281 174
174 704
704 247
247 64
64 331
363 992
992 696
696 957
957 280
280 548
548 426
426 886
886 325
325 924
924 295
295 820
548 412
412 421
421 692
692 478
478 365
405 741
741 229
229 857
857 465
465 261
261 317
317 156
156 930
930 224
224 781
781 92
92 880
880 834
523 576
576 883
883 715
715 321
981 527
527 960
960 774
774 770
770 268
268 213
213 751
751 712
712 77
77 428
428 876
876 195
290 594
594 459
459 550
550 233
233 549
549 608
642 81
92 350
350 719
719 189
189 938
938 911
911 637
637 643
857 496
496 861
861 894
894 721
721 922
922 145
145 562
562 868
868 99
233 373
373 520
520 903
903 506
506 771
771 400
400 305
718 897
897 843
843 272
272 605
605 413
413 90
90 961
961 593
593 5
5 744
884 94
94 51
272 652
652 271
271 552
552 586
586 950
950 361
361 912
912 647
997 238
238 179
179 408
408 838
838 662
662 435
435 761
761 85
85 304
304 802
802 602
602 888
888 998
998 54
54 471
471 954
954 154
154 150
150 858
858 963
963 920
930 473
286 646
646 3
3 155
155 713
713 492
492 879
879 882
882 910
910 783
783 620
620 178
552 160
160 787
787 404
150 177
938 392
392 357
473 33
33 830
830 259
259 449
449 299
299 448
448 699
699 364
364 650
650 805
805 717
717 703
703 825
825 765
765 338
338 885
885 846
846 453
453 891
891 968
968 86
86 360
360 420
420 875
875 31
31 518
518 285
285 63
63 976
976 942
942 537
537 371
371 578
193 785
785 228
228 948
948 766
766 786
692 570
570 688
688 380
380 645
645 401
272 541
541 249
249 793
793 722
722 676
676 529
529 836
836 575
575 641
641 621
621 18
18 396
396 129
129 121
121 845
845 731
731 442
442 629
629 137
137 118
118 753
753 330
330 565
565 377
992 811
811 146
146 251
251 429
429 43
43 613
613 57
57 842
63 863
863 491
491 255
255 38
38 216
216 893
893 660
539 335
335 82
82 123
123 871
871 149
149 476
476 326
326 215
215 458
458 977
977 623
623 684
684 212
212 588
588 225
225 158
158 904
904 932
932 567
567 91
91 914
914 430
430 499
499 288
288 138
138 4
4 680
680 142
142 139
139 969
534 370
370 599
391 301
301 810
810 706
706 257
257 480
480 35
35 635
635 611
611 351
351 372
372 800
72 337
337 202
682 561
561 134
134 533
533 226
226 319
319 943
943 773
773 187
642 356
356 624
624 707
707 201
461 345
345 395
395 951
951 661
661 630
630 779
779 431
431 239
239 872
872 83
83 982
982 867
867 427
427 11
11 266
266 693
693 467
467 531
531 379
379 133
133 739
739 89
89 822
822 994
994 27
27 130
130 859
859 7
7 318
318 923
923 952
952 112
112 789
789 510
510 214
214 553
553 767
232 358
737 34
34 98
98 276
276 543
543 494
494 114
114 410
939 191
191 702
702 125
923 720
720 244
244 864
864 814
814 399
399 76
317 522
522 183
357 890
890 750
750 366
366 343
343 148
148 574
574 312
312 916
916 651
651 671
671 394
394 618
618 991
991 415
415 279
279 928
928 926
926 683
683 419
419 79
79 544
544 763
763 764
764 292
292 407
407 986
986 182
182 972
972 267
267 162
813 376
134 378
378 434
434 151
151 397
397 481
481 222
222 752
950 194
194 817
817 55
55 866
866 714
714 235
235 936
936 71
71 311
311 589
589 672
672 573
573 587
587 536
536 436
436 70
70 844
844 192
192 197
197 10
10 314
314 1000
1000 918
918 591
591 935
935 414
414 907
907 687
687 227
227 627
627 417
417 472
472 762
762 424
522 403
926 610
610 493
493 743
743 454
454 207
207 466
466 169
169 691
691 209
490 457
457 733
733 697
427 78
78 509
509 675
675 516
516 653
653 165
165 974
974 362
362 342
342 110
110 200
200 517
517 971
767 686
686 860
860 185
185 278
278 443
443 898
898 21
21 101
101 500
500 987
987 579
579 310
938 944
602 934
934 833
412 901
901 439
439 698
698 115
115 837
837 513
513 639
639 563
563 175
175 816
816 571
571 519
519 274
274 598
598 831
831 402
402 754
754 511
511 658
658 485
485 462
247 218
218 188
188 122
122 297
297 905
905 694
694 147
147 708
708 609
609 15
15 163
163 445
445 669
669 298
298 603
603 668
668 772
772 97
97 582
582 184
184 223
223 850
850 422
156 127
127 679
679 289
289 437
437 999
999 758
758 673
673 501
501 161
161 559
559 622
622 823
823 538
538 393
393 925
925 248
248 908
908 73
73 947
947 728
728 332
332 12
12 899
899 984
984 648
648 889
889 440
440 724
724 933
933 735
735 626
626 42
42 67
67 355
355 705
705 768
768 514
514 382
382 190
190 659
659 236
236 474
474 596
596 654
654 841
841 585
772 451
451 143
143 131
131 993
700 725
725 557
431 840
840 617
617 953
953 931
931 710
710 835
835 716
716 759
759 804
888 632
632 152
152 168
168 296
296 776
776 95
95 634
634 367
768 116
116 738
738 657
657 447
447 803
803 45
45 469
469 153
153 293
293 46
46 782
782 975
975 384
384 681
681 14
14 685
685 284
284 441
441 124
926 979
979 135
135 690
690 551
551 583
583 254
254 75
75 757
757 206
206 237
237 277
277 631
631 475
723 241
241 784
784 619
802 329
329 231
231 487
487 389
389 746
746 126
126 425
425 208
208 644
644 217
485 328
328 521
521 262
262 848
848 32
32 308
308 30
30 119
119 8
8 545
545 203
203 665
665 171
171 742
742 353
353 446
446 913
913 625
625 909
909 851
851 80
80 760
760 464
464 120
120 22
634 463
463 468
468 530
530 526
526 383
383 250
250 604
604 26
26 88
88 300
300 418
418 352
352 633
633 892
200 306
306 847
356 964
964 84
84 906
906 230
230 795
795 878
878 769
769 291
291 140
140 495
495 839
11 577
577 283
283 730
730 790
88 294
294 902
902 503
503 44
44 132
132 828
828 103
103 799
799 745
745 547
547 732
732 638
638 985
985 755
755 199
199 568
568 929
929 824
824 104
104 93
742 58
58 263
263 854
854 566
566 61
840 322
322 166
166 855
855 477
477 341
341 56
56 546
546 921
921 678
678 66
66 307
307 302
302 196
58 20
20 498
498 607
607 614
614 41
743 970
970 959
959 788
788 106
106 324
324 470
470 433
548 320
320 507
507 736
773 9
9 176
176 270
270 159
159 664
664 560
560 40
40 917
917 955
955 695
695 515
515 615
615 315
315 69
69 388
388 797
797 990
990 24
24 649
649 242
242 554
554 780
780 600
600 456
456 386
386 584
584 674
674 988
988 68
68 406
406 663
663 869
869 387
387 450
450 220
220 670
670 595
595 701
110 374
374 16
16 273
273 438
438 877
877 108
108 210
210 711
711 581
581 113
66 87
87 995
995 204
509 740
740 100
633 865
865 198
198 852
852 832
832 887
887 37
37 109
109 965
965 444
444 572
660 791
791 339
339 334
334 900
900 164
164 818
818 316
316 144
144 385
385 919
444 709
709 173
173 792
792 489
489 313
313 333
333 336
336 497
497 128
128 628
628 873
873 172
172 411
411 636
203 359
359 260
260 807
807 50
50 962
962 827
827 569
569 677
677 801
428 945
945 540
540 870
870 528
528 666
666 111
111 275
275 895
895 525
525 656
656 796
796 309
309 640
640 989
989 96
881 348
348 829
829 482
482 340
340 2
2 180
180 258
258 826
826 398
398 488
488 655
655 452
452 13
737 504
504 815
815 221
221 141
141 967
87 36
36 727
727 973
973 532
565 849
849 777
777 941
941 978
978 794
794 956
956 375
503 983
983 65
65 205
205 812
1000 8
2 2 2 0 0 1 2 2 2 0 0 2 0 0 0 1 2 0 0 0 0 1 0 0 2 0 2 2 0 0 0 1 2 0 0 2 2 2 2 0 1 0 0 1 2 0 2 0 2 0 2 0 2 0 0 0 2 2 0 1 0 0 0 1 2 2 2 2 1 0 2 2 1 2 2 2 2 0 2 2 0 1 2 2 2 2 2 2 0 1 0 2 1 2 2 2 0 2 0 1 2 2 2 2 2 2 2 2 0 0 0 0 0 0 0 0 0 0 0 2 2 0 0 1 2 0 0 2 0 1 1 0 1 0 0 0 2 2 0 0 2 2 2 0 0 0 1 0 2 2 2 2 0 2 0 0 2 0 2 2 0 0 2 2 0 1 0 1 2 2 0 1 0 2 0 0 2 0 0 0 0 2 1 0 0 0 1 2 2 2 0 2 1 2 0 1 0 2 0 0 2 2 0 1 1 1 0 0 0 0 0 2 0 1 0 0 0 2 0 1 0 2 2 2 0 2 2 0 2 2 0 0 2 0 0 2 0 2 2 2 0 2 2 0 2 1 0 0 2 0 0 2 0 2 0 0 0 2 0 2 0 1 0 0 2 0 0 1 0 2 2 0 0 1 0 0 0 2 0 2 1 1 2 0 0 2 0 0 2 0 2 2 0 0 0 2 2 1 0 2 2 2 0 2 2 0 2 0 0 0 1 2 0 2 2 0 2 0 0 2 0 2 0 2 0 0 0 2 2 2 2 0 2 0 2 0 2 0 2 2 2 2 2 2 0 0 2 0 0 2 2 0 0 0 0 0 1 0 0 2 1 0 0 2 0 2 0 2 0 0 0 2 0 2 2 1 0 2 2 2 0 0 2 2 0 2 0 0 1 0 2 0 0 2 0 2 0 0 1 0 2 0 2 2 0 0 0 2 2 0 2 0 2 2 0 0 2 2 2 0 0 2 2 1 2 0 0 0 2 0 2 0 0 2 2 2 2 0 0 2 2 2 0 2 2 0 2 0 2 2 2 2 0 0 2 0 0 0 0 2 0 2 2 0 1 0 0 0 2 0 2 2 0 0 0 2 0 2 2 0 2 2 0 2 0 0 0 1 1 2 0 2 2 2 2 2 2 2 0 2 2 0 2 2 1 2 0 2 0 2 0 2 0 1 2 2 0 0 2 2 0 2 2 0 0 2 0 0 2 2 0 2 2 2 0 1 0 0 2 2 2 2 0 0 2 2 2 2 2 2 2 0 2 2 2 0 1 0 1 0 0 2 0 0 0 1 2 1 2 0 0 2 2 1 2 2 2 0 0 2 2 0 0 0 2 2 2 1 2 0 0 0 2 0 0 2 2 2 2 0 0 2 0 2 0 1 2 1 0 1 2 2 2 0 0 0 2 0 2 0 2 2 0 0 1 2 2 2 0 2 2 0 2 0 0 0 0 2 0 0 0 2 2 0 0 2 2 0 2 2 0 2 2 0 2 2 0 2 2 2 0 0 2 2 0 0 2 0 2 2 2 0 1 2 2 2 0 0 2 0 0 0 2 0 2 0 2 0 1 2 0 0 2 0 0 0 0 2 2 2 2 1 0 2 1 0 0 2 0 0 2 2 2 2 0 2 0 2 2 0 2 2 0 1 0 2 2 2 1 0 0 0 1 0 0 1 0 0 2 0 0 2 2 0 2 0 2 2 2 0 0 0 2 2 2 1 2 0 2 0 0 2 1 0 0 2 0 2 2 2 0 0 0 2 0 2 0 0 1 2 2 2 1 0 2 2 0 0 2 2 2 2 0 1 2 0 2 2 0 2 0 0 2 2 2 0 0 0 2 2 2 1 0 2 2 2 2 0 1 2 2 0 0 1 1 2 0 2 1 0 2 1 0 0 0 0 0 2 2 2 2 0 0 2 2 0 2 0 2 2 0 0 0 0 0 2 0 0 2 1 2 1 1 0 2 0 0 0 2 2 2 0 1 0 0 0 0 0 2 1 0 1 2 2 0 2 2 2 0 0 2 2 0 2 0 2 0 1 2 0 0 0 2 0 2 2 0 1 0 0 0 0 2 2 2 0 0 0 0 2 0 2 2 0 2 2 2 2 1 2 0 2 0 0 2 0 2 2 0 2 0 1 0 0 2 2 2 2 1 2 0 2 2 2 2 2 0 2 0 2 2 0 0 2 0 2 1 2 2 0 0 2 0 0 0 2 2 2 0 0 2 0 0 2 2 2 2 2 1 2 0 2 0 2 0 2 0 2 2 2 
912 84
84 941
941 258
258 903
903 759
759 417
417 885
885 669
669 255
255 153
153 660
660 307
307 702
702 54
54 940
940 575
575 405
405 890
890 299
307 944
944 105
105 284
284 22
22 953
953 969
255 28
28 306
306 20
20 876
876 799
799 338
338 434
434 511
405 936
936 331
936 413
84 117
117 446
446 991
991 341
341 988
413 815
815 998
903 243
243 57
57 492
492 1
1 955
955 421
421 63
63 654
654 453
453 94
94 986
986 826
826 462
462 266
266 813
813 884
884 954
954 254
254 489
489 37
37 101
101 855
855 523
523 797
797 163
163 201
201 135
135 603
299 347
347 256
256 942
942 720
720 447
447 749
749 400
400 505
505 350
350 75
75 792
792 636
636 470
470 736
736 399
399 78
78 375
375 107
107 276
276 871
871 327
327 757
757 496
496 257
257 490
490 45
45 200
200 745
745 82
338 365
365 846
846 252
252 713
713 352
352 23
23 322
462 547
547 861
861 459
459 987
987 974
974 62
62 985
985 303
303 816
816 755
755 604
604 464
464 40
40 994
994 297
297 833
833 18
18 77
77 398
398 81
81 487
487 615
615 148
148 632
632 706
706 52
52 638
954 124
124 750
750 992
992 518
518 419
419 708
708 579
579 728
728 450
450 68
68 779
779 832
832 458
458 715
715 207
207 843
843 989
989 288
288 393
393 507
507 312
312 467
28 502
502 374
374 651
651 320
320 244
244 178
178 613
613 929
929 50
50 203
203 557
557 379
379 915
915 224
224 558
558 98
98 195
195 292
292 513
513 737
708 544
544 704
704 121
121 556
556 238
238 3
3 671
671 680
680 460
460 611
611 888
888 597
597 536
536 990
990 506
506 106
876 160
160 724
724 74
74 329
329 981
981 395
101 250
250 17
17 287
287 644
644 977
977 348
348 411
411 321
321 546
546 192
192 193
193 481
481 53
53 423
423 214
214 771
771 798
798 14
14 1000
1000 545
545 295
295 951
951 661
661 619
619 539
539 678
678 7
7 463
724 164
164 282
282 165
165 504
504 854
854 935
935 391
391 770
770 892
892 79
79 368
368 567
567 138
138 785
785 51
51 790
790 32
32 128
128 762
762 90
941 928
928 875
875 510
510 408
408 498
498 965
965 190
190 202
202 850
850 232
232 825
825 216
216 721
721 586
586 120
120 382
382 574
574 484
78 716
716 570
570 353
353 858
858 465
465 874
874 226
226 677
843 641
641 868
868 584
584 926
926 316
316 34
34 476
476 64
64 599
599 236
236 587
587 962
962 530
530 830
830 66
66 747
747 491
491 726
726 976
976 251
251 870
870 772
368 422
422 562
562 335
335 501
501 670
670 241
241 698
698 83
83 841
841 377
377 357
357 880
880 171
171 911
911 181
181 6
6 847
847 61
61 389
389 286
286 386
386 593
593 624
624 594
594 837
837 161
79 237
237 689
689 248
248 648
648 760
760 696
696 240
240 188
188 280
280 245
292 947
947 970
970 198
198 176
176 380
380 455
455 194
194 787
787 999
999 392
392 387
387 259
75 262
262 849
849 461
461 136
136 263
263 378
378 643
643 655
655 71
71 142
142 972
972 688
688 836
836 495
495 35
35 95
95 527
594 515
515 199
199 744
744 10
10 482
482 503
503 957
957 454
454 99
99 93
93 842
842 114
114 635
635 440
440 662
662 540
540 122
198 893
893 265
265 514
514 939
939 666
666 119
119 703
703 143
143 791
791 113
113 697
697 249
249 865
865 521
521 872
872 588
514 609
609 268
268 456
456 519
519 12
12 485
485 381
381 179
179 130
130 304
304 516
214 823
823 313
313 139
139 552
552 718
718 448
448 663
663 170
170 394
394 478
478 844
844 605
605 239
455 326
326 853
613 809
809 428
428 430
430 437
437 145
341 290
290 197
347 795
795 361
361 818
818 349
349 764
764 948
948 690
690 781
781 228
228 657
657 927
927 705
597 730
730 808
808 692
692 508
957 311
311 512
512 162
162 185
185 550
550 960
960 298
298 438
438 534
534 542
542 535
535 581
581 209
209 896
896 573
573 293
293 354
354 673
673 525
525 96
96 186
186 717
717 125
125 92
92 889
889 919
919 743
743 330
330 443
443 900
900 302
302 950
671 173
173 87
87 782
782 700
700 27
27 946
946 646
646 878
878 115
115 403
403 319
319 937
937 722
722 346
209 41
41 300
300 738
738 451
451 923
923 390
390 220
220 206
206 672
672 384
384 60
671 25
25 140
140 577
577 665
665 796
796 227
227 433
433 427
427 334
334 425
425 995
995 72
72 49
872 740
740 230
230 147
147 103
103 342
849 895
895 569
569 640
640 184
184 554
554 24
24 340
340 685
685 36
36 524
524 623
623 97
97 630
630 932
932 436
436 158
158 810
810 253
253 828
828 979
609 373
373 710
710 980
980 906
60 682
682 634
634 576
576 735
735 260
491 924
924 629
629 47
47 656
656 967
967 549
549 267
267 807
227 789
789 477
477 88
88 902
902 225
225 548
548 618
618 856
856 29
29 952
952 85
85 694
694 8
8 358
358 719
719 620
620 585
585 973
973 159
159 699
699 169
546 166
166 180
180 543
543 578
578 949
949 769
769 247
247 621
621 650
650 879
66 363
363 541
541 921
921 91
91 16
16 155
155 882
882 555
555 58
58 246
246 26
26 997
997 590
586 360
360 963
963 494
494 396
396 488
488 958
958 187
187 416
416 19
19 729
729 845
630 838
838 773
773 881
881 733
733 695
695 943
943 11
11 859
859 834
834 675
675 435
796 410
410 723
723 537
537 793
787 285
285 517
517 131
131 633
633 907
907 157
157 758
758 372
372 221
221 217
217 857
857 141
141 441
441 622
622 653
653 964
964 457
457 566
566 914
914 930
930 532
532 42
42 600
600 904
698 273
273 205
205 563
563 538
538 271
271 134
134 431
431 219
219 388
388 982
982 866
866 898
898 38
38 664
664 616
616 183
183 70
70 33
190 676
676 323
323 626
626 612
612 409
409 931
931 975
975 805
805 756
756 397
397 133
133 364
364 732
985 788
788 864
864 628
628 819
819 500
500 852
852 565
565 309
309 592
592 234
234 658
658 725
725 883
883 572
572 617
617 753
753 376
376 526
526 652
652 30
30 817
817 471
471 711
711 966
966 564
564 835
835 631
631 418
418 667
667 784
784 449
449 235
235 887
887 707
707 778
778 473
473 746
746 917
917 69
69 894
894 415
415 278
278 401
401 281
281 766
766 831
831 13
360 294
294 366
366 968
968 328
328 272
272 337
272 497
497 901
901 824
30 520
520 763
763 118
118 123
123 65
65 821
821 851
851 983
983 109
109 777
777 645
645 899
899 110
103 116
116 468
468 531
662 499
499 908
908 591
591 414
414 76
76 486
486 305
305 289
289 283
283 945
945 213
213 984
1000 371
371 560
560 610
793 886
886 229
229 691
691 642
642 480
480 812
812 144
144 407
407 344
344 345
345 104
104 182
182 582
582 909
909 801
476 168
168 208
208 2
2 55
55 761
761 767
767 693
693 649
649 39
39 684
684 734
912 627
627 493
493 89
89 580
580 215
215 150
27 100
323 820
820 223
306 156
156 325
325 475
475 67
67 925
925 739
653 714
714 56
653 318
318 424
424 21
27 687
687 614
749 296
296 432
432 359
1 829
829 15
15 212
212 154
154 336
336 233
233 803
569 709
670 934
934 466
466 794
794 444
444 86
86 356
356 44
44 261
261 891
891 827
827 528
528 264
264 768
768 625
625 862
862 404
404 429
429 959
959 472
472 774
774 412
412 191
191 840
840 274
274 291
291 314
114 897
897 553
553 683
797 748
748 848
848 151
151 31
31 961
961 362
362 589
589 442
255 910
910 332
332 102
102 639
639 4
4 242
242 811
811 993
993 126
126 971
971 277
277 324
324 956
956 402
402 146
146 933
933 231
231 598
598 112
112 301
301 873
873 559
559 786
786 905
504 279
279 189
189 522
522 80
80 806
806 210
210 343
343 583
583 385
385 783
783 668
668 922
922 509
509 606
606 800
800 269
514 308
308 596
596 674
674 174
174 659
659 177
177 679
679 561
561 172
322 310
310 452
452 367
367 129
129 196
792 608
608 637
637 802
802 445
445 317
317 568
568 920
920 275
275 43
43 601
601 426
389 355
355 406
406 270
270 132
132 149
149 175
175 918
918 822
967 869
869 59
59 152
152 867
867 877
877 9
9 222
222 529
529 978
978 839
839 938
938 5
31 754
754 370
370 48
48 595
595 420
420 127
127 765
765 137
137 351
351 913
913 731
731 483
508 571
571 681
681 339
339 751
751 776
776 780
780 46
46 383
383 211
211 474
474 479
479 551
551 108
108 439
439 73
73 533
533 860
860 686
686 996
996 712
712 814
814 742
275 741
741 804
804 607
607 469
469 602
602 647
647 727
727 701
701 315
315 863
863 775
775 167
167 204
204 369
369 111
111 916
916 218
771 333
333 752
1000 3
0 0 2 2 0 0 0 1 1 0 0 1 2 0 0 0 0 0 2 0 2 0 2 2 2 0 2 1 1 2 2 0 0 0 2 0 2 2 2 2 2 2 1 1 0 0 0 0 2 0 2 0 2 2 0 0 0 0 2 0 2 2 2 1 0 2 0 2 0 0 0 2 0 0 1 2 0 2 0 2 2 2 2 0 2 2 2 0 0 2 1 2 1 2 0 0 0 0 2 0 0 1 0 0 0 2 1 0 2 1 0 0 2 0 0 0 1 2 2 0 2 2 0 0 0 2 2 2 0 0 2 2 1 2 1 2 2 2 0 0 0 1 2 2 0 2 1 2 2 2 1 2 2 0 2 2 0 2 0 0 0 0 0 2 0 0 0 0 2 2 1 2 1 2 0 0 2 2 2 2 2 2 0 2 2 0 0 2 0 0 2 2 0 0 0 0 2 0 2 0 1 2 2 0 1 2 2 2 2 2 0 2 0 0 2 0 2 0 2 0 2 0 0 0 0 0 0 2 2 0 2 2 0 0 2 0 0 2 1 0 1 0 0 2 0 0 0 2 2 0 0 0 0 2 0 0 2 0 2 0 2 2 2 2 2 1 2 0 0 0 2 0 0 2 2 2 0 2 0 0 2 0 0 2 0 0 0 2 2 2 2 2 0 2 0 2 0 0 2 0 0 0 0 2 1 2 2 0 2 2 2 1 2 0 1 2 0 0 2 2 0 1 2 0 0 0 0 2 0 2 0 2 2 1 0 0 1 0 0 0 0 2 0 2 0 2 2 1 0 0 0 1 0 2 2 0 2 0 0 2 0 0 2 0 2 2 0 0 0 1 2 2 0 2 2 0 2 0 2 2 2 0 0 2 2 2 0 0 2 2 0 0 2 2 0 0 0 0 0 2 0 0 0 0 1 0 0 0 2 2 0 0 0 2 2 2 2 0 0 0 0 0 0 2 0 0 0 2 0 2 0 2 1 0 0 0 0 0 2 2 0 2 2 2 2 0 2 2 0 2 0 0 0 0 2 0 2 1 0 2 2 2 0 2 0 2 0 2 0 2 0 2 0 2 0 2 2 2 1 2 2 2 0 2 0 2 2 2 2 2 2 0 0 2 1 1 0 2 0 0 2 1 0 2 0 2 0 2 0 0 1 0 2 0 0 2 1 0 0 2 0 2 0 1 2 2 0 2 0 0 1 2 0 1 0 0 2 2 2 1 0 1 2 0 2 1 0 2 2 0 0 0 2 2 0 2 0 0 0 1 2 2 0 0 1 2 2 0 0 2 2 2 1 0 0 0 1 0 2 1 0 1 0 0 0 0 2 0 2 0 0 0 2 2 2 2 1 0 2 0 0 0 2 1 2 0 0 2 2 2 2 2 2 0 2 2 0 2 2 0 2 0 0 0 0 2 2 2 2 2 0 0 0 1 1 0 0 2 2 2 0 0 2 2 0 1 2 2 2 0 2 0 0 2 0 2 0 2 2 0 0 0 1 2 0 1 0 0 2 2 0 2 2 2 0 2 2 0 2 0 0 2 2 0 0 2 0 0 2 0 0 0 0 2 0 0 0 0 2 0 0 0 0 0 1 0 2 1 0 2 0 2 2 0 2 0 2 2 2 2 2 0 2 0 2 0 0 0 0 2 0 0 2 0 2 2 0 0 2 2 2 0 0 0 2 2 2 2 2 2 0 0 2 0 2 2 2 2 1 2 0 1 0 0 0 0 0 0 0 2 0 0 2 0 2 2 2 2 0 0 0 0 0 0 2 2 2 0 0 2 2 0 0 2 0 2 0 0 2 2 2 2 2 0 0 0 0 2 1 0 2 1 2 0 1 0 2 2 2 2 2 0 2 0 2 0 1 0 2 0 0 0 2 1 1 0 2 1 2 0 0 2 2 2 2 0 0 1 2 2 2 0 2 1 2 0 1 2 2 2 2 0 2 0 0 1 1 1 1 2 0 2 0 0 0 0 2 0 2 2 0 2 2 0 0 0 0 2 2 0 0 1 0 2 2 0 0 0 2 0 2 0 2 2 2 0 2 2 0 2 2 1 2 2 0 0 2 0 0 2 0 0 0 0 2 0 0 2 2 2 2 0 0 2 2 2 2 2 2 1 2 0 2 0 0 2 2 0 0 2 2 1 0 0 0 0 1 2 2 2 2 1 2 1 0 2 0 2 0 2 0 0 0 0 2 2 1 1 2 0 2 0 1 0 2 0 0 0 1 0 2 0 2 0 1 1 2 2 0 2 
429 832
832 948
948 460
832 252
252 965
965 37
37 152
152 184
184 245
245 710
710 446
446 29
29 388
388 671
671 632
632 111
111 23
23 108
108 616
616 402
402 312
312 347
347 654
654 403
429 717
347 665
665 774
774 581
581 998
998 393
403 6
6 963
963 701
701 944
393 742
742 953
953 259
259 967
967 435
435 107
107 683
683 639
639 993
993 211
435 844
844 444
444 523
523 394
394 697
6 256
256 345
345 555
108 755
755 723
723 733
733 956
956 782
782 436
436 221
221 380
967 719
719 678
678 121
121 837
837 18
18 737
737 131
723 321
321 297
297 166
166 560
560 315
315 272
272 13
13 157
157 584
584 288
288 647
647 496
496 999
999 316
316 762
762 19
19 101
101 722
722 448
448 830
830 482
482 594
594 669
669 172
172 368
368 97
97 330
330 788
788 151
151 724
724 983
983 845
845 938
755 473
473 833
833 977
977 51
51 128
128 798
798 505
505 383
383 109
109 478
478 940
940 622
622 898
898 644
644 768
768 566
566 765
765 662
662 633
633 618
618 378
378 660
660 290
290 370
370 344
344 558
558 887
887 525
525 263
263 292
292 897
719 4
4 106
106 145
131 82
82 458
121 976
976 933
933 239
239 365
365 786
762 634
29 729
729 923
923 40
40 550
550 783
783 219
219 545
545 641
641 607
607 879
879 663
663 16
16 193
193 792
792 797
797 411
411 672
672 45
45 495
458 713
713 796
796 922
922 870
870 167
167 836
263 67
67 80
80 655
655 732
732 714
714 812
812 878
878 992
992 708
708 712
712 129
129 890
890 164
164 866
866 479
479 840
840 659
713 104
104 559
559 775
775 881
881 873
873 980
980 827
827 74
74 648
923 331
331 349
349 318
318 927
927 676
676 666
666 115
115 491
491 716
716 27
633 291
291 874
874 12
12 343
701 277
277 650
650 958
958 163
163 636
636 28
28 805
805 233
233 843
843 877
877 413
413 153
153 553
402 161
161 615
615 991
991 447
447 117
117 452
452 202
202 705
713 926
926 179
179 381
381 43
43 668
668 91
91 421
421 880
880 661
661 78
78 587
587 544
660 487
487 835
835 907
836 787
153 485
485 908
908 688
688 169
169 311
311 942
942 515
515 156
156 31
31 154
154 752
752 577
577 520
166 914
914 299
299 529
529 409
409 36
36 215
215 521
521 494
494 841
394 98
98 85
85 905
905 542
542 209
908 703
703 470
470 284
284 621
621 217
217 981
981 912
912 537
537 745
745 602
602 557
557 753
753 271
271 86
86 192
192 807
807 445
445 140
140 995
995 674
674 598
598 620
620 243
243 643
643 212
212 499
499 821
821 225
225 248
248 848
848 738
738 339
339 15
15 38
38 809
809 811
811 684
684 718
718 9
9 554
554 351
351 25
25 135
135 686
686 511
511 41
41 567
567 362
362 777
777 224
224 524
524 931
931 540
540 105
105 295
295 59
59 801
801 397
397 939
939 26
26 113
113 597
597 390
390 218
218 592
592 237
237 906
906 322
322 2
2 144
144 433
433 943
943 317
317 294
294 519
519 889
889 954
954 278
278 158
158 901
901 536
536 756
756 238
238 937
937 847
847 231
231 576
536 434
434 149
149 110
110 195
195 125
125 264
264 861
861 309
309 750
750 526
526 426
426 601
601 493
493 420
420 44
44 915
485 47
47 575
575 363
363 586
586 130
130 338
338 373
373 761
761 818
818 512
512 127
127 698
698 637
637 764
764 65
65 546
546 715
715 988
988 425
425 94
94 72
72 551
551 187
187 784
784 114
114 725
725 456
456 865
586 670
670 377
377 457
457 497
497 828
828 213
213 894
894 534
534 582
650 769
769 785
785 20
20 207
207 857
857 68
68 628
628 781
781 757
757 814
814 30
30 552
552 959
959 936
792 396
193 451
451 173
173 736
736 692
692 462
462 35
35 509
715 950
950 417
417 415
415 134
134 412
412 306
306 851
851 181
181 624
624 442
442 474
474 148
148 631
631 60
60 652
652 726
726 585
585 407
407 352
352 919
919 5
338 103
103 971
971 251
251 813
813 740
740 42
42 869
869 911
911 242
242 746
746 613
613 369
369 304
304 57
57 968
968 800
800 852
852 95
95 282
282 120
120 564
564 189
189 199
199 340
340 704
704 589
589 568
568 1000
1000 276
276 817
817 449
449 389
389 384
384 903
903 962
962 850
850 883
883 21
21 682
682 10
195 579
579 518
518 236
236 262
262 300
300 281
281 307
307 11
11 75
75 467
467 468
468 677
677 760
760 854
854 235
235 504
504 204
204 693
693 302
592 285
285 606
606 160
160 471
471 328
328 463
463 673
673 596
596 320
320 414
414 795
795 763
763 223
223 700
700 439
439 174
174 514
514 541
541 588
588 453
94 273
273 208
208 490
490 122
122 864
864 88
88 171
171 356
356 984
984 405
405 132
132 735
735 126
126 532
532 350
350 289
289 834
834 258
258 214
214 778
778 232
232 527
527 645
645 548
548 997
997 767
767 1
1 951
951 642
642 893
893 355
355 754
866 464
464 562
562 357
357 623
623 952
952 871
871 508
508 170
170 517
160 178
178 603
588 872
872 947
499 920
920 77
77 711
711 185
185 93
93 143
143 543
543 856
856 480
235 759
759 489
489 664
664 591
591 17
17 982
982 283
283 168
168 424
424 408
408 358
358 838
838 681
681 749
536 136
136 188
188 571
571 472
472 102
102 416
416 888
888 280
280 679
679 391
391 398
398 916
916 116
116 422
422 353
353 691
691 720
720 266
266 267
267 298
298 748
748 826
826 803
803 680
680 617
617 32
32 423
423 155
155 190
190 342
342 346
346 578
578 891
891 326
326 549
549 507
507 595
595 570
570 728
728 268
268 53
94 475
475 751
751 699
460 823
823 58
58 687
687 7
7 964
964 228
524 501
864 810
810 250
250 305
305 884
884 486
486 227
227 978
978 743
743 70
70 455
455 210
210 22
22 731
731 84
84 329
434 583
583 244
244 206
206 367
367 159
159 957
957 319
319 806
806 946
946 269
269 702
702 216
216 392
392 996
996 707
707 941
941 450
450 332
332 469
469 839
168 609
609 820
820 360
360 226
226 387
387 972
972 790
790 8
8 949
949 573
573 955
955 419
419 610
610 793
793 220
942 361
361 50
637 744
639 476
476 966
966 186
186 608
608 359
359 165
165 180
180 484
484 895
895 62
62 366
366 386
386 990
990 371
371 240
240 234
234 802
802 438
438 989
115 399
399 401
401 932
932 364
364 177
177 599
599 565
565 341
341 921
921 66
66 194
194 611
611 201
201 313
834 374
374 913
913 925
573 400
400 885
885 230
230 431
431 376
376 100
100 92
92 994
173 83
83 656
656 985
985 730
730 773
773 502
502 69
69 604
604 522
522 928
928 323
323 81
81 533
533 99
99 39
132 862
862 867
867 667
954 183
183 354
354 270
270 572
572 935
935 64
64 638
638 254
254 556
556 141
745 325
697 513
513 685
685 860
860 721
721 690
690 747
747 296
296 34
34 372
372 162
162 249
249 138
138 382
382 334
334 651
651 175
175 974
974 229
229 547
547 146
146 133
133 772
772 118
250 90
90 858
858 200
200 600
600 61
61 49
49 427
427 930
31 55
55 531
531 829
829 506
506 640
640 863
863 466
466 261
261 569
569 876
876 477
477 987
987 831
831 653
653 124
124 973
973 52
52 24
24 528
528 886
886 605
605 14
14 324
930 853
853 481
481 626
626 89
89 255
255 503
713 780
780 593
593 896
896 3
927 875
875 191
191 308
308 87
87 310
310 776
776 73
73 945
945 142
47 498
157 904
904 824
824 54
54 198
198 275
275 203
203 375
375 779
779 492
492 222
901 287
287 918
918 630
630 739
739 614
614 516
516 437
437 327
327 657
657 257
257 279
279 794
794 196
196 900
900 176
176 500
500 770
770 789
789 629
629 846
846 137
137 882
882 96
96 147
782 799
799 335
335 580
580 842
842 274
274 301
845 791
791 404
404 563
563 561
561 909
109 910
910 902
902 868
868 286
286 696
696 79
79 241
241 530
865 71
71 430
430 960
960 406
406 428
428 483
483 33
33 766
766 76
76 969
969 612
612 625
625 709
709 934
934 859
859 535
535 150
150 815
815 303
303 488
488 246
246 440
440 590
590 986
986 260
260 961
961 454
454 695
695 658
658 538
538 461
461 825
825 771
771 917
772 689
689 337
337 63
63 635
635 314
256 619
619 804
804 418
418 574
574 205
205 443
443 197
197 808
808 892
892 510
510 119
119 265
265 182
182 539
539 819
819 336
336 139
506 385
385 694
64 924
924 432
432 929
929 441
441 46
46 123
123 899
899 56
56 253
253 333
333 979
979 675
675 822
78 706
706 649
649 348
348 395
395 410
410 112
112 646
646 970
970 855
855 247
247 734
734 48
906 758
758 727
727 293
293 849
849 379
379 459
144 627
627 975
975 741
741 816
816 465
1000 9
2 2 0 0 2 0 2 1 1 0 0 2 0 0 0 0 2 2 1 2 0 0 0 2 0 0 1 0 0 2 2 2 2 0 0 0 2 2 2 0 0 2 0 0 2 0 0 0 0 0 2 2 1 0 2 0 2 0 2 0 0 1 1 2 0 2 2 1 0 0 0 0 2 2 2 0 0 0 0 0 2 2 0 0 2 0 0 2 0 2 2 2 1 2 2 0 1 2 2 0 0 2 0 0 2 2 2 1 2 2 0 0 0 2 2 0 2 0 2 0 2 0 1 2 2 0 0 2 2 2 2 2 0 0 1 2 2 2 1 2 1 2 2 0 0 0 0 2 0 1 0 0 1 0 1 0 2 0 1 1 0 2 0 1 0 2 0 0 0 0 2 2 0 2 0 1 2 0 2 2 0 0 0 0 2 2 2 2 0 0 1 2 2 2 0 2 0 0 2 0 2 0 2 2 2 2 0 0 2 0 0 0 2 1 1 2 2 2 0 1 0 0 0 2 0 2 1 2 0 2 0 2 0 2 2 2 0 2 2 0 0 2 1 0 0 0 0 0 0 2 0 0 2 2 0 2 1 1 0 0 2 1 2 2 0 2 2 2 0 1 2 0 2 0 0 2 2 2 1 0 2 0 2 2 1 2 2 0 0 2 0 2 0 2 0 2 2 0 2 2 1 2 0 0 2 0 0 0 1 0 0 0 0 2 0 2 2 2 2 2 0 2 0 2 0 2 0 2 2 2 0 2 2 0 0 0 2 2 2 0 0 2 2 2 0 0 0 0 2 0 0 0 2 2 2 0 0 2 2 0 0 0 0 0 0 2 2 0 0 0 2 2 0 0 0 2 0 0 2 0 1 2 2 0 2 0 0 0 2 0 1 0 2 2 2 0 0 0 0 1 2 0 2 0 2 2 0 0 0 0 0 2 2 0 0 0 2 2 0 0 2 0 1 2 2 2 0 2 1 2 0 0 2 0 1 0 2 2 0 2 2 2 0 1 0 2 2 0 0 0 2 2 0 0 0 2 0 2 0 2 0 2 0 0 2 1 2 2 2 2 0 2 2 0 1 2 0 2 2 2 2 0 2 0 2 0 0 2 0 2 2 2 0 2 2 0 0 0 0 2 1 0 0 0 0 0 2 2 2 2 0 0 0 2 2 1 0 2 0 0 0 0 2 0 0 0 2 0 2 2 2 0 0 2 2 1 0 0 1 2 0 2 2 0 0 2 1 0 2 0 0 0 2 2 0 0 0 0 0 2 0 2 2 0 0 1 0 0 2 2 0 0 0 2 0 2 2 2 0 2 1 0 0 0 1 2 2 2 2 2 2 2 2 1 0 2 2 0 0 0 0 0 1 0 2 0 1 0 0 0 2 0 0 0 2 2 2 2 2 2 2 2 2 2 2 0 0 2 0 2 2 0 2 0 2 1 2 1 2 0 2 0 0 2 0 2 1 2 0 2 2 0 0 0 0 0 0 2 2 0 2 0 2 0 0 0 2 0 0 2 0 2 0 2 2 0 2 2 2 2 2 0 0 2 2 0 0 1 0 2 2 2 0 1 0 0 2 0 2 0 0 0 0 2 1 2 0 2 0 0 1 2 0 2 2 2 0 2 2 2 2 1 0 2 0 0 0 2 0 0 0 2 2 2 2 2 2 2 2 0 0 0 0 2 0 2 2 1 2 2 1 2 0 2 1 2 2 2 2 2 2 0 2 0 0 2 2 0 0 2 2 0 2 1 2 2 2 0 0 1 0 2 2 2 0 2 0 2 2 0 2 0 2 2 0 2 0 2 2 0 2 0 2 0 0 2 0 0 2 2 0 0 0 2 2 0 2 0 2 2 0 0 2 2 2 1 2 0 0 0 0 2 2 2 2 0 0 2 2 2 2 0 0 0 1 2 2 1 2 2 2 0 0 0 0 2 2 0 0 2 0 0 0 2 0 0 0 1 2 2 0 2 0 2 2 0 2 2 0 0 0 0 2 2 2 0 2 0 0 0 2 0 2 0 0 0 0 2 0 2 0 1 0 0 0 2 2 0 0 2 0 0 2 1 0 0 2 0 2 2 2 2 0 2 0 2 2 2 0 2 1 2 0 2 0 2 2 0 2 0 2 2 2 2 0 0 0 2 2 0 1 2 0 1 2 0 0 0 2 0 0 0 2 2 2 2 0 0 2 2 2 0 2 2 0 2 2 2 2 1 2 0 0 2 0 2 1 2 2 0 1 2 1 2 2 2 0 1 2 0 
292 894
894 82
82 155
155 285
285 281
281 531
531 344
155 193
193 674
674 826
826 456
456 575
344 871
871 672
672 748
748 277
277 146
146 187
187 939
939 578
578 264
264 914
914 254
254 747
82 770
770 731
731 230
230 855
855 902
902 436
436 498
498 719
719 48
770 660
660 253
292 599
599 317
317 586
344 367
367 815
815 689
689 108
108 745
745 900
900 730
730 455
455 120
317 561
561 6
599 57
57 552
552 416
416 945
945 606
575 786
786 784
784 666
108 949
949 267
317 68
68 760
760 966
966 718
718 336
336 710
710 973
973 632
82 499
499 670
670 851
851 645
645 876
876 739
739 346
346 240
240 946
193 796
796 590
590 434
434 624
624 901
901 649
649 425
82 106
106 565
565 948
948 224
855 406
406 848
848 911
911 55
55 490
490 274
274 807
807 239
239 612
612 875
875 275
275 235
235 558
558 8
8 540
540 378
378 312
312 618
618 695
695 314
235 809
939 615
615 958
958 885
455 399
399 177
177 45
660 709
709 828
828 788
788 964
964 998
998 158
158 573
573 35
35 869
645 686
686 270
270 226
226 492
492 714
714 382
382 309
309 192
192 408
408 866
866 555
555 831
158 338
946 318
318 502
502 5
5 993
993 604
604 84
84 992
992 189
189 132
132 629
629 793
292 571
571 387
387 625
625 650
650 568
568 10
973 476
476 592
807 771
771 835
835 179
179 934
714 123
123 947
947 910
910 836
836 127
127 204
204 515
515 569
569 857
857 263
263 921
921 71
71 554
554 377
377 722
722 362
362 340
340 667
667 170
170 167
167 182
182 448
448 662
662 441
441 523
523 954
954 724
724 538
538 759
759 379
379 216
216 469
469 692
692 783
695 504
504 69
69 403
403 694
281 699
954 940
940 804
476 269
269 79
79 164
164 14
14 512
512 89
89 750
750 496
718 115
115 685
685 405
405 386
386 435
435 557
557 53
53 117
117 407
407 962
962 183
183 585
585 28
28 300
300 64
64 47
47 206
206 256
256 917
179 430
430 252
252 968
968 844
844 166
166 464
464 76
76 755
755 248
248 342
342 938
938 331
331 41
41 549
549 822
822 930
274 20
793 433
433 415
68 639
639 622
622 258
258 18
18 601
601 591
591 562
562 588
588 673
673 291
291 521
521 705
705 40
910 458
458 1000
1000 471
471 445
445 984
984 676
676 391
391 376
376 13
13 525
525 323
323 122
122 63
63 532
532 978
978 542
542 273
273 544
544 393
393 684
689 92
92 249
857 199
199 426
426 102
102 135
135 266
575 66
66 75
75 800
800 293
293 893
893 623
623 480
480 989
989 188
964 234
234 520
520 746
746 929
929 644
644 818
818 410
410 972
972 614
614 941
941 738
738 429
429 201
201 306
306 80
80 90
90 636
636 423
423 813
40 777
490 209
502 839
839 296
296 933
933 780
780 352
352 697
697 374
382 530
530 883
883 83
83 113
113 559
559 700
700 4
4 821
490 114
206 400
400 184
184 242
242 892
892 820
820 133
670 396
396 171
171 830
830 802
802 385
385 749
749 327
327 776
776 489
489 33
33 772
772 484
910 742
742 757
757 881
166 478
478 965
965 524
524 191
191 73
73 734
734 935
935 200
200 311
311 110
110 143
143 932
932 238
238 655
655 451
451 872
872 483
483 845
845 842
842 411
411 414
414 678
678 840
840 698
698 61
61 753
753 444
444 919
919 368
368 97
97 428
428 409
409 587
587 22
22 583
583 38
38 365
365 868
868 589
589 648
901 401
401 180
180 805
805 109
109 651
651 727
727 341
341 987
987 548
930 846
846 246
246 527
527 720
720 983
983 87
87 324
324 153
153 194
194 186
300 768
768 833
833 740
740 262
262 664
664 854
854 824
824 29
29 610
610 70
70 280
280 860
860 12
12 907
907 247
247 350
350 598
598 584
584 671
671 222
222 168
168 891
891 197
197 457
457 580
580 413
413 899
400 874
874 752
752 646
646 643
643 955
955 322
322 924
924 121
121 243
243 971
971 289
401 537
537 479
479 307
307 761
761 337
337 427
427 713
713 791
791 669
669 882
882 605
605 735
735 956
956 716
716 850
850 952
952 550
550 732
732 202
202 227
227 991
991 237
237 596
596 313
313 849
849 967
967 961
961 609
609 951
951 60
644 790
790 501
179 225
225 358
358 642
642 799
799 390
390 384
384 308
308 536
536 279
279 817
817 980
980 702
702 67
67 829
829 570
570 332
332 424
424 506
506 681
681 545
545 986
40 473
473 682
793 712
712 534
534 897
897 918
918 491
308 687
687 981
981 36
224 503
503 909
909 861
861 779
779 960
48 190
190 366
366 453
453 539
539 210
210 43
43 825
825 91
91 19
19 905
905 343
343 526
526 81
81 325
325 756
756 823
823 229
229 131
131 111
111 903
903 486
486 147
147 794
794 959
959 85
85 151
151 953
953 375
375 837
837 272
426 417
336 265
265 582
582 957
957 781
781 867
867 244
244 593
593 633
633 460
460 913
913 372
372 711
711 663
663 767
767 703
703 764
764 634
291 513
954 454
454 985
985 139
139 77
77 467
467 21
21 140
415 103
103 990
990 890
890 78
78 31
338 463
463 214
214 466
466 394
394 808
808 112
112 39
39 250
250 511
511 221
221 142
142 339
339 49
49 319
319 814
814 442
442 96
96 926
926 161
225 766
766 970
970 690
690 295
113 923
923 916
916 715
715 154
73 514
571 723
723 811
811 856
856 717
717 160
160 729
729 631
631 397
397 898
49 668
186 528
528 621
621 832
832 152
152 576
576 278
278 439
844 134
134 16
524 803
867 44
44 334
334 107
667 169
169 302
302 213
213 602
602 159
159 977
977 72
72 305
305 276
276 841
841 129
129 440
440 301
301 369
369 459
459 889
889 118
118 42
42 819
819 518
518 231
520 704
225 298
298 389
389 637
637 516
516 241
241 449
738 887
887 834
834 922
922 268
268 763
763 778
778 640
640 507
507 628
628 607
607 597
597 603
603 418
418 843
843 853
853 11
11 437
437 392
392 495
495 232
830 447
447 15
15 838
838 510
510 370
370 594
594 175
175 906
906 310
310 172
172 937
937 452
452 93
93 351
351 432
432 251
251 465
777 95
95 211
211 884
884 136
78 775
775 509
509 398
398 553
553 581
581 130
130 487
487 271
271 535
535 493
493 691
691 443
443 560
560 412
412 137
137 94
94 3
3 461
461 50
50 181
181 59
59 205
205 261
261 101
101 286
286 974
974 474
474 290
290 661
661 912
401 149
149 862
862 26
26 178
967 858
858 654
654 812
812 25
25 363
363 931
931 904
904 737
737 138
138 203
203 600
600 733
733 330
330 816
816 736
736 852
852 574
574 56
56 165
165 1
377 304
304 233
233 810
810 360
360 617
617 388
388 627
627 665
665 477
477 873
873 472
472 381
381 353
211 888
888 144
332 404
964 207
207 282
282 679
679 220
220 195
195 259
830 773
773 801
801 611
611 105
105 928
928 347
347 283
283 364
364 579
579 927
927 333
333 744
744 24
24 23
23 647
647 863
6 619
619 859
26 754
754 257
257 630
630 284
284 174
174 9
9 402
402 543
543 176
176 141
141 462
352 354
354 287
287 641
641 219
219 659
659 656
656 721
721 995
995 620
620 215
215 119
119 294
437 74
74 62
62 321
321 996
996 260
260 999
999 17
17 218
218 126
126 925
925 915
915 657
657 994
994 345
808 27
27 124
124 693
693 420
420 421
421 769
769 658
658 58
58 65
65 551
295 979
979 533
533 419
419 328
328 758
758 303
303 7
7 299
299 488
488 37
37 236
236 316
316 865
865 976
331 500
500 936
936 870
870 508
508 827
827 683
683 577
577 485
485 326
326 223
223 653
653 150
898 886
886 908
908 806
806 297
297 98
98 613
613 546
546 751
368 564
564 54
54 864
864 320
320 982
982 245
245 626
664 145
145 349
349 163
163 878
878 608
608 975
975 505
505 475
475 896
896 765
765 208
208 792
792 797
797 517
517 572
572 357
357 148
148 482
482 356
356 422
422 707
707 217
217 359
359 728
728 944
944 556
556 104
104 677
677 942
942 288
81 450
450 708
708 880
880 563
563 963
963 348
348 701
701 128
128 997
997 943
943 725
940 86
86 51
51 688
688 52
139 519
519 32
32 798
798 789
789 950
950 879
879 446
446 635
635 373
875 335
335 741
741 157
157 743
243 329
687 595
595 46
46 34
34 395
395 438
438 116
116 361
361 173
173 88
76 228
228 652
652 380
380 383
383 481
481 196
196 255
255 355
355 566
566 782
782 696
696 877
877 616
616 99
99 847
847 675
675 567
567 494
494 212
639 162
162 787
787 547
547 125
125 762
762 2
2 198
198 969
969 920
920 185
185 371
371 470
470 468
468 988
988 100
100 30
876 541
541 680
680 497
497 726
726 706
706 156
156 315
315 638
638 785
785 431
431 529
529 895
895 522
522 795
795 774
1000 6
1 2 2 2 0 0 0 2 0 2 2 0 2 0 2 2 0 0 1 1 2 2 0 2 2 2 2 2 0 0 0 0 0 0 0 0 0 2 0 2 2 0 2 0 2 2 2 2 2 2 2 2 0 2 0 2 0 0 2 2 2 0 2 2 0 0 2 0 2 2 0 0 0 1 0 0 2 2 0 0 2 0 2 2 1 2 2 0 2 0 0 2 2 0 0 0 1 2 0 0 0 1 2 1 2 2 0 1 2 2 2 2 0 2 1 0 2 0 2 0 2 2 2 0 0 1 2 0 2 2 2 2 2 0 2 0 2 2 2 2 2 0 2 0 0 0 2 2 2 0 0 0 2 2 0 1 0 0 0 0 1 2 1 0 0 2 2 2 2 2 1 2 1 0 0 2 2 2 0 0 0 0 2 2 0 2 2 0 0 2 0 0 0 2 1 0 2 2 2 2 0 2 2 0 2 0 0 2 2 1 2 2 2 0 2 0 0 2 1 2 2 0 0 0 0 1 2 0 0 1 0 2 0 2 2 2 1 2 2 2 0 0 2 0 2 0 0 0 0 0 0 2 2 0 0 2 0 2 2 0 0 0 2 2 0 0 2 0 2 1 1 2 2 2 0 2 2 2 2 0 2 2 2 0 2 0 0 0 0 2 0 0 0 0 0 2 0 2 0 0 0 0 2 2 2 2 2 2 1 1 2 2 0 2 0 2 2 0 2 0 2 0 0 2 2 1 0 0 1 0 2 0 2 2 0 2 2 2 0 0 2 0 2 2 2 0 0 2 1 2 2 0 2 2 0 2 0 0 2 0 2 0 0 2 2 2 0 0 0 0 2 0 0 2 0 2 1 2 0 2 0 1 0 0 0 0 0 0 2 0 2 2 2 2 0 1 0 2 2 2 0 2 2 2 0 2 2 0 0 2 2 1 2 2 0 0 2 2 2 2 0 2 2 0 2 2 0 2 2 0 2 2 1 2 2 2 2 2 0 2 1 0 0 2 2 1 0 2 2 0 2 2 0 0 2 0 0 2 0 2 0 0 2 2 1 0 0 0 2 2 1 2 0 2 2 0 0 2 2 0 0 2 2 0 0 0 0 2 0 0 0 2 2 2 0 0 0 0 2 2 0 0 0 0 0 2 2 1 0 2 1 0 0 0 2 2 2 0 2 0 2 2 2 0 0 0 2 0 0 0 2 2 0 0 0 1 2 2 2 0 2 0 0 2 0 2 0 0 0 0 2 2 0 0 0 0 0 0 0 2 2 2 0 1 1 0 1 2 2 0 0 2 0 0 0 2 0 1 2 0 2 1 0 2 2 0 2 2 2 2 0 0 0 0 2 0 2 0 2 0 2 2 2 2 0 0 0 2 0 2 0 0 2 0 0 2 2 2 0 0 0 0 0 2 2 0 2 0 2 0 0 1 2 0 2 2 0 0 2 1 0 0 0 0 0 0 2 1 2 0 2 0 2 1 0 0 2 0 2 2 2 2 0 1 2 0 2 1 2 0 2 2 0 0 2 0 0 2 0 2 2 2 2 2 0 0 2 0 0 2 2 0 1 2 2 0 2 0 2 0 0 0 2 2 2 0 1 0 2 2 2 2 2 0 2 0 0 2 2 2 2 0 2 2 2 2 2 2 0 1 2 0 0 1 0 0 0 0 0 2 2 2 2 2 0 1 0 2 0 0 0 1 0 0 2 0 0 2 2 0 0 1 0 1 2 2 2 0 0 2 2 0 0 0 2 2 2 1 1 2 2 0 0 0 0 2 2 2 0 1 0 0 0 0 1 2 2 2 2 2 0 0 0 0 0 2 1 2 0 0 2 0 2 0 2 0 2 0 0 1 2 2 0 0 2 2 0 0 2 0 0 2 0 0 2 2 2 0 1 0 2 0 2 0 2 0 2 0 0 0 2 1 2 0 1 2 2 0 2 2 0 0 2 0 2 0 0 1 0 2 0 2 0 2 2 0 2 2 0 0 2 2 2 0 0 0 0 2 2 1 0 0 2 0 1 0 2 2 0 0 0 0 0 0 2 2 2 0 2 2 0 0 0 2 0 0 2 0 0 0 0 2 1 2 0 2 0 1 2 0 0 0 2 0 0 2 2 1 2 0 1 2 2 2 0 2 0 2 1 0 2 2 2 2 2 2 0 0 1 1 0 2 1 0 2 0 0 2 2 2 0 0 2 0 1 0 2 2 0 0 0 0 2 2 2 0 2 2 2 0 2 2 0 2 0 2 0 1 2 0 
784 259
259 720
784 462
462 243
243 933
933 649
720 327
327 445
445 520
520 586
586 492
492 942
942 547
547 235
235 431
720 501
501 678
678 695
695 955
492 258
445 866
866 830
830 29
29 864
864 443
443 161
161 767
767 590
590 581
581 125
125 478
478 802
802 112
112 470
470 273
273 216
216 612
612 684
684 932
932 36
36 32
32 167
167 329
329 42
42 686
686 910
910 182
182 271
271 352
271 673
673 77
77 399
399 99
99 913
913 944
944 153
153 200
200 1
1 141
141 244
244 418
418 747
747 444
586 676
676 57
57 15
15 860
612 833
833 899
899 69
69 466
466 1000
1000 450
450 429
429 818
818 588
588 555
555 545
545 464
464 181
181 324
324 671
671 608
608 607
607 694
694 924
924 62
167 874
874 623
623 596
464 576
576 493
493 67
67 582
582 113
113 836
836 815
815 309
309 177
177 660
660 742
742 213
213 873
873 530
530 225
225 934
934 816
816 568
590 144
144 939
478 738
738 954
954 914
914 750
750 395
395 958
958 848
848 335
335 521
521 170
170 820
820 769
769 770
770 124
124 524
524 639
639 199
199 147
147 266
15 850
850 127
127 449
449 909
909 136
136 789
789 931
931 854
854 6
6 126
126 870
942 656
656 196
196 215
215 396
396 282
282 572
572 343
343 778
778 704
704 613
613 724
77 25
25 120
120 633
633 354
354 473
473 334
334 680
680 551
551 447
447 295
295 224
224 779
779 302
302 736
736 772
772 240
240 852
852 452
452 283
273 229
229 614
614 11
11 907
907 745
745 664
664 86
86 716
716 999
820 771
229 248
225 765
765 138
138 550
550 717
717 263
263 536
536 814
814 698
698 721
721 386
386 790
790 777
386 988
988 953
953 857
857 646
646 949
949 834
834 489
489 10
10 643
623 264
264 920
920 847
847 871
871 739
739 380
380 250
250 897
520 279
279 628
628 254
254 539
539 851
851 557
557 719
719 604
462 174
174 585
585 796
796 297
297 677
677 894
894 561
561 679
679 346
346 930
834 826
826 700
700 787
787 152
152 631
631 195
195 753
753 992
992 481
481 543
543 102
102 959
959 2
572 374
374 165
165 184
184 637
637 367
367 562
562 856
856 87
87 707
707 759
759 122
122 811
811 768
768 652
652 303
303 806
806 78
78 846
910 627
627 701
701 544
544 204
204 281
281 45
45 387
387 59
59 162
162 595
595 642
642 526
526 469
469 427
427 957
957 691
691 339
339 426
426 172
172 109
109 319
319 598
598 123
123 104
104 793
793 699
699 368
125 755
755 54
54 140
140 197
197 578
578 118
493 898
898 442
442 191
191 361
361 284
284 296
296 252
252 238
238 722
426 345
244 499
521 681
681 635
635 801
801 154
154 100
100 180
180 712
712 304
304 984
984 488
488 410
410 529
529 484
484 164
164 952
952 220
220 927
927 75
75 35
35 902
902 318
720 775
775 206
206 203
203 414
414 803
803 800
800 239
239 762
762 190
190 904
904 566
566 683
683 947
947 638
638 574
574 861
861 47
181 81
81 515
515 690
690 763
763 546
546 365
745 962
962 175
175 630
630 316
316 641
641 875
197 504
504 733
733 756
747 456
456 773
773 74
74 741
741 737
778 479
479 885
885 425
425 647
647 900
900 413
413 579
900 149
149 822
822 471
471 727
727 255
255 845
845 748
748 903
903 976
976 972
972 58
58 194
194 573
573 975
975 135
58 983
983 844
844 461
461 776
776 291
291 792
792 732
732 222
222 446
446 843
843 645
645 761
761 591
591 971
971 516
516 409
409 146
146 228
228 888
888 201
201 510
510 665
665 554
554 150
150 208
208 280
280 198
198 467
547 376
376 26
26 237
237 804
804 723
723 878
878 385
385 460
460 8
8 859
859 483
483 533
533 370
370 157
157 794
794 868
868 601
601 391
391 986
986 713
713 114
114 142
87 969
969 158
158 24
24 998
998 970
970 398
398 90
90 132
132 211
445 139
139 379
379 306
306 527
527 990
962 506
506 242
242 687
687 597
597 740
740 513
513 300
300 508
508 877
877 879
879 569
569 344
344 151
151 364
364 52
52 130
130 831
831 105
105 829
829 13
13 71
71 853
853 128
128 589
589 88
88 107
107 893
893 494
494 564
564 285
285 653
653 448
448 307
307 3
3 731
731 274
274 692
692 485
485 64
64 207
207 599
599 73
73 669
669 320
320 253
253 705
705 7
716 754
754 751
751 708
708 435
435 18
18 617
617 358
358 514
514 121
121 841
841 405
954 43
43 996
996 16
16 710
710 997
997 342
342 519
519 495
495 56
56 301
301 28
28 583
583 372
372 632
632 661
661 326
326 404
404 63
63 693
693 423
423 594
594 603
603 49
49 619
619 636
636 415
415 214
214 812
812 321
321 338
338 808
808 657
657 277
277 84
84 869
869 178
178 79
79 454
454 420
420 538
538 553
553 605
605 730
673 233
233 835
425 929
929 672
672 83
83 936
936 189
189 209
209 837
837 17
17 245
245 412
412 688
687 611
611 912
912 496
496 658
658 758
758 858
274 965
965 110
751 946
946 593
593 60
60 982
982 666
666 44
44 532
532 620
620 980
43 535
971 217
217 434
434 577
577 919
919 369
369 392
392 268
268 706
706 440
440 210
210 234
234 350
350 624
624 356
356 96
96 360
360 40
318 549
549 331
331 458
458 709
709 584
584 276
276 876
876 311
311 757
757 116
116 795
795 159
159 348
348 995
995 951
951 92
92 849
849 287
287 419
419 241
241 967
957 349
349 525
525 477
477 33
33 928
928 825
825 428
428 567
567 746
746 290
290 823
823 205
205 884
479 65
65 353
353 39
39 648
648 783
783 221
221 703
566 310
310 534
534 439
439 609
609 882
882 202
202 381
381 416
416 332
332 183
110 964
415 895
895 265
265 989
989 685
685 378
378 408
719 916
367 292
292 696
696 650
650 906
906 226
226 541
541 333
204 943
943 19
673 95
265 137
949 911
911 749
749 782
782 689
689 53
53 867
867 23
23 766
766 651
651 375
375 313
313 781
781 424
424 397
397 14
14 974
974 842
842 422
422 305
305 780
780 298
298 978
978 186
596 935
935 436
436 101
101 993
993 537
537 600
600 89
89 979
979 587
957 475
475 417
417 438
438 726
726 963
963 552
552 402
402 675
675 655
655 901
901 482
482 270
270 293
293 5
5 465
465 173
173 711
711 156
939 72
72 961
961 966
966 37
37 185
185 807
807 626
626 388
869 453
453 192
192 718
718 887
887 785
785 106
106 351
351 760
760 575
575 48
48 522
522 486
486 299
299 93
93 12
12 247
263 9
9 256
256 512
512 145
145 51
51 487
487 883
883 563
224 734
734 80
80 580
580 400
400 922
922 66
66 621
621 119
119 682
682 218
218 134
134 744
744 94
942 542
542 798
969 565
565 865
865 325
325 34
34 905
905 503
503 640
640 403
403 523
523 322
951 340
340 260
260 616
616 232
114 366
366 725
725 155
155 925
156 143
143 948
948 41
41 881
881 560
560 373
373 50
50 223
223 269
859 654
654 994
935 752
752 308
308 735
735 4
4 813
813 862
862 663
663 559
559 592
645 491
491 160
160 892
892 363
363 474
474 463
463 61
61 921
921 985
985 788
788 923
923 459
459 839
839 278
278 743
743 548
548 314
314 662
662 133
133 729
769 950
950 497
497 227
227 108
108 219
219 824
824 507
507 502
502 55
55 394
394 941
941 433
433 257
257 30
30 383
383 926
926 68
68 819
819 511
511 634
634 606
647 176
176 131
131 889
889 956
956 810
810 163
163 480
204 188
188 251
251 602
602 22
22 70
70 622
622 610
610 973
973 179
179 915
915 262
262 938
938 805
805 261
261 570
570 987
987 799
799 272
272 168
168 500
500 432
432 832
832 328
328 540
540 896
896 945
945 317
317 421
421 517
517 872
872 389
389 111
111 347
347 20
20 437
437 230
230 31
842 246
246 231
231 940
940 476
476 667
667 288
288 85
85 187
187 817
817 76
76 193
631 890
890 827
827 490
490 129
129 38
38 82
82 115
115 97
97 171
171 968
968 451
451 797
797 117
117 644
644 786
786 286
286 697
697 407
407 498
498 556
556 828
828 629
629 441
441 531
531 267
267 715
715 855
855 880
880 917
917 977
977 764
764 863
863 821
821 148
148 91
91 330
330 625
625 21
21 674
674 714
714 323
323 355
355 362
362 618
618 341
341 430
430 401
401 886
886 455
455 46
222 702
702 791
791 249
732 390
390 468
468 774
333 337
337 411
411 728
728 275
275 236
236 528
528 294
294 393
393 382
382 289
289 981
981 891
891 27
27 809
147 371
436 937
937 212
212 98
98 457
578 509
221 558
558 472
472 571
571 838
838 908
908 991
991 668
668 670
670 840
840 103
103 315
315 336
336 166
166 518
518 406
406 384
384 169
169 960
960 659
659 357
357 377
377 359
359 615
615 312
312 505
505 918
1000 9
2 2 2 1 2 0 2 0 0 2 0 2 2 0 1 0 0 0 2 2 2 0 0 2 2 0 0 0 0 2 0 2 0 0 2 0 2 0 0 0 2 0 0 0 2 0 0 2 2 0 2 2 2 0 2 0 2 0 2 0 1 2 0 0 2 0 1 0 0 2 2 1 1 2 0 0 0 2 2 0 0 2 2 2 0 0 2 0 2 2 0 2 1 2 2 0 1 2 0 1 2 2 2 2 2 1 2 0 0 0 2 0 2 0 2 2 0 2 0 2 2 2 2 0 2 0 0 0 2 0 0 2 0 0 0 1 0 2 0 2 2 0 2 0 0 0 2 2 0 0 0 0 2 2 0 2 2 0 2 2 2 2 0 0 2 2 2 0 0 0 0 0 0 2 0 2 0 2 2 0 2 0 1 2 2 1 2 0 2 2 0 2 2 2 2 1 1 0 0 0 2 2 2 0 2 2 2 0 2 1 1 1 0 2 2 2 0 2 2 2 2 2 0 2 2 0 2 2 2 1 2 0 1 0 2 2 2 0 0 1 0 0 1 0 2 0 2 0 2 0 2 0 0 2 2 2 2 2 0 0 0 2 0 0 0 1 0 0 2 0 0 2 0 0 2 2 1 2 2 0 2 1 0 0 2 2 2 0 2 0 0 0 0 1 1 2 2 0 0 0 2 0 2 2 2 2 2 2 0 2 0 2 0 2 2 0 0 2 0 1 0 0 0 1 0 2 0 2 0 0 0 0 2 1 2 0 2 2 2 0 2 2 0 2 0 2 0 0 0 2 1 2 0 0 0 0 0 0 2 0 2 2 2 2 0 0 2 2 2 2 2 1 1 2 2 0 0 0 2 2 2 1 2 2 2 2 1 2 2 0 2 0 0 0 2 0 0 2 0 0 0 0 2 0 0 2 0 0 0 0 0 2 1 2 0 0 2 0 0 0 0 2 0 2 0 2 2 0 0 2 0 0 2 2 0 1 2 1 0 2 2 0 2 0 1 0 0 2 2 0 2 2 0 0 2 0 2 0 2 2 2 0 2 0 0 0 2 0 0 0 2 0 0 2 0 2 2 0 2 2 0 0 2 2 2 2 2 0 0 2 0 0 0 0 0 0 0 1 0 0 0 0 2 0 1 0 1 0 0 0 2 0 2 0 2 0 1 2 2 2 0 2 2 2 2 1 2 2 0 0 2 2 2 0 2 2 0 0 0 2 2 0 0 2 2 2 2 2 2 0 1 2 2 2 2 2 2 0 1 2 2 2 0 1 2 2 1 0 0 2 2 2 1 0 2 1 0 2 2 0 2 0 2 0 0 2 2 0 2 1 0 0 1 0 1 2 2 0 2 2 2 1 2 0 0 2 2 0 0 2 2 2 2 2 2 0 0 2 2 2 2 2 2 2 0 0 2 2 1 0 0 0 2 0 1 2 2 0 1 2 0 2 2 2 2 2 1 0 1 2 0 0 2 2 0 2 0 0 0 2 2 0 0 0 0 0 2 0 2 0 2 2 0 0 2 1 2 0 2 2 0 2 1 2 0 0 1 2 1 0 2 0 2 2 2 0 2 2 0 2 2 1 0 2 2 0 2 0 0 0 0 2 0 2 2 0 0 2 1 0 0 0 0 0 0 2 2 2 2 2 0 0 2 2 0 0 0 0 2 2 2 0 1 0 2 1 0 0 2 2 0 2 0 1 2 0 0 0 0 2 0 0 2 0 2 0 1 2 2 0 2 2 0 0 2 0 0 2 2 0 2 2 2 0 1 0 2 2 0 0 2 0 0 0 2 2 0 1 0 0 0 2 0 0 0 0 0 0 2 1 2 0 2 0 2 0 2 2 2 2 2 0 1 1 0 2 1 0 0 0 0 0 0 0 0 2 2 2 0 1 0 2 0 0 1 0 2 2 0 2 2 2 2 2 0 1 2 0 0 2 0 0 0 0 0 0 2 2 2 2 1 2 2 2 2 2 2 2 0 2 2 2 1 2 1 2 0 0 2 0 0 0 2 2 2 2 2 2 0 1 2 2 2 1 2 0 1 2 0 2 2 2 1 0 0 2 0 0 2 0 2 0 0 2 2 2 2 2 0 2 0 0 0 2 2 0 2 2 1 0 2 0 0 1 2 0 0 0 2 1 2 0 0 2 2 0 2 2 2 2 2 0 2 0 0 2 1 0 0 0 2 2 0 0 0 0 2 0 0 0 2 2 1 2 2 0 2 1 0 2 2 0 2 2 0 0 1 2 0 0 
606 841
841 226
226 588
588 932
932 626
932 767
767 150
150 796
796 95
95 975
841 837
837 548
548 197
197 936
936 436
436 178
178 502
502 447
447 234
234 266
266 86
86 645
645 1
1 857
857 856
856 585
502 926
926 627
627 367
367 448
367 439
439 151
151 112
112 859
112 949
949 104
104 556
556 391
391 568
568 394
151 268
268 897
897 476
476 477
1 386
386 633
226 649
649 869
869 396
396 567
567 66
66 874
874 228
228 26
26 39
477 143
143 6
6 782
782 141
141 530
226 364
837 986
986 860
860 775
226 190
190 892
892 469
469 202
202 553
874 85
85 187
187 594
594 97
97 861
861 71
71 348
348 608
608 536
536 582
582 416
416 982
982 570
570 59
59 654
112 2
2 836
836 811
811 900
900 434
434 16
16 888
888 162
162 252
252 335
335 577
577 786
786 947
947 495
495 564
564 302
302 902
902 239
239 322
322 44
44 65
65 754
841 669
669 214
754 527
527 761
761 726
726 723
723 392
392 522
392 771
811 49
49 729
729 107
107 589
589 318
318 578
578 704
704 124
143 607
141 834
834 61
548 934
934 613
613 487
487 765
469 58
58 829
829 730
730 357
357 176
176 314
314 545
124 823
823 957
823 250
250 403
403 925
302 962
962 835
835 677
677 133
133 12
12 784
784 192
522 243
243 653
653 806
806 360
360 54
54 493
493 441
441 298
2 91
91 149
149 100
100 295
295 616
616 579
579 563
563 506
506 426
426 98
98 941
941 458
458 349
349 791
791 974
974 247
247 781
781 659
659 666
666 308
308 494
494 977
977 572
572 712
712 484
484 288
288 382
382 529
529 519
519 822
822 437
437 709
709 544
544 911
911 137
137 300
300 93
93 549
549 110
110 814
814 939
939 201
201 614
614 55
55 976
976 271
271 406
406 10
10 395
395 879
879 521
521 908
908 546
546 119
119 474
474 105
105 839
839 970
970 45
45 751
751 611
611 264
264 313
313 172
172 639
639 383
383 40
40 945
945 432
432 887
887 727
727 520
520 961
961 111
111 802
802 678
678 923
932 778
778 341
341 245
245 109
109 488
488 813
577 369
369 833
833 894
894 866
866 658
658 20
20 890
890 18
18 734
734 132
132 129
129 29
29 193
193 551
551 219
219 256
256 576
576 304
304 350
350 719
719 648
477 263
263 163
163 17
17 739
957 410
926 405
405 189
189 455
455 592
592 397
397 708
708 33
33 273
273 865
865 509
509 179
179 365
365 629
629 19
19 375
375 347
347 460
460 223
223 136
136 4
4 28
28 489
489 526
526 3
3 401
401 849
849 424
424 554
554 731
731 87
87 22
22 334
334 278
278 684
684 108
347 233
233 213
213 980
980 290
866 593
593 584
584 745
745 540
540 619
619 514
514 74
74 374
374 631
631 756
756 338
338 738
738 451
451 675
675 696
696 174
174 764
300 954
954 140
140 742
742 31
31 832
832 971
971 259
259 462
462 185
185 673
673 948
948 42
42 312
312 831
831 352
352 510
510 569
569 14
14 294
294 361
361 637
637 685
685 21
21 744
178 660
136 931
931 670
670 269
269 581
581 516
516 891
108 842
842 429
429 478
478 215
215 998
998 418
418 600
600 803
803 693
693 885
885 513
513 783
783 662
662 910
910 200
200 421
421 507
250 805
805 293
293 722
722 37
37 306
306 413
413 385
385 773
773 177
177 183
183 170
170 452
452 275
275 875
875 688
688 951
951 995
995 482
137 407
407 481
481 698
698 597
597 825
825 67
67 362
362 165
165 309
309 102
102 199
199 212
212 624
624 743
743 23
23 701
701 575
575 552
552 821
821 691
691 120
120 800
800 966
966 208
441 679
796 557
557 981
981 15
585 655
655 457
457 809
809 665
665 753
753 710
522 999
999 130
130 216
216 774
774 236
236 927
927 721
721 89
89 713
713 123
123 746
746 422
856 906
906 533
533 358
358 777
777 303
303 286
286 291
291 48
48 776
776 483
483 388
388 402
402 917
917 433
433 810
33 284
284 795
795 328
328 705
705 486
486 225
225 605
605 617
617 246
246 630
630 325
325 804
804 277
277 587
587 116
116 909
909 299
299 794
794 41
41 717
717 5
5 895
895 748
748 762
762 740
23 943
943 479
479 799
402 399
399 237
237 599
599 706
706 373
373 793
793 205
205 470
470 657
657 135
135 351
351 11
11 207
207 882
882 466
466 428
428 454
454 461
461 697
697 963
963 650
650 339
339 944
944 558
558 68
68 231
231 647
647 602
602 989
429 921
921 343
343 47
47 128
128 127
127 541
541 438
438 638
638 430
430 780
780 523
523 964
964 456
456 297
297 139
139 468
468 218
218 642
642 117
117 991
991 671
671 147
147 171
171 496
496 317
317 415
415 173
173 959
959 612
612 985
985 412
412 485
485 331
331 292
292 60
60 283
283 880
880 583
583 741
741 609
609 440
440 615
615 830
830 930
930 750
750 62
62 498
589 504
504 427
427 919
919 191
191 990
932 443
443 816
816 209
209 384
384 194
194 535
535 916
916 359
359 539
539 50
717 321
321 244
278 852
782 475
475 166
657 453
453 387
387 524
524 855
855 32
32 157
157 265
265 253
253 106
106 175
175 296
296 534
534 737
737 635
635 435
435 449
449 938
938 73
73 167
167 195
195 168
168 903
903 230
230 542
278 969
969 445
445 596
596 43
43 148
148 464
464 690
690 505
505 210
210 644
644 922
922 8
8 83
83 893
893 238
238 378
378 735
68 942
942 950
950 248
248 973
973 35
35 342
342 409
409 153
41 279
430 144
144 159
159 790
790 196
196 72
72 625
625 667
667 651
651 694
694 224
224 459
459 699
699 863
863 537
537 618
341 81
81 262
262 323
323 672
672 870
870 528
528 96
96 896
896 63
857 686
226 203
203 310
310 873
873 827
827 562
562 330
330 381
381 188
685 905
905 789
201 987
987 733
733 850
850 752
564 492
492 276
276 353
353 377
377 206
206 946
157 138
841 161
161 561
561 929
929 473
208 621
216 517
517 340
340 661
661 787
787 550
550 77
77 164
164 251
251 155
155 101
101 993
993 878
878 420
420 965
965 848
848 785
58 232
232 760
760 623
623 702
702 160
160 724
724 311
789 84
84 725
725 372
372 598
598 249
464 996
996 826
826 703
49 82
82 772
772 770
770 828
828 853
853 500
500 355
355 376
376 356
356 94
94 25
25 881
881 346
346 57
57 683
683 792
792 198
198 145
145 877
877 899
899 574
574 994
994 872
872 467
467 255
255 720
720 843
843 501
501 590
590 851
851 329
329 186
186 632
632 695
695 240
240 90
90 92
671 928
928 480
480 34
34 907
907 663
663 307
307 169
169 56
56 988
988 368
368 503
503 227
227 817
492 937
625 113
113 940
940 333
333 324
324 154
154 158
158 689
689 121
121 904
904 864
864 142
454 344
399 512
512 604
604 404
404 36
36 779
779 700
700 555
555 915
915 272
28 955
955 379
379 768
768 898
898 38
38 876
876 76
76 924
924 146
146 912
912 217
740 718
718 30
30 222
222 984
984 682
682 565
731 126
126 515
515 918
918 732
732 620
620 389
389 182
182 64
64 884
884 471
471 972
972 390
390 728
728 260
260 393
393 960
960 983
983 472
472 499
499 444
444 707
707 643
643 573
573 968
968 532
532 628
227 840
840 867
867 681
681 242
242 289
289 560
560 547
448 716
716 901
901 844
844 204
204 497
497 267
267 692
692 967
967 979
979 591
591 868
868 952
952 801
801 646
646 1000
1000 847
847 79
79 601
129 235
235 414
414 99
99 366
624 571
571 221
221 13
13 640
640 812
812 687
28 465
465 363
363 634
634 490
490 261
261 525
525 747
747 883
883 871
871 680
680 858
858 763
763 511
511 815
525 354
354 807
807 518
518 332
332 935
935 114
114 337
337 913
913 636
636 280
280 88
913 656
656 319
576 714
850 845
845 184
184 992
992 118
118 933
933 370
370 411
411 327
313 425
425 301
301 7
7 27
118 305
305 103
485 69
69 408
408 956
415 51
51 586
586 508
508 674
674 320
320 371
371 838
838 53
53 125
125 711
711 180
180 450
450 797
797 257
257 46
46 241
241 70
70 80
80 75
75 281
281 641
641 798
798 181
181 819
819 914
914 566
566 886
886 769
769 491
491 258
258 889
889 211
852 229
229 274
274 336
336 664
664 846
846 316
316 755
755 131
131 326
326 254
254 543
543 749
749 854
854 652
652 463
463 788
482 285
285 115
115 345
345 423
423 603
603 287
287 824
824 538
538 134
134 820
820 417
417 920
920 282
282 442
442 431
431 978
978 736
736 862
862 315
315 808
808 9
9 122
122 668
261 400
400 559
559 156
156 766
766 958
958 531
531 758
758 419
419 818
818 220
220 757
757 446
446 610
610 997
997 398
398 595
595 580
580 759
759 380
380 953
953 676
676 52
52 78
78 152
152 270
270 622
622 715
715 24
1000 1
1 2 2 2 0 2 0 2 0 2 0 0 0 0 0 1 2 2 2 0 0 1 2 2 0 0 0 2 1 2 0 0 0 2 2 2 0 2 1 0 0 2 2 2 2 2 2 2 2 0 0 2 2 2 0 0 0 2 2 2 2 0 0 0 0 2 0 0 0 0 0 2 2 2 2 2 2 1 0 0 0 0 2 2 0 0 0 0 2 2 0 2 2 0 0 0 0 0 2 0 1 0 2 0 0 2 0 2 0 2 2 2 2 0 2 1 2 0 2 1 0 0 2 2 0 2 0 1 0 0 0 0 2 2 0 1 0 0 0 1 2 0 2 0 0 2 1 0 1 0 1 0 2 2 0 0 0 2 2 2 0 2 2 0 2 0 0 2 2 2 2 0 0 2 2 0 0 0 0 0 1 0 0 0 0 2 2 0 2 2 1 2 2 0 0 1 0 2 0 0 2 2 2 2 2 0 2 1 0 0 2 2 2 2 2 2 0 2 0 0 0 2 0 2 2 0 2 2 2 2 2 0 0 2 0 2 2 0 0 0 0 0 2 2 0 2 1 0 2 2 2 0 2 2 0 2 2 2 2 2 2 2 0 1 0 0 0 0 2 0 2 2 0 2 0 0 2 2 2 0 0 2 2 1 2 0 1 2 0 0 2 2 0 2 2 0 0 0 2 2 2 2 2 2 0 0 2 2 2 1 0 2 2 0 0 2 2 2 0 0 0 2 0 2 0 0 2 1 2 0 2 0 0 2 2 2 2 0 0 2 1 2 2 0 2 2 1 0 0 0 0 2 2 0 1 2 2 0 1 0 2 2 2 2 2 0 2 2 2 0 0 1 0 2 2 2 2 2 2 1 2 1 0 2 0 0 0 2 0 2 2 0 0 2 0 0 1 0 2 0 2 0 0 0 0 2 1 0 0 2 2 2 1 2 2 2 0 0 0 2 0 0 0 0 0 0 0 2 2 2 0 0 2 2 0 0 0 2 0 0 2 2 0 2 2 1 2 0 2 2 0 2 2 2 0 2 1 0 0 1 0 0 0 2 2 0 2 2 0 0 0 2 2 2 0 2 0 0 0 0 2 1 0 0 2 0 0 2 2 1 0 2 0 2 1 2 2 1 0 2 2 2 1 0 2 2 2 2 1 0 0 2 2 0 2 0 0 0 1 2 0 2 0 2 2 0 1 2 0 1 1 2 0 0 2 0 0 1 1 0 2 0 2 0 2 2 0 2 0 0 0 0 1 0 2 0 1 2 2 2 0 2 2 2 0 2 0 1 2 0 0 0 2 2 0 0 2 2 1 0 2 2 2 0 1 1 2 0 0 2 0 0 1 0 1 2 2 2 0 2 2 1 0 0 1 0 0 2 2 2 2 2 2 0 0 2 2 0 0 0 0 2 0 0 0 2 0 2 2 2 0 0 0 2 2 0 0 2 2 0 1 0 2 2 0 0 0 2 2 2 0 0 0 2 0 2 0 0 1 2 1 0 0 2 0 0 2 2 0 0 2 2 2 0 2 2 2 0 0 2 0 0 0 2 2 0 0 2 0 0 1 0 0 0 2 1 0 2 2 2 2 0 2 1 2 0 2 2 0 0 2 0 0 2 2 2 0 0 2 1 0 0 1 2 0 0 0 2 1 2 2 2 0 2 1 2 0 0 2 0 2 0 0 2 0 2 2 0 0 2 2 2 2 2 0 2 1 2 2 2 1 2 1 0 0 0 2 2 0 0 0 0 2 2 1 2 0 2 2 2 0 2 2 0 2 0 0 2 2 0 0 0 2 2 0 1 1 2 0 0 2 2 0 2 1 2 0 2 0 2 2 0 2 2 2 2 2 2 2 0 2 0 2 2 2 0 2 0 2 2 0 2 2 2 0 2 0 2 0 2 0 0 0 0 2 1 0 2 2 0 0 2 2 0 2 0 2 2 2 0 0 2 0 2 2 2 2 2 0 2 0 2 0 2 2 0 2 0 0 2 2 0 0 2 2 2 0 2 2 0 0 2 0 2 2 0 2 0 2 2 2 2 1 2 2 0 2 0 1 2 0 0 2 2 2 2 0 0 2 0 2 2 2 0 2 0 2 2 2 2 0 0 0 2 2 2 0 0 2 0 2 0 1 2 2 2 2 2 0 0 0 0 0 0 0 2 0 0 0 0 2 2 1 0 2 0 0 0 2 2 0 0 0 2 0 0 0 0 2 0 2 2 2 0 2 2 2 0 0 2 0 2 2 0 1 0 2 0 2 0 
464 653
653 641
641 805
805 402
402 459
459 618
618 379
379 984
984 420
420 38
38 570
570 372
372 531
531 877
877 271
271 488
488 401
401 842
842 885
885 975
975 838
838 878
459 272
272 702
702 567
567 861
861 424
402 244
244 773
773 797
797 789
789 569
569 194
194 164
164 246
885 833
833 94
94 728
728 670
670 141
141 965
194 495
495 848
848 923
923 694
694 737
737 308
308 22
22 183
653 428
428 840
840 344
344 655
618 576
576 100
100 360
360 120
120 77
77 26
26 470
470 627
627 851
877 16
16 992
992 121
121 21
21 1000
77 820
121 93
93 661
661 822
822 302
302 847
847 966
966 388
388 438
438 8
8 527
527 264
264 981
981 746
653 693
693 451
451 640
640 727
727 679
679 997
997 193
193 405
405 493
493 578
578 973
973 337
337 278
278 672
672 242
420 946
946 786
786 645
645 163
163 667
981 399
399 526
1000 288
288 827
827 925
925 110
110 11
11 500
500 636
636 942
942 895
895 991
991 692
693 544
544 312
312 542
542 409
409 613
613 675
675 52
52 480
480 807
807 280
280 212
212 691
973 250
250 76
76 292
292 95
95 821
821 37
37 230
230 279
279 602
602 598
598 437
437 144
144 301
301 243
243 189
189 362
362 456
456 759
759 799
799 892
892 808
95 433
433 421
421 12
12 87
11 328
328 218
218 270
270 507
507 936
936 126
126 568
568 227
227 220
220 195
195 365
365 635
635 3
3 352
352 23
23 363
363 871
871 856
856 514
514 129
129 219
219 813
813 612
612 348
348 472
472 499
499 561
561 262
437 248
248 446
446 492
492 455
455 43
43 780
780 486
486 228
228 699
699 658
658 795
795 986
986 935
935 529
529 922
922 818
818 150
150 798
798 479
479 872
872 435
435 159
159 245
245 765
219 558
558 31
31 332
935 498
498 483
483 993
993 412
362 476
476 841
841 306
306 638
992 368
368 91
91 889
889 859
859 18
18 511
511 260
798 917
917 62
62 445
144 717
717 696
529 907
847 473
473 113
113 334
334 268
268 853
853 980
980 385
385 998
998 336
336 249
249 521
521 806
806 35
35 860
860 222
222 912
912 957
957 303
303 571
571 624
624 289
289 844
844 594
594 648
648 447
447 108
108 396
396 915
915 73
73 463
463 614
614 471
471 976
976 295
295 565
565 775
775 985
985 811
811 370
370 551
551 309
309 122
122 452
336 554
554 713
713 902
902 532
532 410
410 151
151 788
788 82
82 453
453 202
202 78
78 927
927 225
225 241
241 107
107 978
978 510
510 386
386 947
947 20
20 478
478 240
240 83
83 941
941 814
814 876
675 1
1 49
49 623
623 239
239 794
794 703
703 754
754 6
6 27
27 505
505 804
804 54
54 938
938 174
174 72
72 581
193 196
196 255
255 516
516 191
191 596
596 524
524 582
582 25
25 234
270 557
557 70
70 893
893 642
642 223
223 987
987 207
207 764
764 894
894 111
451 179
179 217
217 434
434 134
134 742
742 63
63 835
835 901
901 149
149 983
983 697
697 319
319 621
621 937
937 934
934 185
185 735
735 970
970 188
188 575
575 172
434 739
739 481
481 802
802 482
482 778
778 356
356 145
145 259
259 911
911 371
371 178
178 147
388 585
585 959
959 926
926 593
593 605
605 643
643 58
58 277
277 825
825 391
391 142
142 995
995 730
730 33
33 287
820 880
880 232
232 66
66 972
972 258
258 810
810 539
539 311
311 381
381 339
339 725
725 192
192 442
593 761
761 994
994 855
855 359
359 497
497 919
941 652
652 595
595 55
437 30
30 369
369 639
639 910
910 960
960 913
913 468
468 603
603 560
560 584
584 298
298 427
427 590
590 394
394 40
43 716
480 378
378 545
545 686
686 57
57 849
849 887
887 823
823 637
637 293
293 403
403 92
92 520
520 650
650 284
284 677
677 226
226 732
732 13
13 572
572 615
615 7
7 186
186 444
444 816
816 666
63 15
427 656
656 564
564 710
710 904
904 398
398 700
700 948
948 84
54 382
382 138
980 680
680 982
470 611
611 579
579 439
439 550
550 317
317 791
791 962
962 340
340 729
729 450
450 180
180 556
556 929
929 267
267 748
910 97
97 770
770 684
684 342
342 383
383 346
346 990
990 566
566 628
628 387
387 586
586 86
86 175
175 85
85 899
899 494
494 283
283 291
291 74
58 741
741 81
348 715
715 422
422 654
654 474
474 5
5 487
487 157
157 261
261 669
669 338
338 783
783 932
623 720
720 685
685 173
173 562
562 153
153 221
221 376
783 688
688 48
48 47
47 330
330 419
419 200
200 668
668 734
734 109
109 128
128 683
683 988
988 322
322 89
89 733
470 591
591 914
914 101
101 525
525 408
408 547
547 873
873 771
771 377
377 955
955 743
743 124
124 375
375 738
738 930
930 617
617 343
841 415
415 553
553 767
767 380
380 549
549 782
782 886
886 269
269 776
776 921
921 313
313 884
884 431
431 32
32 897
897 749
749 75
75 662
662 485
485 253
253 331
331 266
31 203
203 969
969 59
59 950
950 462
462 961
961 247
247 757
757 275
275 577
577 119
119 426
426 162
162 198
198 34
623 824
824 772
291 846
846 98
98 297
297 857
857 513
513 869
869 920
920 768
768 610
610 583
583 803
803 620
620 903
903 215
215 506
506 671
671 411
411 792
792 843
843 106
106 592
592 305
305 177
177 61
61 888
888 747
747 977
977 974
974 793
911 123
123 999
999 251
251 906
906 543
543 316
316 436
436 135
494 389
389 939
939 393
393 416
416 740
740 951
951 800
800 296
296 831
831 252
252 874
874 465
465 508
508 657
657 205
205 392
392 358
358 216
216 785
785 300
300 477
477 80
80 845
845 231
231 537
537 536
536 690
690 458
458 689
689 327
327 552
552 538
920 136
136 512
512 518
551 323
323 10
569 705
705 890
890 515
515 504
504 4
4 607
607 282
282 706
706 944
944 682
560 724
724 616
616 321
321 60
60 318
318 753
753 963
963 830
830 681
681 828
828 425
425 469
469 664
664 574
574 722
97 44
44 354
354 626
626 535
535 854
87 406
352 781
781 68
68 345
345 304
951 866
866 979
979 373
373 461
461 127
127 883
883 858
858 206
206 167
167 601
601 852
852 257
257 9
9 836
836 99
180 490
490 165
165 158
158 787
787 187
187 674
135 629
149 199
199 491
491 166
166 580
580 449
449 609
609 170
170 56
56 117
117 958
958 829
829 176
176 233
233 224
224 71
71 563
563 374
374 281
281 112
112 812
812 784
784 708
708 467
467 104
104 160
160 952
952 355
355 879
410 324
951 395
395 832
227 534
534 29
29 131
131 168
168 351
351 559
559 118
226 414
414 429
429 102
102 184
184 663
663 868
868 875
875 528
528 347
347 204
204 361
361 235
235 299
883 197
903 931
931 41
41 190
190 384
384 214
214 721
816 619
619 588
380 46
46 132
132 928
928 712
712 766
766 644
644 400
400 943
943 673
673 286
286 701
291 745
745 154
154 502
502 90
961 630
630 294
294 809
809 790
790 850
375 817
817 440
440 660
660 475
475 496
496 801
801 509
395 17
17 290
290 631
631 606
606 634
634 863
863 918
918 139
139 2
2 201
201 862
862 367
367 540
540 867
867 133
135 14
14 555
555 460
460 28
28 898
898 522
522 65
65 366
366 533
533 774
774 882
21 229
229 36
269 397
397 815
815 956
956 651
651 39
39 597
597 210
210 744
744 238
238 423
423 114
114 417
417 763
763 758
758 341
341 996
996 53
53 88
88 665
665 484
484 751
751 404
404 489
489 530
530 600
600 604
604 155
155 796
796 137
137 649
649 208
208 718
718 760
760 432
432 968
968 457
457 949
949 865
865 237
237 546
546 573
573 335
335 731
731 364
364 209
209 143
143 329
329 64
776 357
357 909
909 762
762 622
530 19
22 646
646 273
273 254
254 285
285 819
819 933
933 501
501 589
589 839
839 146
146 916
916 443
443 161
161 826
826 325
325 750
750 125
125 678
678 587
141 152
152 418
418 103
103 140
140 333
333 156
156 647
647 116
626 466
466 964
111 517
517 274
274 967
967 714
997 96
311 687
687 709
709 632
557 541
541 633
633 315
315 837
837 777
777 752
752 896
896 940
195 954
954 755
755 171
171 945
945 69
69 891
891 211
211 834
834 265
265 695
695 881
881 448
448 726
726 182
182 130
130 79
79 908
908 236
236 519
519 169
169 310
310 769
769 736
736 50
50 989
989 307
164 349
349 523
523 864
864 276
276 430
430 390
390 659
659 263
263 707
707 971
971 320
320 51
51 67
67 256
256 314
314 326
326 213
213 181
181 105
105 698
698 704
704 353
353 608
608 24
206 719
719 756
756 900
900 953
613 905
905 711
711 870
1 350
350 454
454 924
924 723
723 548
548 676
676 42
42 115
115 779
779 441
441 45
607 148
148 625
625 407
407 413
413 503
503 599
1000 7
1 2 0 2 0 2 0 0 1 2 2 0 1 2 0 0 0 2 2 2 2 2 2 2 0 1 0 2 2 0 0 2 0 2 0 0 0 2 0 0 2 0 0 0 1 2 1 0 0 0 2 2 0 0 2 0 2 2 0 2 0 0 1 0 0 0 2 2 2 2 1 2 0 1 2 2 0 0 2 0 2 2 2 0 0 0 2 1 2 0 2 2 0 0 2 0 2 2 0 0 0 0 2 0 2 1 0 0 0 2 2 1 0 0 0 2 0 2 2 2 1 0 1 0 2 2 2 2 0 2 2 2 2 0 2 0 2 0 0 0 2 2 0 2 2 2 0 0 2 0 0 2 2 2 2 2 2 2 2 2 2 2 0 0 2 0 2 1 2 0 1 0 2 2 0 0 2 0 2 0 0 0 2 1 2 2 0 0 0 1 0 0 0 0 2 0 0 0 2 1 0 1 0 0 0 1 2 2 1 0 2 2 0 0 0 2 0 2 0 2 1 0 0 1 2 0 2 0 0 2 0 2 0 2 0 0 2 0 2 0 2 0 2 0 2 1 1 0 2 0 2 0 0 0 2 1 2 0 0 0 2 0 0 2 0 2 0 2 2 2 2 2 2 0 0 0 1 2 2 2 2 0 0 2 0 2 1 2 2 0 0 0 2 0 2 2 0 2 0 2 1 2 1 1 0 2 1 2 2 0 1 0 0 0 2 0 2 2 2 2 2 2 2 0 0 2 0 2 2 0 1 2 1 2 0 1 0 0 2 2 0 1 1 2 2 2 0 2 1 2 2 0 1 0 2 0 0 1 0 2 0 2 0 2 0 2 0 1 2 1 2 2 0 2 0 1 1 2 2 0 0 0 0 0 2 2 1 2 0 2 0 2 2 0 2 2 0 2 0 0 2 0 2 0 2 2 0 2 2 2 2 0 0 2 2 2 0 2 2 1 0 0 2 2 0 0 2 0 0 0 2 0 0 2 0 0 2 2 2 2 2 0 1 1 0 2 2 2 0 2 0 1 0 2 2 0 0 0 0 0 1 2 0 2 0 2 0 2 0 2 2 2 2 2 2 0 2 2 2 0 2 2 2 2 2 2 0 0 2 2 2 1 2 2 2 0 2 0 1 0 2 0 2 2 2 0 2 0 2 2 0 0 0 0 0 2 0 2 2 0 0 1 0 0 2 0 1 2 2 0 0 2 0 2 2 2 0 0 2 0 0 2 0 0 0 0 0 2 2 2 0 0 0 2 2 1 0 0 0 2 2 1 0 2 0 0 2 0 2 0 0 2 2 2 2 2 0 2 2 2 2 0 2 1 1 0 2 2 2 0 0 0 2 2 0 2 2 0 2 1 2 0 2 0 1 2 0 2 0 0 2 2 2 2 0 2 2 0 1 0 2 0 2 0 2 0 2 0 2 1 2 2 0 2 0 2 1 0 0 0 2 2 1 0 0 2 0 1 0 0 2 0 0 1 1 2 2 0 2 2 0 0 0 2 2 2 2 0 1 0 0 2 0 2 2 0 2 2 0 0 2 2 0 0 0 1 2 1 0 2 2 2 0 2 0 1 0 2 2 0 0 1 1 0 0 2 2 0 0 2 0 2 0 0 0 0 0 0 0 1 0 2 0 0 2 0 2 2 0 0 2 0 0 2 2 0 0 2 2 0 0 2 2 0 2 1 2 0 0 2 2 2 2 0 2 2 0 0 0 1 0 2 2 0 2 2 0 2 0 0 0 2 2 2 2 0 2 0 2 0 0 1 1 0 2 0 2 1 0 1 0 2 2 1 0 2 2 0 2 1 0 2 2 0 2 0 2 2 0 0 2 2 2 0 0 0 0 2 0 0 2 2 1 2 0 2 0 0 0 0 0 0 1 2 2 2 2 1 0 2 2 0 2 2 0 2 2 2 2 2 2 0 1 2 0 0 2 0 0 2 0 2 2 0 2 0 2 2 0 0 2 0 0 2 2 0 2 0 2 2 2 2 0 0 2 2 0 2 0 0 0 2 0 0 0 0 2 0 2 0 2 2 0 2 2 0 2 2 2 0 1 2 2 2 2 0 2 2 2 0 0 0 2 0 2 0 2 2 2 2 0 1 2 0 0 0 0 2 1 2 2 0 0 0 2 0 2 0 0 0 0 0 0 1 2 2 0 0 2 1 0 0 2 2 0 2 0 0 0 2 2 2 2 2 0 2 0 2 0 2 2 2 2 0 2 2 0 2 2 2 0 0 2 2 0 2 0 0 2 2 
298 624
624 543
543 611
611 657
657 546
546 102
102 236
236 261
261 627
627 787
787 637
637 57
57 307
307 385
385 565
565 255
255 241
241 56
56 529
529 763
763 266
266 796
796 878
878 75
75 503
503 91
91 653
653 476
476 523
523 758
758 140
140 767
767 201
201 447
447 797
797 138
138 312
312 659
659 712
712 919
919 813
813 686
686 286
286 257
257 88
88 520
520 247
247 967
967 550
550 159
159 389
389 713
713 827
827 720
720 292
292 721
721 723
723 577
577 955
955 642
642 353
353 105
105 832
832 388
797 375
375 648
648 269
269 680
680 569
569 993
993 997
997 485
485 979
979 461
461 626
626 457
457 109
109 666
201 842
842 242
242 757
757 354
354 290
290 490
490 932
932 593
593 4
4 449
449 439
439 862
862 340
340 900
900 260
260 234
234 472
472 618
618 676
676 21
21 72
72 948
948 5
5 894
894 327
327 263
967 285
285 119
119 776
776 753
753 775
775 572
572 861
861 906
906 748
748 65
65 220
220 789
789 759
759 120
120 294
294 809
809 751
751 960
960 403
403 287
287 501
501 401
401 562
861 84
84 605
605 204
204 711
711 214
214 584
584 347
347 470
470 479
479 464
605 49
49 444
444 964
964 528
528 128
128 177
177 108
108 211
211 863
863 663
663 231
231 770
770 161
479 800
800 152
152 278
618 519
519 330
330 859
859 168
168 836
836 978
978 221
221 296
296 206
206 475
475 142
142 963
963 673
673 804
804 239
239 293
293 96
96 367
367 489
109 851
851 824
824 989
989 381
381 487
487 604
604 943
943 429
429 74
74 413
413 558
558 122
122 319
319 732
732 28
298 687
687 563
563 342
342 79
79 425
425 324
324 802
802 873
65 275
275 184
184 995
995 901
901 719
719 125
125 645
645 415
415 93
93 823
823 969
969 428
428 419
419 592
592 306
306 430
673 750
750 752
752 67
67 441
441 907
907 937
937 884
884 445
445 44
44 256
256 735
735 483
483 212
212 701
823 13
13 232
232 568
568 153
153 981
981 348
348 589
589 282
282 734
734 9
9 855
855 396
396 440
109 458
458 785
993 865
865 320
320 279
279 805
805 970
970 402
402 564
564 628
628 973
973 115
115 510
510 599
599 202
202 459
459 882
882 160
160 692
692 706
706 85
85 698
698 895
895 515
515 702
702 209
209 496
496 372
372 852
852 495
495 595
595 469
469 192
192 226
226 846
846 777
458 667
667 678
678 318
318 199
199 383
383 966
966 170
170 527
74 240
240 438
438 1
441 840
840 300
300 826
826 435
435 350
350 227
227 899
899 581
581 371
371 684
684 575
575 566
566 95
95 222
981 601
601 405
405 217
217 745
745 341
341 404
404 264
264 8
8 755
755 537
537 716
716 524
524 985
985 904
904 11
11 941
459 556
556 924
354 514
514 90
90 416
416 82
279 708
708 877
877 946
946 670
670 147
147 343
343 672
672 710
710 86
86 225
225 134
134 790
790 314
314 463
463 612
612 224
224 986
979 17
9 136
136 513
513 208
208 289
289 29
29 655
655 765
904 480
480 421
421 390
390 860
860 931
931 594
594 281
281 141
836 15
15 883
883 228
228 311
311 629
429 377
377 555
555 662
662 478
478 104
341 582
582 834
834 927
927 362
362 187
187 171
171 207
207 216
216 200
200 791
791 16
751 172
172 992
992 59
59 726
599 975
975 179
179 321
321 988
988 623
623 833
833 652
652 990
990 771
208 926
926 728
472 999
628 959
959 366
366 631
631 872
566 235
235 185
185 369
369 696
696 669
669 499
499 806
806 370
370 7
7 707
707 714
714 916
916 630
966 971
971 302
302 841
841 203
203 50
50 175
723 902
902 909
967 189
189 632
632 887
887 443
443 866
866 196
524 387
387 46
981 395
395 331
999 328
328 506
506 351
351 876
978 849
849 742
742 148
148 34
34 78
78 947
947 54
54 544
544 695
695 268
268 38
38 580
580 539
544 815
815 781
781 691
691 361
361 736
736 237
237 654
654 929
929 892
892 283
283 180
180 250
250 373
373 521
521 779
779 380
380 18
18 542
710 173
173 391
391 730
730 25
430 98
98 869
443 600
600 746
746 434
434 561
65 64
64 23
23 333
333 399
399 453
453 504
504 87
87 598
598 248
248 857
857 700
700 183
183 587
587 313
313 51
51 482
482 551
551 890
890 660
660 683
683 991
991 378
378 621
621 868
868 768
457 722
722 828
828 952
952 145
145 850
850 531
531 190
190 541
541 462
621 305
305 810
810 744
744 783
783 576
576 610
610 73
73 795
795 493
493 760
760 270
851 433
433 639
639 778
778 668
668 835
835 230
230 522
256 223
223 643
643 252
252 507
507 345
345 984
984 910
152 920
920 829
829 26
26 607
607 942
942 681
681 238
238 591
591 244
244 114
114 412
74 625
625 259
259 364
364 954
954 749
749 456
456 928
928 191
191 793
793 880
412 982
982 888
888 406
660 803
803 956
956 603
482 386
386 635
635 317
317 518
518 334
334 219
219 42
42 155
155 843
843 352
352 94
94 137
137 427
427 101
101 674
674 664
664 63
63 205
205 246
246 77
77 243
243 688
688 110
110 477
477 715
715 649
649 149
246 254
254 818
818 267
267 786
786 756
756 864
864 622
622 437
437 951
951 197
197 39
39 432
432 677
677 944
944 798
798 535
535 80
80 486
486 265
265 671
671 89
89 99
99 126
126 132
102 233
233 398
398 740
740 484
484 886
886 112
112 446
446 517
517 936
936 739
739 540
206 174
174 195
195 32
32 359
359 853
853 58
611 636
636 968
968 754
754 675
675 679
403 323
323 494
494 703
703 178
178 176
176 590
590 382
382 633
676 658
658 885
885 14
14 782
782 898
898 424
424 854
854 157
710 817
817 774
774 567
567 640
640 338
338 374
374 867
867 355
355 761
761 972
972 615
615 384
384 92
92 426
426 66
66 816
816 158
158 167
207 949
949 113
113 533
533 336
336 215
215 957
957 811
811 422
422 733
733 481
481 588
588 747
747 699
699 953
953 961
86 724
724 665
665 139
139 646
646 694
694 436
436 162
162 839
839 996
996 994
994 474
474 420
420 609
609 903
903 360
360 146
146 532
532 210
210 245
245 344
344 772
772 933
933 741
741 911
911 549
549 616
616 812
594 218
218 164
164 123
123 930
930 144
144 784
784 193
193 81
81 488
488 452
452 874
347 451
451 19
19 799
811 557
557 3
462 905
905 363
363 717
717 875
875 198
198 339
339 69
69 410
410 24
378 570
570 536
536 538
538 704
704 273
273 923
923 847
847 858
858 454
454 651
651 465
465 914
914 608
608 831
831 188
188 346
346 22
22 856
856 500
500 807
807 356
370 893
893 586
586 682
682 613
613 249
15 299
299 407
407 638
638 127
127 838
372 881
499 20
20 133
133 788
788 871
871 274
274 705
864 492
492 316
316 471
471 578
578 277
277 583
540 253
253 376
376 117
117 731
731 271
271 143
143 925
925 917
917 526
526 288
288 897
897 837
837 534
534 938
938 329
329 769
28 729
729 47
47 965
965 442
442 262
262 554
554 634
634 156
156 468
468 773
773 980
980 272
495 332
332 393
393 310
310 297
297 165
862 31
31 335
335 516
516 718
718 896
896 950
950 697
697 229
229 498
498 743
743 423
423 647
647 844
844 121
121 62
62 400
400 103
882 100
100 41
41 43
43 764
764 889
889 502
49 473
250 83
83 111
111 163
163 411
411 309
309 448
448 913
913 614
614 525
525 689
689 107
107 891
891 559
559 1000
1000 35
35 574
574 548
548 560
560 725
725 830
830 280
280 987
987 508
508 976
976 154
154 418
418 301
301 509
509 814
814 505
505 61
61 685
685 251
251 940
940 431
431 579
579 45
45 315
315 845
845 466
466 821
821 308
308 97
97 53
53 397
484 641
641 304
304 998
998 915
915 326
326 37
37 450
450 276
276 801
445 935
935 118
118 825
825 129
129 808
808 12
12 467
467 349
349 934
890 497
497 76
76 762
762 974
974 596
596 737
737 150
150 619
619 585
585 945
945 820
820 958
958 116
116 780
780 52
52 258
258 573
573 530
530 70
70 414
414 571
510 303
303 358
358 511
511 368
368 794
794 166
166 690
690 606
606 194
194 939
259 656
774 983
983 408
408 131
131 379
379 151
151 130
130 181
891 30
30 848
848 870
870 325
325 10
10 709
709 553
553 617
617 409
409 417
417 597
671 819
819 918
918 295
295 322
322 727
727 106
106 68
68 71
71 27
27 547
547 792
54 337
337 213
213 394
394 620
265 55
55 602
602 40
40 33
70 962
962 186
186 552
552 650
650 545
545 912
912 460
460 491
491 60
60 48
48 661
661 124
124 6
6 922
922 879
879 644
644 693
693 182
182 921
921 135
135 977
977 738
738 392
392 2
2 908
908 512
512 357
357 36
36 766
766 822
822 169
169 291
291 455
455 365
365 284
1000 10
2 2 0 0 2 1 0 0 0 1 0 0 2 0 0 2 0 2 0 2 2 2 0 2 2 2 0 0 2 0 2 1 2 0 2 0 2 0 2 2 2 2 2 0 2 0 2 2 2 0 0 2 0 0 1 0 0 0 2 0 2 0 2 2 2 2 0 2 1 0 0 2 2 0 2 2 2 0 2 2 1 0 0 2 2 2 2 0 2 0 0 2 0 0 0 2 2 0 0 0 0 0 0 0 2 0 2 0 0 0 2 2 2 2 0 2 2 0 2 2 1 0 0 0 0 2 2 2 0 0 2 2 2 2 1 2 2 0 2 0 2 2 0 1 2 0 0 0 2 0 0 2 0 1 1 0 2 0 2 0 2 2 2 2 2 2 2 2 0 0 2 2 0 0 2 0 2 2 2 2 1 2 2 0 2 0 2 0 2 2 0 0 2 1 1 0 1 0 0 2 0 1 2 2 2 0 2 0 0 0 0 0 2 0 0 2 2 0 1 2 1 2 1 2 2 2 0 2 0 2 0 0 2 0 2 0 0 1 0 2 0 2 2 0 1 0 2 0 0 0 0 1 2 2 2 2 0 0 0 0 2 2 0 2 2 0 1 2 0 2 1 2 0 2 0 0 0 0 2 2 2 0 2 0 0 2 2 2 2 0 0 1 2 0 2 0 0 2 0 0 0 2 0 2 2 0 0 1 0 2 2 2 2 0 2 2 2 1 0 2 0 2 1 0 2 0 0 2 2 2 0 0 0 2 0 2 0 0 0 2 0 2 0 2 0 1 2 2 2 0 0 1 0 0 2 0 2 2 0 0 0 0 2 2 2 2 2 0 0 0 2 2 0 2 2 0 0 2 2 0 0 2 2 0 0 0 2 2 0 2 2 1 0 2 2 2 0 0 0 1 0 0 0 0 0 2 0 2 0 2 2 1 2 0 1 2 0 2 2 1 2 0 0 0 2 1 2 2 0 0 2 0 2 2 1 0 0 1 0 1 0 0 2 0 0 2 0 2 2 0 0 1 0 2 0 2 2 0 2 2 2 2 2 0 2 2 0 0 2 2 0 2 0 2 0 0 1 0 0 0 2 0 0 2 0 2 2 2 0 2 1 0 2 2 2 1 2 0 0 0 0 2 2 2 2 0 2 2 2 2 2 0 2 2 2 0 0 2 2 0 2 0 2 0 2 2 2 2 0 0 1 2 2 2 2 0 2 2 2 0 2 2 0 0 0 0 2 2 2 2 2 2 0 1 2 2 2 1 2 0 2 2 2 2 0 2 0 0 2 0 0 0 2 2 0 1 2 0 0 0 0 0 1 0 0 1 0 0 2 0 0 1 2 2 0 2 0 0 1 2 0 0 0 0 2 0 2 0 2 2 2 2 0 1 0 0 0 2 2 2 2 0 0 1 1 0 2 0 2 0 0 0 0 0 2 0 0 2 2 0 2 2 0 2 2 0 2 0 0 2 0 2 2 2 0 2 0 2 1 0 0 2 1 2 2 0 2 2 2 0 0 2 2 2 0 0 0 2 1 0 1 0 2 1 0 0 2 0 1 1 2 0 0 2 0 0 0 0 2 0 2 2 0 0 0 0 0 1 2 0 1 0 0 0 2 1 1 0 0 2 0 2 0 0 2 0 0 0 0 1 2 2 2 2 0 2 0 0 2 0 0 2 0 0 2 2 2 0 0 0 0 0 2 0 0 2 2 2 0 2 2 0 2 2 0 0 0 1 0 2 0 2 0 0 0 1 2 2 0 2 2 0 0 2 0 0 2 0 0 0 2 0 2 2 2 0 2 0 0 0 0 2 0 0 2 0 0 2 1 2 0 0 2 2 0 0 2 2 0 1 0 2 0 2 1 2 2 2 0 2 2 1 0 1 2 2 2 2 2 2 2 0 0 0 2 0 2 1 2 2 2 2 2 2 2 2 2 2 0 0 2 0 1 0 2 2 2 2 2 0 2 2 0 2 0 2 0 2 1 0 0 0 0 2 0 0 0 0 1 0 2 0 0 0 2 2 0 0 0 0 0 2 2 2 2 2 0 2 2 2 1 2 2 2 2 2 1 2 1 0 2 1 2 0 1 2 1 2 0 2 0 2 0 2 2 2 2 2 2 0 2 0 2 2 2 0 0 2 2 0 2 0 2 0 2 2 1 2 0 0 0 0 1 1 0 0 0 0 2 2 2 0 0 2 2 2 0 0 0 2 0 0 0 0 2 0 2 2 2 2 0 2 0 0 0 0 0 2 0 0 
356 817
817 77
77 31
31 257
257 195
195 615
615 183
257 94
94 855
855 690
31 462
855 17
17 813
195 135
135 157
157 924
924 128
128 241
241 188
188 234
31 118
118 162
162 530
530 694
694 785
785 367
615 487
487 602
602 149
31 259
259 776
776 104
104 983
983 607
607 137
137 798
798 664
664 457
457 417
417 826
826 876
876 549
549 226
226 565
565 13
13 848
848 883
883 302
302 967
967 663
663 951
951 497
497 572
137 311
311 949
949 596
596 485
485 604
604 236
236 340
340 260
260 687
687 391
391 589
589 483
483 83
83 50
50 63
63 842
842 171
171 370
370 28
28 839
839 774
774 948
259 561
561 351
351 870
367 115
115 130
130 961
961 894
894 540
540 688
688 932
932 321
321 646
646 15
15 220
220 886
886 271
271 819
948 280
280 783
783 129
129 324
324 431
431 861
861 619
619 155
155 786
786 402
402 720
720 727
727 999
999 661
661 612
612 465
465 455
455 518
518 753
753 235
886 650
650 187
187 579
579 994
994 172
172 750
750 523
523 399
399 809
483 90
487 808
808 940
940 124
124 824
824 833
833 89
89 445
445 74
74 258
258 925
925 312
312 368
368 993
993 509
948 763
763 591
591 789
789 184
184 844
844 442
442 103
103 429
429 583
583 767
767 741
741 369
369 895
895 166
166 725
725 216
216 408
408 293
839 181
181 758
758 594
594 580
580 966
966 777
777 292
292 255
255 212
212 717
717 269
195 415
415 422
422 587
587 199
199 72
72 38
38 453
453 419
419 185
185 310
310 586
586 796
796 525
525 632
632 418
418 355
355 797
797 536
536 221
221 857
857 347
347 61
61 812
812 566
566 364
364 426
530 126
126 496
496 123
123 990
990 165
165 288
288 930
930 99
99 788
788 343
343 203
203 732
732 872
872 290
485 547
547 626
626 45
45 242
589 621
621 740
740 576
576 593
593 400
400 992
992 142
142 145
145 662
662 901
901 907
907 814
814 691
691 475
475 771
771 479
479 719
719 305
305 470
470 624
624 728
728 704
195 575
575 623
623 81
81 150
150 644
644 177
177 433
433 962
962 219
219 656
656 373
373 978
978 562
562 634
634 48
48 1
1 53
53 585
585 82
82 232
232 332
332 303
303 132
132 657
657 34
34 953
953 71
71 389
389 745
745 101
857 678
678 122
122 706
706 299
299 494
494 954
954 988
988 534
534 675
675 18
18 95
95 529
235 196
196 511
219 374
374 379
379 811
657 859
859 320
320 91
91 474
474 3
3 395
395 921
921 756
756 411
411 381
381 869
869 738
750 68
809 52
52 705
705 790
790 144
144 170
170 818
818 153
153 143
143 436
436 635
635 666
666 896
896 904
53 721
721 238
238 248
248 353
353 815
815 723
723 550
550 390
390 829
829 911
911 313
313 555
555 735
735 595
595 878
878 205
205 456
456 516
516 265
265 210
210 287
287 970
970 888
95 133
133 146
146 968
157 252
252 24
24 323
323 935
146 557
557 712
712 296
296 636
636 383
63 403
403 228
228 398
398 933
933 412
412 222
222 643
643 600
600 206
206 882
882 194
194 512
512 26
26 57
57 476
776 677
677 610
610 671
671 866
866 715
715 40
40 919
919 11
11 711
711 913
913 980
980 125
125 944
944 191
191 755
755 490
490 889
889 117
117 952
952 775
775 295
295 159
159 186
186 239
239 148
148 845
845 792
792 56
56 428
428 58
58 806
579 929
929 710
710 407
407 947
947 352
814 905
905 87
87 603
603 548
548 449
449 584
584 314
314 55
55 541
541 178
178 434
434 78
78 718
718 543
783 138
138 640
640 773
773 660
660 458
458 363
363 10
10 934
934 281
281 425
425 986
986 709
709 969
969 522
522 9
9 642
642 262
262 335
335 471
471 466
466 590
590 795
795 215
305 454
454 385
385 702
702 100
100 438
438 380
380 686
516 47
184 406
406 665
665 573
573 880
880 569
569 655
655 190
190 361
361 246
246 336
336 616
172 609
609 337
337 452
452 505
505 508
508 867
867 747
747 492
492 6
6 459
459 225
225 739
739 500
500 628
628 981
981 942
942 254
254 250
89 799
799 851
851 365
365 371
371 731
731 334
334 761
222 392
392 237
237 875
875 477
477 614
614 147
147 891
891 139
139 272
272 20
20 397
397 567
567 560
560 472
472 578
578 713
713 564
564 114
114 501
501 538
538 156
857 116
116 405
405 388
388 62
62 673
673 599
599 742
742 820
820 651
651 446
446 349
349 802
802 722
722 268
334 464
464 680
680 315
842 943
943 976
976 1000
1000 574
574 679
679 32
32 39
39 957
957 768
768 977
977 605
605 571
571 420
420 106
281 279
279 179
549 85
85 14
14 825
825 489
489 33
33 551
551 997
997 546
546 959
959 168
168 964
964 622
622 463
463 410
410 481
481 499
499 881
881 724
724 84
84 697
697 862
862 931
931 326
326 394
394 325
325 800
800 69
69 430
430 243
243 121
121 874
874 553
553 582
582 794
794 294
294 151
151 448
448 654
654 831
831 581
581 658
658 282
983 67
67 850
850 856
856 972
972 805
805 362
362 450
450 559
529 37
37 131
131 726
726 601
601 945
945 588
588 346
346 639
639 341
341 192
192 440
440 938
938 110
110 513
513 140
140 180
180 965
965 488
488 331
331 366
366 958
110 613
613 922
922 333
333 375
375 35
35 780
780 659
659 893
893 647
310 810
810 533
533 535
535 469
469 577
577 316
316 66
66 384
384 109
109 873
873 36
36 413
413 309
309 749
749 884
884 161
161 423
423 27
27 289
289 107
107 127
127 936
850 823
823 524
524 393
393 778
778 357
357 652
652 684
684 899
899 152
152 223
223 556
556 629
629 164
164 860
860 695
695 506
586 484
484 865
865 539
539 923
923 700
700 482
482 692
692 975
975 276
276 377
377 330
330 737
737 30
30 231
231 441
441 521
867 698
698 887
887 12
12 918
918 638
638 606
311 273
273 119
119 198
198 770
770 467
467 927
927 744
744 757
757 751
751 545
545 382
382 714
714 207
207 987
987 563
563 890
890 86
86 317
317 830
830 625
367 197
197 75
75 879
879 354
354 298
298 360
360 342
342 224
224 102
102 804
804 803
803 685
685 111
111 73
73 65
972 244
244 160
160 552
552 708
708 821
821 903
903 495
495 996
996 284
284 200
200 519
519 256
256 926
926 41
41 667
667 762
762 816
816 286
286 998
998 912
912 916
916 910
910 247
247 427
427 791
791 982
982 338
269 787
787 631
631 793
793 359
359 267
267 834
834 683
683 984
984 837
85 764
764 283
283 765
765 838
838 507
507 214
214 318
318 707
707 136
136 319
643 322
322 120
120 701
701 939
939 558
558 211
707 510
510 847
847 304
427 96
96 746
746 167
167 729
729 836
836 193
193 937
937 59
59 843
413 597
597 424
424 344
344 19
19 158
158 16
16 846
846 514
514 327
327 439
439 491
491 297
297 542
542 443
443 486
486 112
112 898
898 669
683 376
376 672
672 46
46 261
78 864
864 70
70 240
240 404
404 468
468 277
277 892
892 699
699 754
754 253
253 21
21 358
358 503
503 278
278 227
227 432
432 182
182 828
828 641
641 827
827 801
801 941
941 963
963 877
877 134
134 291
369 173
173 885
885 908
908 498
498 473
473 435
798 897
804 840
840 670
670 682
682 570
570 955
955 960
960 218
880 527
527 649
649 233
233 7
7 693
693 163
163 339
339 532
532 906
203 971
971 208
208 759
759 900
731 630
630 189
189 973
973 301
301 526
526 451
451 733
73 460
460 784
784 64
64 633
633 414
414 387
387 863
863 478
478 627
627 681
681 175
175 275
275 620
620 871
871 841
841 598
811 946
946 23
23 44
44 568
568 752
752 108
108 822
822 350
350 769
769 4
964 668
668 372
372 835
835 858
858 637
637 544
544 42
42 444
444 329
329 645
645 51
51 979
979 703
703 266
266 743
194 832
832 914
914 201
201 251
251 230
230 461
461 8
8 974
974 2
2 348
348 515
515 766
766 49
49 920
920 174
174 421
421 307
307 995
995 781
781 245
245 653
653 909
909 928
928 985
985 915
915 902
902 760
760 807
807 493
493 437
691 611
485 29
801 730
730 93
93 447
447 950
950 689
689 409
409 80
80 5
5 54
54 92
92 772
772 113
113 105
105 716
716 676
676 25
25 736
736 386
386 618
618 396
396 263
263 202
202 274
605 528
528 98
98 917
917 537
537 76
76 204
204 97
97 154
154 43
43 213
245 554
554 141
141 674
674 734
734 300
300 520
520 416
416 306
306 853
853 648
648 592
592 989
989 60
60 88
88 79
336 956
956 617
19 852
852 378
378 779
779 169
169 854
854 480
480 285
285 991
991 502
502 209
209 264
264 748
748 868
868 176
176 696
696 345
345 517
517 849
849 270
270 229
229 504
504 328
328 782
782 401
401 608
608 217
217 308
450 22
22 249
249 531
1000 8
1 2 2 2 0 0 0 1 2 0 0 1 0 1 2 2 1 2 0 2 0 0 0 0 0 1 0 2 0 2 2 0 2 0 2 2 0 1 2 2 0 0 1 0 2 0 2 0 1 1 2 2 2 1 1 0 2 2 2 1 0 1 1 0 2 0 0 0 1 0 0 2 0 0 2 0 0 0 2 2 0 2 2 2 2 2 0 2 0 2 2 0 0 0 0 0 0 2 2 2 2 0 2 0 0 2 1 0 2 2 2 0 2 0 0 1 0 0 2 2 0 0 2 0 0 2 0 1 1 0 2 0 0 2 1 0 0 2 1 2 0 2 0 0 1 0 0 1 1 0 0 0 2 0 2 0 2 1 0 0 2 2 0 0 0 2 1 0 2 0 2 2 1 2 0 0 2 0 2 0 2 0 2 2 1 1 2 0 2 0 0 2 0 0 2 0 0 2 2 0 0 0 2 2 0 0 2 0 1 0 1 2 0 2 0 0 1 0 0 2 2 0 0 2 2 0 0 2 2 2 0 1 2 0 2 0 2 2 2 0 2 2 2 2 2 0 0 2 2 0 0 0 1 0 2 0 2 2 2 2 0 0 2 2 2 0 2 0 0 2 2 0 1 2 2 0 2 0 2 1 2 2 2 0 0 0 0 2 0 2 0 0 2 2 2 2 0 0 0 2 2 0 2 2 0 2 2 2 1 0 2 0 0 2 0 2 2 2 0 1 0 0 0 0 2 0 0 2 0 0 2 2 0 0 0 2 2 2 2 2 2 1 0 2 0 2 2 2 2 2 2 0 0 2 2 0 2 2 1 2 2 0 0 0 0 2 2 0 2 2 2 2 2 0 0 0 2 2 0 0 2 0 2 2 0 2 0 2 2 0 0 2 0 2 1 0 2 2 2 0 0 2 0 2 2 2 2 1 2 0 2 2 0 0 0 2 0 2 0 2 2 2 0 0 2 0 2 0 2 0 0 0 0 2 2 2 2 0 1 2 0 2 2 2 2 0 0 0 0 0 0 2 2 0 0 2 0 2 2 0 0 0 0 2 0 0 0 0 2 0 0 0 2 0 2 0 0 0 0 2 1 0 2 0 2 0 2 2 0 0 0 0 2 0 0 0 0 0 2 2 0 0 2 0 2 2 2 2 2 1 2 0 0 2 0 0 0 2 1 2 0 0 0 0 0 2 1 0 2 0 0 2 0 0 0 2 2 0 2 2 2 0 2 1 2 0 2 0 0 0 2 0 0 2 1 0 2 0 2 2 2 0 2 2 2 0 2 2 0 2 0 0 0 2 2 2 0 0 2 0 2 0 2 0 0 0 2 2 2 0 0 2 2 0 0 0 2 2 0 2 0 0 0 2 0 2 1 0 2 2 0 2 0 1 0 0 2 2 2 1 2 0 2 2 1 0 0 0 0 0 0 2 0 0 0 0 0 0 2 0 2 2 2 2 2 2 2 0 2 0 2 0 2 0 2 0 1 2 2 2 2 0 2 2 1 0 0 0 2 0 2 0 0 2 0 0 2 2 0 0 2 2 0 0 2 1 2 0 0 2 1 1 1 0 0 0 2 2 2 0 0 0 0 0 2 2 0 2 2 0 0 0 1 0 0 2 2 2 2 2 2 0 0 2 2 0 1 2 2 0 0 2 0 2 0 0 2 0 1 0 0 0 0 0 0 2 0 1 2 2 0 2 2 0 0 0 1 2 2 2 1 2 0 2 0 0 2 2 0 1 1 2 0 2 2 2 2 2 2 0 2 2 0 2 2 1 2 1 2 0 1 2 1 1 2 2 2 2 0 2 2 0 0 2 2 0 0 0 2 0 0 2 2 0 0 0 0 0 0 0 2 2 0 0 0 2 2 0 0 2 0 0 1 2 2 0 1 2 0 0 0 0 2 0 2 0 0 2 2 0 2 2 2 2 0 2 2 2 1 0 0 1 2 1 2 0 2 1 0 2 0 2 0 2 2 2 2 0 2 2 0 0 0 0 0 2 2 2 0 0 2 0 0 0 1 2 1 2 0 0 2 0 0 0 0 2 1 2 0 0 2 2 1 0 0 2 2 0 2 0 0 2 0 2 0 2 2 2 0 0 0 0 0 0 0 0 0 0 0 0 0 2 2 0 0 1 2 2 2 2 2 0 2 2 1 2 2 0 2 0 0 2 2 0 1 2 0 1 2 0 0 2 2 0 2 2 1 0 2 0 2 0 2 2 1 2 0 2 2 0 2 2 2 0 2 2 2 1 0 0 
973 503
503 178
178 133
133 531
531 599
599 730
730 134
599 276
276 21
21 348
348 41
41 521
521 905
905 866
866 347
347 184
184 647
647 292
292 61
61 726
726 445
445 434
434 438
438 772
772 155
155 705
445 185
185 691
691 176
176 917
917 60
60 876
876 92
92 454
454 821
821 352
352 819
819 381
381 840
840 983
983 209
209 616
616 328
328 984
984 856
856 57
599 320
320 89
89 188
188 478
478 139
139 453
453 267
267 765
772 161
161 793
793 461
461 122
122 501
501 205
205 137
705 510
510 332
332 605
605 170
170 387
387 788
788 763
763 966
966 345
345 109
109 368
368 288
288 658
658 180
180 646
646 23
23 946
946 904
904 908
438 544
544 131
946 409
409 441
441 795
795 446
446 38
38 760
760 720
720 535
535 66
66 177
177 806
806 171
171 725
725 392
392 449
449 390
390 600
600 72
72 432
432 993
993 172
172 774
774 860
860 621
621 141
141 922
922 118
765 810
810 660
660 742
742 126
126 855
765 850
850 130
130 183
183 405
405 906
906 955
955 881
881 120
120 748
748 624
624 303
303 901
901 566
566 215
215 665
665 187
187 524
524 687
687 377
377 463
463 826
826 338
338 468
468 693
693 443
850 333
333 47
47 376
376 853
853 634
634 907
850 506
506 649
649 602
602 640
640 656
656 481
481 234
234 93
93 298
298 911
911 403
403 260
260 571
571 805
805 123
185 262
262 557
557 110
110 375
375 613
613 124
124 237
237 972
972 407
407 884
884 739
739 494
494 39
39 603
332 157
157 217
217 902
902 551
551 366
366 125
748 43
43 163
163 910
910 606
606 898
898 938
938 121
121 995
995 719
719 238
238 50
50 251
251 129
129 688
688 153
153 421
421 770
770 964
964 733
902 937
937 282
282 932
932 420
420 576
576 104
104 358
358 384
384 638
638 632
632 653
653 956
956 208
208 857
857 641
641 391
391 543
543 415
884 74
74 879
656 97
97 897
897 816
816 175
821 848
848 309
309 926
926 148
148 495
495 112
112 915
915 211
211 428
428 940
940 412
412 975
975 491
491 426
426 379
379 14
14 485
485 49
49 928
928 11
11 867
867 78
78 701
701 371
446 46
46 769
769 254
309 652
652 344
344 132
132 650
650 830
830 934
934 678
678 508
508 549
549 245
153 15
15 685
685 655
655 101
101 201
201 241
241 869
869 289
289 681
681 794
794 875
208 903
903 395
395 799
799 992
992 554
554 372
372 759
759 143
966 913
913 256
256 259
259 562
562 615
615 359
359 193
193 529
634 859
859 610
610 196
196 342
446 302
302 513
513 382
382 822
503 942
942 448
448 870
870 136
136 985
985 844
844 306
306 575
575 596
596 790
790 40
40 686
686 823
823 645
645 711
74 669
669 147
147 921
921 63
63 662
662 218
218 200
259 633
633 394
394 308
308 362
362 689
689 757
757 304
304 702
702 106
106 451
451 620
620 365
365 99
99 330
330 597
597 336
336 989
989 713
713 321
321 929
929 16
16 433
433 37
37 305
305 625
625 595
491 337
337 340
340 235
235 538
538 627
627 511
511 534
534 266
266 111
260 488
488 814
415 752
857 880
880 244
244 279
279 323
323 654
654 568
568 346
346 864
864 293
293 216
216 935
935 560
560 255
255 287
448 680
680 13
13 212
212 868
868 194
194 745
745 226
226 411
411 452
452 833
833 994
994 107
107 820
820 735
735 545
545 423
423 286
286 220
220 54
54 263
263 564
60 154
154 490
490 312
312 229
229 651
651 622
622 746
746 317
317 44
907 936
936 482
482 714
714 570
570 744
744 182
182 715
715 380
380 727
727 558
558 796
796 119
119 642
642 6
6 525
525 213
213 311
311 197
907 612
612 692
692 970
970 619
99 228
228 487
487 351
351 206
206 843
843 919
819 547
547 945
945 145
145 697
697 836
770 242
242 230
230 467
467 397
397 762
762 189
189 477
972 604
604 341
341 980
980 114
114 682
682 270
270 695
695 517
517 943
943 222
222 250
250 20
20 210
210 839
839 350
350 923
923 925
180 2
2 522
522 398
398 761
761 751
751 900
900 974
974 591
591 979
979 354
354 519
519 422
422 159
20 299
299 849
215 916
916 540
540 225
225 115
115 195
195 102
102 249
249 440
440 888
888 85
85 679
679 73
73 548
548 232
232 402
402 316
316 83
83 474
474 661
661 933
933 775
775 307
307 26
26 67
63 326
326 329
551 523
523 722
722 17
17 88
13 204
204 969
477 553
553 35
35 48
48 1000
1000 729
729 437
437 618
618 496
496 436
436 743
743 410
410 219
219 5
5 846
846 579
579 514
514 753
753 135
135 718
718 766
766 977
977 334
856 1
1 574
574 920
920 207
207 406
406 944
944 657
657 555
555 458
458 716
716 889
889 265
265 990
990 629
629 173
173 809
809 717
717 360
360 80
80 818
818 569
569 469
469 630
630 75
75 165
165 893
893 865
865 668
668 489
489 951
951 399
399 589
589 594
594 971
971 142
142 542
542 146
146 829
829 952
952 419
461 834
834 721
40 152
152 580
580 497
497 343
343 417
417 941
941 648
648 156
156 812
812 3
241 227
227 258
258 127
127 671
671 949
949 611
611 845
845 33
33 151
151 815
815 221
221 28
28 378
378 930
930 455
455 502
875 858
858 582
582 684
684 666
666 150
150 987
987 484
484 981
981 470
470 268
268 741
741 59
59 32
32 166
166 471
471 958
958 203
203 957
957 779
779 643
643 552
552 787
787 962
962 103
103 427
427 357
357 22
22 586
586 738
738 169
169 253
253 339
339 803
227 837
837 982
982 335
335 388
388 95
95 199
199 614
614 550
345 532
532 56
56 801
801 164
164 313
313 847
847 851
851 835
835 51
972 277
277 116
116 429
429 667
667 637
637 593
593 785
785 231
231 385
385 698
698 82
82 105
105 724
724 754
754 892
892 264
264 369
369 817
817 577
577 617
617 842
842 608
608 631
631 162
162 988
988 948
948 486
486 167
167 588
752 314
314 214
214 149
149 42
42 31
31 27
27 607
607 400
400 894
894 246
246 202
202 280
280 841
841 708
708 675
675 750
566 601
601 476
476 68
68 518
518 891
891 737
737 272
272 734
734 464
464 807
807 396
396 567
695 281
281 373
373 527
527 883
883 696
696 515
515 65
65 179
179 723
723 284
284 924
924 505
505 954
954 749
749 709
709 732
732 393
393 997
997 827
827 271
271 533
533 331
331 587
587 498
884 374
374 704
704 462
462 269
269 12
12 10
10 239
239 62
62 539
539 862
862 871
871 565
565 117
990 240
240 873
873 931
931 274
274 578
578 30
30 355
355 959
959 480
480 659
659 71
71 100
100 233
233 890
890 500
500 802
803 804
804 4
4 877
877 192
192 223
223 424
424 878
878 25
25 108
108 585
585 777
777 780
124 465
465 782
782 416
351 953
953 356
356 986
986 546
1000 771
929 297
297 113
113 811
811 694
694 294
294 676
676 556
556 961
961 138
138 584
584 808
808 756
756 248
248 778
778 563
563 296
296 740
485 813
813 755
755 677
677 768
768 418
418 389
389 493
493 800
800 789
789 998
998 673
673 592
592 831
831 499
499 528
528 401
401 224
224 967
967 327
327 96
96 442
442 731
731 18
18 295
295 168
168 707
707 783
783 939
939 318
318 504
504 710
710 364
364 978
272 628
628 887
887 824
824 447
447 672
672 191
191 507
507 7
7 927
927 639
639 53
53 541
541 590
590 609
609 559
559 459
459 791
131 999
759 996
996 70
70 512
436 914
914 899
899 976
976 261
261 413
413 58
58 353
353 247
247 45
45 776
776 128
128 670
611 273
273 798
798 367
367 386
386 838
838 252
252 767
194 885
885 52
52 583
583 792
792 663
663 516
516 664
664 300
300 363
363 483
693 872
872 960
960 991
991 144
144 895
895 581
581 290
290 909
909 635
635 91
91 623
942 736
736 882
882 322
322 457
457 315
315 79
79 561
561 81
81 325
325 674
827 896
896 408
408 797
220 728
728 572
572 781
621 160
160 283
283 140
140 832
832 712
712 84
84 370
370 784
784 87
87 186
186 492
492 435
435 863
863 29
29 439
439 758
758 747
747 181
181 472
472 444
444 886
886 361
361 828
828 414
414 912
912 636
636 430
430 310
310 968
968 19
19 190
190 8
8 275
275 626
626 700
700 431
431 537
537 947
947 198
198 425
425 852
852 404
404 479
479 530
530 77
77 24
24 291
291 965
965 466
466 64
64 706
706 94
94 319
319 236
236 473
473 644
644 773
773 874
874 854
854 509
509 9
287 76
76 460
460 86
86 825
825 950
950 963
963 257
257 526
526 699
699 174
174 98
98 456
456 324
324 690
690 278
278 158
158 598
598 301
301 475
475 703
703 918
918 34
34 683
683 69
69 90
90 349
349 285
968 55
55 861
861 786
786 450
450 383
383 536
536 520
520 764
764 573
573 243
243 36
