18655
35243
9642
40000
476
22296
34151
49217
3833
41383
1481
4596
25862
27156
1020
18056
21994
18346
22355
33104
27534
6390
2908
30960
5531
840
29019
28162
8953
41922
31719
17693
18661
16932
7487
1130
21793
39947
26925
29296
8935
6400
9759
46925
28044
353
4331
51592
46402
13427
4256
4383
21497
15333
30209
1771
36642
25366
49151
47571
30605
44123
7625
6512
4737
13340
14073
13734
8541
2398
37217
18783
17587
28353
3567
48195
59767
34862
43285
1321
47415
2773
15213
8606
20422
21135
13796
25620
1118
3959
8136
52383
21470
65262
4790
10519
35189
40219
41608
9875
1069
15083
63002
28031
3683
6570
12245
7441
10800
23537
2663
400
690
9909
36945
8793
39373
10286
46201
27090
57890
56431
23414
57009
42693
48591
3781
18809
3878
25661
32731
15031
3414
40459
66631
3426
11459
24349
65442
42141
2030
57319
9824
30207
13006
28507
31365
13984
18216
26113
9441
4012
3077
4492
665
25415
57947
31379
31754
7575
28987
35852
37532
16831
4066
8493
49616
38671
2916
3114
12187
21889
20947
31652
16389
47973
2005
23479
25217
14632
1923
15226
2042
50150
54529
2132
47571
50356
20519
18749
14632
39163
38176
22769
5684
19983
16575
3848
62701
34908
814
16406
25198
45859
15801
17014
14613
23012
24458
53013
36555
56899
16029
24572
44642
13997
7466
7586
35635
38826
38415
7960
8407
21809
5891
1046
8928
47668
21314
8280
28360
27979
11074
39137
24433
426
42896
35706
7
66186
14361
8821
6774
12872
29174
60748
48351
3001
14009
16961
9823
12480
15484
47217
6068
44021
35231
19754
42603
2432
3739
31105
26156
1916
58412
31994
5080
18905
44105
465
15917
21245
55243
16212
62605
5150
10897
10356
5007
2771
23108
21348
3175
10261
8805
20515
3758
13094
14215
42186
1636
25298
9587
1739
34976
4899
20034
34065
7856
3452
13308
578
9070
4285
22221
62
39446
6607
7904
43620
11298
41455
11533
3170
3531
2238
27725
2790
13778
14265
2520
31122
31900
16328
2276
48008
54641
28578
40364
2239
15411
27400
32190
4212
23830
2875
9386
7116
41822
23204
28655
28151
3518
28468
1524
7522
28526
58768
25838
2878
6326
15260
43646
42219
22142
22078
8946
15488
27430
5374
40861
30952
6245
2167
4419
15091
1531
31411
9417
2892
1660
2909
36208
1470
39737
58461
21840
60252
29085
8512
25271
23583
31526
424
599
14535
25377
1224
40436
10
6986
18981
23527
13057
12243
61752
2407
64293
11862
9515
3721
45330
25013
7282
9239
13817
12636
18321
18631
512
14904
57404
20781
25428
30339
41257
56882
2575
19187
13975
42793
6352
42026
50213
28542
5886
1195
1119
184
12305
24300
47963
26214
9525
16011
1074
2596
20538
181
4681
6005
304
2010
18993
12179
9439
10094
1088
583
19941
41802
2654
21702
31101
50693
44895
11230
12896
10606
72431
21346
34841
13885
8396
23966
27946
629
13763
9830
7443
35164
30413
54875
4844
45345
26433
58015
30171
11453
14352
31823
1128
2211
38926
5000
14401
5528
50625
17755
10954
27208
25180
19705
1352
10046
46984
568
17004
7137
6640
19080
55827
9275
19353
1868
6723
44513
51823
8279
9421
27049
10197
786
17866
24574
1570
21233
4134
37958
721
24213
39642
24675
21039
14812
14937
19267
2474
101
21092
28571
17769
1563
48068
8582
21975
30609
18945
11931
4720
1536
1303
16807
9369
5454
14639
13046
702
22747
6827
50900
2703
1031
2196
983
64394
1074
3433
49725
27507
25630
2380
30435
3
3631
49903
15845
53385
38605
10744
20161
1012
27811
16676
4264
628
22814
7439
1658
2012
30469
15446
15144
33848
1612
5157
34870
33787
9436
4073
1
59441
40026
12741
40404
3948
12095
22954
4722
1285
45456
41801
14589
14333
61185
39312
16740
21521
38682
17052
2910
3701
13606
1009
29513
32819
21411
3633
3379
2615
32107
45292
29677
2355
1435
266
50171
14815
4622
32432
55306
27328
53652
13111
9553
38247
20898
1
10896
7069
1504
17359
3822
38511
32222
2800
278
3057
1571
544
13136
7901
34775
36292
53776
31615
48392
13299
30226
1761
67440
43925
4166
5212
27328
35430
295
1017
3638
27263
56930
26701
10659
45959
34412
916
72154
36328
699
12042
34392
6623
5267
70879
9331
8773
34575
28629
1040
15839
59043
9384
33201
6037
1076
20874
2074
12724
57802
10013
6770
49090
1
4249
3067
39659
66429
16584
3701
51465
17421
50
29196
38659
3469
46007
11858
52277
2358
21173
683
54272
438
37727
14866
54363
15034
4912
17773
43495
6205
7004
62154
12130
25044
23806
57732
363
7702
34894
30670
21394
10050
2533
4118
1393
12782
8038
443
3588
7693
5584
7144
2159
12938
8920
48829
253
7710
20167
40345
21848
21457
50257
56034
14959
9110
56974
3456
2274
15
35539
7410
23818
8953
11136
19715
7085
45704
23797
39087
6695
42459
5954
7507
16041
10270
12953
1894
13171
6445
10005
1971
930
11329
59964
4471
25877
10197
16547
21023
33990
49364
51622
12898
16844
5596
11226
7317
5706
5267
10952
17688
6870
15286
1235
26033
6218
20537
25249
13188
20048
899
26242
19727
6148
3613
40182
51590
23913
6418
20010
3050
33867
52932
8540
4639
51929
1088
39042
22974
16865
20977
63
5747
15513
49530
7649
29281
1955
59633
36611
26389
445
13141
10544
6880
11694
13900
23919
7018
45369
902
65471
8852
12141
2145
19475
10406
5707
8127
12045
14315
31347
8493
6652
5492
4384
29291
40451
39936
8648
36299
5
58824
4462
16785
28146
4189
2867
6123
21480
60159
15795
48063
5112
16256
14
20683
11
37187
27805
7556
597
12191
3201
62583
1055
1338
41796
9918
9661
58215
6358
6552
24071
45448
8714
40625
10440
38425
3036
11958
324
15646
62964
33191
44330
28756
2825
6131
2000
15412
37096
19833
2013
9850
2099
13519
31507
16885
1098
12572
1151
3142
50411
17728
7587
2516
1828
18430
3572
14343
3697
5686
61924
3192
36763
18735
9596
45977
33042
10331
48350
6248
72227
1012
57020
7387
105
13678
7487
33666
39216
8968
3485
52631
8988
8093
4959
7216
51984
27677
3993
1407
12049
72496
4442
249
8569
8117
10412
7317
46551
13093
22043
15327
34584
531
9219
19640
39075
12368
4542
3846
7012
1274
18402
55623
4294
17360
43338
2550
18046
2064
9183
247
30160
2556
4596
38740
8807
18881
31395
46734
5291
49168
67122
26273
8861
33200
13409
2668
4961
365
764
13735
23417
7075
16591
14146
59220
43083
4634
1104
8968
58582
21420
27762
1659
8358
2374
18282
5420
60241
7389
2470
11225
330
3705
23099
53947
34330
4003
31290
12675
38072
72962
40569
9649
16519
50719
824
6560
31526
8067
40572
3011
23114
15087
14081
49463
40585
16372
37361
28378
40267
2870
37647
5
48
11926
7698
9644
38252
2413
5497
18513
8848
43763
12806
52233
29195
22457
7757
5282
39263
1067
1214
15599
23364
43017
1503
1227
41446
20861
11230
47091
33325
4192
21758
59801
16787
3245
5
55774
9591
939
1351
13297
18887
222
11201
13899
38916
7629
59458
45945
29741
47466
4476
43074
2079
17294
323
45380
730
16662
8612
15865
17701
8099
25466
23
30346
1219
23313
59417
7400
27144
9584
10777
21730
7766
61717
11565
16099
43100
5163
16382
22784
28638
5803
3598
4446
6177
2512
13489
9238
9268
26600
1640
4247
28640
8896
5493
1268
27661
3118
8049
30596
28415
4017
8437
4170
52518
23019
17328
4202
13958
47111
44801
8964
28930
16479
2304
21020
59531
6225
15112
19601
4794
38539
57663
1727
3948
5225
35555
5202
8535
279
17995
596
13767
32908
8653
24435
57689
13156
2540
1030
55575
55983
33579
11806
9673
14869
5194
21939
8409
12578
30296
42762
287
3178
23666
22216
6677
37677
31875
3
8090
612
11473
10976
60112
10085
11469
41231
579
41054
2674
6168
20062
373
4410
4594
29371
2836
6415
24481
27676
7802
865
16559
6926
37595
30662
16641
295
11215
22801
10968
36313
22051
2121
6115
64616
5446
4143
5622
12395
619
9982
16330
27886
7139
27832
5679
29057
23101
60368
10273
10761
6047
11839
18146
7598
29904
15472
19901
13541
4000
1449
39621
5268
11306
6662
49303
10165
7732
8068
20524
10274
18192
2123
66629
24256
54399
2687
8137
26632
18233
5275
63285
67630
16756
4232
16281
41645
384
32875
36831
31823
1207
67053
6679
4546
37249
7361
1695
359
6620
20543
961
4702
1296
14429
435
38512
53080
128
15571
325
1298
2746
9136
40822
36417
23302
30097
51725
17265
27379
1840
26123
11421
28498
42805
7453
21659
725
74205
25875
15208
36785
3603
69090
4278
54096
52238
7886
2235
1107
55014
56802
42384
16983
10867
53571
1429
61895
13306
9791
14115
29992
6379
60052
14971
223
56283
45893
41641
19569
6186
1724
9063
15
2521
55282
47129
32333
63849
61015
32288
25636
12920
68275
26163
3245
59040
41358
59611
6638
11218
9831
1758
4292
29080
41554
22893
25746
23340
37436
58404
16481
17668
646
5246
3381
50285
14712
4829
18258
30455
3260
18908
3430
2783
55901
37135
1387
1328
23879
2174
26453
36639
53700
48429
8033
2855
5852
41704
18434
44699
7400
6253
78629
1751
5147
18162
1639
4469
9098
28673
5808
10942
5785
30377
5441
21370
17807
31092
59465
4
8161
34464
10646
26221
25041
47121
11344
11928
29091
18332
53725
31743
9178
3126
1227
22072
5363
18471
19615
7478
18351
11355
19973
18589
14093
35072
10385
23640
10864
36560
5093
2780
33241
16427
18917
56741
9730
7243
7032
4862
3271
985
3421
9872
51408
10469
7388
7503
7201
21288
321
43277
43361
13985
1
374
2460
2050
8419
2225
173
13673
34457
68366
26529
54333
41620
372
16632
4184
5965
2255
22485
10020
620
20580
6481
3408
4839
55873
1
3273
6040
182
24009
446
159
21606
68224
54814
7204
14778
10234
2336
7265
49134
10993
24052
9118
27417
7953
6899
49944
40924
24450
33705
58556
31562
22252
1349
8911
4558
23821
42818
27126
46044
30012
22137
11042
32461
32067
2601
29867
866
2006
38628
10314
672
1224
15413
67733
3097
25742
32203
9847
20436
2524
245
443
5845
1945
48364
48614
21966
8915
60790
60235
3231
23581
27436
7338
13555
11141
36248
12166
31550
11746
22175
8038
1659
39256
73243
24896
61445
9490
9800
34125
31638
6213
38600
3802
3859
26107
582
7377
27416
45374
20253
7576
17630
29890
59920
38420
10854
3779
26237
5641
54417
40917
8891
14935
13560
29057
708
39644
21418
21296
4425
22551
754
9626
27678
1873
9236
12443
10385
32877
40063
366
54629
34023
10122
6599
69753
7629
690
29210
9421
17347
68145
1130
33148
6303
18927
8651
16299
29261
7616
633
45752
7346
11962
1697
1322
1
55544
10212
23516
36849
12368
16526
69132
305
6891
20492
46928
62144
9851
8756
18995
57107
44241
16543
1979
1
7461
4754
34913
15143
32924
31129
11769
1966
30319
42155
4153
10387
26350
22744
28047
31329
15405
20195
46850
45290
9038
14982
8129
11904
32373
11383
2062
5243
7777
7786
3662
66311
3556
35492
108
19855
59975
895
17295
7358
68644
56200
31768
23974
63747
1132
48602
44408
13128
29060
7910
11449
31325
2644
4098
14282
3433
257
8786
76868
11777
30416
16488
23429
4224
19808
28149
10743
26645
23448
39184
41275
39338
21768
6994
56707
11906
22092
38328
51215
10356
13388
9457
26079
13706
12750
18655
33048
6770
4643
8909
32499
4811
32277
32290
57250
16531
8000
1349
32354
59615
24469
7135
28477
4186
32601
2641
44528
923
39124
9005
3806
1823
846
40139
6661
33024
11598
65115
4498
25885
31633
67821
10387
1
3472
2054
9739
53603
11640
50549
14636
43307
3062
17333
1318
34159
2933
3053
2160
6782
2560
2737
16485
16150
45102
7251
56323
12520
12305
427
26898
38332
7412
17993
175
1321
3156
572
3283
19216
2988
14240
1647
11021
18201
31128
9355
11304
32102
13631
1268
15342
1140
8665
820
19979
13785
44517
26433
6028
2161
12367
12473
33
51595
15963
70740
9133
2212
6894
13711
6073
3011
32907
19506
12800
35132
7965
25660
3318
16542
48268
30400
18330
28182
5748
30333
2654
1008
6916
45259
5848
58032
38559
23575
14416
10218
24806
14415
8706
28726
3156
7008
6781
5555
1187
14673
32903
16589
13898
4266
8501
12223
33475
36295
1433
3705
68758
73664
43290
20658
10959
36930
8881
20703
8802
11845
10804
16237
6679
22909
32624
2761
26505
26763
28968
12244
51152
6438
55069
53350
6465
26402
8082
39344
1107
28317
12816
3284
19103
50122
23671
25867
1554
3903
66324
2720
18923
8894
12084
4800
976
1485
23399
486
626
7093
54417
49304
6
9327
6223
25912
24744
41193
7879
30988
8375
34474
41235
17334
858
18720
284
13560
13520
8505
16403
30529
26486
5895
33380
3471
48677
61800
20549
10841
1826
11840
1002
4270
9813
17161
17084
1280
8867
32664
4415
7438
14984
70903
4964
50839
22086
54094
215
11804
5916
12633
17967
5210
980
432
3748
26984
25311
15583
72599
861
9718
3432
18780
10514
60595
100
56783
41138
20735
18241
20437
32746
9695
57057
7633
15043
208
32310
3144
13198
35427
11890
35580
954
36154
17747
19539
60936
38492
50562
26796
12649
29331
2373
2010
24382
6106
10958
42369
17372
14926
34278
23448
23211
6844
7855
30963
16388
38718
18574
24600
14594
22369
3076
13280
62892
27993
5530
557
26733
7292
23123
7856
73008
35823
3975
37203
3703
50157
2973
14805
45143
37910
13529
4277
32850
4611
8640
21486
6171
8953
15029
26
15022
14217
4617
12590
18751
20571
1905
17145
63582
50596
1327
54449
67588
8890
5587
46387
21142
11907
17252
44923
51086
30580
15535
2017
16906
9887
54949
18061
26716
6036
65695
41686
3326
22758
27480
4952
18486
14548
36400
9929
8853
12357
6146
4786
24708
4566
59708
505
918
5158
37104
13377
28722
9985
9863
4621
35511
5735
20411
40136
873
32395
26085
6625
3399
62
3318
30233
3223
30228
14218
27215
1927
12172
12176
29776
27081
49683
46224
1210
5825
11057
36333
10543
948
39396
4874
9174
53985
7219
36453
14215
55456
16923
42454
35330
2806
37006
30997
6929
47131
5722
40874
15765
35089
12920
49992
52956
26626
2284
470
19385
29220
48366
44813
4204
8286
21653
44960
17080
6269
35165
29615
23953
38995
2650
3829
22640
3694
47700
5058
511
4326
25320
7857
18943
803
54178
5815
38788
20766
3284
18612
74626
18401
11045
15913
4964
19369
3546
25512
12432
62995
16792
7015
31068
65832
2133
10420
33115
20260
4747
33625
41908
27677
41758
6152
4073
18753
43294
11361
7241
26241
22525
3713
7062
11509
23577
44978
34117
15259
2400
5345
5536
1862
3558
4425
29767
58748
14426
16565
5749
22323
30630
13964
16818
21311
16943
50250
23722
22283
4237
45164
31430
2844
13984
328
6553
13054
39028
27549
6059
3350
13932
19793
15423
15811
46497
28142
10251
155
16900
13069
17389
67541
487
31818
35496
7647
12871
57809
2244
14351
27135
53774
4030
35238
16560
2632
6969
831
40592
27192
4076
30729
9895
5615
38779
16862
48121
300
13956
2468
12674
21556
33132
17188
23713
4881
33351
46265
38078
7617
13
11691
3758
14590
8467
2947
2764
31658
27472
16643
45906
31883
58057
16703
5009
49397
28918
22411
15526
57910
497
39
2201
17343
3331
25524
45627
13570
39927
45971
68418
18998
10066
18572
3695
20214
26779
23055
27257
2483
49333
7594
31479
47667
1066
49454
43649
31259
662
7083
10985
1205
28001
51130
4031
29581
46417
16003
28066
52594
43728
28024
1956
12901
67014
5069
147
14598
8744
34941
22652
10961
39331
1194
908
16436
4892
1962
6407
9537
20394
29986
15618
26242
19118
1871
56943
10506
6119
15261
4982
5672
9852
890
8505
5675
542
12967
4261
8586
17865
52485
62631
4543
14960
51538
7972
9489
727
2636
18888
38351
4943
26947
10159
13958
11354
3648
12566
1015
8307
23666
26371
10938
25371
40609
1
165
30960
11828
11698
31310
14773
46595
45451
582
1431
33000
50809
28331
296
608
26499
23190
17186
13645
9162
1
9078
9404
9037
62517
17622
26140
53662
10691
23468
5819
12940
8613
3614
14805
6439
3381
34765
8871
21825
6372
50309
15847
6
11639
43203
15252
21513
6531
40915
43866
12443
31113
21196
21783
16148
59322
5620
45261
17615
3979
23198
9454
12247
26612
2540
5966
38769
24524
20326
13016
8206
2515
18772
1451
43684
6973
125
32089
46508
16534
24213
16273
10503
13
7710
25945
30778
8778
6892
19973
4412
8226
20249
10038
8643
43658
20176
4927
56505
20871
14857
53255
29302
380
10829
23134
17931
9615
16481
732
59922
47803
72469
23851
15759
9727
67814
2030
1212
33000
31439
7921
751
7058
25047
10945
14855
2340
6726
3290
2417
4284
51261
21542
72210
41221
35845
7322
19664
4499
19263
30061
59554
4527
39256
13886
55621
38132
19569
4874
25991
41607
6397
12504
10921
11119
12078
36918
52875
1655
18284
22384
30351
3282
6170
23553
9516
4874
13503
8346
6147
918
3416
41373
714
22755
44271
35502
36213
674
31528
46807
18713
31756
1958
3986
43610
12992
68344
27338
9320
5310
20099
31337
492
7738
39201
28672
20972
12816
40943
40285
1110
30338
41827
2403
1374
1102
1197
7631
3141
1230
16259
3775
26880
17570
45694
2247
4895
47380
17865
45620
3963
38632
8261
6510
10507
14388
3
9112
22501
5591
2210
18753
11143
26618
46829
15598
25846
2
8993
46472
45663
21904
1794
7055
51965
25961
918
14754
3440
4347
40020
43587
55984
31601
14009
4083
13139
1550
11010
8114
2741
62523
14330
7244
1117
17560
9301
25254
25535
17083
1750
8215
24521
8139
12
24055
14927
21792
2768
27341
39027
11255
8028
7079
41237
5802
1410
29849
72326
4049
3019
30001
2754
1325
36172
7865
22418
12991
8602
10565
12504
9668
34867
71473
14711
8180
14638
10647
5599
10486
43301
16314
7562
12911
16788
17699
21646
17171
41080
11281
6980
52189
36950
20847
9645
5396
20221
7290
24412
5219
10648
19152
10483
21442
3007
40781
68736
35039
2632
33519
12483
6084
4655
1596
24645
4875
22676
36246
16294
1915
12559
13799
5583
21271
33239
35634
67171
311
3260
40681
32815
28135
3066
880
71901
50183
40506
11088
2419
12813
17470
37449
6465
7601
17720
2547
2717
49262
7511
4954
1643
15209
22574
51602
6724
2569
2152
10305
34208
85
2486
44498
18252
398
20717
32516
24489
15188
3
19737
36561
3912
2136
1385
967
32785
13887
7750
17942
5062
36297
7572
3821
30077
3718
7988
23658
27634
15395
14662
8058
13617
384
8451
349
660
16855
18365
1027
31740
30688
3131
69286
12710
19678
8396
1643
9047
33820
40960
26453
1073
27595
30528
40106
25785
24705
15288
14957
63129
11710
851
7488
51352
12388
1872
4156
7531
25492
24575
60791
33976
6053
52888
4630
7599
1188
20599
765
13524
43872
70044
5983
32771
41436
12342
5054
43341
13539
21933
4028
10997
10198
66517
12565
10076
1
29972
22373
27137
24590
48761
5105
3194
18769
862
67871
48848
10661
1279
12948
41682
8667
4190
8611
2096
10786
11368
2959
49022
1179
44268
2380
1565
2128
1159
49907
3224
15309
4227
8687
65690
9
10481
5617
40599
3403
65196
38493
36161
47071
37845
8246
7126
20513
1312
58286
5066
22927
23829
18038
4160
1943
47529
66897
19578
19519
4559
7305
27948
19341
33053
37292
52587
5
13543
12483
33235
6616
25945
6405
6466
24586
587
53627
36210
31
32719
12345
21875
9867
5731
41294
3879
25107
13665
51177
30980
18593
12657
49227
4227
7839
292
420
33267
17811
8727
31787
6864
62248
45883
54496
72340
42164
23777
54194
12815
1547
35294
5414
17527
40937
61929
19275
1208
3437
11032
11596
24915
2530
37020
601
32407
34449
31
11118
12171
36529
6610
17831
51791
1437
43749
26235
1364
10728
15424
69148
4350
410
50265
58864
12174
4344
37059
30373
10383
71221
1808
1756
7107
18133
48663
5311
2757
50098
44145
19151
1495
17747
17875
5206
9646
13238
726
51665
225
17307
13309
1018
722
20175
62866
9126
2409
11817
20549
15488
7221
20512
30761
5623
12324
49933
27258
3805
31047
6564
19578
26735
52012
32535
32911
41681
33574
20694
1708
12888
3918
5718
20455
37848
42024
7469
55050
2437
16277
23396
31214
2511
3613
4424
1047
1155
44599
11930
35351
8725
21371
184
10882
37762
25135
9573
19898
5060
1370
8814
15228
2826
4559
14576
18923
1488
2227
66638
5182
24107
28758
30247
23049
4115
11603
27508
20729
29966
18845
30049
16980
1240
4400
8514
49503
30634
39166
15379
9671
6449
579
1645
7796
42539
73189
63542
44939
2251
6855
43418
34733
7333
6640
58890
40234
50469
16979
2257
55588
75952
7285
37638
6990
33169
28984
35064
625
43705
12094
47516
25489
11425
28262
38457
54519
17257
23878
48884
7202
2396
9655
15497
30514
2966
21456
22470
1630
3299
767
51575
39252
15584
66734
52744
58815
23327
30877
21
38800
13927
17439
7723
53362
38870
1873
14817
19371
3214
53317
2063
14330
10769
14708
2565
22521
9669
35475
17495
10409
26832
39649
15588
17015
1575
12817
21995
17059
33952
30538
6619
11776
24282
59179
943
17691
44983
8088
37417
1314
2467
62165
42149
25644
9000
9793
25310
19220
26879
3071
56864
38936
10017
38817
8643
18344
37792
7549
36263
40466
14762
3837
19463
17443
11912
35069
20396
22179
303
61399
4154
9581
232
25939
662
16315
31337
7091
31365
1132
62596
23507
2031
23044
313
3566
5473
3
26078
6375
5383
9144
38352
41422
14249
29995
4527
22571
4168
48565
36710
23767
34473
24628
8650
6522
13524
16622
21033
24362
48055
28293
698
2684
4158
12941
19607
21020
45560
14152
15928
9421
45282
1310
5153
3486
21334
65610
40407
45653
202
9097
22185
273
10987
5421
6776
9520
36460
31505
8044
31900
7809
387
23833
22509
3109
25515
362
3200
49338
3766
13634
30695
6192
7077
7813
9303
26741
17735
2
7776
28896
11095
59689
15037
18926
3325
21319
25475
22264
13328
6141
33592
40400
39453
28328
64043
32390
15661
28715
14457
18428
38150
65763
2831
17263
47409
2507
9349
244
4903
6557
9459
43291
33603
5602
38672
9384
19824
3114
5579
14387
26117
17300
18857
1573
41173
28387
69739
64452
702
26248
6382
4439
18625
793
17922
57806
27471
50636
28582
582
52077
13370
12946
7606
73561
13634
13140
65025
52684
1117
2741
37711
48848
14153
61298
771
15241
6643
1788
1023
436
21157
43650
50209
7829
3587
1700
14635
5398
22704
2697
44322
15717
643
9580
31371
68775
15229
7444
6185
68090
13864
9934
1006
62011
32344
9009
9346
20
7654
49244
952
2019
4103
7867
8
24756
26009
8615
20334
63475
48305
22
20097
18127
2579
1198
30028
6274
40030
45523
24653
11795
4353
42002
25409
4857
17727
745
42351
33027
7266
30814
1962
24388
38193
24734
11185
25921
23106
4979
4329
9005
33461
30468
13229
4373
27439
55171
3
4594
49476
48666
36986
2466
10588
41724
6748
14121
29624
349
11723
5303
16640
51951
2472
4470
6385
30984
3305
7476
15237
4617
2759
13378
5875
5637
72915
8198
23231
12327
2198
36453
21035
14578
22987
77437
2079
6839
31344
23475
9765
7263
15616
20731
11290
8848
15120
15226
21969
25047
49748
22507
42883
10223
11161
12203
73704
1784
38692
35015
21944
353
14313
37402
13289
3826
11447
1323
23493
10560
19187
3657
9762
1515
31435
54370
16638
9587
32780
6581
11197
40805
48326
15909
11978
23485
49090
1772
36882
1513
23828
28889
17565
3407
22381
41107
22602
20897
654
21399
24476
9847
1462
9627
3990
8592
5108
10033
18785
64369
18600
60901
12316
8567
14021
49275
33080
2152
43849
11055
26717
2935
7975
14099
28813
33990
2
21724
11247
7339
50144
20176
42511
15423
12157
8717
1717
23787
868
21488
25882
10532
36405
14450
21610
7147
20400
6014
8696
26215
1255
18
8767
3858
39137
14410
2
1386
38296
2391
21860
38565
25064
7343
54577
8521
62764
7501
26091
57294
24193
518
20524
2537
23806
10452
30373
32934
44509
18810
4132
21678
38680
58165
20821
43221
18157
13175
36271
2462
11028
5886
30151
9946
6805
17997
19386
18128
4529
6531
11677
33292
11226
10724
21605
40
40623
942
38135
44905
22175
3037
18573
14791
13
7295
13792
2894
18333
4956
18490
42819
5517
12531
3495
23672
3350
877
42236
1035
5076
57346
8681
1541
15254
52713
6910
18452
8418
487
4833
15134
7503
4698
6488
3137
17505
18435
26622
51842
1708
11480
17944
9003
19004
12843
13635
40970
9680
7551
22358
10213
41494
3162
5252
543
2397
18944
32722
1291
7682
41373
67575
17264
9607
33407
15230
9920
5523
19098
2121
31158
10389
20
43829
2703
24230
5145
4269
18543
24070
10
22509
12584
27439
3340
53296
5385
64732
13333
24859
17802
35514
46141
11120
36213
17856
5309
9533
17199
15188
18042
63008
25960
62803
4381
1428
4554
9788
16675
1477
23777
57373
39649
33863
40947
1009
27553
43406
4665
34894
19781
53559
57076
27633
16973
11796
2371
4007
4983
11538
31998
28256
417
9526
370
36692
10681
16248
719
19613
6801
21266
2192
25562
20743
20571
36161
32868
7281
6380
22633
244
431
27642
37499
2
8773
25422
31466
56068
49086
46473
13442
3275
19738
19737
36842
1431
11539
17
5641
17582
23184
43883
21514
172
9250
32229
6800
7020
3098
23073
21172
13314
65927
55224
35576
56274
5566
5598
49656
7549
32957
10841
10997
4169
3875
2415
3470
61919
25012
15255
3590
64005
8197
20519
10454
9803
3199
17454
31575
21751
2427
17480
20843
41330
55247
1959
1333
47623
41197
2430
32886
21242
758
38220
20686
65413
15371
11150
3419
1396
14256
3006
19775
2315
10302
8966
34371
60183
41233
20478
1682
4430
38423
9794
29530
10399
6212
42927
8445
491
7727
479
1506
22188
44714
387
5470
27684
35342
7240
20699
2477
16871
12228
215
21351
26697
39997
3360
17549
37672
78521
6622
60441
389
4044
5230
21601
28443
25171
18192
701
3235
10141
23732
2849
12844
20213
57509
24099
631
25785
20473
5207
39008
315
6859
1696
18264
23364
14355
14116
24824
5072
10862
2376
3581
49857
310
57598
49159
14551
5772
1811
27386
15846
22739
2
34559
22317
14318
1622
26361
410
13753
28443
4364
1324
65695
294
46429
271
6612
5657
19700
3002
1455
1421
1154
14658
40179
2076
8031
20259
46549
4035
2934
27657
59710
20225
1539
25782
51451
52548
36910
16097
8852
15668
15113
56953
1240
47662
44796
1253
583
14093
15253
40872
413
35630
23987
14250
2286
13980
1523
28058
13571
12172
3361
5445
54865
2424
1
8904
38518
1440
21081
9296
5836
7615
47036
4427
53613
25335
44736
22933
8979
70568
15321
8865
26658
45706
513
47371
21106
5716
12942
1793
9567
72545
14873
24928
41972
32683
696
41602
10215
44536
19142
6
41092
281
16145
5632
278
23016
43125
18625
1459
73245
11747
36548
16830
34209
39719
33644
9052
246
2447
25529
49213
2014
6930
52459
8461
794
409
37495
3993
30654
58376
9585
22292
35010
16616
30858
71451
6681
62043
3086
55532
27393
57675
16033
4498
240
47071
20161
1597
23774
26506
9744
829
11312
2221
20557
5531
14165
487
2548
10000
54035
3289
26688
10647
2791
1529
13223
45398
5806
6998
16800
3298
4204
9079
4612
19210
13825
810
7795
1895
1581
7049
9223
31816
30916
3764
11407
516
14159
9970
34692
12236
10936
4272
2282
341
15628
587
41423
5994
70509
5533
31107
9208
38778
53168
11035
17249
4183
11270
1067
56161
3823
19921
36528
4529
1604
66141
50800
35638
2361
13267
28637
19624
54258
27323
4034
4444
8051
6822
13725
32420
12
18351
71480
33814
8514
52553
4847
10480
1115
59102
9769
11350
7214
1410
21307
28321
64442
997
14733
308
18760
18098
15126
54499
18619
54857
21114
32243
20783
4679
1224
7390
588
7686
262
1522
15136
13409
46419
8719
46758
11165
21761
2977
9446
40208
5253
2751
14649
24234
2745
6277
2378
57473
6315
9318
24959
21432
858
19199
33117
18103
4365
56944
23481
14904
4920
769
920
9405
1599
39581
1835
31557
64759
55
66454
24102
38331
26151
41143
1746
66837
2052
1964
18575
35573
5663
18542
35014
43570
48692
7469
19875
4884
1627
29541
4263
4319
12850
2596
11517
4292
8176
45849
15972
20161
11193
1171
12771
13221
25149
2882
30203
1465
30583
35349
47420
1854
10827
1855
13176
25108
11508
30201
8439
58277
3134
3365
323
13040
18932
35892
56018
10427
5159
22788
5215
46724
2767
46733
8126
8958
38762
51115
36569
34226
19845
1568
51047
17610
526
1632
25957
15696
20249
16198
99
6042
17548
34864
6745
3510
24511
397
21388
9413
831
27337
2262
37429
50476
12002
19098
22799
3306
17147
9110
12263
24693
6720
15682
3011
17928
34260
9361
41664
39219
15690
38525
12743
61458
24595
31324
23941
20732
10389
10146
28089
5600
11413
27912
47125
11402
44639
11374
30248
58158
67845
4751
41847
13004
28340
56745
30407
12177
46393
15743
7844
51722
8318
665
24956
905
13001
33085
152
663
67506
37275
15728
12337
1839
19210
11837
22476
18330
33284
26297
6016
3149
50126
48937
10673
10877
29279
10027
23264
2
46726
22475
3547
9578
2346
2224
27364
2497
21645
37804
10483
15722
23884
2623
71916
4512
34277
8110
2696
22567
56813
18709
4184
6454
7848
10241
5010
2864
18720
17661
35311
28055
31335
29837
62243
10815
19823
20605
9374
3920
5178
2821
43226
56340
12658
19374
13212
18779
66592
1035
8883
40828
14867
2385
14546
11651
25247
17797
9675
22385
2333
5672
645
46163
26194
14556
19555
12633
65269
44008
2234
40268
44657
45490
12876
61232
22527
21347
3918
7153
3074
1708
17299
5704
29744
672
25741
46829
15839
38833
34343
3995
18433
7147
16061
4116
13181
28115
25629
15921
65764
41945
31324
16183
831
19810
1159
30292
61662
52612
49366
34153
8826
3457
9853
20076
759
12808
1629
15146
29121
2902
12872
24172
12853
18274
3410
21806
3450
8354
7871
37979
8646
55642
52632
7027
56486
10972
1543
43378
26529
2331
5180
11790
35676
42739
854
19981
37874
46463
50385
45627
32487
1759
22111
3557
73498
24714
1850
3716
68292
1567
9132
16109
25680
48604
7111
24873
10874
16625
12157
33684
55945
3882
18841
76645
283
10492
10122
14080
42250
23220
37701
25691
26282
30156
3915
7791
40057
3424
66942
65361
3587
1938
1997
36912
10127
11707
1314
27467
13370
16379
21882
9
19055
17514
12861
4
39538
14113
19648
27079
38991
6969
11414
10864
3487
1627
1694
1765
11459
11411
16059
5946
7689
2443
9202
18655
69219
39811
5404
11799
29469
32992
951
6538
22097
2366
7912
4908
4155
52542
15760
40111
6285
19573
30636
9228
1
550
53514
8085
17097
8
944
53553
1457
38873
21298
17116
19216
2907
2952
24440
35632
76002
17850
10227
13797
9169
31660
33892
31739
46871
60784
41279
6948
12185
28441
23496
10074
32483
1721
47835
37219
62919
3346
26834
15658
3
725
9390
6766
1
8942
16818
1350
1670
31273
4674
1999
5458
18368
760
13840
7053
19221
54441
8301
38740
23452
7583
62501
69342
824
12669
2308
20970
18835
21611
10085
33572
1005
46099
23885
3196
3920
10136
1644
6535
53216
7431
523
473
2688
25410
12511
8488
33206
43276
29651
18239
2199
6893
3406
68159
1265
862
20093
3443
17793
17563
16673
30084
5259
15364
1522
8817
3989
3518
30895
967
2870
3763
35796
27393
52783
65405
46711
41636
417
25728
22184
1562
27430
6378
5658
5706
28578
18437
3947
38217
35465
628
11473
17794
13936
19147
7107
10779
17041
12531
13494
2339
2720
56584
2052
28160
50627
31859
1661
1984
25463
12849
31745
30459
2040
32826
14424
15835
718
56520
2277
23822
606
11671
33411
31470
19142
30604
20074
543
13248
29317
8373
28282
22088
940
33707
2811
6532
64835
10841
17861
54043
12906
34657
6436
42920
42246
6321
21604
12690
23710
59757
59446
10984
2934
52313
17313
41412
6607
20130
29518
879
4444
3932
32529
26367
792
22924
6528
18614
24808
5137
42413
9968
13419
2505
9776
972
37725
12971
4937
18292
34347
2
37982
4345
13107
1606
43786
1087
45592
54985
9662
15055
37311
7098
7581
2337
38212
36126
47787
1223
26266
10159
751
22856
590
40564
50362
69307
1105
7724
13874
54659
7711
10612
33584
8861
33288
5960
21974
11169
20147
46611
19521
42156
10979
30685
15286
42778
45766
25441
11887
8871
4204
26676
19403
679
56420
53003
10861
6545
2396
3494
25
7776
17020
27261
21921
35588
1344
31956
7039
20747
17131
19315
20201
47433
19911
29577
29909
15027
54911
2703
1114
25061
8499
24509
43811
62716
33694
1693
32137
9205
54863
9889
35594
9052
528
8198
27642
16704
28782
3192
39142
4161
7511
41894
49947
3271
488
15959
6858
5911
15584
9759
14717
831
5570
38875
22442
38333
505
54242
1830
38980
73298
31785
13129
2297
8616
41515
2
16672
25623
39433
3804
14832
10967
13111
2727
56927
66396
31284
55124
4009
53
23340
2743
4838
17363
28223
2228
35283
18103
21088
1936
4451
57221
10801
21
4485
10444
1950
811
406
3350
10841
45594
24024
16082
57066
23431
4942
19172
33306
8756
34910
643
4425
6429
24408
9066
18176
23395
60459
27614
38550
20145
5451
22424
6515
39373
3785
33054
18870
6996
21209
21236
62247
31204
18487
16492
12438
291
51541
33446
24884
27146
566
18516
11380
2542
5157
14730
10950
17328
60306
15127
17911
19371
28342
5468
4140
17441
37460
56252
68679
9611
32456
26486
24723
31661
6955
35470
14512
30567
62213
4649
496
58296
379
25702
20198
42825
22626
34800
4631
829
3390
44035
334
2099
15874
28175
41310
7048
54795
25803
3932
21489
12606
29052
70011
8546
61605
22056
37158
48078
32361
20668
5288
3411
2099
27102
1146
2544
22257
9953
16084
26966
38318
32982
8952
4588
61798
13133
607
1644
5436
30137
12303
1068
36074
34336
11136
12564
12866
3634
12800
29988
4413
21322
60520
956
26273
30377
7978
31385
20234
10254
5005
18556
12185
2396
7595
6442
12289
38370
37286
51121
9787
11967
13218
17267
4520
12705
9255
22650
22452
15490
33124
19701
5859
41853
1121
3547
27782
21386
1876
14583
464
35328
2661
22382
42274
41597
46528
2151
3550
985
46923
14811
22915
6165
13582
12402
19548
22839
41497
9865
29963
39424
4487
20350
2211
26243
2342
64024
34442
16776
4109
43140
1322
50
6763
67112
60777
23717
19195
4245
38079
2890
837
24015
23461
3011
9402
32935
431
7145
4655
28044
1892
14905
3952
34307
7850
16196
7942
12646
19711
6031
4927
634
33509
2373
38438
12413
21373
66709
5626
46824
29061
13622
14138
53359
38741
6867
3462
18931
37567
4973
2534
3175
329
30678
11
25907
6842
302
49262
1335
5263
26485
9549
10739
13184
30654
11314
9620
5803
338
42386
1088
19069
24010
2896
32157
26395
3370
13953
14013
16855
24219
3209
38987
14311
6149
38116
10188
2715
5374
32813
11967
63579
48228
28622
43392
14960
27819
10868
4793
21396
20144
39107
33686
25180
22942
7052
17087
499
28999
34598
18516
19268
18671
37116
4861
19002
29152
21578
16562
16518
3988
3373
40798
57361
13
27586
49523
49988
6589
25218
27753
31578
10931
42915
2637
6291
57134
7292
38020
43192
30017
30519
3527
52015
7232
8846
36476
30735
845
31542
44230
32739
14060
471
37453
23951
8195
841
7593
27689
11567
15184
12031
8047
527
34314
3093
10963
1
6956
24794
22694
31837
4621
35128
22735
17686
58037
13892
33460
29231
46280
1135
2810
8286
7105
65023
55053
11012
34576
24311
17513
51758
31925
20856
13023
23589
2387
13914
40143
3505
26844
19739
28145
25049
18793
1508
14455
11761
40084
6889
25104
14107
72876
21174
51090
6896
20838
56017
2601
38692
53647
423
22248
1463
37065
29885
1152
16344
27042
59394
29200
9533
26011
1
257
43843
9946
11481
1702
6671
6272
21396
13712
21052
4857
3394
20748
24659
3684
1228
76671
1573
56143
17460
17423
3168
38412
14042
11554
30978
6610
10734
1158
8180
2949
28755
40633
31631
6941
47514
46802
4127
4241
4545
20879
3575
18464
2212
13778
31247
33185
43805
18490
3957
28392
8359
65998
12529
2764
9434
16245
18293
25985
8035
14409
18759
21017
11931
26147
15251
20613
34775
3371
46453
23882
19502
59955
27749
41765
9457
3870
9115
44344
7988
38447
35252
47124
42850
2063
70351
39700
3635
7344
32094
35646
11656
16681
6515
19406
8964
918
4489
7001
12081
331
5928
20091
34615
1166
9973
827
1868
9025
20642
31336
9665
30654
8067
36671
15450
24336
8371
25445
8640
29131
6092
1597
68986
22588
4991
7381
1213
43828
30622
325
47457
4229
5611
35998
50557
3922
25497
1012
7831
4503
32465
12418
71035
26149
24446
44756
3170
38362
8448
27090
2632
15064
49588
57199
66266
6027
33225
38480
76244
41014
44370
16148
17280
18906
32799
4844
57120
19495
41754
25663
4411
2373
4838
8893
21192
4481
1877
44391
1456
12
802
35666
41994
34233
51306
11319
33226
47049
2
22593
66356
2714
14129
6771
15491
5
13134
459
32331
44160
35518
3417
8032
3126
51785
15302
3281
40483
1191
4942
384
7699
895
13656
2279
1938
835
301
14020
4780
13106
48799
6915
29322
22689
39597
38300
11479
18371
421
7752
45144
48025
36860
9655
23130
2316
7104
28134
44387
29128
1560
22648
7188
53054
2430
1435
2363
44538
28384
36437
15598
9380
4111
6577
4159
602
3882
22953
7864
22155
51756
8
2793
42273
963
5666
35955
56176
47850
2723
31982
6697
24904
2050
10383
2554
17744
3827
17084
3182
8702
15376
11889
53183
11637
12871
73740
45137
27604
4337
33090
32828
42418
2741
18358
6613
9325
1
2166
23955
12927
792
44228
5821
50
32478
33504
12072
72029
21145
29189
1645
48266
44350
62008
64067
12995
4
43638
38884
10723
46304
10650
12556
14885
30958
1
30048
29712
22945
3739
8470
37737
19539
23447
6005
2570
8385
15568
4026
29528
2837
4382
10158
28339
2637
27309
62680
6739
52573
73872
38375
15654
69417
12799
32615
28267
37717
26932
1667
7349
17894
11559
22719
8
13315
27338
25401
3679
1652
2434
27282
41396
2985
22426
16639
12523
4432
26153
11277
18072
22285
22281
12456
19832
41857
2798
21066
1939
31534
3209
8352
7233
2825
11569
47219
24414
25949
57524
689
14971
45700
33751
29799
11086
16912
13189
30373
44005
7708
1954
3478
21651
42329
11035
67975
6966
1956
25693
8851
25160
31458
25
28052
64267
11301
8839
1408
2693
1367
55596
4611
34049
26249
23158
33205
17783
307
7137
2
12105
3844
8571
10578
23533
41567
58831
7421
20182
2827
31186
1962
5801
21246
42505
11426
902
30126
27978
7533
6987
19458
27144
6337
1174
4038
34090
7409
16684
17761
7745
13029
44881
387
21401
17148
58961
7557
10051
29295
35858
29022
12804
30550
28858
1273
6248
9627
12807
11380
29707
24838
11728
2485
35498
16054
34888
45984
12303
1484
1429
42531
2675
45763
35870
2908
313
8289
5541
38641
12874
34083
48873
37926
8020
2050
20287
46496
8273
25017
22246
9955
14514
15
15219
21375
37064
7023
6790
2311
16179
16643
3767
610
2558
14343
8917
25644
12383
11108
51894
16282
42627
20853
37307
52558
31723
3448
1130
8639
24321
13217
18293
25760
5336
863
513
26914
32902
47186
28700
14853
33202
22420
9001
18852
11004
58135
1091
3087
9339
451
1626
32205
41222
5792
55631
7432
47539
2276
48305
30812
21540
19245
13487
72371
5703
39617
7542
26364
6565
17826
32910
18749
23480
4532
4660
17491
57652
34091
11817
15737
27128
10741
23398
54643
6418
5200
17133
12135
23017
51679
32741
5647
16939
4399
4614
412
40655
26528
6891
5098
7221
6488
14191
7236
7051
62724
27675
2479
76721
11310
29569
3360
15820
2606
24179
4469
460
7358
35718
531
13987
8635
41873
45864
3902
11944
70956
21743
11708
11733
42081
20346
23426
35785
2206
16285
20834
9141
12965
1586
4817
3795
24286
14482
10141
25699
3548
2052
6757
4696
25442
47804
345
8214
7053
35005
8988
228
3954
11
27551
22795
59610
42054
2219
33186
8035
15661
4301
2191
12754
7931
24155
23566
7097
33126
47748
29932
20839
10556
1240
12623
13557
52589
7958
14387
413
21485
8164
1245
5414
21283
1574
30943
14676
46304
28723
15594
12680
1408
5360
40637
5169
30586
8835
1196
51215
354
52295
39710
2972
5876
21315
60227
4169
52631
3420
615
4248
25334
7336
4790
53937
16205
58502
3262
7779
1033
12910
55455
5497
21939
22298
14
19873
37936
8568
5639
27797
25231
1196
5266
20153
1821
244
25925
21306
17273
22713
15518
7989
69657
38044
42621
36362
18428
28943
29639
54414
12576
4769
42108
23450
1
255
11249
20119
1597
8
28614
21064
22837
9822
17466
3670
5997
2941
3194
49047
32583
51083
44608
1120
18893
20027
1144
7706
4653
2613
30534
31971
51064
15053
4896
43474
16291
2824
4481
10181
35650
12736
3071
5952
10507
10728
2990
8071
6855
17772
49539
35142
36615
13746
5496
39772
6598
16434
514
1
21939
617
22505
7737
13502
22514
64475
8747
4499
18912
823
379
8808
19014
16799
9387
40669
44774
278
47457
33116
3980
15005
70808
30770
11263
905
7525
2296
16754
1036
21278
36335
2631
13966
11645
5476
20596
4897
22463
13467
2496
2809
5006
9710
41695
25648
62582
36583
677
2
6250
13824
26405
12276
4141
1
27880
32650
29406
324
55872
50337
23389
26733
469
5911
55229
15422
15154
22178
6023
3899
1695
25215
69574
19508
6539
1130
33129
35181
13641
3073
22654
659
19831
2339
7632
6297
377
3681
41685
17790
23497
17351
438
1645
22137
26792
13773
22204
17517
129
30307
42266
6141
7193
14646
43184
21489
45228
31691
5107
35446
17318
16137
17289
28736
46096
8853
37763
41316
8903
7234
5874
2834
12263
48864
289
649
19108
2082
12437
1561
22087
6032
25926
11256
23383
4443
66340
991
1109
14822
49226
5617
21952
9783
50296
28363
7150
39388
45395
14319
52715
9031
1287
2098
29869
53415
7943
21010
8919
9380
44185
2386
7543
1
20076
12794
24612
498
16254
1970
39426
53798
6260
8485
960
33448
69375
9031
8999
23315
4421
70683
46431
16901
1504
9993
3157
921
26695
11654
43392
34672
71413
21736
9516
11801
4089
35
26663
26518
14183
777
13375
48798
56112
17259
10982
15456
2706
51
453
35429
13426
450
20292
7737
19931
10136
43126
18415
4567
15350
8782
2395
9555
3801
26098
4687
23502
22313
28479
20578
12086
41884
30169
35985
17410
1409
21194
13870
38235
8962
62099
8401
13969
6484
6711
690
27072
52038
21560
36331
15755
5907
56003
11019
429
9958
1246
24723
10540
40502
21261
43568
46536
40457
498
38918
39458
3624
4436
2121
6549
10114
47416
24272
8444
5339
11
26070
31509
4740
31601
18129
10272
30827
7957
3241
5530
516
27526
19002
2300
10248
10091
11302
5760
9007
6076
14178
5819
5060
33690
7527
12112
12926
24410
34206
28574
29657
21837
4958
14594
9339
48227
27507
21227
8154
719
2630
45305
21435
4822
3460
50744
3318
47000
2571
12020
3899
15547
7852
23561
37130
3199
2537
63084
1718
10765
16293
40275
2902
50886
18387
3
2797
14359
1
9778
24365
4701
23946
57952
31964
5664
14670
6000
10471
1130
29514
20657
19375
10364
16620
13372
19752
3796
30890
520
49054
5398
11229
19855
2937
9199
10704
3721
50631
26338
27530
70468
44690
24502
61322
9478
13928
781
33487
14876
1113
24855
8140
7319
57008
45237
3035
2856
21891
2102
5215
1161
13012
4450
60447
33102
15917
14008
18007
6448
8866
33290
7796
44561
5805
1595
13980
48339
10281
12184
8671
8137
12555
7628
946
18388
19387
3288
12460
11088
49905
7242
36474
14077
15730
14868
22912
6669
17420
11439
47863
4520
2263
33638
16107
42002
42001
19525
23982
42776
20114
64967
55550
30815
3752
7073
50851
20262
4748
11820
22897
3938
30616
6469
10986
15705
30124
1959
33387
32046
1714
19095
13344
7291
250
6347
9943
2899
342
15911
36990
3593
24726
30294
32519
42297
588
48141
311
9667
13347
6388
3860
23730
8977
26145
28272
25818
1909
4067
5563
6462
64839
5015
20769
2304
13378
20863
18652
10504
5748
19926
35309
22993
2519
8068
21882
9
26736
21593
2213
6812
3697
29208
2183
45945
28633
236
19763
2441
6324
4999
8244
12417
9396
22532
73261
3429
59195
714
36233
43945
11690
10941
63639
45022
3220
2260
1916
45626
23655
2670
115
14994
27936
1672
13399
2996
2317
2676
25201
3394
6856
45049
1177
28034
15260
11565
1926
12100
19241
10321
19852
4406
734
11312
36043
20899
4129
33067
8068
3467
15134
9811
33238
5492
15901
46611
10681
24466
799
8278
18317
915
11922
10980
11730
4613
314
12617
8846
18080
18841
10252
25693
51197
7459
7661
18458
299
22948
11231
3286
30680
6283
49287
16484
21164
51368
16200
1895
5907
19833
9277
23968
39539
20148
3453
71514
22174
43701
66036
22128
22741
3600
8742
37167
170
4307
50471
40921
7986
26516
43639
1616
3213
19295
39028
8057
39820
14661
7540
3186
1
9115
53053
31848
28491
4509
24408
24110
1520
4290
41403
27888
26905
3549
46588
9254
5482
70374
42731
457
13268
2384
7938
16526
17790
5038
22951
6015
26197
4978
4464
18708
37359
20836
31866
32420
40692
13812
42992
7954
39622
2101
59618
1214
29164
25575
3587
39620
8787
9990
53900
77
44684
39732
27312
2076
6965
9260
237
40898
44474
45583
19436
9895
16780
24602
3182
10553
24622
23659
46445
65721
18896
46457
10837
15989
14263
2736
34282
14903
26633
3089
13830
1710
1728
7792
20225
41366
20836
26356
14072
72170
2484
15719
2054
23249
67058
5752
6301
13198
4251
17755
59769
6165
4729
17426
18340
21161
8131
9033
1755
12675
1810
61429
50846
33665
24492
47101
766
14172
6561
11489
20132
29105
20375
32045
11968
20928
3168
9500
20325
55165
56710
40502
14119
70260
136
3560
46739
1492
7460
10913
32154
11560
3402
7127
3959
26690
24762
26894
194
23522
770
14258
19420
25466
52512
7343
5480
53436
1
29040
65473
14956
42057
26753
22379
3648
19947
23157
40035
46286
2533
4360
8045
2612
10852
1245
7059
10573
862
10292
11493
38379
7323
20068
5763
36731
50537
11997
3911
10406
3520
54666
4909
8119
3990
40798
37557
8371
2697
6345
6595
37950
44368
11975
15505
37320
24132
6406
8249
35376
37305
2251
39693
702
21353
13006
11238
7281
8575
11224
21844
36323
33273
64643
1430
11334
38963
18679
26420
36868
14974
28124
26707
26940
975
20417
3968
9365
1199
24500
58258
43865
11920
51260
4540
21941
17717
3425
39189
2797
59860
16681
12489
2198
6837
11674
35224
16632
30904
22596
376
22227
5232
45116
1647
18017
42282
21908
1372
4466
28856
8120
27089
477
32989
13490
43510
38601
46795
747
16423
4038
41176
9209
58085
4803
32500
16617
34910
12520
34776
6247
15152
5695
46166
6444
10038
23245
8938
10501
12184
908
16518
6688
27827
11402
20761
12539
44164
30629
43186
1310
25354
23582
12231
35763
45698
66675
21856
748
40572
1720
26465
18990
6275
10872
6420
20809
58760
11907
1304
33097
3018
2152
18699
42217
50256
59895
14832
15028
5549
14467
32476
8769
2447
29457
6657
1955
28137
26408
6872
4196
30538
31526
14449
8439
26805
4848
19682
46069
10750
10366
27570
39118
23217
17556
9684
15574
17027
5037
4759
5806
6200
3
5083
19088
19945
33064
76874
5958
44562
12413
4959
21205
7506
6883
28436
37995
5641
11959
1152
27751
22120
24781
33221
44725
24930
10927
4187
38718
3803
10384
33476
22250
29102
11022
18081
17360
10473
55062
4942
8483
9650
252
7021
12176
1124
5217
8604
45685
5243
26173
18911
54608
40020
21148
13977
17281
5122
17753
3216
26934
6675
10845
5792
50057
1944
23623
156
2746
4096
7512
15772
5643
20245
24171
8628
8273
7742
3514
17354
72709
7614
63633
36340
15489
30297
12420
54359
8981
15261
65012
11071
10
1864
51951
5501
37501
15788
2608
2759
68440
29946
296
26315
20163
9721
7419
36719
19677
6210
22583
6935
56937
11862
3333
42273
25557
1867
14370
34741
27536
9872
63843
46419
14491
9184
33087
34224
23415
10770
36948
40
42982
6359
12553
7999
28568
44382
29622
21941
23927
9902
8146
10465
8024
2506
17955
45267
75283
16661
20512
50073
38347
8844
2371
27108
47639
24798
34451
13849
25291
1973
51127
941
223
2715
67298
277
10317
70785
3
700
905
3448
323
58405
33997
68357
9628
8963
6437
31120
2631
8759
2832
46523
408
12714
25471
33279
7641
31424
19613
22516
10287
22371
3
4956
4752
7289
13878
5154
6060
31294
1970
2576
8098
14366
12687
13498
11266
1090
4227
24228
1928
5086
64594
9994
29705
26677
2977
1166
42611
507
906
3367
43057
41279
7445
37368
41126
38956
14998
25909
6835
8483
495
25666
930
72150
38685
15541
30647
62489
11398
17475
56136
12032
16492
5918
25350
1472
23918
941
64497
7602
28072
7153
17024
8170
8493
31590
9984
13195
41886
13
9353
14239
11460
2337
26469
4784
36849
527
758
26593
3854
16313
4279
4629
476
8388
25255
4538
53387
181
54487
27711
15233
5387
16313
39694
709
12397
5
30248
3
1
2
17812
980
50649
13971
26175
4350
14993
8459
26218
21120
6001
2682
18181
17198
50653
2946
17323
9721
35133
68684
9508
2066
46611
822
12581
19570
28351
10597
39218
6314
16598
4168
3211
19548
14171
1034
3326
37196
20442
12256
13991
27410
5547
1026
22231
16193
11957
4079
21017
2838
39946
8635
2993
7270
9315
705
44208
707
3769
2116
25419
12741
19702
14202
689
17924
40842
4829
3491
63140
17700
41706
51208
2378
44325
19011
13976
2858
65031
13154
46376
12539
25917
9241
58406
15499
10730
3926
13410
4415
29786
10431
17007
29416
15365
23718
22109
36062
2
5034
45263
49779
3762
46480
6113
27725
4612
1906
21116
1221
31811
3870
7474
8524
5532
5326
4806
62185
17675
33667
38894
6387
21221
11081
22178
36588
12414
8822
13804
4005
25047
48458
24570
3034
9347
1609
839
12696
264
10495
40073
50040
22
14997
51283
11708
7329
23971
17476
2458
34864
7354
13065
71380
3436
44621
21992
605
22551
22290
15464
1257
4739
14
17977
1
50046
43188
640
4184
62958
2937
40570
10160
1288
24987
2240
6781
4042
55088
49861
28107
18603
10954
2244
26730
35609
10664
61468
36697
73954
11901
34507
67565
2117
1490
5169
22580
3980
11893
3496
23603
4787
303
73996
66959
15784
27720
14241
43235
20098
7978
9814
1
10561
35226
6546
4782
5256
40748
25327
7881
49246
33276
11309
5893
5750
10656
11367
32421
26434
34617
19101
1727
14550
17995
3951
5358
30141
65729
23158
3548
43391
7089
7429
28750
32357
870
47699
3359
1854
20587
20324
20770
32364
51579
2300
36322
69265
9560
12
26121
44714
53677
59680
10722
12251
51071
14872
8712
35761
17343
1414
4482
30551
16318
2640
29377
6154
24955
11887
5974
55797
13933
7171
20210
13903
34430
20490
6685
27508
60436
5456
1223
20140
5749
426
765
43176
59235
15291
2352
3566
42668
1387
10531
33111
12582
12503
4
14762
14211
7452
675
12103
40846
13907
40789
1521
63920
12982
6542
12841
53600
50773
8028
26621
11046
33930
28464
1
7584
31310
8309
1897
23852
20287
26457
12759
28403
2294
44963
56912
290
260
1388
46145
3006
16577
201
59901
2419
18204
17786
70
6800
31888
36862
34627
24216
3604
10876
17478
11050
1446
2506
1657
42020
56281
12947
49259
32559
14452
17285
19509
8883
1433
1139
37135
27784
9562
2928
17520
7369
60266
8764
48993
220
1078
6872
15828
23418
2538
23050
12602
2341
31952
10289
1567
799
17806
56063
7517
2845
33049
44298
54986
13095
15678
17430
4069
17339
4348
3589
64750
854
48785
24086
2300
6605
29327
4083
71537
351
21929
27097
11650
38290
1172
1
14812
15947
3126
1852
19920
61508
14841
25039
7552
3418
5021
53001
12178
9125
11172
7475
3116
18758
14331
12053
72271
29467
45623
5913
54928
20008
31914
43324
48739
1539
1924
69324
421
5244
6845
63604
1480
36225
13758
16622
57249
1721
41201
59621
5818
9247
15559
18104
17324
338
43310
33175
56547
37663
43730
39972
2503
11551
1016
26387
27770
48301
4683
58464
24430
21473
11578
10139
13698
4707
8295
28074
998
19134
2545
15598
33757
40915
60060
7307
8941
4606
11786
49399
20364
2485
1553
47170
13326
9671
29317
2428
9504
34163
21574
8464
12536
5805
23257
30454
33509
13792
13608
72991
6805
15291
39231
65981
284
1007
934
4131
12907
685
6470
4354
26126
15518
1043
18620
21900
5563
34272
17495
68589
7005
32660
23279
38124
45336
2238
19327
48112
9805
4282
5345
1108
30623
543
47045
44901
36
302
458
6
406
15997
27509
39471
2354
17337
8637
15255
1560
4558
48095
1800
6206
333
22446
55772
26124
8231
15279
47784
23922
9298
16474
17966
30807
37207
3085
5752
37499
46413
9541
33033
7785
30860
5155
31503
4388
51767
7101
8151
15831
7113
16971
7696
8208
10236
42603
40919
35858
19858
31254
3789
18378
10460
17346
35624
72452
18104
8351
36305
4011
10994
43049
32402
1814
6037
1617
8310
3257
25892
22043
33809
2851
27568
4031
56895
429
26224
1506
6241
29194
39335
7660
4352
43408
10405
29012
720
27037
46428
729
16006
26334
5433
5827
3073
11655
22049
33901
28104
14790
24985
44656
3624
32573
14190
11992
790
1536
22815
8686
19500
21786
56975
13370
6442
7344
46648
38440
8539
14315
23896
36876
8206
12620
6899
28043
42457
51129
2686
40960
30409
824
4942
54487
12128
42262
21707
9080
11834
24496
4755
42908
10061
41809
19759
51929
11656
43523
70544
53118
9559
24102
15590
4023
18173
14035
42882
27275
2663
39099
17323
6875
69542
41901
9145
4449
407
9524
26923
12061
29659
4356
7865
10301
70192
30165
24596
5936
4209
16480
50266
53818
1953
7456
27255
34405
20438
24040
4629
18323
9559
8631
748
21651
2607
13754
1722
10310
10495
33566
46757
32226
9748
11220
20604
5440
10826
8742
13718
33951
42016
15625
20195
28684
4311
15630
49061
479
2600
32018
61379
12165
30215
30811
9443
24196
7386
13168
21442
37940
25897
15600
57936
27722
1150
21008
14795
29196
14538
19992
19873
26873
4675
18007
9530
4000
67303
51950
3750
4275
19440
15083
16045
9628
14892
17582
15180
20794
2377
52391
7261
11582
21669
7468
29894
39427
41927
69796
41947
28403
45213
1240
6761
49096
1443
19231
10520
31792
41008
3253
10308
367
11324
25954
44793
32018
7839
15635
10155
25209
2416
54525
2165
19898
39846
2
19633
20280
20393
11215
2740
6108
15896
6113
15445
9316
683
13687
14025
71610
34207
19587
8712
4112
17211
21044
11268
6576
20827
23222
31086
16104
25295
2770
39405
19914
39375
5605
13323
6551
62198
6712
28954
30946
3978
47116
2075
19772
1376
43629
954
1674
34965
4350
29633
12981
12735
2268
46819
175
34916
3135
31581
4470
1261
2583
56969
277
35846
4153
26534
35698
53252
45149
15478
12976
62222
42205
4573
13881
10465
20995
53864
3130
62185
9036
1815
6703
44085
253
62524
20522
16448
10398
3092
36167
4720
27274
20994
15004
8405
73164
65257
7514
18441
19438
14120
9767
2388
48051
23208
10394
34206
15669
20720
11243
957
33260
4033
4829
32997
12478
7710
36479
23134
6287
11094
7514
22652
281
6914
112
21540
24532
152
6993
16328
13468
29199
26271
8409
2795
6602
30816
833
57329
25680
9801
12531
25096
3227
14121
61942
21693
16956
21063
14114
29241
19155
24452
31957
58577
11470
7722
48240
1113
24938
5003
6093
8269
4210
29601
54823
6766
4246
16603
5506
56772
34365
29462
6832
22039
2100
8317
6933
28153
19294
36639
37454
3196
2127
48815
6488
1973
1035
31127
11705
46941
22127
50653
7424
11328
6307
5075
12881
2176
22819
928
33352
36834
33129
9438
6967
74271
14718
24961
43849
878
15849
2084
2154
18504
26638
24148
33909
61120
37445
11444
43106
2869
19310
55273
24584
41594
2489
9669
4560
45105
104
74
26577
3687
76724
1228
18831
38753
54086
11976
39432
46934
7896
21734
3417
59569
19793
41746
11519
270
47116
37397
25492
11084
11002
14740
7380
4591
40096
44754
12056
9838
44695
25182
16522
63875
6239
3463
18146
26889
298
30774
6443
27845
16669
16528
62365
16468
36366
5496
13089
15549
23827
2345
29919
36376
61837
752
25102
33867
36044
4768
14509
9658
3841
976
48454
8560
991
622
6477
7364
2810
34189
8714
6024
21059
3153
11458
8180
35881
50543
14138
34864
6954
9749
9972
22051
25401
39513
14374
31862
9809
923
38734
7422
40635
2355
2846
10704
13911
38121
21255
801
61540
1605
4862
23045
882
3435
32672
5080
24605
27
58752
10518
17042
27718
31862
39826
13066
50041
17315
14624
62716
13572
63833
45353
31793
5639
28728
25574
41673
329
9086
48291
14330
27283
34283
49351
31194
6803
18236
20559
30631
5017
30831
488
9570
11354
3992
25113
24488
2737
23605
53565
6839
34655
47804
36634
24155
8372
9946
338
13562
7381
60539
12703
16629
46900
3963
68941
29147
843
4650
21269
11460
5695
6361
8671
21513
9579
2772
14029
17383
6469
2057
73456
22105
21828
2138
6349
13322
34308
45863
872
234
40618
3435
8279
52125
3221
29058
42465
2332
16289
3104
14551
2077
24428
39235
58230
3191
41573
20722
6209
33318
7940
6807
37855
22678
6848
23112
13415
19306
3719
33104
49572
6749
1016
6779
8006
16238
31392
36043
42580
11
16362
11086
68316
7815
1919
45726
46978
41376
19921
14222
73730
43028
28292
16309
4411
19650
15112
10646
48205
43487
11267
35049
39761
46396
8131
6734
37609
7170
2573
22941
31879
74844
2333
37018
17986
37572
3515
9157
667
28523
2833
9193
8443
15892
12751
19887
13248
2376
378
54251
1580
26395
406
13180
12122
1682
45694
3974
14814
26743
10990
47697
41804
6788
29885
4131
31576
7739
25575
57843
13034
4345
11291
11118
13529
30755
5188
17052
9674
8434
2567
4849
10144
21246
57787
2134
2150
50529
26752
14904
1387
8377
5410
1559
49910
32759
617
9789
34213
15993
42009
10
30856
5562
47267
6115
3
18753
11338
8
5118
1265
4805
19387
17457
4470
21847
16157
21743
1090
68028
17798
32348
11061
15850
48753
35847
6413
3725
56684
14429
50497
52662
2026
8939
12222
8957
13073
69938
2002
33888
2677
6503
27163
22362
5855
13451
2276
2637
1728
12400
2983
39400
8640
52917
348
1918
1325
13651
76585
7178
4107
14056
21262
4242
4601
5176
6699
2942
13535
5384
11329
4211
9621
35312
10601
47376
34764
236
39844
3531
10767
770
9237
6817
33128
19025
39184
4709
18551
43130
4829
53235
11195
47943
31162
1023
40269
1716
7247
9006
12673
45687
10484
35508
25907
51091
7928
8394
11909
14610
4887
5349
48370
2138
23008
9193
30295
16097
2499
53626
24413
2533
13602
38434
4450
32427
38076
8097
1699
3791
20052
14598
5338
243
5007
19586
39369
2699
22721
6644
52547
75624
23880
2466
37998
44602
35392
4293
13693
10664
50744
3593
2984
1089
18600
30684
17429
43864
4849
29525
3746
2159
37663
4033
20730
29360
62470
47646
10539
69331
17985
2894
2863
6882
10072
5126
37540
11214
800
2020
6381
486
144
31309
18012
10246
30525
3540
8977
26250
8
4793
25932
6837
37383
4835
13531
26944
12121
17054
59579
28702
1660
14916
23313
46818
21207
51438
64885
13549
43260
6702
29446
47577
23021
4427
16447
23392
46609
11107
5555
15893
192
24960
16855
3895
8838
18313
54527
56595
1417
8076
3341
3168
1
1666
1395
11987
23983
4905
1981
11271
49739
15481
4549
11824
12494
3250
8755
12355
3372
16082
268
1724
13360
6874
11849
24827
20005
8874
13899
5504
11414
4866
11376
17882
26797
18906
5279
30088
48822
6569
19166
9302
34236
20755
34734
6963
57840
3133
8112
45314
24770
13752
43142
9712
3312
28401
66479
29602
42839
20771
9690
3156
21470
44760
40182
61961
31171
27035
5996
47943
1162
9292
1
33387
2463
822
37055
748
2691
4754
22355
16121
54986
12391
27506
26686
8710
70216
24466
49054
20646
7329
3458
21503
28405
1465
823
8480
33994
19667
488
463
57612
4128
29703
23460
3359
428
51161
25562
43079
23371
44670
2211
4217
45065
70024
10506
8399
25541
37724
10136
24257
13328
8881
12023
8620
29630
11784
55252
22622
1068
8816
3143
2
16243
21828
9594
9135
10175
3678
42922
35435
8428
8369
15622
31420
1
12978
28
18899
36768
10851
30833
918
60846
10741
20142
62593
26106
12209
30280
10488
7707
8941
800
981
56067
19237
13482
31985
46283
41557
22084
18452
30158
3071
3365
16181
17149
1932
5594
51850
7332
15827
58464
28440
14448
29413
5470
45620
17172
6514
4
40805
10069
34950
21347
23850
31527
25928
7163
1638
45312
24266
4199
9604
49717
3891
16040
45109
18605
67702
14989
54901
25476
18281
18826
12
207
2772
1
8845
13074
27041
32469
4409
12248
867
7106
958
17160
4535
5760
20939
54230
11910
413
69820
3521
14816
9237
13372
954
699
4904
15
1989
2411
5006
20838
32034
40701
21262
11305
42704
4341
31896
28763
10276
1939
46545
33448
46665
24732
59974
1894
37011
20525
27081
8604
349
51885
19920
29916
39366
22569
10386
9445
14503
27728
1680
24172
31532
7082
62657
3140
20094
2763
7387
2744
10551
47386
23713
8268
9527
20835
9101
5996
29820
4166
16404
16782
46827
1036
59963
2068
9629
8624
2810
34598
16861
27406
42906
9477
36238
15028
28556
19844
21288
2564
9728
1363
5
11957
21677
3972
42571
298
46967
8904
5829
8844
464
10932
6257
25385
21291
59420
48112
6389
2565
4557
4549
18575
66966
6235
4451
13311
1323
32738
13063
18907
17004
5159
23243
35521
22179
43913
20535
13034
11325
14891
2290
53278
16891
13840
38245
17084
12645
274
6694
8983
40019
57279
3909
7548
11494
6966
22269
17878
5026
4961
2917
3741
50728
36301
63099
9238
5622
23296
49178
32067
648
8886
43194
5477
5296
11035
40579
1573
50539
12420
5641
1848
15427
18672
35597
6846
20100
4783
6207
29539
27577
2279
2924
25985
43370
36618
50
2730
10922
15319
52269
24590
10289
54
17004
3996
24156
36146
3073
9482
55102
12810
9880
8380
9716
25131
35304
36643
30262
62149
11097
15535
16466
1155
39405
2117
2472
9464
13188
8
9505
3319
34190
18657
36670
31854
2704
6887
17460
13541
25169
27437
10723
28041
1785
22302
69189
7450
15248
37850
18125
12552
26577
13076
27217
32381
39250
5703
24090
69132
30154
54925
2971
6063
24296
33061
30638
39163
7900
3640
3520
13304
2066
33912
8309
56049
26255
54993
69992
75662
1642
38912
17061
11218
43396
1262
19241
90
73908
4891
941
6269
3570
1207
7834
5592
3949
18925
63922
12192
274
10020
8571
20661
38011
18885
7769
43336
4981
47680
1444
7228
1367
51693
12292
71384
20466
43244
31709
9827
31391
29391
20602
8894
12242
12977
14222
5923
597
11987
11082
77407
10135
20771
10834
20141
23847
15319
10976
58618
2524
28346
9401
624
2402
838
48908
9143
35140
50617
4307
52789
28270
14348
827
4010
9909
8041
12753
6709
15557
8042
17628
52757
1056
42328
43132
6638
17298
23382
18295
13431
3340
22676
62242
11403
8292
14869
622
25778
4997
65412
17204
16123
4881
9527
45093
4072
27051
40641
32434
2373
41255
21391
10977
14599
42539
50318
39398
7364
16517
3167
23589
9640
20835
6047
2776
27517
19937
684
21610
852
36847
50939
9433
11093
16014
10824
2116
4096
15637
58844
2474
44398
38191
47842
1918
5932
42210
3421
18187
2686
291
342
419
330
73426
35288
3482
3965
8761
20277
28946
1359
6915
37630
5108
9733
12973
3300
28061
8274
17210
51308
11505
44
46
8011
13174
4996
50915
3321
45842
21630
934
1676
31878
45048
43552
2965
6144
9502
3049
19554
12884
1585
10079
10650
3739
2584
41658
2951
8956
12015
23062
12249
768
17275
64904
61961
53602
1864
31243
26232
9621
49788
7902
5184
3386
43379
3067
4397
12516
49405
57516
34318
588
42425
12240
3241
9063
56278
18858
21436
48662
1281
19869
55064
36427
437
18402
24151
3443
26141
26825
19
32987
2460
8898
11591
26348
39754
7726
288
40062
41710
48183
54081
49650
19742
14754
661
32892
4231
11807
30373
4720
1497
9110
6086
24889
31138
56838
382
21900
1425
10526
7886
867
45840
16803
19710
4428
17043
8871
5437
6765
12707
5250
10833
8778
34558
890
7331
1318
53624
28289
39157
15672
2277
18968
13989
26713
6771
48723
40992
26657
28667
25576
2425
37019
19821
45412
332
30563
5526
27655
33232
5823
15695
750
1159
32077
6410
547
32011
7728
19058
2351
10672
18401
5505
39314
9231
7584
39374
53762
62223
47934
15550
3721
10987
17088
33388
64288
4102
11180
2341
24940
63444
23353
11892
6779
10311
39656
3451
49742
60125
6245
46243
1888
51927
7333
25525
48976
25200
10700
4101
48996
25979
12905
20719
3652
373
27517
29275
21082
31498
949
30630
905
34711
7331
1983
66639
11625
2525
702
609
4449
3551
14731
16515
7822
14981
52642
11104
2542
413
27147
10850
10114
68471
10711
44653
3040
23074
35857
5741
1228
57659
414
27061
40839
63753
49661
20431
4779
9900
839
6928
6141
5510
769
26936
3000
34975
1412
10889
3744
17943
14169
11449
7240
44750
484
1547
6997
56746
30256
2610
20912
8508
254
23685
5647
14944
6331
25392
11175
2689
1050
4
2721
33264
8216
12426
27793
39740
377
50769
33483
43126
6783
32046
48562
28024
43974
10745
28209
62607
63673
18584
739
10906
22353
4907
4414
11223
1387
28145
1445
14236
12241
14736
4297
21480
2049
29492
20774
4099
9020
338
3937
4171
12274
24405
11915
7711
17548
14623
44383
762
39135
37034
1249
67
25494
12952
25416
21691
45677
992
22136
17436
19136
6908
44276
4843
18415
20369
8197
9364
2601
397
726
21720
2311
55078
5113
32002
40580
11724
6983
12235
25167
53790
21699
268
51
159
5313
12194
5095
27607
3008
46702
22481
1344
17328
23617
4973
11156
2274
20789
18117
14399
36449
35486
23901
465
746
8251
7001
9305
6735
41443
30743
8256
7198
1353
768
5244
14965
1391
17561
22517
11679
21105
27
2100
9226
49215
27919
52115
1499
19818
1050
12865
10715
16998
34066
11367
12704
34087
61530
22528
35122
12246
6323
1115
42991
25524
7450
731
24029
13942
3217
417
15740
27558
593
34058
30466
10123
1594
23344
26740
3714
4977
23594
36329
8300
34463
58890
51196
27575
7668
66250
20689
4188
11
4457
1192
3079
2855
3165
24695
10452
10411
8895
514
2912
22173
33220
5018
29736
8429
7495
1646
31274
3226
61167
1426
53297
11358
29759
7393
929
1
35956
4272
59675
2499
9501
62510
5887
801
62074
47260
606
39403
45402
4845
7848
20287
40551
22928
1580
25459
78510
8921
17841
1296
29092
50243
8151
6888
898
13827
2994
31132
6114
19302
7321
14223
11159
20303
25217
3476
10150
1245
9120
22032
5031
44117
20657
59578
24589
20973
25563
7069
8196
52115
49486
19155
73847
25621
505
4697
9782
1483
8384
41495
13069
29289
10329
9136
12551
12740
29062
8891
56038
12443
41148
2873
37271
45710
8007
3491
13588
30533
7812
427
17463
20001
29634
37850
9456
2945
9387
1479
26144
1692
756
16568
9101
10943
2374
3062
37404
18756
3658
54720
26256
30708
16553
6626
938
811
49170
226
20088
24715
21682
7673
16133
51143
3709
43779
1343
12206
25884
6576
921
5668
29388
1008
5910
4480
58803
50919
23662
41708
47127
15931
48981
12949
46138
12326
38446
3545
1128
6266
50734
424
39149
41514
42025
2388
29698
11087
5867
9135
32247
7268
17139
599
4081
10720
39792
7242
25162
45065
3
58826
10277
3513
16132
17676
26955
5642
22751
23849
26938
78491
21023
7273
14089
2783
1
23874
3548
17808
53318
5693
40434
8381
3036
818
472
16820
3548
44319
20054
28272
13602
22410
38498
10384
15412
2205
16184
839
32441
7904
50219
1292
9409
708
4119
6895
15471
60163
13977
934
48489
14799
15189
29359
45570
16813
7821
11190
6552
29347
10487
35454
8659
4811
22468
43822
27381
16589
13826
29425
16718
7415
5416
26434
76649
19343
6
3140
16751
39417
20556
4874
43298
10719
46480
809
58662
21414
40528
11965
9059
12118
4756
16205
2428
59162
18081
14676
26821
38906
3443
8598
25643
62395
5120
5218
6353
49839
61404
49316
17086
23898
44028
10990
9155
7947
4315
2655
18109
32117
5144
41253
791
17893
10623
27554
8192
47611
52734
2942
8083
14597
16016
33658
30825
8053
6498
12897
308
3653
9933
5496
43370
37966
27463
17907
19316
63106
54981
501
6007
12566
6789
26458
1682
9321
11854
7725
39514
255
8537
627
35061
48930
20427
39450
403
14192
25293
15623
1248
9074
34388
37478
6526
16288
29564
4037
7146
5604
16321
70083
9408
1655
3534
2680
1466
5565
11226
12096
887
23482
1789
43125
8146
2461
23723
24069
58403
47086
41709
73538
41068
55863
54460
32044
4789
53591
3396
15707
6867
44505
42545
18120
33843
31706
52124
27621
1670
2594
4531
67924
886
36662
13841
11846
15692
9821
1767
17664
20707
46008
42350
15374
29917
21784
9314
8324
6948
27225
17771
23149
5431
278
13094
5142
14190
51527
14704
80
642
7592
1221
26088
799
28277
10614
14610
3510
16138
26938
28888
58207
29880
34205
6586
30081
9679
19857
11454
10042
31868
18152
13731
11666
8426
15477
843
57916
20160
43966
48913
29435
5337
3171
59383
10530
2599
8524
39139
59769
13392
43157
15999
4955
49536
18583
25882
48887
460
11250
22717
47427
9612
61183
56689
35663
2372
1
33522
46405
30569
37026
5977
2457
37317
16150
38225
24592
9
18715
8073
12854
1000
19
5058
3407
11217
10090
45361
25572
64652
8832
32305
42904
1555
39091
5752
3238
48188
13154
17995
4282
48564
35683
62054
32373
1142
2084
1291
3
15833
8451
30243
10620
14266
619
4476
13646
12703
3653
13726
23669
15203
26985
15732
12258
34695
32039
11376
3719
7199
35599
38590
5359
6167
4733
23540
9093
50570
48307
19419
17744
10264
9740
494
2
45068
23349
58843
29516
2613
4599
26752
31632
40125
10737
6309
54146
65932
39436
848
5267
8946
64919
42146
5692
4629
26212
40455
960
11766
39891
37686
2094
34774
9809
12425
34790
21768
10855
5927
16320
10024
11623
66983
1914
1165
45276
39080
10
2041
18650
28338
24342
3631
1060
25469
44316
64830
14375
20882
1993
10154
4886
34803
801
5322
19725
23551
657
27409
1666
18496
19445
19109
40166
11226
2869
20897
5335
14199
60191
11907
38973
39286
74796
11441
26989
2265
21994
33109
12373
30258
15864
40574
35282
35904
5023
12488
1420
9701
5315
10859
2639
11606
5249
15302
3787
19388
2995
6450
21559
2569
23657
6259
6252
4317
1129
31571
37966
1162
20813
8566
21862
6691
16424
75689
27577
14092
1296
7238
11338
13256
2274
265
25128
15349
5851
1443
654
603
24051
9903
1625
853
5649
10274
19652
16944
21308
936
4012
27654
508
17519
6777
16503
21148
15827
17078
15217
27284
7430
41078
13852
13373
10130
29154
24826
2051
3194
12045
48565
54579
13345
21206
7342
9011
1024
5653
44711
17062
34668
25278
2756
5907
20224
5048
15749
6731
6567
43490
960
6615
48835
782
44861
51752
12474
27929
320
70773
24053
32744
39153
14979
26650
1439
9038
5452
25965
1657
7148
19918
11612
6164
20152
24395
46591
63944
992
28691
3999
12916
2063
2577
2797
42124
35755
20983
22312
9546
1467
35667
13429
33062
15297
32915
10890
50172
7934
23894
34290
2825
7409
2234
21677
37243
316
1644
21452
30960
3402
1613
51968
8
45628
32317
31817
12421
4096
18316
3647
2181
61588
1683
28855
8939
23572
20727
76090
32585
9282
6105
7857
60499
14881
4418
40099
46194
13709
28331
7463
15971
45464
48307
20886
8234
11638
6671
29592
22667
34046
16552
1697
15888
23416
36890
14967
1274
562
60822
12421
23503
6207
4515
54206
11900
6822
39739
1428
18487
25312
7768
9961
23102
22370
28608
33795
20462
10981
5146
1778
35133
4891
29153
28416
663
1564
2708
22897
2098
10087
6944
3557
21
16223
14366
56134
31483
20691
13592
25334
3311
1583
18524
1063
9619
7445
46882
34439
1403
2248
24597
18524
637
11751
24571
27449
751
28699
6151
28121
3844
4603
16027
53770
42586
68106
27120
26342
20700
310
25090
39566
14147
18930
23
194
5206
9785
14068
3362
586
1890
19205
64846
1660
1963
2384
7697
54365
4451
9243
12437
3912
118
3
36215
12805
20187
1873
20159
18580
5317
36108
4016
16137
51730
25113
6624
2961
20547
31223
30522
15370
20987
12698
54308
322
7104
14602
44953
12908
688
5979
12685
55415
474
1977
8388
4077
22250
13013
52481
2254
1309
3616
977
5113
2541
9085
22154
2609
37730
6993
1955
14239
31423
35051
30944
42256
18562
58782
22439
13295
62837
12024
17742
11934
8858
5485
11647
24832
15904
571
4580
4863
11015
7209
59943
8809
21292
57331
7450
9555
42375
55429
3750
15764
25641
12772
18063
12526
25
13429
2009
19680
36823
20786
46153
8566
50044
38228
44495
67458
15658
4287
33188
10444
5220
69519
26339
17948
2563
11429
9984
27234
38027
74146
23096
24230
18230
1402
34427
73171
28750
9391
53272
8572
7251
10580
13031
61173
4840
29251
35024
54334
52191
9061
4246
17
24970
1616
60341
5298
2126
6807
61629
44730
6352
35496
3428
41369
24446
1975
38764
9090
15067
4825
10163
36187
4764
15087
15414
23129
3591
956
47828
63687
37303
19146
24597
15509
37601
3653
13806
27734
34941
22241
3097
29388
25633
975
13276
27319
6966
8902
4306
49494
613
34764
10229
22496
20981
18372
34580
20527
16635
652
22013
16943
45679
10293
7419
9475
20087
22167
28631
8792
41725
24280
1189
21495
24234
5130
5305
9250
8809
41428
16349
73819
6759
2468
42348
28663
20480
10199
4779
54326
3828
2804
2217
3323
52199
15975
24364
56194
7897
4699
25319
10695
12299
556
6028
50571
35754
30022
27610
50318
9148
27281
4534
19384
8252
4011
2483
14258
7173
8333
48101
877
44373
3597
56566
21621
22257
13226
22754
10896
19483
12370
4706
41925
41537
52323
37928
8914
18051
11187
1
3
29968
8729
59153
4973
25024
52438
41825
28285
64846
19948
3843
6267
12156
16999
4565
369
36149
46906
31156
248
10450
12993
35908
5811
22391
3
19319
18746
18457
39475
59687
352
49904
11981
5932
16275
28465
12312
9780
2546
27313
43582
44219
13891
49816
37354
10260
14007
8820
8052
4089
403
20104
37179
28336
55076
606
20291
15608
38260
43821
3987
12286
13359
19448
9154
27566
23184
3
14406
20851
55544
2006
52180
1208
3224
23776
4594
65417
69193
1927
53746
8028
5670
19301
14330
51047
7004
8636
3125
50309
61474
12741
35007
14811
23283
31451
22949
71742
46368
4782
21437
6455
49431
17665
65340
52006
24729
8272
790
7952
14081
77295
3260
62234
5600
16956
1234
9321
11316
269
17411
40705
15461
15935
34708
63553
29622
3748
27924
33091
34722
20286
4431
39845
12
31194
9897
3011
15044
40247
11775
24386
29005
535
16402
13966
56261
509
25876
39949
5800
40276
42628
32646
9089
48289
1330
59935
31664
31853
6653
6793
15999
8686
35814
38763
13357
2582
36965
6780
21073
71431
30986
21695
53088
36303
3491
13128
1435
3597
14570
27599
46997
47615
44532
14255
13844
29341
15298
1887
60792
45432
33696
35810
38070
28544
31775
19786
13157
17758
39222
42509
1647
2034
752
5276
17777
13911
43758
4139
2312
17038
25277
29976
604
55511
15445
6770
11276
33074
6740
12560
45772
46033
10591
26530
3021
331
17847
41484
7177
8193
16821
9407
53301
33906
1557
36802
45249
25363
17674
847
4639
4678
30633
6273
7354
6514
8668
12293
589
12175
9493
32842
59683
5051
15240
55381
47100
23823
49070
18367
7658
49651
30861
293
2680
10240
2565
59010
43076
1457
10927
1275
7728
627
2197
9421
4371
1347
22078
36679
55604
41042
23509
2706
52626
18658
14705
5507
2223
26191
16049
48643
31442
7314
21798
2
58310
2746
2080
3165
5509
1344
1502
4722
768
34846
50669
19140
21858
43383
26803
3955
16513
8787
37585
7802
13613
44755
2842
2416
6605
55774
60643
4309
21114
2277
26171
7697
28114
28376
11162
6473
5254
3065
25412
33460
3193
4811
4
8342
9621
14303
16493
62214
1115
3267
11312
26133
40862
25424
48506
5973
37587
15874
9713
28602
22601
709
10214
17222
55088
9348
14209
3333
37806
35959
5970
20013
32916
132
9862
53112
24035
3024
19315
10222
10919
18647
1
2305
1329
16264
1020
38017
25366
11939
50562
5005
8912
17247
56718
20534
6272
17706
19891
5793
5394
382
18869
24480
40591
7170
6401
64717
40922
38520
7716
15998
53777
55485
31931
10653
36291
7431
2121
50927
214
6021
866
17553
13085
27769
1110
7631
13182
68594
22161
32407
280
55846
1475
19410
3817
45221
40937
9931
18131
4947
9744
4962
5420
2627
10075
3620
2825
822
1359
17146
18128
34552
14865
25919
26349
6701
17348
1612
35451
5119
11079
20594
65839
8640
17250
38511
5209
1
1378
10966
16307
24762
11767
40397
1888
9551
1807
2691
9259
15276
14221
21442
17002
6126
1518
4346
15951
11190
20575
18664
3731
4723
29161
5132
7321
14829
5211
28282
23412
56328
31422
57199
18635
23536
13999
30716
23261
25798
35166
17075
432
521
41599
4633
49274
51310
6407
6175
15815
19139
44060
9566
6541
14352
703
11796
4555
5
31398
16515
6210
7022
13656
5827
39466
28451
34995
4612
26076
46103
24140
7367
17427
29974
9645
29463
41720
16710
7606
17050
12615
996
2522
17443
33754
19508
3079
4613
12494
15344
7461
14214
1913
23
16505
33013
22365
4048
12
4549
30896
24327
23249
9727
19262
2
11969
13958
25548
37418
9963
28686
866
15179
12532
31889
11262
7083
7054
3804
30824
21284
1385
8193
1653
1908
4675
21808
38694
5274
20179
2814
9201
59489
34360
1856
1175
20806
6832
48875
6027
5431
60112
9163
2483
2332
29255
18860
33459
28588
50042
12403
3103
28588
19296
31395
29399
11690
1915
3316
25290
12634
36791
66779
16751
17159
2854
4038
803
34391
18526
74127
28186
93
24869
29387
11264
39930
14490
13348
37671
2656
22076
18443
32898
10541
19342
13903
17188
44875
13696
9653
10186
5292
3769
9960
2335
57143
42874
58964
12279
30506
184
19610
4270
5711
10460
3375
3756
44116
14980
9795
33494
8532
20396
10371
41638
32349
10417
11985
42445
8128
468
27120
16981
6045
46650
9465
6682
72389
7906
28376
46698
34850
28544
26675
68043
49641
13088
4198
57070
9060
18726
6765
15326
3094
28501
5489
6153
58692
55439
41561
43900
42175
21055
1149
61833
3068
25607
6578
24811
14710
5185
23964
11076
1016
3587
3858
41135
15605
16749
1593
63428
10921
6648
50113
55638
10853
3807
30513
47570
10708
29923
22940
1180
7180
3957
6031
3479
7806
4370
7234
25791
182
32271
8344
50201
26875
2869
22013
28858
26792
964
33051
39186
7472
1
41715
9359
17099
21497
31267
23675
51645
13935
2316
13565
3983
54677
15527
10093
19001
30432
40764
6119
30047
50639
47523
1541
9386
43975
46133
38991
32224
13867
4465
37641
37891
7210
34079
62629
646
8734
9216
20558
39753
35636
4213
3803
5659
12603
6398
3663
24446
46163
31102
23849
12432
52264
1474
2648
793
866
44399
13310
3099
3784
8512
13486
57
34986
15038
39249
51739
691
41435
2154
33803
12998
16160
5885
62611
3326
3796
8832
30902
40093
50112
8100
27879
6403
5517
74640
21941
28709
3548
27026
11056
21019
53730
16800
48580
13520
3522
59543
1264
13595
26726
5820
2002
41524
10954
930
12564
20315
41282
19704
4016
335
1717
65296
40773
38180
6581
510
19918
12890
21345
52756
20142
5492
910
17442
8465
8411
32128
33227
31522
329
14946
3407
69684
14650
9007
43840
21274
7035
63708
19016
5270
28277
2991
1411
6379
52205
20051
8537
8580
38919
53982
48708
5108
30362
58130
2871
3048
537
30684
39287
4494
1598
74050
15865
76714
1426
2831
2864
4149
13277
8729
36216
2923
44727
5151
1010
4982
35199
12669
14610
13863
3846
28735
5590
1210
43013
16597
40433
4817
62992
4587
28062
12723
66450
37087
1974
21846
6953
52367
2877
31560
5116
13905
53925
21555
5670
31898
2657
37087
20493
11007
2159
27729
35646
9164
59947
18962
29774
9783
41507
15498
816
43560
12
28436
27242
45149
6029
26070
6833
5246
12616
3495
19795
12029
5076
5434
17427
11636
507
10728
189
29165
32601
14692
37368
51607
21746
34381
15555
10691
6383
12391
49860
22536
2676
53734
1776
13075
7104
1504
7018
920
14260
6051
17830
56312
25437
31357
26225
10883
10230
7392
17236
4530
11654
37866
16399
29479
48223
5
7582
7550
2046
4678
48574
1013
4137
8469
6581
21886
2908
29868
2193
6557
54043
40338
9040
13834
7133
8462
2512
2285
27120
23964
14359
21685
664
9063
32392
3409
2109
9241
7379
43190
35510
15305
27652
599
31440
19757
2002
63736
10946
6153
6015
2619
5518
12245
6279
21172
17046
31482
19647
12518
2985
59998
3420
9023
2375
452
20756
15400
52772
26251
3570
950
350
8109
3090
2849
22248
10873
17879
18205
57887
35073
20279
22015
3815
3682
38351
3072
8429
21173
18437
21708
30275
40978
26505
7274
1351
60613
38305
16990
3998
6220
40465
470
53001
14049
354
16
2074
3379
6780
31116
20608
2652
566
5101
2135
8264
8863
1234
29306
5881
43837
28106
15722
36624
22260
32659
836
4011
18183
278
7196
6451
10828
29398
20568
51101
49408
19775
24583
47770
22528
11061
15823
7790
35413
3122
14618
3880
34043
57733
11862
61154
22423
19085
67053
21489
1704
1168
10282
66602
65656
8531
34231
27595
54013
13169
28525
20356
13262
3556
31485
18089
51769
33561
54763
23943
19603
11286
13192
272
54945
13672
1234
58837
3373
26479
32312
3262
56295
8731
1911
36039
412
36444
25028
26462
45754
8599
1416
42559
7732
40402
33384
51049
4528
15584
23025
53419
29159
7038
29109
47317
17710
21433
57291
16880
3285
55997
5611
15560
5395
8320
33166
29250
4835
40152
5912
14288
16030
11762
28610
55086
1938
30720
3132
29161
656
9016
4910
6051
14620
20199
4203
11344
36415
23937
55439
57887
5194
16039
10746
1791
18620
22544
7560
13444
18926
50638
8362
9096
28462
5715
33409
11830
12
5451
46
17069
13118
49249
2872
43930
7508
2
36160
35364
26829
7741
8566
58
14169
1029
13167
19661
5076
37229
19294
3817
8309
1
40584
7243
16072
3596
26801
16417
4539
43893
876
6205
13407
3549
15703
32978
22236
5526
24163
13414
27311
43493
4916
9434
4170
28645
6346
15960
4655
1652
44655
7614
5554
1104
8076
3061
44178
17779
24295
17717
9249
32127
21838
17344
2535
16077
9507
8492
35601
9858
1008
57640
1738
3159
8945
14106
8282
1
8039
32128
53543
12398
13163
18481
33123
54197
12272
68243
7739
45931
32096
4203
15899
9366
15135
1594
32428
39533
6432
28
5106
58525
57734
17946
21787
8370
6895
39815
33784
26361
1639
10878
64145
32432
8450
33562
10359
29128
20496
13113
13001
5588
37157
6319
62529
8185
10714
21699
37271
13412
30067
24875
19440
6976
6729
18915
8747
3
17838
4718
10364
8989
3981
53554
402
3021
16311
5176
11022
32990
43812
66534
4172
4159
15440
21287
46493
3246
268
23269
5876
2063
24067
47049
36704
28886
2179
32964
22715
5213
35611
29716
18075
70431
13640
1207
18409
8013
26580
38907
34658
26517
46413
3511
948
42442
1327
21765
1231
5859
28848
667
10280
5664
40092
16965
15586
4578
35653
1587
13415
18374
7290
15961
52846
31400
10650
109
9808
4328
25295
71811
4194
14712
50448
6658
17415
32761
54050
13329
1
2709
10723
14075
39244
19051
7980
5330
10204
13437
1335
17551
21734
2082
3007
24192
24567
22176
4504
26171
9687
707
42840
1543
3941
10069
4346
1
6484
4501
4770
1761
25983
1557
4253
61123
6212
10204
8337
8642
8416
3886
1206
19007
14857
3661
29847
5472
8923
13688
713
5116
1250
6633
27589
4617
4081
4415
25562
13728
33731
7639
16812
1909
10993
4006
54035
11418
63611
3397
62634
4072
59477
13744
7900
5528
62837
1
77352
51430
32788
9628
26453
1431
15058
3673
45055
9597
16154
46399
62945
27123
13054
41988
16
3555
52528
44543
9527
45494
3194
52966
65627
26497
5341
50687
40561
18839
20553
14351
6647
7660
16737
27759
7710
15484
10255
367
7465
8780
13713
7750
12280
12266
16820
27072
24115
36371
20264
25409
28514
15605
38214
6236
22246
2092
13268
19755
8946
44490
57266
3059
33044
35612
3530
2751
30297
7327
8102
36379
45556
9995
20379
18100
69591
31762
2205
675
15789
33710
45537
353
21119
58870
7321
20492
48563
210
28586
1336
37243
3732
9384
1058
2877
4841
34140
15331
22947
18297
28990
23668
8904
17286
27138
13813
42909
6513
43705
1378
8960
47093
22362
943
163
17021
14202
8660
40041
6622
15354
13771
19977
43504
326
23283
38216
42537
18558
5923
2983
1557
48321
5688
37886
56021
17546
7346
13127
6287
50816
17122
1478
34543
58173
2170
22952
2210
63666
34873
38035
17797
37749
19576
1199
6140
42125
26892
25300
37052
8710
39779
38973
17093
59336
28309
7439
7397
48564
739
55063
19620
58434
1931
31952
381
22958
14194
8075
32590
609
356
14930
58163
32064
13984
60488
46710
839
5312
5376
29084
57713
677
2389
35992
10970
4642
33974
2490
14453
6482
12621
17977
21161
28105
10590
7500
21905
956
12873
10314
12031
52958
1072
67188
12703
21305
15013
14469
5528
5544
58947
32930
27760
8583
5074
12595
5191
12746
10516
26527
6542
1384
15008
2889
7666
60244
12909
46301
22412
11579
771
35921
5647
37097
4613
322
22747
32360
28057
28275
18296
738
13603
74489
2831
2755
1093
25774
9676
3167
10890
13031
1564
33680
15744
13632
25515
15784
27012
22923
28287
20556
23011
2633
1496
3542
12447
19875
11277
16728
37023
4204
7368
29073
14149
59511
25657
2989
6104
775
10870
37067
12638
22949
3091
13011
4849
50696
2407
2561
69452
6283
14721
534
11706
33142
7541
4345
19304
1682
27737
68822
13412
2634
11637
2462
5333
15764
16905
38632
14049
37947
37038
7156
13730
14418
37343
1755
19202
30093
31120
6340
31550
16623
43885
67134
23937
8266
19754
50922
22175
18427
7267
22758
34064
41115
23923
9437
24920
3413
71
12529
10627
18639
35066
348
4767
51230
1377
15147
34039
14572
18720
33168
19558
6702
9395
7734
1629
5555
57116
44856
16759
16665
28313
18330
31680
16781
44837
34381
3549
19165
16747
40408
14254
10065
13495
11155
15982
2727
18432
2719
17485
12466
5652
22834
10256
7470
5394
45161
17125
32670
30869
27379
9936
25874
26630
19204
21244
12647
1436
23889
4660
53433
76501
54188
29353
11193
30585
23806
35926
5954
40944
20387
237
663
1888
61301
39087
25717
4789
693
4422
31090
13049
4045
9822
288
48549
3222
26583
36171
12194
25424
633
5762
60389
44428
28360
11398
6354
345
22557
1456
426
54512
14411
36026
6192
51194
12315
472
49846
33900
14272
49760
16867
4156
56792
23007
53112
13176
7158
51858
1531
469
41746
12637
37686
12407
15052
579
8717
6531
20035
19401
7831
34787
29071
7351
5219
12004
12969
31922
12586
1797
1316
12178
60134
42404
27534
1265
54773
9294
29524
12425
72236
8900
64694
10836
8598
5981
19377
6760
1496
51889
58503
70308
8139
7305
274
59286
8968
24430
21011
7955
35882
65977
23355
9760
12656
28012
12068
21969
616
10793
4199
61061
525
19121
62024
24264
3835
33367
11452
47716
4972
11177
796
57106
26303
4136
7839
23678
19670
51480
35866
69380
45263
41740
3608
16296
4302
41461
51962
35887
65445
17295
9658
51530
50636
1039
22395
11196
64312
1638
27469
16793
12963
15735
31133
66580
6519
43162
12667
11782
23357
4633
8835
6771
3516
9697
10123
623
10585
66679
6684
20223
29413
8554
29124
2258
1189
26802
775
11137
19085
27417
4582
9430
49007
8770
17001
22626
1007
23179
5564
8207
1093
17665
729
19850
49460
30275
3
34585
7429
41159
62230
9232
67538
50115
39943
8358
1701
21607
4391
22069
7445
15853
31034
5437
39990
33966
29100
10276
15585
46510
1705
55992
33647
22858
5314
32011
33997
13146
4530
7216
20809
429
11222
23550
9483
21195
54658
34002
4913
4451
11878
63328
22875
2
23496
30079
3183
546
34505
450
41666
8285
42950
66673
12475
6849
920
30540
4808
2397
39520
32355
2859
2461
74680
57591
36330
22429
26287
45021
54660
41227
19592
59658
14576
10781
24967
6287
21191
5444
6869
7423
6373
13969
1705
12516
15963
40019
2146
12581
4986
37233
3822
31853
7686
3221
33214
22505
18
1464
7509
68879
3112
15889
6157
35759
381
22332
10820
2510
5524
28295
1231
3882
60355
54786
28313
24083
1052
20640
7047
34107
8491
19117
17754
39714
21850
5306
19157
29796
19280
13307
14480
595
13173
20278
3545
22699
33748
10709
27798
41202
2
500
461
22746
7217
5749
32310
20900
929
19137
37642
1881
1180
10458
19323
35148
10502
81
20268
64070
24855
12867
2964
2527
29551
7878
18744
16210
6117
31700
25630
5632
69
21644
38491
5261
59759
601
565
25462
1462
26195
10310
14820
4316
9507
3827
69414
20426
6878
2822
15172
11182
56997
32788
9642
1540
37552
21926
9705
50059
61902
8592
6022
12224
7805
33970
15220
109
50427
10694
24351
56245
6307
45254
13224
61826
11025
20722
26849
11919
13817
47246
40582
25471
36392
19850
6566
13207
17912
5644
22406
1420
2798
12669
67454
22079
27130
61951
64882
41855
13235
2924
34770
9900
30472
5500
2291
7479
68958
3
9705
22382
27393
74901
1103
1050
7568
4
19638
26295
440
2380
11754
11136
24106
35785
24264
66544
22563
2764
25463
9815
59636
70469
16232
44338
16252
2664
22740
3852
8899
15802
21828
60427
23935
28421
13299
51316
26805
857
22700
38287
9704
11744
46016
35045
36893
1278
23183
17656
23908
5281
22604
33448
16888
881
22698
649
20160
28923
7531
15365
5558
48862
48572
63976
39156
613
3695
31299
38790
34284
29951
757
8709
10217
8100
44527
28360
1945
14924
409
29619
1346
40540
67064
2276
41088
6348
11095
1538
8928
1266
6143
41592
20207
409
71906
14107
15990
5760
49405
5195
507
8616
9704
40887
67593
32909
3159
38062
13315
13199
485
39860
9641
7534
35038
45331
13768
14228
1407
23562
831
43377
9040
39432
3252
29829
6341
28071
8832
5268
10966
13722
37020
19724
9818
32892
651
52366
26555
39063
22169
2659
61769
17876
49583
32816
5992
17157
58670
29267
41630
24897
35993
53794
21798
3132
9592
3527
42095
45205
5445
67869
4816
18497
14322
14434
10952
28330
58600
14965
52682
2379
8369
14601
32559
7516
21312
21397
13926
5369
19007
13913
32394
5165
40491
4349
21883
329
7632
13769
13416
2143
12687
1383
16421
5835
54116
5618
5744
22127
45653
4168
41272
4993
28303
16115
19549
15366
1436
20367
2330
3591
26358
12478
2
13132
3714
7633
6780
9584
1172
51952
10037
16405
11670
68885
3386
4432
31007
3637
19750
41501
10731
658
22330
1566
18409
9325
31038
23562
13262
21289
73806
1773
20491
962
53256
12814
8424
16728
12629
2
2974
236
20641
46318
8773
16323
30914
1408
32947
54072
26740
33165
55012
36188
2996
11406
37572
2319
1
6672
18085
28650
31620
38577
21962
23803
5441
39093
3995
38989
6429
2755
64517
30945
12867
18941
25822
1277
158
50831
20893
43438
4626
7178
10375
23710
17055
10592
21690
54020
33610
60945
28402
54634
59594
21933
21970
8047
33198
16346
10350
2384
8492
54197
1560
42669
778
293
1371
28204
1561
26558
15510
33872
20117
41513
4619
10938
752
53242
35274
32312
3094
2489
803
3005
47320
25761
21972
699
40284
20483
16751
39600
30070
6574
574
61440
1593
34295
2
7122
47
14387
46808
9080
13249
2414
10012
64028
2664
587
45661
63231
17506
2621
6012
27392
1
18358
33099
17580
14550
7791
10773
14933
42510
30425
1017
22592
7471
41473
3
22180
5808
27772
45384
40188
1735
9867
37324
42264
19974
48343
1954
7827
24139
4189
24219
28202
18556
49832
43100
11860
25605
30868
10625
14969
16866
27747
14
59509
15109
4593
61679
23249
20834
3508
36657
601
1688
27992
12441
3754
21122
30179
46093
14114
34851
15275
48193
12048
29555
3733
23301
3656
1586
26339
1857
3852
1239
3
51717
15844
12456
26859
38580
18030
1853
6414
44448
1
12895
9703
8031
10167
15810
54928
24399
29311
31440
4985
33138
13872
1018
850
22030
18700
6867
38392
10525
22484
4618
2674
14019
6243
37566
45575
33845
7575
29522
21008
24091
16519
14230
42568
17708
12921
48798
7314
34827
57092
2546
61175
9324
26134
12983
26423
2596
5066
36351
6368
13835
6076
50927
4535
3862
26274
4308
42299
12587
2976
20219
3246
5106
17916
11962
25557
661
3395
5076
4449
4457
33990
49530
16589
58926
39999
10500
1885
22263
6407
21136
44678
1010
46760
5531
47783
30985
405
2175
48389
34960
3707
6006
19390
5241
31762
13349
15224
3704
29801
22032
1604
16674
5314
18093
497
8661
16593
1586
543
54971
11025
27959
5230
50000
6808
34210
856
17604
34888
15669
23417
6774
34133
20935
12887
7931
48120
22777
35036
2110
67795
10129
55813
8226
31180
27793
52615
3482
26351
11593
45481
31669
21339
18856
5728
17519
63539
23905
5235
28528
19573
40658
2101
40532
15575
40368
23377
38447
21198
12
42268
4146
59476
23316
9892
30138
6598
7120
7307
19732
6307
60168
8526
14975
62621
11628
35496
27518
29625
33841
27125
6892
31664
13495
57788
30643
19167
1777
42150
3243
56170
3456
25547
3728
39025
28393
4584
19895
22998
12753
39097
4902
7674
15978
34291
28555
13703
26529
51287
22027
21214
24647
7362
4993
735
23560
6543
39305
1
58334
67151
40752
3819
11534
35454
2477
12315
2171
32724
7712
40170
3051
573
13682
1139
16144
42193
12714
41314
465
19507
6056
3129
5563
561
11636
3330
40515
44811
325
1674
20998
1710
13872
931
3628
54199
40018
62166
3463
56498
7937
16789
16026
19749
33738
11251
47162
2508
37539
1977
1819
58078
61244
14747
1042
46870
23076
13023
12305
16540
51280
21188
4822
27212
47260
59876
14015
2653
2056
3
15110
4510
5381
4895
34076
43047
5823
10630
4832
15133
9820
23408
11211
8425
58470
23712
18399
2815
27117
14743
1206
14894
58358
38920
7267
1153
9039
7399
24026
20788
2645
26197
11928
3
44298
31455
5303
7040
3221
1625
6132
31751
20088
30159
284
3
2260
2777
11851
12897
5711
76462
22088
3069
7091
33499
57970
11101
61798
23780
27577
55720
21245
11676
13225
299
53517
20165
22561
2421
26971
32626
6721
48613
13564
5085
16394
16954
2575
19207
17332
20250
32212
1105
1572
617
9522
2822
7555
29517
15772
29522
37004
27663
14534
10937
38739
32859
12627
30771
57878
57069
34780
64243
18150
2033
9418
1560
31902
4424
10314
20271
48806
10443
49864
9485
36103
5507
7501
16171
46529
14807
74626
15929
53267
1083
33989
577
8288
39218
43868
25669
30072
12947
21209
33095
14059
7811
13154
16032
27693
17158
26408
29822
27655
1784
1255
48001
2773
4303
1
20593
73440
64198
14776
14941
52102
41827
21763
13011
24170
37816
46808
58314
36732
1870
35285
16143
13696
15872
51593
5290
35291
1231
1556
13840
19387
380
7524
8779
7832
1017
60012
21315
39851
12559
21430
21534
31055
57642
39481
15101
32
31087
22746
10407
20021
46610
37154
25843
18098
12224
29826
8144
2557
667
33943
4578
74633
57658
19367
8754
37055
1942
30
12918
12933
562
29675
3585
3203
6949
1980
73743
42519
23075
46772
1629
3949
1
44997
11640
32273
11324
15880
16101
2017
2767
19380
48644
15205
19896
10263
3051
46115
1103
11183
5698
2987
5319
4176
20451
830
7548
11118
43086
42314
256
14275
1065
2714
36720
994
1387
32679
1157
840
6496
22168
19696
20655
21163
5
12536
5336
70579
4064
32444
874
12074
37981
13723
4654
9031
31011
8482
8713
13686
14236
35971
37780
47595
505
33294
25842
29254
27703
45250
3267
23483
23087
4907
1454
11225
9306
28424
37058
2850
38532
9512
969
11788
50615
6391
2561
38996
3227
36751
47845
2014
13015
5136
10697
14762
38869
30793
34561
22812
4844
6299
9904
25737
1260
4703
10185
5144
830
51902
18420
2320
75183
26097
42338
29095
38482
31934
30185
31318
30698
6188
35703
2691
18714
583
19567
45402
21279
2101
16984
7337
39420
23539
3389
11770
1
27957
3846
25441
13630
25235
53685
3024
12838
7207
12014
1711
532
39709
330
47593
31039
16670
44662
19423
15216
22133
60252
5769
3338
8186
26540
8895
5170
5549
30982
15092
5532
53737
3934
55860
773
30575
6132
35403
13359
34909
4434
41436
9411
49636
14571
5480
3865
16545
4154
6462
10991
12999
50675
16255
9082
8913
11309
6388
20872
4941
8015
6017
58007
17527
32328
16706
17384
36291
54278
41942
2668
4546
17467
8829
66848
6925
5
47061
29340
6060
11
12349
42595
4565
46632
8117
13195
2762
42785
2414
8402
2730
47682
2692
21926
60876
2871
4748
23842
12719
12968
504
197
5
28102
2553
2649
22363
3837
33394
68412
26584
59781
514
38147
40157
6673
5459
11637
303
45096
6816
27150
11523
27282
5372
8452
715
897
1963
6347
38759
39717
7531
5196
45332
5652
61689
27768
33334
4454
24240
9047
10009
11025
10480
23530
11908
22713
57680
58445
16755
17655
14556
62656
11589
5504
10551
22147
1497
2062
27381
35349
25640
37505
47366
3340
4404
49397
17598
3122
986
7949
29625
49279
1611
30985
6415
3071
5655
7285
1070
405
11706
1301
13870
4860
44200
7162
47925
73247
43587
19151
46760
17357
17941
30210
5802
2331
2095
340
20465
22739
24887
42404
7739
8324
2759
8379
3984
1097
43969
18965
48585
29558
41035
52576
646
56265
319
56390
24756
20912
15790
9710
33274
23704
48279
17813
58651
17192
10
52809
40410
5867
43951
54444
3167
42442
11894
12518
30030
4425
3298
57296
28716
576
7817
667
808
14165
1868
10387
29384
56972
27909
3525
55087
40641
9669
14799
8370
453
1110
4085
4441
46231
4058
2507
36088
56645
33026
2315
6602
657
18001
8642
640
7050
24246
9196
14451
2567
28862
12717
4041
15793
2079
38237
791
2032
2232
14818
1424
53426
11825
28643
14690
6898
28098
9738
21169
46815
816
10700
7416
10886
30656
53930
33492
13983
31223
2491
3337
39129
10200
1084
13383
7824
1311
7170
11098
28408
68145
3379
16102
10674
25069
11097
14111
24704
21111
60376
63938
62167
10753
3089
6458
7484
20745
14
11055
13436
5729
4600
39001
15075
17859
4369
4026
41473
13413
18002
49167
7
33581
3835
19232
11139
7800
34266
9020
23173
1
15296
10142
12064
40407
3070
6
69
9826
73606
64679
29106
29891
14809
13128
2753
1799
26887
33433
52603
2075
33323
35135
32563
1851
41967
33329
8458
10392
28349
23754
1324
9615
1437
13593
16804
36580
8328
27558
10712
330
4520
3
39855
2452
44690
2719
31249
4399
15782
664
4136
4333
21632
8494
15552
3721
57086
51185
21618
51700
98
2240
54360
9
20820
27770
1480
901
1297
40315
42039
25333
32966
31202
49524
13077
12
33203
30178
40880
24091
1145
8240
32018
7883
41309
39963
8379
9383
1325
8007
21350
5573
4051
16642
32915
17142
29656
43834
8611
43045
1815
14055
6479
17426
28347
13456
2463
5401
31372
57054
26141
58427
4212
2767
14075
4548
477
20519
22336
3655
1
16927
12308
15436
18183
1513
23176
34428
42445
593
29175
16879
36104
18261
31036
3
550
4098
41211
556
3058
23017
3988
4275
41920
37809
8029
51778
1818
38267
2540
34330
7519
1703
1
10362
34490
9077
10022
43598
3235
514
55187
3549
14971
16131
52026
861
786
18215
6443
2173
1178
25772
23539
42861
41944
406
30797
42510
7122
19665
20651
22350
1
31358
30419
12570
10434
11400
3354
18286
7858
32866
13885
7193
603
9871
7779
8808
15160
3599
71443
34
34503
1041
65232
3555
22402
17212
1490
9998
39291
6183
3726
715
41773
5949
16070
14674
8
4300
4477
17870
7218
16448
5166
42538
69151
2945
58956
1
65938
3513
6672
22236
17525
22026
1279
32370
13707
17157
32922
4519
21515
2272
4691
3252
38237
16072
27873
4
7826
32166
27666
1128
21821
14392
6056
6077
14646
15134
13783
17703
1438
4453
57239
58910
15746
3855
7536
69471
31375
34964
40526
7000
28581
19430
2400
7421
11506
13338
8903
32292
42767
36863
56377
46216
5464
6337
21144
32662
1716
7519
33110
6996
4581
62043
3371
41249
2780
39035
36008
40167
52713
33098
21053
6128
29164
63093
34463
5664
8525
18747
10220
30876
24254
38145
12189
27268
23109
8368
15066
1833
19100
27110
14937
2536
3050
7479
19624
23571
46390
55959
9491
7090
5587
12366
14293
13728
24208
4530
4253
9056
2105
23473
2459
4
16706
29380
14544
29243
5627
9023
1976
4025
11424
45033
4068
24004
413
33313
14120
31734
54487
24915
49492
24237
17004
6078
26619
10647
4787
26082
40891
5319
23404
40413
2561
6396
12183
33955
57336
19361
13739
18379
19927
9923
10425
57840
42882
854
20220
3138
16547
1114
958
17739
68577
25680
25789
5175
27067
24909
2802
11329
4616
6131
2632
36076
10938
51078
228
3280
34188
11429
14282
39045
654
39441
3132
3608
54611
67871
21958
12144
4949
5978
50296
3111
58147
4092
44228
54581
4872
23469
53846
17579
55566
4277
24416
4271
5631
43325
27543
5396
14515
24562
10031
62906
24483
31503
53302
39123
23828
34799
21320
3432
20493
6086
1089
2509
55428
9953
11958
51446
1423
13512
56186
4415
22556
43293
20842
7544
34841
7876
44631
14711
20026
19746
20426
19165
2483
31447
18296
15985
14171
14517
20994
4799
464
41719
55506
4
1079
22191
880
6195
4037
1615
19170
22852
5414
12486
56625
8187
65051
40761
522
2277
18632
7
26465
48129
21283
11288
2804
18033
36450
238
1776
1780
66604
15415
18504
5075
53539
15181
1976
265
8438
22776
27566
68453
4987
31955
5450
27
19481
21424
9661
32537
48432
33975
67123
39914
19494
281
30541
11316
2751
11924
15319
47023
9150
415
8557
8046
10263
7619
11234
37630
25558
41876
42565
2647
29064
17232
6325
17264
13317
1
2425
51780
13899
29001
4131
8669
1410
70886
21597
16875
46230
20503
6306
33281
33748
72982
69112
6852
5445
7189
28046
28903
35070
2959
21872
6551
28133
34322
20211
69240
435
3707
7609
662
8297
284
21527
4192
20484
50467
34027
20016
30573
3847
30082
9361
16408
7454
690
4013
800
4105
27404
7482
13801
38
892
27936
22643
11566
11945
19233
9350
6644
3842
588
10481
53961
21147
9692
988
9469
1589
421
9537
18938
11373
22917
20506
4353
22349
3392
16995
10982
7582
24983
46728
57231
31066
62820
12269
1361
9727
1523
45342
2936
54144
31217
19995
11716
15636
27406
45441
14049
23218
24390
12426
44612
1875
3659
9925
5081
4793
42564
57
45168
2972
10564
2958
3614
1422
44426
32185
20887
13639
61815
1976
51236
11638
43509
47615
13948
13896
877
1
36587
4192
35856
45442
1918
9388
16414
15379
1181
54222
12
2395
20985
26869
65594
35783
55995
2373
33730
6850
20468
3214
3
953
474
26850
39012
37990
52904
30416
2261
180
29818
28455
21009
8049
11160
1400
22440
34934
10186
4062
51592
12040
16161
14996
26997
1651
6111
14878
904
6302
3863
13788
19550
65314
1826
64212
38557
45097
4683
4109
69737
33241
459
44200
16910
28719
13005
40520
8595
27149
53357
17382
48756
34525
58778
396
33690
3668
1767
3300
13408
25715
43485
3503
23922
34890
59150
32131
48365
12191
12
34975
30068
8417
25053
510
2504
20796
7283
565
1690
6221
21226
2120
40744
1270
18036
57804
1586
28997
58160
14919
12317
26297
13461
15700
4888
21745
13276
21131
65097
2401
5643
1835
13556
8411
125
11822
34921
12761
12804
2604
41061
9930
16302
12798
42932
16682
177
19173
30991
6059
41690
15834
3848
33582
14589
572
49338
5946
6948
7165
1472
15455
11442
11668
1216
16141
46973
2560
18067
36639
3932
4439
19654
30418
19705
29364
7218
24290
45569
29719
23895
2034
2059
68790
8419
30694
30687
45314
32136
6576
11745
1371
7440
17085
17008
5561
31347
29417
643
50644
21066
34454
4937
23414
5720
32053
16207
8460
12107
21067
4938
34937
33644
35415
42779
43308
4263
2339
2665
27383
4250
41491
1531
24730
30869
15849
30363
12861
34482
6081
8960
8446
76094
10343
10140
5785
8301
16790
19175
1055
22251
2784
2153
20274
36598
45662
524
6538
35841
19177
1
31056
22282
2
42815
12136
34201
32331
35967
21599
9649
29872
11331
5120
52302
10377
10749
838
17947
1353
44019
1626
54930
6
39089
75943
20395
21178
15592
64807
1329
40523
3121
8358
2095
19018
30678
12222
13567
9921
459
6101
51744
7186
37191
9778
35301
1368
53785
555
21934
873
51807
7335
45619
21918
8208
428
2789
28575
15361
20701
5424
2315
8511
56040
5358
48432
11873
7489
2569
15900
28468
21481
23671
30220
55619
10760
25095
32331
845
21011
38030
12210
8061
15102
10699
15502
6090
354
3606
4026
10885
10926
41393
49992
51338
28219
16799
27375
6571
2454
1110
444
3186
28232
34638
68068
14028
17971
23667
14
28746
10269
26139
52209
3405
8863
57102
15839
19695
2301
22064
43757
13906
12489
33791
30417
22807
10186
55918
58
36737
10478
19448
6294
18992
53327
8497
1979
32190
16530
43710
20169
4
9632
1545
1212
9314
37345
30396
13484
25145
13156
3701
1713
50178
28420
18477
9017
20466
916
26195
5672
77275
6166
562
21012
26310
49214
94
15576
36530
16033
31714
3343
43214
34962
1916
1
42487
19559
3448
43397
65894
1152
11400
1069
58670
18341
50823
20946
57143
55463
15539
32900
40792
59350
8035
5746
18010
2150
32212
16799
13464
2185
7051
7915
18032
22980
19133
36471
4134
4030
37537
36591
42724
35627
4402
55291
15642
54190
30721
15021
5248
13996
28006
41981
902
774
45925
16574
26730
54091
14629
44421
44577
1932
59095
6933
63433
3452
25572
26677
20752
59752
13404
46045
1161
44029
49047
33345
9758
2242
29615
42334
582
6919
26519
41271
15076
41853
43760
7738
1130
8839
216
1707
20447
7926
8186
8288
6308
30366
275
24523
6883
15281
30210
6035
11015
4076
14247
58088
10228
32268
3340
1187
19573
53009
26064
4071
8988
72250
19276
4088
38805
16046
10691
2788
20768
34103
10657
26265
5893
64547
20580
18093
25265
978
32650
38120
34389
63997
26441
22779
23424
10565
16707
5048
15725
31547
4244
14782
2238
798
2640
60676
25499
27261
12054
48325
1914
14748
11465
41310
12435
1613
51888
356
4261
2461
2714
8738
8632
12071
54782
1492
19825
1243
30876
57101
17371
23403
34227
12842
7467
5412
17134
18089
5396
35882
3264
6745
58135
40396
25928
3058
5944
46222
23485
13472
34713
13547
21139
44130
45766
30035
13675
10969
42176
6348
2648
25603
48132
40405
1056
18026
3866
63400
52326
42048
14509
6854
274
30936
3278
823
38071
14551
10282
33460
27509
61004
36181
52945
64031
7181
4539
10129
1
18109
11132
60262
641
4200
115
78
37108
39759
12213
2096
49404
2173
1308
17514
22755
57952
39130
8395
10574
1704
18241
3936
40040
25174
23185
7232
10524
11053
9565
9512
4774
18369
11823
7467
9126
3661
34501
10076
64323
17879
10774
11870
53918
26397
13922
777
55081
15979
1481
13935
30938
2239
2
56007
20590
29024
5056
28269
262
15736
33835
492
27231
36881
11413
12910
71906
19089
2493
9784
50939
59331
13461
43894
4318
10826
8975
3282
3074
1795
28252
40623
22981
13748
1548
27727
1203
1805
10875
41065
44214
10540
73726
71049
1466
18392
496
3
13399
1352
23126
17171
65931
1215
643
51538
12707
17998
2599
6107
11764
30344
20261
4
294
66564
13163
6420
3965
260
4582
7469
56303
9017
36859
20081
21200
19653
2461
26465
20248
276
18353
41758
40806
7869
16044
38054
33123
8237
30560
5129
12265
5934
9939
50708
32012
18820
18578
22176
22141
3626
12013
13222
2668
22474
29868
4137
5328
46039
56881
37445
5149
2902
28799
10381
1970
20264
16117
41476
1
2948
1122
841
13355
18820
10338
36178
5903
1528
11294
39289
12479
11334
7106
34550
21923
195
18704
7216
27617
16894
37326
17381
55678
2566
15970
8151
1602
13739
22795
818
37197
3546
43462
2604
48325
54393
6287
10767
13759
51279
6023
83
5974
23386
36294
3953
760
49423
21775
36177
4205
41172
10211
2663
866
5202
13749
40481
2104
17666
5809
4275
68291
312
19389
34181
18712
25676
5969
13033
28202
9497
2194
45831
28158
20019
33696
17930
6685
9342
11125
42671
33885
53447
20532
25780
20115
18470
1397
32517
16786
16983
36390
19781
22060
14930
10177
4869
62357
11263
4455
30307
71898
12528
12578
15110
620
4872
59372
43259
15045
62482
54198
29063
428
50807
11992
9918
5247
9983
8813
14172
26580
38588
5647
23211
14885
66526
3658
7088
3548
12945
5944
11649
7241
7531
4733
6595
6357
47548
4559
5653
20403
39265
33209
15576
14146
26721
1763
12994
32512
14225
2917
14458
14280
55252
51982
14303
1560
22186
3631
10227
61640
3247
28800
6699
19758
11415
17703
32478
8214
4443
11885
6463
56704
21937
15750
11262
9377
31076
11364
7596
7411
27569
58169
1
14255
7883
30476
2412
29619
9760
16029
3463
93
7087
30783
2432
37200
14353
74194
1092
28
55782
4596
19825
58798
10927
9954
16756
3873
6036
888
33228
24690
22625
30246
6446
2247
4060
6726
1973
23766
12158
51271
42814
37583
12747
33970
14508
25
11602
776
7850
47998
9317
29515
827
40845
50629
3792
32847
5842
3729
9396
1488
5044
8876
36549
55809
44233
1057
11267
3332
4294
17785
7667
36751
39958
17072
2559
6639
70210
5374
6599
3693
22734
22076
2894
23495
46041
68794
18239
56331
14251
1906
17700
14958
41827
5230
5009
3098
10866
12316
56704
24132
1996
335
4027
3616
21983
15547
28716
2405
24976
21710
11549
1263
27432
13741
27677
26531
16354
43753
9405
50107
3733
21727
16638
12796
63030
39618
48246
3641
1368
5010
4582
35630
61605
31298
11922
4674
31800
26771
5441
14742
8678
252
31252
33304
18306
18626
22104
8530
10700
22810
14799
14776
24081
30176
19
22574
9637
18350
16958
11040
10710
57297
47223
2703
32404
27576
29213
9881
867
35564
896
21016
27298
10366
34922
18526
43724
23139
30029
33907
26034
12920
20907
425
19776
38355
4104
7504
17002
16353
7
1361
4581
845
5720
73
2
7444
37777
19349
364
10750
11851
22488
25496
4961
27129
7103
17099
10390
981
23626
5624
1028
15868
688
1
1
8539
8749
37997
8330
58052
30341
6077
38815
1848
51156
33454
13506
18174
30378
2420
48131
8297
38270
10157
24735
26007
13654
15489
874
54429
15029
12249
24614
16240
5312
41
33100
17141
6897
9334
24011
17989
7231
31145
19689
1019
41509
20049
10463
47159
51517
3362
24120
1650
3934
14
20636
16181
15288
4849
5556
14
16513
23696
39428
2915
3227
2226
9345
24921
2496
14072
17577
26496
1922
58414
4381
38667
25247
1753
3018
109
8217
5250
4181
1507
360
11773
16256
15314
583
7649
4169
48818
33681
43842
4684
28608
7441
35716
14012
805
16209
6207
18796
12083
10883
46505
12117
12484
1341
21966
799
13492
19007
17454
4027
5544
4836
3839
1021
57789
9106
26385
1514
62103
8654
25429
15510
8689
1704
55450
609
3119
27246
5847
271
3275
29621
77
19872
4454
11885
57456
34286
1795
8827
28288
3340
2927
62409
17676
11383
50362
38791
34678
2450
44025
12624
12
3171
1704
30071
7460
14450
16447
31653
50391
2665
6594
60278
23782
8
7280
2981
23559
4413
4069
17948
10730
28899
581
39485
37523
5435
71798
11573
70237
50923
45997
30147
38549
51456
10170
42312
28377
40194
9798
33294
1185
14564
6994
36647
36303
18382
17720
25059
46601
13459
7055
6790
74313
11925
30985
36356
21396
31269
7527
50638
2506
12957
19317
6754
18138
30618
12595
3013
16055
29837
10089
23472
13315
15584
14085
6315
25611
1432
56809
850
12904
20750
7827
42200
30288
16826
11122
43017
3970
45082
2853
2920
55601
28778
3020
9882
5264
6868
34148
48929
6808
56615
9681
29472
12344
8080
5714
25692
9079
23934
7414
13175
40515
50734
38901
14231
21478
42542
14330
18894
19211
6559
13830
882
7604
31808
41286
28880
42049
2109
50302
18068
27614
24737
33651
1639
22254
48663
14804
5387
57806
15093
9735
25488
4519
10635
642
7361
4219
21382
7310
24221
52196
30542
14212
4887
13922
14609
4934
25182
26519
64161
55627
2383
7814
31181
29955
876
64033
8761
21974
3806
5323
11239
4057
30361
6112
8005
51439
30777
20740
10749
1478
17847
5289
4057
1149
19810
14602
12527
13335
52207
6883
13009
46557
33308
25346
877
2663
31369
7174
20876
2022
21732
19750
34626
5959
56228
26959
5577
2533
9971
9658
51962
8760
15084
23727
4637
14835
18736
17
18060
7243
23932
4770
28584
29093
73169
22866
20719
190
1
357
6237
4305
46439
8188
79686
815
24381
688
30040
4343
35468
36948
69290
44042
5378
41886
44039
45769
47410
9405
274
13277
20506
48119
27974
10596
48536
1971
10439
9874
33838
49779
9137
4850
8489
17266
52429
42342
7891
1019
22582
11224
41753
742
24776
15344
11499
26621
17186
20187
7567
15555
7180
7521
22771
4460
12884
19151
18880
19370
21127
2109
8978
20131
40093
38272
23798
17981
68586
21677
19923
325
6465
27669
332
16072
3373
15375
56112
29903
32097
21656
51739
61109
32596
31218
21914
8029
40571
7530
16602
14983
2226
56552
35217
3959
11573
60359
20637
16543
4543
35409
23772
562
15522
50592
60484
5367
14938
28047
46525
30860
38
33181
15770
1695
62
3751
8538
31893
2381
12661
2
6713
40233
388
50434
6110
3910
9404
13045
24631
645
27885
43796
5607
1801
56204
13817
29422
8554
20075
8747
9938
21486
3219
613
48393
6821
60040
26780
18675
19826
12544
5141
7260
35406
44509
3715
12638
9413
702
10863
1724
7593
35558
15545
28727
32282
18497
1420
38853
9482
1237
13980
52665
2357
1799
11665
8069
20782
58333
24850
26479
40787
13137
14944
20741
10796
14363
51823
944
70106
15186
2131
8743
14091
1506
4491
26733
8784
33438
13607
58924
14485
1814
20289
44170
2472
42692
3596
6532
15285
31605
2693
5583
21656
5018
11297
34810
36629
16669
10423
3083
23397
18763
43300
65279
37947
47363
6078
35516
65149
62052
6610
1568
32663
11487
42884
20252
26854
33790
2990
84
6132
8629
38076
27302
3125
15174
10836
38569
22232
520
62681
62760
2590
26801
6897
4660
11670
7258
39057
19406
3020
11477
5889
24181
70290
20210
21885
5147
36862
33631
7918
14680
7731
10392
21323
10954
4307
39007
7345
48687
34972
13313
458
2342
8164
3520
11777
929
22795
20960
60998
17511
57660
62444
63877
26844
3196
3445
29551
12937
31794
45272
18189
920
16
7509
26309
3
72403
32638
12618
15839
17298
12043
24231
30329
56008
39093
11308
33217
7003
69141
2209
38903
4639
722
1018
2440
23653
16000
30796
13748
4906
12017
9918
30833
29213
4921
38276
4210
22706
10647
40424
11543
5905
24494
20736
1783
15611
16750
17366
20000
2588
40771
18508
1628
2120
20333
18118
2920
36507
9984
9223
26830
10302
16855
1176
66683
25687
5802
21296
19712
35640
28227
38816
33521
6091
3291
10654
26231
47179
23423
33409
38311
20314
4980
10533
17619
1685
37085
5862
47088
9427
32342
12500
26
2549
19046
7757
5185
1929
34613
8701
37359
333
9723
14942
17207
32920
8064
45825
11452
37676
49681
41508
7931
2032
10594
24231
54776
50216
45553
35312
58104
20147
10165
1011
6909
24767
94
8964
20186
13004
8858
6817
20808
18878
11064
57206
14006
24137
481
19230
7576
2348
24498
785
24946
35874
31412
55810
19452
29356
28113
22027
59615
2291
3540
12332
10665
21131
59892
1991
8302
21231
46537
54865
18493
6815
24808
6690
23333
23698
853
18943
29342
8266
294
49989
4061
5134
24123
10897
37816
5615
5133
17536
62442
10779
32
43652
5872
42990
33554
37011
5619
22172
14618
15184
31497
13014
2192
10250
2254
1876
71341
47434
4981
9340
4885
14938
28123
21152
4115
47043
54390
27423
42714
26442
30045
42339
21045
13273
22550
6073
18328
10111
23216
10909
24427
17569
12361
8815
47512
5510
2508
37835
486
14517
17791
22295
47052
34617
11358
828
50193
36260
6267
1035
30787
34691
1183
27133
55267
3
1125
55208
60313
28620
4058
598
11523
4008
2042
4491
42707
9117
59772
506
2773
5820
1473
291
19888
16906
30980
104
11143
17967
39364
6958
5732
9727
32425
14069
16578
5697
21327
59755
1493
26610
24009
30266
6109
22531
3056
6625
13479
8939
2362
11570
2226
331
3375
45347
28247
35669
23653
24801
32057
22879
19344
21122
24697
27835
5201
12197
1430
59869
54333
3717
14959
17634
37097
26937
41
24184
15985
7608
31258
25882
723
16461
44628
4366
13209
713
13684
4669
12169
28355
12
62729
6120
1
14676
13787
1
16079
6685
16473
112
3163
10475
22518
41727
5359
33861
24302
11783
44146
13883
17531
20825
18881
13169
11168
25879
11611
11206
26372
16903
34901
35531
67377
27005
12966
5712
25501
53026
32028
35687
17937
17101
845
2158
15681
18014
40225
22888
10690
9829
29580
58597
19503
60853
25952
47398
6535
6527
8991
44930
4288
6456
4349
11680
53144
25661
28534
9643
32294
15011
6931
16151
34655
16743
17119
56038
28551
9179
38215
15842
13681
12307
6267
18730
5825
87
30670
6116
6858
2153
5138
23431
3250
9981
29484
5357
16213
8746
41270
11676
38733
7249
37901
17655
7941
14143
19455
3846
45824
2379
32057
27299
7918
34166
4500
21403
1179
6832
832
66858
16611
9507
12993
12993
25716
16585
3773
2230
24350
24234
2158
14976
4022
2675
1284
9725
13250
15153
15340
3042
2490
19127
5034
3267
2382
1142
33305
50153
18519
11756
30224
6325
16866
49124
8713
18283
3552
61092
14008
14474
9884
34909
6650
32014
2734
4890
46369
2338
12605
41271
10711
10266
27299
35
1
1239
12726
16903
865
7011
56635
45948
6455
23116
1541
27520
31310
10887
14573
3661
39987
59911
38236
63257
6051
4329
29669
13590
6504
4474
1373
53048
12938
47
43855
31508
757
15150
29327
3644
19175
19986
6063
3203
37472
1400
4152
37742
16591
9944
19990
6707
38327
15208
12930
3997
10670
15689
1227
19599
6184
3336
26086
3188
97
19888
3592
400
7823
10690
7882
46775
8735
584
53660
43610
43489
32406
32298
1470
20215
31138
1335
13114
32745
17151
61958
9118
33309
20681
7779
27865
17083
3641
4062
3708
18621
51258
62945
8430
2256
22257
325
20995
48317
28592
9811
16483
5456
16622
51478
3606
57565
75883
55882
43162
63936
10669
58469
5624
39842
45082
39097
16799
12734
2480
26371
10037
35209
17215
33972
5853
89
13233
5299
10395
9952
20593
92
26215
10356
5073
23921
5432
49950
228
1000
4724
34942
51002
11022
1077
1
26335
38673
12381
3952
3108
55689
48028
31340
10676
2822
1943
29723
31582
59615
11040
45558
16890
2465
54415
4771
67591
6776
5124
20822
2478
2441
43701
10810
42497
6075
50849
7616
4470
6404
39761
580
31281
3591
51421
26553
21564
16905
3
59682
19263
43584
3976
1883
20952
19803
826
5231
42412
23789
47269
29774
2547
41223
32502
25556
51792
7510
9818
7993
18385
1508
57036
10314
10996
902
10606
24226
22228
847
10948
32112
34349
41723
53152
24953
66826
22589
9110
4237
18611
5493
13882
3498
11130
27856
29137
14418
3161
9285
3789
4207
33045
36519
882
53790
2653
4044
60379
27302
18350
3285
63278
45918
7817
1234
17776
601
64223
2
13362
18399
34150
3776
17065
40926
45695
7616
13206
427
11849
21557
6834
11373
13080
420
6713
41539
5555
3483
9409
34395
1476
1793
8971
31347
23839
14982
20094
16529
1853
33666
2085
17730
1085
186
1
37628
23329
39288
12202
10820
10800
10280
12101
10510
6713
56864
7600
34870
20830
8091
8655
994
40024
25084
8382
42900
2848
24343
14716
4321
41905
376
64451
3
1534
533
1040
5307
25865
59050
512
26691
22591
11
18885
37965
45236
21877
7781
4886
35607
32432
12177
4912
489
23644
32046
7314
23565
1
7885
7928
29846
45707
4419
12692
34762
1931
7970
21167
56055
39031
13040
10720
22138
24214
2918
10947
13350
2829
59140
39755
17041
19937
65682
7742
1018
8986
21989
69091
24411
482
15877
4524
20304
64903
2208
8047
4387
3386
14413
18639
18776
19119
2032
33693
3536
17269
16216
4839
3144
10010
1810
16953
4099
22794
3424
24121
54128
13676
2493
320
36602
56504
43399
21598
14832
1172
12070
3414
48487
41050
1015
73744
9476
51087
22042
2
16882
429
1703
23484
19401
19073
7737
33865
6784
20343
54756
51
31825
69302
34611
37167
32825
71021
7691
68049
4405
1222
28278
42212
582
62258
6716
64372
20241
9493
4326
5101
6885
1560
29672
24349
3694
4300
32059
33515
8536
10120
58417
949
14883
27784
10213
2177
15800
13291
7
1108
17527
9130
9401
616
56228
54921
25293
25493
11112
18857
35017
56033
31252
50295
5504
5222
13475
14182
63786
24176
9670
3647
19350
15998
1239
23475
43592
31351
18590
32953
55510
8
19946
4241
13279
30747
26181
46462
13356
1389
15684
5291
29989
33746
11753
5382
10774
2179
11246
10066
2209
42769
47366
1616
26154
33737
23804
20180
29021
14405
29265
8547
72236
28638
47308
7530
289
3876
346
9543
43680
20951
15860
15845
2803
1379
34998
40421
8835
4396
7976
26472
6424
32435
4149
31600
22978
44473
17202
15047
21842
892
11808
12080
9362
28850
55408
45586
19387
55973
1428
28771
1667
17052
50539
30332
61980
6700
16386
14685
47081
16026
8
5742
54720
6140
21967
21307
6926
32869
53134
12603
1513
476
23488
19622
6707
1969
43245
296
8618
37405
16780
1518
12468
12255
13684
12488
8280
823
3823
9364
15459
308
7097
41552
75214
15232
46868
26581
8461
34240
7140
1398
26864
27862
42106
7482
24857
8518
659
5169
15615
4053
1217
25765
43649
12373
21804
32487
1967
5858
31761
27113
31390
4889
2411
7819
27998
1207
19730
69275
71755
11337
39170
6424
16967
13422
9984
31852
784
1213
20607
1
11871
13770
34836
22799
46305
1762
7385
18100
3666
17798
3083
54485
33195
50583
14854
32287
2812
6610
684
3556
46196
49180
10122
34055
45302
24785
8207
1
591
34848
8387
11673
3541
5524
6985
1049
57888
41055
3851
45703
1203
630
30453
9923
41889
378
17501
14371
24
41060
58494
47874
26408
2233
1349
22756
4985
17495
23037
35479
32756
18269
68191
19992
9759
28817
19221
9944
9005
4289
11499
49425
1134
35715
6373
44746
12749
43785
21392
40498
37221
18
238
70716
6676
8805
5380
3900
28123
6794
12810
60478
12389
13894
20761
126
12313
3246
45903
4702
48613
10731
29949
14696
9738
2679
4380
3223
4
1055
8119
48612
2492
39712
16014
51028
9778
12025
3827
12259
17018
1776
238
53509
1052
8008
57042
25141
1900
16513
39444
36136
29991
52975
19908
46783
37972
6575
8950
47903
3235
3781
60787
6120
45586
844
8204
4868
17623
29804
33870
46792
655
39755
11111
10391
36838
55028
5084
7292
9985
19539
18835
13200
57401
11619
45104
15365
12145
1887
26569
19642
10854
5783
4688
2471
8745
22073
11374
63817
9670
10986
4479
298
197
28944
50425
11736
2353
12222
3880
63233
3002
27825
2178
26615
32479
22521
10224
35826
78511
1646
34417
1570
11998
14255
26208
2275
7691
6277
24823
8369
25460
49179
28482
43287
69523
14398
20311
20747
2920
13753
8625
697
23130
5147
68077
25576
18732
1120
19213
29116
28452
43005
26739
4006
12707
4585
11633
46199
518
1796
12209
23587
4115
9231
35846
39291
33392
9613
16112
31648
57381
40637
8514
735
32699
4079
1108
38792
10004
40607
62669
29203
25412
13066
11956
2468
35024
25553
21611
7493
24979
63026
1072
66419
29992
51834
37352
37212
11226
27106
14677
63217
10734
404
20038
8891
4199
22719
2816
52927
1740
15657
27867
46782
5139
25410
31007
14790
2492
9109
15872
14512
19193
74
20582
18201
28559
48453
17180
19957
5988
8800
5269
1124
9045
1988
10559
9930
4295
347
1415
8074
13199
2212
10714
7792
35371
37540
25852
350
2424
20541
2
24559
38627
15443
28772
3068
425
10320
67534
8215
326
19835
10433
50431
62350
50763
4552
3040
3882
13165
36882
7890
805
7379
11391
4569
5677
32491
10081
24486
7270
2991
56224
516
957
8854
1663
1701
25623
25050
10259
334
23562
10586
41406
19302
12490
914
31724
23214
16834
16903
6902
250
29871
32
25406
13429
2897
3940
10875
29738
366
42903
26063
11535
645
13972
15682
11907
17534
10463
21822
37562
825
9933
9
27361
11931
13693
13692
31265
38535
3708
3204
35371
49827
14490
31398
2140
34580
18304
53053
41254
2144
57583
6928
1407
25547
13935
7302
4481
17819
809
21550
26264
59282
22593
46652
5447
10088
20300
30899
56514
2315
4407
11402
1589
15368
5249
2654
18181
22489
2431
24042
64375
8300
20677
14864
5567
46365
42706
45355
62314
19073
38313
13787
20279
7604
6212
377
34863
1
4537
13328
4432
39450
10
1666
26
13199
1182
15735
37152
4623
52415
35820
22303
45827
42107
17111
1122
45951
4525
22888
27107
14991
868
38784
24389
15187
17866
69706
21662
10878
31114
54020
15306
13398
24121
251
29389
4424
4988
6739
24375
29924
13153
20295
10150
55202
16201
12272
21054
45508
12298
7443
56
46282
70
40755
17834
2315
77031
3388
35440
46074
9521
7316
31000
4718
16076
40541
2793
17208
5413
13168
5636
1693
17127
781
27153
38168
16999
2186
4748
12607
19457
34443
36976
13237
3100
15268
6948
7059
19207
16758
3145
41425
38167
42422
4747
25473
11819
24947
2405
16505
1280
21219
47981
10021
9693
12485
4476
22347
38419
21805
6504
6524
10113
4733
18916
17554
2430
23401
13668
4
34888
4325
11703
18971
10898
6753
40155
33509
10064
23045
10436
31302
9104
8390
1160
3370
2700
43916
322
56593
45627
2326
11017
12277
35985
1747
30266
52513
13335
47662
37233
44625
2146
814
51682
47017
17566
2202
24598
16452
23332
19542
14
17773
23959
14090
19669
21834
7246
18121
5526
21380
39014
1
16236
11036
40977
69968
5373
35280
639
61099
2459
46901
28755
6312
28264
8858
315
5132
1669
57734
20009
718
3202
27678
35440
57233
26503
41622
33646
9869
39074
10600
25373
69682
19769
26446
3194
16732
15432
2844
11083
17
59367
27591
39978
21648
42798
21558
46655
36585
49509
6963
9294
26585
73731
26633
24285
7197
55516
39435
8058
46705
26601
30859
20794
43967
5876
24861
3258
1117
4953
22138
59126
30346
11327
7422
59222
11324
3798
6744
68030
18067
20830
36031
6176
16944
6455
22016
20857
2356
24265
53800
25976
23160
51546
20002
12583
12583
78497
8352
61363
42203
60565
24277
27616
26064
37472
41959
64579
15399
33913
1569
64042
1034
27536
16052
7348
10690
44119
5407
3477
7604
5027
6337
16723
26282
13894
29829
5254
11318
45439
13193
6247
4599
66170
10520
10441
11347
24181
19434
42414
37473
51718
1637
11076
17793
9527
11098
38707
29116
30703
2277
18772
57121
26536
32953
68763
1423
41487
20530
6976
16254
2220
24557
16542
247
21237
3668
2223
22420
52832
26651
27173
15146
7518
122
10621
6763
3672
66656
12207
13775
2363
6895
43379
9615
44659
512
6121
16003
15579
8926
6726
37940
8392
1196
10616
9822
42327
17250
14082
26394
33147
5918
7960
48321
10145
52458
75482
7148
8294
5915
7889
1
50184
19577
71830
49473
41147
34529
28040
58591
1949
62239
23520
15038
7341
40956
9006
40369
17767
64507
4397
20215
5600
23680
11463
45347
32
29792
3941
9507
3611
12353
24753
3618
11049
34030
9214
5170
46161
1742
45777
15477
18075
11410
2602
2479
13720
42416
466
54514
39366
988
7497
25440
491
7068
25499
340
1412
9463
9726
1821
24901
8015
19349
19056
34032
28519
320
22294
12677
15476
3177
10078
8281
11468
18682
25774
44437
3131
7583
41345
25345
12060
20813
32179
32058
33684
15659
3639
5364
22288
1260
42151
5844
447
21910
7275
5805
24022
15819
56459
21611
9567
23533
703
45878
19260
38435
40023
37385
11165
3953
13460
39376
16479
1
22648
46658
14875
18948
17691
21573
43304
329
19982
34908
59165
32653
18703
11569
20217
478
1315
4618
5590
8027
1952
66649
21995
7341
7061
27592
21586
16002
700
133
746
29351
718
36228
2731
2059
12870
890
6810
6037
2943
50521
35668
34065
16414
12122
28692
6744
14794
50556
28774
2065
29380
6499
34196
17546
3139
16574
12002
35762
11242
1958
11988
22671
26744
31726
5341
27402
6428
438
11335
16667
46841
47136
2749
45331
426
50230
37870
18322
40136
16338
1240
3789
7757
23807
20831
7311
18386
2646
5198
23147
7194
9932
8437
34181
6440
16094
25931
5695
16782
41454
35519
1278
19026
25919
32410
10545
166
2169
16190
27608
11767
69232
2299
25220
22042
6530
2087
18292
28945
18023
14386
2729
32596
1524
68601
62479
10551
3473
57535
6554
15768
44924
22327
16309
25697
21863
13479
17641
16817
30474
1011
11506
17532
1523
6635
483
7789
14410
14308
1584
10391
75897
32412
24588
57898
1734
75452
34258
7989
10362
7246
51015
10434
53326
26373
13410
5935
20407
4662
15207
1051
786
11562
8825
19562
428
13832
16136
8157
4211
33414
1097
17006
8775
7781
24080
24568
9937
5116
10027
12344
15517
45285
5962
56752
56947
3497
11241
3471
34245
19018
6305
14848
17993
64904
22415
11316
528
6776
50289
11371
38231
806
29931
40846
28726
59403
16106
16034
857
10983
22635
6048
6561
43631
68132
5676
9381
26234
4755
23851
16241
3461
11342
37039
42284
13917
19645
11745
62405
6859
1140
540
7048
25087
32689
1430
18774
74486
10143
18659
12
2382
25959
5137
30392
30563
1628
57898
18161
20734
10306
7457
8779
1570
2928
18804
36294
12048
2470
57847
4453
38189
11328
29817
3914
178
20925
13327
18914
7185
47774
8638
15063
3589
8358
41398
26104
65715
22856
12872
8073
956
27613
63778
65464
23862
21845
7801
32063
49997
46691
144
67815
33336
16966
14158
7890
33708
29868
10429
3563
3239
15111
11622
33647
2384
7563
5689
8820
5671
18749
2698
21658
3128
12876
8609
34470
21765
4242
11749
64786
645
22121
19557
29429
17331
521
3392
64589
16297
668
34953
17668
61941
14024
9434
44848
9731
5920
761
7480
947
52404
4152
17771
22366
49625
63776
58319
13179
25974
9070
31687
851
39435
38869
12511
11902
13422
31962
6318
56437
57381
28530
16484
12063
7048
53405
545
30812
64538
16564
36529
51522
29435
1115
16108
10498
48960
19179
3984
4858
9772
9119
9887
9061
9192
1969
6450
3172
54149
3490
6614
905
60742
3490
26448
14420
34167
3678
13311
3665
27180
944
25513
13076
25419
14723
4196
1151
67151
20437
10316
4665
1619
19852
5922
2337
27149
7589
5498
5376
7997
32156
1810
62043
10867
11333
18036
9646
40650
17924
2419
31338
12445
24011
1088
10027
1595
1893
6571
1730
10537
37186
52114
33465
45893
58462
31801
21780
18753
7734
4212
2479
66454
70613
551
13615
3796
5445
51778
17828
5687
8740
3325
2546
61797
36399
15295
6165
67490
53281
18470
809
3828
70741
32147
28104
1834
8785
40
926
16362
5360
25319
4321
20303
12118
2609
9122
19430
19586
998
32106
15912
11894
5399
12783
48120
20155
21458
27602
17502
30203
42967
3665
13675
11000
14650
9298
14727
9896
17557
23665
34965
39534
28578
1415
27727
15962
6542
4468
957
62024
19469
32474
479
26181
1300
11885
2258
29050
3037
50757
3835
21823
296
6260
46022
5143
3628
14557
27994
8276
874
20408
18656
13596
29758
76862
10135
14388
6049
23874
13490
5173
23286
13512
5974
12078
50064
19662
398
61283
26482
33631
21110
5308
13406
28204
31582
25207
32969
1637
23761
46684
1009
30909
8258
4122
857
19247
1478
3288
14189
8955
43611
53182
6182
58996
21755
7346
23018
8049
31116
49693
34343
3365
9782
20524
41301
50762
1938
32859
63652
67584
364
13444
53326
3
9795
20734
60815
36921
9146
22672
51178
32508
3297
6063
25513
15599
3926
8182
55211
30844
2297
16580
27015
9518
20200
4394
17053
3823
39566
5847
37971
19506
2176
29514
333
51789
12498
28406
31102
8986
44518
40129
10288
1538
38310
9480
10380
15286
10931
27571
16230
13571
50679
6770
8394
12818
43130
52016
14341
55023
6248
20157
4156
58
48607
49399
18137
24259
10598
2642
240
1735
8154
62855
10917
3736
2963
4284
8046
26726
23551
2
5070
30266
54354
22
18980
12663
20368
24343
2
11348
34200
15406
25924
9698
1949
7265
8040
8705
30921
9154
8837
4330
30037
17669
23796
12226
15190
14548
2420
10864
5840
3599
1056
10764
17561
29484
17279
47583
6372
1972
1716
4715
45163
27632
63700
27558
25418
33316
48928
67
31983
149
25931
1617
7022
19364
24633
17916
2180
18356
32749
1823
1108
30622
1
69810
16698
11597
30493
32049
16885
13011
2093
9889
116
71915
14114
3568
8014
43167
9495
48813
33193
3791
67345
46246
27991
6011
9871
41814
7338
28129
13368
8416
6716
19365
2820
6226
47432
4362
10433
15230
1534
23045
32736
12682
30355
1396
7844
42241
61217
359
13968
9102
26457
22
5492
434
49673
1654
2509
30272
13971
18805
11110
16294
5182
18373
26229
20087
10866
502
23433
726
20602
1468
3512
8193
1881
11716
29303
7553
32559
11489
17867
29408
3648
7631
9771
37025
11
59879
46165
29713
50536
41978
6668
389
1397
16261
5557
12443
3513
59052
12382
26615
4783
1849
10138
13373
25923
9742
11999
45732
12987
14529
3003
68214
26865
36081
36148
51518
5195
11417
5071
3086
51141
412
10310
22040
12931
44538
47187
8042
18424
27439
25867
6672
989
38
23049
18692
3327
58317
25602
285
7036
3482
23689
44175
719
41043
3584
74926
4319
55217
16346
14451
10
61493
20528
45816
19971
22191
9803
52775
367
1571
21574
53148
34179
27380
18530
1826
30580
23644
50301
10189
26210
3395
12169
13057
24465
17160
1402
41839
3182
1391
19725
10419
2521
4444
44577
4606
1343
10047
26439
25568
30697
56407
4566
30430
18363
1904
34728
11887
14017
12224
1366
50266
1844
41732
48741
20101
2397
4843
25794
1055
303
2103
15549
45390
29488
2559
23056
20440
5309
51427
5686
30904
55554
53607
4280
9871
47454
21107
15738
53488
36204
4950
34691
12768
34185
886
31238
57235
21841
6080
42472
10763
6486
15764
3298
5200
565
17889
23473
31435
27747
3747
41574
319
13086
16813
7195
6188
59
7268
34951
7260
1957
12256
64415
42260
11296
12990
2154
5653
11623
12700
20117
15702
4868
4001
29257
65285
21967
57603
9059
62613
55551
21324
8333
45600
17622
57067
47464
21419
17627
12183
2070
17549
9404
2
9926
26593
7902
11717
21542
46940
14406
55071
307
38656
8820
30545
43036
7154
14490
48606
17748
44681
45346
30732
4669
29383
932
499
10604
20003
72280
9428
7796
2941
6976
11476
45024
7162
6780
6219
10584
12308
1029
18151
29456
31621
3034
4553
3413
16102
11151
65000
6076
866
9690
75335
11522
61097
13398
16273
6813
15683
5128
18712
15853
34354
12833
23919
1770
3210
15207
28910
20777
19698
35221
16991
5421
53923
22756
5935
16403
2215
816
23627
15610
29822
15528
48975
5060
31287
4917
4010
7429
19024
2506
723
12277
44916
30466
29342
11494
574
12252
14959
35236
45922
623
28736
4113
27745
1775
14503
26110
34487
32703
12752
668
10067
50595
19085
1005
53215
154
20385
1354
7093
2965
9824
22304
3
3637
20195
42513
13113
71809
12064
10963
36844
16520
6372
2779
20379
1406
10083
34405
52284
31980
43326
13696
2463
4895
3158
25459
10034
19833
21152
32066
2226
43550
33895
41143
32095
934
3808
3278
4029
69856
1978
1171
35894
12934
2521
16715
7627
20974
1020
40439
15273
46812
7464
24586
25281
4153
323
22022
5328
3468
10443
1544
16303
18678
21169
444
22908
31658
49394
31720
19482
21438
10087
35603
15298
53731
3577
28925
56794
38615
27953
20574
38724
432
17365
3020
23835
57354
14772
28915
2961
2825
47134
15520
694
7895
16641
60864
8767
2425
12925
499
5909
29034
36233
33849
64432
56489
761
1048
30666
26366
20629
2218
5370
7145
23102
5666
3991
46797
12
3394
23757
755
11927
7421
23481
1776
9
1496
11393
59
18983
11485
13921
1679
52951
10100
7416
38595
38967
28887
43679
25986
15888
30927
31647
14045
14545
25256
17254
27003
3618
1499
11515
25030
23589
1260
4470
17082
41007
55032
54634
25312
56001
43036
28120
5245
39035
39854
8065
3250
31333
29068
39121
20891
17924
36341
31423
15509
16341
8854
2218
3
16121
6821
2340
12890
10963
30420
49938
36944
50838
35301
11832
11923
17615
8177
5472
7705
9969
784
17035
6095
3673
12740
34138
45232
3440
9101
5943
10073
30657
24366
59404
27211
5148
10121
10462
443
4581
23
6461
398
68297
28302
73611
2911
32893
10271
11834
17125
38715
20697
71262
7090
13145
3894
260
863
20
3246
10474
11860
2717
10438
13000
14610
8781
1311
34931
35685
30082
5795
10055
1426
37037
38430
66672
8607
21313
46549
37885
7378
55948
36650
12597
14112
12500
39394
28038
46418
51977
4488
14604
9390
3614
52632
3298
2901
39
15278
12073
28722
47355
9417
49687
32827
2725
4661
14109
32197
47895
2344
36357
6651
527
15509
18877
44308
21166
12270
11386
69166
42209
14066
1420
38098
29994
620
8254
34069
41999
15705
43865
31012
59809
13167
9943
8995
10411
12891
2601
16710
9994
997
14970
26115
20118
2142
14415
16419
1069
24377
38941
18
16100
2116
20630
4516
8968
73761
12646
12621
29094
19193
2701
54906
21531
20365
19471
35208
9375
18014
583
25377
1752
2765
69815
2272
5004
56824
6872
5412
53914
32965
3294
25382
10060
55370
7104
37238
126
30643
12874
13082
3834
56597
18111
3897
15670
35285
68022
3546
54557
2641
36254
14645
37920
930
34167
13569
17711
12216
5085
8249
2236
9794
26840
3961
1330
6537
49199
25729
1252
53679
5615
9164
24963
8386
37976
45930
19376
25172
764
13356
4768
369
22808
43770
2203
51827
50927
19126
2788
3167
5821
21940
12088
43268
31627
5093
15782
17351
46025
55639
5011
33636
7179
37737
31024
9972
2004
34427
14141
25807
21853
22627
21165
5254
38484
22611
22023
44792
1270
543
37183
4397
761
25935
35135
30591
31382
6117
2862
37665
56726
50332
48131
5007
9364
38821
6014
12409
21157
9150
22364
5701
7377
27369
32248
19234
31700
21108
68268
33191
6851
3632
61532
36277
26769
55984
44121
35559
16530
268
18835
14087
5298
6127
29302
2716
2233
42087
7314
9132
12849
19453
232
58938
13464
12280
907
3794
15369
19495
8750
7183
34163
3527
7635
17162
23066
2922
19418
41480
10095
4942
1637
7526
7775
12078
48112
22892
42468
43953
34710
6422
22516
20486
9221
4767
43495
24806
3875
33029
21188
17478
2299
4103
33265
19592
10473
5434
1145
21736
14313
15631
10287
723
10049
15019
29758
17640
53027
3929
40464
53382
16153
40895
771
4676
14617
15087
7997
69709
14916
3145
5152
9892
10924
64525
50546
50904
53207
7064
6958
40262
39051
56924
11576
3065
2753
1351
26370
14999
72427
735
2560
613
4340
4379
20322
52548
30257
19608
48762
33088
10232
35049
13835
46016
18048
13608
28323
10991
26029
72634
3520
55573
40059
48824
10886
36833
3607
29675
9476
3883
23662
21415
18071
62503
16088
7635
47519
23631
4559
8992
14046
27362
52527
14553
3442
61701
37082
11397
32066
3162
22205
42158
20754
10196
6137
8682
29719
60402
4
2811
47819
29601
38935
29393
14459
48198
54073
2031
66577
31967
14280
1756
11708
48562
33282
34068
17825
13932
12
2955
29163
7318
2356
28517
5668
17064
8686
21360
28616
9830
7630
1637
33616
12346
4252
1216
5414
2823
8770
598
22064
34569
5648
9297
5055
16450
6631
25337
10472
29247
418
16733
11434
21877
28755
2615
52564
60184
30337
32192
325
26414
7421
1414
20574
22113
8686
19431
42343
5767
12978
657
3096
8729
14724
44180
25418
13954
2124
3814
12502
31250
12939
38268
2419
33516
41827
1495
15388
61899
1835
6272
20185
23271
12522
7357
5079
18640
10897
11403
29101
6393
759
1223
12453
8921
12519
58662
27955
821
2816
7610
218
36358
17114
2592
2480
35790
33775
17903
43145
23112
34421
390
6317
31964
15407
1448
4091
21371
18398
63116
13160
14176
43214
7955
22177
5364
1135
1989
11427
21190
66258
2009
31717
2776
62384
13366
19171
802
55933
31810
3478
9870
22057
2771
4889
32896
45181
21
66920
38378
34637
16832
5464
5313
472
59979
32637
50921
44546
46801
32179
29825
18402
19005
44393
8218
39319
43361
5729
6319
714
21358
3596
5636
1880
9061
17362
1946
36402
17356
12934
8841
24492
47620
12478
170
5954
19839
21604
373
60711
16683
26730
47587
3844
6759
15208
20193
12129
7980
16400
2776
57215
69673
1944
55916
56784
5695
11935
57049
36010
25377
42482
1160
15673
39444
37293
11986
30825
8628
62654
5467
1118
7588
14259
48
64241
4048
62787
22690
20027
31029
29594
11274
5986
4530
8467
34384
11756
18311
32915
50108
4311
22241
1713
52894
49193
11482
8273
6161
8078
1
8327
58528
5727
14215
19460
10774
33591
1911
20451
20479
13468
69397
5771
59519
27567
3606
34836
7333
3388
17426
30245
20120
17804
50603
28504
49202
37786
17458
26584
50508
7982
37160
6848
362
50230
7129
5761
9061
17676
19283
30995
3064
31427
260
2677
15403
25339
33910
10729
12927
2233
29393
366
33442
7296
15865
55658
18909
27301
38362
1596
7742
18908
4004
43556
12886
22284
36686
17312
24238
17984
929
19201
15225
23013
7799
35316
12078
5010
14118
1635
6582
28147
48123
13440
1452
11156
5473
506
5466
27068
6381
11494
21022
20162
28117
3972
23821
26188
7760
19970
3113
10499
58647
17087
64817
28922
14221
37235
4498
41657
17462
2964
35675
13857
5551
12027
5316
5824
16117
19509
66186
913
6185
24846
12892
1905
6009
37859
521
25866
47407
9484
47720
779
22745
2621
16620
6
803
8782
29557
1701
392
8181
29948
58
35021
17526
7761
31240
29977
53904
3997
4624
519
4984
16851
28964
12346
64103
31930
12984
20866
2917
85
65
11212
14960
17307
12830
10401
2010
34816
29426
2306
33436
45509
45196
10407
9507
16795
4982
18427
13100
22230
65544
17249
59239
9410
15768
19377
1
2681
57193
16797
45594
6441
790
18770
16681
15141
5
27687
9413
21353
18106
33650
15324
486
8619
2437
5190
7199
983
1716
40193
820
62018
6971
1148
17497
2
3160
3415
18437
18330
57996
17964
28339
33464
31867
19235
8605
31164
6854
1074
33597
51303
53387
1605
27659
21570
18346
23991
33869
657
27587
42557
47081
11771
13254
4049
19776
3168
4736
18720
20031
11925
21635
15732
29320
18249
30836
7465
6962
3767
3256
17839
1898
44712
27589
19117
21089
5498
20639
30680
2257
38623
9214
503
38760
9232
54238
71474
3149
45062
25277
15749
8701
6249
1213
28578
4318
65774
17168
8253
4889
48679
24596
11242
25419
17445
7485
12984
4287
34011
55893
19406
2281
42958
7365
23907
15409
28988
10791
3485
2957
12591
43819
48878
11184
2012
15637
3972
9210
30821
20473
35905
72213
30627
44268
14152
14596
3882
8886
1251
14907
2021
34977
48413
4503
21692
70567
26196
12009
5523
3602
45893
10117
4624
8129
23400
2861
1112
8590
8629
8261
50553
60444
24867
4693
3479
14697
27807
9654
31776
1003
11382
15098
9668
21750
19477
12379
55498
62706
18786
23724
31333
51295
7000
51756
31866
56745
22575
12105
6959
45581
59868
3264
73083
22608
14121
2104
3181
1925
40589
7687
8782
69378
33368
25609
8917
6961
6343
18184
12797
8600
7520
642
53969
25161
17404
15186
19629
9386
3851
43386
20333
38644
19064
7731
28566
15308
19212
10952
43971
25787
3711
6455
5878
1896
4264
51359
7642
14947
21756
32136
5116
1319
56104
3507
45218
7256
9107
2
6690
5554
40230
41170
18308
9367
7238
10889
7
23747
48091
15861
6611
30653
31212
10750
15595
40979
17604
33427
15128
22244
22800
14029
28033
11236
11258
64667
27567
13753
966
12844
54848
8229
17940
8656
47123
20456
3580
10361
56353
32795
56494
472
8129
1336
34789
8023
23505
36072
64227
402
12673
38184
27455
7359
16483
13042
19640
4197
13293
393
53262
10470
1933
2
33109
1627
1128
5750
8647
70218
2231
18892
7658
7
2133
14635
7671
44628
27976
22839
8835
24076
24561
54694
43690
1196
35458
51272
32058
41643
10398
36891
8729
287
4303
25128
27742
8334
3687
9565
6519
3537
1015
17399
22881
18825
30714
16543
23447
3622
16131
11264
45810
22573
54175
21735
7482
36149
11
33928
24494
6128
44458
15056
5134
946
7816
12375
12371
2637
927
23292
33819
18888
6624
21892
34814
18082
495
11975
586
9112
56208
4295
5572
37166
29304
50643
25645
50948
20184
30581
21721
6475
16284
2509
63688
42051
380
16314
35581
55725
32620
50858
7369
245
7851
11805
4723
362
451
20467
32725
25440
48529
64923
35908
43183
14317
49322
55847
21100
15826
13352
608
7635
3195
13659
53085
27907
13722
1538
7498
39188
980
11009
1904
70712
19215
8256
733
62411
3194
31829
15121
37562
3361
20040
26039
17013
1952
24922
8905
4891
28376
30009
1393
42465
17647
10050
46939
50805
21637
4494
23602
22852
53489
52185
2044
64835
3321
5
14048
8213
16251
1151
4337
20701
15901
8938
24712
60
9409
13534
420
2504
22951
19259
21107
26168
14800
12202
62243
62274
10288
3766
25949
63721
13355
4661
15854
35326
8702
39913
46674
42410
19661
1065
2319
44329
53909
859
2274
667
23904
3635
264
3233
23197
4273
40154
9034
10671
943
11492
32724
6477
39798
19923
4570
40435
36176
46718
883
21193
56874
1
21754
43122
12932
39379
8156
24350
25597
36401
9287
6870
2075
12482
10025
1808
47861
8962
3355
8289
1586
11562
197
3817
33026
14986
1610
1356
2386
4603
36039
67979
31072
4502
3340
6503
40015
13248
11696
25120
30776
1290
32215
3394
7222
8893
19241
60423
14604
32828
27361
273
1309
5393
17045
39795
9247
16138
1054
15456
14944
20029
20513
8576
11535
6239
6905
20294
3078
3552
45305
5183
9541
33168
16475
10025
4957
4715
8955
47451
2645
22154
1175
5486
51469
13521
25070
34101
20162
24142
19414
560
14602
627
3392
3093
26267
5801
21151
4006
35103
49254
14683
3180
48723
6844
27230
21493
3639
1546
28011
11377
20128
30570
43866
74697
11897
21657
17737
16575
23894
996
47986
4164
5722
41360
9949
3058
2051
2513
26419
4750
1263
771
7
27809
27226
14597
4828
5362
28351
45342
1152
39978
4636
8249
2163
25110
1548
4996
4202
3535
5138
585
2539
18461
22147
15482
53565
4914
17475
4589
2502
2165
2
5622
14727
61369
18427
690
47189
5062
21360
1077
14663
39839
17156
2566
3419
52092
2190
53799
2595
335
38350
317
55005
64857
23372
36711
10136
1203
28125
32482
28867
1165
47086
11764
7180
28080
55794
766
38070
15706
11649
9689
40410
22329
10529
7026
14979
5479
10292
46407
31706
16621
11184
25642
17014
50313
1309
2902
13355
14434
12879
17021
2762
65877
41398
18269
14565
1073
3652
16304
33411
2934
2845
2465
49846
75526
16232
28380
45327
49016
1667
633
67304
19344
8573
28369
43086
5365
50161
7370
21315
8540
27558
1293
1843
19846
23533
51967
31781
32939
42794
9884
18119
4097
48967
1668
2194
17073
427
3250
23326
26145
10192
29236
699
6602
12184
27709
1352
17887
2027
3415
37868
6596
3714
51301
11679
1493
19228
9156
24450
9219
10259
46132
325
2545
61193
698
35198
24201
37072
16475
20386
31466
50290
23743
12997
1670
31429
20289
15523
63012
74319
9436
36596
7949
16616
30535
24426
20718
9153
22242
53513
51979
10446
3273
3910
11123
10605
22771
31069
10248
1986
23649
52587
1143
897
54704
62467
21559
34335
17688
16411
33341
55302
30798
2352
8065
9831
14352
3354
40615
205
1
14009
61332
3329
16368
9396
43507
11435
14013
858
56605
32140
21238
31039
35338
8497
23045
12055
1905
30467
24655
975
1
18159
17054
37468
1603
39404
15539
3682
16733
10125
13792
1190
28190
867
30147
2852
42969
56299
33615
3695
7969
1430
2601
44734
34751
8948
13468
29989
52372
10180
9127
40017
27804
1559
22778
6712
4188
37944
36461
8988
7600
29950
3175
750
23873
16945
24007
53583
5369
15334
73423
5999
44829
19308
5742
4950
4774
7448
26648
27202
12683
25276
48860
482
2615
19587
25532
13407
21665
31992
6403
37605
1532
1031
1464
7008
5549
19351
62578
19165
69668
11074
46902
39980
42179
37998
7742
27840
11110
211
41522
7197
39567
22183
24179
7233
929
1540
5248
2207
54499
44925
7576
15267
7795
13647
29556
58963
24820
32199
4499
1555
25620
13277
2566
26761
50118
3088
7932
3737
22139
14534
1260
30250
4303
405
14194
5631
56052
8362
12766
25555
13749
17839
2809
11975
2229
55400
8429
8781
46376
3726
12834
59327
2589
862
13179
6681
6477
240
20048
4550
7852
29302
8681
2542
19246
30605
35116
9066
1929
14587
11509
41069
18105
6375
17146
3451
10124
2
39002
247
64859
10367
21092
29924
35247
4666
1428
5587
24609
26567
642
35095
15106
1187
9839
12216
1759
27764
12578
47518
32525
2614
2794
45058
26030
2755
5621
28871
10610
29935
1187
3097
6190
8423
48945
4263
596
24801
2829
1171
41640
37274
2719
22889
2808
19910
28733
36595
2087
1538
61892
25665
6086
76925
2409
46236
13449
5216
22196
3019
59127
10134
43029
536
61388
43049
20554
3889
17074
10053
12251
16629
476
10451
23606
34681
11937
9151
15452
27249
2856
36418
4789
6543
54981
6322
24003
15867
5169
1160
3882
18321
277
13508
2272
4960
59435
1829
48169
10872
19000
31103
41425
22238
40812
47405
15507
8425
450
27269
32398
3934
1479
5856
16346
22027
354
2441
51758
11
2312
34123
19105
42956
3431
23741
1610
25113
44438
5877
46353
387
5710
2109
50118
27013
477
19405
6289
7619
37414
268
2522
26725
30077
32016
7529
35110
45509
40070
8017
52311
4065
414
3682
27331
563
2021
19884
2417
65195
11515
27551
65811
31143
17518
23321
11386
6349
5417
3410
17396
14177
13388
1
36595
27455
10389
6106
12613
13906
467
86
5115
841
19912
7557
1913
7668
10746
9342
9669
47881
489
34547
7185
39323
2308
3788
13957
43851
28374
1001
38102
30717
7786
34008
17586
55421
597
15231
15686
10039
33832
42639
16737
45093
1454
2538
9222
1255
42776
27842
55579
13220
53308
9843
35256
10610
1525
3507
45208
6875
5472
6735
3730
11039
39367
5879
39278
14037
2145
8013
6693
24
32087
32441
34205
68560
3653
7136
9985
23904
49559
1040
26961
9194
60670
18999
58120
53668
1275
6211
19027
26991
46113
23859
22723
22602
16099
4949
25577
6452
19326
6405
13135
45515
28607
273
2089
18205
48952
6921
7990
30594
14078
43886
8422
766
2379
23982
1566
46922
4691
20208
46871
49180
514
55126
7047
28006
2939
11771
11201
509
33743
29018
63161
9831
20119
31861
14510
49925
14563
1057
27506
38099
3940
7730
9601
6255
14897
40176
7618
16685
6832
33393
9681
14833
1533
23556
20772
36486
835
14747
3950
1435
35730
6520
6567
21053
1853
25974
26826
7657
50766
33888
978
16991
19091
38460
4250
13372
16812
20433
4191
23204
15895
1076
3541
43386
5252
15348
48285
2582
53149
3922
60389
2989
4728
607
62194
30016
42384
42908
68694
39917
414
6168
5497
17760
23809
58091
27974
9890
22048
49216
1393
31127
6432
35381
47108
12401
27390
7076
14105
412
1143
7721
8351
19257
31676
11021
17319
40258
27258
9185
10892
10983
604
835
3999
8041
70143
4726
3482
12491
14618
55935
1337
958
29752
19990
559
926
8776
51869
25626
53985
36534
29596
3038
18629
45704
27132
16627
6882
3819
11449
12931
15529
46266
12433
8267
48592
25317
4818
23160
53750
11210
11
31452
41766
62748
13322
46320
31984
20704
7923
30788
18
5320
31753
64674
25045
13317
57131
22884
16601
9987
15160
1175
4373
27224
23444
19570
12278
14596
23621
14549
7852
24063
9368
49324
27223
54382
31348
25344
13353
201
2677
24355
41459
40062
36063
4906
5117
2218
3880
32219
3429
7494
3155
2697
485
4084
33818
11064
26210
1726
7023
8626
52522
51354
17323
8578
24628
4778
13491
66835
49833
57415
27375
23740
13787
20729
1581
2892
11410
3923
2201
10918
35742
12259
42004
18342
1548
34457
15884
16919
13518
52121
17938
7284
2423
15067
33290
50943
42385
1309
8478
21029
5163
32098
49361
44419
2885
2695
33446
14831
10146
48613
29383
16394
5728
266
949
32672
7529
20111
12309
33922
10890
28213
24566
995
30732
4804
29430
19942
2185
4603
2745
23906
14230
16475
53257
324
16256
16336
6298
50710
32644
32944
9824
45136
25418
5053
52949
10067
11813
45547
59800
30370
2364
6419
5033
2288
28984
14776
48958
8274
12586
5219
12782
7966
2370
21642
25640
18439
52144
22560
7823
2856
58481
28503
6835
38730
35801
22768
53706
11965
11624
42584
34102
23559
612
22182
43747
21378
16046
35939
12886
3610
11508
6853
3569
8426
41748
30683
3514
1401
212
29567
11783
50434
3952
47425
23947
38918
3893
12730
17041
15551
12545
702
13205
8932
41064
8399
10234
2986
19303
31599
14143
16790
15189
28185
2724
14609
3897
23941
16632
25364
33090
57560
5139
8503
64976
58952
11991
3125
62936
891
5680
69825
63835
8440
14958
22369
41432
4236
8715
6010
2636
24642
5361
2072
30914
34376
51552
46613
5285
9406
16579
38149
29154
14650
12157
21924
8151
9109
6721
18144
1887
33569
26507
1739
9045
3881
11363
24780
12728
40005
32238
15254
23126
34717
20462
1925
6745
31119
1643
2184
7497
9466
22521
12246
22079
62726
3761
12406
43500
17877
7574
60076
11237
12681
11918
46588
34890
7979
53809
65747
3923
19443
7353
9679
36456
16902
28868
1218
10743
20166
44140
31238
1634
2580
27460
4265
10727
9464
25673
19076
13672
23970
1073
54773
35844
36214
57843
23336
13399
37424
6590
43655
45006
7592
18162
28399
8037
6796
24672
28727
1617
4009
8175
42463
59420
73255
3465
46451
10
24881
40785
29091
50612
32653
3817
13151
8780
51267
37823
54019
50248
10186
27558
12945
2590
14328
16417
15726
19618
34316
22983
25854
2474
14808
48743
42155
26564
40889
1655
36637
16855
12305
2606
15427
53366
25521
56585
6608
24489
4101
10387
17920
50986
26900
28416
3748
34758
36554
4474
9460
38194
32669
55397
43284
5659
4022
8958
2071
23129
37526
7276
1652
76512
7621
61853
15985
6697
13732
13169
9889
30982
43553
10546
202
11560
3725
13435
39735
725
63750
9555
18944
14215
1956
49454
77573
2655
42624
42721
6761
3014
23489
48494
3776
36894
15762
41723
405
26180
16476
26242
1253
40597
55561
15411
33665
9435
5392
585
40909
14040
17295
18507
22302
30484
1977
7326
14086
3338
25954
63978
2507
8910
30094
30698
15836
22152
2442
4719
28152
24312
12814
3203
21989
21090
8971
20096
23193
21057
2621
20775
21687
2582
4447
26797
3091
5742
26741
247
16099
6042
9588
50956
2279
7148
8553
7929
27605
1030
8883
13121
26668
27866
46161
7436
22076
1192
35363
23401
12889
19843
2112
4378
17250
888
32977
35137
3906
2037
14070
10704
214
23468
2456
9824
72735
1943
8294
7419
30934
14798
4383
40444
25051
13578
31969
8630
2831
1152
14883
11300
9480
19568
5669
395
24433
69820
8156
16260
13424
26794
9389
22228
24267
14852
4995
9890
14300
55211
24420
9401
70765
30721
12744
49922
1988
60
4484
24637
5703
37978
25173
54078
21822
13776
4619
13924
4344
16016
2479
8403
7782
1470
7172
9930
10494
2544
15702
22071
5212
17314
42755
2082
63776
9352
3780
1890
24612
3158
1817
3212
10900
13017
5148
10989
6605
4528
18715
25593
13467
27056
873
29541
26522
35728
3316
23928
39711
22003
6912
1218
9843
37723
15050
12199
22349
29412
62740
45320
7332
21310
10638
38785
731
21936
52365
25532
35893
18497
17116
471
36304
12502
4841
24180
24514
1
1127
46244
21971
19141
23446
46070
13959
37
12203
37524
32013
8407
28358
6172
4108
46669
18407
5863
19320
8057
16834
43964
1396
10968
53764
20540
3481
49335
2534
15848
7980
40253
5261
44511
18455
43211
4094
2445
8120
5835
25957
3815
5160
35358
38945
973
6906
3239
2087
10382
32789
897
19446
9064
6869
50149
11022
4942
3759
37963
264
19210
25109
12022
28924
27776
55362
43095
8757
1888
39167
14496
4064
4824
8811
10939
7001
19504
29489
42903
10032
8001
2508
8731
4776
11294
241
16133
11928
1586
506
9678
10934
2883
31468
7287
32
12177
3871
1528
14914
25703
15347
8287
6463
2525
718
32584
12152
25460
2341
20069
212
44449
7072
15909
4831
49362
21941
19564
2719
23733
20857
43409
16969
2844
49956
19434
1994
979
53105
7545
54953
23008
26367
21233
17142
44062
25432
22466
19953
4877
12276
20483
19090
24
71703
2370
24241
35840
11205
30845
2698
15494
4235
13449
4165
18273
32903
1765
36824
19199
5698
2056
11665
862
24491
35114
35458
22693
7794
55997
54169
10921
47894
32156
21253
15188
60084
14293
57536
16902
1221
32183
3173
9346
41997
5852
10917
3422
54269
6753
13560
24259
4960
22269
35005
20030
23352
19825
37728
43725
46975
17354
6902
12
12066
5446
41542
2458
15447
13528
33546
25318
3577
46770
40510
1
1717
795
11346
69629
45249
16408
17786
2696
48672
16954
26353
5459
38944
31841
19466
8998
49125
11294
4601
23185
1085
12317
4231
31221
14263
7850
3940
10608
5000
14489
54144
38191
7206
2031
51595
27178
30977
13773
23194
18507
74359
46689
46043
30989
24305
66342
43510
2108
16001
750
5035
48317
12791
29431
4226
6668
25617
6587
18636
8609
54699
30440
51527
26317
1340
12187
1349
23732
27632
25795
4660
56271
12633
4362
21409
29100
31874
65933
1369
2453
1247
35630
12
2560
29500
7078
56246
12802
17391
24281
4096
20351
13415
3735
20566
13967
639
42642
25407
4468
68691
17979
3943
27685
61499
6349
3718
17046
6655
33330
21584
8226
10159
6769
5922
10493
22797
12846
5940
31309
32802
40292
22052
10846
37149
38888
30397
3358
1597
32123
8410
5338
11721
39290
1813
28765
3322
9869
17838
18764
6622
10246
7230
38306
41615
52815
40213
1859
12191
8166
5249
4915
2
38660
1911
6245
11231
16535
174
4182
17059
13
6559
4454
39464
10723
68357
2359
30558
6577
1595
21497
28466
11547
30239
57162
24196
2421
3733
31150
13153
64155
12024
12605
18663
6446
12423
27592
11225
25588
20985
20163
42622
5830
10572
29776
2840
13950
13781
3103
25761
7080
17974
2538
3380
1729
2743
12683
27123
16610
63199
26819
11410
5865
22088
27078
50532
4506
4001
48171
1464
11394
2689
56482
15144
45622
38534
16
20697
6960
16693
19652
19988
2682
28133
28109
1950
44492
5502
29094
4960
609
45887
8785
15373
18132
4994
28657
4243
15550
1944
6625
1155
1751
380
20984
4692
18387
4664
5860
44077
36856
198
22433
8886
23322
1124
28440
13578
1
19865
28285
16
19768
1513
778
6125
43497
1341
13214
36069
44938
18713
57568
39703
8023
42434
5727
3690
39966
13940
2736
5686
1890
2638
80
11655
3309
7414
8709
23287
25834
808
9454
25658
5110
11295
51780
16807
5345
5266
1878
10297
12021
17842
20788
14739
14673
13916
20090
39621
25380
6372
8544
51522
3727
16988
187
24542
15838
7212
9696
9940
28397
18820
15774
3747
12631
6666
2489
3374
40915
4384
10098
19606
22879
8614
49577
30339
15069
59316
5952
55124
2476
1797
21154
16188
1165
5644
10294
24712
49333
28495
15265
42738
409
11912
3582
53315
38181
2887
18277
12
73319
25170
1669
15371
69053
46709
2220
18388
60856
11002
10221
2672
49925
1921
20383
44740
3639
11612
23083
3876
17502
35208
25089
3705
29290
3213
7080
11842
25105
23535
1270
17614
31582
12475
27747
15809
24788
7855
6710
1664
1633
6637
31157
21264
14089
7546
40829
19424
56056
15751
70306
19790
34591
11664
1406
1507
8241
11951
5386
53047
31021
3775
39011
16247
51716
2161
1
74352
20713
54085
5589
63403
30058
13380
39338
10855
6430
15775
1576
24135
30380
21912
17040
34060
37068
42649
18472
21793
64656
29334
5856
20608
23743
926
10415
37652
36834
896
8475
32454
29322
20422
9884
28526
10260
61155
12616
33985
3
1204
40404
7641
66996
6222
7068
5369
3415
6364
11024
117
39657
39666
6017
4757
7547
45930
19973
2493
963
10869
34075
15319
34229
41379
810
27701
41914
3902
28724
1669
50513
8251
48947
3499
11436
4919
8511
23179
1542
17221
7870
29966
28875
19395
547
1432
9386
22938
11466
4
43024
1822
2726
11759
8006
18707
25796
9199
44419
23977
592
2794
23123
21137
49175
15270
39451
18596
13871
42362
40692
3976
7177
1994
19426
45379
7800
15938
7457
6816
8097
26207
20247
8167
7034
35856
1104
76059
54493
21881
17548
51011
6105
23723
25288
25394
4013
36112
10263
452
3623
5724
9658
33303
3680
38345
49709
14172
3433
6412
68209
8069
2802
3526
16638
69488
8611
34686
30418
7311
1880
64885
49286
14004
6842
31001
10690
20605
32021
1073
1964
13713
26096
5349
30568
41551
10054
24258
25244
11252
716
38143
326
25880
12029
9570
2738
2730
25417
32463
3064
8259
1622
24911
21089
56166
40230
22506
12745
16062
47972
59859
17188
8059
29525
67446
22675
21758
55447
12061
55814
40885
5030
3401
6497
1819
3075
6457
29877
26562
65434
21319
19158
1999
15869
5307
7036
3383
46520
5616
46456
24481
5325
29733
34331
26733
19096
75975
9717
2764
12887
25588
21445
47726
7302
7311
2905
11002
6238
6855
6085
7894
16050
13878
12007
19496
25248
66909
4745
7049
22857
15438
12629
1740
29553
9481
7869
273
14901
39125
57598
48362
38473
4210
52543
12121
28307
18832
2892
2065
23991
7366
8513
9622
10459
51559
3977
28033
4929
3184
1112
43689
11576
26322
25282
1497
12433
18212
5107
23213
3617
21016
1704
7975
7350
2340
7276
247
36221
12363
7069
1501
29461
1148
26912
19409
538
15688
552
7070
13049
6194
11356
6161
18881
41395
819
27937
4310
14838
49518
390
9803
41317
24588
65069
14013
2694
1242
11588
45623
38763
44001
61757
4443
11113
12645
11182
43127
12550
410
2450
49401
1471
32065
2509
5797
2971
4868
11050
5963
6577
31612
8631
1209
68272
439
8757
24948
8375
12026
13820
8504
20257
7270
34627
4579
19347
21585
255
21429
25252
10745
1853
511
3646
22136
3115
35948
2159
52283
402
49089
554
2564
10558
32503
52561
30161
18656
5403
48995
24724
4970
1928
5634
20683
30389
47115
53469
3597
53600
19069
14711
1225
8367
1176
1570
6145
3233
32899
51055
3456
8933
21418
7509
8516
3284
32163
430
29768
36208
45949
3661
16663
3188
1616
42890
9838
992
65181
716
43495
10114
16580
632
643
22425
29775
25804
540
8972
22326
13140
6407
11716
24193
8118
2952
30317
11354
25974
14116
4068
7754
15354
56066
7012
42850
34430
3603
1
11496
6847
12771
9031
66298
13938
27083
29074
12589
24842
10671
48609
1513
17656
13339
24426
27586
18272
14258
11212
2377
3855
37456
35344
36364
58435
1869
5443
32407
13493
19289
49480
10703
9937
5070
7250
28325
3559
6349
64660
15684
2409
16215
57001
36698
10501
13159
1912
57491
10762
18734
3362
23660
12903
17971
36809
33314
14607
21001
5533
984
11640
8569
53525
17282
834
2696
854
794
69176
47577
15044
542
18054
35816
3115
14865
186
34987
37622
5141
66570
1567
2030
46371
48511
29596
8994
10844
30464
9472
56254
6950
6270
25911
39779
16843
19032
48858
13493
356
12406
57113
8129
11439
41423
945
1960
5108
14131
30479
9469
2475
24432
25392
16101
35793
6749
18986
16621
6925
77272
40531
33170
29945
47842
43640
21234
20454
19272
22739
15004
3896
24768
29778
15348
32459
43357
53534
7918
11042
19174
33
16185
3117
2876
38252
48934
42411
16324
12034
13775
21088
60460
37252
20941
42367
26382
12820
689
3314
26010
5775
9407
5024
7737
31965
44718
11912
37294
9480
17689
5192
58213
16377
14651
19282
19859
13611
1449
3530
12268
8492
58078
31389
30423
1746
17902
66740
13091
24473
23147
7446
29821
1754
863
11946
5952
13807
58310
38651
16732
2428
43635
4275
44780
18700
20647
3198
12524
27226
28964
25109
5007
25657
3013
27685
14842
43407
34012
17171
7499
16800
7681
44887
23602
51260
1171
6169
17449
23621
37053
39071
1884
11351
2244
9265
2095
19910
214
34439
27998
10238
698
9170
37822
16464
3206
22974
17778
38920
78862
3837
20814
16037
2
6440
17175
1
12155
7656
7864
3344
39258
28826
21581
20776
12875
38347
39366
21243
42401
28540
6558
4266
2539
8889
11222
19917
23056
13754
1753
26777
9997
14409
19377
11714
742
9933
11662
3854
24702
17944
48756
10448
6366
8952
1174
4126
2899
7576
16568
18482
56193
52575
22910
3733
13908
1791
3285
579
9820
6684
48766
6088
19880
44917
17986
29105
36037
5292
1139
3820
14338
31341
46690
33141
10394
1269
13459
7759
12283
65710
4233
34200
27719
2416
14607
1769
36590
48956
21771
14110
41109
29740
44229
65857
4396
1298
263
16918
11143
1534
16119
8244
23276
36871
1623
49503
11413
3842
30622
5923
5896
819
42865
2340
1061
19578
18515
7115
42176
19148
4
32947
4886
9058
1565
1300
25439
57646
45674
11945
16718
39796
29972
920
62834
8879
1013
64376
4773
15218
17968
20408
40039
9326
636
21005
11211
2292
2418
35894
352
12499
1515
4121
64310
16101
1577
43157
62809
18438
8109
14576
30839
27125
136
4413
24642
8036
22659
6493
45128
51636
8345
45276
23882
2064
48497
35694
31148
1
18187
513
2437
6457
2838
53420
2905
18114
1440
23660
16890
4371
30121
184
34388
11916
32547
48570
33679
26237
14468
19929
13510
4778
58754
5552
67641
2521
8057
26424
38001
4254
8191
36564
28250
35602
9752
65654
5934
26547
28285
7861
15881
6142
541
1728
15590
15311
2200
9444
1
30548
18866
12365
27970
41425
21637
16250
15509
3553
6083
38727
807
8252
29358
675
1144
6887
46194
5159
54459
31289
2593
5496
32735
3528
24617
39011
25459
50708
16513
10236
23525
6597
18328
35318
27500
2332
14475
29496
7198
23251
31905
16767
7528
32274
8283
4179
23493
52449
9306
2750
17341
17063
14016
29077
3561
18986
45217
10300
4669
1
48244
4819
58645
5
12011
7037
30635
837
2763
4047
110
40353
14061
6198
667
9138
17146
8244
5425
6565
39321
5872
12898
55869
1776
18192
35441
15956
9258
489
3960
375
11014
30463
16599
9764
28787
26262
5431
54035
49188
3825
47348
41335
10847
5147
44300
10886
21333
12602
32769
7290
3796
52742
24010
1758
1328
34368
20910
4442
3517
21336
46608
3682
16899
39845
37138
15639
72489
9937
4287
1475
19818
15366
15137
6793
2678
12105
9560
2796
4382
3085
42058
32901
1710
5265
42881
5961
8553
6231
15124
695
9443
16874
1433
10241
5879
15466
35580
45359
9740
4179
45850
29957
2688
27158
15054
13199
1505
38184
9232
9523
554
12465
48776
30679
3558
3379
2377
26
13616
1116
7901
15976
31520
12929
1439
2165
22909
49119
5500
12893
18806
289
47160
31007
46372
21745
9237
12830
417
6485
27995
9268
42061
15532
26381
1475
2345
7309
416
3671
7713
15654
1637
8414
1
3660
24880
3959
38019
3848
27351
11998
38219
6489
8558
29992
7370
3516
22131
14625
13586
5060
18288
2451
30418
16050
62161
15213
8650
24861
5273
6330
18654
12621
6341
10289
6388
21730
62485
830
27738
9022
590
14661
7310
50259
19886
62908
42094
27501
736
4725
22395
5911
23173
26076
38107
1655
37441
36828
8341
31727
33087
23950
19629
679
7639
13280
7961
72732
1108
6094
16740
1
24751
3071
6903
46246
13787
2264
48286
53648
4619
21151
14689
17578
23771
708
19661
23939
39213
3193
23577
6744
610
30771
39394
31392
154
432
16947
3927
16366
16610
8291
4338
32588
454
3690
52135
4648
10305
59444
25817
17572
10112
31042
46472
25373
29992
5689
4806
6385
2987
21117
2923
3385
35170
26852
33441
23880
10117
18822
12647
35912
28271
17019
16007
20802
1837
18605
34932
6
2546
33095
42445
22514
21504
61040
29659
64006
22975
7038
88
5997
14042
48182
26614
32284
15409
13106
3669
14027
19556
25559
25049
20089
7372
7504
40335
1434
8514
8609
363
25284
20455
2518
32674
18678
49212
6411
44978
72292
381
33485
54361
17258
24280
11689
40334
9291
226
70466
7094
4484
43219
7675
3633
1189
30545
395
5400
15870
299
52690
13268
1461
6266
49417
36514
29071
10323
680
24622
9845
31146
53618
22625
38692
19023
8321
38974
7374
2821
3093
5584
21425
21559
18063
17502
11943
5898
34237
2982
40595
35564
595
6897
1890
12014
18653
72670
15951
70045
14478
31891
22631
2828
39634
46882
39603
54274
21729
3436
583
22394
6636
26192
20035
43732
39113
18690
5773
11689
40233
12175
17440
392
31407
8041
638
1268
34780
25223
11592
22346
65160
51933
658
10700
35622
12101
5
8120
2302
10408
31500
25227
14144
1168
12592
38740
641
11631
1765
41
23942
23055
56124
5
24993
17025
7073
774
8558
9076
13554
2318
11620
6254
14346
329
35254
41180
2579
24389
6612
18959
3696
21359
3791
25638
25838
29363
20830
68686
53944
20298
4247
190
652
69992
6689
73507
1584
259
4984
5745
36453
22153
20737
2181
15025
2249
11053
10142
7972
3561
26089
43270
10335
32260
15533
8
3921
28838
444
15458
43472
7343
460
50917
18819
25678
11079
1057
38428
72656
18358
3018
9472
12867
9487
44522
7217
29881
74291
15396
23099
38692
24326
21094
59752
28932
62023
35665
52087
18382
1794
3815
1
1306
25419
2877
52873
3939
5810
672
1243
32094
1010
27129
15442
83
16368
16052
4942
534
20636
2605
7235
12200
3
28329
35904
34175
39019
5623
14542
22216
10944
2372
46343
2618
3042
18549
1575
4344
37049
972
1362
44756
164
8446
30383
20390
45818
39098
38456
1780
51658
5267
1906
57751
42172
331
5696
56841
31820
2565
8260
18161
16375
31362
21747
43520
18827
11510
21534
11840
16143
2050
26369
11461
39695
9365
36833
21637
9821
27722
15291
43357
7815
8477
4879
20148
51324
3129
26442
7460
1050
3972
2829
8402
38904
12508
13701
30312
893
3601
13632
40100
31117
35972
6419
17684
42102
6868
25001
13175
909
4910
36671
242
1905
13713
2745
4041
40225
13258
5390
952
27497
523
22811
18818
7535
12052
65818
11055
1832
11322
1107
40835
16900
30618
46811
49316
54773
3155
47011
27608
9531
2222
432
26479
8989
39302
20125
13137
1901
32987
32806
9567
34797
5839
23622
19721
134
17690
23070
22983
6932
18017
9169
13389
4566
27173
11592
10173
7246
41663
1197
1388
5565
27177
39072
39919
1545
60854
25138
10615
7057
18610
22838
52
35636
2362
21638
11825
32630
32146
67382
8292
26931
13213
17923
12939
7878
4088
26153
2956
4713
1752
2991
3112
5566
6139
6590
16423
39705
7297
4189
20184
9358
16190
17468
19385
8810
3645
19485
7088
6484
7766
8525
51586
317
7267
2749
47032
12998
3
1128
17566
29362
50346
54931
19695
40568
43037
1205
713
23130
42620
52008
19950
55625
38161
16416
12135
16193
3933
26053
24311
19835
12738
12912
39284
3868
4693
21209
53868
213
36896
1910
27198
26096
4734
25245
16826
13131
40115
54215
1900
3862
9812
20295
35630
3127
2108
2691
8519
16089
25716
32491
13093
8127
21860
14064
647
3044
8388
246
5552
22029
66138
33730
36366
544
30271
5468
30717
33312
9550
526
8212
44030
32884
22447
19205
17207
10852
16819
23524
14053
26267
12325
50113
3330
21125
38863
42949
12223
806
7568
5454
34541
24737
27765
822
32133
5218
645
64925
8323
5132
12690
6023
1359
33001
1336
40987
17066
9299
6314
2775
19823
21794
4933
14397
1
9066
469
1446
55694
1869
5122
43920
33420
33414
959
41074
47525
924
61576
50827
5059
34296
15489
15724
4006
51990
37315
4840
2622
33641
33320
3
40054
1492
1
9412
7726
15898
18487
2211
6999
17226
3054
187
6863
8173
4501
26937
3533
1970
59909
37258
22678
2502
40910
23507
40865
28824
5392
5268
3428
12353
27730
8898
22150
32030
18731
1802
22277
43935
23850
25773
3031
46712
28503
49437
41126
14034
14143
9653
2052
4975
1513
288
13330
18308
1991
2060
48677
20993
5995
23664
26359
6429
1906
15225
15131
16884
29627
4213
14875
6036
14393
1450
14401
7772
32261
80080
68085
549
874
959
9386
25426
24137
30454
18470
51062
41085
8180
2171
16047
1018
13476
18433
51630
37979
15932
25570
28528
24002
23391
12614
2629
4863
3001
1413
7059
37196
5717
1322
32706
1510
57829
447
13373
24670
6466
5599
19954
4173
47423
39628
27138
136
30112
2098
1
55790
1367
12482
18208
7764
9961
34439
40224
60366
19567
37161
36907
3385
7157
10866
22585
71900
9210
64983
6468
24452
4995
24948
6579
25392
42050
8866
21404
3358
8228
4316
8475
11873
91
6918
4376
49638
9036
227
57609
32299
4106
36050
31622
8420
31974
23850
20244
33909
2369
22304
16122
23039
3599
4784
44721
2719
9
48910
17213
54019
56152
35741
3874
1693
1856
5556
1495
53028
2166
17723
25054
11973
2666
14952
36397
12031
4968
12264
19694
16838
30537
4420
16881
21434
4746
5218
5863
1351
7966
35371
6130
10639
6987
7600
1152
22337
1112
7470
15668
3393
28574
7701
54158
42931
6027
227
19360
14117
2169
31219
2935
8450
32278
44005
25290
2924
13700
8083
30212
40709
270
25125
69916
8395
34773
26784
45118
44240
20488
30730
7537
31878
2
12487
2598
4273
14738
25596
11106
13400
4960
5696
36534
57247
48943
8990
14191
4532
28364
10404
18379
9825
4934
10929
50745
4426
1348
8305
9864
20545
6887
36867
15977
28602
4110
48664
4594
28303
34194
4713
44295
13057
23767
30922
1030
2489
20123
19460
18961
7867
19766
1927
6256
3582
6783
557
23108
33956
32442
10472
19835
487
11106
11117
53819
22368
23935
6261
39248
36005
4762
9805
16187
20277
48934
2690
16704
28126
25242
2281
15163
26926
1309
1097
9187
3570
38660
2425
6834
3186
13887
50505
44141
61729
40430
10265
24087
35886
3801
3851
9755
24827
14470
573
20963
5516
45147
11982
3683
42742
26755
3824
61109
27148
5469
21553
31870
7111
1477
19010
11531
11725
51160
4346
20405
30850
9047
15221
23387
9950
27229
5288
15524
48538
7203
26516
3163
8599
8068
19246
9586
18721
6613
35926
24316
1249
11484
69907
54132
16992
51149
37724
1037
41169
13776
42773
20660
5755
7282
75639
7946
13594
9572
2239
6668
26458
34584
73515
11509
51298
4467
16280
641
42695
394
12281
6706
1
21593
2444
23553
37690
7207
27195
17252
21429
19363
1
14298
1379
35003
2533
7656
9193
600
55730
2720
1
42242
8461
7200
34473
41393
43382
19785
28770
18562
673
50073
15125
29477
44789
5641
248
17640
603
22988
14010
28582
32566
3097
6189
8116
967
6230
21716
21220
244
33168
64142
25556
8150
38961
35120
25703
54818
18656
56671
3264
3
2435
32257
27056
65899
2140
7214
24088
14023
998
25886
2706
6119
32422
24781
13842
25252
66211
4
19323
28072
46178
8995
6698
49565
11617
26674
32336
21395
18115
28269
24948
2996
30538
4792
25037
10059
2056
73590
38617
29677
19621
40664
3319
4935
7010
26375
19500
14313
8859
12027
44231
66275
4802
3101
24934
9833
6866
22083
5110
7849
32694
838
24640
2342
23120
99
19927
18567
3510
59347
27582
4991
42372
64190
25026
4262
17894
3034
25031
35573
31150
17006
517
12515
1187
7218
2817
12523
57109
10539
749
7649
680
16227
10571
55894
501
15364
22046
8208
32330
68564
3437
2410
32509
49687
41986
3388
13785
12855
6353
2652
18931
9071
32392
53930
8732
54818
8924
52756
4273
29971
45157
30287
5142
23769
42556
25689
17548
21400
2902
6658
36205
55684
1622
68
20237
16268
7667
16421
5698
8524
2538
4391
6545
10999
36292
22200
325
872
2264
4224
2762
1016
34631
18653
7412
20996
842
2334
59913
56057
8073
5890
18324
2387
30067
1352
11154
258
12931
12437
52607
5009
31920
17638
57881
10444
24752
18002
24102
39924
5719
17764
58409
13343
41613
15658
11366
4179
19369
10272
3713
9394
13161
9909
1
75529
1403
23485
40
27697
7287
19889
2793
11458
4560
10725
44902
8848
37391
24519
8097
14958
19548
44599
40252
54354
11917
7071
1848
4865
8636
37027
9530
21866
7276
5355
13768
3349
748
27387
39952
74237
9167
16953
27493
840
44225
39390
46077
7
25182
35761
10138
16010
12695
17442
18526
5479
35605
12534
5237
617
13192
2040
691
33
15770
20892
29121
29144
28098
11115
15045
12085
1312
53848
1224
853
37075
45385
3459
40782
3551
10348
423
16962
26110
68925
43227
21968
32294
2422
44761
885
30937
15035
48862
23758
1952
3980
22241
59660
24434
10200
3079
60863
20506
3711
10662
16898
17597
49338
39885
52624
7298
14807
29753
42828
14565
31338
8875
55296
25478
4938
21663
12587
27114
13796
45445
37034
24826
35555
9331
4326
2052
16817
21391
6518
18280
15449
6570
21894
24106
6398
9090
18042
22586
7187
31479
38333
38501
28952
13510
53601
9653
36565
11738
64088
2252
4649
22173
4722
26606
42892
11132
58990
28728
39510
6584
28033
34888
9777
16262
14034
52998
1443
25563
2452
21150
42967
28087
22213
43111
1594
997
65247
1604
5513
27480
13278
11788
37150
21213
38611
2541
18082
3430
678
401
567
70596
3915
13593
37121
10124
30601
364
14203
29912
58193
3810
62150
748
2678
6910
61572
14041
5136
11201
28812
12126
5480
5530
40318
10560
18417
22240
9242
1
12738
6782
29260
916
23224
10490
52765
76508
20204
6291
44069
2123
17786
21193
35609
22580
6606
30992
18366
22775
33684
33429
48742
858
22840
35826
612
188
4291
27088
43957
25367
30358
28130
4229
14873
205
18211
797
30324
6800
29376
2972
18021
3958
17698
39295
2607
30480
19906
20072
7695
33702
17635
3608
15001
12369
13669
2184
72587
8409
13625
38321
4497
8089
15929
3095
25408
303
34569
33449
317
48481
25410
3980
17730
2100
12173
18743
11853
30457
32731
20363
419
10111
54403
15573
24098
23573
24255
48647
7538
2608
13529
9604
6701
14365
48593
15513
48477
14174
30237
14576
16785
59394
1896
10890
5
7170
14727
7506
36973
9483
27217
47828
21106
9227
74861
32342
26592
19774
23076
237
6899
52247
38518
20327
34201
30022
3046
71816
7799
21096
24865
2720
3785
27053
3984
6137
4215
1578
17936
2755
45093
1222
21830
14501
3865
2113
29318
6981
23397
62545
32346
5510
20035
51363
5924
14048
14826
15682
11328
5813
42528
13303
3408
8197
8405
9841
41092
520
6621
22018
7406
7705
39702
24042
495
5242
23666
3726
11653
69125
52644
1525
20324
5624
522
39709
4774
2639
7034
13986
50351
33891
3718
3379
41309
68776
28130
13546
3780
2005
2757
7721
858
21441
14969
30818
5343
65860
24839
10570
16388
10847
5093
56067
7574
4999
36405
7458
13207
1309
35276
12991
350
584
45856
7918
26555
9475
860
35512
1951
2921
40794
14368
31830
1688
5520
1010
49838
3217
6097
6208
45916
24274
8721
22977
34640
5852
14184
23927
44023
38660
29636
16727
20158
21045
21548
10782
24888
5881
967
17857
20901
13178
29123
7559
28648
10903
19501
20961
46886
6717
61500
5934
8336
2629
3138
2298
7332
398
43360
27487
16616
65188
30850
3355
2093
30503
804
2645
2411
2901
4185
14646
8625
278
13
2279
10922
10901
19952
59783
7838
906
29317
71510
29897
5421
51452
11
381
33961
11344
52096
2185
7991
67698
7898
28929
1092
24729
18477
1667
49498
29257
36716
28448
12990
24456
38371
11239
6562
23095
40667
18494
66227
52790
18547
47235
6751
5483
345
30756
3885
10474
22211
1629
15282
60526
780
10289
6037
17552
10308
17179
9112
1078
27265
23270
42859
27419
20349
9286
10479
44256
19731
11713
66952
15712
42356
2979
49560
402
41138
1911
22282
36462
7669
1541
14982
32196
5005
11871
3745
7006
23098
418
66448
1618
6550
21529
43925
5118
36569
17064
67007
12767
7
13650
26778
1
4303
1057
25391
586
12905
62705
1507
29553
20149
4900
23293
746
6217
23486
59538
14533
9843
39972
935
23175
3510
18090
21422
1097
58083
2461
27237
4461
7776
41326
8737
46223
11180
7786
5815
1021
16757
34116
16895
33998
3679
14911
14816
29588
18338
3494
33507
1925
34744
18250
5359
4189
4281
57840
12481
8433
49593
21560
18930
11228
16143
2580
45555
2
8177
34581
23865
35863
63557
10063
7797
1335
5936
44156
8000
13345
37139
2000
25421
14512
44325
13909
67975
6051
64266
11146
1103
11500
1387
12034
2548
13694
492
2491
31428
1864
57115
23615
20515
728
38825
7527
49833
2001
10074
1980
34319
3149
942
34
29422
27544
11353
3320
13461
24627
19297
12488
58291
34069
7693
46821
37541
14570
4984
7460
6323
45852
53785
479
36311
11529
46993
16631
46120
52278
4024
27119
3916
1371
17737
4717
53690
14600
2295
31272
48303
13106
4707
14914
4559
15650
16913
17440
5397
2628
880
2493
12831
31435
69703
10773
13835
20385
35782
51446
9401
65591
41708
48977
10966
1572
16160
929
12102
12733
5856
57010
5356
29021
17454
64115
22674
14471
43531
25931
31225
58774
241
7492
28051
10535
3963
7508
15998
10869
2963
37426
69981
58074
45205
8866
9272
35108
12874
10941
940
24577
1
253
26767
37089
12339
26014
8
18413
3537
11362
11129
6142
2164
1719
15684
20239
38166
6149
16861
2200
1292
10548
10931
1930
26704
28634
2651
40048
33164
39994
25902
3394
8566
48189
34954
18804
909
314
1149
5872
22657
16153
14148
11587
53484
43483
1924
9917
26469
1794
40212
67613
7827
6111
21515
26509
45698
1189
9569
3024
15031
49352
1153
35833
10811
64940
5434
30847
858
1048
55698
7201
25258
36443
11253
1682
27882
32002
73552
21147
6195
7949
57174
24613
2240
19914
33663
3976
37143
1947
23806
1636
19966
6682
20161
31825
12416
59885
15545
19331
21248
34967
23017
13095
27531
62040
2707
3
4100
5240
37035
43238
1495
4314
37281
18415
1562
13364
27990
25252
42818
19132
45980
16910
34219
54309
11677
5016
28228
2628
45723
17726
29966
35970
50304
4836
7276
28921
33673
9310
4715
8878
33972
28408
5878
6764
37630
70658
2765
339
1245
2073
28494
5526
1514
29575
13644
1
33145
15759
6091
28719
35151
29271
3647
22561
59614
37822
1535
12645
16840
36036
37364
4
16641
950
1948
6757
7138
41747
24391
57546
13590
41106
4149
8415
7640
20738
26610
185
13391
47054
1972
5616
1101
58748
25422
4518
31990
3238
33090
3316
45735
30691
25459
889
3744
10679
17883
2140
30918
34558
5361
16081
875
23053
5299
11549
60037
38787
7245
5070
3739
3
13617
5890
3
71629
14385
18291
29349
4353
9433
21078
13741
31698
6153
26706
1673
11378
61963
18201
17159
7353
52962
15889
35206
7869
11204
7172
3073
3398
56509
8719
12899
23522
5593
29022
20431
21698
5873
6718
23123
12199
2003
27742
1338
39753
6074
40396
25443
45912
649
52737
24911
20366
52595
24235
21628
17801
15733
13273
35408
25962
61291
12642
3962
13436
531
30423
61101
22036
33536
25085
4875
13472
19816
6301
19261
44873
40107
27969
18
18975
18605
21198
5814
884
16385
69948
1308
15710
11801
54335
11340
13682
25232
16177
6429
19991
39058
4673
17901
3460
28209
9982
55471
52235
966
5053
21356
7832
35134
25115
3820
12866
36217
571
4392
19010
23032
3764
21625
51526
70958
58264
3841
350
29520
24566
7544
34773
2
37927
17825
918
1352
23596
40862
51789
1076
3994
29315
61616
47169
8019
16091
37169
19354
77805
3211
40258
7201
30586
1742
15799
5195
14316
11519
28584
39268
32455
3950
19127
40518
9840
4711
21155
22121
20048
2470
15716
75283
54735
23941
17446
20138
24429
16632
38741
24657
18277
41366
54849
14693
12937
42928
3170
11265
15
15723
7650
15278
7294
29198
5099
29449
27088
493
16128
23514
29388
42867
2428
46865
45988
36414
1815
10245
24746
43001
17789
22468
34254
1476
11138
25313
8126
38056
29016
32940
6187
34199
6702
15831
1690
12230
2367
43663
4478
7427
13792
1802
64904
3649
14532
8891
22010
38393
28544
808
6160
39200
28724
3322
6508
7951
776
4109
2521
15247
11322
59827
51805
11897
9298
3
25802
9945
9030
17336
45239
1520
17240
28710
26360
37364
47742
61490
43644
11951
8319
46639
1380
14023
25457
4571
21278
11201
13718
8305
19289
61992
23115
22225
12700
7507
18389
11108
20019
29600
2761
2998
295
550
39805
2237
9413
52964
8281
31981
3572
10967
53938
5711
12828
2211
11323
21667
907
32067
23220
16183
22140
20015
5925
41503
24895
17182
30308
26251
6419
16193
23808
60
34573
14322
6374
468
54974
14238
31390
31773
40
62558
38954
3137
23708
4747
15031
5583
4080
15588
11916
32872
307
23026
31220
15362
44507
11421
14560
24489
2024
5678
8141
12396
17963
15045
4022
47586
5897
2484
31944
2219
31052
36518
2924
1
1354
9181
4029
48466
43116
51246
2758
566
64864
11300
22688
339
20047
25928
969
6202
12335
9658
2517
51163
15731
10034
6293
12371
8435
18326
23852
1683
21349
410
23595
27641
10111
10984
27198
34966
8254
2773
30483
20141
5411
9931
9433
5151
44205
996
3525
17953
1434
8630
23577
7780
1
23749
1268
33518
9425
65897
7802
7595
441
2907
10165
922
35428
27568
49902
6785
1594
63095
34727
43095
49529
49887
9542
35452
7392
9774
16695
24934
54629
44859
23781
2977
6941
21332
50159
44763
6883
24132
9033
36874
8312
6796
17224
63145
36572
51824
16734
8134
5885
12894
12605
49991
28313
22011
1429
1
24820
3721
2397
24560
8485
39876
27413
19658
14354
27983
7973
4838
24673
22943
8827
16928
14593
7259
12445
4773
16431
67893
22843
17625
5135
9452
5207
2845
1510
5072
38371
4146
812
27874
15576
61432
5500
2804
11373
36357
3576
15591
31965
35285
4793
3956
57330
48722
16156
48943
3313
17983
18519
7629
20166
17654
51909
23112
1
627
30269
5373
6981
13193
7694
37926
54762
13633
44672
34644
52917
20277
28905
9518
23212
53145
48847
3417
40825
71818
40115
27004
743
51762
31843
1476
26940
19131
27174
5807
35883
6415
36927
7909
20699
7019
2471
1462
6491
63072
676
2526
8562
8667
32262
39365
17733
38071
19551
31481
5631
54978
48701
21413
35195
19915
67417
25083
16691
65755
29363
15732
7113
34665
39744
11966
38953
6704
3783
43389
65768
35165
801
18816
6172
49121
17384
34177
26325
31499
29659
7784
28387
22019
41308
43181
20448
6883
5363
6384
1572
60794
2778
47789
11094
2349
35758
28511
22865
980
9075
4233
13296
29183
36650
21085
3
13454
32154
17776
1186
51744
668
14185
12671
16691
30890
3885
10555
12672
22043
7427
66963
20346
65753
16760
10426
21062
27097
4039
249
38930
18368
4095
2074
18801
1594
4413
19210
36711
10380
23014
25765
30906
4910
3592
2589
23580
7023
1343
36971
32780
8006
16163
4215
14020
25425
363
8531
1228
76939
71298
11452
19574
16245
2918
47303
33427
32217
7233
25124
15435
8041
11980
10373
30872
10507
3096
1109
6844
2756
41335
15752
28549
1114
22187
3912
15539
22655
12881
35836
61068
44524
16076
28145
37849
26159
22920
9833
26769
1676
19146
7871
17503
12359
5354
27640
2231
21855
61011
47452
23481
9621
81
36412
51429
24063
3554
22518
3455
10909
57924
28829
11936
41512
30322
21140
10789
33492
12739
32004
2453
40122
12880
40415
7095
46292
56943
56620
34737
13539
1474
38
12470
24667
215
3136
58200
55495
2
17311
23110
405
36450
2455
53
15886
782
2086
10796
6204
48605
1309
20025
36634
36060
65434
14778
46173
79716
18440
652
5747
53205
9904
42470
22436
18358
854
9469
22041
18576
41581
541
29659
17323
54228
28494
37141
54914
6233
57406
44055
76
42948
22724
6440
17353
16453
46204
44047
2827
35759
52354
580
7483
6021
51369
3945
24150
21040
3753
34468
4333
27365
4808
6568
60306
47499
7595
8605
22783
9740
19945
4534
9252
9097
17406
4991
36125
15287
45320
45143
4092
16358
15892
22213
44103
27936
5185
10058
40
25742
2390
9964
418
60256
2263
30347
42747
11832
17846
36907
1014
18126
13101
1
20895
47437
3342
40720
40348
42040
15934
13484
19240
12121
54689
16355
16561
1417
33960
57262
56406
25838
22184
1541
2697
6351
36038
3214
26380
673
2
65484
2023
45585
42682
13243
4607
3208
1062
4218
7952
36594
5521
25032
30681
57178
32096
62322
29208
2634
53108
18907
499
8287
16148
12739
5529
30826
37611
53151
3337
29051
16887
30763
8693
25872
30920
1723
2343
44507
27572
10123
22934
53329
27632
23792
10869
2085
7037
2345
29813
2567
25961
37
520
20234
45358
32222
11251
7440
35441
3991
21946
20779
20036
34997
47443
45971
5292
5286
17313
35096
12803
36501
19620
67724
12373
630
39376
65899
11327
15768
22987
3912
13895
28795
21008
11453
8958
2362
31137
42141
22448
30345
52625
29326
27676
2964
33667
6125
66342
8880
2379
26100
4876
42962
21289
11180
12564
64152
9506
47131
6198
46272
6209
13673
6
2009
35822
6150
12511
27779
19689
12519
30467
2910
45175
9103
62061
7383
38118
31886
457
34731
35376
40771
11215
46190
23126
8109
21040
8520
8808
37907
31456
36362
20373
53916
926
44336
52407
20697
13497
42022
10157
2890
5526
2421
43287
54087
14100
9163
6358
7556
37666
8102
373
797
2582
12653
5048
3115
29205
5238
55774
23502
1843
1699
4788
6062
4153
8323
5411
38361
22282
3377
39423
542
2797
1381
40560
1676
43932
31659
30781
11014
22873
16418
43296
6794
4659
38123
55581
37355
17018
12868
41072
64383
5742
21188
661
10087
56226
58691
7343
29658
5475
3083
2224
26378
11185
20587
11825
7090
23438
28964
57251
57788
9616
6151
35968
12588
4439
19080
5159
22866
8801
12596
18911
39483
3750
18326
30039
7846
54067
32386
17387
36839
15059
33638
2594
1844
14237
4730
29838
13766
14095
9575
27728
5335
22360
4473
3312
4107
62353
14278
6103
42227
17151
30900
21385
3214
1
32000
15651
22455
32594
35270
1
22151
9063
12598
14955
6362
291
44398
60270
46174
6510
8759
4858
3803
12244
7426
7859
20893
39868
20187
28023
29360
31993
32453
430
14945
26166
53985
19661
11692
26340
49395
11826
1207
27764
25421
7306
275
1705
14404
16042
1254
41862
5397
2493
10702
30072
7409
40323
7497
35290
8953
33600
39993
16597
69513
31113
3467
4401
67045
13615
28879
3572
12426
26789
58497
26112
2045
20550
16046
236
65764
5581
34570
31716
17846
14449
8372
7685
11871
19181
37482
2798
18039
289
20903
4607
13239
3918
9244
29450
4087
47540
16624
2100
24341
14201
1307
363
24808
1083
7543
28207
41449
58088
7220
2454
11445
56703
3101
21
22095
20190
44940
20397
47532
3047
25585
4111
25452
827
26727
5246
14469
25470
1906
8333
38471
36886
55804
1742
20711
65653
4739
7670
3343
42999
2611
27951
430
1299
854
14624
10848
10535
34400
17614
3438
22667
5406
26932
25766
2877
26360
4513
9688
17958
285
5831
470
28037
4084
16073
34872
7582
11092
30107
7938
17907
6241
5106
41452
26079
13228
23142
12534
1125
27456
23458
32899
30744
18224
12647
19600
24096
30801
8652
25139
40849
2198
6780
15856
3025
25061
1546
19868
8419
8249
8353
28407
12511
12815
9978
41924
7998
5477
7130
15450
4971
22135
4518
20146
4275
28314
28672
40042
5476
7925
8571
5953
2735
61158
29096
6
928
274
46153
38964
14075
14468
408
29572
25752
10574
9525
15227
50848
36026
2492
15256
9150
17300
53718
866
17370
19840
57966
17735
11210
22401
20902
17659
11742
8343
23112
22173
24939
5563
4556
11567
2469
389
15986
40037
1984
2450
56129
51783
27109
43643
34172
39258
2314
46222
7548
1515
16703
33500
19160
4192
60553
11431
2339
36129
17260
5801
9215
5484
47631
3267
2624
4445
4746
5328
27794
36936
407
423
44811
6149
5307
27524
3207
2936
10414
662
5292
714
15404
16125
26736
8785
1463
13567
16964
32350
25159
34328
22710
4244
17619
19015
16756
4551
18202
35393
16324
41657
65897
4809
49049
7108
17
18925
7346
15551
553
24122
15548
28142
35717
7399
55647
8525
55750
12643
281
47615
354
7932
12665
28437
30118
10708
40331
33402
65397
2517
32632
26401
32304
39599
32453
4644
61313
19303
1399
51327
5150
13004
3323
44056
47932
8118
30768
395
2004
10813
888
8298
7188
65358
11095
17046
46997
2049
61110
909
40451
27913
23850
26958
1050
38379
7818
7371
600
4332
8
53765
2191
34958
49886
2451
29658
1832
6700
2909
34638
32298
39640
13819
21791
35988
11239
26323
10810
56295
28125
17137
3122
21692
56830
9969
42419
30343
11375
41890
9771
14125
22895
6282
48754
40999
16988
31527
21354
4026
49207
15270
1364
22802
55748
16618
35392
24131
71092
50048
31529
630
63656
8568
35
7088
27678
3740
10443
25667
44744
3879
17584
41341
904
43306
13354
7812
3721
34358
4890
29612
6873
35680
52481
5829
8522
4933
37576
23614
37681
6988
7823
63239
26134
2016
10269
9818
14453
25509
14196
5164
21043
14772
12550
10320
74760
13590
50042
21506
9797
37120
48741
13848
29054
3364
11922
38025
42777
2404
1831
5168
4684
15576
15185
21692
1545
44998
3787
29438
51262
6678
7920
17710
19399
29577
8927
4217
24904
4633
1238
24525
14982
41480
5235
3808
979
11087
67797
5609
44468
17176
1441
42699
13333
9541
58956
18487
315
10697
7198
41710
15731
52411
20027
9531
2131
891
11285
6304
12451
67893
2418
41672
3909
12557
1159
9529
9787
30567
4839
20702
1390
37955
3420
39834
8467
33260
4590
100
16596
9017
4308
11088
7081
29254
43311
26212
2922
54134
35335
36168
13509
15017
1733
33000
35755
26314
22068
13858
47610
8477
18944
33562
35204
24425
10134
44249
35025
42946
42393
12315
7857
16964
2446
50050
6821
7705
16857
722
3283
36635
8344
1898
67063
2748
40036
17890
17937
57687
12710
47394
25788
34388
34302
6698
6835
1949
18953
11075
6285
38382
62230
53095
18719
16410
8701
31270
39974
48804
23382
6228
16458
12929
23678
19748
66960
8831
42409
19641
565
8207
4112
12817
47792
3303
28680
6413
22712
9717
30212
13114
4407
26653
5871
9559
19376
52732
62543
18970
11948
28411
15567
48254
11258
28082
9141
26507
12828
44675
8368
19279
22622
22151
5233
14808
33885
10153
25440
52138
14186
55421
1531
13441
9890
46524
33816
18810
32674
37331
1809
12989
1162
688
13814
16391
2792
1990
1294
12
6809
4487
15290
6289
39294
1685
11075
14241
48057
36011
55224
33432
15629
6167
7044
45776
40242
2870
39762
2267
1948
995
6043
2869
1015
7144
21694
23487
49522
27400
9
3462
1331
3369
19420
26875
9029
24871
20649
7196
1551
14938
70
1588
15196
4002
12453
31358
38618
1057
51810
20057
29917
8120
33548
20680
3151
3418
53857
7340
57993
442
24650
26029
36361
70375
1402
5362
539
11218
8023
9437
27101
886
23028
13049
12326
21118
13339
5773
1982
1247
3571
50525
49769
19370
30774
3995
49653
36641
29712
38881
35664
25365
687
24252
26200
1302
16757
5781
8574
23481
19536
8296
16278
17029
12904
43314
18205
1775
19151
16373
12397
16843
10267
1526
32009
70903
717
3669
610
50351
6722
47266
8711
18461
20678
453
27367
5724
61869
13112
36749
16342
2050
22034
7532
3731
26993
5228
1776
13874
52450
3598
8387
21210
10887
64174
23629
5839
43907
41373
21380
34003
1211
52494
5177
13842
5704
44939
17604
22089
63429
69821
7963
56935
4081
10936
16026
21107
20696
3472
15859
1609
31259
4990
5104
39401
19111
19439
2958
11374
61289
14327
19773
34467
5842
1452
19840
6585
20296
5133
32192
41224
30727
26765
2292
13432
11431
33228
19105
5785
749
35115
1484
1516
12837
4403
505
37330
50355
3466
10567
38407
38660
3758
2835
108
3307
49042
20836
4368
12272
985
5436
21799
42178
1572
11464
14556
14803
7960
3524
14409
9931
18064
30280
24638
1214
53002
825
21097
8326
13225
208
6
11890
56667
58876
30315
30245
22723
58354
6529
11451
6698
5333
15785
4881
60508
38541
6927
12486
11633
33563
45119
12022
24068
31441
19683
7550
26186
49972
13883
37888
5561
3015
63403
9560
41593
6467
7006
17308
25642
55143
5587
1262
24938
7132
31937
455
515
42011
5134
2466
3407
7838
985
41974
6494
2884
57648
26762
44337
36393
54396
22451
23812
11684
234
33323
21309
4
17778
8538
4974
15392
55281
10920
30092
11847
6867
12736
26439
21176
44368
7178
21821
13140
53165
52919
11805
3208
821
4645
52584
71222
10240
5206
2474
15401
37087
31661
61033
70407
17340
1553
54803
5360
3848
15919
12414
10190
7400
30167
19227
740
10520
2825
41690
7973
3490
23881
21453
4602
49975
25323
29195
64403
54467
5014
4466
39506
35995
43569
33326
30807
31036
16970
1496
30323
27601
41498
2264
5869
33280
7466
8827
14005
11661
25692
2571
21597
3117
17396
25375
23663
22366
6212
4299
3025
10373
1904
1006
12507
7824
3581
71694
2714
15384
19320
38500
17132
19002
33274
62950
8786
5469
1930
5292
14361
1514
58167
46701
17073
52341
1875
15206
4308
19246
46432
36824
24694
11662
8494
64424
14421
4718
56908
1684
11288
850
1179
704
8914
35095
60421
12942
26602
5
50104
47548
30898
26248
3
11
1315
4945
26096
10518
51479
1908
6863
21454
10742
14567
252
33903
14713
15110
41235
8128
8477
776
52430
3311
42753
17825
29051
56738
21602
9171
41733
3138
30798
38530
2419
574
19774
12149
18608
33829
39932
13687
3834
21482
6126
31259
16790
22319
19992
5188
30354
3038
15324
41627
13209
46344
9467
11315
23120
18469
6790
45700
27977
36634
12222
333
4076
7288
1883
2312
39558
53801
57379
36539
27152
12082
9050
9860
201
7384
17666
477
11460
55973
3278
4028
3513
1859
24272
18401
35749
5760
65429
39577
14923
2
860
6436
41298
27445
14576
40022
7758
72765
9307
12826
19663
19466
42432
62569
8501
19118
69926
3203
38874
3114
19501
31183
37486
8877
11764
2935
2590
9515
16384
70159
1307
41023
22795
26033
11698
5598
31956
8924
3153
8388
26572
30954
25719
5242
19951
13832
16118
31841
5591
56774
63742
20631
9518
23318
21247
3
3352
5052
7220
11162
63466
62
14176
3764
69972
1391
11538
8072
28779
6891
1233
10349
62274
22308
42955
22887
21791
16120
10261
1864
42122
48988
4786
2110
46604
39380
7165
17602
27594
18397
15927
15497
2705
46680
4515
21
55558
12034
42431
23602
23360
6052
10727
12724
1458
71432
50168
56046
29523
37701
26811
52181
23786
6572
1269
2101
7002
43119
2919
12994
9386
2648
1071
12731
38308
34627
16621
30314
7211
796
4679
26234
246
33
18081
42045
6716
4983
661
2116
63464
59376
9553
630
62038
2813
1225
51280
16956
1
46333
22576
28251
1266
30649
836
2408
34510
6636
2169
32517
3702
6418
156
13995
23363
47539
6254
37270
5195
5315
48521
8437
52412
14021
43410
3657
514
24868
20097
21727
38580
12223
22092
32312
743
32031
30966
20516
5579
10626
4084
9231
700
6135
38592
19
39931
23040
26158
26252
20765
41244
17
25601
75904
31088
712
6463
3658
17789
15526
1
15654
17794
9742
5510
22344
17184
10873
3026
56249
16747
2232
364
14543
27048
14341
22385
41894
8081
26513
22679
18368
39191
5021
25094
4288
29712
16549
2312
49485
61517
34750
24098
45
18045
24340
16693
40121
10622
51914
2027
9306
14286
17936
4812
18533
16433
26090
10345
17008
4258
9084
48151
24124
1
3720
25778
19550
49488
12321
30504
2588
8087
51930
29560
3625
34213
50578
42076
33895
10577
7442
45107
5470
23685
25597
42080
11390
14138
12172
8426
64109
26181
6459
12566
28738
19402
9088
19514
5376
45804
9186
3424
29000
27148
25943
1967
5672
6962
5332
16849
23918
50693
18533
4561
40261
52928
40146
1434
10720
24729
7843
1771
19810
22780
514
19875
6
18844
30355
13690
16189
23833
59699
1307
60428
1461
4188
2586
40651
755
31079
23380
12273
19460
37632
949
3678
509
2324
15429
2120
4535
1110
52832
18573
1567
33324
12057
22143
20631
45306
50772
8725
20465
28930
1095
11856
29123
16044
20594
46970
29004
55421
2
349
38420
13266
777
438
9146
54512
6
8075
12537
2627
28286
25838
4600
3130
7716
6903
15097
24476
8796
35376
8526
339
49198
20038
38040
17652
1283
1462
14311
63098
2794
598
28124
53611
10807
39442
66930
3686
53819
78
63423
3612
26048
39766
9589
1414
24326
29963
6360
23477
6214
48027
8513
1259
3215
679
29519
9481
340
847
3016
19614
14463
16605
58967
13985
3232
11324
9870
3215
5135
2797
28941
4411
4917
27715
12417
20243
68141
1056
22076
29474
30127
2888
8413
31274
48497
15835
17841
2145
25978
6661
10397
14529
33560
31
13918
29118
427
1693
12544
203
29410
15703
19950
13767
15634
19976
54525
30156
18937
5960
18978
8348
36060
639
18684
26939
19018
907
13329
26067
11827
1701
45716
49525
16882
52666
14058
45404
72380
3996
48351
3007
22771
58325
52197
19434
43439
41569
30145
8660
19088
11455
28828
8493
42925
39929
17852
2526
58918
6609
472
30377
42168
18828
48245
43056
666
21780
19810
15728
30298
3916
26980
54598
3556
17897
27400
74914
11204
2670
36337
33329
9462
2707
3983
17
58271
15306
12121
45513
1692
4495
38306
19821
24626
41730
32874
59556
35659
19005
21388
5178
38718
1604
35996
48800
22370
37238
5195
40266
6327
55092
8272
877
19835
2414
36618
32152
591
10470
3860
1195
3569
38680
13870
20870
22021
46446
4475
72302
12347
39602
9336
26941
7268
11867
23323
28721
46497
5294
46324
10771
63
62837
62165
1603
38151
33218
2068
39751
49293
50784
12097
61300
8270
2647
289
42004
37410
52928
9536
5479
35356
62634
24196
48792
5369
20863
76276
25580
40070
1451
9363
3815
3118
15104
16357
7989
58611
7622
48095
8673
11266
19557
16728
13992
112
2414
3
25858
34045
16939
1886
3887
12781
6139
16622
7468
23786
24454
870
31250
26074
3515
30765
21205
10336
10184
21303
13722
4341
17828
3820
36080
21134
54314
8718
29230
33707
43038
16744
48401
47389
14640
28973
6059
18550
43967
14410
7839
12770
6203
1523
27820
62372
14918
938
47313
737
64784
7160
6534
12409
900
28061
25157
6977
23511
33272
13307
68837
9094
52695
57715
43498
2489
37264
5256
1876
523
4333
2069
19
332
15910
31794
875
67000
44002
5677
17639
8622
1797
6485
8846
2709
29530
44116
36903
1469
2571
14045
2561
26373
7414
48034
64377
9197
856
10785
12842
423
57586
14802
38570
8
20012
13500
26802
41943
1579
3460
42328
8402
1572
11177
501
36655
259
11692
41929
28042
36188
8774
5305
28176
35016
7488
7239
30424
27276
14548
5870
9291
10526
1751
11227
7179
9234
32128
3531
30529
54034
78067
2353
40173
382
19423
24546
25013
11818
14636
15467
35373
8612
2875
37961
9137
71554
15512
2420
3920
37987
12380
963
33225
10628
47319
4105
3591
9777
33184
43337
34010
35628
9259
1183
5333
12689
6722
397
40067
21169
26638
11816
20591
25056
2754
28160
43522
33630
6448
38165
50476
13462
32618
38964
36225
2056
5731
3018
53752
14507
15194
32857
4337
60877
2896
20301
15308
3374
31460
261
19957
565
69804
54353
30048
61755
1364
11423
61472
23368
8935
18893
1163
51256
12107
27537
423
3660
36547
2233
16361
26660
24708
41941
1129
13713
1375
37053
5700
35605
75356
17681
23902
3646
21295
26016
5851
39756
29949
13194
2786
47227
7568
25373
6144
24857
2794
24915
35915
17041
52967
8287
9131
5123
9168
6288
12513
55608
34953
3697
2480
11
32990
8361
6239
32825
55212
34066
2792
39445
10372
27780
17967
12671
44455
35665
68559
17964
17779
10730
5
1253
49960
17699
14755
16597
1993
14829
37432
38560
3929
2559
1499
9227
6242
25435
32389
59992
34195
18196
23157
38674
29089
20439
9113
709
28024
7629
544
13106
24761
13121
22433
40
33010
39499
7304
59560
38213
5712
63094
26315
700
33572
8820
27087
11769
3140
6505
36932
16128
842
22787
828
22172
35229
11572
27995
33783
8576
1115
42
31882
28271
73390
31578
2070
46738
37719
6001
26516
10161
447
8134
25863
5365
15964
12889
17506
66981
29558
16367
11637
43896
2
4084
6671
15106
18
245
3080
24804
33533
2511
34622
16226
10294
34695
24034
15433
23333
1
11978
45360
12349
1142
14138
33359
336
10432
41484
6859
37899
26247
10524
27564
5979
484
46588
1240
1493
3646
1164
48
25167
1945
7115
71421
30212
25269
10675
10906
46914
20161
11329
8783
20440
7444
16735
33254
15431
17573
18431
25745
5804
42944
2273
10671
69305
8561
65317
16948
39409
19573
7858
24258
4183
3818
6042
28445
2702
49040
7045
6226
14957
2929
26280
576
14177
62
6809
31066
9890
8473
7728
14907
71642
7212
37773
16
1018
17823
22844
11855
15887
26305
47868
71995
4823
10075
5365
24742
28008
190
27517
13850
6293
28329
1416
17700
18743
36121
62752
32903
8657
42491
7990
3912
10794
20248
35851
3423
5105
3462
10732
10120
31447
900
16557
13050
50992
7965
35909
47937
907
14704
33386
11205
2042
31983
3215
36645
39759
4746
36537
10937
39150
56066
35448
37565
57319
24442
1596
21242
1656
44484
22542
44007
74147
42970
5980
20534
16356
18852
41165
12046
43396
15317
7683
33192
23940
28564
16495
1388
2927
9071
15075
15307
18801
46852
35714
8191
20713
34506
19739
1439
16620
1029
15472
7159
13534
22433
1153
10596
35251
65740
17408
39094
24810
4717
21414
896
15052
5406
66725
12232
2224
11191
7718
24124
10735
55857
25822
17869
36715
13825
44924
3774
2363
7212
14861
21229
54563
10198
35279
58003
26013
1123
732
18745
2280
53570
12370
5502
3546
29790
20911
5916
43490
53307
1384
16221
5084
10704
23127
3104
10514
14804
7811
64
2144
31871
31971
4725
4812
3987
2291
3310
58527
11601
27177
3408
5253
29360
5894
19858
3425
24486
48085
25191
5239
1875
67021
4270
1833
5480
10415
13686
46808
35881
10313
23625
17359
4977
47535
45607
50054
5796
4780
75149
12133
2
18787
30185
1130
30338
1355
30857
50789
65559
5957
30432
73908
9908
23408
22514
28684
2288
6942
6223
4329
2457
29224
1495
1906
60108
28219
56639
9354
1507
12053
4937
2
5409
58071
5409
5473
2575
19603
37864
39439
13969
2419
22153
8111
9618
38198
37054
42567
15636
576
64546
62
16070
18746
44143
7536
6528
31263
4243
11644
10219
24054
28863
26752
19569
6351
9396
30199
1746
6000
53787
43443
22555
46271
1311
8075
41593
50520
20496
1543
8472
44854
2605
21216
22538
1593
44778
48848
40578
14471
6445
31522
34014
10975
878
19381
2826
54246
22436
21811
1029
35583
26695
48523
10322
877
36867
1077
8650
20636
9684
2
15658
12208
23855
21726
69183
20475
30075
13219
3876
6488
6152
4690
69404
24126
33610
38738
16688
31800
11432
42205
69225
1795
2693
36714
35177
1087
15101
10644
17493
34986
2800
19257
16997
1350
4456
32688
1196
5803
23319
8034
29154
3774
47805
52936
64158
2137
1888
6713
47691
21618
1713
46728
2335
28774
798
1120
11429
4648
45609
33841
3418
13221
13828
50109
14476
32458
7051
14876
957
1129
4611
10295
8907
4870
15177
52640
37086
2381
1488
57971
730
1262
45497
174
8041
10197
65227
17247
68932
4155
3585
39044
5451
5097
29033
21944
8435
9386
2063
15058
3575
23004
21977
440
25368
21870
9504
30466
29594
16747
1439
26325
4123
11790
13390
4194
5221
38044
36409
2616
25766
9239
26507
1975
10044
7405
22677
23557
21832
47779
18233
29612
53673
18020
69447
10714
5364
28459
43947
31891
2153
34502
12673
39560
2225
14016
15939
42064
25363
37784
1168
57497
2556
34966
25391
27398
2435
16661
12229
4378
1602
2016
37701
6552
12
65501
30549
41321
12490
28057
6360
19246
9503
41113
3219
47435
67070
7620
2730
5570
8353
4431
14026
3290
10617
23335
29690
19026
15103
10661
13579
10260
7711
6363
372
34723
5387
28992
7899
353
44803
68307
5622
47575
48535
48171
8064
27369
4169
45706
4835
5119
538
26251
17882
790
14484
6213
21957
60027
2919
1163
39001
15200
5084
7829
13102
18827
3915
6655
45652
56559
18526
4224
1210
11176
50135
18771
6956
7378
15880
17370
925
11303
22926
22802
461
11991
5429
10065
14795
923
14873
20854
6193
14567
3948
9429
30093
10214
47569
11134
28891
18010
15174
29940
51743
38722
23077
8826
59018
25752
25020
37038
10809
57460
9065
6071
5361
3394
33973
76
16933
52142
19187
32971
1247
9748
46818
23715
12267
5053
33303
26516
32069
15818
40988
44414
32668
33912
62902
8919
60076
36360
13911
19513
47444
5243
22313
1361
2165
26691
45157
22126
22730
27896
60731
1316
6296
19993
31426
11278
2576
61841
4202
14521
28517
25279
14375
15474
1141
15083
13164
98
3085
44992
25233
59589
7313
56240
10655
52049
11492
22472
37258
43138
2677
3991
7627
516
11126
49286
42550
18567
18196
10206
7491
52924
3057
12419
54341
26940
32510
56234
3857
12176
15341
25881
5543
20195
49911
870
5380
1176
22658
4680
15511
9194
20621
49287
31248
3318
5767
75451
3876
7249
9653
4046
12596
57331
4177
27291
10586
1476
2984
8988
3408
1771
34251
54956
1055
55571
20899
7234
34479
21077
65623
3705
33447
9709
19171
8534
40250
22364
57842
16775
3665
10756
35003
6202
9449
23797
11998
64093
365
53134
5058
14164
19140
10964
11972
18892
4475
46670
19072
3237
1206
19966
11842
8037
11109
19352
37561
4884
8038
63595
25613
2269
5536
21803
34032
18227
17072
27431
664
4478
6568
10631
187
31211
6157
3781
4109
16910
35624
2317
8695
52304
10385
20304
22525
21620
20110
6390
48170
8420
55949
23207
472
36174
47456
31412
25343
777
12
37522
2578
10345
2656
58535
8522
5929
11023
4898
972
5431
38617
37751
764
5741
11822
53870
2184
301
163
13482
10123
2219
4029
11574
60055
15921
21081
7231
4567
5514
4387
18330
27633
43459
34210
44417
60765
29603
42910
20348
1174
15453
29861
5013
22934
24757
24592
6099
4569
14890
33146
28015
26946
24206
61278
79063
3674
1397
13762
11451
3719
3610
31026
949
20345
15520
31569
38053
13202
1467
1052
12851
73903
24684
6415
49812
31480
2813
1694
18255
14911
41630
16117
21816
4223
13970
11852
35596
18547
1362
14107
61749
3849
5001
28401
3523
41046
21226
7688
3962
24966
13928
25030
26923
5709
307
8547
43081
1106
24208
17510
37098
4628
28009
21804
17194
24409
67962
2470
57767
11567
3077
7319
2070
1661
13824
919
14408
8789
58084
32761
20202
1
47359
12825
7567
31892
20872
62
22192
48589
4235
8540
46536
45609
10224
40347
63042
7158
39779
49839
37031
15023
48811
1502
6315
7617
9073
50169
3199
11150
9323
10098
23549
4828
21161
52274
6321
61295
6891
18666
48128
25733
5782
21042
46623
10363
73758
7303
50325
56069
3254
39348
13443
12811
28566
20107
2644
2
18919
65911
26757
28216
63639
13766
26968
13850
15955
10725
1
6257
10289
500
16905
29038
8854
999
402
9531
22182
6840
57212
3871
30657
9253
1319
4158
57216
57736
33184
13952
43094
7039
21668
3837
2934
9260
6701
39181
30212
2210
31461
17353
11024
981
10904
1155
35685
5649
1582
2924
8330
1176
13724
17276
16220
2784
282
43177
5080
5842
5162
6340
3389
4207
26358
11445
7260
8134
8243
10551
4437
51684
2956
6455
12149
173
17339
26893
8763
15331
41687
19147
13548
73463
54422
15555
3804
18168
30449
19881
16614
2694
12914
29302
35118
54429
27515
27
20375
1590
10535
43902
10816
36305
10135
9900
3299
1574
17040
11440
21123
297
21717
46281
12290
13662
11184
10287
4003
20724
2252
362
61225
21917
35424
6009
8212
32236
1252
38422
15959
5806
1210
755
4655
58709
5015
10267
1580
41444
7336
38082
30414
19832
198
58383
15274
2
24350
6529
10868
14037
18283
468
22847
30574
23668
24496
19862
20228
25682
11934
5688
48350
647
38656
3856
47125
12466
20499
6134
36578
36033
1806
19210
6834
4794
46186
26189
25614
28202
2783
37118
9018
17917
13473
6555
13411
16040
31611
5752
62050
6496
21840
3124
27723
372
18719
4651
39835
17515
5167
13142
13078
32307
24782
2759
22312
5885
868
37460
13932
72289
60492
11333
2668
8595
3374
21197
50862
26902
1264
21263
5767
57559
5705
354
6942
10101
22244
3709
7258
2033
22494
7991
2150
3899
4510
12181
36541
774
7450
1798
15366
36533
7664
6472
43256
10502
12941
25162
50128
16077
37703
2178
26912
25169
32806
32618
608
4976
42719
7664
68360
4460
7501
48991
39169
50880
68522
38027
1
7642
42379
8766
10672
42293
1433
18488
55399
4524
30805
962
27797
4529
37439
21664
29636
14591
3039
50821
837
9320
27700
10031
27992
13010
14434
16794
21190
12585
15920
11609
46910
1
27316
12939
70470
2964
3728
2210
10462
50276
14316
48089
20081
444
50606
39381
4930
6288
3371
11686
31471
61412
12227
5043
31777
14578
59115
12751
14577
11417
10680
10607
9765
47076
37006
14212
1874
14040
44507
6031
19049
20347
8795
9221
33503
43331
1415
23614
8755
4463
6086
3025
33421
22845
33281
16619
10255
21361
16633
25144
4186
26871
6682
25746
16917
12750
23285
2054
12894
9208
15743
34668
12723
10991
4488
7600
27021
9862
12449
29567
53771
42112
29352
1
23253
26816
71165
3761
32312
46595
10971
31061
26300
29362
3393
35831
26365
55374
15064
1
2714
388
14550
39185
46912
35864
60636
3588
38397
10300
10128
373
4729
51457
7502
18246
4480
7314
1348
13979
59443
55634
6377
1549
10466
3158
25899
3943
33463
2010
10244
38272
24179
2967
9482
23539
63872
12848
74038
52226
3254
8153
35527
27770
40246
4490
15767
12797
2577
2659
63643
4893
36535
2005
10516
75075
2639
282
5584
32443
9075
28205
302
1118
20986
2543
21340
59241
7635
1221
6793
34935
16635
23955
972
5090
30891
4698
17885
1205
348
852
16575
12045
5606
29869
11963
28873
6783
48830
18018
58571
42500
21883
40121
33285
8862
36051
1270
36914
6490
16631
247
8602
13253
28865
18805
11602
8379
5152
41003
33561
9144
15993
746
64230
10670
50746
43061
24566
27829
544
22042
16269
14576
50336
5451
30952
25956
1202
35773
8595
1678
30758
1004
5722
4642
317
15
32253
66383
3488
51070
512
47537
48324
11895
29116
16796
15402
998
26632
5057
58090
11224
16886
28730
6579
1765
1239
7366
18600
10799
24076
42232
68
8517
11170
14219
55635
18279
59825
12335
6070
61665
2045
9544
2200
30955
11507
53212
23086
14151
40670
920
27856
104
14432
46361
37864
1226
22465
18440
24371
5908
21829
1997
26257
7712
5772
22997
67981
18474
10198
22299
14253
25957
9276
14284
40654
1330
27769
15783
43972
4818
21223
12619
4659
13462
16058
6803
7566
16934
43094
3253
5398
75182
56479
7201
8240
37665
16444
23523
1005
3684
71420
26457
45501
35392
8167
24592
21906
6589
18584
19766
28583
9
39253
6347
13610
12069
21177
36005
4179
21295
20970
38333
22347
7721
28210
6488
14627
22949
16895
36593
25285
5593
48891
13
30342
28477
4188
7283
2899
38
68793
10649
42709
19586
1012
1815
11479
2266
21621
43698
28275
22362
4262
12822
5732
32346
904
11428
44032
22627
7852
5715
11959
16600
43341
81
2497
46243
42264
20488
1556
28283
26943
33702
5249
1202
26421
22351
1001
4879
1
10160
4250
19776
16813
20329
9975
7774
1503
10900
30043
24903
56440
6059
38124
7031
20093
71989
26014
7635
20196
57861
18581
28317
14944
10408
24790
8801
9699
31544
2171
43810
21213
9370
33125
7721
35146
648
16106
38942
21300
23039
6405
2513
39831
12851
20066
8490
9474
57271
23789
18093
13805
32495
57678
11555
2059
26089
8
18968
47052
6872
14993
22224
28972
35418
9359
8921
5686
46278
14351
12516
65475
10511
47535
18143
637
7103
14467
28448
9363
1582
531
15252
46355
10732
53097
15542
21272
50599
34005
31375
58015
8089
2944
15055
3826
3117
16357
22432
225
12534
207
68722
10221
2042
3462
25206
11316
34793
3016
574
21052
26122
28505
27437
8764
60217
31154
20747
62040
17
3621
57395
31601
384
5353
14336
30995
22677
42000
45140
46172
4296
4
39699
4636
48111
26443
16782
8178
29996
8448
11023
32206
66682
17405
29554
1843
430
1057
762
3618
36107
64056
3748
27151
7513
18459
24412
6337
11825
20668
51611
11004
10240
3936
12328
29663
58282
13684
18479
849
33116
30670
38211
690
5270
15527
8650
17167
3029
5120
9454
1074
5214
7851
17393
848
4149
57372
18662
1814
2893
9777
7579
38403
10670
7282
3243
2874
727
2016
10496
13027
49485
21774
5219
1485
37198
28604
910
11112
9527
65408
47552
17414
11334
28168
42796
43411
655
36630
21801
6089
12601
4433
3134
520
18583
38108
173
15779
5413
36833
769
36634
4810
48309
22541
9997
27443
8525
24786
22715
25157
14231
1193
5163
16184
53728
36298
49385
25802
38863
9070
15345
18937
50915
20691
14994
38481
14772
1532
9161
3581
1824
52528
9820
38166
5207
7850
44428
25700
40025
1741
32183
106
9
45520
57529
3866
7311
6080
3875
22811
10160
11249
21786
7327
33263
586
22140
38752
4099
1867
38792
18679
19164
52612
1901
84
23096
3137
2298
6072
34381
3642
38053
6650
2317
1915
8347
12036
31048
7690
14863
3576
11593
7419
58014
24387
3767
32956
50
22601
20739
14547
36438
38528
394
3837
7008
20311
13507
52713
33352
10332
29255
29900
64271
10492
8542
3930
2174
9942
1024
50006
61722
6565
4430
13775
41312
406
60786
53600
25273
1036
43340
15464
18769
25495
34318
25422
42810
4353
39447
6226
19991
70595
53525
19108
1826
36852
12332
16896
18157
39431
22
2740
51885
67226
41020
334
28907
10284
6497
293
27136
22649
2129
58695
2
21025
35943
72236
18663
39310
416
4537
13091
5041
8641
7524
27229
14097
22186
32782
4076
1287
15317
34823
1327
6689
23431
1602
10364
14391
6437
2348
25741
6681
21648
33614
24999
472
213
24832
11237
45919
25229
16619
14094
4991
6602
1378
34677
16928
6266
4982
768
63258
8032
515
23683
17510
49007
368
1657
1073
53077
10334
64899
13227
58677
17691
5721
70588
6354
57325
4350
36993
11444
39280
6680
27786
3225
28198
9821
12937
647
1189
1983
4297
71098
32991
39424
56217
6055
16030
24934
6961
9434
10731
24844
6921
23605
7718
23367
24516
275
12428
38427
4793
1008
1376
15773
6948
39043
28515
20802
8780
5532
10082
56857
20435
21284
983
5021
3378
1646
21161
30167
3656
51446
17509
73362
23502
1295
35754
8760
30020
13271
6691
26840
21105
11271
5292
18378
28611
12775
16101
10606
189
52578
1284
23601
18537
482
703
25597
53142
17723
572
35904
5355
46955
64264
28521
10726
19027
21349
47080
6576
10184
727
12338
38764
44311
11049
15481
13678
26391
17943
14485
5886
6170
34016
462
59544
7720
5213
55812
27801
14006
37722
3598
30013
2465
5297
10609
58939
42497
891
6438
27465
5630
14381
8412
19251
544
46590
39482
21046
10604
57094
48271
44913
22100
37793
7590
1120
31601
1413
51390
60842
8368
5477
8758
21885
7218
6734
12074
13997
395
12
3044
23365
5377
3208
10196
11834
38082
1363
40723
76277
9009
49145
20385
47202
16767
5317
10960
21915
24493
64218
6458
37011
64505
57282
9083
978
18826
13254
18606
25088
624
16900
2799
8680
37115
14267
3045
18037
11674
27959
8244
1
18752
795
5255
609
2584
51477
1342
461
1032
16033
32072
16914
38
10880
26939
6072
55621
2956
4762
5811
4812
1719
2793
20191
69671
36916
55446
18272
55565
15970
3019
7551
713
22150
2600
2015
38402
66015
46527
65890
2892
26609
9274
24726
18219
7272
35759
5473
6011
4
35158
1497
16980
44069
9763
11870
6538
34042
74607
17495
10085
23045
12762
19688
4621
54246
17249
3925
2607
1
42549
10679
1510
5047
37218
18
44729
17293
2328
5893
5468
11485
9885
6496
30836
391
5044
17147
15625
8174
14595
4237
15497
23740
23354
50779
3236
1425
7381
1
9371
32096
68556
67903
26115
12286
64988
38488
37433
10599
11001
11797
31429
9601
15016
40729
38142
1122
10721
70412
25961
27308
6545
29824
27156
29069
6148
19806
17203
26585
47007
59277
19674
3634
38013
59102
27530
72273
3861
6510
37202
25598
21400
1171
65607
5884
58499
10451
46730
29566
5639
8834
14432
66253
10055
1237
8003
689
30358
152
34875
24782
25562
2172
35425
8398
3745
25638
6245
10845
43677
32847
24478
23243
2179
27428
37772
907
9998
6325
32559
26969
24335
3199
1503
28489
34679
2451
26762
5910
7310
11011
20224
52210
5447
47853
4557
33090
7439
37315
2474
7210
528
1198
20528
354
27162
2431
48072
803
203
22
6985
19744
25684
460
22720
2456
8978
1451
41845
30924
26282
8617
16060
30224
51126
3427
13018
19115
15568
36406
5649
3191
970
1538
56336
7648
21974
35030
32280
27062
19003
910
55975
40237
4363
29193
10617
27132
356
12777
16113
29032
50168
15162
28320
24674
15211
3908
38025
3905
396
2480
32755
33
14056
19991
6086
20673
10073
24904
22734
23590
46512
26448
26709
24519
382
12294
10076
43194
43553
23412
44250
18899
17242
11196
20401
30518
16632
8721
1332
11552
1205
2088
39697
10444
8518
12564
10271
8227
1316
50384
27622
8985
3962
6430
8749
580
10573
19743
126
15476
5569
31954
8094
32086
28038
62568
1055
1658
23652
4307
19824
13744
6449
5206
40720
63032
7964
32544
3179
21115
18090
4458
6531
32642
15670
18429
6600
20338
78599
61121
22083
50571
10828
1376
17037
10333
1900
26989
39785
17513
24041
48496
64884
2161
2864
27680
28518
3157
29307
7764
29129
32517
1258
30645
13990
45877
23989
20152
41023
5160
45187
60360
174
26328
1835
4083
9822
27416
58638
3946
1274
3384
7199
38
21687
21612
6930
23956
20677
29946
4736
42869
10372
26856
13916
4073
47676
25888
44279
54314
47594
30089
43988
10790
2937
45499
9638
11782
31969
4153
34443
30288
29966
32705
40553
18549
1581
12053
47687
939
21786
27866
3655
22570
25075
12877
11063
1728
3718
10701
613
36778
13114
37491
3135
46168
4841
8807
35762
20864
2469
16201
16569
29093
31705
24228
25367
24093
45149
228
843
24576
2600
31062
16926
14003
1988
10437
13242
1207
2520
10156
7311
2360
3
22141
45497
55904
165
4157
21350
9368
5900
36115
63560
25163
38078
42949
30332
12340
7803
800
4289
3185
2038
16049
17128
33125
28012
11915
5882
27519
20668
51414
24980
22914
6053
47305
60277
14554
7052
452
7647
2925
7825
9749
53311
7236
1044
5039
3073
34771
22430
1576
10990
40864
12107
14553
3396
41585
28029
8251
3455
26689
25566
41209
34463
20925
33215
1211
4530
56701
44038
8455
14957
12594
23283
24528
33392
46815
18428
56205
7475
4036
51048
8759
9209
1608
9305
9143
3159
64185
63216
4371
20
6260
39534
12883
16267
5895
10139
36479
16055
30673
5701
5690
15182
12764
8002
32747
35477
10317
20722
12490
10107
44909
26148
35984
44335
2782
16991
30407
4904
56753
15583
1520
64215
52110
9497
6145
9548
33201
7529
27048
23573
16141
40493
4508
6826
26633
16087
29165
21852
8553
5828
39222
15254
616
3052
3687
22155
38792
10950
961
1361
11865
21634
28208
37684
7838
874
7787
14685
1605
4352
47680
3
32009
35594
74006
21339
2410
4649
11530
27706
19550
9650
11309
6318
2460
74120
1628
18676
7163
588
25014
3097
21385
23262
15364
57235
6821
18738
11222
4
13579
3425
11975
33711
32599
2542
6312
28705
69271
56697
31548
12042
48759
2
28548
1261
51036
1410
2462
43218
16521
11613
17107
54722
4024
7359
5411
10106
44673
17020
2397
12416
66966
12031
7434
20407
22444
1663
29235
397
1332
6488
21125
22201
17361
15503
3477
7096
64783
2006
520
29911
7105
10245
6778
33954
11345
2289
51824
3281
1365
4638
5924
3661
10163
68826
26385
40079
1531
3136
4613
32636
25138
11488
19980
27619
19292
5280
2358
22356
7411
815
689
21143
1566
4561
2845
17197
14778
46345
18593
20276
12589
10300
20921
50292
34055
20660
24053
36315
45844
602
28111
31075
12103
2077
44885
27640
17063
68602
39118
2648
13262
10314
34631
44
365
8769
9052
8053
50786
9330
31705
39227
19156
18565
16819
46460
429
6207
40996
11751
52492
2056
10445
26474
16108
18837
29169
10375
44021
19804
6090
18674
9969
18987
6659
69487
12822
15840
19440
4629
5505
671
39056
34446
5334
8542
16210
3567
24070
904
5724
62162
37816
10049
18709
1249
2
28692
6385
9010
33233
15365
8909
44596
36256
17085
7003
18876
14600
48598
39602
24274
16372
6746
6313
11905
2064
47208
18393
26282
34280
55998
32710
48907
25466
36456
6556
23010
20847
26556
2004
14819
15268
24355
23594
28544
19002
116
49913
85
13305
6574
35987
31708
50205
11330
9411
27334
2013
25499
19497
15703
18717
43729
11130
60880
19390
45404
2724
788
16067
595
11082
5552
9068
13571
1489
13090
4954
9955
5421
5533
8312
780
4603
13461
35623
22292
17881
1529
17069
9909
33874
21128
3351
53302
45561
44283
1823
34483
3830
39070
23295
628
5173
35400
7695
29749
55207
6531
2696
21770
29474
11846
4453
2245
19882
51140
16219
1
6634
12666
33768
9174
54376
9422
3583
4067
13149
6807
5097
7859
13132
25450
5269
16363
20641
56060
1927
1841
944
644
37930
54621
47627
5517
19689
9045
8865
15005
11539
234
19069
12299
20771
7348
1908
10851
30661
7252
2749
6782
10039
45307
24
8524
60341
7770
2823
12451
33309
16914
64937
11076
293
26168
454
8863
1216
11713
4811
9688
15672
22871
19329
48071
13012
42287
12133
66408
20318
13306
73975
17715
10998
26204
6346
26105
32295
24275
21958
7028
25214
1914
18806
8272
49753
12140
34489
4055
48420
58017
4723
14272
43230
31209
54852
8172
17942
3238
1050
18027
12
39390
6600
3019
2714
12987
24114
45467
19429
43795
33774
33670
369
35596
1118
7137
54542
7256
29598
11519
52052
27990
41734
18119
3597
27338
38834
9147
25658
30502
22420
46952
2202
35930
32897
4757
50512
12200
40592
1512
8611
13830
8467
14872
55263
2004
4367
15278
378
5925
360
27412
56066
30305
1615
2032
40984
1118
4907
24846
1707
29707
4693
7531
2472
6017
35684
7033
408
48042
65905
30342
2146
7776
21298
14647
1801
199
10691
6972
54462
3921
12009
28492
4806
20368
5977
2869
19362
3865
1761
10878
30201
13238
2083
15538
3153
3073
7762
49626
1014
2812
5576
32348
20205
38244
2797
51812
13600
21062
24943
25925
33685
793
1897
35619
19828
22763
6987
13611
17024
118
21963
8988
47937
880
4959
5320
16357
1349
8960
17429
17681
10128
4060
2833
4016
760
18409
11833
528
3192
37715
17990
21184
3041
28504
12498
3073
25385
21294
9897
4189
14511
71519
3598
51698
3620
19959
28940
54392
29500
32870
33122
44288
14790
7696
64898
25880
38974
31513
31724
2094
9221
4508
6077
12477
16382
47336
5211
8649
3918
14217
30283
1001
48126
28687
11465
8773
6813
5501
9546
17209
2533
33619
676
46709
16995
20085
2990
8797
34861
7537
70204
19706
23975
55830
23278
9277
9839
26409
17047
24923
23350
468
45342
6782
5676
11318
10497
5169
31531
5340
8824
10930
1634
14724
14951
12632
8609
8231
1357
52785
41346
5271
5764
11585
39451
26263
13193
485
3018
4507
20
22528
44980
9058
9007
24800
66728
17658
1878
30090
1649
22154
8321
48737
9712
24
12855
29081
31541
54715
31883
18848
32844
45640
994
24291
8693
34176
5596
17987
4001
8271
23081
4738
905
2414
3147
34219
66775
29938
1039
926
3411
57852
30990
49588
23175
21895
453
20012
3971
254
51592
1084
75791
4111
15077
7131
988
76155
1145
7691
29804
21415
1
16105
12682
973
25144
37788
8975
2901
4986
18348
7084
4834
9642
24615
911
59183
10618
54569
20064
2032
9482
1220
48430
16990
1290
5108
9837
24601
1893
19522
4060
58075
27070
1542
27793
75726
4044
4335
19538
15673
47702
18416
951
8450
2422
3894
47788
34105
21314
2374
17538
58233
32019
37439
48
44723
1
20214
301
3906
45048
26557
11815
26036
23025
73029
19748
3159
4341
7050
27454
1732
17934
5826
4942
14727
7807
3304
39994
8583
2911
8155
14841
4395
34781
5709
25441
41869
516
7371
71291
29937
585
4391
50521
1
345
12691
61388
5800
7245
22202
34606
11891
5470
4892
9232
72923
38839
1586
23817
4695
17272
49438
366
55742
37389
50306
29546
34631
5630
49714
1761
54247
1162
1430
56551
28833
28615
36688
6967
12837
2
1573
1970
65006
6047
30459
31273
38628
5592
12270
21420
59929
12668
10166
4980
9986
22737
53022
17065
28632
23860
58781
59821
46682
10274
21056
34641
61955
8443
4721
58910
10416
7057
11350
3438
32509
7060
15874
69975
41194
20657
6610
4889
25486
48625
7685
16157
21886
30453
9868
18340
7832
28666
25660
4187
23889
10241
12292
8036
28673
3236
54574
1940
2681
2646
22108
54570
12012
8576
10323
7343
9066
2412
29159
1697
17702
291
16674
56471
11019
16050
51661
11737
13345
3795
13725
3625
13574
18523
57618
31284
2093
37626
4888
24674
26428
5312
305
5372
11789
9983
4235
67679
58535
33126
28100
22951
3771
1298
22634
21731
50672
14930
53513
14570
40720
18169
7041
7739
7547
33762
7244
950
73716
15312
3052
39663
50971
17923
7966
54203
15104
19193
22291
34512
1428
44586
2565
5448
21368
12869
46942
16552
29417
46323
43438
17910
15411
3425
3175
2873
974
23045
14183
58279
32248
47819
12946
43598
60298
3260
11985
28053
36462
19481
533
44686
18141
4686
17265
42273
32492
49690
19627
3517
3968
11184
9914
43425
10184
43346
9063
4415
10928
24152
2809
979
11659
55577
9801
4710
57024
4354
13541
2883
12382
8537
5773
40449
23848
15116
2528
35155
23248
49233
39443
57333
7093
8115
28690
3361
43793
53814
1080
14474
8600
2409
2557
51032
11337
16142
12808
2865
12798
37
6179
16272
5409
13032
10
13178
33450
3038
54470
22592
21524
7670
69578
49273
14713
1533
3242
12236
8966
2098
32397
36474
15750
25003
19600
46073
36936
13176
49763
63763
817
25349
17272
11726
5254
4452
18954
5420
4796
7358
7907
4162
37327
26
19739
24223
5068
8508
16280
4454
4
42737
30152
33354
38133
46265
34479
16034
2938
1812
30715
31064
1857
4479
18358
74081
20483
20255
11753
21036
27961
23779
33348
1181
5525
17769
54198
35399
4589
41038
6045
3043
15456
11074
8221
4757
7749
20935
29358
36022
20715
8070
1105
17473
52374
40502
5126
38241
403
4909
5748
8919
31417
5225
8038
6256
28296
9781
29540
57334
21920
3264
412
12083
3924
40229
13441
11568
16539
4526
21854
28476
1345
4020
27390
45250
45924
1861
8391
16476
51599
8087
45123
25918
3723
30937
39137
65224
7494
3982
209
6622
11027
1077
5887
10250
7046
514
23487
1402
2752
52652
31466
54147
14318
28216
9232
41830
9413
7256
23782
11871
19788
51326
45952
17398
42578
24910
33369
7040
32466
11574
29893
7867
57193
30597
55743
7827
20217
16033
3987
37110
4569
11437
6184
25864
1619
14438
4965
1248
3273
30369
54784
12503
9006
1267
13491
6900
3903
4555
229
2772
51322
54675
17016
2648
7591
53252
24925
38105
7129
23099
5329
21314
8864
13959
50590
40036
45063
402
5444
2305
65242
8357
47638
46089
17951
30927
30006
11119
34605
1419
18772
12065
11851
27463
1168
46207
22108
2865
42749
22820
29681
12554
7398
7553
12472
35857
19455
6834
2092
31275
14811
28413
2194
52022
20474
35552
16186
48430
32993
6698
16920
23549
4293
27674
23344
7425
347
15814
29445
8970
39877
18701
8767
6796
6993
49262
36065
2949
12590
15395
22711
41258
9522
17721
494
46688
43161
22731
41
72948
4226
33117
29531
15461
9194
7076
17292
24741
12509
68537
4642
5335
13794
2507
7080
36653
32384
2846
5960
899
18079
61724
32265
22695
9244
7867
1493
28806
8888
19671
35718
4791
51802
5658
6225
36223
659
5785
21389
26184
54190
67001
16396
18228
10729
1068
33495
6109
53920
47677
72058
2332
1471
29740
44172
34302
9994
2620
22762
15040
43736
20508
2196
431
2142
6126
53099
24545
11443
33394
784
1255
51918
10940
42775
23680
29850
38375
8924
17149
16489
26529
1833
61615
21351
3523
18281
26357
28731
21477
38091
32572
35163
19154
44914
10718
11083
3084
35806
19633
35475
13416
20601
24671
4569
25543
3180
19462
21027
37086
39958
11590
15848
7780
36861
45146
9302
27775
6081
2549
24246
711
12087
3242
31688
2738
3466
5328
4680
24774
7711
19906
21758
1684
34978
3441
53796
23732
24034
36981
16285
14170
4034
40371
4932
8072
15627
3653
4256
24175
17877
9731
57534
6171
4182
61033
5796
54389
38428
4461
5207
23125
45215
7351
32458
10636
18974
19527
2893
660
33468
646
37432
15392
53570
13257
8709
14
41103
11687
8955
11887
57866
4293
7619
32073
9818
9838
22810
40255
23617
14016
8797
8106
31730
37696
44270
21833
2830
37845
31521
12148
2525
2991
16168
36111
2169
18756
8
46772
22079
42637
31540
25471
20972
28713
5137
26927
36414
1009
1
30913
12759
9193
42822
7937
1460
528
2885
27067
10980
29058
2638
1834
23367
59446
35172
23384
32605
16008
12438
36428
4006
6884
20930
14800
37793
36284
5385
43990
35185
746
43290
8
6044
21906
6242
6779
16823
722
51717
29839
4694
13141
21440
23044
11812
1970
18690
16914
27344
25776
41698
16213
15240
18213
45759
1502
63639
41548
25119
25852
589
11097
3080
10801
45511
28145
7600
5720
30142
15102
17644
8930
18790
39938
51032
7953
52063
7165
12171
430
5245
53111
8608
49444
43395
1062
18688
38928
8846
482
11558
13555
6036
32354
49810
43390
4364
48164
14129
5569
2697
43539
27527
19020
5247
3810
6869
30499
28703
21574
361
5280
42427
10176
37973
8217
14103
1499
42725
10671
3775
180
16373
718
11071
2154
7
2250
28382
10147
3044
49849
8901
2212
16153
12413
57253
1123
61672
21025
7622
10257
39360
31868
25677
600
18545
12284
2599
13418
20096
1521
2730
1412
25413
23174
10329
2791
22374
42153
1875
19121
76976
15310
10784
14601
1192
3761
878
1135
52544
33659
8376
12076
5960
31024
14987
23378
2369
2267
27814
5629
25483
4800
41
21840
146
12052
9071
25065
60490
46081
9736
65188
10241
1807
31722
7005
18139
32256
34409
5548
7786
14715
16
71053
5135
12429
16631
10569
46464
38410
72073
13540
11117
6366
29486
15115
34817
15812
45166
63423
22615
14403
14502
25808
33132
8998
33420
26638
22272
4608
3581
42038
53975
15464
33622
7223
7297
613
39270
3076
22634
5151
31989
1354
1176
60115
16048
9
39896
5368
7809
32634
6720
5880
68551
11916
75410
3764
1279
11739
2013
15460
25597
25115
6707
34559
9068
3139
6089
20211
28511
1829
17792
36983
40127
11048
44813
10169
32053
7838
12718
8972
8093
28039
10071
1234
24906
7573
26748
12965
34300
9859
5438
31949
47348
1891
17978
10045
3084
32478
30255
30908
20600
9058
9665
21247
54743
22111
2497
19896
58564
47932
40400
3709
2619
43030
61962
8224
386
16205
10382
11257
13644
5321
35215
16228
6758
7548
3454
7385
14730
942
48019
7811
3159
7283
28586
10187
3618
133
2931
4481
711
4215
28742
45751
52802
18821
1216
2405
69694
35957
26679
30481
15909
39301
13028
3864
8365
10998
1441
4488
12437
24477
19673
39463
9210
1798
14555
9947
15738
20697
363
3672
15598
3658
14441
16378
25616
21549
11597
504
1399
8289
59132
12261
4050
27012
21191
20606
6363
33829
4008
49206
6074
20784
65093
1027
7425
7797
2726
1123
5227
477
39644
46658
2279
20539
40805
13403
35586
2452
1
3462
57969
50067
13311
45963
35806
29443
7874
12
16131
22375
4259
34558
18082
41940
28264
12208
17827
59644
46804
4476
36666
28379
45453
6053
17279
27902
5362
2782
62737
20104
11629
433
878
16913
6927
887
5064
20871
21901
11437
51779
12463
40286
10529
6755
12340
575
63038
7981
48443
32019
874
17949
41375
9619
30160
55706
2125
34212
18953
1100
7492
7671
19750
15932
54679
22396
33357
12436
18648
2639
7357
3165
6563
8504
31468
4250
18171
24349
2210
7119
32821
35565
37946
15151
50883
27916
27941
38108
3547
4928
3191
29441
56004
17833
540
9407
5614
8917
71667
17596
5793
46778
8148
22364
24899
25807
21717
11780
1399
45790
53253
19462
17
16494
3979
8277
2651
24918
19835
1485
866
829
22024
12559
13670
2033
6340
15328
35323
39671
5013
35319
33834
19266
2584
3983
1108
15618
5613
59833
7184
9424
261
14502
9153
56962
21468
35005
25978
11176
10047
33202
5977
18530
5673
26794
7600
7163
11963
7636
33823
634
4550
18210
16200
5684
40346
6712
1
26950
33523
68
5349
5245
10997
24407
12296
28322
7883
21843
60279
11505
394
55975
15248
14822
20747
24516
66154
8600
29749
13951
40155
22881
194
21724
42950
18883
40611
53285
8646
5271
78962
38028
4327
26297
9422
5150
12560
3676
12
12124
17286
10500
30363
41517
8368
20558
2608
9658
2169
6232
15770
2969
11858
58253
14218
61370
42248
11446
6912
55321
2
34484
19594
3069
60203
35065
26522
8666
19649
1410
31437
40595
70470
33598
5721
12302
5979
17706
26803
2530
21286
27668
7864
13175
27147
62573
699
20927
2209
1239
8453
7391
25911
38279
19902
55070
20814
10317
3629
6658
24822
12658
14044
5019
62841
5218
14445
59236
13236
13287
11938
1172
1962
58572
21236
32791
421
31939
5494
56831
5457
14514
2741
350
31051
13743
3097
26260
8357
29544
20122
16614
5584
2462
858
6645
44208
21833
18705
32350
23447
14306
4567
10246
3977
2436
564
4597
2040
649
3839
980
36041
44845
609
17285
9555
15144
39283
16170
37292
18307
7677
45322
5043
11520
4363
29678
14387
16382
10626
52226
35196
1206
27953
13782
26647
46467
30823
15192
18938
14831
44971
47786
5896
31750
3933
35154
9011
21818
22486
32253
26767
32924
14443
2506
30782
6991
10239
27548
1092
3474
5508
2469
24980
2272
5247
36917
6604
17910
34422
2801
17633
27469
19546
28382
11514
2881
1129
28949
497
7220
65090
43174
34042
34403
3172
2507
19481
704
56361
3786
24916
15224
25358
44520
37938
37344
21649
57407
36761
26201
27680
17637
37448
15766
32856
7669
7898
43443
31466
7873
40811
26515
30013
3170
22867
22947
3167
24938
23052
44177
6401
16531
4406
14
12935
13339
11335
42194
10104
23849
3756
41164
33429
2696
6098
42896
20526
3703
3839
4423
8480
1814
9890
45037
43991
583
25502
25435
670
38921
12692
9738
13642
3815
60149
170
45102
23250
3045
40169
54638
25765
43140
48355
9585
69817
6188
54272
24209
42902
43423
4073
29076
419
20207
4952
55800
21449
60063
32597
35622
29800
23005
23785
15213
6
23642
10413
23767
31998
984
12208
5397
31986
6663
10650
30483
7350
19906
15703
43726
28843
8105
1443
26141
62948
20296
2622
367
10940
17457
9702
3476
5801
1230
650
50993
20430
1674
74994
41303
20258
24105
18275
3821
4738
4032
35374
61063
11960
13795
50349
227
31850
7360
539
55855
3490
8325
14298
4734
25234
12578
826
1885
6635
41049
29613
26110
7191
18479
1713
792
36645
21274
10679
278
48575
32437
12546
22855
55513
13994
29999
21998
24955
12983
9643
2
4864
9747
16537
2509
74805
14937
13817
9989
33754
65228
49785
11746
18075
9476
2170
2424
2
49549
4494
23270
4598
51374
1701
31289
17149
45640
24042
3855
9333
5319
1185
47594
5986
38202
41586
15204
47138
3016
37611
19763
18033
3383
40218
34267
320
18270
38278
68559
11563
17046
27059
39916
29097
8472
13078
58337
33442
23536
41890
16243
7052
48300
16528
27115
8907
17481
2228
22871
27938
21528
2664
1655
44064
41317
49696
35606
50773
12371
43040
13711
898
11170
32615
1870
5654
70747
57877
69179
69783
51744
45912
2528
11280
28587
13835
2662
34423
11434
23280
9260
58942
6052
6406
2650
1669
6868
16664
36575
2370
17898
50419
42473
50849
41706
7367
20136
2587
10420
49930
14931
11463
30399
24321
3045
15220
34717
1584
29641
6
40760
3681
16034
55585
26283
49440
40947
37963
36728
11472
1639
21771
13040
3568
31551
25695
25416
11981
69742
16075
35856
13533
3627
19459
453
2
31001
9747
8798
15133
12206
5872
10883
23320
1
25095
15228
34312
41635
31155
5475
4743
784
49932
38331
59607
7199
24418
18565
18129
13838
7232
6325
13789
6945
827
3430
29596
16610
9319
2957
16384
52861
5548
5096
8681
4973
36152
1429
17152
25409
64139
34612
16031
55711
16152
22737
4247
38612
27911
47719
36396
8823
78626
5875
22039
3060
38893
43381
4455
17935
760
9165
59199
40492
10
33311
28247
3106
1181
36629
1878
28884
53304
21449
3017
61998
19561
34796
17914
22069
16037
10
10297
351
1273
38055
1568
8671
15577
18140
1098
36883
15266
27699
45271
5738
15890
30093
22314
38500
1591
19178
1989
7070
11738
14021
56731
17935
20618
18186
8218
38502
20220
12779
13238
461
35558
43447
28138
5223
8883
6242
5413
35921
23430
5674
23773
946
31295
16071
68276
7019
24236
6459
9725
14154
31314
28527
19892
43881
60845
52556
28434
5707
15399
4326
3424
49640
1583
45669
13602
6390
545
39960
27583
5285
4454
11475
11711
7808
21719
7
28463
4111
37951
12114
12890
16447
5759
989
3438
20599
1642
44147
19973
5159
44589
17891
17956
7927
7742
546
617
30198
9726
20466
35543
24578
28411
46765
11805
33140
22572
5552
10211
2356
3002
32588
22139
14744
31156
3342
53529
16738
340
14112
71
26813
6773
13359
49023
5
227
53014
9540
346
13431
6634
9671
6051
8029
3607
55383
61059
56265
1009
9332
6186
11725
13399
36744
11802
20347
56794
6892
52247
23303
11865
10940
1906
3272
67750
16099
14390
13249
25827
74518
8548
23655
5597
36406
12677
621
23869
5031
19032
8371
7025
6204
2142
42531
56506
26956
3988
832
29916
17227
29961
14869
23522
76495
549
8053
8004
67513
61980
20669
1537
13017
8549
198
30704
33536
2466
219
31224
39
2427
54986
11718
18594
11479
40941
18149
4398
7640
45141
32505
46316
4112
5572
27098
60729
41944
33160
11465
11881
21008
9641
4075
17338
22620
21912
3682
6939
49085
1006
19911
16102
3125
6517
5422
31615
19152
3289
54771
47396
7683
553
37623
35613
274
36641
33675
33094
6880
53928
10
13629
28656
6092
15479
18414
16164
36490
3
44756
23599
2922
41605
6926
23812
3203
671
516
32232
52655
10812
20047
4505
8518
11669
38832
54960
9745
412
10286
19
8181
28522
23413
4
51065
7495
46695
14896
50679
1711
55378
9914
28175
9265
27204
9696
11144
26251
23304
9647
928
52524
352
6079
3814
37209
52122
48920
4922
29054
2213
43647
1
54930
5700
26985
3946
10056
4335
2685
22051
17734
7818
10978
6814
1516
16645
33682
695
54624
29559
8148
38740
14734
7321
16476
51390
4532
4
48706
48291
2061
1822
4750
35230
17818
26033
3455
16828
19985
24125
18584
42149
16534
5624
30006
10225
20489
29388
17828
33815
18462
33443
70913
4492
2836
13641
43814
3515
31061
41054
10098
25014
1383
60640
10144
3043
24688
37504
5933
13623
1219
20774
33255
10916
3076
32758
57509
16585
33924
19148
2869
15938
14376
15221
247
254
4955
41120
47411
23561
34621
37483
7058
7614
1279
20632
36979
41864
6280
18387
41444
2400
43225
43781
704
11295
6727
72531
12004
28430
10340
1881
14919
6210
57420
26425
19503
2272
55420
53862
12461
8085
6555
54008
17101
32221
21470
12067
26366
19368
2080
14259
28467
51202
32875
22062
28888
3453
15760
11098
6403
68435
24984
8984
4233
29903
1005
5353
62720
37
554
6257
1525
8512
29199
2162
15751
17891
8971
24526
39462
1209
28199
37506
45754
8943
51499
3103
20200
40063
27514
15984
18417
38722
34
31920
19653
15382
5333
39847
19515
33945
11
29147
5966
23290
10701
39937
19014
52402
27423
5352
11473
519
18117
16932
14929
359
3026
7340
48490
6594
8512
9863
31527
10910
10658
2250
8272
10877
2522
54124
1027
2173
47747
3348
32292
17947
13969
7451
20906
12457
33856
23005
14045
10760
2971
5259
58815
9417
2283
58789
16204
34514
5520
2050
12156
25194
12361
40194
25483
9242
13140
52260
6274
17345
35304
12378
2511
42296
38652
30729
8088
1811
6746
8197
21119
16111
6740
22318
5938
9531
19032
23295
14720
2347
3792
32484
12372
11015
18910
36050
59436
26355
15757
18125
22980
18675
12133
2455
65185
15209
14269
19750
3589
7271
32802
2
20888
8674
4483
74397
37471
12340
78831
5690
10747
19511
34168
12352
1436
2817
10980
41045
23165
18455
61661
9869
3419
4935
911
368
3387
2453
5628
60
55263
10482
18201
24116
43176
19214
49713
31459
32951
60325
12883
615
20662
10420
41552
23509
12852
31953
38353
1455
16683
40937
33694
26180
7687
59965
2600
896
429
46460
43376
23024
28177
5708
45289
75914
12215
1098
53715
33321
18262
26905
5586
1377
4070
37786
18088
5837
30010
15842
756
17912
16396
1148
4569
46308
75673
9529
6166
42606
46585
1809
17210
59640
1325
43949
25016
10760
22364
5357
36356
7318
3745
5666
8114
9100
58509
19816
16904
9683
17854
54702
11180
18197
30811
1604
55768
997
20730
1568
2984
23076
23298
11650
10247
15285
10326
6797
5278
1430
48309
10687
4608
6777
37634
11102
31728
4333
4886
63716
41641
25363
14430
47229
12978
1825
25806
35443
5126
916
1238
4549
4074
38858
47100
4253
8888
2054
7612
25680
13989
17025
5214
45624
23935
10734
50360
12902
8162
1737
53369
22543
8631
53798
26070
30506
10948
579
15410
17841
3687
6603
6743
1240
33369
5896
752
8789
14710
21613
30681
13642
49254
6052
48096
3780
3098
38167
16771
21005
10678
2237
8844
1484
6051
18151
8720
20508
24200
435
7100
33941
43460
4875
63498
12623
33777
1528
7
16156
12319
1758
18030
3458
9093
23386
37789
1
38184
2053
68217
29
4929
15335
30716
2658
33701
54873
10127
17714
39614
2901
16117
7803
6378
31559
1
44912
48413
3356
3663
54871
8294
23398
38755
919
6058
3324
14288
5716
10764
12668
1945
27194
26561
41249
5485
1938
35213
39549
33749
12566
18375
8003
20600
41436
9638
2838
639
424
10243
53416
27427
3380
11526
20828
8821
9186
18794
18608
25368
10464
42149
8908
21434
2895
7157
9693
31332
19914
27888
14972
22459
34273
77380
9805
67266
12304
14484
4117
2
25077
25420
13608
9007
29501
3800
8534
7064
67941
46880
8
45457
2227
63714
17268
6656
3916
2427
61134
4799
27472
9724
14217
2108
29287
45997
27894
55602
16374
46455
6721
49510
6649
5248
23579
6799
15444
56896
54223
14201
42534
11
12654
260
22112
50601
16465
34770
279
22015
39729
36461
28100
22357
36382
8929
6234
2887
8
9929
23295
10162
11864
12505
29255
30145
33931
328
24628
828
9948
17748
12074
27744
1131
32913
9954
17171
22788
28624
2207
56842
4092
19442
6260
49147
22368
18866
40658
70463
21077
14380
13989
14516
14446
70613
31852
33615
6105
401
4468
572
51985
16440
66308
820
14924
5361
15597
16125
62651
21091
50201
8334
24518
23247
9537
43558
2336
46764
25584
1736
22
5485
42723
6943
58
14095
63847
1682
1840
18083
12215
30394
40294
62377
57484
32528
6742
7513
17420
10034
383
7740
19317
21063
767
22221
1036
1576
5419
27936
57317
38756
14500
13700
17074
3385
11262
52958
2995
24494
28418
1855
15327
13230
21759
26629
15601
60523
17250
51227
52340
39515
15381
4232
58527
17185
3519
11788
1680
23227
60925
68772
10233
19958
22073
1452
26335
22655
19533
63527
13749
371
6780
39945
5439
26060
4869
5471
16251
12892
11842
9879
3672
20440
59863
1335
15867
2317
872
2890
340
42528
14414
23601
617
6368
11545
27503
5813
19154
40941
8390
850
13609
1466
1482
35622
18133
14980
1072
11370
23865
54907
3408
51058
9025
5254
2545
50918
42893
58083
38933
58334
208
32066
40864
9881
2246
22815
43516
5224
9935
61873
12494
29491
54116
46915
19904
4508
13025
28575
7369
1046
26425
2778
38632
25685
3971
23483
22294
4425
17817
9619
3015
27316
40136
61352
6250
49730
23390
1910
18113
8
13675
1913
1628
14423
7272
4928
5390
44745
69630
4346
25515
3204
701
5111
55891
11191
6630
2016
46803
61053
10341
52136
2107
10417
1221
5995
14138
29339
6280
7854
6615
9000
67990
17149
37812
3526
28786
39603
9850
8025
4425
15497
28422
7395
27867
15025
33371
4736
27529
3178
16813
4098
4076
4122
7475
22631
31782
12925
2
34677
12223
6520
41851
24439
1241
28592
499
4933
2676
9653
23377
4539
47896
2202
43307
47375
4957
52754
7657
28504
1415
1992
13180
56593
21192
10343
67440
60382
2121
24478
42987
4319
28359
335
32305
20279
46076
24606
21284
42579
5003
20650
78285
27627
9859
22351
17682
16071
30191
6699
40103
32715
7533
35830
59802
41666
3555
55449
55954
46206
13046
906
49731
38250
28592
6117
3440
19944
65842
6399
15282
20116
1461
12123
32055
869
54539
2655
24781
22685
12166
10282
53631
5648
19298
1509
27618
24321
54717
461
50931
23280
24222
8747
15348
49234
2230
19432
3120
7847
3600
7954
5454
6297
49262
9366
1665
17668
27932
19080
3926
9179
4989
5605
37073
12970
830
8406
61297
13150
46988
26156
25111
7011
37836
31280
47891
44590
60248
12091
25224
25656
59147
18977
24716
12254
52130
25554
18
14083
21664
15977
21416
10909
806
10521
67600
17291
4637
71758
12039
17528
5575
31421
14676
43221
36781
47964
196
3606
59179
4959
11184
7437
1251
37003
17229
9274
16847
3045
8407
64123
20798
1069
1045
73
4243
3653
49101
298
421
31955
2736
296
23154
27302
23005
10642
5580
11015
4326
69148
52154
24410
2752
8778
44822
19203
3300
1264
29381
2803
754
39915
49798
5141
15250
15579
26181
421
66968
5745
31272
13600
40402
6405
13530
9952
9771
15732
1927
2007
23789
74020
21685
1338
53695
23757
2563
1943
19493
15600
1592
17627
54819
34981
13243
20378
49682
3352
5450
20657
11570
2342
41186
14873
4480
6926
12150
25826
1024
68
43831
5590
3619
40761
1021
26288
22162
4058
49628
31866
2467
34593
76142
23593
3352
1963
22220
13202
9301
33448
48258
31487
149
45471
8992
20199
21451
17291
27569
1670
27031
6128
3423
1470
26679
50115
1307
3940
12430
8880
15793
5634
10292
16945
2791
10304
7984
5050
8916
3100
2264
1943
19153
19090
12922
4163
4231
40828
2610
56026
60881
1002
1601
58411
5589
4975
24141
33410
14737
2
30393
10950
4195
43584
15437
37098
3304
14846
791
6495
15482
7373
19404
307
40559
662
64361
23704
22416
48151
185
5399
2879
35937
74637
41371
69557
20499
11842
32603
4555
9095
2330
14552
42997
51945
23743
57231
31872
3
17712
2411
9035
23003
4855
1
62951
15945
4391
1046
14086
20591
41978
2730
3403
42161
34185
25084
1481
4515
58922
9751
45441
5955
4907
12689
25302
57752
2620
20634
33175
6526
21249
49314
47300
9171
19138
34883
3014
15017
15275
16367
12756
484
17828
26448
7287
2907
3724
1450
17961
8934
1984
97
205
2
36593
30405
22557
64549
7226
805
15848
47889
36820
3368
12473
23251
4317
6535
1696
52136
32718
33095
4418
1274
31332
42410
7430
23455
2550
31715
3380
9690
24602
76893
277
59640
31093
16768
58921
25230
46867
14320
10459
559
51208
62753
23977
4328
20214
14875
41261
57490
7859
65627
4309
4636
17801
20167
71141
12607
28584
933
3509
9981
45140
10692
4429
11958
14128
23283
14648
4025
2134
18564
21130
3759
43424
23590
28153
7101
11442
21102
28867
8277
40069
67688
4200
24699
12233
57949
13535
11084
34439
1044
494
30869
7465
48533
2629
6728
53144
38140
2636
17862
38583
12701
8276
32840
16851
33234
4457
4969
20731
18157
59390
13681
282
51124
64436
19795
16484
1308
6544
1049
34283
19634
23468
838
36807
44572
60259
1673
42297
2177
55568
6987
13166
2587
40192
48374
18604
46489
2107
22642
30455
37891
13673
21365
61124
2337
11664
3111
475
4515
38083
15345
34767
2169
2252
4130
6295
1108
43607
9931
11337
43196
15189
2917
2866
6711
27065
17730
30228
22845
13221
35715
17544
24528
3655
30314
401
19736
2473
49115
925
339
39077
23943
37536
13857
47498
11784
18536
52857
11599
37042
2165
42485
42335
28271
19075
303
36982
63458
7323
28183
13450
63583
25278
9610
9096
14623
4788
5744
20523
3787
14604
70593
38281
47298
31479
14828
6366
6339
7327
2307
2341
29332
3929
8208
7741
1022
34757
30746
8825
13650
38415
25497
31778
46013
805
8941
56703
20105
38039
8201
9680
36987
2652
20
36579
1068
6522
1572
1787
4896
60511
74285
28069
11743
1265
51793
7095
2447
24323
17542
26796
40606
2904
984
43938
28753
14314
4795
25349
831
25441
11581
34515
602
22747
34764
56698
25827
26707
36101
69026
6631
38319
2610
23095
6318
4345
38264
53919
774
4345
22150
29277
14972
26896
35864
15759
40919
14507
29046
2553
20317
3414
29346
22088
41633
22665
15906
503
14961
4489
70724
10564
20087
9391
5982
24028
10937
46893
1995
39913
2411
7072
3255
49591
5468
8958
1168
2890
43845
18040
48698
28356
38548
38170
3883
52196
28139
68951
3490
28768
50588
8416
787
46682
51485
30369
12549
16129
13329
23080
3999
1693
63468
22041
1882
796
22028
36199
18848
13021
28055
28710
61428
2942
18091
3991
57670
45067
18233
6546
7047
60139
1004
8542
70160
52874
6555
23576
889
30749
12608
8167
6489
11583
4566
22068
43153
31975
12489
8498
13775
23281
5623
20736
9199
18637
14691
11997
26976
40120
42420
29593
41655
12690
5507
32703
12496
62747
4809
21878
45563
4443
8067
17679
4379
6428
33148
2717
8240
51124
11192
29611
25907
35551
15830
14470
69274
15427
5486
57359
2252
18
20014
9735
2966
7186
29127
60358
47765
32100
62287
7796
11461
11455
21073
13990
8944
15273
2565
2081
10282
44878
822
17222
21184
9950
5942
685
7707
27340
2627
44123
18509
12619
37156
15529
722
2
10309
16823
71147
7157
13338
37668
17102
31100
23346
18931
42731
3031
4531
55852
17828
9122
2384
9535
11022
11303
20574
1213
29415
35328
37385
21259
35536
13777
71478
27796
2843
51353
21892
2968
3709
24945
13745
4509
3571
10680
31949
46332
22479
29657
38521
5659
25212
35246
63187
5336
2700
356
31845
3563
25341
14560
1525
51438
17081
13573
21774
46010
3135
51970
4209
13489
11089
30143
2296
11995
11583
4
28206
59042
12612
5747
31250
9367
55376
14135
38221
5437
8466
3809
21180
12759
52728
45426
9131
47233
29194
45110
2931
38125
10777
59123
2724
5783
1101
13934
50316
17291
25268
1399
44810
69698
14169
2511
27331
47629
1022
60525
8062
2182
24388
2870
4035
8248
19457
1490
459
975
15465
5248
10367
12319
75695
38592
30137
12061
24816
22340
832
38197
31429
22912
43074
28497
12960
8585
4185
17909
13602
1861
4788
8367
13377
6697
13213
3085
40116
685
4747
10928
737
5396
12359
26099
46331
21202
61362
3242
14429
2164
33025
14648
797
62195
66138
3789
47836
63561
5223
7105
53762
6070
3809
16007
16791
5668
29643
1590
7363
29996
1092
32530
10350
38168
4941
63267
8970
1851
26735
33647
2660
3
24851
36271
55597
13912
45435
68807
13162
14104
23968
1285
19889
14211
22746
39512
29388
44201
13689
530
14877
5337
1668
35023
56046
12295
24109
10542
7220
24926
2665
18009
12200
10180
5365
8185
31071
5671
47286
27920
15137
1369
19541
29841
28907
47816
32300
899
1118
5951
12121
49118
3603
20299
28973
60317
11971
3015
29908
18881
52273
61313
21001
73
7785
33897
544
40851
4016
2858
12464
23709
17647
60755
3830
15468
4378
16147
11755
31821
17390
66788
23119
49370
701
19033
525
16658
12872
16371
22848
4227
24614
466
33937
18473
14342
23976
14503
975
14157
11112
87
30227
15625
2069
56982
36711
23076
5988
12667
13657
13046
593
22600
17314
31473
38330
45748
2972
32102
2786
36507
163
6507
12785
39564
4624
318
20915
32055
6046
45303
3760
49190
14938
21198
22759
19141
2583
1051
1923
15896
17598
10786
5057
542
3770
17628
56794
21263
12360
18831
701
621
29759
2882
7349
6028
33063
55675
47948
64010
17100
3839
24949
47115
1329
21775
4878
17102
52559
4886
35009
52312
53273
65194
31105
2653
5445
3613
47776
7372
40754
16759
26191
3598
38357
19881
71718
1528
7731
47698
9028
50548
54599
12389
57484
71741
3649
16043
511
44683
31147
1800
7351
16203
46252
38316
10416
51584
1013
15599
14676
10046
17572
1201
7699
9706
10129
12297
37053
1229
39194
23378
24246
2174
9857
14755
19003
56104
2718
1405
4038
2395
61539
9844
4529
2
34899
2602
39782
6144
3300
21852
28292
12131
34782
3707
2663
15987
6
588
4209
59605
10700
15923
1272
1056
5658
3388
10688
10048
1020
39915
59245
34745
5442
23880
1970
1472
753
2203
4828
7176
53174
4267
39368
17261
49722
5223
40665
7600
6695
20667
66730
40516
41533
2750
8894
3771
16021
4366
57020
3361
63518
11092
6691
6315
1592
45134
39332
23245
8836
53578
8300
30506
5416
3955
38359
22025
36588
31414
4713
49791
7346
43778
17265
1
615
6685
368
1488
1704
5872
18243
12521
17176
4378
2487
5611
47562
3556
11662
14546
47227
6221
14478
9699
5859
65636
13621
15433
18732
8178
30227
1542
23171
26400
53294
22400
17711
4640
6371
50684
9907
2458
74046
7954
9619
20941
23128
56045
26734
10611
17250
4174
7716
13161
9753
45431
34791
1385
60325
37106
9973
2803
27968
25732
52616
23405
12032
7463
3935
5540
16932
31066
32755
21602
36266
7967
20322
4538
2824
20200
58966
34056
21739
5159
10786
8276
16382
7154
43737
8380
730
33653
11844
11401
3003
4285
774
14910
9442
19270
44971
15270
1160
7897
32036
16057
1265
17032
7441
47098
705
41073
8143
7426
32853
57339
2137
1733
32276
937
26881
670
40584
2
38673
33939
18001
6434
52256
22914
8108
21948
60418
33204
6374
22118
28344
63505
69572
42754
11568
50345
40018
18407
42335
4825
4
43771
32736
61276
52385
25565
44143
5056
34744
17079
1300
30322
60226
24693
32572
37208
23960
44700
14557
45939
4927
674
11596
3079
36373
45856
22509
11147
32526
17076
1109
6086
116
1172
13141
1255
56977
263
46522
10102
19995
18224
3360
10308
32990
26843
13109
11262
1614
16395
18744
33213
57542
19713
6527
2237
1249
3876
25255
15179
17443
5189
6771
15907
61882
15225
1356
9952
16892
3511
4468
49859
6190
3079
811
12346
3684
18726
1862
18671
34466
15339
12547
53271
779
49936
52967
8243
29981
21460
69830
17354
5
22819
3
17848
8870
453
22947
4918
15353
29695
22726
2977
28689
5303
15668
753
11137
19121
41512
45811
17735
22667
9210
9679
3181
12977
14598
1284
2833
14492
4434
3171
25679
19211
7779
14290
59869
51702
970
1361
1573
12486
74809
35063
6387
48031
18677
30046
10495
20379
8283
30834
45796
38577
15622
22896
12725
2959
8749
8201
56450
494
27255
47306
2748
860
1512
11090
15460
38134
13866
36108
23673
22454
52834
5957
45239
44438
28481
15240
2113
7129
2488
38686
1810
978
1821
34122
21658
48387
2370
19395
62938
26583
20719
21199
6944
19742
28229
23056
29380
43147
8063
49335
10559
44282
37509
18615
1438
3683
22509
5866
3492
30879
17080
67182
37942
27067
4906
17290
20110
7893
67563
22745
588
18484
905
9720
31931
34047
15299
3623
1132
1131
49922
13971
2643
30798
38625
51514
2479
56664
11536
11032
59412
32486
30674
2974
4294
45525
12995
31477
27293
3781
10322
14167
11955
11409
1152
21719
3763
17018
44353
26786
2839
384
6589
5176
30634
821
1098
26386
24849
5673
25844
24626
24076
28936
65499
15576
366
15411
12948
39182
53881
50200
29670
1650
26600
46596
1327
13678
43328
381
8869
48684
27694
478
3409
24612
14453
34984
18720
629
54378
3226
31755
7662
792
25330
621
23296
8435
16231
1484
23600
12499
8769
11656
13932
56717
17692
63293
33443
3426
18
9943
26575
4195
40617
17618
13909
44318
10725
4232
39287
1909
8817
7470
5497
44852
9327
22151
22219
37838
20457
56822
62637
9305
17086
30534
29965
15014
22077
33686
10982
27519
10559
4578
10252
9409
791
7370
29292
32484
813
9237
26703
38634
47733
29804
20846
1036
64746
30773
1091
13470
15795
2396
5897
42036
24343
15728
5501
22314
17016
1
12034
11914
8744
281
15331
33530
9304
5232
9322
840
48019
6289
1669
2491
25006
59103
13709
52394
23332
11527
2682
3062
10988
4040
34682
66673
19108
5424
13608
32531
6202
3065
12027
12062
4634
22159
649
1383
1765
10125
20115
6759
28834
2193
1
9991
23005
57098
29888
14049
21273
54083
49667
10530
42504
932
1598
17984
60156
1253
71673
9280
23494
33982
8611
10159
27362
45110
1060
16693
32569
6529
45692
57696
12559
31109
26158
27282
46595
26698
33687
35476
31424
25823
1
47123
16301
27276
56983
6482
16902
7078
24091
1243
1251
2562
10761
9030
955
3
24789
9596
1906
59164
68559
18202
16188
27137
1263
5016
8410
21868
37606
36182
55314
6671
11302
1711
40265
31613
5042
1840
14579
3674
5302
7905
20625
31827
23943
39046
49476
18445
6514
32724
544
62123
24138
1465
38178
17221
18747
5285
276
55336
25441
3560
18917
61569
23335
26298
249
9695
23209
2938
21549
4862
61002
11259
1164
5179
309
18802
434
29046
5324
16510
28396
20102
6170
6725
14914
9213
55456
48837
21950
3738
2407
4067
13656
62370
44016
14728
30863
6436
1319
2117
21548
54348
69
47131
58329
7895
56120
16268
51340
28889
14259
19176
19000
7599
30249
1800
32280
6228
2460
34263
21071
2695
40864
996
20083
61360
2002
23503
22062
8045
11517
16240
1485
13208
2938
2278
3411
20899
20725
873
28398
757
37372
1857
33295
5979
17746
42128
837
11363
38628
698
3121
5246
20195
2292
58150
57254
62241
34852
1446
1505
483
17624
508
19709
6983
3626
17254
3856
22587
7693
223
9506
7906
5547
2290
4701
1794
4103
28290
20201
16931
46248
34707
20633
4283
25553
27682
2841
7807
15462
4365
16872
24963
2321
8413
7305
32218
12634
47189
4092
2058
24382
349
647
8403
8724
49660
58355
17530
2407
14476
1485
45242
14640
19274
25335
8626
13910
5414
15762
12901
12850
2726
9332
39517
4302
1062
4769
14025
11945
3175
60007
8846
65021
25463
37359
2384
21055
16924
5698
579
25597
21484
18896
70508
49023
24633
646
5332
65430
30408
10380
35914
5179
14660
70256
6000
37056
32150
2017
13183
2181
1776
4319
3712
66620
45246
32260
3760
12305
19439
4182
41968
11517
36809
9251
7649
11331
46956
16569
15379
19089
3324
12081
30499
1737
7050
16991
7985
39111
35412
18750
13098
2792
59503
32465
2941
3038
51016
5099
16682
4931
9479
3304
24261
69368
3514
26131
28009
15484
14892
1877
184
76065
15650
7292
64415
4152
973
7731
51614
42426
22132
19018
21485
3891
27330
6659
7153
20589
20455
10509
6091
28
16469
14930
31933
23728
26676
14585
56895
4104
24552
25791
69615
44024
11215
50997
5889
14237
12021
6574
52391
8412
68644
5104
64635
10067
38154
41690
4952
31641
20407
8314
23575
9373
14905
2992
72
23437
26189
19057
48632
13276
65687
39408
52949
15
56028
33804
1689
10892
1802
20087
52967
23215
3685
9683
3029
14682
28220
2311
25743
4146
7250
530
6921
12118
13146
11702
36887
3265
50720
11958
5943
33726
21964
5585
476
2601
4091
67093
3596
12441
20923
14082
2380
12091
3733
6125
44644
24421
6038
1596
17517
795
12554
2405
1826
7682
17955
1
2218
26549
31358
39767
290
2039
13747
1990
16949
9914
55275
15893
31009
4415
1952
66001
7130
9352
9738
3410
30619
52131
20567
16010
26198
14278
3252
8914
39495
22131
25834
8704
42718
2739
37785
12238
5671
13353
36241
15975
56622
11860
5503
29070
8458
8689
19172
37373
5474
42690
18052
45636
6659
19832
56646
16249
5610
52437
12134
19089
36608
15487
21899
5969
44063
13453
5660
9894
31412
734
4378
5830
25578
6040
38248
55294
70
5407
74624
37025
6294
8679
5474
13847
42213
10013
27621
10692
7942
35243
20271
3755
3350
14871
53928
5605
2290
44949
3338
4771
4696
18124
12582
32696
33438
650
34324
15793
16605
25134
49157
286
7040
27142
502
43528
5932
3108
4446
12602
4122
15672
2452
26992
7669
37360
3359
45703
20910
6495
8800
34143
7367
55899
36870
17595
20216
52647
781
7733
17776
28636
1856
30071
17559
65142
29643
42189
49694
2781
36769
41049
30454
1885
3
14
32117
2972
31812
23693
441
33455
49664
25715
17228
38093
3795
23140
2421
16968
23376
7987
17271
17862
4592
16230
15202
1882
12910
2335
8089
7334
13588
30216
45468
32489
27250
15097
310
8695
28460
28864
5703
3479
11052
12611
28714
62139
499
17682
54372
18068
13240
6030
11601
1572
58349
29103
12240
10685
10455
38463
36825
8021
5424
13889
1802
5560
30576
17968
19665
32835
978
62171
8691
29846
11522
202
3466
30133
13826
16959
16896
8594
33361
1614
22883
35386
8211
19801
30433
7838
1824
25685
26103
35531
14511
19313
7580
21482
29765
21382
24539
8189
11536
48722
72767
2235
21333
25303
4936
6697
18466
20720
75973
6012
27385
73694
8099
3471
5580
3551
4119
36471
601
4550
21189
41413
2256
15692
27008
2835
14907
52578
28294
39485
10782
5446
371
30906
2856
10832
745
32262
68
48876
1517
12110
16528
610
11422
26273
7317
804
8390
14678
29108
30095
2442
29203
1536
58867
5608
1141
9046
15419
4540
74036
2870
13275
55156
604
45778
2216
12132
34338
1275
2695
781
21698
1004
228
38905
36850
3432
532
10
8428
35673
2396
9380
34622
11376
11394
2830
34201
9585
4702
14592
22640
34373
19666
2530
24183
19338
40446
43154
1003
14965
24980
20015
18434
7687
12528
8695
29314
3905
5831
3658
269
35
12679
1409
51658
14290
69129
16892
51970
4803
226
5855
307
24016
35665
41869
27831
65669
7070
6111
18602
53590
21666
50946
15386
2230
17889
3874
59387
27784
1524
67605
26699
17136
24932
5708
15526
12546
56162
1257
402
28394
17695
5692
10855
50153
1420
51134
26690
5239
50172
9141
2588
51731
23100
11582
29307
26253
9542
9218
47337
23542
2501
49485
25148
23352
522
28067
55499
5835
62856
3062
32269
4120
15842
39436
8966
5765
44916
7627
26851
58740
30141
38500
9164
16228
28159
5431
44655
12422
511
2346
1
21257
26189
23784
22027
2100
25388
54052
10686
653
1472
16709
1332
9504
18492
18405
12487
14598
569
7805
21146
39405
26292
19282
1
32605
43626
39665
17438
17327
50219
492
35115
9850
5429
24859
2071
15017
23121
16222
40071
4347
42073
13470
8997
1341
8677
4403
35804
7162
3686
37471
16973
7753
17229
23864
321
5801
3259
11852
6519
8760
54221
33153
18694
36755
3755
26208
14236
48280
6986
40306
8868
18469
15608
36857
34143
5328
70076
33713
289
29132
41287
37951
5010
8882
1033
22418
11486
27722
12487
10769
4995
11567
20045
1444
4774
5400
12106
28429
8098
26086
14766
30249
4056
33240
898
9463
581
7817
16742
5797
58815
59947
19116
5990
14840
4346
39033
16966
34146
583
15001
36759
53031
22511
31973
1316
2832
22839
23691
41648
44806
20205
38375
16799
19242
65345
24488
22509
11605
28807
29908
2327
36247
23314
10174
23968
9507
48134
1689
21563
36229
30370
10227
3444
3688
1831
2613
34216
8562
14738
15075
31873
7619
25292
54668
9292
27578
8133
7261
11233
20670
25242
17247
26611
7440
3024
17124
39116
3726
5954
24112
9155
10741
12909
26246
1936
8766
36922
6047
20558
71620
12941
42164
15889
7294
25687
60608
34012
24218
17637
7262
65626
4996
7784
14634
8719
645
40321
1202
4879
63786
38928
3618
12354
8057
56871
69913
13709
7358
20743
6440
6658
22520
35963
7876
21951
8724
11723
5458
17952
34339
18274
32599
551
24507
29381
20652
5394
28270
14951
29552
4979
2193
11179
2941
27497
23631
22191
30726
24505
55948
51075
10968
41860
489
53767
34978
3150
4584
6061
32035
24271
799
3508
29158
4959
8897
21647
2001
11555
69921
5503
23676
63543
26993
27415
37312
44563
2762
54284
33195
2902
23159
4825
4047
2306
34684
47388
553
1973
27800
464
3626
34067
22605
8887
6375
17525
25799
755
3106
10852
19013
34747
40982
10511
42893
44858
9013
5908
648
23418
57621
7808
19632
5002
32741
94
14470
1868
3921
5949
42292
21805
6614
5243
27188
5206
42762
38315
35195
17876
26898
437
9128
36466
26946
11662
13192
5151
45371
31224
35901
11536
7924
13578
5918
21117
22446
8750
40524
28261
29562
8701
25908
27
20078
18928
23678
509
35362
30994
46742
30875
24460
19565
29834
3385
23701
14556
18288
34897
1943
1553
1710
33599
29179
33270
20125
51497
6099
355
7109
3868
45237
3028
8390
42958
45945
4841
1645
3358
2187
15962
19903
7400
33866
97
20536
16793
53806
35999
26414
23833
585
21575
10069
23774
18871
5694
6534
5891
27113
7163
8697
46544
2826
12931
33969
39738
32236
892
41750
1220
38332
38
13160
5123
9995
59406
52293
2821
33955
23526
18900
16316
14016
3526
12126
43909
15793
54937
34880
48
9968
14947
31749
871
15915
12821
13089
50071
8095
13721
15320
16601
6673
19905
2533
2950
458
19109
28247
12332
1170
7153
3824
1281
62601
1489
299
3503
13522
4931
15115
1536
1729
49607
2458
5224
19696
16278
3040
14958
1644
1902
37606
33147
3112
32741
9592
49561
681
9941
3773
17509
8685
6376
3520
51198
17015
30492
1488
14691
679
3006
7999
7576
48935
3650
3964
20756
25401
35036
21849
30938
37510
8582
2010
19238
45247
4670
17264
4973
61128
8855
8991
4002
15513
9206
4029
4620
22685
9463
4474
17898
27972
20396
6814
10236
698
6105
241
15624
10113
29249
30392
8283
25558
2342
17378
8248
3940
4735
1660
28751
5854
3489
35493
41758
5200
30345
47409
36696
48401
53681
34000
9147
71107
39375
6594
2319
10511
17401
2020
15134
15333
4256
2241
3844
12154
20179
2402
52506
17458
37548
41185
15275
7750
5050
4873
33808
426
1078
3531
59911
1137
9854
3410
1497
12945
21109
41640
3388
27369
7244
5039
21258
24978
2392
9494
1001
25677
4633
1271
12273
1367
6393
3200
9635
57502
56311
7237
686
1565
7505
23144
35189
51833
15121
9060
49507
27910
55599
28171
14355
6709
52090
2029
6268
42080
23531
2767
31494
24198
30649
1805
33107
13843
12876
713
29206
836
6952
29043
11328
26341
1
20003
12297
6058
9125
52
956
12780
35771
867
1359
3368
2517
13621
29018
7234
5180
43682
6780
748
5973
11589
3602
55847
9506
6233
70063
19615
22291
31702
59399
32806
14632
6960
10153
7470
5153
542
35158
7296
12319
45350
37328
7848
15112
9259
47202
29027
1165
41684
20472
4586
14743
22006
15286
15375
26241
8909
22764
16546
16851
1027
26083
55331
2
52486
22633
44722
25363
4589
17541
20832
4205
19708
14393
66097
1844
26925
42304
67067
623
8094
30194
18321
20412
14369
48716
30434
20658
52158
20702
58846
44550
1354
48091
59921
20479
4603
15540
20799
27172
57889
14763
11534
39063
12575
26898
35675
13745
54847
13697
1603
4234
39528
19802
24636
32675
348
19319
24601
17800
210
9006
25276
28292
24059
56379
5618
21735
16471
26100
64431
59206
610
4096
10710
2226
8737
16065
11236
5770
61435
35299
25378
38413
656
29149
11103
23559
13672
8623
2943
22101
210
25599
10936
15138
55708
44613
6998
15600
7921
27274
4275
41205
37168
5303
11103
9553
12516
15307
26612
24483
21535
28016
587
42034
4155
1635
38539
25255
6869
13842
790
24004
51762
17162
5397
941
345
10151
54160
40939
23567
24
50906
1565
1956
33957
15333
43166
4535
4756
25556
30423
332
31088
1173
69926
5147
377
31204
18468
31
73738
15150
64114
43231
22267
216
463
709
12458
6879
8
2287
28432
33175
17484
1037
26820
25710
41763
30563
25770
62558
39706
19156
2481
2006
8246
8838
31453
10995
53849
26120
34126
13227
8766
11466
47703
21140
29527
41896
575
615
3518
1550
40084
1382
18068
7680
58273
32822
52782
53121
16523
65153
39640
8719
9821
1352
64131
2781
22296
28873
5199
35875
4933
19371
2396
10397
16540
52233
4569
19294
19037
5306
17796
23355
4597
1751
52399
6565
45607
4178
40700
268
4593
4147
61827
69188
29595
52125
9929
5539
57851
9504
31688
6783
7652
12785
27796
7576
12849
2884
1508
42032
639
45596
6733
1
19733
25911
35250
14272
12233
26836
20420
10875
52845
35099
1120
13063
40190
44325
451
37225
13997
9632
19836
3546
36525
46283
20781
8255
36836
108
5660
15059
45583
39385
2279
15097
28659
2601
24285
19251
469
38779
13095
3583
37160
11326
20027
15263
1909
28316
9345
1618
30854
19952
62677
3718
7
45108
33271
9706
40234
7334
2177
32058
10531
3015
2635
46435
20987
10096
24261
12430
28279
13728
513
3785
8738
9440
1673
15806
35475
17783
43823
18965
46381
27414
63903
16473
2916
24017
16412
1044
9319
2991
716
9385
3310
66699
16424
13171
9231
31957
5872
38542
22709
4774
3146
7888
15883
40203
57459
18339
69345
13192
3713
3073
22786
19975
15835
36
3296
32869
9208
9125
45902
38578
9506
20357
5727
110
24658
51163
45454
72778
11103
40628
3661
996
60082
2786
27685
37331
13286
34446
14587
2710
39954
775
56652
67239
1696
354
648
16480
13112
34959
4987
6462
3165
26399
74110
12260
25227
7659
6707
10451
805
19914
1625
8267
2613
37914
20277
1457
11732
39212
11183
33376
2718
10527
37832
5232
4231
42274
21470
29286
8191
38325
2375
4336
1847
711
19673
32260
43328
14353
891
6914
19594
11818
26510
1655
29526
23625
25118
12501
11467
23826
24062
26444
46040
3006
10421
318
4431
36462
34788
24616
2105
839
522
52301
35752
19991
43198
4857
19981
25751
4
3888
9567
1610
3916
25015
1501
16299
38716
20368
1298
4918
29942
14780
3670
1247
5597
6600
4609
315
13988
5588
43267
11562
10818
18096
6474
29255
27282
14105
5769
5892
7928
30337
5322
41817
31401
26076
23678
6162
31680
24736
27005
19516
1670
65516
2979
51435
2843
5774
14366
16904
38012
7982
34132
22906
4710
56378
7681
873
22146
26650
18790
32697
10388
24519
53763
31931
37477
28819
10402
34750
46703
11483
4713
3148
33
6351
16803
39610
8637
8186
18510
343
14841
30842
53605
1500
8194
40702
25050
18795
40391
2121
5856
5293
4381
11926
2058
11472
38703
24147
4677
18526
18929
31769
10989
7043
15234
38904
2152
5875
31633
20054
14121
6903
17463
26916
43128
575
25791
4852
524
2015
20130
10213
580
36602
1
33905
28395
4913
31866
2399
23853
6890
4006
22871
31747
602
3823
18751
21159
26080
1015
27903
20437
26756
7454
4229
15116
22156
28174
6862
3932
38290
21677
10650
62861
14611
34784
44574
14676
42086
2812
22199
9901
968
10947
981
2916
22220
24215
17747
16686
22080
3354
1310
48758
2127
2604
22408
8004
26738
820
19675
44998
54980
20651
20027
5934
15180
16086
5488
63468
17356
18551
16526
14856
15719
22165
26785
2763
20693
9152
4534
13917
58492
6223
19882
61590
3065
11191
30161
14138
39158
7315
1313
5634
57377
6613
18775
1017
44208
40222
10075
52616
3952
5758
13659
33087
679
35487
35452
7218
21595
62107
11409
2886
51962
334
64144
52725
12130
31380
39
9115
17123
7141
21510
18800
38852
17788
20111
29035
12254
5904
8461
38989
11489
9938
24830
17250
482
28085
15025
26199
15313
20067
8672
10520
28239
12047
71071
35891
6574
41573
6911
69301
14612
6366
22492
15504
33305
3574
22580
17834
32790
46421
46070
14358
1589
58180
10658
37487
2570
16082
5893
4647
3465
44953
8480
981
17887
36186
30930
2585
32857
19522
10478
29638
10973
27193
43053
47753
32767
16291
32259
62609
2212
2977
15923
41058
4363
40117
3
5653
10717
25732
18628
11323
10230
16287
24532
56405
5908
9652
17824
18168
21114
2677
6461
27688
8579
54941
1554
11003
992
45933
1600
22098
8389
38396
68160
32696
18246
8150
11646
1917
64739
1
4486
48189
23834
7022
48137
23668
18157
18868
7
3295
7145
19630
1248
47039
41160
13790
47392
18635
39554
23469
5930
10062
13737
40475
1265
16771
38329
8697
6320
9553
13421
2524
7422
1767
1817
4529
5519
57950
2810
1168
1020
19424
33232
16643
17953
1815
26216
40899
14985
14014
27290
7265
12094
48583
2170
22805
45555
27182
24919
13119
22608
23835
12518
42571
43336
55349
6916
11268
1754
15293
28
26138
15839
36162
33253
10949
5548
377
15356
11541
2421
61237
17434
42043
62724
24379
4344
2219
45156
8441
1943
19577
16124
43721
7674
27396
15820
15021
4497
77092
20659
28904
1660
13853
17021
12786
68979
12149
3646
1933
6460
29694
6819
7021
5268
45585
3306
6147
31225
33162
49253
9992
24127
3450
6671
18369
10544
9410
29647
5326
7829
50701
4619
35885
40744
21552
2791
10526
20161
51732
32766
3468
6517
2417
5506
24743
99
2204
53374
28696
32018
7223
47148
12000
77005
3813
18963
39551
6573
8334
15962
7649
5060
3805
513
15676
13303
5931
3814
11434
12494
55607
11524
22298
2931
11195
31
20087
3267
21830
17003
7071
2523
3884
39804
7784
40543
1066
32309
1862
2811
36694
5304
24100
6
1654
20044
8314
1981
23111
23007
22098
4672
55858
13053
13599
28702
886
41287
6246
698
40452
11702
6664
1449
10334
11759
69032
7702
71211
2079
19541
23566
8915
26760
537
552
48134
30419
25621
4043
3
24858
41316
17
16846
12037
31111
19680
876
12631
21287
29700
11463
61210
4646
31735
17632
16457
34945
7321
7532
7316
78057
30722
24366
11900
5795
24925
21846
3197
21345
5
12741
36311
3606
24119
6916
55471
11475
779
18685
9860
1364
15340
19255
3036
42771
18749
496
1576
14220
38052
15576
70199
41551
537
551
30069
8
24206
17520
4020
4470
33859
13116
5687
7041
53657
14578
2219
14868
41679
35866
10718
49340
2683
14539
23277
7420
1593
5240
44566
234
39920
12017
32511
14103
7619
19954
2745
15498
30530
29618
10180
12025
1487
8143
22446
10463
7793
11847
18414
26253
17645
11279
22717
34786
6973
23756
927
7819
12792
13610
22270
12440
61879
45606
28143
21924
9885
56442
3646
26651
3166
14609
17542
6536
20852
5647
7482
13360
65864
6881
35292
68751
20345
14941
23
20868
5368
39637
15145
268
11736
39845
6371
33988
25000
13444
49894
17
10309
2722
63081
11775
13905
46110
1973
1588
28420
4197
25046
29664
76069
817
23234
12046
362
24058
19754
19736
35178
24879
32300
13620
16658
1829
962
70010
38904
59114
36734
17385
1457
39217
42927
58405
45643
25297
3922
30
11643
61393
24663
9360
25940
42876
27687
52430
11555
16197
18305
38335
6987
4026
32665
5544
13366
10329
27493
40008
7521
9353
34161
33585
40418
9771
21216
3206
21113
3274
7296
25099
2296
33165
69785
3857
27707
39924
17927
9657
6445
11083
12018
6653
2
21533
2379
16719
29537
2975
1435
4189
2239
5914
4452
16954
25991
9183
10766
11004
16399
15165
15813
3315
7999
6593
10764
9417
2321
57655
7664
24526
6164
18198
2162
14650
18449
9331
18875
22457
32179
36288
19029
2443
14222
9605
41049
4
20147
1418
2098
47841
11293
999
6892
8094
2
458
3569
21567
3421
1870
34759
45886
11022
20880
36044
17691
32430
2999
2199
27302
5259
7282
10804
10213
15475
7842
19001
2069
17245
22558
3105
3869
53050
6393
4112
16797
3191
608
16842
8442
9763
21131
15077
12273
50706
22775
9284
9927
29463
7911
26589
31569
25560
27320
28386
35793
4167
23290
35517
32907
52875
4815
3325
22707
40253
8581
6698
31812
11612
67185
32048
1190
8473
43274
48855
29022
35468
14012
3188
9179
16665
10421
17358
9023
46878
64678
32347
10208
11280
3626
7766
19743
54382
6830
4487
33929
55511
14892
36730
20375
64497
5368
3998
42831
8014
15933
8822
30806
10981
1283
878
1277
28135
17448
5
55105
35242
49672
12693
53156
25899
14273
62509
9622
18943
656
8995
43386
4398
1812
457
14347
13829
1472
11891
18157
3834
140
936
1
258
26255
15663
46109
1453
1512
66176
5301
25858
30916
1772
14715
23647
26930
6596
13513
9152
13563
10371
11267
22609
34249
30991
14846
64481
3241
51744
10252
33896
3746
3573
24841
15105
19977
32871
10377
27066
4750
26815
40816
16033
35067
3189
18873
3083
3267
27235
11651
2909
8308
5108
22188
7160
628
38182
10748
42653
3663
25980
18493
27245
4319
30832
18273
33106
4065
57638
5658
26917
32149
17708
62102
2692
25933
11865
64517
14428
4717
14854
16864
282
359
8003
20235
45126
58672
5206
14518
23141
14739
28749
24479
23693
19025
18139
1484
15856
30261
251
1530
7332
50741
4392
2
12459
9728
6324
34908
44026
31903
4556
30757
9410
6741
1638
37990
17887
26326
8804
13092
3645
23656
14701
4947
2712
20916
12775
23757
7202
27535
29855
21282
45649
14329
583
7668
4176
61776
7936
3299
19613
57534
19457
13
23893
8725
2318
32936
3520
19465
7
13152
6716
18159
57048
41757
14026
20885
2371
5
17991
14878
46470
49413
835
41471
43700
1
1498
8365
2849
28895
55007
56636
3137
18379
15018
26497
17168
1992
45557
56423
22407
42022
3
46843
318
48470
18885
1161
1
32822
51753
48361
25111
24966
3473
20313
5082
74656
51886
68281
34487
20270
6258
5552
7288
49312
78064
74412
13201
57634
757
20417
21249
957
38002
41559
30221
7662
25968
11062
7631
50614
975
5698
13847
11397
14821
21004
38966
6899
1293
25073
34585
37213
34836
8618
5
30477
54409
12518
24545
22631
637
3819
403
10668
20403
14208
7901
9098
22528
29411
19193
62
821
10945
48706
7665
70813
1824
2257
28492
56570
18596
22319
1284
56675
14631
4115
2630
2507
9426
17595
22275
11424
5074
36663
28368
2208
792
9505
3195
20441
2152
4783
24316
29289
2095
12339
5475
8
25226
16499
9662
55542
37622
30274
5190
14613
21231
17258
16405
42966
18669
10153
28605
11003
2472
20738
17653
3628
5911
9630
8107
3339
1186
14756
37948
11479
17461
16575
23892
3517
1515
66781
41299
4085
1
1613
21280
995
26595
30956
2481
12604
12214
2299
38906
30961
759
40948
1726
5068
35183
67058
17548
27720
60405
11066
42716
3638
30002
4
8958
29441
3539
14459
30508
3462
55956
31032
543
35193
12803
51256
4774
7155
1247
6530
4931
6010
12949
33308
7610
2077
31231
44126
18771
24997
730
39264
9948
7599
56804
34178
5103
34480
34166
4008
7347
4326
2265
6183
37568
64877
5304
61414
14225
7321
9872
30596
1856
3440
5650
5187
6197
4767
62754
21919
20416
31283
27950
3987
17597
8820
2359
2801
21365
4249
27443
39394
2262
66636
49406
5820
2227
1929
3589
5435
44690
40110
3705
65336
17925
31331
69914
22538
58871
20337
44407
7453
546
19416
16618
9610
414
31567
18943
12364
5
3781
50058
43929
15729
18655
1401
11249
5022
43386
3195
1779
28627
15749
10219
15310
1366
37798
27414
31749
17958
45635
9008
16888
24501
29526
61392
2365
2669
29978
4601
851
4
3042
28535
13377
1196
26399
78145
3391
11992
19465
23869
23537
2240
27748
1431
2154
6961
23741
19258
5607
7673
10088
2584
2187
3925
22114
43128
49190
10401
48008
62809
31551
1693
6398
10343
3913
7869
45708
30759
39938
31019
16773
19207
2491
41914
3307
18835
25776
15601
14579
6897
49027
57744
1783
2375
50913
15335
35536
1613
1198
10368
29958
38948
6482
1529
27090
24556
15492
5599
33251
21324
41068
22374
1036
5698
6791
38074
40064
3052
2243
15811
11735
27194
24839
1575
5569
14900
14521
5678
11188
1186
31160
3
5055
16518
3259
17508
1487
30005
2334
59126
222
31824
53906
2712
13392
3150
3597
1030
36201
10486
8486
31338
15658
559
52055
18148
26627
13387
821
73238
3838
6920
19388
20859
6195
10162
41010
6035
36586
15430
1115
11093
1315
16810
22308
5633
2692
27322
12612
5735
24207
1326
24054
27824
10232
37721
40564
21633
22177
6592
21805
5501
31135
1655
1189
27291
55512
6913
32263
61880
22778
71984
24026
3588
2173
1990
38066
2237
19311
2
2944
8733
61438
35045
21884
1442
4113
30881
1541
29513
52613
301
1101
25453
20042
13207
53596
6837
5548
3551
39902
14130
8544
14823
23853
10294
70639
13240
58472
10370
30129
3674
8627
17807
34800
38732
2065
2317
15616
14220
41433
52394
7149
18136
18543
28322
1471
1409
16785
4362
7780
39787
42372
8692
10726
9916
48987
38214
1238
40007
1822
1646
8492
9841
37608
15
63402
50120
44978
59992
23221
1126
6327
3400
51844
30540
43365
29038
12674
36574
353
20260
1644
8805
16387
25043
8816
4387
9385
1025
77403
6683
46412
3628
44408
37205
11889
2325
1802
26905
5744
18365
30327
3404
59124
2422
19120
69402
14831
1818
609
69319
67469
4035
45416
7749
17568
6405
43565
8
32550
1
16619
7490
15944
29464
22990
15213
60710
8560
46044
10588
38439
14753
10943
2
47519
3799
14045
9280
5114
1904
16882
560
11288
7168
10231
8412
7627
479
15326
15667
24597
27170
25048
44048
3889
70553
23053
21326
32512
5079
10468
13005
67319
27779
4454
309
2370
6937
52863
21639
1986
5623
45713
760
45279
21108
5987
6271
4325
14858
41676
1627
3477
51809
4880
32501
5187
24283
15716
27413
1522
56884
9290
2198
34057
40014
60481
27329
13578
1667
2873
3233
56543
7764
14980
10477
2
30606
45150
12326
5955
45328
18167
2437
383
12821
58104
15817
58294
6237
2771
314
37287
1756
4799
14947
31474
318
15098
27224
10254
14672
19203
33230
15018
17331
16122
56985
5075
57405
50540
22002
15668
12858
20997
72481
14323
46545
36266
856
41275
8841
61747
27056
19643
8070
1555
33610
60447
36417
31641
10181
4945
17476
39191
6601
4459
21893
33291
6978
30122
11489
2549
11323
1353
5529
571
53047
58135
25296
5166
52104
30397
39858
74046
18484
12003
5953
12826
5755
2984
30060
3554
6531
52059
11807
3763
593
19391
202
46155
4670
1031
16775
26369
5276
2926
13098
14669
2144
7446
267
13247
46108
55659
937
3300
7699
9422
5807
46897
41952
27303
66534
868
43024
29728
7964
30794
4000
19583
25759
9867
46172
4034
1160
1818
61861
3421
30453
21990
761
27365
53235
10644
16017
10192
2686
11808
9288
5143
47896
12845
7160
61352
6105
1583
48367
51929
22960
14515
11190
5664
22719
671
42520
7123
6835
2388
1567
34262
2128
4989
20595
10557
21004
7403
15250
18968
1613
2324
5944
13238
20291
40093
27065
19415
18956
28900
18627
24310
24692
37248
64191
20158
31791
32120
33245
42567
46746
3789
263
22632
19183
10141
4202
7769
10528
18411
326
4253
7048
13335
28225
3888
3810
61018
20180
6029
28738
27528
17293
20464
37660
33987
12074
19560
59678
692
565
5964
10770
18590
24563
38880
15950
7251
22954
16114
21816
1526
46610
10271
18359
14900
7152
13769
78029
29838
13501
583
40116
5107
53867
19651
7536
4296
2544
17376
37073
32777
7173
2998
4601
2172
30947
31066
8733
63013
15021
56049
42520
61026
8299
29903
14618
24083
40052
1695
5150
9794
8284
3536
20677
28629
9785
642
24628
36902
17113
6655
57815
20206
411
16584
31653
61710
11622
32742
12090
22852
1158
42943
31478
2989
40469
6340
39135
24488
7405
2555
2758
29215
11277
66954
3131
18548
3226
19218
1620
9641
2231
17912
5054
26727
66923
18900
10513
4345
45965
24958
14016
21658
34569
54402
27070
3663
2171
26386
21770
2123
48353
6250
4135
445
34754
4785
3713
76947
7371
23125
21100
14720
34035
93
18189
9522
50436
40325
21638
8229
24935
1549
44429
3184
2217
21800
24609
5658
18933
28070
9018
10267
3471
27835
12305
4187
57430
15047
26773
39141
37129
1
12116
42555
36021
18613
6965
26646
3585
11217
24487
13648
5137
26201
828
1
55245
1712
4902
10075
28266
5489
37452
5254
5946
40071
57789
6414
8042
32872
55399
35790
7110
47250
40272
10473
965
25845
8529
49377
11317
27499
20454
46746
449
4128
13386
38147
6171
18052
35571
39584
28815
16181
27817
17645
69143
6724
41467
1602
24045
10901
27774
445
39278
3321
17123
7534
22132
28458
30311
25163
2635
4793
5089
73721
13834
803
2815
5654
16949
11840
14053
274
16487
37799
1063
5648
67785
53475
8332
36804
10154
490
2486
8018
1718
2454
657
43416
579
40312
2609
38346
36256
4984
7322
40862
9101
8929
13816
16578
3406
3207
6296
16709
21192
12230
10921
51048
9278
33672
12119
44476
7982
29845
16866
6284
11918
1636
52063
1995
1654
15028
3425
4346
23119
12213
12418
5115
14
38554
26115
13946
9612
2558
2722
25698
33794
5116
36454
10426
45011
14000
4760
44530
16401
21178
1646
21340
6507
41881
616
3878
11626
663
29540
60230
14139
2718
69451
24840
15528
1368
1499
47624
10992
2046
42870
3010
2183
52259
19026
2885
25599
31969
11921
6884
2692
30820
15360
39300
34965
37925
33655
27952
7750
6215
2
16678
1761
6367
1698
10446
29332
69547
8545
37494
19049
18070
32191
11494
2657
22252
22474
4693
48078
49761
1206
26105
8979
17701
5378
27819
47767
52789
5252
28619
41255
10032
431
24157
5878
4577
569
64116
38932
10881
33565
34014
6917
53924
11963
25775
7972
8076
4343
1274
1341
53984
6432
784
2644
6725
26559
44371
68640
5442
17449
13729
4410
35713
56048
7953
10531
23589
27571
51184
2922
16555
7527
24661
3842
52344
44590
51426
32624
74887
1964
9299
24219
59985
72103
19888
47980
22318
3
2680
51888
3606
68113
14701
13312
17067
34356
4652
3419
30112
10796
26212
10819
4780
3602
24178
876
14740
2803
10928
5121
18630
5747
61052
61435
20978
16051
11494
4049
371
17030
51673
8223
5024
44978
2444
17098
22925
15399
16618
2017
24571
36527
42176
2991
18294
1168
3457
16944
8948
22845
26208
40859
2764
3164
54926
40239
11793
2852
11608
7010
21635
16434
2890
24035
2165
26155
18262
8651
25828
54559
1389
27684
513
12359
512
48227
13169
749
3155
11473
43037
2802
16143
14541
32106
305
12886
27119
20798
9397
26311
43573
3567
551
8610
8011
7612
4279
1107
6239
5332
17284
51727
2881
5397
945
56624
32207
1094
2518
844
9102
21972
995
25510
3101
34161
18683
46
9665
667
46529
58173
19043
40007
3359
1590
29504
5363
20718
10862
16224
46501
14380
6520
5462
3820
22094
60566
28627
890
4627
14199
30273
44333
33995
8665
21061
54996
9388
14497
642
38225
20443
13998
10570
33793
16899
15476
42965
2455
16865
16092
1605
4320
9395
5314
25267
34083
8970
2265
50891
6574
28381
7570
8933
37833
2955
10738
4
30417
30073
5868
14632
2706
9352
60692
7991
24494
24879
48159
29701
26159
57977
7878
4915
3124
22310
9800
14715
41514
44163
233
7352
12284
24394
3886
37257
45261
55966
1607
42386
6467
22249
371
17139
11663
2783
16560
11298
13312
39611
10240
21916
45725
41633
35172
30969
5302
20560
22555
17630
8976
30656
31233
19854
32139
6338
12227
2184
23927
11617
14
13851
3097
13462
24321
33269
907
11289
2027
4300
48323
10161
5810
15733
33993
32294
8120
21224
53835
6293
29488
874
40492
40387
18837
2763
10283
14398
44034
57466
10146
11846
48062
10856
1716
21832
4346
1059
30853
3102
44010
1277
26556
22176
8937
15145
10223
9530
3699
17875
9420
3173
21416
76
22753
8141
10959
59150
15420
1818
4069
15781
248
3618
44431
10938
875
12533
5943
10211
4864
30095
5961
17842
3687
3199
23813
14681
8948
2401
2746
44990
18645
1072
16355
3987
30688
27161
42454
12736
9013
908
2646
15599
25052
9826
36538
1842
23694
9298
15573
3348
24134
276
28051
41595
14178
9805
29870
27730
50830
5207
1571
113
10344
2586
10451
18883
10387
68506
23922
5619
6592
17589
34385
6924
14
2830
2650
7720
7025
32166
21952
29615
6950
22428
51326
378
1163
15586
44982
24110
9807
7
6758
30493
22906
15173
10840
3283
42072
5414
35408
879
27638
31327
29795
11829
55953
6137
56067
14466
3249
17627
19378
252
2054
10899
14200
8771
13039
5711
72166
1406
37122
48000
1273
30899
12056
19975
5877
3855
4829
4764
12525
22896
2372
26327
41
50997
3585
15288
14027
29490
35003
5048
6113
12
45382
1887
7187
6901
35648
7018
18995
5715
23698
26662
13079
1754
26405
45595
5814
13156
2196
5540
66433
3132
9742
44316
16973
27735
33955
31305
3428
44261
11183
22123
1446
35103
25847
7011
8861
1598
871
29995
4296
8252
57962
21309
25414
10790
17867
18778
12917
15130
13643
749
8152
3875
30445
2223
20035
58724
44822
28014
4754
2705
2232
3777
3899
21504
19528
1425
25939
46715
1835
3523
47583
53885
5487
31379
19810
14071
5739
24193
7674
35403
20949
71891
18335
2429
1860
3724
15415
12411
62370
21791
27648
2022
57489
53622
6831
9812
8284
51695
24605
3659
7213
22275
20182
30183
17462
27594
11518
16563
6869
41530
22557
15703
11307
5891
13570
12825
21051
17434
705
9620
4023
65660
26168
14323
24998
12255
6461
17085
61092
68581
4210
10580
31843
1
30788
29275
17462
62222
4569
12936
44031
6978
21513
18792
38120
16026
14384
903
7905
12864
19010
22898
4869
4
15067
14944
48239
24621
1624
9649
20114
64059
12632
54797
5967
6384
32236
1137
25438
13169
23922
56843
13525
50105
10190
37708
19150
5727
6430
11670
16738
25771
37817
1855
4
53709
8671
18406
2702
13783
800
36462
8503
51987
21323
28958
4872
55862
4058
578
4099
670
5581
1115
9696
4018
25808
52884
40732
1935
52043
14072
17999
52502
733
27160
9010
13401
2814
11134
22303
20158
11573
36961
11391
22321
14414
15711
6172
7812
4419
42785
431
34845
9268
478
28847
1661
75576
7519
17975
10324
13249
15360
13738
33210
4750
3
711
1972
17197
3190
25334
10102
3196
34496
48709
17455
30403
39791
66476
1930
1935
19957
49986
12427
14027
35289
71340
9603
35019
431
15119
12178
10001
382
21307
2317
64252
4
2995
20836
8748
777
21171
71923
60972
22856
25188
2145
18141
17068
1694
32397
68200
7703
4130
1263
268
25587
53784
50311
26953
66
9891
1260
30038
6436
21896
4030
21995
30041
863
5057
38737
46401
6031
2986
15333
29203
16407
3168
19227
15351
9165
7298
12660
15240
1286
6
45942
50679
2733
18118
6854
25755
273
16223
55180
72566
38929
8467
837
9759
26189
16414
7923
50551
64132
28427
32713
6405
3305
49002
352
38418
2591
409
21041
1247
1
4444
18421
24291
3751
29368
10678
26139
26900
1708
52705
442
21436
60390
8483
13490
9983
28525
2468
26683
14821
17205
14563
5690
45385
5768
3431
18243
26670
50927
13652
5293
56037
39284
16902
6154
12641
17255
10398
77336
1775
11232
13945
6266
17749
23750
116
192
5405
65066
14811
4889
48659
18101
8197
14993
10449
47277
1489
5
43500
20773
25181
8922
29778
964
42302
21018
9088
20953
13701
26356
1927
24418
1027
57143
31881
8466
34832
73800
12312
2915
46575
629
38814
17297
1396
19033
6260
13041
1830
971
8052
17241
23108
1091
15882
20157
2918
10360
28056
65043
54929
70328
2144
40977
25674
12936
22198
18591
33423
6424
1313
17659
71250
3454
6382
12558
57960
3665
17984
73605
33070
16451
14572
28603
10293
4822
49980
9633
6181
23091
2734
5268
3573
14953
26630
13807
8411
7669
934
13
18584
40961
2169
7
23990
35337
26929
225
41314
35126
36532
6515
5538
23891
37467
17736
2795
50199
19106
5287
14936
126
75389
26995
29227
2839
5718
3715
32305
4317
430
5685
23998
12951
19252
8149
437
16557
4108
19283
3483
32007
36692
24327
9392
2663
64063
26661
2152
13243
8806
19129
6031
25069
47022
34812
25599
33371
27504
3469
1168
13256
186
3764
29530
3563
204
16551
15827
3844
63162
20501
49621
35782
44250
1261
10
5
374
33013
18013
10834
44001
21331
31982
16482
29660
33042
5810
16250
7477
18807
11774
1
55032
33061
51045
22108
11021
31368
1118
353
21416
16335
14617
1467
20210
55586
3475
603
70819
9273
10929
40301
3514
12354
50273
22755
928
36522
10791
35774
1692
1607
25716
34840
17480
35934
6642
21541
45872
10103
18876
1918
14749
685
9660
5176
6656
3180
7366
766
78732
26515
274
6254
21168
1442
10071
46373
9189
23947
40174
49859
16252
2090
10295
6816
16643
53512
405
2063
63554
43154
62119
30709
30434
2459
21395
20637
46478
7485
1479
29294
1006
6662
1730
8123
24426
11030
4070
1783
10595
822
1427
20073
10876
8153
35194
5916
13764
17595
32005
24502
21407
71465
37154
29287
24001
20567
6383
15636
5394
7635
26527
6075
18217
236
42960
3930
52302
17273
14495
27427
35876
346
5707
39400
30266
37801
32737
19611
786
15945
8903
32434
12780
16815
5879
19849
33916
1555
42105
19280
634
6160
21330
3449
35407
78073
2314
2722
2132
5466
8820
380
39394
49152
8008
8171
701
36852
28857
26409
2652
7317
18293
3776
15942
57488
15368
17357
36933
18587
34293
16064
28107
12676
3306
39741
9179
23597
60376
62405
6760
399
28910
227
11
18382
37052
9724
32336
57063
4043
928
24714
9543
6693
28757
54645
71539
2343
9913
2153
31911
1
17431
7682
16279
11300
31866
22486
9372
31477
5145
47278
3802
24083
20237
2876
18775
15468
11400
10238
3480
47007
11464
4575
10925
19532
7549
32275
21897
1533
8514
27530
60488
64319
20664
14417
428
51545
3852
67687
3
14519
2112
7153
48422
6315
24917
4508
8887
38960
7589
44159
17182
15414
36773
55709
28396
22624
31703
17019
13599
65366
16013
2326
32498
865
15711
44778
37677
31577
33637
32
2346
53706
13975
8100
17660
21043
2025
958
11007
14317
4551
14831
22172
15741
4891
17861
54986
56620
346
10376
10497
44235
15129
31181
587
9808
9787
51595
27897
353
40661
11430
1445
11124
10702
37794
6722
9432
20114
654
7759
7342
4175
16297
18751
50287
1
37940
35612
36323
487
1342
22252
18479
14673
2198
8522
53969
18128
2472
6923
908
19824
22512
65889
35715
2194
3325
8696
31630
941
13740
5385
45955
23811
97
59568
20435
2375
4187
8041
4162
10228
50684
9112
46594
43983
24967
14321
1228
36653
73159
35698
29112
12383
5896
26261
28020
39647
9984
62363
47724
11955
3218
12590
4348
6558
14350
30991
30686
16055
20879
71350
305
32411
2512
2500
240
6072
29443
4157
14990
12756
35185
46719
8884
22241
1398
31633
26243
8588
40502
20
831
27069
650
33232
7988
8064
73483
14708
3864
2
612
50176
34270
25953
10389
26332
27173
10292
28226
18137
46455
21002
1450
815
9893
33706
69989
13095
5216
5500
3767
18430
39830
45497
1242
11683
14085
9535
32940
3970
30313
3361
3643
15073
6937
9750
34452
15232
1760
4631
5899
1639
6435
46390
21045
895
2446
39406
27247
2298
17765
34173
56952
2672
29918
13852
2897
56563
18524
11299
1893
37700
37178
1624
1029
3400
61608
30239
11844
20949
4740
9955
29181
23185
46977
881
4803
6171
6642
44746
5515
48380
25770
33762
17558
2001
1
23541
49984
14753
17468
55466
15339
25823
61346
830
950
404
26140
3263
16340
29634
12043
6994
1707
2865
30245
33544
396
12490
18921
3583
31160
9
31082
12046
45761
5155
52564
38426
55921
31805
57583
811
6445
50549
3968
586
9782
34027
34995
5312
32258
339
11391
5866
43525
1800
43609
40470
10106
3787
7493
21436
2704
1281
32296
7672
25514
16356
211
3934
12294
14922
22611
12774
9955
23030
25896
16813
1
15913
14647
25367
9203
4456
25110
13998
60158
25284
48380
11111
9082
3274
26978
1533
10698
31478
19347
2716
9276
8468
9879
10846
18018
35947
14398
62940
21255
20352
7958
23544
546
7608
16560
4807
14354
3523
12199
8618
4919
31402
769
51831
50560
38865
15051
2
27176
21835
14174
45654
12451
17543
27990
1981
37926
21775
7631
11609
52099
24105
44585
47713
491
37385
14057
18251
58342
48481
12540
33218
13288
61134
1
6331
3477
2699
11923
22197
20299
20839
30716
5538
51961
20212
9419
6272
2694
9515
16426
51176
5905
3916
27345
1285
18544
4480
34186
9884
5319
12963
19489
17051
37186
3525
18551
15801
19657
51228
11958
14341
434
3171
7183
1889
21452
46400
20251
11903
16890
3831
23349
3703
16408
35822
17012
12963
2935
52764
51255
14819
21610
9505
15819
20736
22563
19112
2600
492
13195
53301
15821
17336
29667
60669
19323
2044
4893
522
2727
17794
31697
28634
47155
10163
39824
30472
14225
22912
16704
43376
13068
16440
12505
46824
33181
10438
56008
5100
38859
2776
14515
18093
17622
9277
34244
11415
4494
8636
22245
1444
7478
10565
1809
7897
69074
52623
7307
14123
21428
29604
353
56206
2737
1693
10912
36372
16122
3928
6956
7705
17191
1335
25650
22108
13594
54380
23981
810
10297
6255
14286
58072
27160
33557
5468
8372
933
7302
4676
48306
4264
18757
17527
4883
46560
59203
6368
22993
64335
21962
46879
23272
12185
2744
13888
56501
4256
67099
20658
23804
19267
3388
3537
85
5033
16026
938
25440
2337
9006
32391
18
1006
2324
2410
563
22605
17611
54629
34242
18619
23744
50052
58413
2097
46694
5350
28003
6159
8507
26085
22212
63495
717
62047
3349
69668
17580
43871
31303
27388
10871
34324
53376
666
10902
12183
2827
9967
23959
7805
2973
566
33927
11836
44676
59066
5830
4181
72360
20770
32
34965
12499
26945
29641
26571
8413
1
3449
10034
1976
4423
12639
7721
920
13871
9540
5625
20025
23873
14577
2693
27452
28063
14587
460
10836
21675
15510
40018
518
6
5972
35268
6053
33875
2176
2560
7261
12424
9244
422
32185
53466
15450
9669
52227
65817
478
13067
933
34723
45017
3462
7201
41668
4412
13586
783
15806
6219
60578
1
4258
1037
23697
18618
38538
20559
15229
1189
4494
4245
71862
5286
13609
20890
1381
4806
5064
32581
10158
16365
15065
59980
28193
1757
33535
38136
17054
24700
2156
10783
43512
23925
48206
26289
36141
7194
20760
5175
34790
3224
5344
11566
10924
13537
4
7266
493
9117
7702
50946
3555
5
21294
1016
19793
84
53392
13624
14376
9753
25769
13900
12428
18920
8728
5262
60084
10147
18088
5782
17836
14944
49711
3910
54245
11377
46849
31170
12274
7742
29403
10011
57592
8738
34550
1608
3291
2071
66390
6054
15322
10981
5533
18992
63929
23592
50403
499
26301
8225
11280
25306
31634
15283
74086
2128
4109
32504
25254
9853
490
12393
42
14087
2662
25345
2075
2259
18448
25200
10549
27972
52353
6087
54116
35159
29623
31216
236
26436
4525
20892
1953
14078
14914
51539
47074
40871
8294
52565
13632
26651
29542
2694
23088
29260
41035
50163
5048
45447
9527
996
29983
35582
10664
50416
1869
9689
57516
2721
4766
74008
1020
2394
23510
22310
1101
548
363
632
12712
12549
19873
1085
59139
27250
10057
3897
10453
33404
17646
3185
16449
8952
9793
50183
11986
11060
2559
19817
47717
33973
6988
17604
4795
4327
66
16075
2633
55971
7955
13590
960
43442
49764
25616
14997
10611
1
26991
35207
9544
26226
2429
18050
47984
30455
1859
7502
7032
5975
11555
27124
17862
8668
9003
1637
5814
51408
53419
536
19321
21876
3536
656
643
51376
17743
27428
8740
50490
8557
30906
8547
766
2716
95
5986
28471
39133
56759
67471
27358
43059
49419
22370
61732
11076
22637
22269
10786
14222
51553
17429
64949
46728
11286
1052
36388
60799
14254
8
20160
1114
7958
52215
5666
2706
32767
15042
21703
4179
9805
1311
31853
55869
34671
27395
9396
61343
67095
3451
13469
43421
3886
44462
19435
5809
39043
37114
22922
23443
6114
16664
53594
16162
6887
2731
59692
12392
2043
9655
2439
1328
51840
28478
19381
20886
27885
30220
30127
7154
56352
50665
349
42582
15259
3097
10328
7855
9536
8339
33141
6780
51832
5915
649
11239
44864
2227
13268
10713
17304
1
3042
12840
19725
6395
16084
11883
31646
47509
51536
7768
3907
14470
3544
1922
18992
27836
11576
6209
8223
30865
22656
35580
15772
55697
21254
10488
36714
18507
288
5313
15346
13504
2340
11091
46690
26723
5460
2758
14016
37274
47797
34444
57640
4217
6453
710
3631
2766
42048
42066
74178
13528
3185
15244
3079
7707
60788
38520
33090
34674
31992
49006
65183
1164
67656
9674
3203
39310
50521
11790
25137
3142
15850
1189
13386
10460
5867
45895
60326
32182
41281
47109
20781
17055
1305
38637
7613
41296
2400
19547
44060
29373
2588
557
29624
3013
1033
11526
32015
19579
30508
16940
34223
12801
46282
3437
26289
26012
29610
16109
51634
6589
40339
47742
27218
13668
62946
59667
34988
25223
6363
13363
5933
1502
4381
28043
13885
9616
53845
14608
5898
18000
44014
39917
31123
2773
15711
41456
2
25310
398
2878
3664
5110
67709
888
29355
28544
529
6837
55898
14158
733
4197
39544
6396
3895
23662
33452
68428
36232
1314
38456
33297
6821
20524
39834
19162
10933
8728
3709
73664
3740
4170
42087
4953
62027
18202
1038
19966
5084
31255
26559
17747
39881
643
481
2719
460
8293
23057
43855
21399
35
14231
57898
29575
16049
16126
11764
2048
53418
15077
31440
6067
12581
24625
3695
7524
47357
15047
22182
16973
3220
11929
10582
19355
1907
9531
8208
42732
6316
15035
16706
25784
1851
23007
51340
39817
35367
46357
39720
21634
13789
14525
36929
10859
31979
23729
18473
10318
4503
53111
17550
5503
3482
22221
64823
3229
58267
65639
36778
5407
17656
26352
28261
10977
54716
7208
20097
38127
31570
59933
1929
1449
19175
2778
28015
38106
25583
49636
4245
7673
36545
4165
3090
1938
13871
46042
23145
864
20331
839
807
3657
41043
32816
8905
10002
21009
25667
621
41505
16789
15459
69304
34882
5266
23870
4167
9459
15382
27675
30344
5444
20420
60267
17299
32977
15160
12323
1649
429
13700
20818
13156
2278
9055
12564
1132
525
13479
11642
11489
3772
47825
22182
14380
36686
3315
402
209
4035
88
14324
23295
6851
374
2536
23015
23055
3838
7552
37085
61042
2205
6018
16506
11857
10289
46578
10841
15872
9469
24219
6707
32874
44755
66774
18220
38786
42065
19817
18041
20866
776
5987
23002
8240
37007
31978
28966
43158
16032
32161
1254
6592
3629
29087
3
33048
1207
6095
43746
22485
51159
16430
35608
47990
25808
54170
1408
6147
16513
35806
14550
33259
1626
32413
1716
2986
16945
10039
17190
25767
31517
31878
24817
13402
11520
30429
42240
10503
5888
50005
19892
27324
2918
64519
28404
75
57444
26148
1839
7763
15387
6319
19050
15854
38128
9549
8828
9092
32981
5931
1483
15918
21925
6978
16869
41960
23534
2509
3813
4745
9164
23725
9674
30953
7259
24783
1581
138
23156
9885
1065
11940
10553
3921
3423
12243
12133
12795
40615
21743
2005
52966
19575
7243
28093
3884
15933
15497
28367
41851
11165
52462
55335
15473
5218
955
13046
20015
40506
31781
2623
4
5759
28408
25812
13728
4012
39987
44971
1652
53197
1017
12367
14191
18082
18072
5305
15555
21967
4531
20506
1541
68443
2577
26332
33321
40503
27599
2630
18699
49804
36547
18493
21070
1244
15300
3747
39787
3554
6759
31058
53452
7038
16790
38430
28228
17775
20192
38201
1799
5986
13127
6263
41673
16785
11703
21677
3246
16984
1254
23818
1980
20368
18322
2
11267
6198
22061
17601
32113
12889
14526
15330
4307
33093
17442
4615
840
1696
11022
3251
16738
30039
4649
28458
21141
21389
46199
18772
15623
54206
40713
12981
16026
40203
23177
1304
8658
28928
43461
4760
27335
589
4588
23101
17041
10637
25623
45328
43805
42600
68607
18717
19197
17501
478
3161
55482
54517
4466
18674
43530
18564
2248
8789
22938
7500
5176
27633
5164
9137
38148
27706
43966
8392
12622
761
42944
58122
45166
1511
16778
4882
298
22694
44
16448
26173
11801
10554
2865
3999
25255
1897
24452
7123
58960
20744
3070
29782
775
8150
26079
57211
44651
30126
36444
3445
2807
3289
34056
10485
74119
10992
2297
122
10299
21313
14482
53
8331
16851
27182
20314
38326
1987
11646
74447
13780
27212
3038
23802
58218
6858
3322
7475
20762
17977
39036
20797
20645
2963
65620
2008
636
7082
44660
8441
31664
6174
3201
14845
14318
18290
15031
20704
3692
4936
20002
51225
19712
36838
2678
71533
15774
353
29523
185
53937
27088
18027
19008
16566
4943
21035
10964
240
17046
16101
24534
8609
21658
23255
21210
36095
7369
6699
37672
3963
22086
10164
44115
68464
35718
10959
44794
15147
13742
6250
2500
8893
1331
14953
55227
45952
12279
17227
30759
28101
20091
703
42389
21349
12218
8108
7025
18841
10668
16946
39712
57
10938
384
21019
21744
12283
33184
7592
2200
42767
27139
44722
18295
27794
23905
15512
45146
17276
31216
4749
11662
685
29666
67674
1435
32908
833
14425
1777
1317
32421
4295
30024
1
13555
2821
23456
12088
599
33682
47401
824
13438
17004
39661
1856
3516
4836
1
32477
61017
8680
420
1506
1257
55391
12875
35986
11086
11945
42020
4975
1580
34208
26963
1857
11865
4249
37073
15974
4228
14501
29324
4082
17800
48516
36120
29727
17936
9079
10170
8379
15209
6040
57996
38365
2865
5175
1588
13995
52490
5607
47390
26747
3209
8543
10618
26799
3447
13411
3768
359
5418
10692
58918
59827
16722
10638
9274
3341
46054
28423
18307
4940
12642
4538
50131
7312
5534
2995
11
2189
43904
1196
64348
6290
7562
30109
3228
64330
533
4680
1103
1143
13758
293
43882
13766
42700
6953
12990
12075
509
55554
1
6068
1782
9486
422
70475
6929
45614
27144
4630
636
70482
49130
1708
21337
7588
13355
12592
45227
36321
7089
14372
6233
4058
10429
35441
1269
51819
7567
56793
2804
37508
13774
18770
35371
4385
1568
26184
4080
41851
24381
52396
20366
41124
40703
16817
61951
29197
35768
30846
5117
27052
93
15576
21131
9418
11662
5993
49045
77113
15327
15144
38422
39036
20070
52156
5870
12130
18943
1911
37011
14204
205
56219
2828
75909
26127
15651
7328
19173
2273
19264
9830
32637
4341
11199
38790
30580
53802
73423
44667
9480
70779
4093
799
41199
8356
19173
12479
44604
1012
73788
21037
3453
19139
12786
42218
10076
5621
4780
46136
40668
9067
1249
3896
25621
1
47406
6133
2013
50706
29117
42182
7438
9192
9056
2765
12365
7058
26029
43764
44323
14857
3549
27709
19945
8481
6309
723
25052
6391
9594
12774
38849
20979
7031
40327
6553
1904
33419
37555
2524
748
15925
6597
5155
38160
17363
31505
40012
12845
2391
24528
48534
20321
24932
1141
21168
1466
21604
1139
495
13554
21699
24306
19825
12767
4134
5113
16049
67800
33509
415
44691
18384
892
8426
46409
3942
45618
11926
48530
29700
52545
8607
9440
1747
34612
15996
32643
733
13944
50115
44179
319
5204
19775
16057
26014
5994
1731
18070
22523
21984
17259
14641
19154
9834
20061
20554
29351
645
3827
37503
10264
13739
5097
5436
20312
14051
3120
42813
7964
34917
19724
24371
18970
24205
25738
301
47473
30578
16011
1555
50683
2314
4677
22718
47092
1510
7224
39686
3050
20775
8449
54899
15902
8269
42951
1906
36706
44435
28082
45809
36488
17623
1099
14710
782
105
55341
16263
2456
12776
1303
17480
33475
27729
41180
61285
2846
10107
3930
58712
3049
35352
7047
13696
50636
14552
106
25842
10191
505
5977
28815
21915
52017
9982
58035
26057
6
29910
43900
19419
22059
17311
1976
2448
30582
27238
4692
1603
1325
7228
31341
8783
3684
65004
25457
39518
14755
22862
3436
2401
27844
19295
9990
640
52678
46598
12361
5382
70705
7699
8446
40262
61700
5580
22054
831
665
51232
17904
34888
26500
27369
10670
83
9109
24184
35598
19918
2748
9525
14196
24638
18371
5381
34415
24771
7093
10510
42000
28844
3983
1819
9139
32148
24310
8827
31851
46010
8942
64685
58276
14296
3515
20478
24730
48110
2990
38254
20187
13783
27727
12766
6730
16031
24857
1424
6109
21361
48339
445
8360
16148
3242
7632
63516
7486
38771
22458
13909
1749
52516
2608
27024
11714
54538
11872
32771
56221
1322
7010
25924
16566
17843
2300
15084
62050
4072
41316
955
46001
19006
17117
27977
20691
2935
43935
6865
999
6453
3945
6750
26940
8694
1456
672
13423
23896
50466
773
22237
707
9658
31547
17478
1900
27462
65793
3119
48092
2348
18321
2762
449
464
1813
6566
7411
690
4503
61002
15085
951
48876
11654
19355
28884
8293
14372
5465
7113
17050
5825
4057
34542
8007
1711
6395
489
13232
6715
58688
1155
2318
10842
34085
5715
10072
20779
21598
5086
40644
27431
2515
18729
977
14447
45118
13041
22395
20795
3860
4302
4357
410
15403
6828
26800
30969
3527
3923
1821
41226
1711
1028
10266
44583
1851
32189
18224
20901
1142
14769
5740
11182
17200
21572
32231
15437
24053
45117
3035
22121
1563
19711
489
29746
4917
506
8497
445
28583
22431
27655
8828
67146
44735
8716
43159
9071
4334
26757
4507
13973
18571
56961
3990
4561
1959
2743
42103
36428
15886
5987
10657
326
601
40321
65296
1293
54649
522
50237
59560
18891
48827
70077
7586
24347
1486
22732
21495
2519
14046
15828
3762
28243
736
11377
17903
18757
6365
2346
4173
8936
14036
11155
30930
44328
3241
50724
1915
7836
3119
73
255
15314
9921
7850
1577
39297
53536
40263
26287
1176
16446
24933
12680
78548
21734
14481
8157
21118
7596
33222
26817
55845
27181
4025
46408
5654
2138
59540
20267
21954
17404
21001
35976
18155
22802
1792
20051
16305
12692
1894
6216
18007
25323
17502
58211
15206
4258
9459
53272
3197
13080
38225
25536
11261
12713
43567
8333
38298
30296
35454
41569
3617
13831
27534
54341
72021
35831
43134
7702
41497
43031
22449
6355
7926
25910
12603
3522
12156
6252
30208
65945
5389
12595
10408
36958
1164
1325
12042
25866
97
15238
42804
2
1647
11287
37952
2922
49275
8647
38016
27804
17540
7211
11779
1258
3320
460
24367
13132
20839
4952
14496
14173
5819
16359
63841
5350
8668
16761
9851
6530
18267
5338
24731
14002
7838
1756
5589
2925
4808
36885
10291
44176
22202
11139
33876
24439
21464
39920
31206
36004
53506
27714
8959
25870
37270
9071
6053
20417
8167
1929
883
1469
53075
3469
8880
48108
6189
5454
10853
11511
2241
20498
21868
11087
47600
2622
54849
13721
1523
16855
16565
916
3
1215
1053
5568
1539
29685
6238
56938
24518
17626
51828
5983
30681
5166
14303
42517
4813
69858
55206
74734
22442
23078
4962
42930
568
8825
41399
35038
10601
33290
56251
1897
1528
18837
46967
17684
25602
39703
3318
3063
24200
24930
33526
19546
2444
268
3867
56219
25243
26726
22801
49114
43933
35158
782
3623
56126
19
16673
6
35970
15679
1943
978
51633
30166
13831
1816
16543
28254
29208
7510
42916
2101
10698
7493
1784
7918
17561
14152
12785
10042
44459
14759
6091
763
45992
9077
34028
1549
9217
10416
2
5887
8599
13226
42431
17454
11970
31333
57827
5079
38658
12325
17520
28133
18065
39455
4746
29832
17194
10078
5828
6585
21853
12663
3873
35389
2234
1661
49913
5537
15286
6606
50334
63
8164
31718
5326
2741
43111
7350
10894
6399
19229
15938
4756
20962
20579
4112
7898
25557
58562
13761
18193
11341
4898
917
5750
17802
6921
15663
25407
11386
8559
13076
9679
14748
40481
1
20673
45360
30681
26312
63213
56612
1498
35437
13870
3195
7526
42063
11507
1580
25437
27644
32238
14353
4034
13444
2612
14566
5609
5114
18715
2556
19260
8131
883
2804
28648
67695
42145
12045
28754
17196
18336
31131
6832
8936
33001
4223
36995
36260
32090
28266
2364
31463
62500
33714
566
26947
39612
7872
78232
45792
13800
1282
11758
5281
43604
9520
1466
1634
6862
631
302
32971
27924
21647
5091
7516
5815
28338
18780
7857
2133
949
6043
47887
9275
5183
7356
10862
71
48266
31109
11310
34639
34945
1549
8369
28440
957
21810
12260
29523
2986
42323
44992
3684
2066
6674
10044
1
17053
14583
9364
34439
27378
5778
11631
16246
2994
12957
16323
8454
3543
5374
18750
22612
6548
14469
26301
29577
16198
67657
8511
16226
2237
11959
25078
2892
8467
13922
50425
9365
23137
9731
1525
3810
45064
56171
9105
39177
38091
27117
16821
6488
24987
17724
2763
45047
3576
48528
13126
11479
338
56528
25343
5409
2771
5734
63891
57231
2354
6918
49270
49354
6867
26080
2502
4557
1
365
21972
13064
31574
19072
13227
5988
10356
7090
18314
18118
56875
27521
61887
1309
18930
35084
12813
23792
24458
14499
56277
7877
41079
11102
4108
4165
7542
2546
12671
21555
25942
42166
35642
27549
17932
2706
3404
11558
8272
3063
11171
36135
14050
8951
19288
16086
21001
11845
3805
11452
5511
38005
7137
31217
56909
13902
8493
44870
7630
3044
26201
14776
472
20861
3042
24338
12396
9499
6824
23178
1384
1503
11534
10853
28032
32464
1783
272
29881
13655
30895
16808
5827
46451
16676
10274
5018
11539
22650
54104
3852
353
33815
7272
2349
4831
27451
31181
12663
7535
3
1
25589
3470
20904
37932
31166
9469
18225
441
19984
3512
6442
30919
22568
51457
721
49770
17573
28144
36753
6856
48793
23710
479
58864
13293
10358
20444
12319
47318
6127
35493
19206
7619
974
24337
1855
6599
15189
32826
18143
1016
21448
10231
17214
38352
7479
4429
68251
34512
37993
24238
1632
37173
34836
10507
11606
14557
2653
2692
935
4799
35037
13289
25771
32612
1292
34561
39399
52781
33628
26457
583
2071
12052
16260
2708
1606
11164
10736
14712
38945
10448
11239
802
9520
48076
59134
481
57594
8404
1734
40276
1641
15837
25819
48759
34150
20429
22697
7318
1029
28411
37083
23678
23524
32756
12106
44600
13732
13503
657
39262
27653
9
3153
11110
1210
55342
1314
9635
2161
13112
666
52214
13459
4252
44405
8420
2726
2080
20910
13365
36150
5259
21457
18861
61905
4492
43463
8813
4704
1073
3966
51583
22715
12536
19684
24557
2859
1915
18636
34977
543
11684
4102
31034
12950
4668
60768
12104
49279
16359
16332
2159
25756
6258
1139
37466
45249
19586
17767
49880
34666
7264
28341
6062
1569
5443
65745
63062
9079
3180
10310
981
36289
8600
3093
311
12840
27165
16119
9731
26384
16479
31174
10589
127
63779
36145
20693
7224
33762
49252
25889
14266
9462
27172
34829
221
4866
10031
2
5216
12278
12071
10237
46940
17204
7540
270
11029
72702
1447
6188
39281
11445
40213
44045
7046
34386
21811
20508
12353
6431
25125
19885
2393
13620
4573
6760
41489
32302
2237
11740
38768
8359
2069
6020
4665
29298
47226
69067
57773
7928
23181
60731
5559
34480
1050
14465
1209
28681
15489
14295
25328
9653
11764
7170
27665
21801
18162
2382
16898
29422
16481
2896
27937
17361
54041
33
3960
20992
5453
296
2422
53500
20836
5228
8435
15922
8335
58803
6335
2630
19872
11755
4567
228
1434
1002
19668
74498
54707
60102
66469
21031
13718
41279
48575
23927
19753
29820
633
569
12723
41343
12338
3251
23782
21106
3856
36482
16458
1799
47170
9732
8980
41364
14660
33530
12606
11048
23002
11976
1836
18659
2796
24745
36618
1
42415
19277
2255
12289
6731
22679
44816
5364
6012
19640
60528
28518
50951
14006
8558
44118
17396
4246
20699
4933
59665
12043
16386
34379
20910
5095
10661
24983
10868
11466
7454
1908
17079
22991
22141
422
933
24654
8259
9
27587
12309
1516
55767
6189
23860
44872
56141
17486
11251
59704
26584
1462
63018
17221
23801
51484
21260
62316
52994
51933
31918
948
1769
8613
3416
45082
17612
34805
2124
1497
14804
27747
19256
31242
37061
14771
58207
43914
50078
3124
6072
54834
13750
4666
15871
20459
27406
2994
4371
29284
10350
31486
3551
28410
31809
2484
32164
4623
55490
11570
5514
33797
17814
15379
20121
4940
9363
16016
10866
42517
10460
6829
23982
24334
4774
14807
38824
37760
1642
6130
52529
696
38251
35844
34420
26152
6914
496
5889
10212
58867
38979
10587
1212
41137
19620
10001
30252
9427
14177
2142
344
2639
7964
17405
16485
1441
27984
15754
8057
55952
35357
26079
5045
782
36321
14049
4415
16415
26115
4154
16117
31453
17910
62767
30916
41004
9198
9262
51918
28517
14630
33167
19477
694
23484
16750
6929
555
23285
11584
30828
2133
27944
2477
4767
27448
19479
10165
12727
4282
12659
28349
26011
1101
57446
58112
3164
30393
65673
5240
19705
12492
24045
26211
5673
32342
9650
48870
6677
17220
10773
17520
27959
46716
50780
11993
927
1059
644
16241
2774
21777
59865
17897
32227
4762
16824
14194
1564
37600
11911
8456
1076
24864
27153
6252
239
70991
17899
3836
30772
31353
5963
64165
3946
62343
8702
1322
388
26363
1437
19
29400
13920
69009
2270
29355
4552
17860
8336
49248
8952
10290
40415
42924
43702
2018
8045
33634
14601
33255
32129
3425
23000
8257
12014
1014
35253
8372
38661
59201
3064
21668
44428
5802
68183
26020
11753
11014
3800
5725
33293
7533
6346
6111
20205
1
21640
11423
918
492
6947
21991
30926
27517
16323
14668
64966
13524
32699
24699
13740
15064
20678
38381
53389
15216
1034
14160
51994
12186
22839
36693
45717
4167
16792
5034
10639
3457
22272
24419
29778
56276
16348
14684
440
25641
23837
17705
43720
42758
18449
6034
6288
27657
17211
1853
9124
6
55893
31970
1672
35852
24265
7
69757
9134
1244
48861
8440
26750
53389
27264
11730
2267
20769
18302
3078
917
9872
410
15129
1630
1477
18896
39766
16068
36616
3164
41567
3412
34245
6852
29477
28040
26006
1580
32991
20554
6618
77
7321
370
12252
19177
4537
1028
66197
23298
6797
49549
31912
3741
30516
7965
6436
8730
46238
16524
9751
329
922
46127
1957
16527
51031
4810
6170
17678
61363
8503
50685
19014
20156
42721
36146
9919
8088
54369
10091
14
60678
19979
2827
16457
21469
53584
599
53608
38401
17321
4541
644
5821
39485
46820
2072
991
33637
15801
4870
60531
28756
25315
50127
48420
22678
20600
2706
40502
2453
7349
3055
28183
35275
11465
2753
15535
30956
15728
37405
45038
53683
18481
11273
14870
23148
44856
36025
2299
61674
18856
4367
48483
2707
19533
17557
7269
6091
24749
92
2356
15046
6795
7746
2258
27966
10018
8705
2117
25382
47360
1890
35305
10396
32605
4693
14482
2431
9583
27430
5739
6482
5834
32042
19536
13612
17487
311
20368
13521
1378
8594
21480
11
5255
45670
1246
59011
938
47640
14551
47210
1871
12456
23103
4423
3419
5156
40260
55115
12116
630
4756
11714
37002
45056
16752
36727
1820
44188
1
3965
1629
5998
33662
1370
21274
1119
3669
31416
6604
63185
24774
2219
25703
60153
23369
16338
48156
32721
14109
10927
12340
3646
53079
32295
14989
2258
5052
621
23958
7200
29609
28187
48348
11389
23768
33316
6079
17235
8970
430
18669
4575
954
14036
2879
13
4024
33013
1873
24867
25749
17695
21006
16289
11508
22299
11832
12909
14213
24666
35594
49595
21218
1549
16581
13590
8770
71969
52624
20421
32169
30495
60750
1257
15441
20855
53688
41314
28201
10239
12691
14225
16276
13626
6045
15818
43732
29113
5261
31040
253
3582
5847
15306
39216
15172
87
5429
38870
25950
4304
4778
60595
28476
26331
11
3910
15456
30973
22572
9783
10605
14939
49100
18166
20716
10336
1161
22834
6064
7279
1751
47653
18800
10793
20964
38036
3822
22557
3853
14337
11895
1975
27976
22676
335
7738
49021
22498
8313
30954
1
38811
40041
5367
55305
6292
3771
14353
16060
29111
4429
6633
45116
14220
12363
10923
4111
12609
12620
16947
56846
21699
2502
2264
13199
15488
9406
740
17061
14599
2014
21887
37636
1293
869
12025
38350
20055
14320
12758
41964
4498
1317
10377
1556
56990
17020
5263
40527
1117
15847
17310
17436
8043
3616
34940
7923
3887
41717
6882
17861
33738
6641
6768
5
63795
62630
60498
50253
14217
6470
26551
665
9962
9238
13265
593
8301
22233
34063
14492
27335
2539
17035
22370
5900
11345
875
18101
16807
49458
63516
18077
943
6650
3739
14974
38675
3573
13914
13006
1505
6732
17276
2395
14866
33332
2862
2113
5309
20182
44316
1311
3528
9207
37880
16765
15290
19721
7187
11010
38649
7540
20222
15060
52861
20324
16693
37690
31727
45974
6626
35951
5042
9466
23065
25740
20096
16844
2754
7
13396
56639
20677
36375
13064
4468
42366
9920
39408
10955
22372
23191
19585
11225
2355
2200
9212
1708
4746
24665
10393
29699
18779
1685
3817
9471
3228
1
5080
9375
28881
25267
45402
608
71624
52490
44061
2545
548
28845
21138
4819
84
761
2
7796
19619
21971
60573
31006
33401
14954
760
992
21772
17318
8793
3199
20738
65318
28617
23392
27072
41385
24109
46473
47906
131
14691
11507
34260
14917
18241
9
11734
43676
8396
12557
38105
36525
23570
1801
37479
29193
5808
36823
40786
41870
27706
10439
4450
4271
6613
27024
18844
2422
36629
39921
201
7528
23881
5369
6151
3282
10150
34068
21125
21948
46582
7
20661
7085
23757
3426
52097
22
29096
13333
31645
5026
7332
35357
3170
17150
8034
29308
4541
358
2256
24448
6722
2453
39979
31584
27732
70129
38860
2258
37280
48902
22464
29695
57808
8255
2826
51800
4749
1946
580
31681
17380
36915
12801
46581
2809
15313
33495
19990
1135
45433
12528
9691
12923
7809
9846
56667
5246
8689
1348
19191
64747
17253
1502
8720
8
4310
1251
5167
54
6635
31366
7339
373
2231
1449
30208
22267
2181
36803
6663
23879
12038
34014
28150
7250
28959
2856
12182
35420
1739
8386
2222
51979
13711
12213
46529
4992
33830
500
12041
19584
5133
23490
893
9559
1816
20131
10475
38273
2754
6240
6838
5647
6527
36767
37750
8759
25832
2979
49952
29597
28068
13229
5133
49223
14665
37376
44293
14093
16935
23015
17326
3418
57878
390
7316
13572
16388
31812
4727
15231
917
1257
8155
2209
36051
17110
25222
45317
3170
56692
56455
3927
19137
15409
12572
47243
3562
13224
41201
15608
1267
2323
2814
636
49859
68943
37174
27051
6917
34875
12619
1929
318
13406
14150
3520
5595
8845
9751
1416
19023
3244
26580
19119
1890
28785
2264
54421
7879
37165
4546
53141
2296
393
8997
9951
30459
1046
11641
497
34592
5970
3935
4990
28065
47029
12370
5658
57373
7211
384
1724
2935
36858
5188
25245
18862
4402
15250
697
20097
15297
9665
1464
22200
60963
22101
1011
39925
9534
18909
39492
9589
13988
6165
5890
447
18163
29637
6750
439
34653
15267
43321
29739
35553
20435
17460
18480
47148
4155
24435
17153
6679
553
2034
15167
4948
16090
27613
8579
37024
4781
6161
9191
16155
15916
12687
1483
5592
13056
49532
26646
68450
25398
1424
61084
8467
47100
12717
21387
32514
6888
24118
8197
1461
4750
43526
67343
32111
40601
6471
18541
29283
19056
34726
31367
31951
11096
13648
2754
10894
4400
11575
26916
16933
1894
32910
14295
21291
20433
2758
36631
43408
3166
7131
15596
1825
5170
26082
13741
1331
62109
8532
10665
25404
14692
16410
11045
6558
6701
13126
37501
3200
2403
9268
22602
33915
3332
5641
23600
20
819
5288
17856
62708
21233
9280
12962
32335
54108
30727
28480
15187
10773
256
2516
35900
55119
19816
3890
17555
44095
6811
4142
46895
11886
40490
40145
53373
28842
13988
30064
5993
3441
2010
1280
9587
10597
74012
7
18022
20031
30597
30619
9410
12003
20423
36931
8879
5843
43650
1096
7956
1034
3068
31991
37174
3846
14817
31306
45225
52765
5753
39674
30314
1110
9936
5066
6562
227
2604
30390
22596
2262
6199
10580
22988
52361
4457
11647
38529
355
11147
8074
23186
5623
32433
18731
12702
32212
1766
21522
20545
10896
6413
12274
31121
23235
6266
13261
2981
31642
11596
38986
6948
31842
11309
6604
13806
13447
5282
13882
41978
4306
36954
41745
8798
17394
37505
11065
1809
9362
8435
32295
40790
2
38110
10079
6405
67583
19032
33598
628
3289
30894
7
1226
10954
61559
29906
35691
9841
9019
7599
18413
29828
40658
12790
6327
18998
40376
53122
12082
21572
4975
4432
4559
39630
36724
6976
21543
6518
41525
14343
25668
19664
1315
47690
8405
19859
23125
7659
5181
7770
5525
47347
46940
21296
17969
9115
8145
71780
43503
801
12298
30938
12134
65711
18351
508
13838
10049
13643
1
9811
17798
37106
960
227
55464
27779
32460
3745
23301
9024
1208
26886
44467
11281
6342
39
40027
7227
2586
57920
42285
55262
61044
34832
15111
3803
4743
24572
40986
27516
2151
25288
22797
29653
1610
13385
45023
1764
53761
32715
17596
21493
18087
16324
45596
8400
5994
12767
6592
29031
975
3193
17549
8867
46283
3544
14130
6520
33676
21007
47279
34153
3288
449
8511
19753
27935
6153
26861
45058
52599
43643
39844
15603
271
13673
15905
9354
9629
36
22626
4210
17610
16005
439
11547
21513
2349
46458
8274
10866
4814
7872
27501
17014
10406
10780
17527
33625
6431
48662
677
5735
24923
14940
5207
28829
22903
1589
5757
33635
48575
47752
47803
11079
17738
12626
31271
22287
42228
47684
3964
14270
30267
37
37283
1537
2830
16991
70124
12205
14969
25246
4679
17720
51378
1163
2879
1438
17576
2741
34688
5369
31992
17840
5025
13716
20552
60540
62919
43982
33740
15749
43484
8159
23594
5658
39306
35118
37249
4656
8846
5853
471
6755
58
713
17769
14430
11138
30308
15517
48520
20348
1920
1863
7582
34253
15852
15173
1090
963
43224
26352
31527
30517
15149
11823
44838
1529
6023
9261
7365
9689
891
805
960
11822
869
8594
16771
5592
21638
610
34374
9021
17239
30623
49035
5425
12086
22989
40710
38344
664
1944
18835
23847
14606
66991
3430
20885
36356
5216
19698
15134
3902
3681
13258
20193
5343
19768
1756
784
15523
10931
45547
25106
1068
7436
2111
5888
10989
1966
249
58437
7043
815
1679
10008
15319
23034
23270
15471
17513
12323
10183
15955
14561
11264
15597
21822
30600
9603
24880
2144
28459
64591
8580
9760
2807
4921
15110
10361
3285
10987
16012
649
844
9591
34640
16235
19384
26930
2755
74369
1192
8728
1453
633
13864
17849
591
3612
3588
4904
43342
28652
8634
56043
6856
8
11072
24989
34509
58215
6672
26409
41571
8255
12709
15151
20016
35800
5045
27123
1572
6791
6213
53346
5607
47741
33751
42552
16050
13911
52809
30172
54151
9246
2763
407
21131
22326
37277
53084
18482
13729
7770
5347
26398
1564
39245
6532
5811
7065
7192
3474
32727
8671
9293
37784
4817
46063
49016
50090
9076
45070
25284
64175
8612
1
50382
27418
2515
23016
3720
30975
6552
41890
5541
9112
2990
22133
6446
44809
62454
36531
15823
20441
24083
3341
24793
13984
1917
335
12133
24491
646
10793
5618
21539
1964
14758
7954
17003
47719
8762
10684
39373
7288
33133
8689
19057
1740
10386
45867
8453
67052
33650
2185
13240
219
58438
6168
2240
3282
4094
8894
19175
4403
2270
21968
2747
48178
68752
17830
40363
27572
9980
1345
23098
34086
10047
50403
3251
11150
23912
13820
29361
26057
36737
49576
39214
15254
48956
20917
12001
2932
2190
37834
44289
26800
20527
11579
7906
2054
39917
23280
14834
22397
16663
27342
26003
1459
26844
3248
4291
45568
11839
38300
13295
3333
7204
5181
25614
49453
4173
737
7867
2793
14200
16310
4876
21568
3061
18444
43786
14939
8039
16735
5986
8286
17484
18836
32837
3133
19798
18714
24872
4155
26505
1052
4953
40478
2592
4134
18216
10314
43852
12695
6129
20479
29046
39418
33904
7292
63750
46619
34634
46998
19058
4338
452
57128
25028
45183
8243
1573
47069
31490
11568
65129
27606
11582
32937
803
241
1116
40480
36455
35825
10413
29864
806
7511
38631
6452
26324
7516
2010
31644
20722
15968
25700
37142
22127
7551
21605
24952
23022
1257
23796
2434
7142
39117
24712
7
5791
18751
7891
16648
394
14484
16117
25398
8839
46795
31217
20599
12138
10596
4452
26039
6484
27570
1204
5834
46105
30947
18130
15155
2304
9739
14259
15315
21010
3354
27596
12107
23182
23768
52771
32176
24952
909
24843
55617
36495
3696
2203
9149
31174
13998
20878
3358
17210
9740
73526
34806
4781
26466
583
2319
12
44170
29568
9684
20366
31584
8562
18321
40909
1882
9616
37029
38042
11
12759
2305
8269
6755
6819
19998
44914
41346
25519
4991
31270
57000
26622
70154
5704
563
3467
36538
1735
47068
30701
54556
4709
10678
9114
49163
49907
53845
8223
57037
9860
4010
22088
17352
23089
322
15861
50063
21426
44709
2836
18264
7258
19231
54388
3390
10125
61108
9381
34535
56447
16911
14835
24389
56478
38423
30625
22458
5923
10557
12153
38585
9724
2523
14580
3245
3611
6074
2023
14575
80
1430
3376
25312
65635
394
11
174
15770
30589
16102
37164
4441
574
943
35543
31342
14221
19551
5987
31686
192
5250
55333
30799
27929
4568
8026
48350
10709
31944
7835
11518
11578
42202
3477
53289
55945
6602
10831
49860
26521
22319
22989
8005
10892
64358
691
22237
65203
38735
573
28874
491
44702
30288
10642
4963
9279
40410
384
31619
20790
2048
7514
21154
18028
22263
46088
35625
23614
8992
62925
43263
13906
4039
7228
24300
33317
53342
24333
23500
2206
21693
21590
27446
35916
1381
61348
38479
47136
1170
38279
37952
9025
26313
19184
36811
27421
3123
73755
886
17767
23934
48683
25176
10679
31008
2106
4635
673
26655
2362
54231
1339
8735
29841
25861
28376
39283
2434
16290
19561
7312
24395
44124
18946
2
21244
3377
417
4860
25957
12643
42431
20477
9107
3165
53005
38870
547
42825
20798
18721
17158
35922
1708
5636
27935
4175
12442
63366
60253
35337
28697
4880
5585
22768
50606
3473
4334
901
54916
1986
33051
62055
8921
17832
27293
8455
49590
36235
11596
11397
48891
8397
16279
5782
3963
43675
30913
8077
19650
16503
30737
61532
33738
3987
2776
39045
41724
20994
42419
33036
17629
55951
6488
1474
43161
648
21714
2624
9818
56635
733
3669
33729
41449
1313
17443
13041
10448
16095
16503
19760
846
1015
55041
7127
8890
3138
49415
4659
25172
4365
32306
590
16180
14827
37623
25546
16001
9812
4934
7420
8031
23154
16464
32860
7868
8289
15541
1079
63433
70141
20738
7184
41101
11225
24226
11539
12328
3912
35259
3448
5775
6150
51566
5419
29193
14138
13411
17446
32867
5165
11310
36183
24239
9506
21042
32290
65093
532
58701
8455
1418
21344
25917
1
8313
53597
48802
42823
4914
4733
21902
38959
14496
24121
1682
10701
2938
31308
22719
34493
1682
16919
53270
29838
2
3873
33541
16784
29739
25561
40444
11843
5633
13966
20598
19010
41404
22833
17506
12296
20436
40327
5990
12127
27033
10515
21021
37978
18535
8576
15101
26883
48477
46409
25677
25661
32837
11173
39657
38180
35757
48060
1454
17843
57492
2421
29072
5644
22732
2923
49514
38122
54572
42633
8387
5792
9570
1609
7489
1528
40652
33210
26305
5264
35698
60889
7044
26235
748
9693
51731
65132
3854
66898
11589
4458
59978
14064
5730
42745
12582
5198
69496
44061
7039
49412
2080
36332
35809
42430
52490
21264
7373
7937
44850
1337
58340
32172
21282
35576
70169
65495
47897
2554
36303
10555
1666
7477
348
6528
187
11968
7701
16943
37807
18576
5699
22267
16604
2224
73475
6431
11178
11844
17189
31598
49395
4153
1711
16928
8432
21933
42171
14520
16018
7948
3059
2759
2294
2074
2316
5071
894
13389
7919
2101
29472
9902
41035
40347
704
30090
14062
5215
26533
26849
2651
18399
19832
2131
18491
51923
474
15422
13751
45071
15056
39235
31121
4451
3605
14779
9752
1034
204
24127
26507
1661
23177
5229
46323
37695
17392
1080
3794
6006
24613
49488
36004
198
45340
22569
21780
6541
19883
18491
18410
16654
34321
1322
10409
31774
41032
39872
32113
11584
3005
8039
32375
11747
46725
408
54258
40045
3724
36365
24377
1079
16678
47199
7421
17017
11384
9143
40670
15700
315
10968
12636
46642
23364
1
17041
4043
18380
65437
10244
48433
47411
23448
3662
6959
2111
1306
23745
12168
6525
3261
32696
8863
13092
31811
36543
25892
66909
61122
8494
7940
14732
42587
16254
28341
17322
10793
4393
23775
17412
4350
39272
9254
2071
54912
54304
7268
60043
13249
15358
31233
6055
10702
9131
52251
44546
40275
6602
23407
15317
27459
3432
11567
885
10798
52345
28309
21639
44844
42690
6670
1547
12007
34985
34528
35839
17321
5519
6985
56950
48979
2823
68037
42880
2955
483
2025
4406
53881
38100
39477
4205
27063
2795
3202
6083
9318
4037
5721
37660
27443
20278
7808
7200
18506
20760
35742
50412
27424
55073
29377
45545
492
32730
3716
21788
20245
1554
8402
45187
2
38602
3918
5191
1645
20466
54126
3453
39551
12771
26216
3692
502
68653
33277
1829
310
28230
24981
11180
21089
28824
5477
1133
40070
361
11742
43547
44902
26397
4488
27656
57461
36075
24822
64180
50028
33131
24798
6427
20324
42030
47779
48517
44227
18628
2334
44558
2450
44596
8736
2658
10342
21884
7652
3421
24159
12557
7104
26675
39295
44881
4229
36562
19248
21795
11259
18606
6038
8870
13998
26022
18360
6545
7807
9661
31476
13827
17148
10357
10574
31294
23873
27248
2026
10666
20790
60303
1426
422
36141
17100
2872
1878
28907
5633
15634
17589
15656
2837
19953
17041
12975
44763
15315
40115
12930
1731
43689
7293
6838
9950
10263
30437
23577
50657
4415
7436
13918
40755
3227
39281
1635
12521
2516
31731
1387
10633
38636
33441
4845
2330
13681
36459
68270
20456
9222
3123
10664
12363
67228
10930
2533
33939
4512
249
28685
24884
65183
2420
1659
14841
23730
47194
48272
36039
2271
2225
13377
1459
12274
20236
69363
29130
57599
2403
20900
7156
389
34137
18735
33
31386
21109
10284
5566
28503
48276
8562
3268
9191
329
14949
10753
8216
9593
37295
15027
27950
7827
24564
9007
28589
28326
37242
17744
6921
914
4756
11848
67658
11334
7303
21491
65917
3620
7161
14882
62854
18299
14504
41303
13965
25711
1532
36926
22271
3975
8708
21496
27664
12616
44219
6356
18574
55813
47466
39172
16882
32322
30435
28031
58298
2132
857
6727
34887
16866
41555
2110
383
21167
42328
28910
9222
2948
27351
30264
26256
20381
34860
398
10288
63846
72939
64177
7342
7079
6
7957
5016
7640
18127
17954
24471
8917
6561
71930
22
27406
23201
12296
8286
10460
7052
5272
8506
1537
39806
13086
24837
27107
955
29356
647
3763
13172
5002
23033
38607
43523
25187
57438
41540
5565
57972
27176
3765
22114
2727
6115
5919
19481
30962
34098
24482
13427
1918
34821
15113
3907
20303
1724
10414
12578
20685
8186
58
18518
35267
30938
3838
38982
523
4999
43427
30531
27978
40515
4842
5828
18470
3518
1987
5513
6897
18938
1167
49396
55228
16886
15455
3127
13453
20318
1
2118
8877
20983
11593
14120
18561
20698
4087
32642
35453
61101
14498
37487
811
384
43959
997
4692
69055
15969
26585
8374
7523
817
8459
2126
11825
64211
2085
10243
14990
20098
7542
19083
5578
7387
6170
24126
16223
8478
31569
17077
7105
36096
3442
63364
2897
4528
7795
65153
60557
14972
12295
26567
2386
1084
1144
6685
25525
2578
8979
21715
47608
34784
3357
794
4972
1
7535
8
11071
19122
7763
1014
9176
4035
2141
6662
8901
32927
701
15037
47993
24778
28683
17213
47116
77311
31231
63875
3766
5321
1737
33092
690
5065
32857
11298
23106
2308
29438
17041
4471
28374
835
39775
23071
31552
10659
1900
9
31637
6512
2793
21659
32863
8101
47809
22657
26514
19132
24561
29880
11732
43005
77070
18774
20407
7406
9464
59273
515
44036
22756
7653
1165
3424
38154
4356
3920
23281
13450
10224
25110
5485
10688
5
59343
4583
2285
3691
624
32585
8801
30789
1789
4007
18329
1297
5949
935
9672
13
4336
22589
67987
38379
10017
30966
8037
9612
18755
31798
12316
18244
40423
783
22414
18832
12319
4662
38802
24149
50113
7144
50664
27817
21233
402
31999
40562
30615
27124
52857
24972
65013
12
25912
3590
582
15080
20081
6356
6125
17593
10047
8411
14772
8164
6299
759
22165
4195
41984
6920
27633
22462
20529
3
18946
2611
25801
70043
50586
15554
5245
22500
5924
15931
28048
13338
9406
4215
22337
37032
8068
4567
76302
20042
11213
24359
28259
16489
11385
36921
6112
47294
6795
67988
1
11943
35547
29020
11532
5499
44514
5395
35714
30141
7220
21821
29944
73708
10676
1
36319
7036
21562
2241
41524
3118
29854
22062
3578
55420
4219
29765
4301
9584
61453
16563
11830
45029
33187
575
2058
18953
3109
57751
16271
17051
34377
25274
1009
9223
4077
31235
3858
6567
56271
20125
19063
47380
59479
8356
26681
15394
46294
35869
53538
19669
4918
308
3783
50974
20769
14294
51090
10034
45853
10304
13577
9408
9753
51438
22468
27632
55735
9785
45425
31117
12703
17146
33579
28204
40579
25022
21923
42280
26887
47521
381
50982
20222
18610
31388
4656
39936
77067
33087
12187
25160
7699
4888
1252
37451
33423
52832
5
39561
31147
8651
11344
13701
52589
273
38481
13464
39411
5174
22575
51930
5894
44733
6851
25821
5744
50785
2144
56057
43974
13992
70525
4429
16077
1507
22730
12747
22182
1219
24277
39794
6695
29418
13866
735
14033
36704
13005
1381
17120
34456
50706
925
16497
1565
2859
28021
47905
19514
4271
11865
13363
11482
7851
1014
64684
47592
57689
1349
1210
13118
1341
26143
56564
21401
65648
5492
1580
22709
28609
19642
14561
30842
13673
3107
59942
27182
20959
33424
25273
1619
35813
17074
50950
45929
667
13490
36412
983
36658
2454
24452
6489
1051
3114
38
29069
3200
3517
45631
4136
3619
64791
44993
3901
510
675
22751
41639
42496
12680
6673
418
11667
26073
5367
20344
14779
13522
8541
6630
26580
12232
4768
18499
23040
9104
79
39294
9772
54428
31935
5127
31182
23236
7243
15379
35304
32279
23568
6700
2632
15597
9003
3857
11303
8737
3236
982
72965
59714
4824
9947
20260
9634
13528
10749
10817
38185
31298
9847
1265
15094
19870
48260
44455
16684
10131
2227
29347
4302
15283
46038
2716
24375
34368
3997
16468
4962
9159
56063
12313
27217
8237
38442
11988
4654
1615
38936
21467
33447
8219
36994
5722
2784
34510
31038
3563
20169
14570
6331
3830
10701
25269
28020
25379
11953
2038
1879
600
41917
13192
8040
34992
24705
2
1925
6218
15023
12090
6357
16909
56615
9502
10621
1792
11082
35402
25168
22762
32771
576
944
13904
46053
2051
24578
12213
15655
40322
27381
63657
2
20552
22009
2481
70457
1177
14906
20912
3207
2319
8802
12693
2062
41603
1733
31519
23449
11057
13183
8090
6655
1364
65705
71211
32750
2105
34821
1486
2987
63871
7765
2
31863
14180
40411
42461
20851
23700
32602
57623
23855
32253
19427
12578
344
9975
6071
17861
28364
36688
3765
3055
27950
16128
23340
34089
20395
51084
16155
45086
41314
34791
26621
15032
38150
23719
11618
9463
79146
9820
22225
5900
4327
1890
5172
49959
17416
28528
27831
8552
7054
7034
28440
11888
20495
43188
59193
14879
26750
966
6865
25609
25508
10096
1
62929
54828
13954
7379
598
296
69767
1168
15282
16873
3160
53251
66406
13929
64368
3927
13517
18417
2510
54175
29339
34287
496
2035
17192
38517
16590
3454
1009
1595
24975
9091
14966
25377
25496
5725
4535
13552
45768
2024
2085
685
16121
16331
795
35231
341
3640
13897
33196
44735
18193
8669
43438
4741
2012
6576
56808
5982
1749
2381
6388
5670
14848
24474
739
1240
22103
8385
49927
5039
37840
11236
1200
8295
16523
515
7102
20369
33725
13822
63300
36897
2676
3722
16974
7186
19055
1615
11697
15981
11558
1391
61782
25337
6185
47614
21146
25563
4717
1057
3152
27476
12745
4945
18301
36211
26702
59044
10771
24048
23030
19283
55566
386
5368
333
14416
31432
34464
51205
29781
31302
11706
30377
14760
8409
21852
18070
315
4613
17786
17
48159
26014
23659
18903
14541
2836
30484
48483
1322
19523
3622
30805
8612
9257
9314
18483
31827
19673
4459
35896
55919
14919
12311
2180
46211
41845
5966
16193
16745
2140
45337
309
34000
42893
27378
19087
17544
5796
236
50681
20485
9566
21809
12109
33270
14313
507
3688
41292
355
2216
61363
38879
26553
36927
56478
33866
8880
17506
66707
19410
6485
35331
34347
16965
9657
6763
56643
2247
35204
489
8055
1690
3798
33591
15341
3
28544
38335
9148
35646
3624
9974
2887
20656
10
1329
51507
10094
10365
205
28864
1088
15716
547
50081
231
3713
8138
2992
368
18274
14937
652
15900
12487
1988
6029
1
41067
9448
8705
12667
14335
60195
6280
956
47662
38279
10676
17825
30388
6659
1213
726
5763
1
7866
35082
58546
6988
5687
15394
27411
30538
16215
2001
37217
76594
7485
851
20173
4546
11362
1564
6775
9787
435
12393
4614
13942
1294
59815
62470
8074
15645
14894
49522
3232
6699
24604
2305
42331
653
14046
1227
2628
2297
7029
20027
4037
5433
3837
13783
13078
10364
4170
1778
15534
8714
300
15223
6815
66771
3736
43565
11400
2737
12286
768
11647
25278
24892
22511
10044
2508
2
41438
21603
13015
3640
15707
18320
25733
11416
7573
37747
17200
33789
50627
54170
36574
1776
50823
6612
1760
4772
43218
2595
48410
16050
35836
1434
25222
4085
2496
3145
47409
16044
20394
42486
359
51094
45051
15195
10519
16389
52276
30621
9448
7243
4041
1664
24430
25755
6704
35340
47531
20030
11309
36888
3128
11855
17587
60831
33058
19913
18981
9494
7590
14043
7518
45826
60801
48189
442
2211
7489
3315
28671
21895
16732
10841
69633
11422
29189
16875
2456
14414
4509
46856
8410
17401
37076
5259
8909
36621
29754
7552
6074
40733
44653
57582
20274
30978
44127
21833
19553
21661
75790
49697
29205
708
2318
23165
75893
25027
12235
10794
14975
19332
3297
6906
21626
820
18959
14071
14545
16213
1885
23401
43060
3637
63054
4401
1963
1
51876
601
2145
36396
50380
46424
3776
37569
30091
26292
948
11544
52079
2388
29304
17661
97
15430
22221
18412
21819
14842
22221
31577
11028
331
5601
52552
10879
2976
26198
7398
3908
38182
2521
40295
2077
44839
41539
1953
756
20378
15552
1192
814
499
5499
24871
43318
13665
25088
11070
11861
17577
2123
48535
36338
9810
13769
29860
11131
49733
68793
2513
385
3915
7123
32134
57205
9045
12078
7820
7656
3765
43035
39486
2201
575
1275
26082
464
25099
10288
10285
2204
37154
54493
29165
14378
6652
1970
772
10544
24972
52444
23188
28986
24764
18458
19291
21169
14327
3589
23
26783
539
9844
16116
14544
2918
18014
332
3431
20238
2838
2919
47481
45556
21988
18527
1042
13886
6779
5768
16136
9259
29076
43558
28085
5403
60327
27696
47133
17384
44195
19496
1602
838
16805
966
29915
29077
18612
17815
45545
41286
13031
71239
17033
12049
4122
29806
13084
20512
6709
2803
1120
11
988
9904
22230
34164
8441
8453
11693
11208
29207
40824
6532
40679
13601
22381
12831
5969
16458
19420
9998
1629
5638
26209
3206
29886
43920
34077
42941
13056
22310
24224
3136
2015
36959
42599
12985
2516
33658
34206
21000
20635
527
34642
3847
73558
11648
851
14861
20612
12510
39083
46087
558
1764
40884
1415
20254
31241
28838
42845
10122
25860
9223
4260
19170
4897
14876
63
31472
18461
3104
12638
37379
1874
14691
23251
6352
6598
29073
36458
44663
34766
3755
15655
4961
3801
35019
6856
30635
20172
33502
16235
15
3242
15948
36499
8606
7341
38682
29952
5464
13237
20771
10926
26807
20278
27985
12804
21865
1214
5245
18420
1
69815
64816
14983
37523
577
17832
2973
33623
10056
6251
17368
21581
2934
2416
18285
29113
35412
10263
710
5414
6057
282
43720
998
47651
40363
27611
2989
31061
19423
36160
11718
698
6637
3576
32029
2288
2241
2997
22744
4172
13815
24807
15658
24917
52496
18015
36144
43065
14148
9702
7788
7025
45447
6281
14673
2500
61394
10398
24332
43948
8459
50601
912
19096
5
3811
24068
12447
33707
46627
5807
78
4676
37227
746
6829
7680
920
43841
354
5495
460
1507
13227
21086
2916
10489
18828
5679
8143
24126
45302
56379
9177
43974
51330
19774
8617
26483
3708
3026
50666
14098
47676
4255
5805
34626
5083
4041
23991
5007
32787
51981
9817
54725
405
4171
2943
16248
39691
14197
8127
6860
2275
960
47286
31769
33126
35504
38485
5172
21593
31679
60656
3551
11115
5391
29518
1646
7433
12456
1140
55219
8283
43831
63161
56252
65853
7018
1147
8341
16457
9046
40607
38701
3204
10570
1420
35688
37167
26793
9193
39008
4074
38184
1788
8796
3167
2655
15619
7792
4886
1861
73977
59910
24318
11042
26805
25403
51436
16815
17261
15173
6823
11829
4780
31773
25
12472
29153
43318
61944
17502
30115
7782
21156
6566
2740
20190
1748
38210
67013
27261
26775
60478
6002
4766
2041
40608
12669
35340
2305
3445
23215
47924
4944
5196
5872
51077
2154
18151
1524
19676
56895
63458
22901
1338
24077
27330
195
31549
390
18684
26624
493
1521
27982
37932
36791
27118
20039
14466
34639
16189
19916
8937
31455
5019
6336
15394
11687
15828
3920
52236
67082
16220
25846
4094
3767
4436
60517
28027
15574
35140
33587
27720
20451
22478
3558
22900
2479
1802
5328
29147
12934
45693
20049
211
11757
49201
19454
32681
36391
795
21977
43089
69333
9646
17374
1269
2183
3885
22194
4144
8884
24074
51678
21415
53001
6798
10085
12320
6245
3664
33332
46621
40664
8046
9944
69664
19777
26434
7245
2115
21077
3858
33565
9880
45950
10646
791
11331
11661
21002
4901
24059
10270
3438
32866
89
49883
13191
29283
33149
19321
21550
18658
43712
36460
10784
2942
34820
2480
380
15669
15552
17524
3935
2648
14517
9513
8562
1189
31748
41891
40918
2254
26745
18583
9047
75460
74065
601
61667
1235
5384
1428
14607
10399
10038
29295
1
3
12704
17928
62931
70024
31304
3321
51907
5342
6601
1087
9085
23377
920
24186
1062
13608
49669
54602
10040
469
34341
8041
6817
35592
2937
18957
31431
6926
8254
22404
33426
343
27092
6256
13123
3228
15341
6525
7535
50417
58296
44188
12201
481
31913
22219
45949
3501
6566
37546
46022
29002
62547
28129
18742
1668
2066
657
27538
3848
11758
39303
235
62071
30419
1320
3190
23219
9645
63842
11951
4106
12902
31518
7801
21494
18335
27835
44741
22742
27544
13835
19464
14882
1363
20493
14664
27498
13194
11736
4118
13430
1851
3841
33431
66341
27344
12660
12529
17244
36586
24627
25108
2076
44848
15141
666
37100
15844
14143
31237
4970
13104
7737
33067
54927
10811
1771
56433
6604
22463
56522
13873
17
3163
58660
47311
36732
68747
44939
854
11946
23809
9824
5091
10468
22538
772
8413
34906
50993
3339
14212
78238
13182
25478
15544
62760
6405
94
20233
29608
6625
1991
26921
22462
19548
7835
3039
7082
53784
19999
17358
46938
18774
1735
27381
39079
321
22601
7520
6296
5158
9767
27184
8256
22139
16398
3157
25425
2104
27458
7514
58280
8554
44142
4878
7444
2108
21316
16778
41710
47842
18326
61851
8431
7576
53547
1438
22056
24347
18387
22316
46471
2441
18387
43164
2090
31769
45638
51424
1170
17707
55932
14740
22993
22811
1236
10778
29274
13990
33444
23768
11390
60442
11814
67810
28539
32996
21425
2234
36
26372
8693
28638
52454
4681
19697
1778
2064
1218
50918
386
36134
17103
8326
11348
980
9680
2808
40928
36599
6064
9463
5385
29592
13891
55424
1716
20049
57215
1603
8254
22791
14648
8869
16256
15492
15892
8143
38956
2399
59270
26203
1495
12985
24905
17520
50840
1
581
65176
8068
5683
45748
25392
1
16214
13776
55400
38452
354
11574
510
10705
27145
4051
16526
18632
18114
55499
19427
16209
2663
2781
5
568
1710
7174
18140
4713
21299
5187
52473
4483
2916
17760
4640
8
14105
47491
39148
15749
45427
7866
879
39722
25864
31283
27650
4409
17626
30672
11396
54128
7047
25572
8485
13242
4890
3535
2726
2701
7537
37776
60108
41396
15513
32686
19647
33321
13845
24392
512
17671
2416
45958
7
12465
7120
23263
72424
1004
44812
13323
2112
68901
58243
59818
3061
2544
12457
9070
21015
12942
35694
3075
6372
24107
9115
7961
18607
2859
3015
7084
52986
10910
57335
19812
2828
34807
7148
41754
19301
23352
17622
11226
1313
2138
28985
28362
3723
400
35345
2801
4849
37678
15091
2080
2120
45424
10218
32556
740
26647
16102
40384
46979
48583
14794
13007
8110
7919
29174
20744
36743
40277
36016
21463
38333
2183
7229
28757
54743
30391
14488
8589
970
4280
3378
45853
6441
17777
49806
27232
649
33610
949
12634
23675
18229
6045
1782
16055
26598
33083
6077
33800
1754
9858
1241
34365
9159
40502
5
23888
39898
76
4436
32181
63635
22162
54913
8583
12902
21435
7143
34985
50234
11650
31988
44699
7542
74223
4532
19163
30380
41095
41301
15528
71075
53959
39993
1611
1866
27737
7828
53350
63138
5886
5232
1200
11639
7843
5519
3950
12800
9785
2032
4448
1671
16830
4230
11046
62728
67037
46089
52212
815
8977
32954
26730
19482
8
3585
19658
12044
56170
11354
71656
9476
599
42730
26749
6456
2481
5971
4017
47372
6118
2361
62103
48789
10219
36126
5416
47943
2038
3998
6683
3528
17526
1536
6187
8584
1583
2614
1131
40034
44076
6477
17380
7526
24965
47820
21032
25757
13496
31843
39912
11704
359
15871
3734
14806
23431
50605
30330
29455
10770
39750
2061
7630
25902
10636
1348
1728
875
62614
877
16259
14504
7807
14242
4419
29443
34880
5108
63533
27935
21791
75
6192
33096
10843
18678
31174
4090
10
4174
47
11436
45650
26424
13965
49190
17156
23905
1821
1
4109
41454
2343
20927
7664
16741
25286
29952
38323
9085
7623
5575
5345
13906
41372
858
7289
23322
34365
7496
5914
34939
5702
8748
37501
20350
5481
21289
8550
3357
29926
6564
28686
12733
920
3607
7322
43847
1668
37523
725
12262
35757
28343
4946
4564
24767
19560
10815
49684
1003
19178
6347
20084
36808
7517
57517
6624
11125
12670
2167
45288
6742
18625
14177
29577
1517
1337
6519
60906
24014
44326
13740
30544
51595
12509
6403
26708
6316
68351
24485
27800
5686
30858
34539
43438
2113
54284
8509
35633
17697
13522
16583
1168
50545
46823
13038
35369
15182
1751
13768
63758
21672
12871
18248
14880
21890
19104
17996
2680
48388
45775
3443
58630
15129
21528
13810
26010
63593
22074
7786
40764
8660
45797
34050
24837
14716
27782
35511
14444
18187
14635
38833
10052
25134
30084
10262
34776
2641
17879
24652
23028
16474
16718
22361
20758
825
43691
23066
9971
34547
3647
3723
24200
19800
34704
56873
23179
32902
49823
26948
9056
8771
1448
21447
22827
6916
8868
38983
9792
6615
18562
29365
53480
6810
49696
14375
1424
13672
6675
12161
9340
33076
3225
5639
58027
30299
501
433
11706
37028
3618
47288
18743
32636
47840
30245
2101
51169
38366
35895
5579
27618
1032
42655
15
47927
19045
926
30756
13305
8287
8165
554
1589
32332
35910
1213
21706
4173
57092
27245
22850
31472
67021
41463
33710
49640
2719
313
9504
2481
5991
8444
51303
14066
1953
6398
7414
3036
28105
46664
44884
5247
6748
2794
7773
920
1120
2885
6922
32328
4272
26439
16226
26024
2980
20990
27972
10890
2087
32374
46866
704
3920
4775
9931
38851
34933
15003
20053
9860
9139
48752
14507
1315
2026
13
36565
7747
13434
27595
52111
9633
44829
37421
5810
8635
601
18646
14065
7982
4
3747
5591
32095
2886
3747
15619
16458
11751
11163
22189
10564
3490
11829
53297
2321
23407
3849
14608
4360
10318
68245
18366
51819
35927
24583
12183
2718
73723
1311
6234
3
5669
43863
7076
57687
22435
30498
29916
21723
18878
1026
20717
59993
45768
10234
6528
19731
2
59764
6119
3514
21947
10185
4981
55860
28287
23870
39925
18452
17268
32312
1757
20344
23916
16176
11422
2355
8722
30935
31860
9128
37466
501
3720
321
4000
43478
3065
44873
40798
5270
22919
2015
35177
4933
15658
1180
35402
36787
1360
16006
34295
25303
55088
6600
2111
14551
2602
4242
13836
24716
32522
20193
50500
30107
18391
6426
54531
5295
2035
46703
9961
3954
7655
715
9684
3847
14884
40223
36149
39558
22945
6782
40722
37338
10369
62028
11343
16759
2870
27136
6172
12905
4272
4818
3167
37700
20144
6627
8694
6560
16122
12673
9286
2991
23125
7900
2575
12735
884
53410
29340
8713
2514
23473
21374
8776
28471
8884
15075
55941
22831
4387
2238
15721
36397
11017
7353
9944
10200
2804
36236
2569
19655
1
37795
59527
5018
20740
22451
7068
1090
4509
9204
1249
17588
13944
5137
21280
15270
3542
1078
34004
19613
8596
25576
60076
6408
1208
29892
48373
1108
11362
36521
1647
13425
20123
14014
56958
3893
16323
13718
1628
29351
19369
6986
16223
20822
1954
37142
36623
5453
19921
22389
6760
208
30
1101
58836
13907
52194
1285
10479
37933
20459
39016
5472
27885
37427
44298
3429
17910
18188
20747
436
26357
21383
5435
474
7
12800
15866
63688
8498
52295
41836
823
49152
1490
684
228
25116
10068
653
67860
1855
1
6927
23612
17902
9214
72781
26265
28516
4228
26744
31595
16388
31822
25649
1422
32696
4851
19521
26770
66434
9676
40882
22233
6425
925
18560
17845
10360
3573
24107
45448
18114
1044
2
7414
10329
15825
5021
22872
44813
988
29732
33413
16816
8442
3838
45125
8822
144
46258
67493
1659
73500
2741
22730
3327
36794
4702
23110
32268
5639
43148
3246
8788
11215
54104
68816
15741
10965
24299
21118
7149
11626
26551
17583
26314
10519
55021
8856
10474
3696
19049
5065
1514
39054
23296
4805
947
2895
20721
3160
24375
43649
1490
16669
45775
3698
14612
18976
25942
15495
31038
4683
15410
15534
27485
5953
39288
37369
23718
3772
10962
2871
3018
24138
25403
15512
12673
20996
20502
49144
27996
3334
56830
42559
1177
15715
17797
8234
25660
45215
13720
6917
24281
1339
12957
6601
16073
24946
1023
1330
15071
9291
9593
22984
15610
15227
6274
48568
8129
17294
54404
4296
33617
32070
11348
4415
5900
43397
19799
13
9902
5145
4990
55300
74891
23197
553
1680
9841
28295
40388
10397
4596
5049
28714
42362
17928
26589
1510
372
42469
74000
30969
1362
6734
41729
11878
6670
1021
21923
2790
1494
47999
6364
47160
21065
18019
5182
24421
1541
38841
11171
39876
4134
42922
26676
28400
10083
11589
16342
31706
1944
41048
62601
36512
30553
66257
34217
5703
13514
2969
1
570
19667
16684
3775
41975
5255
40977
11269
33148
38920
24617
43973
11465
47533
33314
10400
1361
3605
22553
22955
8984
19877
713
11665
19333
4024
70820
5781
738
73998
34917
5604
40921
5479
20036
8214
8921
4260
50765
25197
26921
4560
11599
32353
18526
21695
11179
22500
5281
4072
56397
19162
29213
40695
384
36708
4046
1505
608
11539
9499
61955
2680
47127
14846
3076
49
17571
19129
11516
20855
11945
2489
5022
2557
30513
10054
3481
43154
34532
49007
22736
38410
6145
26619
22982
49272
7970
43478
29579
29363
16484
20962
35882
48541
12315
20722
46802
36081
1945
13653
19203
1592
1478
4693
15704
39152
27087
719
10397
4514
57960
4125
1968
49262
21217
48625
27026
5624
4677
36675
65717
9185
49249
69868
7
39540
3036
1256
50683
64433
38640
8508
3166
29641
11130
14615
14550
14705
5495
12311
28517
17659
22727
6366
22553
20224
303
22784
44841
33988
56099
47938
44848
52512
29266
23020
51714
6819
1644
11088
38009
1495
4483
14890
1796
25764
19468
10275
33048
1507
2052
784
5218
6463
23852
983
19590
26664
1113
3891
27100
3
7800
60344
11729
12380
25226
16329
64351
18596
3765
8917
4939
2475
27273
40447
46372
49742
25071
27902
2799
376
1309
12843
14393
22704
12959
2985
45652
26796
906
28509
51477
4232
452
4480
16261
15994
25727
10855
36229
15937
22693
5711
15103
1186
17034
1043
66344
13689
24298
75062
52
54496
40790
560
14599
11419
22823
14706
23471
5894
977
57168
3364
12947
2022
3764
54685
11622
36437
35529
9056
19209
23111
49845
19051
12813
8224
3427
313
9775
31304
44872
16833
16241
3534
34900
34693
2883
20048
3
899
462
1507
46394
7111
4196
3886
22418
17358
47065
14038
2297
18103
8076
3874
68766
4954
14280
7249
65037
27763
27743
8886
20525
23854
50112
6784
511
45324
2546
14015
34654
9887
10526
6044
211
24479
8157
24093
2041
34832
16121
15545
7431
14419
39374
5784
21765
1187
650
24083
28009
925
51064
60673
21029
8512
9226
29120
2826
65813
15569
65038
11569
7057
1232
26216
37391
47196
14027
42423
678
11671
16923
38182
7636
46596
10096
18064
16475
12779
11210
7049
6087
10651
28
5443
33603
23013
2289
1610
47890
51711
6185
13350
18945
18939
6135
8480
7438
7767
5798
23206
16520
4198
34178
13818
42063
19299
23280
14192
11308
7248
805
6099
3751
422
29264
44661
43840
23548
36582
40329
767
31240
3781
48004
55373
14886
9787
38393
42979
46517
4451
6017
9676
35293
4167
4783
5017
15311
25474
11011
54634
18531
11370
32095
36046
10110
9632
2541
22585
4855
62075
28834
14892
1427
8575
385
27903
53472
4432
7564
26638
55928
6334
10087
14945
2254
949
38257
2745
46163
14038
23050
21464
22104
36275
29521
47721
689
53041
52890
2906
3261
33052
2996
14186
10739
483
37291
7946
9090
5632
25920
8819
52130
67858
8764
2751
40549
24835
6583
14955
3045
32633
11495
5255
29004
23946
6615
22454
38739
7938
56768
49995
2406
6230
39548
12076
29952
54307
42316
674
1550
33129
6797
23744
37678
19783
43961
41086
16370
494
2631
27120
26632
8264
19638
9586
1227
44441
31207
31345
8604
56882
8418
47661
3450
3015
45365
54857
5295
4601
3073
18467
7007
35401
6981
3090
17683
25999
27234
4955
49354
45074
51293
26737
878
2787
29110
18148
59931
76266
5060
38471
46938
16505
1131
1479
6950
1314
15881
32749
43772
44203
37789
3775
4303
48331
7761
1196
11104
5092
17905
15511
19
16669
5525
5355
4237
37268
26527
25572
2311
18744
37315
15022
53820
12555
28113
19463
65490
24900
5064
34152
2479
11590
13406
20497
3198
17394
12066
42628
16253
25631
19949
17216
429
401
28419
16861
46568
20378
31580
15507
27604
42894
5458
39712
7049
4207
39355
16474
6504
26652
62801
34190
2951
17944
5277
59195
16542
78329
37526
43910
4947
9231
5454
4233
44772
3233
14768
31261
910
33970
3374
34785
3117
483
45802
7474
8037
23120
19716
6924
5285
68670
20125
5082
52685
5322
23295
1792
8092
14838
29988
4316
11904
23799
32223
370
26177
3817
17933
12803
34736
3273
1975
4205
11862
26822
41433
1453
6760
42147
20502
11325
75062
24916
13079
64172
14582
9107
39931
8090
74761
27718
4937
8119
3142
14757
9968
62291
14403
4745
44758
12252
70564
24719
15341
19394
522
16759
39247
4718
47065
56765
56881
1911
5122
22297
20126
423
2
5198
2272
9525
37912
30426
17682
48707
1295
69035
77533
27204
915
14467
6921
29432
20097
22480
6222
4129
3
26057
65816
22731
25783
39755
21657
1384
68210
10420
60998
41307
1572
7038
3944
16927
15016
51471
793
34616
2224
17769
32363
235
36187
41793
18559
36771
25591
71984
17253
9911
13228
347
629
16079
3190
5014
29459
12448
11910
2820
21514
409
739
9615
50101
7588
36244
2
4339
51954
29420
42877
19824
32540
6891
33981
38659
17099
33276
11157
61025
23169
25778
14082
1986
8704
2
52772
5213
18552
23400
32378
39226
21076
16621
3155
26038
48364
19001
14807
11459
9881
1830
813
49118
15355
26958
1310
36358
5927
1072
6239
49699
365
384
331
11980
12076
5546
37561
17526
35685
61071
7743
15284
31178
45356
4213
10876
673
58301
3090
27323
21084
26026
7359
35251
21041
3704
18359
1138
18790
79604
76154
34279
10150
24617
3962
20587
22754
6341
18750
927
67234
5186
27930
18052
32986
1511
5619
4
11371
849
26073
4472
14974
13323
4150
29153
49167
15446
31078
28427
17828
421
4129
5796
3845
24799
44129
33155
29535
32166
1251
35366
37529
30510
6510
50755
8218
14538
24535
52484
12205
24844
11272
7
47316
39497
53007
32594
2991
14474
1956
8895
2443
35737
6343
13055
640
7980
3191
37144
5552
18482
16576
41729
66
10304
60847
19094
30772
8714
54177
748
47568
19738
272
14835
59301
8061
17720
1021
10981
22244
17789
10854
15392
4048
11484
6649
5083
22899
25127
31600
7985
22227
63058
20355
27008
12054
35734
3800
34941
80
14104
7976
39105
1804
31128
166
2258
33568
55706
34714
3505
27582
63874
7356
18068
13620
4365
5855
19933
12159
14616
5662
55505
9335
1371
3266
38736
10415
1034
3137
10228
15253
10993
54732
1391
7764
11740
4520
28921
38958
41515
867
14360
21767
29323
25438
2986
30299
3556
39452
1141
15039
19091
5763
865
42032
3001
4015
7232
28290
30043
743
4696
8899
21746
27457
25254
28519
32613
10527
3970
10917
953
2784
13266
13212
3098
17762
36861
25044
36
19319
1287
5297
6192
1411
36755
2808
27723
11634
24087
8363
45453
7281
25724
1669
7788
2498
41459
12299
47871
25872
2237
5313
18048
31298
22229
8789
2830
29532
47554
53420
2327
16678
9
39533
35373
1499
27207
4128
2974
9682
3786
17761
21048
426
22740
14788
66019
38455
71842
24194
1974
42890
874
47244
4520
1329
3508
40171
35445
2621
14877
34534
22224
2680
15142
13949
10869
10471
769
11248
2182
4056
40073
25057
11191
12959
60689
8610
50808
9066
14969
13706
5368
19323
22378
31033
29839
21340
13595
14440
15152
8508
17398
38050
1263
21313
6019
19184
38277
4120
12425
17246
18290
24431
29101
60823
13501
22990
12748
21441
12528
1
25535
9621
15755
19962
3242
12392
9348
26102
42517
10887
25253
8734
61192
34789
12638
2419
14206
640
10908
3980
57549
13923
23057
47959
41779
7080
49172
39799
35593
4987
49657
2183
24346
91
8146
19417
16901
1892
12494
33124
424
13645
36447
47044
34853
785
21868
22791
2220
16392
11271
930
17887
20181
34710
1496
17892
35761
2961
2367
2488
73670
7804
51933
1002
34752
44579
9298
336
4929
68550
33111
64730
40271
27328
38919
20914
8502
28091
3595
18766
56454
18580
35044
451
35142
1957
9708
798
4452
43664
10848
54916
502
30072
2591
2597
51178
12095
12731
4687
33448
47204
42210
1015
27988
10498
52
12807
20760
1424
3133
46810
9252
17661
5729
46746
7615
33752
6303
33566
2928
48633
62281
9441
49237
6452
3782
44453
3149
939
29365
2431
46292
32469
40216
57009
19730
214
30838
15035
11245
49075
3626
18582
28
2083
15354
19260
8422
36890
28470
34818
13964
316
10023
38055
19109
5
28035
72350
2250
5610
41809
10223
3681
8444
47162
24938
15869
1732
41584
16642
2
2340
28068
41222
14721
3237
175
21264
6747
17541
29599
3544
3263
17734
12636
21508
2868
39401
6728
74645
14231
15701
26639
5297
11998
31394
4078
47916
53407
567
23220
18451
1183
18764
5310
9684
39866
41227
21239
29607
2361
2
9233
11208
8550
26630
11770
21463
22242
59394
1237
25831
6386
5794
30747
19193
24873
6763
41963
13127
1039
50728
34804
1051
14955
23213
26180
15474
1340
598
5749
44899
35167
900
11413
22230
533
13332
27151
2080
3387
10925
17823
15200
37542
10345
1820
1253
883
11514
672
13705
5028
11649
830
2646
62114
5086
28264
6086
4359
61324
1
22268
5801
19414
21731
36992
24712
39290
3363
3258
2844
2354
41802
3413
58014
46990
7820
13343
16648
749
15310
1365
1901
375
49496
2142
6745
12127
6980
22204
9191
34341
5469
10417
734
63943
3342
19483
1615
4009
8381
12391
6394
53820
38236
5686
33241
8787
17289
3797
880
41810
27966
13135
12034
5496
20889
67709
15716
50538
23971
23641
5328
1
6623
3097
43688
7559
26300
10379
14075
5711
4113
40657
18210
4289
20073
3189
14583
788
12921
36619
48172
66510
22807
2094
6161
16020
38712
6653
24856
16663
42226
15460
716
12186
5300
17738
16501
3412
18277
48102
4159
18709
20662
7632
3503
53469
62606
33296
623
9090
8623
29906
9
4413
11404
51829
45454
37898
21799
16805
847
4755
7969
17419
30422
25851
16770
5177
1075
4384
27802
5053
16204
34744
33857
34822
15119
33609
22396
9802
1774
4795
36825
40862
28101
47972
5664
10828
20683
21575
70015
25932
1336
18418
22451
28903
4495
34075
22303
2085
20398
59073
22681
23616
25858
24225
7473
736
13367
65232
28369
29006
7574
32956
6005
9079
1280
6027
30962
42072
12201
5784
47152
72696
16698
23063
32855
8195
31750
25397
27295
9225
22173
30732
23111
42811
22475
7342
2101
67
45963
6070
5835
20511
20901
8397
16517
1794
2007
39869
38424
31521
66343
38988
7260
312
20236
16980
18331
5600
1866
14522
2572
24531
44564
10961
39039
1931
1073
2844
15962
47290
34529
11931
26943
16433
738
43174
16887
9308
41118
4405
723
2297
28210
34065
31954
3424
22115
3004
14393
12024
16338
10750
29315
4791
28373
2353
1077
9823
6062
11221
10133
3418
11932
9227
38956
10803
47396
2811
3075
1448
20835
23867
33599
25676
57209
38238
14835
11858
11756
713
25883
15599
524
22704
19641
49691
35585
6445
10539
30736
967
2045
20744
1033
21402
4611
64642
5661
15607
32492
9211
12599
9803
14957
3459
7462
2365
2055
6723
8546
25181
20059
4471
1345
45338
18504
12332
14824
1
2228
11346
809
47189
16314
50794
17372
63713
41973
35994
1880
5930
10742
26518
21440
17689
5142
10092
14658
36620
2195
6762
11026
51191
13692
12348
9272
8328
23865
32342
53611
35133
5969
22959
5818
12181
4107
2751
4489
42056
41583
27546
26015
39090
2964
5238
6940
6157
27473
20771
36827
58389
54468
7219
706
9721
28708
9832
21648
43750
398
40537
52505
45745
7180
395
35663
1390
17546
14303
10082
25720
3876
22859
19742
30347
38517
482
6307
56408
3450
5711
3803
22481
40235
27796
60876
2394
40017
8147
13
2700
8072
46410
34624
24538
6481
25388
13599
4350
6187
14717
1648
88
25956
11213
10325
24087
12424
4542
8143
14174
16668
36338
631
5087
32958
19741
10101
12354
5371
20027
13072
2313
60901
7437
14225
1408
35300
54498
24378
9791
31288
34193
33757
41227
62300
73415
4835
4928
833
32359
7093
22278
28126
17477
23627
17370
58297
33777
17843
9139
11599
2940
9988
33762
43507
16874
2818
17273
2340
1741
1833
9898
2061
7681
7142
40864
32899
353
18425
32591
26565
41438
1539
851
33929
27133
19425
15745
1389
23188
16755
18744
16779
40747
1019
13950
508
26682
1318
2293
15242
7844
3825
43961
6631
10905
17456
2145
15901
30963
3986
51061
1297
18344
15586
12584
25752
851
6056
15236
46842
32682
22821
7847
35112
4256
14630
35581
5779
53413
7240
19799
35706
16348
1662
17910
8400
52224
46404
66524
12383
6858
1173
23320
7810
26128
8318
13927
22887
57294
4068
21613
58025
19594
5421
46626
2526
5292
41506
6519
16533
4113
37010
28208
18589
15048
15502
49817
31341
18154
12269
29309
35359
34388
25476
9929
21286
50272
44231
5873
49043
12796
5815
640
41528
35372
19180
31610
13521
2993
25502
45925
31587
44193
10152
35883
1138
9174
9823
8158
60954
69190
12135
15384
3043
20917
27483
11454
7391
16373
6305
39701
11655
7118
33817
46925
36822
2166
7800
4650
20465
7317
19286
5449
16355
50389
9888
13285
6152
23450
18269
5929
613
6339
4000
25186
70942
19183
35108
22716
63784
8249
6738
650
6880
13937
1604
43650
1399
49953
73026
4001
5610
19341
45354
1633
1967
3962
32836
5035
1377
849
20825
34760
17152
2543
27854
7556
68098
22830
5287
26597
10873
3696
20626
490
35699
4052
19051
20006
17983
9121
1918
30206
58804
44667
2682
11326
26322
17878
38965
18769
16666
37366
5973
21149
454
1050
4822
11229
6373
6405
45478
10729
8988
6435
37711
9780
16521
2601
21033
3154
1918
37600
5866
10730
18200
3474
15248
35067
9166
3931
16832
50320
7929
938
7084
14740
392
34632
53023
23280
10898
583
17277
18914
11025
52459
28430
28878
49954
2682
5167
14635
24158
21015
4621
15529
11502
36051
5879
51756
8358
29060
30236
3549
34838
15765
13865
2336
54622
50517
39314
21279
47300
23280
11570
40015
10632
45165
5553
38914
21756
11568
1183
15832
18356
13988
1506
15973
6159
6374
5983
58629
3262
9
1370
229
3471
19458
3525
8051
12854
3728
13232
11469
42996
4189
28585
34062
14863
31483
56563
11178
19800
11079
18080
18048
31
24201
72846
43789
61454
29982
25506
6089
388
58653
43836
4270
8528
31
1948
22484
34467
24760
35297
48270
23930
54025
48060
21752
12015
49256
29861
51217
76690
19600
15141
27204
40767
35075
7756
9272
2281
6464
6475
12006
7990
388
22456
19567
12095
59637
31425
18827
31331
18445
17259
13747
35001
33337
37342
1379
501
59444
11772
4000
18346
2650
302
1896
24279
16623
16405
8640
35997
21654
6534
23367
7813
9600
12189
38936
8631
27597
9979
11736
8161
34610
29177
14530
549
37531
67526
19735
2665
14074
18142
15807
25423
1716
37950
13489
19625
28933
4337
17167
5532
10619
31880
2384
1354
1168
27574
13320
19609
2981
3053
11664
44179
52997
43401
36520
16364
41757
6855
39286
18864
17207
23907
12985
10690
50719
18642
18599
1441
316
8771
1791
52282
10
52738
710
28691
9069
1395
7353
13224
21409
7439
38413
10786
45039
6110
13527
3427
49160
4748
13377
33094
10692
31319
20
1302
10644
2765
24713
11546
9109
6511
4134
39170
12210
732
9405
57539
24319
8018
623
33450
18416
38822
15782
36616
5209
30093
9
17552
13153
15371
31903
12768
18285
1292
44369
6662
8668
6182
5865
29170
7332
19796
59134
30870
19107
4932
36608
19206
1767
43664
22606
7623
2791
3462
28101
12246
36462
6694
30376
406
2876
2065
1087
50349
22373
12799
42583
2098
806
7699
40938
75186
3595
30175
48185
26736
2710
16928
11645
3137
17644
32763
40436
2683
20427
32830
38607
4987
6058
36168
29330
4491
27497
344
48497
15588
44857
3876
12882
33034
14915
14047
1241
36641
47
8376
5872
8028
3788
6663
10999
23513
19447
22661
31710
18700
892
21044
9182
47411
408
2787
2143
3210
12999
54076
49041
14543
37816
15947
40925
30687
11970
39431
43841
34343
33713
14014
55202
21015
59652
2928
38145
34608
11840
60424
52098
35338
61730
2250
28024
4359
13764
12016
3309
52405
24932
57186
3230
8090
48315
4937
49873
13344
27788
5706
13249
45039
9446
43235
11095
5574
53383
15763
72088
1617
2010
9004
32408
11879
4
43046
8001
8548
9157
54656
42239
70125
4362
11137
26005
11277
45311
1891
14407
4469
12875
12393
983
18226
1751
55543
42289
21782
1268
40149
65779
16310
33579
9971
35903
49318
14655
11252
43394
2347
5010
48
15331
16799
20887
11313
50486
41167
28394
5452
12821
4681
46787
3084
16941
15783
35066
1
1746
41930
41461
2513
6593
5165
9917
20984
39622
14886
13216
2292
12066
39953
114
4518
50119
56844
4808
10014
18332
54435
41087
23633
24860
7516
8503
8243
1435
4543
9586
15887
46872
5340
409
21147
15042
6763
46731
23374
36219
36787
3880
2530
54910
69511
27123
5227
34266
23776
12587
17347
2
13119
9354
1766
32481
766
11913
51147
9189
20457
847
17084
17123
12713
34258
5852
49711
13200
23124
111
25668
1109
23371
58616
757
8410
26281
58800
8636
10797
3
23646
16164
21285
21126
28422
36578
20644
2603
10193
2772
6732
60832
27855
50211
3443
29741
3739
6083
59308
37700
9767
8446
5158
26462
13215
2595
33306
9385
37105
13388
2984
5571
10294
15579
9668
15073
65189
28463
46935
37249
25044
6599
889
10719
53519
123
16197
4393
10298
16625
62428
36064
14457
25493
5835
22544
8716
5513
4666
37101
12427
1384
2977
1049
22541
9323
1227
3442
40869
26032
2267
63448
2700
12440
17491
15259
12094
18601
81
27674
15735
17401
18336
35491
6872
1
8410
45206
47126
54340
5354
27208
19793
40963
20412
6836
841
46692
12569
16295
17827
14816
15333
45271
34763
15094
9645
3621
2825
1164
48340
20970
29721
48802
6593
4726
44076
31939
1306
14353
16641
11639
32711
10887
3073
1416
811
3358
137
10178
3658
43273
520
16866
5382
14796
64951
21751
16766
7231
30047
36981
7593
28748
46449
20245
8943
12071
181
3804
70192
4881
36174
8932
13215
3137
14840
35753
5988
1724
35299
14044
74813
9413
825
53503
9366
20337
24614
36547
2843
64912
31380
16684
11636
11261
26610
8677
4415
36064
7177
13093
12102
321
6879
1
18162
9438
11847
3449
20838
1009
9648
2554
23923
29772
14199
28368
29102
21357
26131
17287
21471
29514
5245
6036
3870
3277
3579
44731
8015
36179
28424
16874
19637
23291
10305
40676
4646
681
1763
2963
27555
42750
55401
14730
3194
18474
2237
7354
37667
2382
47432
8297
3861
2307
1782
4685
41076
9833
12635
30723
59759
58359
3168
36881
51879
13603
13981
38540
13297
1032
8683
32708
65154
3922
14985
29197
1
5852
6379
50565
57045
3370
2413
2743
5059
7251
33751
5151
18802
19263
18781
4543
5162
3785
31373
49408
45447
21131
23525
9451
19302
23837
14271
7994
25357
3587
13052
26749
13351
46832
1941
2276
191
19064
32838
2146
9159
25176
12777
25898
8225
1147
61342
6700
31399
50915
19219
5022
3340
88
66446
2812
39541
15472
26083
6228
648
36024
13099
10901
772
16091
16465
5567
5110
39730
59233
4061
68049
39691
398
6403
3097
21529
7967
29167
40424
395
62651
40669
8988
9604
19421
11932
22430
7757
2436
37336
13267
17756
26779
26
34226
30129
20083
44463
12937
34654
272
31993
15701
18542
19537
23816
772
18326
8121
20507
7025
73769
13170
19352
5630
65698
1349
14622
61535
32242
23971
29285
7066
20738
37578
45794
31158
8746
47406
41563
6503
25594
72662
36231
22928
29722
8102
21313
12272
43943
53297
16224
1327
32311
1478
30994
24973
46408
17189
19702
31970
41526
38475
29426
44490
3415
21247
16015
32839
7492
66370
25640
23421
38173
50413
58317
1885
1359
44893
3194
317
4651
29034
35926
6170
50575
31195
10468
20978
378
6312
12736
52872
6839
15987
14260
1118
21662
6437
16886
6571
8311
1630
44902
16899
7009
2955
27218
614
2017
2142
9345
349
6521
8
31377
30785
76578
15870
29185
35968
10046
27862
45988
202
16378
1849
5653
36766
52556
430
2388
1990
5978
30465
7312
22833
5442
9385
3110
30045
5012
17815
5423
1046
22636
15637
2375
4622
43607
1561
3699
11064
10308
2095
14031
6902
28164
19783
4026
15370
7761
15190
47466
10831
10735
34259
67438
2470
47122
43318
23060
7556
40778
8619
32216
29277
32748
16174
7189
2515
3520
34886
16040
21874
9153
69142
4269
9456
1511
1516
1158
16820
4910
19694
7539
26794
27246
14354
30251
2999
6802
57309
2683
12016
8173
19605
2922
38450
42818
23378
33812
16232
36272
5974
44691
29809
753
1014
18722
10653
22500
46485
2313
2518
12352
49682
50307
60895
20464
8461
18408
9502
10336
10186
6495
4024
14889
19587
13009
11732
1686
1066
28402
44439
33229
8943
58280
4493
47479
27873
55866
12775
2613
1514
13552
32817
544
31378
2037
7482
1
2652
490
7449
13383
3068
2131
45769
57348
878
8077
843
8335
55407
1968
20529
26134
29352
48684
33483
2075
11876
20356
3821
17824
3281
9570
53012
34325
4668
26937
13114
45782
5395
12097
14090
21348
3008
411
14572
4346
2660
415
2342
32809
43247
10229
8595
18066
33856
1648
13378
11526
8487
13125
991
23462
33173
13042
35082
566
7975
14377
67841
21819
10276
4083
6626
72242
17736
24686
3974
62117
12221
37575
13200
29735
6177
21439
31606
11089
36470
10614
30139
39350
14591
12281
9991
19758
5183
27867
6142
7105
3
9050
5804
40365
26040
9829
31510
918
2266
10679
22671
8334
418
2882
11763
2455
11832
18303
10461
20117
16951
26049
12171
1145
2014
43061
30469
6910
1398
69691
4447
17931
13151
33306
59651
64172
73964
48600
5500
5469
35350
33639
66731
16082
22929
3572
54139
10452
61231
17359
17087
19975
34798
70227
17846
1124
975
4490
34535
13979
13873
21535
4283
38045
9100
44696
8696
45
15904
1391
5763
12463
6219
13967
312
53538
18558
40669
32084
19239
2621
21821
33129
4312
28555
9372
26481
37549
16011
1178
40750
35097
58757
42941
7911
8431
1067
2560
31115
38146
3919
10178
23294
1
4456
47229
11434
3081
8844
11244
39554
14858
25654
12392
6397
12859
52946
20310
2362
19773
14305
66091
35289
20794
21376
4683
44226
3407
40666
15074
4646
14786
11250
11955
6304
887
397
46722
4562
7518
9490
3931
53103
71321
12289
476
2834
2137
8466
38231
27714
37059
19380
1181
8820
2577
11279
24896
69117
2004
24107
1839
11813
50004
1864
39767
1689
18302
14291
4514
657
34468
41177
9665
16593
36311
1232
27058
2735
12482
19910
27096
21307
39918
10231
23365
19069
4633
12948
10968
12428
2612
18491
49034
40614
10673
54482
3093
30813
1010
24850
3987
2864
11845
16584
13608
3969
49818
1536
6778
2842
3
7837
8873
17051
15920
11801
44922
45406
11681
28146
50141
13514
1
17750
27034
43188
62541
11615
12573
31392
29833
4438
65951
31045
17879
42779
23226
57361
3431
19300
2164
8906
6309
2932
27986
15668
22560
59820
11896
32811
3145
18306
972
31361
55543
12708
37016
16523
25510
11610
2426
19393
13952
22643
1146
11714
11208
42310
27602
13341
3388
1688
6461
42123
3842
10808
16081
23512
3942
53608
31071
5843
52007
3136
66429
23133
14635
14332
13582
43508
11088
1182
36253
21764
57612
13449
4071
26588
3684
22727
55006
18366
18559
20901
25252
2
48303
2644
29490
15399
4980
28374
35785
6607
18627
55985
3026
11865
1265
5108
22069
13397
26916
22905
41682
19320
8789
15322
10785
2510
31879
5692
45611
52364
38734
2286
7179
4356
8671
27941
19625
661
29021
10030
5284
24484
21249
10686
5926
13730
48880
24358
25127
49864
5295
27
1958
2620
8733
3640
5944
13642
19028
38239
426
20699
3657
34314
37351
34115
1009
5574
4125
20720
9681
14827
22731
27601
49214
24653
6971
851
15074
52288
35730
68235
47021
12411
18091
10171
4331
112
51917
52763
7776
22348
5185
2890
9340
13844
24512
46044
30591
12243
2117
9548
276
31897
18200
37230
12081
18466
39983
19571
3047
10219
18704
1958
38654
9336
12793
33506
3634
31935
4
31750
5906
8421
31420
1659
7546
64858
9517
36518
15539
37884
11079
15875
18696
23993
5351
9745
22847
11268
26437
18922
7874
19692
18051
7959
9874
495
67560
5830
27020
15027
19988
1753
32904
4530
3765
60727
465
399
36279
35076
45576
9579
6692
35
5448
59361
30315
1584
21459
482
275
55946
4857
32258
24985
14738
1333
48546
11479
8465
5446
8443
20867
1668
3208
14
4171
7427
2640
8512
13524
8638
47261
3042
31124
37474
15834
18872
8830
3117
43961
57150
2977
369
29057
14369
2457
1869
343
6144
3364
22215
23591
34160
22070
27788
250
20669
725
11572
14486
2422
45019
806
27861
9122
9607
377
22159
1584
2228
13589
10425
5955
3556
18712
19694
195
6334
59288
29586
50765
8713
41530
7186
1576
6579
10202
2867
15383
3614
42054
57471
10132
26103
46388
9917
44761
145
10920
3402
3669
18732
47901
1678
55332
15107
7578
18147
2392
10480
1085
8462
8266
33210
31545
41487
7181
2344
17981
14725
4107
6764
33753
32934
54996
60519
13783
45438
39554
26237
1034
58931
11824
14528
28539
13937
28166
7963
43474
10580
537
9247
13018
8459
14949
806
7343
13842
16245
300
35090
40069
8570
19630
13916
49850
23343
38
1344
38065
5719
26267
15411
16605
62858
1988
5910
3817
38781
37871
5814
23649
20306
13572
769
15373
10034
34790
25919
32691
2876
45405
12756
53639
7536
26876
8305
28698
13400
4605
6136
28270
81
6518
2033
19627
18
32001
42682
1569
17809
35076
11053
743
3792
16055
27924
55253
22847
36115
1249
39458
21227
21421
31545
4373
6704
19780
6
14130
13171
3721
1213
14421
12145
46825
52895
2922
7307
4169
12317
14259
46482
2444
2849
68466
25581
59214
50133
2400
16075
26496
18897
49292
64423
33086
40156
26904
51462
13929
9991
1492
10715
18238
2020
11303
13471
5802
44415
495
1087
24975
29110
61081
8630
18536
4050
9935
6632
2212
3772
31346
46042
5957
30503
2436
43668
2509
25310
10135
32838
14191
3993
10837
1480
10812
46014
57758
595
54577
15
7976
12793
44325
67049
9290
1499
19665
13927
6433
28105
31748
14888
22687
31704
5434
35839
7052
46451
15035
36372
25512
25832
6243
32751
37856
16483
9484
16201
2228
35843
602
14388
18180
36614
13937
69766
4697
4631
12507
10324
30055
12472
6066
27704
19599
49299
5568
2473
531
2876
29317
1193
22676
20693
5799
54109
7091
36938
9757
5920
6
37193
3137
49876
24095
11426
22379
47077
849
3327
5494
66339
2819
7353
824
11563
11644
43358
16725
3731
7446
20421
3172
4618
3077
1514
33570
23657
13564
10103
28513
18065
15676
11613
13946
48918
18790
44946
30905
10220
30353
5358
34145
16471
198
1144
4148
6703
5328
41534
3819
7063
2265
19214
19354
4276
36557
1
18544
4868
20742
16648
22814
13838
3729
66470
20480
16366
21176
31942
11847
1429
28786
3070
18495
15450
63788
78610
34722
4056
39049
12577
21680
28329
12080
38300
57565
57521
12871
34833
16014
2489
25418
5468
37582
5421
10558
3544
9065
72123
2736
12644
47863
588
61882
10395
875
37023
34754
49259
26591
12125
13041
45867
3748
3708
26264
26523
17900
4975
50708
61654
1
35144
4203
17918
12838
6940
34085
4476
1232
5825
28507
5517
21087
28056
24
29304
121
744
6027
6894
1637
1097
3879
7526
12590
40970
4948
12750
69975
14320
37056
39937
23289
2321
2145
1144
12661
14527
27119
40258
789
943
55
4730
2707
7449
1464
4331
13435
4009
2264
1
30126
13174
15874
14749
8366
1713
330
13471
34392
49207
14502
22984
3999
44933
38964
6266
43489
1309
12986
3839
2993
4
31398
35294
10998
3899
6977
10814
1550
42060
664
5925
22215
55214
58618
11425
6090
203
25037
4857
1338
25467
5678
25143
15403
31626
13528
10214
52833
2097
58698
6657
7293
14101
55551
285
2912
385
4739
37109
985
2068
43208
24580
975
704
28571
1434
28816
17862
24713
25300
47628
29079
7299
9715
29673
29538
52364
7958
29154
18211
2302
1015
35466
15449
2697
28586
67963
11652
1303
5326
65809
59700
49292
694
11376
742
6145
46684
916
69214
1596
63236
26013
35371
64724
10820
18585
10035
5696
14116
6262
6904
9734
25762
22839
9377
16408
17670
33344
1345
4090
6763
203
1813
13300
4164
2633
47840
25625
19020
4708
26230
20819
7719
48732
48436
12343
53765
6697
36173
1730
1085
1
5123
15073
56222
1594
55073
22220
15366
1601
37724
5184
4648
13108
29671
8673
14292
1994
33967
7225
10850
39068
4648
4138
8581
469
19363
21533
17022
10571
898
47979
30577
44244
2339
47112
3566
35440
10143
11639
67554
1374
23007
2765
54746
14009
35525
11205
9327
48184
9569
11856
29761
40487
6985
59206
542
4228
19835
8876
471
13737
4926
13897
31273
8421
27387
22613
2
8296
31399
49081
3552
18888
2785
3821
44909
28350
45197
1
20503
6014
50763
2607
27708
9
13028
1302
6078
46494
22010
28509
56980
31984
3755
22442
3006
17781
2769
11980
25200
21051
27339
23421
30442
2726
33718
28450
42681
51058
9685
13744
43268
9730
10072
52542
12702
8560
13699
9708
33549
53703
6259
52967
19987
30599
22317
29888
327
16551
1418
28472
14517
4386
14136
14591
64
6103
36083
21775
12377
55011
21640
8199
7437
3908
14294
8097
13810
25548
4831
8547
33969
1618
7572
10659
7466
11570
716
18492
9013
26308
16065
17256
33687
59313
8023
13056
4186
5324
5701
12296
49852
33140
40077
47590
47465
27872
48973
5085
5605
26298
38076
1308
6551
48241
16348
27816
7537
1631
18444
32985
78398
32205
29545
32291
4437
8217
17813
6636
12557
4001
53518
39315
43769
21479
9999
50552
27076
416
7220
8675
1457
34941
2425
22547
1134
37162
31071
3314
5176
66166
34195
34520
16058
2233
3321
6743
1
42157
3113
13087
26718
28557
42377
33254
33070
20294
49138
27885
22287
604
1330
49512
22399
2994
52933
54643
13278
17680
31198
3
340
27168
36307
6698
4971
36645
66761
33046
6555
1265
26929
236
50606
69815
15942
8337
38791
27457
51713
48269
21617
66969
1397
20995
23784
2852
2825
8969
5763
4262
39870
42459
59812
1770
56518
21170
19054
19809
69899
49784
17567
12250
10908
6754
20380
5814
1060
47166
7040
10778
1462
46477
45556
4723
52734
18643
4149
53212
3128
2701
11557
40244
17742
22974
32203
11670
14492
17427
35930
24782
9761
9565
1266
15376
1278
5616
30216
58682
20511
3959
30540
4420
682
9682
8802
45902
1238
15897
20580
740
1307
22663
43
5825
3055
1758
6595
7425
3912
19684
3616
2151
1074
1048
65277
17449
70143
3506
9313
13423
38224
27882
9804
4045
51165
7625
8301
27768
24001
7055
10216
26134
320
50618
9554
34968
8713
35251
28962
48325
10218
14450
1364
1600
1844
20168
8813
5097
56118
29060
8559
25572
11148
2964
8330
8970
30323
3642
7543
45559
7867
2274
875
382
4352
13386
56968
39917
37758
15809
33437
636
1313
8558
15022
67282
7390
26440
46204
58612
5234
5873
6986
726
7685
433
39192
56180
10062
10342
12139
18990
54025
18032
25874
53378
41
37396
2998
25760
4417
16984
9414
11495
21790
66152
28351
17882
10508
1760
4567
805
21919
33409
1263
4252
48352
16718
4889
39868
1917
32806
3477
15141
372
25838
21651
31111
4827
43413
17481
10767
5122
6845
54819
43694
66194
12258
53400
2194
4598
42271
9498
24701
69962
1714
20788
7197
58934
1380
1855
4108
44087
18485
5297
31391
20578
22798
31655
3
5316
3667
15183
21153
13267
11543
41250
17495
14192
59242
67320
38946
4994
6802
41149
26503
7684
11655
2020
29066
24230
8020
16284
2193
66457
1976
31325
54743
3267
8090
4754
5366
35384
25524
22338
3484
27430
14814
6898
9537
24453
43284
20868
12057
58293
4632
20637
14104
11674
36611
13094
14877
1254
28964
12526
5130
19984
717
7677
4187
30422
29771
37679
47310
9574
3028
10063
2301
34329
3824
6678
23153
5237
5441
864
23566
22655
6852
3842
19746
7375
683
37538
10275
4566
9887
1282
1398
3786
49714
16411
3464
46065
34069
26440
6107
8931
4314
3498
24196
7383
41930
41935
5804
62072
35167
30638
9389
8152
16881
65236
6083
12357
48039
2313
380
5053
43695
16518
876
20035
24820
26424
13500
25246
1557
27351
13940
8401
9676
9633
8671
3451
18081
32751
41006
10351
68174
10171
16245
13927
14803
4187
41751
3857
5125
33299
499
35384
62482
4950
33165
30896
18043
16150
17254
18924
16889
20592
7225
39365
9361
11972
1700
3426
3063
34931
41155
36911
38108
1645
8251
41386
43356
40948
67296
5102
26118
62157
16132
12524
64791
4649
5144
3080
13555
5422
6711
8556
4265
20164
17375
3996
5413
444
6144
23325
72529
11847
6092
3230
45914
47935
43881
8448
7896
3952
16223
1032
43151
17188
54977
59179
6779
30508
697
13195
36941
28725
20091
10906
8500
18816
1370
62687
59155
7854
3228
5186
16646
8259
5302
18382
7779
798
33450
60766
58821
33663
8306
480
246
21909
8139
42904
4972
26897
40459
17657
22077
2045
38452
5889
41578
808
2952
6459
7935
30715
14037
7380
34814
1818
28868
58613
64155
19872
14015
41614
36727
18326
34678
3312
25301
20752
34839
11415
6685
8638
4810
3441
54005
3240
8692
8228
24009
37660
845
19234
1216
36567
19419
71951
9546
2264
9313
52739
6198
117
2469
27044
4272
33833
10427
56855
11723
534
19684
46813
39208
27
24893
51993
40
1588
11231
3087
7709
39227
31779
76736
4230
13168
11560
433
22460
15968
4229
4045
57674
12116
30496
19282
2577
29636
19560
60810
28100
20816
14180
33379
28862
11490
26961
46595
38417
6464
2780
13509
13832
3
2509
10723
13921
35014
7595
3532
1113
4305
3560
26961
24705
18147
60917
9553
26202
5360
2574
27963
21030
9693
57029
35131
57516
5285
27093
2904
23202
6699
9916
5667
9322
5264
20020
274
978
365
4702
23594
8843
30314
2274
52536
2744
30557
2923
2434
811
4286
14904
24652
4156
16450
7301
38240
1300
14356
34040
12750
17592
55252
59744
15471
14517
43930
281
26559
13814
67527
22722
26082
13172
1673
16404
10634
27725
10332
8990
20255
14474
3255
49691
29538
3519
56815
6981
17305
5799
57337
13033
13767
25586
23828
54132
7559
24473
1029
5514
7636
11669
19465
5226
11949
34735
35642
11272
7852
30767
2495
18166
23322
6124
67448
4220
14677
18382
4071
20073
22977
35959
11658
2410
16409
10842
5762
14673
303
60763
14319
17078
34568
29681
15061
1871
17584
1943
40392
18325
6929
11366
28459
35741
1161
40121
9082
22885
13298
2915
25508
4068
46473
10490
25526
9131
55908
47126
19091
3442
3064
600
27667
10074
34584
50861
5010
21760
5105
12888
1413
21215
22464
9081
13541
18821
43005
45912
2032
31639
25479
22058
1269
4215
10877
2639
17038
41174
6285
4780
20584
13923
34125
11160
19962
49515
3078
15140
14400
11180
38447
1241
2687
29168
14623
4616
3175
20288
23091
8997
28955
66802
31625
18769
13395
17946
50142
1260
3797
24346
16037
2821
3907
23551
14238
31694
21542
55553
12079
64361
4220
3973
57118
7364
13437
10484
25385
5368
8701
13157
10304
20393
26364
429
4782
8033
41448
9002
3878
12575
30081
22041
4500
2255
1918
27793
1088
57641
3105
4930
23
35583
353
20532
18030
59375
3041
7628
3240
17785
41935
3381
13831
43932
1747
23248
3557
1565
167
1494
775
715
17149
39329
3864
12531
22419
55634
4686
9309
36055
36442
11417
48735
22129
42325
3401
5020
15144
50706
7144
50116
35485
11395
40647
7189
363
1368
299
13124
8203
21906
20363
35409
7261
20471
18383
16470
18054
21750
21805
37889
13080
44780
1564
2330
1039
43655
3774
1667
39543
23838
34568
20147
59264
20345
4857
18391
25899
61359
14275
38001
41237
2316
24517
7065
7859
3992
38815
1127
10366
43663
14766
33391
50676
28494
18275
52044
19232
12710
40709
21556
20039
30113
3800
638
3548
7325
23111
21760
27409
26922
3508
9867
7499
2454
55918
33630
659
13956
2497
17530
8267
9910
33624
381
9255
29985
12736
25194
37963
49783
6089
2377
2150
1917
7076
17244
359
34780
9542
19649
2643
63922
3529
36890
4187
20972
19370
8501
35589
53083
15205
15828
35425
24667
22252
21941
29311
14874
75470
30873
2166
13206
43674
28532
4446
2859
23953
37408
11815
26280
19811
10976
30837
13413
23434
1499
68031
2129
1849
9
1010
27854
32491
8789
5044
12392
7515
51467
19095
5
4254
25307
7076
1479
37
3128
16466
34230
5002
19610
10759
481
27860
37652
21262
73360
1997
15146
5094
6996
7231
37468
30514
5599
62447
52628
13609
40728
5480
34384
21601
20049
2224
47404
1641
7175
46735
2186
33920
10677
1058
31464
35855
14966
38872
22326
5122
27573
3662
35788
41384
13687
7827
27225
10089
1
26319
13948
13889
61429
14816
15672
24321
11712
9273
28095
7166
58024
9498
26307
15204
19665
2328
15802
7587
9808
12320
10111
1153
3455
7987
55905
1087
38106
15911
25090
7092
9503
21612
12919
5093
17462
3210
30168
31058
5063
24126
16157
1108
5554
60659
7613
25533
1944
10487
16190
1087
27689
45937
6837
58523
34336
38615
9584
1952
7539
11128
4050
12338
5292
2417
57811
31031
981
4
6816
33329
68466
32202
1515
18045
27738
41534
45499
17
1370
35916
9294
3556
56629
4662
15975
2347
22
736
45152
11546
3024
17551
4005
38482
27505
7041
362
33201
27309
38985
26183
6826
29279
39714
10586
18244
28944
9476
9337
42992
7948
4898
2421
24650
33128
25096
72479
13763
2048
16237
15704
13435
870
3595
16898
3320
11212
8153
6594
17377
47442
1395
20987
48219
49095
13045
267
51144
37864
11373
12376
8688
16720
25313
3337
14695
43416
31064
9819
28709
18679
220
63741
9179
22685
3433
29847
95
19596
34531
5413
39552
21209
18016
245
11140
33292
27180
661
990
72592
16979
16300
15244
17315
17106
3269
7129
39261
4576
12165
11980
1
20133
10
62632
61242
69146
1766
10055
33569
3551
48384
8769
23266
53463
16722
39382
2820
51397
26608
38304
1687
37649
10499
13103
21177
28085
8034
935
10177
8387
7592
6322
28168
5058
25449
36196
27697
6484
240
11967
5200
37993
21796
3702
1243
5320
25025
56463
19991
27712
3106
12289
1764
45445
4821
39596
17431
1032
40188
63947
2588
25450
1416
9988
707
59824
18773
12823
14776
13152
17675
20508
4649
29938
3017
39340
10731
385
66149
36883
2273
4645
19801
26895
12566
38959
2179
32437
57856
707
7474
21976
10888
40428
8922
17644
39713
25403
15135
75154
6409
41176
12207
15724
8907
7683
6768
31118
737
35754
9763
31079
5852
1487
43078
24360
9338
28358
2765
13379
445
44978
16284
5530
2821
27208
3484
1620
15948
2225
57017
4499
46428
3027
5310
30648
5651
31510
3676
4426
49545
26273
990
14466
20235
38
17552
3143
716
34858
23299
34432
2626
21053
1151
8434
23953
3155
22644
8249
22071
2535
71458
5195
12357
10774
54157
24607
11370
16990
9573
4963
39482
43255
13957
24
17611
70293
5283
23731
46190
39016
36220
5202
27641
21157
4547
56427
8230
1457
3547
4
7334
16623
1
25948
38402
6113
8324
30017
9359
23359
10110
46079
1124
46790
23626
4456
26559
6094
29715
1114
25030
25931
25815
64286
30487
1472
26707
13230
25834
12392
10263
19553
7840
2310
44931
8183
34570
6333
27969
22570
16033
8475
10567
15535
11673
4326
2306
8395
517
21244
8474
3814
3604
32820
36086
25755
27877
1522
19500
4932
1507
2342
14647
2679
17303
47847
3332
12070
7572
708
1334
8035
48702
9972
2110
529
38939
3338
21586
50834
26
20333
30626
40603
26878
37243
13985
53620
35564
37136
33776
31973
34496
47789
3592
636
24673
13214
44609
18922
38018
17157
10445
4845
19963
54229
30599
16538
20925
240
5410
58151
10574
9744
16769
23
59597
18680
43147
24719
6491
54032
53268
3073
55662
6075
46848
1182
12025
21213
2
13489
15420
61652
44488
4463
2278
622
53935
17217
3811
16476
22060
2526
912
5375
11311
14475
22989
8618
27735
5517
20080
67312
26646
2456
49502
11306
3261
25721
24445
56572
7
12673
3820
23249
6620
3196
9593
47548
5372
71280
33336
65520
4721
3485
68029
4255
33301
7760
19105
56370
49143
9634
26057
4901
37878
12752
18887
9883
57226
10897
2124
24387
36096
4464
29354
15738
54845
40787
9437
10997
5319
58054
8713
21486
11410
7133
8709
59649
49742
31935
10158
10366
53230
34498
44573
15548
10578
3109
49087
45774
9743
23529
42669
12267
27355
48296
12393
6756
34319
46113
40805
27603
44069
4066
912
827
12760
11369
49100
1400
46993
3521
2
2800
3769
45508
29191
34465
38290
3992
31222
38939
16901
4
34863
19981
18414
8142
31876
58398
8403
2280
37744
24503
24961
43135
20644
18331
7915
8147
7504
19066
6508
27166
35532
9833
9741
1268
6201
29878
9652
46158
57255
45084
1917
15566
15072
25754
14044
20044
56554
25513
4045
12677
1057
18705
70049
45714
22775
15255
34860
12511
38684
56211
10839
26330
1464
4332
20294
35583
27722
27113
58958
3043
28374
1474
40
38774
35095
17080
10221
17129
65725
9832
754
11370
9825
5337
5009
17207
27982
1776
64898
54648
3211
22711
38013
1024
1839
10621
912
7172
12467
24058
7637
2872
13392
26801
59723
34979
16525
55265
31997
65013
30203
48779
2048
527
12513
1480
1574
8153
6623
40962
31741
30854
31107
4885
23888
1833
58438
40112
54268
10140
23797
8523
3955
2617
21537
27276
2107
2338
7117
32280
25202
291
47074
5406
1662
9708
35093
2006
29266
36646
53333
32226
14611
302
5379
4808
29239
32534
15350
16237
53499
5726
14806
5107
4718
12905
18525
36189
5526
22401
318
7237
26802
3356
32746
26311
3104
11183
39083
1420
28193
3369
45378
9162
37873
2720
3421
5492
16940
34293
4058
20315
53288
30078
35813
53706
24036
9060
49684
12029
14387
17580
20306
12261
25533
2275
10388
7925
3613
24527
4802
17914
24237
18715
56676
24072
11098
7249
59098
53284
6922
16288
3486
15893
1140
42810
33521
4946
42324
13087
3179
14837
36833
11365
5932
6809
8954
46982
11522
18574
18398
8371
6736
23289
31649
41797
20827
46976
5667
20552
4695
32145
57227
37473
46793
21
35581
577
19140
22774
10802
32415
18792
27525
8578
28574
20882
16757
18534
26349
5496
31099
13902
30875
19066
25521
53649
19191
1310
17205
8796
33527
4903
21238
18760
20816
1
10279
18619
17679
31170
9435
21321
2592
11351
6923
41456
13781
30507
24648
7202
18325
15907
1957
15728
2357
4654
5221
32632
22065
3
32382
25604
3675
33751
9167
10548
38794
59345
13658
37853
12456
48265
2016
16754
3
489
10975
4569
14418
43640
33186
650
9311
33616
32902
34958
68799
5327
40331
35135
54606
3852
2350
1103
5668
4320
54283
53203
5679
12795
4766
2442
29411
8573
23329
5049
905
13506
7002
18598
16306
40119
12045
2914
14905
58463
64192
1222
14800
44608
10429
23605
33670
7015
69025
7563
14466
3124
630
16994
2118
28
8733
219
2723
5222
43403
6515
12316
11069
42998
15036
53206
21569
15201
22112
8121
11073
60545
32970
30953
6707
3615
21999
42426
5149
5639
4453
28138
4629
6525
429
11791
838
1867
559
18611
23368
6692
35253
23627
9149
37474
42378
4652
10694
34824
26497
5196
26730
5690
5991
14705
10995
39981
8796
30972
63567
3663
824
49176
1443
70833
9411
13238
11773
7695
17471
514
32662
12649
2381
19512
50607
430
23780
48707
41865
559
8479
11260
18908
3292
26859
27633
7848
107
35310
31897
29918
658
40087
3789
2189
9252
2023
7284
10561
6252
7401
4089
50679
1057
2489
3655
59537
25966
37122
10280
28016
14829
31867
8635
15399
10705
4094
57333
12915
7994
4192
29338
371
5760
3642
4320
22342
16311
1380
32887
43324
22036
2409
7169
53296
12198
24990
12931
19705
4553
1303
19616
5196
6696
28077
2131
15039
3772
30271
34130
2593
22433
4675
17241
15953
5775
5975
935
1288
266
39275
15191
25298
241
2687
2790
38712
1882
5181
3403
6387
23258
38479
59325
20340
1331
40284
11460
77943
45034
42589
62974
25542
52610
1217
22685
38177
25946
18551
11798
34470
24392
32534
10292
690
3758
10535
4714
53072
19846
51862
20394
15789
52809
34532
16980
1991
41115
15482
13848
13977
2464
40790
5534
17411
34618
61027
19885
54472
1179
10933
8192
9118
1213
4779
5884
12471
15092
10433
18198
1465
10996
8565
14604
42103
1573
310
16208
11663
5933
9439
17714
29142
28534
8580
16088
23564
16145
6760
29702
1867
30593
3
68827
63875
38646
4558
4908
4335
18182
6908
21180
43710
33072
16986
62993
786
13396
4137
32142
62617
19676
49625
46565
15734
23117
17448
43093
42429
30558
17874
14035
71926
23086
52627
66069
20489
12827
2128
2691
7667
41552
15881
120
26838
2436
13628
18611
17186
21727
12198
9591
18182
8683
16946
11289
1493
3395
12107
44763
4638
24181
21764
12
17774
6538
64
19402
2789
7934
18368
15164
52659
10163
3791
21761
22749
2702
436
13161
4772
43952
43712
54061
29121
27993
49161
19956
4221
69207
16575
12345
23003
7769
35969
23603
17023
3885
23311
653
19042
12232
19429
1680
26661
32919
19750
12764
29025
46947
25652
43757
22261
11287
9369
1788
64431
4368
58504
40048
17741
2347
21820
27746
7817
14313
2452
59768
46934
10558
4441
27348
5637
34243
3472
8659
3467
8703
35548
14877
6669
26781
5608
11421
33
1100
14857
5381
7190
33064
49793
2786
20728
19676
15650
3087
2282
25241
10854
2657
7694
17649
31498
32852
8763
33735
34542
46410
54581
64125
3318
16748
587
9979
14531
9378
10335
7451
44316
10177
1839
61730
11695
32059
28130
50571
68441
2204
2822
11273
6561
891
1212
4329
7599
2856
1463
30596
54119
3990
1432
56949
26926
64852
60445
1256
5183
7943
22355
1175
1130
18139
8945
2330
50307
28428
6175
3750
3292
18946
9879
40230
41448
2136
5808
20210
2269
19535
25144
31162
7831
9920
4779
11986
17024
30027
2921
22286
26781
950
21225
55035
6286
26323
8645
23528
59363
6091
41357
14132
30010
119
30077
18611
10924
56176
7529
32322
1705
1864
21142
40861
12891
834
16611
57238
20194
22925
5327
323
27063
57366
15896
1661
20595
189
18599
36081
9665
29760
48118
28626
13768
24506
14953
39172
8841
2158
4059
828
3533
7521
11712
35328
600
3003
3616
29
26015
29235
31576
7071
19119
6761
33471
12798
11435
1071
1995
7159
11785
30467
73954
6542
11898
11863
2088
12050
8372
26986
21524
24996
37831
55340
386
8382
608
24825
13787
18799
16155
92
1711
31322
20354
10661
58827
55930
56222
19391
2552
44109
9086
5880
23791
2456
37053
2941
49471
47646
13177
2329
22868
1
2194
266
45061
48387
10073
2497
16864
29186
19514
2759
25698
9012
50453
9147
58097
2697
25597
4381
73184
756
510
14337
30916
26583
15796
29955
17325
37162
26483
437
4472
38334
6840
24883
28865
49419
7098
5807
10361
3490
61165
1935
2932
45792
15381
13720
59972
37407
2842
2055
615
7247
24183
1458
23778
35217
58173
13479
7442
19283
58712
27809
76755
19232
13677
48764
6832
660
15422
12870
18606
69187
64159
1356
18674
8950
47902
6625
5870
5273
5499
13613
11426
14980
43258
50994
16667
63843
21977
30466
37387
8236
40192
14558
11647
12007
21331
10725
12576
2954
6638
33774
37810
368
20850
6296
41118
2608
671
20001
498
30028
16930
25110
3867
50727
20930
22037
4428
234
22
17337
21639
8585
25930
5348
31806
1939
68752
8651
4257
10373
8191
5734
20438
60023
40227
30294
4637
43394
31960
30784
28216
54185
3411
39356
12793
2260
29764
4253
9575
1506
13095
11370
607
29191
13666
5427
16622
18735
40660
61286
43487
1798
48748
3868
44309
12648
438
2923
30859
57404
4132
9606
25582
4613
633
54458
19196
36050
6265
8948
7074
21943
546
3402
21853
57720
47255
5194
69188
15569
77567
29008
23312
10164
31660
12487
21506
9236
10954
522
43500
43979
11510
43830
6508
37110
10520
17562
17004
4762
14879
35173
16300
8761
24442
17073
22054
10171
1856
3479
29229
638
11132
37821
4369
19521
35350
8960
9841
20795
18243
15324
3830
6502
2014
53569
10892
9586
21766
7068
6063
5652
40605
871
6031
26793
5038
11667
8955
21640
13682
21907
12667
18784
3779
1929
811
383
30881
12112
987
32524
39578
3963
22780
40498
23720
2440
15733
7115
34200
10110
13265
51973
45563
5349
21233
41913
9073
1849
70991
3
47849
459
48909
899
57023
7331
28884
21930
7309
23689
47859
10366
49917
26419
35079
6474
10934
409
4515
9548
13313
6783
11252
2046
45688
7967
17103
6743
21861
4333
5488
35573
6817
18623
12904
34362
3605
4886
10871
31776
41468
27724
35313
49970
32
1837
7503
29439
2227
53876
19056
34269
5808
896
64203
4641
895
1153
37573
7606
33867
4186
42481
32287
20668
60269
2251
19201
893
40766
33750
7482
5288
12131
628
7881
625
72176
8557
12424
2040
11569
53361
34552
8611
37674
5661
22973
30763
1274
19638
1546
18
32047
3456
6702
30760
3234
25440
11009
24933
11727
20176
8160
3660
1963
19667
15842
1577
9642
236
12204
17985
55593
46988
17994
24467
16904
818
443
4021
13601
883
24186
14800
6611
61735
15786
650
6928
49
11783
800
24192
5498
32152
6155
36160
354
28427
9889
22325
33137
68676
5314
4802
51997
324
12700
44296
17588
7987
13882
3311
66271
4325
1331
17897
43594
32089
6531
16825
1974
509
1144
599
53516
10745
8515
9976
21935
40921
765
16352
13182
14668
13807
23556
4469
15798
5079
22908
28953
31067
51505
5370
5442
2146
36238
6584
642
6672
26604
38083
9937
26703
11585
48236
1137
41684
4325
1886
19963
41696
21434
8406
49915
4074
51469
11560
1416
60322
1081
16629
6888
30982
4361
8195
55651
1329
54624
30524
55087
3665
37542
2388
31913
8066
23854
2927
6984
13666
25743
19967
3134
74868
7891
2045
34292
3015
21935
18957
11316
25505
2428
23301
20753
670
68602
10967
57422
8502
61650
8020
1638
5704
1406
30429
5942
2984
15077
312
14985
4127
7710
7757
13438
7105
16333
17916
70712
2675
37271
38811
5457
16096
1140
30872
38505
1631
27584
454
13300
23433
45655
11160
7796
41883
2885
4673
55236
46533
10315
5272
30735
47600
2692
50423
299
4857
356
14861
43889
3814
7990
26922
6744
12369
34281
5857
913
31289
40394
31727
29134
1897
18610
6508
25135
23351
17050
20750
55992
44134
56690
12407
23307
22513
1464
15960
7041
69475
5738
45333
13221
2290
16836
37237
6284
53257
13653
1069
31890
17888
3686
5089
257
11697
10421
19620
3498
20078
533
59610
24529
5530
2943
9331
2302
26372
14313
58341
2305
2
8792
2797
8379
11860
1208
36053
16731
36806
7873
49525
7261
34217
2044
1725
8822
32042
33105
8167
880
5907
27421
5816
1261
15415
20781
55781
48570
28363
41279
8646
19504
34297
2047
3492
39776
7208
35610
38832
33216
4594
23432
22360
30828
5200
30240
28051
24758
3889
21758
19093
122
14230
6677
2436
8566
15981
17266
19204
43527
27109
8701
623
4377
13925
2077
311
17564
34820
1
1954
23888
50039
16017
2564
55195
18164
40844
5943
16332
22012
64957
2813
6468
444
7695
11557
29322
723
971
16646
11851
13541
15869
6615
14024
16006
12874
44652
2013
14440
19479
20981
33937
28837
19225
19833
26560
4598
19743
20132
13581
3147
17697
35149
6666
12530
6097
38019
31765
12566
30414
28627
5468
6998
34330
21577
32485
40990
9460
2523
6381
23474
49956
7195
4856
3827
8562
1734
31077
26229
25900
9098
14273
11925
11971
56713
37494
3360
1927
38528
23
9266
3932
15085
40
14616
2651
23463
27598
51719
4256
4995
18379
50564
22412
8388
27371
225
30826
30688
885
2911
18160
47662
38593
32373
10758
36592
24777
45882
18180
16576
53372
10501
34252
22774
24640
51517
9035
8363
1552
32897
36692
59470
10754
7909
9066
4378
62124
13199
14984
3428
19298
12896
6920
19651
2386
56793
17626
15685
22335
8570
13403
25873
10264
2480
26978
16520
61644
884
50692
48733
7204
19583
1351
59127
55368
23644
56344
16982
19872
11106
45202
31002
23915
756
2259
24784
2646
56081
3799
4856
4774
11167
22629
10230
2848
16483
14887
789
4648
4518
48905
34855
45131
38608
3622
30097
4120
3400
21435
10017
2659
12271
2125
20433
4814
14329
5501
1892
2149
6718
29249
16639
24811
14321
72729
23251
8398
13530
10761
7010
1326
34257
50342
4587
5847
13756
3948
22691
15354
23411
18326
5447
24367
59889
16949
54025
1281
648
29162
13251
21603
35697
22226
4793
65079
55020
28209
7305
61783
8621
2243
37257
30734
2025
1759
1114
21083
13093
53908
15207
49665
49925
32975
1326
31744
57094
32373
739
43122
6120
21913
6462
40341
54391
2322
12342
5233
19849
11540
26922
2960
12930
7279
13122
14867
44604
34821
12854
44899
32857
24540
62363
10631
10994
8944
16165
24019
473
38837
2574
10453
5974
4763
63105
24195
43997
36711
67892
3436
2283
26210
7042
1618
2400
29563
3712
1168
43849
14739
4952
16854
20215
5574
20659
12486
5434
23504
19016
44116
5064
24640
20921
30168
12764
1791
34500
5482
9882
28645
3634
49905
52158
31822
3858
3373
41035
43696
5241
23636
50955
38253
12914
27973
19512
10232
8128
1068
34526
14202
51033
13517
18396
19757
23578
25050
23949
2408
8186
994
38649
60541
9515
33403
16274
27702
2750
36972
7223
2989
10862
1451
6745
46099
18437
75492
53863
14688
6931
28600
30198
20870
9327
16449
15207
4014
1426
16700
4304
20772
11086
1032
16935
2
9496
29614
13977
41484
29059
40968
49521
16459
67363
255
3374
50761
21740
24336
23792
8628
66995
43326
25895
34276
7515
51582
28844
39182
51413
4921
14114
28933
5618
1289
16046
3755
32808
5373
729
23476
54340
10144
25301
8275
1784
56840
16524
28704
3105
16055
65033
4943
46182
27925
24998
27420
568
4978
11337
10961
15461
5571
21074
14352
3694
34796
69732
342
23601
73139
58100
16686
60974
2248
38525
7934
2688
1222
25747
14374
5922
17196
6593
7102
30650
11962
27137
16855
12234
8731
9021
402
21359
41158
5577
22069
12041
17455
6962
57836
6990
55596
10439
58000
18515
23830
11163
15552
1319
20844
33821
5516
1063
1110
26879
8564
16581
35682
34004
58566
53141
880
12436
1248
5922
25736
8116
5475
886
5216
1672
16065
619
7977
31366
15123
13045
3622
675
336
21165
45837
66638
2916
3466
7400
55406
93
20215
23742
6016
31355
178
5812
17431
2298
36641
70014
23649
46102
22167
16672
30448
7291
19546
39902
1360
1
46512
5391
1681
2446
29883
28548
3973
4764
55561
10388
4878
4301
22842
10451
56805
7898
26599
44354
6419
39213
28610
34374
4342
8061
7284
9735
8978
26992
51499
54532
30000
11695
6628
7063
69997
7142
42002
6970
5555
27591
11332
13715
28651
26067
41543
4918
14995
48973
31094
65137
14719
18925
5501
22540
13826
42783
23452
26541
16711
257
2691
47937
23209
50844
185
6426
20637
6048
4918
39970
4797
28381
47860
8603
11122
14603
56718
2298
3310
2077
3337
13398
23226
3674
10490
18977
13325
6057
9792
34794
5546
9785
2440
8697
44833
621
12724
40944
16388
31314
32549
51600
38407
783
31283
29704
29271
46233
17955
41856
12914
3994
18097
38373
4563
9174
24223
11664
24030
28286
14740
15046
7705
4921
39900
7074
50235
41524
8232
21133
13857
32482
15976
4775
4405
4097
28810
6471
18282
24569
17656
6631
3192
11709
11859
44169
24726
14528
39814
4832
1831
2422
26621
5195
60241
40425
8394
1476
31656
28342
3205
55798
30594
18651
46469
13981
724
7895
44475
28666
14895
13645
29651
30039
10793
46364
6541
28180
29057
40990
4646
2
17024
11195
19007
6871
9841
20859
40621
48670
12577
22696
10872
57935
5192
2772
12321
2
29380
62437
7626
19062
11880
30865
19698
3318
543
351
6531
13811
9530
14017
8302
11330
17806
42350
4813
20267
44569
3691
54240
26348
16418
51029
38363
9527
27876
14160
57947
1736
1117
30781
1423
3442
26587
2954
5981
67223
69457
4062
13786
23784
4206
16126
8456
43175
8187
2234
30818
3102
24715
9524
62128
10463
2393
16644
10077
1386
32679
19254
17491
14399
31539
29225
45056
14548
1293
27849
33161
17576
557
9529
3710
38423
22651
35302
16632
25272
3810
9280
36367
44692
15260
32408
16848
24367
840
32168
31572
609
40530
26768
20183
24362
21693
19140
723
30346
12976
7679
29225
14985
4703
8918
4403
851
1706
73848
2529
3861
6529
18949
45977
1910
27821
37377
1192
10285
6382
16823
778
402
38883
31445
8070
41249
2894
731
26891
50718
5466
49863
5673
41198
3856
13112
4352
53417
39851
32369
14708
3541
25217
1998
544
13924
56004
29780
61905
930
15727
28857
20189
24811
4478
29512
48697
2310
10795
5226
19479
31912
5502
8685
15671
2185
11507
15337
47358
8152
38445
13697
15464
745
45696
13375
58789
446
2469
14065
30016
11702
66914
45682
15074
206
5746
10100
19774
30757
74471
9777
8115
16156
16673
10849
49530
1256
22156
9408
4613
20555
16840
70851
3359
50404
40954
49837
60790
7141
38601
20224
33333
44317
24280
13268
48689
12544
24780
38552
338
11133
2987
19746
11267
6665
36860
17983
1750
31937
18342
9518
5037
10821
29601
25062
10642
37605
18483
22004
6851
11234
712
44319
11361
15712
19264
6133
33893
37000
1079
12180
3679
33428
330
9012
933
7716
45504
54279
1099
6670
3303
13804
9396
7680
23940
27198
13664
47982
8148
38877
30612
34826
28891
39
20621
29338
31207
13941
4381
14
5705
39674
13223
11941
23084
280
32322
27649
1372
15274
4609
25469
3591
22579
22479
77517
39667
35455
24519
1990
1134
882
49696
8451
59294
4281
17420
27543
5767
15040
15502
47996
15051
3535
2001
8794
13479
23570
16724
41227
2664
13106
1156
22833
9860
9609
13971
19070
30529
71562
29163
1384
5306
62724
8646
30757
52799
60951
14323
11925
16070
14
35895
2895
32464
35317
14083
31488
6923
2779
15505
21979
22774
1636
27988
29608
1813
32337
47142
13149
15933
5
21421
5723
22208
20978
658
27458
24721
1215
29572
18701
16482
1079
51866
31211
13098
59033
14655
43982
306
1631
4122
39169
32463
643
6830
289
27015
39064
1995
3209
51571
44662
5921
35139
15231
56904
9677
5946
39654
2557
1060
10049
12073
22
32366
1407
14474
45311
12647
18971
16459
25853
24791
20566
11763
4676
9361
15009
4329
17744
62489
19154
43526
25720
21145
13157
14040
22759
10542
12843
3517
12362
15225
28219
44965
12789
24842
59403
3730
339
8601
69852
11931
10364
20473
3454
17375
64760
5303
3244
348
2687
33609
14511
5165
9122
2452
77996
14574
25546
11178
19983
18842
10337
18118
12387
13002
20606
48743
28129
20
2795
15090
8440
15109
17295
54426
4828
14695
15990
8217
18166
34166
2830
1000
3896
2883
5195
30051
2450
11977
4705
35391
12023
52990
1863
3886
3929
24381
13577
49779
11645
25798
14899
25609
40859
32974
2185
19828
25406
323
5452
28362
3101
56455
1047
1717
15798
767
23641
3330
6733
604
44070
41947
36599
2904
1987
18767
21356
14630
5761
64696
22618
20773
1924
42790
15101
26157
11083
8912
5403
13320
25030
18315
3
9858
69122
8446
4075
4489
28815
38463
4
13652
48436
35218
53034
10220
17030
38996
26468
14686
41798
31015
11155
5973
1
11351
33503
486
5822
287
55417
14448
7712
35651
7898
22803
46516
24961
10909
16199
8451
9930
28404
8326
25810
29837
70622
28341
22250
273
58186
6156
14197
15460
6889
32294
48821
34437
226
7982
15750
24106
9976
77
10716
8938
657
25026
17326
11230
5143
34861
27498
9312
47415
3997
15843
241
7159
707
21596
2590
8109
986
63599
31652
548
4195
6
26737
23217
12212
1402
40787
15461
15426
46282
1329
69462
14500
10347
28153
30726
582
2350
9455
25730
39451
17615
20255
23199
10254
11763
24862
11299
6805
41958
5798
7038
904
7947
8768
14755
15172
4784
19003
2224
5057
5447
3069
62467
30206
25274
10693
16516
5181
1868
9489
49702
11877
9789
13938
28889
2762
22195
38357
283
35803
18039
1368
725
5855
17358
54977
26730
24479
2847
307
54836
32210
27175
11266
30583
9051
14289
7245
8556
20604
37031
1946
5834
45663
18801
17369
54319
36020
1744
18996
39716
16127
39057
3555
11562
5530
12490
35192
7177
851
16104
245
22076
5222
3251
15115
6193
6494
9899
3986
12237
930
14883
34304
63217
13
22271
35064
15364
37366
10113
11507
19553
50748
1354
1713
22068
3638
10786
8842
4803
19048
384
10124
4433
9588
10344
18696
30570
27891
57482
43601
6126
1
34519
53391
8778
32793
662
14847
15908
3609
16211
25138
33000
14609
20723
8253
8792
19485
16124
23964
7936
14136
4518
17281
19987
5598
2253
2
26013
41778
68692
1690
33949
691
23710
44802
4042
213
37172
59121
17940
17118
1222
15549
24070
51825
32953
3707
1684
39004
2311
18881
10211
656
58286
30211
8144
18383
8594
3931
28433
16429
10532
4753
66062
33976
17452
53351
20944
5050
25648
48643
7046
71527
2455
2106
66245
19705
29939
3213
38139
24327
15385
39591
39606
12272
8049
41030
34853
71284
4775
395
37866
7240
5507
29677
73005
36127
3311
38042
19741
3291
30400
34604
2474
19061
2177
46057
21297
39159
14130
11972
34989
1680
36572
22363
11284
1486
9657
2551
14223
1130
1108
17945
1
5202
2094
34222
14539
54806
36305
40006
16152
36150
46109
10438
63101
56441
22208
9544
2792
1617
62660
3082
1872
11223
39718
7052
21417
17455
3955
4194
12831
7017
16079
25752
63485
11193
13393
45198
18075
22567
12979
17982
26130
55341
29657
37802
16471
2974
9853
9697
19743
40190
25152
18312
34404
1941
4857
10949
4473
29177
49929
11700
4089
13133
8873
7415
9188
27829
1448
19522
27039
13731
9333
25763
7589
867
16630
12705
29597
8542
2887
4895
29404
2006
1592
21150
18287
21665
45466
58084
55288
6043
57301
58108
811
1737
42457
9919
19096
35392
18743
50646
14335
25826
39509
9824
38315
10444
4944
10
2088
13777
429
13116
18177
58959
3057
53834
17016
21247
4148
24356
15239
26238
55431
6335
19273
28108
40317
11162
31509
9115
33860
7779
1721
32680
33353
19010
52901
4897
17861
17385
56040
355
35424
2880
7
9255
38687
22845
4964
10303
45763
4751
230
4054
19804
47526
2527
23598
19390
2872
47183
3396
540
27622
29887
27949
12448
18448
14092
3420
61844
35676
14696
6565
7463
21556
11406
8965
3169
16652
23441
6516
47191
12103
11270
13306
581
31458
13853
61120
3224
3503
8585
44003
11405
415
45652
48460
3000
13512
35357
13009
45095
23352
43747
17170
853
4711
13563
11140
3
2290
28716
1408
1005
59353
23153
68533
16984
29095
1872
5101
1634
46324
41748
11571
709
26846
40945
76561
5072
54222
253
4250
1341
10847
2255
1059
5570
9557
29021
24936
549
9954
1031
33762
539
445
4496
4743
61740
25558
17404
15931
17671
4167
54126
46256
19468
16818
62030
24679
21000
9160
12496
5
13089
20683
6099
18863
12011
13047
8284
10317
7752
40312
5027
22126
74750
1034
57104
13345
949
46769
16012
38247
2214
1710
2379
75982
19441
20523
8477
46258
5357
15246
11073
28193
33390
5449
26868
41279
12124
989
50769
15594
26544
46161
6379
18940
34554
29795
10896
6395
5077
39099
16720
54535
44739
8194
1780
51184
29306
3604
25498
29905
4120
45067
38191
17496
10334
26847
1635
2269
12280
1937
33620
25699
2597
27967
33626
5857
7539
3398
20549
79
6599
12436
740
37593
1382
4720
3048
35743
8370
7017
9234
1288
8655
28062
17289
46620
13323
7235
24077
5749
34807
5296
13261
43500
48649
4249
35301
27940
36454
53763
11732
376
58521
7941
13329
22048
25827
582
16848
12876
7170
26319
17683
872
5257
16245
7219
2375
61725
25413
29771
1392
1090
1044
68
32412
7575
34605
27868
7196
21218
21958
9863
5858
11934
300
20744
16550
67112
39195
57629
10708
15915
9443
10275
40031
4618
38723
2
25642
6390
67571
2015
47782
81
48386
23873
2720
2647
19629
51466
67893
15717
1359
20349
53562
15773
10686
12126
23464
7765
25796
6044
23559
19030
12948
17754
53477
41911
5565
31393
35127
5277
1816
3165
29821
843
14591
4431
5858
29773
6361
4617
7244
2524
22767
39354
52924
5594
2705
30166
40323
14065
30749
48591
13952
67192
35029
15866
1916
4005
53230
2784
12133
26113
4651
13658
31944
48875
19590
35750
12945
15551
22444
10279
48344
3811
26473
31554
17459
476
24297
12719
11929
3692
3825
3181
66112
69672
307
645
19379
47533
5866
47282
7138
45768
4481
7375
7652
50627
61459
7194
41327
56218
48329
10082
9779
20325
15578
34007
6967
29029
25645
1870
32134
11262
54189
2554
2176
28006
65504
2767
57184
7926
2042
16598
3535
33629
5397
1
8060
45017
21881
1
22278
4101
20974
16876
47534
12500
61751
5701
48121
11788
40838
147
23316
3638
1854
1083
23798
8156
62592
10640
2203
13512
847
30584
21826
77994
48674
11481
13495
1777
16907
3950
10587
27249
65195
21130
15282
9104
4855
34210
34248
21260
3479
8834
26116
4967
6181
15206
282
32877
18797
45565
11411
22990
638
12835
38033
12342
3771
46732
18169
32957
47260
26654
368
50255
447
23188
7108
2025
1812
4740
7561
6010
15139
6284
6
64403
21445
830
19972
386
35706
1237
51826
45570
5983
23133
24508
2591
44835
2842
4995
29049
4407
4037
49462
5160
17651
20123
9727
786
2616
49709
51544
40317
47844
63716
16330
8950
18907
5367
689
16521
16362
10545
35371
9002
13307
26430
17015
5211
15562
3483
37412
33560
20667
8830
11955
40505
11567
61537
9042
5644
13133
27037
14930
13722
13248
6743
4041
20364
55128
15011
13751
9105
43519
74159
3666
21982
49979
9536
6123
3539
8682
33603
31825
48915
10252
42981
11233
10537
9254
2412
18008
42150
29604
6609
7695
76049
59386
55617
26877
34709
35613
31119
23758
40399
11627
7850
25129
29277
9713
40513
43357
976
14079
16874
27498
58261
49088
3795
8099
976
3889
2009
52029
14464
16682
44742
3456
36104
10243
8296
42384
514
1608
24575
2853
17513
19488
42420
490
5945
48524
7506
17317
66421
14336
24215
8413
13870
4575
32792
1213
13489
5952
5719
12784
183
580
2608
30406
16800
5680
24796
28907
2952
35636
30472
5058
17009
3066
58034
1579
10247
25609
45824
9551
14779
37843
28086
29671
27425
63598
47891
9513
322
1189
6812
47973
29282
32045
37572
2
7343
311
40795
26166
73099
21113
15027
26180
2421
1922
29106
14899
12906
37127
1136
4025
43998
17675
54308
46941
6831
12171
21280
27882
27174
11856
20044
8185
36300
32790
38674
5201
6969
11449
60546
27807
7338
52522
33203
20658
7799
26449
5901
14518
731
42644
20727
21128
17752
4355
56938
22617
29796
276
19
74494
70908
33967
2498
2942
41070
38283
3375
37165
7211
7511
32108
508
6067
1423
1
17347
667
34867
3586
38276
3811
18136
55239
17457
17386
20690
4258
38070
37406
9800
573
10569
18332
18040
47364
6963
24344
34031
16647
3581
17703
33526
63489
7647
2506
40612
20426
30025
44695
11025
48263
22252
7600
8307
27915
16269
20690
2847
16861
39712
11887
48774
15469
4699
782
19523
18922
34593
22893
72192
16518
39866
31145
27755
11658
8471
6537
7119
57651
1292
27713
12098
2987
14308
6630
33502
28971
32075
35162
66726
25444
1010
19426
12895
28588
1380
26605
23670
13764
35177
4120
19216
826
11121
48363
44726
36411
63875
48279
54503
18955
23718
25654
7516
42738
8031
5912
3817
79171
4614
20018
3465
54918
254
7798
2407
20543
3636
4565
1914
9186
4961
2751
27780
15211
18107
25796
6256
8850
1549
8979
20577
12122
10799
15168
60359
11228
15872
4845
9567
12650
33518
16761
52955
5888
25229
53110
26905
23481
18789
35369
42068
20742
65707
28588
2617
35449
18381
25399
3929
1911
39938
814
39564
50301
7580
8995
8208
10589
39511
8404
15925
5990
37401
41588
1268
70194
48962
45035
4034
11040
10310
36879
6165
7217
6246
29916
16936
2288
1342
54072
14042
15599
29616
31945
841
36409
33460
49004
9373
1561
56815
33929
10508
11668
25839
59561
22922
7170
13735
14635
61308
9861
36934
31009
56388
13522
12389
15119
10202
40966
43132
45356
53158
22673
5787
17472
33598
67426
33932
26171
11660
10826
19328
41901
14891
30515
622
702
27910
62434
12188
30576
1811
67646
17960
9373
13161
17688
57110
25263
47615
15543
56886
38692
3256
5372
3060
31878
1251
4710
6067
2764
42986
21743
11620
32729
6329
47093
13614
27496
27867
71033
28216
26376
33078
25767
10466
20282
12428
51455
6925
1850
32516
12819
9598
50521
74671
9827
40
4790
21133
53957
3263
11818
14972
10690
2338
373
21090
14806
18061
5643
8394
426
36805
18726
4562
3736
25506
55680
38092
1776
31828
26031
744
11930
1958
18781
17896
23515
38603
2315
8918
6916
19447
45587
42121
17348
5175
1781
17763
20121
4220
5684
13987
19249
1
68044
21969
22246
16995
17872
5125
22257
54306
43088
15182
55315
7578
20998
31606
1772
11753
30570
17860
4685
50026
8064
21283
16667
1001
25050
6579
33770
29066
10030
8701
16048
6450
17153
79666
42879
65499
34680
15982
17702
6530
18164
72466
18371
20093
13379
20385
3737
21322
65234
58771
11068
12673
5898
17999
6216
4467
10026
55179
4256
2391
49627
32059
12436
9562
6574
25590
50827
2326
58597
20982
49229
8904
3180
22729
6185
28900
32743
68184
3685
24773
10680
50772
336
19958
11593
4894
53607
3039
2452
318
41502
63615
6029
50662
2918
5917
9900
128
3853
1017
43974
27475
498
55916
20109
3275
36504
64
5137
649
330
12845
2485
24256
17159
3164
5666
6931
7417
23774
7398
3148
66765
23250
34065
5938
22662
7916
22590
4767
1289
1466
12277
5036
6117
404
16187
1691
4483
33524
10876
7980
46946
33664
50699
56394
6521
45930
17937
27297
19866
23965
3875
5301
650
1680
6645
5888
22914
35601
2155
4247
28977
22484
36883
51611
56231
27433
24089
4360
740
1439
29197
3240
20553
30241
11143
54054
650
1554
8967
19795
30178
23684
26692
15137
4104
41355
580
19358
6346
21781
12553
21353
18664
24710
14075
37705
47499
15035
17135
28700
23374
638
55
3690
820
44735
2
43059
5894
12419
4881
39208
28535
7954
1324
2271
13261
13823
14604
40859
3623
30237
44342
9233
6174
8563
31144
29917
48195
20080
34988
33427
45417
22694
47754
24145
20865
1265
18464
22346
2552
9600
4181
2939
1463
1339
6710
42288
30524
4568
25573
41360
12134
4622
23684
21813
4692
16071
29349
31477
2758
8554
55738
4057
18525
3630
50437
14416
17924
9554
19064
40021
4029
8076
3795
46920
5072
51866
23147
9
9535
16960
10252
2349
24792
30404
3495
41970
24556
49248
12339
30472
46576
2050
4029
21317
3882
22594
2749
24591
14083
1102
20562
43348
4650
25914
17716
11193
61067
16455
7324
15244
31662
19790
15814
5163
18179
9979
1878
43817
32061
12619
884
39170
7895
10173
25207
6990
5824
18150
6084
29013
30059
2347
8554
20410
74680
23326
3717
13702
4577
18876
26436
17571
5155
41704
36839
1483
66285
4335
7640
4833
16404
19406
52399
1811
7357
1225
1880
3926
39994
16416
1404
24100
3721
5037
5615
15730
20479
5456
38277
2377
23007
25756
24790
10
30179
42967
42505
10838
10650
14595
6843
21671
26711
1929
33842
26326
55289
347
54512
4113
56662
41130
32762
23488
30778
43257
9163
12804
36756
510
2763
22231
11331
16412
5036
3969
25109
15768
9720
2517
11397
2187
36839
38038
357
16943
17148
16865
13254
71284
579
2199
6451
5187
32549
21200
60795
11881
7321
47579
30064
69609
4920
33511
3491
16889
63324
18716
17426
13319
12612
7508
7389
39468
2943
22108
16827
12697
17734
25151
56761
12973
10348
4989
6076
15940
2390
1788
25100
4898
13947
50151
48338
5764
10695
65585
12420
21316
25977
16304
4781
47874
55965
5180
9725
13343
41309
40094
2946
2632
23478
9895
16703
17439
37968
5
2877
12329
35731
3828
29898
17189
27492
9303
5759
13
9505
1278
5415
25492
4525
5175
7519
24115
12881
35537
7516
51235
57685
20118
23982
19178
5887
267
66246
4431
4085
42330
3854
9422
6035
39745
48876
11738
4497
51885
1451
37241
7833
201
8353
1167
31032
21042
54849
16234
23006
1410
21610
56038
144
41605
50983
19619
6021
2342
6557
7576
5006
9567
34407
274
29627
21134
16171
46206
1734
37495
20563
16821
37541
28073
14630
5759
17430
10968
31695
2769
58875
2360
5501
770
10479
38685
5
14793
4084
10357
7687
4166
9628
6442
1817
8954
52166
9027
59496
4242
992
50221
26130
3
24789
6256
16359
7734
14156
39604
6214
9400
25711
21266
7749
9979
37717
13969
12639
29685
24604
10334
7126
6552
4494
22561
17346
27592
34177
17670
39142
6456
37737
13424
26805
37810
39529
8821
25412
4428
9221
20986
45177
36864
19805
23518
437
2912
9425
33120
4264
23484
12495
51128
1600
35521
26507
37417
9666
68111
3458
76093
1
5999
13072
19617
58438
54704
20213
6972
5250
6930
3016
1022
19204
7951
52311
36228
4927
18539
16818
1
4652
4843
29841
1618
7644
64740
2
29385
32687
790
6
55387
6614
14299
27855
22759
358
1664
4069
9823
12223
24931
4480
5974
6235
1383
50724
7919
1046
15699
66973
53496
38082
18430
11675
4730
20305
35818
13825
24007
26556
35
5308
27333
4319
23914
3390
25384
5677
6918
547
16256
4956
42151
19050
693
41643
2072
11472
25320
28993
3061
2928
34137
14218
19711
27279
26520
4436
527
5811
12244
3229
3320
27917
33982
34853
23190
6043
1209
35583
5383
7380
52800
41332
271
9356
31249
60241
2438
7790
2764
4924
12683
18930
54234
746
40018
10298
21255
18794
2221
53421
34354
23854
1364
10387
10707
10620
5162
60886
42025
18694
11729
38974
8094
6100
5717
31900
20058
2059
5424
9303
5344
20760
2277
40099
10357
2814
10960
4830
2942
6225
7949
23972
32836
17484
16713
20079
18641
23414
1085
15438
25761
55620
5595
54860
11129
24183
28449
7555
51584
17745
5478
12390
18658
19
4274
10077
35159
14358
41182
396
10692
17468
44416
2953
16211
14153
183
22192
3463
9761
3430
14699
42044
20328
18989
576
6843
15008
6808
29505
25948
43664
2273
6123
46106
1667
14721
21418
15588
25634
6487
8469
5173
3614
427
13972
2191
40162
10032
15388
28922
28151
3662
39528
3277
46938
23712
8914
8417
1475
5645
34793
23534
30556
17474
5757
37146
3936
31443
31382
47955
16357
23981
54337
2046
24293
1788
25581
8526
46443
14517
29575
8643
6167
12223
17428
6650
3642
7422
9442
37381
26284
1275
60097
60499
11422
28287
19274
25267
13510
17790
6473
1019
30229
38444
3580
7401
2870
11031
15566
4504
56664
4463
898
1793
22519
16333
2516
19556
10516
34600
16945
12196
21614
32244
13411
26707
14572
10834
5466
50898
55303
57103
8055
5430
32290
11719
18164
1240
2523
18267
36903
822
38753
18067
48303
5718
5725
985
31690
11955
4642
35773
32353
17691
36854
10431
7370
50301
10606
17165
5951
43852
16279
14647
5188
26
31600
5722
4243
9519
22320
10360
5992
12751
36039
60269
329
52245
23975
13939
2796
3556
66618
31608
59455
10349
13271
10904
17114
10234
6300
21037
35601
3101
2619
22452
22287
4342
7335
47289
46700
343
7335
5054
24198
33717
15842
22572
8108
62935
21908
8457
1942
46771
10223
4120
1298
6896
917
48091
23241
4360
10101
47173
39953
21296
63377
7502
9941
12317
7033
15596
31364
4528
19496
3172
48880
34352
4129
39562
26108
19458
53298
12873
35659
99
42709
43129
53126
5755
17411
49444
22081
21179
39158
51796
33102
6169
3584
32600
48320
14232
15410
31915
39017
1606
2510
35736
14689
56118
31194
6481
15340
26550
499
7513
8534
11611
23095
6945
703
30626
22244
54593
44727
3502
50699
7100
12600
4162
8987
16095
4574
30979
35439
37913
35861
13417
22348
9559
29003
44160
7907
16807
25036
11286
18049
16180
44412
2474
823
55352
63614
1700
8548
18831
48170
36813
3703
32029
10284
12267
1044
46154
34010
6524
1188
48283
46241
8130
20463
12289
1969
41700
18461
12949
32926
30988
753
2988
7413
5013
63718
55123
1785
12036
38606
18002
40866
21727
35568
36659
41930
19366
7939
36429
16473
1506
17067
1358
1203
10471
8228
396
5829
19943
7511
34135
26883
37671
15688
27562
17086
1
17155
21494
2901
8330
31924
11257
41331
52380
70292
2686
17748
3070
11812
9622
2441
8736
21385
9115
6079
8618
47653
58508
26670
32089
10146
3265
11536
11607
16137
42908
10629
25068
36902
7036
20947
49700
9057
601
31346
27572
27649
14421
24327
17301
21150
75701
999
28126
40686
1678
76001
12122
72336
16813
21536
34392
3881
12399
8901
6383
51203
23165
9927
46377
11135
4489
5291
40853
36024
5993
15839
9500
505
12123
12248
10126
8670
3828
3229
49095
51793
6290
28623
36990
56619
58711
12035
3089
272
1533
21184
58258
2497
20293
54834
31796
13160
14776
14283
18867
22832
8941
31772
54012
11927
15117
26158
23095
6991
41912
61257
8995
11321
40713
20413
23241
50038
9329
32097
31986
37903
21272
1980
11849
25325
16587
53451
31577
26893
8343
17055
37325
21322
12530
9347
7342
23221
11618
46547
7423
41022
12170
325
37750
20064
12397
22842
13230
29095
16088
31196
24938
14687
50959
8126
26135
37839
61709
23666
7537
2336
53886
7640
8750
54498
65221
3353
24738
9246
20896
423
6988
47949
5641
1128
58223
16437
63579
6297
6010
46018
9988
22217
500
12716
11529
29658
13616
18012
35691
5746
1899
22409
33988
23055
14977
21465
673
7750
2966
27037
4198
4405
5975
56298
6108
21542
20479
38584
1543
9696
1317
48425
26605
27026
16693
39020
15781
17088
35353
7248
18203
37655
2537
7120
15948
2081
34831
220
3483
17172
3845
41477
21884
9057
44837
31940
21250
7841
12747
1
71891
12303
25097
32684
29820
36135
14371
1037
33867
31113
20751
61318
27925
22187
24051
34284
15191
21196
26196
3677
8543
34691
3806
8443
1
7014
3897
5872
1811
43881
26736
37322
523
6372
24057
9741
15654
46572
48726
37823
5828
42134
53092
29518
762
3881
13703
1
13423
52270
25030
30255
16812
3442
2418
68627
29526
5644
7737
15585
13187
24048
26145
15684
20531
39642
13482
26277
28461
31192
34700
16876
9928
33073
4871
19534
15226
1930
1366
53581
6793
25457
35
7780
12583
16404
12012
2406
22951
17166
3280
2455
24669
1083
10117
10895
31042
20866
17910
10502
22
60399
1
11305
25372
9408
3855
12732
2209
69725
11425
8479
33918
38581
2716
653
5020
10698
1982
40447
39564
10397
2646
2679
13499
13304
19526
49004
23054
23752
19757
18343
14314
41956
2181
6075
13996
5638
3305
8931
12197
19260
50171
7429
39150
19910
559
3002
30397
11303
3985
62449
4917
14811
25415
2908
5380
54922
20281
3936
1843
6922
11352
21984
17506
5681
32169
38736
300
1656
22435
17843
32748
2197
61964
29280
42005
10139
4817
2136
6034
34564
23391
10216
18218
6023
43479
871
47936
16954
22029
16868
8865
23562
3570
33994
1372
19548
11858
13009
13251
14018
22435
18854
40093
3758
6505
9580
19333
51201
12522
2030
37362
17600
14609
3098
3156
24421
7224
4793
980
36730
53140
35246
16241
35366
52025
19632
22303
6438
13151
19029
3201
5
11573
1864
33960
10695
22488
7280
4180
49539
21545
440
25389
8220
17558
8018
9086
31211
12413
61
5838
2737
25866
19463
15159
7666
9434
8140
49073
7972
43221
39703
22218
18366
1854
29117
18554
20137
51117
14937
417
20621
19092
7842
43720
18203
52667
11040
927
15234
6007
42339
20299
11222
48154
5923
7869
2436
15968
68777
76296
6083
58982
7602
23192
52823
1563
8588
12108
21536
12578
17301
18382
2384
8135
3268
13603
1543
5909
720
36966
47386
6007
9505
26302
7888
452
1248
21360
31897
7770
35645
5124
34866
3112
21547
35972
22805
15099
4910
22738
46496
9717
13721
7123
42304
54629
7480
61934
16583
72307
13909
24299
14295
31136
22878
53291
4224
16651
31080
25340
16791
14241
16546
749
10082
6221
48711
19571
29535
14710
16302
16387
12818
712
17585
1710
6694
51604
7888
453
14684
501
34915
7104
23277
4091
48779
1377
45880
22
16337
10636
12984
21484
2252
5741
1336
610
613
52453
42209
2971
11279
9607
30745
6693
2721
43380
19684
288
16291
1633
8530
21959
8390
36597
9186
15643
18519
53145
37299
7712
14386
6292
17283
1098
2788
4437
39811
17663
18390
17817
9162
1217
16705
28007
8941
22010
42156
21242
8950
46116
10757
4734
49925
9038
32568
5144
12294
53501
51130
40960
27399
45199
8655
8702
2
200
35891
18001
4320
35061
537
32558
3414
20075
68688
40369
19279
29991
11436
21323
7715
10344
37390
50351
6186
54063
21853
19979
33107
18825
52022
12464
4734
25901
13925
30964
13359
23910
12213
34172
11561
26042
18508
633
2316
13760
288
2528
784
216
764
60897
43262
202
42033
17927
1915
61170
11902
14321
6590
868
6771
4039
12407
66982
7
1842
26533
19934
699
1
9513
47769
16207
24735
12170
11383
10950
883
28418
24310
29301
2972
1997
4453
6576
11352
250
12
7447
443
747
13750
21098
36421
10446
40462
13963
4221
16067
55953
10265
31434
1127
18723
1966
29830
6098
14269
51945
18228
43510
28307
13339
36524
15152
15712
48808
2564
17126
5872
20003
14600
37111
13250
3566
46936
33492
59672
8452
13066
47082
54340
18904
49499
6453
26714
17146
53672
55942
47945
65404
440
5076
20428
8611
7661
21062
21031
5143
39710
7659
391
37524
13913
28175
11509
51492
765
9641
1012
55990
23502
22317
26263
517
12005
5478
1339
41551
32129
3700
25961
24967
32680
5261
3051
13308
17963
25315
52864
22232
54255
461
2034
10928
9425
62696
117
37392
43
19406
1814
1609
11159
20557
37354
19942
4607
3003
30637
38405
21329
30867
20230
3736
20502
20980
6405
16688
43669
3
7355
12207
5303
1016
7682
6938
8047
24576
16094
9938
70309
1887
20184
46329
25792
35354
18284
21422
14673
3558
639
43822
36440
13113
61665
1625
28651
47964
11103
1120
19809
3695
2758
6201
15794
23634
26394
39819
51518
31476
6364
16889
4615
48555
1113
11501
8367
10139
5631
30998
27750
2200
4527
25753
37154
39964
28443
8913
339
6986
19750
14603
20643
28866
4915
3691
18883
10097
25262
21595
28682
41552
17055
20635
11685
10229
72609
10718
22930
2207
3940
19376
41690
7542
12405
35716
31422
24286
4212
2894
11202
24300
4375
2867
5594
26174
2366
12369
68458
6275
18014
11108
27252
1225
3088
26849
8464
30292
16456
19377
9287
31563
995
18843
7982
3945
17903
14452
13386
2896
645
2971
10295
934
504
32463
1089
35302
18890
536
1
8009
40516
8272
7289
5417
24458
55114
36643
9795
24781
12345
6347
30528
12238
21647
13482
34510
440
24022
15319
7336
5116
2924
14557
64180
5478
20802
11765
23412
65673
3484
6444
21208
38271
38652
25328
8246
34097
8474
1320
1271
46892
13964
22588
15230
17415
55789
1299
34948
8627
10940
7403
17154
9315
4479
4188
5734
1357
5019
25450
62860
61705
2769
4151
6818
12941
14210
19725
18932
23951
10158
24190
128
25233
35354
5508
2989
2030
30973
18859
10108
24041
9418
6050
37
18428
47279
8544
2594
38778
35302
7143
37738
4049
29355
45109
23793
17682
13886
11473
37331
61957
7063
7908
2627
18694
29369
4786
2325
2349
60874
2986
32488
4906
9203
1794
417
59193
26660
4185
53591
13350
7482
16587
1503
1702
19020
21350
29986
75165
44845
30290
42653
12489
15955
3652
45752
23957
43262
27464
29197
24
39948
756
1602
6091
43685
5954
26916
24249
13718
46261
21992
6536
55680
11112
30727
1003
5628
18449
30762
32094
42066
16573
24588
10112
60410
12190
32299
6640
19045
48997
456
49804
4585
46776
342
33935
5074
7234
5155
10235
28577
3349
36335
23708
35726
2701
6045
679
2019
23035
10867
213
14284
34154
3092
14208
39796
3388
3930
4087
24144
23980
12676
1412
4472
27333
5852
7013
52826
3673
25623
14635
3916
13342
5021
47654
3929
24844
50242
18413
28710
37131
28940
49383
16849
7617
13468
41215
20965
5926
57628
6100
18350
7505
41948
65356
33181
74293
33404
3030
5515
43532
32165
34335
24623
1544
12871
56059
533
60856
18989
7797
1358
14000
31761
9253
20557
2979
929
31347
6655
32964
4097
23410
11598
23379
1476
288
20525
70207
69074
15252
36214
19172
4116
3109
17181
5503
8315
25338
34511
284
22756
20931
26436
2109
39548
6368
2063
37488
1802
24845
60852
5375
8510
3680
12852
13910
42301
48229
2932
15024
457
4970
46369
18986
8514
4138
29291
17210
21446
33884
33808
38126
9395
65323
73126
2756
25271
30652
27358
59328
55370
6044
28064
34469
7022
5442
25729
18304
26232
7553
25639
621
34215
401
7869
69884
13043
22741
1
46004
23425
111
1305
16790
25723
1378
17606
2239
34337
11753
3400
46940
7008
17560
12304
16155
2434
567
2855
42945
8529
67503
9590
8063
1
34187
1175
34698
40075
16226
4550
12636
68745
4919
5717
26948
23545
10093
13791
20769
14
2413
57330
1373
1030
2070
4088
11504
9040
8552
1090
6248
13431
42185
37981
48958
22840
2668
17873
406
22508
1184
12151
18124
2717
6793
6021
12245
20592
1598
11071
1821
37575
37785
8467
31065
44679
63824
35698
8471
3873
3905
12575
5291
6961
61498
14
37014
24723
62967
13512
21225
821
12661
45037
14655
4709
5686
5227
3467
25674
10397
15317
46984
43613
11098
15541
23990
6425
39700
5293
36227
18286
54870
8991
22601
4071
10754
21481
37827
15335
14464
58149
35804
39383
2737
2923
52797
36002
64949
27899
24737
74464
2199
279
1338
16635
46992
51461
10274
10415
41055
21605
41371
46818
15749
39904
11334
28154
841
61500
9681
29169
27098
4135
1852
433
22150
9222
1345
6574
807
400
12603
47529
9658
13416
19123
125
1158
9302
60617
2945
41962
27188
14387
27760
9910
799
1177
3847
5288
17293
643
61123
4282
6616
41502
5886
3770
20615
20445
31162
55939
15893
13228
10409
32968
65033
4142
12068
75428
3374
197
8055
13926
6997
14679
3083
56174
31914
189
15530
48855
7381
532
32396
3962
10552
21662
51353
25645
24646
13805
43296
35529
55065
7591
42677
44938
62440
7954
23360
31332
29163
19555
41207
35124
13122
71698
10692
1
1104
5383
825
8618
8023
4984
926
11896
37
37541
45944
11800
21210
775
51094
47026
10913
17085
30882
18542
50856
18463
1284
6490
11628
31943
12310
9420
3291
56467
29158
30214
61850
1496
24725
31287
1428
3278
20743
24756
15068
968
32614
13992
2619
26645
3757
12579
8837
1102
25468
7718
229
38311
12157
2203
18069
2591
57087
35212
2952
2075
27724
9261
43076
30061
6925
71
1536
3574
1407
23779
58392
16550
34684
19440
27074
1304
4761
13564
36272
13873
13602
39134
7364
1221
8423
9704
10709
6828
40042
6160
26101
19493
2643
31883
13796
85
28261
43053
20430
12960
845
23876
2285
15068
6754
53152
22976
1901
55496
61195
16865
43477
52299
8304
1427
17446
52367
50442
14724
10090
57417
33470
11712
19263
25881
5659
5
1401
27833
10484
19819
9817
4757
17139
37530
7154
17172
4930
10068
2446
1925
2882
32272
3644
727
6582
2159
42992
396
65988
34209
62865
17911
9415
2356
64528
51429
12239
53666
869
7999
72227
33392
18700
2589
21676
42230
26713
8320
2824
24985
3642
41988
652
17367
21592
13027
12989
12
35064
17374
18661
5515
8741
9750
2270
8495
1718
57133
21522
38667
16291
1346
66937
27147
5642
12420
48099
3532
7748
4017
19392
31224
14508
24273
26570
12634
1207
13697
16579
3132
49199
76202
53954
72587
8163
8528
3527
51304
9645
2090
3206
1729
20504
15335
38874
4878
9895
9083
68695
12995
4502
27282
8754
5800
31794
5108
21886
8969
13811
1430
16818
12546
58221
4
1561
3497
7537
49685
363
56339
16549
17675
6
11612
2450
22116
231
9173
6712
2202
2751
23721
8
9183
17400
5
37129
17283
4429
16322
32755
47790
13643
4374
15719
39395
15558
20244
12244
22717
12205
13862
4546
45035
17338
19556
24573
619
4896
26281
18360
16761
1147
921
29121
3236
46547
6934
40238
24542
22521
1601
25910
24177
17228
67420
33857
19457
605
11010
22669
16180
62881
47532
7723
43874
6477
46720
10886
22901
8446
21129
16422
34344
6992
728
2286
55158
16411
55411
46641
1643
10372
2455
44408
58582
1671
11916
31876
7834
994
11316
16988
3266
11155
58620
7781
8300
49382
3314
3275
40519
20372
11292
30287
26699
3674
1553
9423
49297
24324
23468
15119
5088
59466
32191
23296
42083
42780
4596
37253
7519
3391
4053
8318
6789
41619
6298
3339
3798
289
20668
27423
16989
18920
21850
5275
21507
1677
16872
5430
5424
6109
2421
34647
28571
36989
16854
40443
45169
8736
17060
9371
37772
2785
26821
42020
2501
37732
11706
43881
69573
945
38560
13622
31019
71709
14098
16294
5798
7047
34430
2314
14275
1021
3682
8835
3373
25396
1866
25504
11294
16130
19680
20822
58897
5765
16866
19544
549
44659
17023
3027
10664
11743
62155
1334
4212
65202
49464
8955
44923
6094
26399
43051
13288
593
36758
2209
10585
21090
57311
7552
49104
24460
1086
20495
11353
24725
5542
4
62156
8107
20617
1332
25978
1295
22376
890
54531
10316
36317
2832
12050
23418
1862
26943
24120
30480
17972
5085
7681
34619
46806
25706
17720
18673
17029
46711
1785
4592
31348
29164
55722
28174
353
6662
21125
21388
16352
67481
2318
8552
34033
4393
4527
54426
34072
9515
12816
18551
2019
26557
59406
1
942
23411
33823
2541
3029
13380
56
28823
7389
6721
11299
67174
2015
22888
1869
28438
21381
14483
20001
47711
11954
373
3086
70335
29624
32550
11188
22688
55720
1605
22478
7526
24938
6195
21323
24014
2993
15678
3240
49872
4228
25378
12206
20775
27410
48295
7242
9301
43118
13357
6560
64864
9202
6252
8513
50263
19338
2914
45805
12702
9915
27996
7295
5842
1802
7103
2291
13475
1672
46328
13440
8182
1331
5231
21702
50384
18071
22070
49257
15956
40520
17384
5217
1970
10068
20050
21112
59060
10197
18621
5844
14644
14598
2313
21784
39878
29814
28738
58
22016
1521
27911
1317
24724
49625
558
2
29308
168
30072
52956
26033
11170
5265
16522
35053
3428
1963
9837
3584
2326
22601
3027
3460
3149
6647
5336
1690
18759
3755
5
26422
1668
37144
32847
4229
3043
22538
20546
936
5382
15518
4877
44053
2197
2361
21975
7752
7452
21853
37620
20223
875
21517
48909
17141
697
37007
3688
3691
21348
8205
28161
5257
16028
9208
14018
1513
13359
13901
6440
40166
8223
9399
48945
9450
57949
2458
35231
11922
64769
647
7755
8603
744
7191
11641
45
24440
25973
61327
36402
35247
2699
55141
47071
2774
2964
20746
5006
28815
31509
4625
64000
32361
5554
27729
5102
38961
8860
32332
376
57246
5822
5400
14636
6920
22060
18384
62850
1164
2136
23710
30126
27363
10421
38
36226
38555
410
26197
946
15632
7725
10239
7193
19655
18891
10033
34812
1579
22084
38014
21509
18985
24219
15285
2966
12510
18296
9646
4762
10406
13942
24652
4349
37682
21348
62690
2153
6562
696
2536
3138
5371
4443
58206
5895
8300
29428
55667
48805
19690
8162
39995
17129
3497
54269
4506
33042
3619
47438
13149
8667
22608
46948
981
72815
60047
19298
39095
20768
359
39954
70122
5666
4359
5896
14031
1899
4421
12081
59202
38792
17261
32776
74
6559
26670
11111
21280
26695
4982
16457
42664
46860
8749
1
27556
3001
52000
823
6354
42335
6385
599
43513
19461
43334
6994
12747
997
9492
2610
28365
46071
26455
14386
2769
3170
32715
18240
735
31667
73951
12136
22769
492
12137
20820
3709
33548
3393
1733
13764
7485
6
18733
20250
22651
9182
20225
62131
12297
9700
41886
2454
24308
1393
34334
4348
2652
1390
112
8674
16035
1686
22868
34937
3455
13581
13234
17697
1743
817
34941
2198
10000
25895
12567
7185
6116
3567
6738
18200
35737
17819
22541
3020
26169
1447
12177
47111
17049
12792
65138
33847
16044
44540
27063
24097
12678
1171
34791
2421
45791
984
6646
17042
50504
28
57293
3619
54636
4197
25657
7663
45947
27891
1009
21735
60614
904
18828
1665
17941
33293
12215
2990
22734
18166
512
637
7000
653
6707
19531
8113
4865
12937
51275
36118
70697
1219
50653
38680
1407
21651
21270
27223
9439
5143
44629
17447
51676
31319
9588
22416
1004
15619
53576
28216
1883
11203
16367
22
19425
26079
41460
35403
28342
15642
3682
12876
31859
57866
975
21568
15320
3045
72430
1504
20325
7154
5399
16727
4311
642
843
19799
38197
15696
22960
31391
55674
17758
24002
26852
65291
21586
6427
27982
35334
34908
39750
48162
29074
28014
42439
2773
35038
3257
9049
148
39326
6687
12561
24947
1444
51770
517
70922
5456
56071
1184
60387
16905
7569
4616
15342
1569
7548
27063
2646
48132
28341
13603
6594
13380
7958
26442
35304
16388
22551
35339
14157
15343
14303
17
6671
4213
4777
51514
42081
7945
48648
11604
9501
20623
3798
27310
11046
13226
2786
6738
4017
25209
19509
29750
29123
22128
13166
8982
351
62018
14271
7885
11337
12361
35192
4890
17345
68321
1692
55258
25120
3516
1857
2954
13458
7173
19262
23269
13587
15752
5956
4317
31073
11169
23814
2869
36601
8088
4673
27154
5125
18579
16166
4
23446
10701
40876
16352
1717
4362
3646
40809
10989
12769
4949
14604
22503
12922
8193
10584
45734
17334
16461
29808
638
12126
40077
22059
35919
63199
8747
4375
25916
7262
4357
19831
35508
16127
8901
6436
16944
24198
39162
16266
6563
4587
24085
46243
1319
27697
24942
18398
18679
21220
25165
17354
8644
3129
58447
25546
536
17132
452
39623
21499
4357
7
10299
12761
19038
2790
497
28664
897
34916
14320
11216
41218
31644
22449
36239
39546
51983
5078
229
30151
1077
15826
33692
20425
2549
2326
1234
3814
4535
26154
28843
16579
3517
53501
20874
37000
316
12928
24537
14638
14019
7306
23442
67769
22963
39682
5095
21017
10620
11368
13600
3509
36068
27404
1771
35660
12298
1902
6183
11768
16562
58499
1769
3050
25056
4796
2655
62597
1592
910
224
5803
45971
12335
22472
12345
20557
3729
66086
2840
10414
47433
11790
41384
49524
5002
30202
11491
5629
56039
5969
35125
28409
75
9967
38057
12028
16623
906
10577
17454
4912
58534
946
35854
10945
10195
57493
38880
2036
430
21041
7640
57965
28677
3003
8603
3721
22064
1356
11486
2810
27255
19513
8106
6849
13512
2173
41783
8376
23711
50076
38051
38292
3077
12672
36192
7329
11811
483
6620
24290
61598
32897
9925
36452
12377
2437
1142
15786
18107
27674
14046
470
3613
25781
23994
9952
231
46069
15702
1
14062
4711
4130
1069
14926
7334
30426
50517
21133
22153
333
4858
7940
4525
1249
50710
3824
35363
31321
18249
34398
658
58612
3623
1606
10943
31048
37224
3547
14698
10259
16
32379
4674
13682
9573
5831
70972
14733
11108
16533
6213
43050
15601
45480
916
31290
34849
5302
6669
12857
4702
933
22607
1216
12036
1639
31739
31304
59289
28330
9021
4303
4861
13042
17086
2057
40235
8378
10974
61280
54639
7366
1601
28838
66942
11409
43403
13330
9984
13596
25512
13654
18119
56087
6451
14776
62575
220
25019
20087
50257
10093
22232
55674
39250
5801
54975
20199
735
11592
57621
18965
21361
18200
8847
1498
50316
5388
2660
17325
2686
53808
41561
4473
15320
16523
17420
7372
51509
8560
1995
8098
47567
16202
52746
43031
5761
2589
25730
23217
3204
27645
20472
5215
1564
17894
2894
8221
28137
7567
47562
49125
2931
13453
43825
16354
1182
10721
8197
32882
458
52826
8404
11951
6554
40841
31557
45406
6220
12631
5858
20893
61313
27275
43778
18557
7244
43770
23748
30207
20231
18842
45442
35040
35752
2221
4625
12466
15288
22743
16364
36046
3289
5089
43812
17255
4343
18218
39837
4427
1308
2920
6258
21277
5
44142
17802
2621
20989
22202
56604
5326
27476
19672
23161
2852
7671
11622
6182
11310
22335
23067
29283
30826
1246
13198
10344
38742
28348
12658
7072
2260
52587
13992
48095
31355
19966
4869
27248
3360
7481
22853
9057
26779
23688
3118
36044
9763
2187
19298
6051
1629
28719
32805
16475
9049
16947
3229
31376
11682
5613
27924
46453
1560
20562
9609
14810
2326
737
1875
12
48413
228
21916
16423
22687
39237
4313
6478
1703
6821
20679
31204
34697
1187
19943
27217
1739
15863
4582
6086
1958
24
9455
1449
59881
42559
38371
11631
3252
48476
43684
1669
17538
11704
52606
3422
5854
7297
8302
3897
7838
4493
32684
37474
590
59383
26572
5006
15307
17880
15439
22945
25304
46168
14632
9415
45248
22779
9520
58840
4771
49572
2440
406
1892
15225
4019
2464
17035
3816
21324
17824
2546
10499
8536
56267
34177
43128
24468
3815
17727
7060
4771
955
22918
13539
21342
17187
31446
24165
32956
57267
7254
36824
28293
4902
17929
8212
4879
522
1
9262
3737
4651
5297
46629
5360
3647
39243
15351
19633
14114
1986
1240
10275
8817
41000
518
2370
10360
36847
4747
210
48863
2027
3060
36695
8190
27401
2373
41410
47450
18463
41207
49876
4
11688
6174
6076
19000
29503
16143
26103
8014
40949
27699
69769
36089
13854
361
442
26169
21305
11946
7356
4747
9349
5105
40510
32846
39370
45044
3
15676
5521
23055
10319
14505
41539
2793
15743
12002
4215
3936
9493
14894
43381
1996
16583
8823
11238
6470
30436
15104
70651
46213
49789
38654
38610
970
25858
60346
28706
40288
25728
424
12764
5714
21205
35635
8235
30083
19564
60503
18236
34423
8520
2119
18740
20907
45244
5299
20235
6443
9324
32902
816
22324
2650
15002
7203
40138
2590
4114
10846
34612
147
8509
3502
8869
9946
45116
46808
11613
27476
17284
46318
66079
7903
1582
14230
1184
6731
37750
26551
13153
42866
9798
13167
30083
1837
12564
54684
64027
20954
14931
4222
56279
32523
19345
37061
25726
1704
1991
2762
22444
981
4627
17007
3026
1532
970
55546
38464
20072
5282
6868
5330
9007
12552
1
27157
8492
26768
34452
13394
63
40750
24888
2087
26129
63555
6230
1278
32113
32707
29059
61969
22303
34141
41799
1987
8824
16545
3466
4935
16324
39599
18266
6299
27952
18876
42352
16973
19832
40174
50609
20388
2280
51029
5228
7558
22883
17997
55614
5299
2441
7446
5110
4090
24678
33770
16002
3126
47876
2542
5953
35236
62584
5017
4057
3042
21318
52095
3106
32610
32812
46208
8805
27706
57301
11597
31271
6366
5819
422
3848
33105
12343
8272
63199
48956
13077
13366
2996
39888
24906
10439
1951
1934
34195
2011
2138
34324
7927
32510
3745
16038
5542
26822
5250
2805
41406
39367
8497
24447
51710
6569
6413
22044
1133
22293
17775
24989
15506
11215
4796
22085
1055
25914
35758
13218
2712
2545
21255
43746
1430
1150
1344
18104
11654
3333
15449
10184
14062
28079
23788
40876
15928
57821
3579
634
19965
42485
26943
504
18104
44134
2098
1088
45184
10874
5860
2054
21677
9161
26454
11878
30648
8938
49546
24530
19981
8675
10195
47138
4793
61683
6020
26700
26326
338
29023
31287
854
19544
11823
23798
23930
9941
36103
19128
9490
2096
9851
28554
50036
32167
19250
779
2415
46190
47416
2828
7420
7310
19249
18756
2312
10387
3723
34039
4141
34753
45068
36855
39729
1423
1003
41952
16817
54079
8995
7592
5850
57100
43058
12489
35745
19291
49214
25167
7637
11833
6697
63238
55064
26546
13539
14070
5498
1615
29227
74310
18311
25918
36679
174
70692
13359
32030
32601
13263
14519
52883
7671
11836
5044
638
7801
19199
12101
2203
51186
22259
8586
8774
9915
1694
28027
61033
213
48268
274
8
11597
26517
44910
32332
7391
32551
71022
10914
23920
7347
3
10746
6951
8386
1939
27119
23541
2939
17631
2058
528
25754
10531
16424
29599
2686
33270
38686
15818
5323
18173
11953
28803
21411
6070
35233
9506
4283
15692
996
12181
14477
3563
8827
1297
1790
3113
10181
69705
60954
1230
6408
6513
4148
22741
1322
14994
7759
9032
40470
990
11400
5695
28646
9059
30140
48211
5578
32461
1
9811
3
10679
67017
547
34361
21298
14821
334
44308
58284
8481
17666
24946
11012
10293
6271
4693
10236
8144
35771
17689
738
8113
1929
19546
41211
36286
5
11232
29880
11688
11310
13598
3967
10938
47065
5509
25701
15388
4552
2135
7065
31012
68884
32878
856
3477
24777
4733
15270
10661
41160
15829
1450
25909
57999
24794
2732
1350
26720
5703
28262
6596
2975
832
38002
58893
1159
7083
15859
47865
8295
16069
43887
20068
3544
17549
23793
50221
20815
20932
464
36472
6541
26881
23010
3355
1
13065
1414
35052
4000
3013
25722
803
28504
16229
27779
28659
5505
16580
19991
28207
12655
25281
2600
7387
27612
4386
16841
35980
6335
8776
67358
64169
31385
27690
20769
27607
33315
4801
15583
474
32920
7548
5829
18939
55315
29285
37932
19253
66699
12717
7020
15205
17129
32940
47545
12693
19979
13453
30947
1
51675
22826
14897
7918
47869
6265
1376
3696
36041
38445
52153
22210
5649
1682
691
30544
5415
15370
9579
310
3235
32086
41624
1219
19766
11993
766
38001
13711
2840
1171
23515
15146
17989
25592
12936
9298
8094
33120
763
7870
474
9431
14772
5538
7589
3560
35773
5314
42059
21955
9221
7119
2864
39215
25899
2576
50825
74440
16908
7771
40581
26769
5809
4011
30701
26329
14194
18380
18411
48736
55334
5166
5092
6691
48153
4899
37793
13930
703
46868
18675
20203
43435
2
12757
58127
22949
1485
43529
990
28748
67960
2436
51642
3574
1652
14916
14
240
34587
18484
19561
18838
52517
11878
5173
16761
13730
10977
4835
20989
26824
17956
60692
6306
47087
407
65001
1804
48731
25962
16371
30040
5601
7294
16355
3614
18127
29955
34569
10574
12689
18880
17030
3731
38221
1052
16904
10009
31956
3781
669
1351
9347
43268
49808
13551
1440
7407
12597
5430
12093
6178
10646
2290
13351
42781
6820
15749
26102
11894
18827
5494
30834
20080
5544
13649
26876
66560
29295
48625
35594
34253
24458
5261
37198
27883
2819
15184
12580
9376
27665
52458
51656
5786
10775
11124
5953
52801
1334
24253
10470
33982
1499
48395
2587
7085
4253
9896
56522
15199
49922
39455
51826
7476
64567
4401
12196
7036
6611
45724
4835
4907
38158
46647
4648
31540
53867
20270
38941
30053
2374
59756
12431
20837
1055
1881
30699
28805
3522
48773
12657
30254
17187
4261
50158
8540
398
6821
46716
13945
13068
24963
21335
4025
31629
22403
1896
1320
48920
33295
40810
202
1207
10595
21220
47657
1633
6766
6523
18924
1269
4883
10322
3580
20772
31160
12507
5017
66783
7661
13157
13620
9122
28958
9782
27022
46072
13485
41219
53032
24483
18165
11028
38311
27462
19808
9391
12118
25023
38003
23303
28073
25503
9208
11662
6995
886
2730
49069
14489
24145
3633
63835
27853
5974
815
4663
5501
6820
54545
56910
22259
3470
182
278
21282
16515
15726
68212
21574
20613
36449
47502
3291
273
8895
693
10355
112
2052
2031
777
10144
28856
69843
7863
36402
3348
5125
12216
14304
45923
4995
23449
5329
6322
30999
12372
7701
16420
963
26915
12313
5140
16210
3281
10258
10710
1121
17073
2468
6295
31507
30351
12903
9449
1503
3432
9976
4518
4011
15055
32138
2790
3633
23545
35850
8636
27308
6791
9223
3613
345
5709
7185
15126
19853
59323
46554
887
20200
33901
20953
609
28216
1031
589
43515
1149
36831
2578
44531
14368
22413
35502
27621
18642
7421
43270
4919
4318
5812
13298
10309
2570
51334
501
8728
57335
42747
26644
16091
21690
39278
20536
14370
3349
25160
16651
35179
11036
19037
34587
5186
6153
15958
52956
59632
15635
16902
40495
11788
34932
1464
26782
11989
1364
4547
18563
2945
52587
14439
60330
48231
205
15216
4316
49465
24381
2314
1117
9806
11424
15161
32395
28426
35298
11064
1602
53165
40694
30377
11427
46467
7831
8020
3250
22317
59927
3858
4877
28430
10698
1326
13542
28243
7420
22353
336
8405
22724
50696
1806
14125
11988
10603
248
27034
50823
18866
30029
25483
12906
4212
34033
1213
7944
36605
15588
70207
1440
284
6931
2211
22018
14632
3567
60416
25539
5793
1756
61411
11720
11759
14173
4746
38684
18317
8137
1
17531
34332
17151
3527
27491
16435
43126
2839
13982
30801
26022
6315
11929
30085
10037
711
43360
12158
11692
3728
9623
11675
2
677
36052
11171
24255
10644
4304
35376
3540
23759
27718
719
5142
6911
860
6254
2776
70032
41577
26909
18030
43436
5644
22273
1877
15003
4076
8593
3171
3550
7946
8855
51114
1870
45291
13751
14825
14027
42170
13499
41245
20984
8364
6237
36757
62077
29186
6028
19482
36291
50559
643
19833
3055
20260
14996
12
4526
43946
666
45750
8834
3039
17432
4852
51920
32049
9190
53954
6441
2197
58194
17760
36275
14086
46369
15174
56293
8265
42142
76197
9931
53792
25152
42537
41020
49969
51165
29052
887
23222
53104
5333
1965
6094
14
54250
17634
1373
27652
7636
13522
20367
1216
1679
51159
8
6899
28016
8161
1173
59281
3582
10532
14108
19464
11293
14882
18979
730
42823
19386
61438
12394
16678
11282
16693
94
34317
30688
1544
4288
8345
50917
6490
20418
18522
6299
6840
3344
156
3292
32202
8146
51400
19874
54098
14702
47055
9115
28763
30829
55165
8
15847
34661
2413
530
13991
15334
5898
57198
29593
3218
22238
50712
18510
23286
10236
30467
3995
50505
4433
4474
10786
9936
5484
2053
18468
68724
26773
2120
58334
2510
381
9979
5266
1787
1292
57002
61899
22855
20657
3832
10048
22629
45661
14931
1
40337
2693
38279
29441
17761
17184
18963
52861
1330
74866
16101
5368
721
46536
61225
17531
29435
17483
55546
46129
6871
8396
11446
16182
2661
128
6471
27663
12519
221
1577
32669
48230
13451
27195
1419
2983
16508
45763
5846
12526
43007
881
13754
32345
1972
9376
64188
31421
28951
36007
18221
2698
9911
1212
4954
18904
3328
19950
29822
49846
11067
21182
54297
12622
43787
18466
9765
35375
23315
12866
37259
19871
398
2423
24426
16217
9981
57230
33428
933
51443
47944
9023
14317
2353
551
14290
18155
25491
1670
34230
2107
35723
23659
744
8154
39333
53726
22344
27199
875
66591
26147
16418
3503
39299
27
16443
14542
49907
10627
53572
37957
23952
59829
16758
51116
25504
21699
47164
19667
14292
30042
20534
7408
4193
43260
1
2391
29702
2301
23018
211
41553
34569
54887
15859
42850
37435
6129
58729
11653
3597
45
9078
11803
15405
6702
13778
27114
27344
7461
27929
34635
18473
11335
3682
45703
42023
1523
11758
2701
4483
24229
11889
6687
8053
23214
60467
10526
4085
18898
515
14548
537
27321
4691
23833
26197
20337
26900
28959
18207
7293
18189
933
16981
8556
55331
37039
55092
12920
22474
2255
35721
6333
32894
10906
6063
3517
35302
10825
9229
47064
14138
19066
12191
104
9052
489
2039
37947
1477
62010
13427
38621
37286
35427
9
3162
74012
2219
4491
24446
6423
15360
21118
63484
11792
2603
40386
39463
1222
5624
5775
36858
4711
6202
204
7881
17739
1566
2853
1791
39437
8117
27778
1286
1076
56430
9333
3927
43796
38509
53148
9361
2
40417
14951
7818
7353
8321
4821
9108
3240
3242
27897
190
6515
22026
10954
1916
48479
7374
30201
3846
56128
12326
13869
70490
19941
18022
67285
18536
927
40188
13779
1
24600
10935
29945
4556
63188
37800
10726
26118
5105
48008
2850
44561
16790
1598
9415
6544
16377
12818
25279
4634
18359
28849
13366
1178
3079
13153
11079
372
6568
10532
1685
1542
35666
60358
16263
2907
58067
5917
1818
9094
32490
874
19000
9530
59534
15553
41870
2686
16721
4088
57759
15665
990
6157
11032
36604
14149
17
6020
2838
364
54761
51130
2295
38332
14962
30870
4040
16947
36442
26883
12713
6413
20507
6985
1099
8403
10704
15650
2653
15041
10615
8345
3573
15596
26856
12282
1832
16863
6
18484
58242
6320
1999
13536
18842
1347
1092
27026
7994
31324
58282
9172
21247
34115
1042
3889
3487
3390
17804
39059
4788
21395
29914
705
47350
10139
38041
58119
17594
21703
27342
464
17
14605
8338
52227
25248
39823
17105
24638
12287
27155
11824
27770
6984
22748
42595
1551
1260
10045
30070
28781
16085
26592
20499
36398
16451
21090
2978
21323
40649
3026
6811
11059
56416
12643
37340
19263
54480
16193
91
39662
27599
32602
2058
7722
23435
41932
46754
1811
8371
16543
25703
10403
15599
180
4658
2751
3631
48946
21266
8134
31186
11175
24923
10394
29150
16750
202
3719
38250
14206
3602
15558
296
3174
13918
30439
16724
20288
28820
68346
36173
32329
32152
2511
7906
37584
19913
30137
20394
25859
18905
17265
26276
1411
56954
1294
15746
29071
7030
36949
1654
19876
21231
14728
15606
4654
25736
23386
8169
7214
22993
30736
7377
11336
8343
554
7327
2356
18080
1604
3084
61186
52730
26069
45796
41731
15139
19038
55661
8956
1627
8752
433
16159
17949
4282
1126
40544
308
5268
4365
5744
9636
18043
30379
985
15813
850
9302
43783
40512
21809
21622
7111
7238
748
1
1968
62895
32676
20251
7872
8661
5087
5778
26432
52920
11631
22485
812
51597
1704
28377
6870
17958
46811
2522
3603
2769
8214
1555
1548
23028
20184
66702
26389
47193
3515
6437
22887
26306
27942
14851
45614
1496
2
6211
3990
757
987
311
22664
3101
5673
5842
18367
22840
44972
3857
16131
1014
24743
23710
27398
2566
14341
12088
34613
19276
21620
10884
49980
1653
7042
41600
11885
31004
3919
12828
4331
15317
31218
17314
39301
18848
18198
10377
4727
1036
726
24358
6599
14680
36520
31920
12576
13580
11325
73848
57604
25744
1415
62478
44779
12859
9472
7650
72936
22294
8100
51327
62477
48369
1390
4078
778
57358
45362
19064
3485
16163
10853
13440
2367
17921
274
10555
16238
15691
1199
1398
29733
23136
2449
47250
28480
3078
69916
4476
18797
3756
18836
8668
24790
2626
39060
1539
46421
51242
43198
543
2334
6126
39112
11662
435
5979
3050
24284
10185
8432
39391
13111
30005
70299
18137
19971
5478
19801
627
2631
3943
7603
10099
14146
1241
3928
13877
29668
29470
55329
1937
574
13538
5679
19915
14260
25857
51545
2468
22597
52702
51303
2181
4805
6908
13328
11069
27365
2597
28517
15381
2503
59126
62313
746
1102
18576
11727
31822
10271
61444
1
49927
22829
6867
1818
12758
13646
40495
8327
1067
55345
53970
7106
5022
7098
6288
40728
2522
7704
48317
25002
8248
34681
985
32754
2266
22112
35796
9249
5912
572
37810
28853
487
1946
15030
35410
3822
19849
3641
12539
391
36239
21501
20139
15502
20143
15695
773
1639
31247
155
12141
24880
43543
26078
9447
19152
11303
6541
13775
7964
1062
27056
15187
23124
6221
5150
625
4324
11272
6445
34808
35128
42046
39274
3016
12585
46301
21609
38175
359
15070
68860
18284
15613
4038
49714
8019
51643
3747
1543
240
21349
12457
35824
10307
16332
4155
12886
4010
17434
7282
41747
215
35
5511
2070
42939
16783
4969
48241
21033
440
673
13610
4426
17548
46201
7877
489
16241
495
27272
11841
322
19089
11983
23516
14492
4419
15062
6570
22048
9875
15373
5220
669
13358
30262
13776
38615
4467
67186
38721
4638
40847
6004
1049
2539
42875
838
45495
2074
23668
11
36535
21642
24351
2161
16090
12164
1850
21839
48735
8678
9601
19080
11857
61979
69688
38322
23224
1362
1477
17581
6289
52825
42833
7726
23893
2670
12944
27129
46350
22581
11353
41944
3694
30542
37395
10774
1154
27392
7391
1330
1272
36100
37636
2575
3988
255
55117
6894
52082
1295
21285
6391
24666
784
18621
73638
22910
16241
42296
8655
19494
12817
56996
47549
475
10866
6354
27420
45538
22288
5387
4890
2598
10164
12174
1210
363
55065
5574
4841
1940
1330
10234
3321
4795
13734
20311
25132
12545
16067
56549
38027
10594
14938
12569
14231
18468
983
34042
648
46506
36489
44530
4
16394
5118
24406
53703
3067
9033
21641
15854
5984
2173
56887
6326
68608
7291
3755
12260
42727
3825
5003
19507
38099
70052
36578
52051
40372
16189
63901
50121
4265
1758
45755
2899
19509
19161
1896
17260
7852
398
1025
11
1949
22278
55342
40787
36461
16086
24454
1772
6439
15
2916
35387
254
8177
4165
22735
3570
29451
322
12634
10071
64076
36102
13496
4007
12223
35164
38133
500
1127
799
21912
54246
25575
2969
61045
5344
34251
31906
4256
18494
6186
16562
20515
32166
8354
13059
8254
780
5869
21744
56179
33199
9711
9591
69101
2408
6176
21992
8955
1189
13451
9946
49144
16652
9349
44851
26690
8770
5506
49778
39504
10214
814
51557
3468
47546
15255
35668
34234
6599
25279
68669
15996
28053
47953
37084
12212
17459
70567
54139
53232
52609
28008
14750
3078
33676
17867
33208
22110
31238
2123
56680
6903
618
12426
41695
6957
7728
4088
14229
10589
15918
41775
48053
53515
13244
3483
675
22862
5246
2217
5153
3956
13958
26101
12804
56653
40306
51672
31657
34766
8579
67445
70053
4850
27425
3098
4414
6234
1031
13058
41519
22602
24792
1923
44154
11546
20945
1007
1203
49414
24626
12890
10316
6288
1647
44524
15193
1
2695
41997
6864
30612
13074
7779
32778
6415
8674
3773
9389
637
18520
17711
24943
11490
3410
46672
13116
50342
6
20085
30344
16125
6740
31786
12255
11444
1676
6406
10949
30477
27076
2902
2717
10050
2233
29719
36860
40818
12109
23873
49215
21977
37898
24442
8109
2214
2907
4584
26177
11550
15932
12949
43613
2199
23159
25790
37317
30761
13095
49107
4589
2547
3752
4505
5925
1149
51257
24294
2425
39682
7732
6484
54331
1
7525
20979
39627
9260
3904
20883
1
54938
18765
5730
1794
3
36466
34527
2777
14008
2902
218
40555
2004
6475
42565
44632
19247
14774
11553
10022
29242
3039
790
366
11243
42844
15941
9942
28997
1743
26485
1545
7323
39112
7515
28093
6913
4
2788
32855
11855
907
2945
4105
7807
7005
2394
65718
8512
12
1376
9638
2055
10166
5063
62143
1027
46599
38734
2975
16429
12110
8529
26393
3509
43803
25609
50637
5481
45938
13065
35409
24402
27217
13605
20474
46344
12347
592
21191
9667
4435
10234
9
2433
34029
58971
24256
71930
18590
27827
6539
71121
5
1605
2674
1227
45892
10593
35393
13260
19060
32937
46290
3282
9962
7118
6907
13200
33869
9016
1300
4537
16660
3
11307
18198
43073
19377
17137
18270
22784
32406
12869
29538
30961
35212
3432
2390
6056
31917
1549
37812
3434
3414
14255
1741
22079
43064
51069
22662
25162
1396
23080
525
2608
5664
10493
12616
9872
1541
41006
68426
9127
2215
1487
4317
8457
34989
11863
841
9229
23474
3027
7447
77860
28543
63357
29687
66266
26277
2070
17429
326
22959
19269
2907
19673
43860
415
1363
20390
10934
18268
11214
13045
4537
28813
40872
28359
1455
8483
51832
20550
21852
1306
3905
753
26695
13825
59264
4085
43608
41836
12537
32785
8587
457
6725
6592
11763
316
19951
7819
46253
16504
14616
51693
1201
76286
3288
575
575
630
16943
14725
35383
6569
13547
18368
51832
60650
893
11921
18953
2971
14064
2681
7015
1050
21565
17888
54559
16293
46758
8221
785
27995
28072
6830
30341
32115
46404
18
4575
8640
13079
12101
4388
51587
56586
5207
35922
7637
411
42768
55205
129
13106
18070
1542
34183
11960
9154
54016
21099
72902
32375
3314
3897
13614
26446
21240
43128
3343
19725
27970
1784
10782
1058
16576
1265
2773
9801
5092
16565
2485
38931
3364
10888
19461
53389
18103
11354
19145
5380
33975
20620
11013
27787
19316
26721
6747
20252
2820
33806
18232
698
3262
7208
65490
14797
37537
19231
5264
8406
4144
13617
9101
64740
20522
41608
6926
4439
5101
7116
3458
21903
31896
12480
18873
6612
4544
15306
8296
13267
5220
19394
14474
33191
2824
9331
717
8278
20894
37218
12025
16269
3131
11653
4351
1
17799
14918
34673
23934
29713
18118
31593
12722
31699
70710
33430
25292
29720
2157
1398
29550
15625
17796
3466
1118
51941
5994
45797
15172
2651
37269
1416
17732
23310
9997
17479
37899
48904
5080
18229
30150
18247
24848
58219
10067
4
24324
6027
22997
11258
22016
19387
6004
2285
10473
30940
3
14484
16288
33076
52277
1785
46276
53902
15905
13951
8979
10641
1224
1
12717
29282
1836
1640
223
1712
2854
71184
7221
6947
8644
17603
42426
618
38092
32
24221
2195
12240
33188
8309
9482
51057
1218
42473
20695
15708
45893
8924
17
16093
56641
23344
48844
21758
11554
35761
4593
1400
42788
5263
22504
29474
21969
11715
41978
10008
18186
10341
8746
56977
928
28601
19547
26092
6819
12584
16534
4588
29225
13908
2877
39326
36619
29924
1754
2612
2592
648
7423
39971
8216
14698
34347
42472
11594
41098
2260
21697
9096
2332
316
10153
35043
35510
6260
3422
9240
14730
2839
34657
11202
60592
8507
37
26157
4580
4334
2014
15089
6473
3628
4327
23833
31751
58191
47663
11150
46428
7142
17595
3677
51987
6364
727
13479
1948
443
7208
422
28323
49510
8648
67986
40078
5713
42949
2651
6204
44965
40859
1312
13946
2640
15298
8893
12253
64865
15883
3068
7704
34531
4034
21397
16994
629
431
65266
2197
65067
3079
21905
27172
8991
54748
6485
3840
62863
22280
29515
30760
33044
1468
35331
13662
15318
7240
59193
21472
29563
23126
52
41244
2794
24486
23372
1903
2039
20017
11930
29733
57479
7534
8074
5757
35296
7216
13223
6015
45877
8859
4823
20884
14530
35357
12108
51119
9784
15313
1325
14077
8394
57993
2139
27853
62237
3188
38948
12055
55343
18391
2098
20421
54009
7553
33489
21938
10562
2780
4650
18570
43902
13068
53687
11042
66359
21256
333
11785
557
2770
17098
2488
28970
3730
22336
2904
27495
25482
68462
11566
345
17139
8401
56923
19527
4383
35744
45231
4676
3176
8892
4152
22056
20154
14978
57875
11069
18284
5918
44183
65463
35205
19857
43514
16031
3831
29534
17714
11396
34493
13429
33948
1025
556
486
41826
3895
1190
18009
55800
4886
14617
14713
6084
34807
32629
23126
6821
4395
31139
12725
36298
2500
20616
19304
21544
46725
26182
11481
61318
1533
54419
43028
18776
66366
33919
9650
8195
18545
1908
14548
1541
2312
62391
3569
7
6764
2607
41847
20881
22239
4944
4103
12991
4061
1748
13658
21352
25196
61829
2116
8751
1
6006
318
3301
6929
2553
47293
3702
16394
28172
6908
2626
58930
280
42028
50340
27276
55476
2494
1724
3921
14608
38618
25383
54757
41691
1222
33225
7856
22770
56292
11878
41896
4368
69232
52702
25888
17710
35723
16734
67749
11523
3724
9400
323
743
9970
1706
24826
41687
13685
14426
12869
68575
5357
2420
1802
4643
29650
27119
1237
13137
4
31529
658
5951
1803
6146
45341
76894
39359
17756
9981
5301
16628
26603
11774
35356
2896
2173
6895
71
56072
35722
6311
18405
37583
3467
13590
24827
46372
8743
10017
15296
12300
54301
27893
3
943
1
18698
22177
20564
276
65041
13801
539
9811
8164
24061
7834
13816
27680
22702
1281
9130
1846
3603
9745
6570
38066
15301
2231
341
6189
1550
18661
2662
7382
32347
3597
47099
40218
31902
7312
19177
45580
55411
45751
41914
483
34761
20089
39735
1651
67311
1854
17373
6410
2299
29531
18647
10781
47686
43478
11844
11022
26829
16748
646
13474
3381
33423
6358
9832
3250
33583
12587
21736
7266
6067
33098
21017
29241
6132
3493
19733
33406
11427
3108
1
750
4485
18773
1236
21396
1307
6320
4413
1234
25549
55468
32345
23293
10830
3
27796
2939
40868
76411
2495
8232
32143
44589
9310
53952
62329
8579
2283
2480
35400
9732
39061
249
19712
1256
82
2676
8991
33992
13843
6243
29141
42711
47538
12728
48424
39070
21138
3955
11596
8968
39826
9033
25159
18706
4304
15080
16
4657
70630
8949
58174
11386
3453
27381
13773
25497
26504
3558
963
4409
253
32896
6419
8312
11781
6271
40585
12666
33698
5152
8
20770
309
23710
8812
56644
3
26858
24101
11539
11040
65468
4709
245
6411
14550
38279
6683
25276
17535
1629
2025
31124
24871
28310
6914
27981
44640
7636
6699
14660
4106
34361
13618
4109
960
16469
39712
27780
29251
29335
36824
5180
9064
6215
14319
10407
4012
2524
20581
39469
30331
38807
11742
6900
2568
22856
4587
286
27882
8302
15513
29908
4249
33515
14479
42876
14834
6201
15895
21771
39545
336
3787
3793
53181
14123
47584
10607
34783
29485
27858
51688
3124
14937
20796
41024
19460
35847
33214
13372
13681
795
46780
937
14253
20735
1315
9703
13710
24700
3879
64197
20460
45978
5513
46179
30276
18602
3248
1637
4
30
56706
394
1310
31464
7161
22699
30482
34579
6712
22550
46064
66008
387
38353
53082
61943
44891
364
50292
3220
38456
55935
25987
6444
50916
19836
14392
3463
19336
41093
11428
27173
65388
53325
3961
9790
3046
20140
23096
34865
5105
42537
20056
10603
18141
6729
32522
26355
22282
9775
6697
49563
24893
12966
1736
74509
12552
30602
4318
16639
21988
1823
3820
5667
22253
62831
43263
6008
14664
2791
55680
4678
19995
18155
18258
5469
36852
31533
46204
16795
12702
39266
6436
19528
30790
53877
8460
4410
2257
34525
16033
48565
22903
1779
11136
16209
12613
79
33593
18693
23490
25307
27584
12183
2631
36539
2990
43671
38870
23767
2942
14973
7678
8267
65947
30128
29934
24246
44816
8180
5108
43775
65119
2631
7116
21565
1094
14089
16527
11688
26782
3939
428
10088
1909
3755
43227
7893
5868
16748
187
4760
32834
41517
4626
13693
14797
27496
21268
19073
454
58023
40714
43345
47708
13328
54968
6044
24130
25389
1830
12535
70501
7504
46009
17020
781
20021
4250
65591
34817
2969
14692
22764
15
48925
23039
9998
2627
365
13911
26896
67070
5336
28271
21544
23517
57895
8748
1100
2800
34436
43686
1338
2205
9467
1052
29174
16600
14490
6952
33557
20073
34681
24562
709
14459
40497
39280
13454
4024
13115
22208
37438
3649
16695
800
66
302
6612
44295
35848
26159
9186
50439
49242
1604
12441
44908
35031
772
29437
2183
67774
1
14084
22081
2696
12127
46453
7503
1910
2066
8490
2192
19187
9000
1613
20555
11351
6591
24262
2394
11110
29144
30831
49288
27368
5405
16848
24568
28663
7724
39827
5398
7328
24259
25496
40041
37797
14012
31486
330
2365
25482
39212
39389
13695
5513
4608
8035
1057
4165
9676
7109
64380
2509
24699
68980
12990
8179
4794
2162
54287
13048
28168
17430
26437
5466
1400
12238
8562
14282
41362
16383
36447
36717
30812
27592
1939
9426
26588
5551
2746
1
7162
5762
30448
13174
20028
21183
5499
1004
1783
12676
5096
7569
982
7398
22787
16029
11498
851
18535
1094
1128
24355
15342
3239
4020
24639
27684
9107
35038
9833
40309
13953
6662
10561
1
1024
47095
35042
9468
1852
25296
21738
33040
5567
23394
20239
20378
16968
7072
12365
5162
7504
9268
59526
9661
19514
7712
16486
12736
8674
32277
1099
39986
16178
51510
39002
8017
358
25538
56228
61921
12331
486
45313
33468
2081
21724
2965
13446
9028
42497
41343
7745
35603
6953
37113
13430
18186
40904
28155
277
26583
11438
25938
3636
6613
28555
26507
53586
8252
35979
39327
644
4914
27648
39329
17
69969
10129
14139
4215
1629
67699
4320
14694
4542
19545
18249
351
26489
41708
2949
6060
2533
45208
657
43801
2525
51311
5327
1670
770
5019
11914
39349
22990
29356
24439
1794
6569
39035
1227
2101
12370
23143
733
976
7220
1288
42698
5458
12518
16106
23912
17876
1033
26967
10690
11432
20031
1060
44094
6435
28665
3945
11613
11313
11965
28267
10961
8546
7728
49469
4140
44923
460
4379
22120
4252
11666
5806
14604
14212
14434
32011
26167
22419
44727
8284
20191
23261
5895
25733
11204
4588
4282
19692
11064
44551
8110
5624
5313
8607
15361
18895
2578
13138
77347
24850
35204
35793
41276
24485
19142
6682
3276
1806
8883
3617
44333
16110
5091
2905
33499
20742
13873
21132
6456
188
18668
19414
44485
8454
46193
1230
55552
28361
3
2759
34084
44398
4526
16603
9789
57515
52159
18088
9275
20479
45641
38406
3631
71156
13957
37032
62208
40842
54577
6322
25376
5441
21736
17299
23
3317
50247
12918
22310
27152
10965
5316
12033
3319
38055
66035
15730
17061
55769
15558
8264
168
22325
20589
16585
19830
8435
10074
40594
19876
31250
3178
13449
46322
44535
16048
33675
2777
60123
17093
33681
8326
15169
8887
50492
25807
4155
12514
35652
5089
6314
3767
25676
69725
39997
2499
9491
33755
5377
7969
33927
49550
7406
8177
1116
8886
20640
22555
3639
12423
31072
6609
3
1
12728
13125
3781
18070
18227
6364
6583
1937
3049
1530
54911
3006
7603
25299
48961
44813
55322
21190
6883
19663
49151
57394
27730
20255
20259
11864
5915
28789
37933
24871
5977
2509
44606
21692
21812
45739
26749
4894
11641
7861
37791
22087
39485
29784
39292
4441
40075
21093
6305
29416
7147
53111
1594
969
18843
1501
3257
9934
1530
1095
1840
2203
6850
9603
6935
8780
33101
51580
13504
12932
15287
423
50813
54232
13166
1108
24425
9101
6163
16172
2693
48916
14605
53321
27450
6473
2791
2119
365
14450
34695
19903
5172
59496
8671
4027
7733
26732
17749
45752
11010
2598
35448
17004
20300
4937
18385
32735
1182
614
3356
27309
35908
26864
10073
24588
47879
49695
19139
41442
61586
2963
5921
61249
14388
3375
4742
36101
14918
25251
7944
30321
15326
2836
57675
17024
45593
38960
12533
3337
35706
8325
19666
35224
45606
12704
35867
33560
24837
394
24839
41116
502
15566
47973
37952
35113
6287
37123
9272
23567
2932
2299
24149
27498
2915
18400
13629
43365
17687
21
25538
595
1472
19227
35857
9383
2567
10915
1062
34450
2645
33357
13205
7986
26311
62806
1248
9278
2875
41166
7488
17152
25033
6444
9804
29
532
40303
40718
14555
23177
38250
24951
13439
49247
4497
1070
17002
7883
22031
15539
22818
22127
21987
37452
40721
2739
22874
16729
35980
43251
28484
45647
61825
4428
60786
9456
61006
44791
17326
16247
14166
8975
53712
13655
5503
19405
14063
36914
19009
10446
11444
41800
45439
2986
15485
10536
5995
25425
21273
6049
25220
28081
36521
56459
4254
54137
39294
3451
35785
13551
24014
8553
18570
57175
5130
878
50582
23989
1545
16942
19955
42391
29540
8820
23782
63342
40379
9194
1746
15052
17143
23406
24423
30604
11839
12
1102
23696
3603
66170
60175
10431
14295
6461
36562
31113
53315
1210
42879
36033
13536
49670
22356
7086
6097
13997
19122
3724
16712
68125
10699
63806
15124
2311
2012
3207
2551
36348
10486
5236
12898
21760
5801
7303
3385
12666
30863
9316
5030
9986
12909
5765
50377
8831
58325
12588
15456
58003
40087
918
49498
54807
52687
683
47543
21354
10099
6118
21228
42934
6050
2033
8414
1684
648
64585
29984
32583
4177
403
26500
22833
9831
45387
14971
55222
4528
9568
35950
885
13900
67336
2744
8318
37870
17041
16075
1177
18569
22443
2798
27872
96
9893
1156
11652
21266
11612
4480
38214
16857
36523
40263
43434
32149
386
57807
40865
34814
21629
52375
10704
50939
11215
53804
22381
43704
45505
6239
13617
7057
3162
7592
4801
28538
24659
8629
21010
40473
51266
1316
26
26947
34749
12239
14312
443
22
4890
23988
3105
10337
49110
36105
49931
43150
19966
9553
6171
9772
5964
7625
14772
6811
6444
23807
36646
2480
14737
45467
35743
32581
42648
5474
1798
9043
43276
32752
17923
31148
16014
29255
45447
2147
18360
9570
328
13089
23197
2356
54303
6037
45385
25946
8748
1
39443
30409
41329
10543
11121
42404
41669
59042
24755
53983
45855
14643
35694
7552
8826
1
17018
16064
15344
16730
7270
1131
12883
15805
10575
34013
1255
43965
24429
14172
36514
9182
5022
1757
61970
7023
37034
14906
16090
53211
29397
37907
5143
7184
28881
54705
21611
15034
411
54352
2494
31203
6059
349
34146
3
23449
67459
11362
14321
61786
52327
26769
7299
5104
51229
1290
14060
17707
8508
15319
23595
9577
5053
2071
2814
1915
1567
690
24859
10780
1747
11408
9817
9621
9881
23839
11929
1658
625
479
41794
54889
9494
4898
26844
7148
8849
7814
12118
39540
22473
656
13365
10260
26878
7281
71375
27286
19582
4125
10248
56689
44692
16760
1343
50543
36920
32136
10182
53140
42742
20966
47921
37624
20653
7519
6604
18769
24765
10252
55656
57536
394
10722
23001
16879
21523
11543
16011
7055
56691
13581
9254
21073
23330
12285
1291
2758
3209
8196
47628
28453
28671
8920
17607
32675
31940
37340
3351
10240
6749
17722
51212
11636
10579
8421
783
39797
27067
20438
834
16685
35932
58437
12262
2861
8208
20387
46940
4678
12616
53163
